id	url	kind	items	name	name_ja	collector	category	lang	tags	interval	description	verified	verified_note
us-data-boston-gov-datasets	https://data.boston.gov/api/3/action/package_search?rows=100	json:result.results		Analyze Boston — datasets (United States)		us_opendata	opendata	en	us,ckan,opendata,datasets	86400	Dataset catalogue: title, notes, organization, licence, tags, resource list and modification dates for every published dataset. Served by the CKAN platform at data.boston.gov.	no	pending-probe
us-data-boston-gov-orgs	https://data.boston.gov/api/3/action/organization_list?all_fields=true	json:result		Analyze Boston — orgs (United States)		us_opendata	opendata	en	us,ckan,opendata,orgs	86400	Every publishing organisation on the portal with its title, description, package count and image. Served by the CKAN platform at data.boston.gov.	no	pending-probe
us-data-boston-gov-groups	https://data.boston.gov/api/3/action/group_list?all_fields=true	json:result		Analyze Boston — groups (United States)		us_opendata	opendata	en	us,ckan,opendata,groups	86400	Thematic groups/collections declared by the portal. Served by the CKAN platform at data.boston.gov.	no	pending-probe
us-data-boston-gov-tags	https://data.boston.gov/api/3/action/tag_list	json:result		Analyze Boston — tags (United States)		us_opendata	opendata	en	us,ckan,opendata,tags	86400	The portal's full controlled vocabulary of dataset tags. Served by the CKAN platform at data.boston.gov.	no	pending-probe
us-data-boston-gov-activity	https://data.boston.gov/api/3/action/recently_changed_packages_activity_list?limit=100	json:result		Analyze Boston — activity (United States)		us_opendata	opendata	en	us,ckan,opendata,activity	86400	Recent publish/update activity — what this authority changed and when, which is the change-detection signal behind the catalogue. Served by the CKAN platform at data.boston.gov.	no	pending-probe
us-data-boston-gov-org-archives-and-record-management-org	https://data.boston.gov/api/3/action/package_search?fq=organization:archives-and-record-management-org&rows=100	json:result.results		Analyze Boston — org-archives-and-record-management-org (United States)		us_opendata	opendata	en	us,ckan,opendata,org-archives-and-record-management-org	86400	Everything published by Archives and Record Management on this portal: every dataset with its resources, licence, tags and last-modified date. Served by the CKAN platform at data.boston.gov.	no	pending-probe
us-data-boston-gov-org-assessing-department-org	https://data.boston.gov/api/3/action/package_search?fq=organization:assessing-department-org&rows=100	json:result.results		Analyze Boston — org-assessing-department-org (United States)		us_opendata	opendata	en	us,ckan,opendata,org-assessing-department-org	86400	Everything published by Assessing Department on this portal: every dataset with its resources, licence, tags and last-modified date. Served by the CKAN platform at data.boston.gov.	no	pending-probe
us-data-boston-gov-org-boston-311-org	https://data.boston.gov/api/3/action/package_search?fq=organization:boston-311-org&rows=100	json:result.results		Analyze Boston — org-boston-311-org (United States)		us_opendata	opendata	en	us,ckan,opendata,org-boston-311-org	86400	Everything published by Boston 311 on this portal: every dataset with its resources, licence, tags and last-modified date. Served by the CKAN platform at data.boston.gov.	no	pending-probe
us-data-boston-gov-org-boston-centers-for-youth-families-org	https://data.boston.gov/api/3/action/package_search?fq=organization:boston-centers-for-youth-families-org&rows=100	json:result.results		Analyze Boston — org-boston-centers-for-youth-families-org (United States)		us_opendata	opendata	en	us,ckan,opendata,org-boston-centers-for-youth-families-org	86400	Everything published by Boston Centers for Youth & Families on this portal: every dataset with its resources, licence, tags and last-modified date. Served by the CKAN platform at data.boston.gov.	no	pending-probe
us-data-boston-gov-org-boston-ems-org	https://data.boston.gov/api/3/action/package_search?fq=organization:boston-ems-org&rows=100	json:result.results		Analyze Boston — org-boston-ems-org (United States)		us_opendata	opendata	en	us,ckan,opendata,org-boston-ems-org	86400	Everything published by Boston Emergency Medical Services on this portal: every dataset with its resources, licence, tags and last-modified date. Served by the CKAN platform at data.boston.gov.	no	pending-probe
us-data-boston-gov-org-boston-fire-department-org	https://data.boston.gov/api/3/action/package_search?fq=organization:boston-fire-department-org&rows=100	json:result.results		Analyze Boston — org-boston-fire-department-org (United States)		us_opendata	opendata	en	us,ckan,opendata,org-boston-fire-department-org	86400	Everything published by Boston Fire Department on this portal: every dataset with its resources, licence, tags and last-modified date. Served by the CKAN platform at data.boston.gov.	no	pending-probe
us-data-boston-gov-org-boston-licensing-board	https://data.boston.gov/api/3/action/package_search?fq=organization:boston-licensing-board&rows=100	json:result.results		Analyze Boston — org-boston-licensing-board (United States)		us_opendata	opendata	en	us,ckan,opendata,org-boston-licensing-board	86400	Everything published by Boston Licensing Board on this portal: every dataset with its resources, licence, tags and last-modified date. Served by the CKAN platform at data.boston.gov.	no	pending-probe
us-data-boston-gov-org-boston-maps	https://data.boston.gov/api/3/action/package_search?fq=organization:boston-maps&rows=100	json:result.results		Analyze Boston — org-boston-maps (United States)		us_opendata	opendata	en	us,ckan,opendata,org-boston-maps	86400	Everything published by Boston Maps on this portal: every dataset with its resources, licence, tags and last-modified date. Served by the CKAN platform at data.boston.gov.	no	pending-probe
us-data-boston-gov-org-boston-police-department-org	https://data.boston.gov/api/3/action/package_search?fq=organization:boston-police-department-org&rows=100	json:result.results		Analyze Boston — org-boston-police-department-org (United States)		us_opendata	opendata	en	us,ckan,opendata,org-boston-police-department-org	86400	Everything published by Boston Police Department on this portal: every dataset with its resources, licence, tags and last-modified date. Served by the CKAN platform at data.boston.gov.	no	pending-probe
us-data-boston-gov-org-boston-public-library-org	https://data.boston.gov/api/3/action/package_search?fq=organization:boston-public-library-org&rows=100	json:result.results		Analyze Boston — org-boston-public-library-org (United States)		us_opendata	opendata	en	us,ckan,opendata,org-boston-public-library-org	86400	Everything published by Boston Public Library on this portal: every dataset with its resources, licence, tags and last-modified date. Served by the CKAN platform at data.boston.gov.	no	pending-probe
us-data-boston-gov-org-boston-public-schools	https://data.boston.gov/api/3/action/package_search?fq=organization:boston-public-schools&rows=100	json:result.results		Analyze Boston — org-boston-public-schools (United States)		us_opendata	opendata	en	us,ckan,opendata,org-boston-public-schools	86400	Everything published by Boston Public Schools on this portal: every dataset with its resources, licence, tags and last-modified date. Served by the CKAN platform at data.boston.gov.	no	pending-probe
us-data-boston-gov-org-boston-transportation-department-org	https://data.boston.gov/api/3/action/package_search?fq=organization:boston-transportation-department-org&rows=100	json:result.results		Analyze Boston — org-boston-transportation-department-org (United States)		us_opendata	opendata	en	us,ckan,opendata,org-boston-transportation-department-org	86400	Everything published by Boston Transportation Department on this portal: every dataset with its resources, licence, tags and last-modified date. Served by the CKAN platform at data.boston.gov.	no	pending-probe
us-data-boston-gov-org-boston-water-and-sewer-commission-org	https://data.boston.gov/api/3/action/package_search?fq=organization:boston-water-and-sewer-commission-org&rows=100	json:result.results		Analyze Boston — org-boston-water-and-sewer-commission-org (United States)		us_opendata	opendata	en	us,ckan,opendata,org-boston-water-and-sewer-commission-org	86400	Everything published by Boston Water and Sewer Commission on this portal: every dataset with its resources, licence, tags and last-modified date. Served by the CKAN platform at data.boston.gov.	no	pending-probe
us-data-boston-gov-org-city-clerk	https://data.boston.gov/api/3/action/package_search?fq=organization:city-clerk&rows=100	json:result.results		Analyze Boston — org-city-clerk (United States)		us_opendata	opendata	en	us,ckan,opendata,org-city-clerk	86400	Everything published by City Clerk on this portal: every dataset with its resources, licence, tags and last-modified date. Served by the CKAN platform at data.boston.gov.	no	pending-probe
us-data-boston-gov-org-data-cityofboston-gov	https://data.boston.gov/api/3/action/package_search?fq=organization:data-cityofboston-gov&rows=100	json:result.results		Analyze Boston — org-data-cityofboston-gov (United States)		us_opendata	opendata	en	us,ckan,opendata,org-data-cityofboston-gov	86400	Everything published by City of Boston on this portal: every dataset with its resources, licence, tags and last-modified date. Served by the CKAN platform at data.boston.gov.	no	pending-probe
us-data-boston-gov-org-city-of-boston-archaeology-program-org	https://data.boston.gov/api/3/action/package_search?fq=organization:city-of-boston-archaeology-program-org&rows=100	json:result.results		Analyze Boston — org-city-of-boston-archaeology-program-org (United States)		us_opendata	opendata	en	us,ckan,opendata,org-city-of-boston-archaeology-program-org	86400	Everything published by City of Boston Archaeology Program on this portal: every dataset with its resources, licence, tags and last-modified date. Served by the CKAN platform at data.boston.gov.	no	pending-probe
us-data-boston-gov-org-consumer-affairs-and-licensing-departmen	https://data.boston.gov/api/3/action/package_search?fq=organization:consumer-affairs-and-licensing-department-org&rows=100	json:result.results		Analyze Boston — org-consumer-affairs-and-licensing-departmen (United States)		us_opendata	opendata	en	us,ckan,opendata,org-consumer-affairs-and-licensing-departmen	86400	Everything published by Consumer Affairs and Licensing Department on this portal: every dataset with its resources, licence, tags and last-modified date. Served by the CKAN platform at data.boston.gov.	no	pending-probe
us-data-boston-gov-org-department-of-innovation-and-technology-	https://data.boston.gov/api/3/action/package_search?fq=organization:department-of-innovation-and-technology-org&rows=100	json:result.results		Analyze Boston — org-department-of-innovation-and-technology- (United States)		us_opendata	opendata	en	us,ckan,opendata,org-department-of-innovation-and-technology-	86400	Everything published by Department of Innovation and Technology on this portal: every dataset with its resources, licence, tags and last-modified date. Served by the CKAN platform at data.boston.gov.	no	pending-probe
us-data-boston-gov-org-doit-data-analytics-org	https://data.boston.gov/api/3/action/package_search?fq=organization:doit-data-analytics-org&rows=100	json:result.results		Analyze Boston — org-doit-data-analytics-org (United States)		us_opendata	opendata	en	us,ckan,opendata,org-doit-data-analytics-org	86400	Everything published by DoIT Data & Analytics on this portal: every dataset with its resources, licence, tags and last-modified date. Served by the CKAN platform at data.boston.gov.	no	pending-probe
us-data-boston-gov-org-election-department-org	https://data.boston.gov/api/3/action/package_search?fq=organization:election-department-org&rows=100	json:result.results		Analyze Boston — org-election-department-org (United States)		us_opendata	opendata	en	us,ckan,opendata,org-election-department-org	86400	Everything published by Election Department on this portal: every dataset with its resources, licence, tags and last-modified date. Served by the CKAN platform at data.boston.gov.	no	pending-probe
us-data-boston-gov-org-environment-department-org	https://data.boston.gov/api/3/action/package_search?fq=organization:environment-department-org&rows=100	json:result.results		Analyze Boston — org-environment-department-org (United States)		us_opendata	opendata	en	us,ckan,opendata,org-environment-department-org	86400	Everything published by Environment Department on this portal: every dataset with its resources, licence, tags and last-modified date. Served by the CKAN platform at data.boston.gov.	no	pending-probe
us-data-boston-gov-org-equity-inclusion	https://data.boston.gov/api/3/action/package_search?fq=organization:equity-inclusion&rows=100	json:result.results		Analyze Boston — org-equity-inclusion (United States)		us_opendata	opendata	en	us,ckan,opendata,org-equity-inclusion	86400	Everything published by Equity & Inclusion on this portal: every dataset with its resources, licence, tags and last-modified date. Served by the CKAN platform at data.boston.gov.	no	pending-probe
us-data-boston-gov-org-fair-housing-and-equity-org	https://data.boston.gov/api/3/action/package_search?fq=organization:fair-housing-and-equity-org&rows=100	json:result.results		Analyze Boston — org-fair-housing-and-equity-org (United States)		us_opendata	opendata	en	us,ckan,opendata,org-fair-housing-and-equity-org	86400	Everything published by Fair Housing and Equity on this portal: every dataset with its resources, licence, tags and last-modified date. Served by the CKAN platform at data.boston.gov.	no	pending-probe
us-data-boston-gov-org-inspectional-services-department-org	https://data.boston.gov/api/3/action/package_search?fq=organization:inspectional-services-department-org&rows=100	json:result.results		Analyze Boston — org-inspectional-services-department-org (United States)		us_opendata	opendata	en	us,ckan,opendata,org-inspectional-services-department-org	86400	Everything published by Inspectional Services Department on this portal: every dataset with its resources, licence, tags and last-modified date. Served by the CKAN platform at data.boston.gov.	no	pending-probe
us-data-boston-gov-org-intergovernmental-relations-org	https://data.boston.gov/api/3/action/package_search?fq=organization:intergovernmental-relations-org&rows=100	json:result.results		Analyze Boston — org-intergovernmental-relations-org (United States)		us_opendata	opendata	en	us,ckan,opendata,org-intergovernmental-relations-org	86400	Everything published by Intergovernmental Relations on this portal: every dataset with its resources, licence, tags and last-modified date. Served by the CKAN platform at data.boston.gov.	no	pending-probe
us-data-boston-gov-org-mayor-s-office-org	https://data.boston.gov/api/3/action/package_search?fq=organization:mayor-s-office-org&rows=100	json:result.results		Analyze Boston — org-mayor-s-office-org (United States)		us_opendata	opendata	en	us,ckan,opendata,org-mayor-s-office-org	86400	Everything published by Mayor's Office on this portal: every dataset with its resources, licence, tags and last-modified date. Served by the CKAN platform at data.boston.gov.	no	pending-probe
us-data-boston-gov-org-mayor-s-office-for-immigrant-advancement	https://data.boston.gov/api/3/action/package_search?fq=organization:mayor-s-office-for-immigrant-advancement-org&rows=100	json:result.results		Analyze Boston — org-mayor-s-office-for-immigrant-advancement (United States)		us_opendata	opendata	en	us,ckan,opendata,org-mayor-s-office-for-immigrant-advancement	86400	Everything published by Mayor's Office for Immigrant Advancement on this portal: every dataset with its resources, licence, tags and last-modified date. Served by the CKAN platform at data.boston.gov.	no	pending-probe
us-data-boston-gov-org-mayor-s-office-of-emergency-management-s	https://data.boston.gov/api/3/action/package_search?fq=organization:mayor-s-office-of-emergency-management-services-org&rows=100	json:result.results		Analyze Boston — org-mayor-s-office-of-emergency-management-s (United States)		us_opendata	opendata	en	us,ckan,opendata,org-mayor-s-office-of-emergency-management-s	86400	Everything published by Mayor's Office of Emergency Management Services on this portal: every dataset with its resources, licence, tags and last-modified date. Served by the CKAN platform at data.boston.gov.	no	pending-probe
us-data-boston-gov-org-mayors-office-of-housing	https://data.boston.gov/api/3/action/package_search?fq=organization:mayors-office-of-housing&rows=100	json:result.results		Analyze Boston — org-mayors-office-of-housing (United States)		us_opendata	opendata	en	us,ckan,opendata,org-mayors-office-of-housing	86400	Everything published by Mayor's Office of Housing on this portal: every dataset with its resources, licence, tags and last-modified date. Served by the CKAN platform at data.boston.gov.	no	pending-probe
us-data-boston-gov-org-mayor-s-office-of-new-urban-mechanics	https://data.boston.gov/api/3/action/package_search?fq=organization:mayor-s-office-of-new-urban-mechanics&rows=100	json:result.results		Analyze Boston — org-mayor-s-office-of-new-urban-mechanics (United States)		us_opendata	opendata	en	us,ckan,opendata,org-mayor-s-office-of-new-urban-mechanics	86400	Everything published by Mayor's Office of New Urban Mechanics on this portal: every dataset with its resources, licence, tags and last-modified date. Served by the CKAN platform at data.boston.gov.	no	pending-probe
us-data-boston-gov-org-womens-advancement	https://data.boston.gov/api/3/action/package_search?fq=organization:womens-advancement&rows=100	json:result.results		Analyze Boston — org-womens-advancement (United States)		us_opendata	opendata	en	us,ckan,opendata,org-womens-advancement	86400	Everything published by Mayor's Office of Women's Advancement on this portal: every dataset with its resources, licence, tags and last-modified date. Served by the CKAN platform at data.boston.gov.	no	pending-probe
us-data-boston-gov-org-neighborhood-services-org	https://data.boston.gov/api/3/action/package_search?fq=organization:neighborhood-services-org&rows=100	json:result.results		Analyze Boston — org-neighborhood-services-org (United States)		us_opendata	opendata	en	us,ckan,opendata,org-neighborhood-services-org	86400	Everything published by Neighborhood Services on this portal: every dataset with its resources, licence, tags and last-modified date. Served by the CKAN platform at data.boston.gov.	no	pending-probe
us-data-boston-gov-org-office-of-arts-culture-org	https://data.boston.gov/api/3/action/package_search?fq=organization:office-of-arts-culture-org&rows=100	json:result.results		Analyze Boston — org-office-of-arts-culture-org (United States)		us_opendata	opendata	en	us,ckan,opendata,org-office-of-arts-culture-org	86400	Everything published by Office of Arts & Culture on this portal: every dataset with its resources, licence, tags and last-modified date. Served by the CKAN platform at data.boston.gov.	no	pending-probe
us-data-boston-gov-org-office-of-budget-management	https://data.boston.gov/api/3/action/package_search?fq=organization:office-of-budget-management&rows=100	json:result.results		Analyze Boston — org-office-of-budget-management (United States)		us_opendata	opendata	en	us,ckan,opendata,org-office-of-budget-management	86400	Everything published by Office of Budget Management on this portal: every dataset with its resources, licence, tags and last-modified date. Served by the CKAN platform at data.boston.gov.	no	pending-probe
us-data-boston-gov-org-office-of-economic-development-org	https://data.boston.gov/api/3/action/package_search?fq=organization:office-of-economic-development-org&rows=100	json:result.results		Analyze Boston — org-office-of-economic-development-org (United States)		us_opendata	opendata	en	us,ckan,opendata,org-office-of-economic-development-org	86400	Everything published by Office of Economic Development on this portal: every dataset with its resources, licence, tags and last-modified date. Served by the CKAN platform at data.boston.gov.	no	pending-probe
us-data-boston-gov-org-office-of-human-resources-org	https://data.boston.gov/api/3/action/package_search?fq=organization:office-of-human-resources-org&rows=100	json:result.results		Analyze Boston — org-office-of-human-resources-org (United States)		us_opendata	opendata	en	us,ckan,opendata,org-office-of-human-resources-org	86400	Everything published by Office of Human Resources on this portal: every dataset with its resources, licence, tags and last-modified date. Served by the CKAN platform at data.boston.gov.	no	pending-probe
us-data-boston-gov-org-office-of-the-parking-clerk-org	https://data.boston.gov/api/3/action/package_search?fq=organization:office-of-the-parking-clerk-org&rows=100	json:result.results		Analyze Boston — org-office-of-the-parking-clerk-org (United States)		us_opendata	opendata	en	us,ckan,opendata,org-office-of-the-parking-clerk-org	86400	Everything published by Office of the Parking Clerk on this portal: every dataset with its resources, licence, tags and last-modified date. Served by the CKAN platform at data.boston.gov.	no	pending-probe
us-data-boston-gov-org-parks-and-recreation	https://data.boston.gov/api/3/action/package_search?fq=organization:parks-and-recreation&rows=100	json:result.results		Analyze Boston — org-parks-and-recreation (United States)		us_opendata	opendata	en	us,ckan,opendata,org-parks-and-recreation	86400	Everything published by Parks and Recreation on this portal: every dataset with its resources, licence, tags and last-modified date. Served by the CKAN platform at data.boston.gov.	no	pending-probe
us-data-boston-gov-org-boston-planning-development-agency-org	https://data.boston.gov/api/3/action/package_search?fq=organization:boston-planning-development-agency-org&rows=100	json:result.results		Analyze Boston — org-boston-planning-development-agency-org (United States)		us_opendata	opendata	en	us,ckan,opendata,org-boston-planning-development-agency-org	86400	Everything published by Planning Department on this portal: every dataset with its resources, licence, tags and last-modified date. Served by the CKAN platform at data.boston.gov.	no	pending-probe
us-data-boston-gov-org-procurement-org	https://data.boston.gov/api/3/action/package_search?fq=organization:procurement-org&rows=100	json:result.results		Analyze Boston — org-procurement-org (United States)		us_opendata	opendata	en	us,ckan,opendata,org-procurement-org	86400	Everything published by Procurement & Supplier Diversity on this portal: every dataset with its resources, licence, tags and last-modified date. Served by the CKAN platform at data.boston.gov.	no	pending-probe
fr-data-angers-fr-publisher-ville-d-angers	https://data.angers.fr/api/explore/v2.1/catalog/datasets?where=publisher%3D%22Ville%20d%27Angers%22&limit=100	json:results		Angers Loire Metropol Data Catalog — publisher-ville-d-angers (France)		fr_opendata	opendata	fr	fr,ods,opendata,publisher-ville-d-angers	86400	Every dataset on this portal whose publisher is Ville d'Angers — the publisher's full stream, with field schema and record counts. Served by the ODS platform at data.angers.fr.	no	pending-probe
fr-data-angers-fr-publisher-angers-loire-m-tropole	https://data.angers.fr/api/explore/v2.1/catalog/datasets?where=publisher%3D%22Angers%20Loire%20M%C3%A9tropole%22&limit=100	json:results		Angers Loire Metropol Data Catalog — publisher-angers-loire-m-tropole (France)		fr_opendata	opendata	fr	fr,ods,opendata,publisher-angers-loire-m-tropole	86400	Every dataset on this portal whose publisher is Angers Loire Métropole — the publisher's full stream, with field schema and record counts. Served by the ODS platform at data.angers.fr.	no	pending-probe
fr-data-angers-fr-publisher-universit-d-angers	https://data.angers.fr/api/explore/v2.1/catalog/datasets?where=publisher%3D%22Universit%C3%A9%20d%27Angers%22&limit=100	json:results		Angers Loire Metropol Data Catalog — publisher-universit-d-angers (France)		fr_opendata	opendata	fr	fr,ods,opendata,publisher-universit-d-angers	86400	Every dataset on this portal whose publisher is Université d'Angers — the publisher's full stream, with field schema and record counts. Served by the ODS platform at data.angers.fr.	no	pending-probe
fr-data-angers-fr-publisher-air-pays-de-la-loire	https://data.angers.fr/api/explore/v2.1/catalog/datasets?where=publisher%3D%22Air%20Pays%20de%20la%20Loire%22&limit=100	json:results		Angers Loire Metropol Data Catalog — publisher-air-pays-de-la-loire (France)		fr_opendata	opendata	fr	fr,ods,opendata,publisher-air-pays-de-la-loire	86400	Every dataset on this portal whose publisher is Air Pays de la Loire — the publisher's full stream, with field schema and record counts. Served by the ODS platform at data.angers.fr.	no	pending-probe
fr-data-angers-fr-publisher-rd-angers	https://data.angers.fr/api/explore/v2.1/catalog/datasets?where=publisher%3D%22RD%20Angers%22&limit=100	json:results		Angers Loire Metropol Data Catalog — publisher-rd-angers (France)		fr_opendata	opendata	fr	fr,ods,opendata,publisher-rd-angers	86400	Every dataset on this portal whose publisher is RD Angers — the publisher's full stream, with field schema and record counts. Served by the ODS platform at data.angers.fr.	no	pending-probe
fr-data-angers-fr-publisher-alter	https://data.angers.fr/api/explore/v2.1/catalog/datasets?where=publisher%3D%22ALTER%22&limit=100	json:results		Angers Loire Metropol Data Catalog — publisher-alter (France)		fr_opendata	opendata	fr	fr,ods,opendata,publisher-alter	86400	Every dataset on this portal whose publisher is ALTER — the publisher's full stream, with field schema and record counts. Served by the ODS platform at data.angers.fr.	no	pending-probe
fr-data-angers-fr-publisher-angers-loire-restauration	https://data.angers.fr/api/explore/v2.1/catalog/datasets?where=publisher%3D%22Angers%20Loire%20Restauration%22&limit=100	json:results		Angers Loire Metropol Data Catalog — publisher-angers-loire-restauration (France)		fr_opendata	opendata	fr	fr,ods,opendata,publisher-angers-loire-restauration	86400	Every dataset on this portal whose publisher is Angers Loire Restauration — the publisher's full stream, with field schema and record counts. Served by the ODS platform at data.angers.fr.	no	pending-probe
fr-data-angers-fr-publisher-citiz	https://data.angers.fr/api/explore/v2.1/catalog/datasets?where=publisher%3D%22CITIZ%22&limit=100	json:results		Angers Loire Metropol Data Catalog — publisher-citiz (France)		fr_opendata	opendata	fr	fr,ods,opendata,publisher-citiz	86400	Every dataset on this portal whose publisher is CITIZ — the publisher's full stream, with field schema and record counts. Served by the ODS platform at data.angers.fr.	no	pending-probe
fr-data-angers-fr-publisher-ign-angers-loire-m-tropole	https://data.angers.fr/api/explore/v2.1/catalog/datasets?where=publisher%3D%22IGN%20-%20Angers%20Loire%20M%C3%A9tropole%22&limit=100	json:results		Angers Loire Metropol Data Catalog — publisher-ign-angers-loire-m-tropole (France)		fr_opendata	opendata	fr	fr,ods,opendata,publisher-ign-angers-loire-m-tropole	86400	Every dataset on this portal whose publisher is IGN - Angers Loire Métropole — the publisher's full stream, with field schema and record counts. Served by the ODS platform at data.angers.fr.	no	pending-probe
fr-data-angers-fr-publisher-openstreetmap	https://data.angers.fr/api/explore/v2.1/catalog/datasets?where=publisher%3D%22Openstreetmap%22&limit=100	json:results		Angers Loire Metropol Data Catalog — publisher-openstreetmap (France)		fr_opendata	opendata	fr	fr,ods,opendata,publisher-openstreetmap	86400	Every dataset on this portal whose publisher is Openstreetmap — the publisher's full stream, with field schema and record counts. Served by the ODS platform at data.angers.fr.	no	pending-probe
es-opendata-aragon-es-datasets	https://opendata.aragon.es/api/3/action/package_search?rows=100	json:result.results		Aragón Open Data — datasets (Spain)		es_opendata	opendata	es	es,ckan,opendata,datasets	86400	Dataset catalogue: title, notes, organization, licence, tags, resource list and modification dates for every published dataset. Served by the CKAN platform at opendata.aragon.es.	no	pending-probe
es-opendata-aragon-es-orgs	https://opendata.aragon.es/api/3/action/organization_list?all_fields=true	json:result		Aragón Open Data — orgs (Spain)		es_opendata	opendata	es	es,ckan,opendata,orgs	86400	Every publishing organisation on the portal with its title, description, package count and image. Served by the CKAN platform at opendata.aragon.es.	no	pending-probe
es-opendata-aragon-es-groups	https://opendata.aragon.es/api/3/action/group_list?all_fields=true	json:result		Aragón Open Data — groups (Spain)		es_opendata	opendata	es	es,ckan,opendata,groups	86400	Thematic groups/collections declared by the portal. Served by the CKAN platform at opendata.aragon.es.	no	pending-probe
es-opendata-aragon-es-tags	https://opendata.aragon.es/api/3/action/tag_list	json:result		Aragón Open Data — tags (Spain)		es_opendata	opendata	es	es,ckan,opendata,tags	86400	The portal's full controlled vocabulary of dataset tags. Served by the CKAN platform at opendata.aragon.es.	no	pending-probe
es-opendata-aragon-es-activity	https://opendata.aragon.es/api/3/action/recently_changed_packages_activity_list?limit=100	json:result		Aragón Open Data — activity (Spain)		es_opendata	opendata	es	es,ckan,opendata,activity	86400	Recent publish/update activity — what this authority changed and when, which is the change-detection signal behind the catalogue. Served by the CKAN platform at opendata.aragon.es.	no	pending-probe
es-opendata-aragon-es-org-centro-de-investigacion-y-tecnologia-agr	https://opendata.aragon.es/api/3/action/package_search?fq=organization:centro-de-investigacion-y-tecnologia-agroalimentaria-cita&rows=100	json:result.results		Aragón Open Data — org-centro-de-investigacion-y-tecnologia-agr (Spain)		es_opendata	opendata	es	es,ckan,opendata,org-centro-de-investigacion-y-tecnologia-agr	86400	Everything published by Centro de Investigación y Tecnología Agroalimentaria de Aragón (CITA) on this portal: every dataset with its resources, licence, tags and last-modified date. Served by the CKAN platform at opendata.aragon.es.	no	pending-probe
es-opendata-aragon-es-org-consorcio-de-transportes-del-area-de-zar	https://opendata.aragon.es/api/3/action/package_search?fq=organization:consorcio-de-transportes-del-area-de-zaragoza&rows=100	json:result.results		Aragón Open Data — org-consorcio-de-transportes-del-area-de-zar (Spain)		es_opendata	opendata	es	es,ckan,opendata,org-consorcio-de-transportes-del-area-de-zar	86400	Everything published by Consorcio de Transportes del Área de Zaragoza on this portal: every dataset with its resources, licence, tags and last-modified date. Served by the CKAN platform at opendata.aragon.es.	no	pending-probe
es-opendata-aragon-es-org-direccion-general-contratacion-patrimoni	https://opendata.aragon.es/api/3/action/package_search?fq=organization:direccion-general-contratacion-patrimonio-organizacion&rows=100	json:result.results		Aragón Open Data — org-direccion-general-contratacion-patrimoni (Spain)		es_opendata	opendata	es	es,ckan,opendata,org-direccion-general-contratacion-patrimoni	86400	Everything published by Dirección General Contratación, Patrimonio y Organización on this portal: every dataset with its resources, licence, tags and last-modified date. Served by the CKAN platform at opendata.aragon.es.	no	pending-probe
es-opendata-aragon-es-org-direccion-general-administracion-electro	https://opendata.aragon.es/api/3/action/package_search?fq=organization:direccion-general-administracion-electronica-sociedad-informacion&rows=100	json:result.results		Aragón Open Data — org-direccion-general-administracion-electro (Spain)		es_opendata	opendata	es	es,ckan,opendata,org-direccion-general-administracion-electro	86400	Everything published by Dirección General de Administración Electrónica y Aplicaciones Corporativas on this portal: every dataset with its resources, licence, tags and last-modified date. Served by the CKAN platform at opendata.aragon.es.	no	pending-probe
es-opendata-aragon-es-org-direccion-general-administracion-local	https://opendata.aragon.es/api/3/action/package_search?fq=organization:direccion-general-administracion-local&rows=100	json:result.results		Aragón Open Data — org-direccion-general-administracion-local (Spain)		es_opendata	opendata	es	es,ckan,opendata,org-direccion-general-administracion-local	86400	Everything published by Dirección General de Administración Local on this portal: every dataset with its resources, licence, tags and last-modified date. Served by the CKAN platform at opendata.aragon.es.	no	pending-probe
es-opendata-aragon-es-org-direccion-general-asistencia-sanitaria	https://opendata.aragon.es/api/3/action/package_search?fq=organization:direccion-general-asistencia-sanitaria&rows=100	json:result.results		Aragón Open Data — org-direccion-general-asistencia-sanitaria (Spain)		es_opendata	opendata	es	es,ckan,opendata,org-direccion-general-asistencia-sanitaria	86400	Everything published by Dirección General de Asistencia Sanitaria y Planificación on this portal: every dataset with its resources, licence, tags and last-modified date. Served by the CKAN platform at opendata.aragon.es.	no	pending-probe
es-opendata-aragon-es-org-direccion-general-de-calidad-ambiental	https://opendata.aragon.es/api/3/action/package_search?fq=organization:direccion-general-de-calidad-ambiental&rows=100	json:result.results		Aragón Open Data — org-direccion-general-de-calidad-ambiental (Spain)		es_opendata	opendata	es	es,ckan,opendata,org-direccion-general-de-calidad-ambiental	86400	Everything published by Dirección General de Calidad Ambiental on this portal: every dataset with its resources, licence, tags and last-modified date. Served by the CKAN platform at opendata.aragon.es.	no	pending-probe
es-opendata-aragon-es-org-direccion-general-de-calidad-y-seguridad	https://opendata.aragon.es/api/3/action/package_search?fq=organization:direccion-general-de-calidad-y-seguridad-alimentaria&rows=100	json:result.results		Aragón Open Data — org-direccion-general-de-calidad-y-seguridad (Spain)		es_opendata	opendata	es	es,ckan,opendata,org-direccion-general-de-calidad-y-seguridad	86400	Everything published by Dirección General de Calidad y Seguridad Alimentaria on this portal: every dataset with its resources, licence, tags and last-modified date. Served by the CKAN platform at opendata.aragon.es.	no	pending-probe
es-opendata-aragon-es-org-direccion-general-de-carreteras	https://opendata.aragon.es/api/3/action/package_search?fq=organization:direccion-general-de-carreteras&rows=100	json:result.results		Aragón Open Data — org-direccion-general-de-carreteras (Spain)		es_opendata	opendata	es	es,ckan,opendata,org-direccion-general-de-carreteras	86400	Everything published by Dirección General de Carreteras e Infraestructuras on this portal: every dataset with its resources, licence, tags and last-modified date. Served by the CKAN platform at opendata.aragon.es.	no	pending-probe
es-opendata-aragon-es-org-direccion-general-de-investigacion-e-inn	https://opendata.aragon.es/api/3/action/package_search?fq=organization:direccion-general-de-investigacion-e-innovacion&rows=100	json:result.results		Aragón Open Data — org-direccion-general-de-investigacion-e-inn (Spain)		es_opendata	opendata	es	es,ckan,opendata,org-direccion-general-de-investigacion-e-inn	86400	Everything published by Dirección General de Ciencia e Investigación on this portal: every dataset with its resources, licence, tags and last-modified date. Served by the CKAN platform at opendata.aragon.es.	no	pending-probe
es-opendata-aragon-es-org-direccion-general-cultura-patrimonio	https://opendata.aragon.es/api/3/action/package_search?fq=organization:direccion-general-cultura-patrimonio&rows=100	json:result.results		Aragón Open Data — org-direccion-general-cultura-patrimonio (Spain)		es_opendata	opendata	es	es,ckan,opendata,org-direccion-general-cultura-patrimonio	86400	Everything published by Dirección General de Cultura y Patrimonio Cultural on this portal: every dataset with its resources, licence, tags and last-modified date. Served by the CKAN platform at opendata.aragon.es.	no	pending-probe
es-opendata-aragon-es-org-direccion-general-deporte	https://opendata.aragon.es/api/3/action/package_search?fq=organization:direccion-general-deporte&rows=100	json:result.results		Aragón Open Data — org-direccion-general-deporte (Spain)		es_opendata	opendata	es	es,ckan,opendata,org-direccion-general-deporte	86400	Everything published by Dirección General de Deporte on this portal: every dataset with its resources, licence, tags and last-modified date. Served by the CKAN platform at opendata.aragon.es.	no	pending-probe
es-opendata-aragon-es-org-direccion-general-de-energia-y-minas	https://opendata.aragon.es/api/3/action/package_search?fq=organization:direccion-general-de-energia-y-minas&rows=100	json:result.results		Aragón Open Data — org-direccion-general-de-energia-y-minas (Spain)		es_opendata	opendata	es	es,ckan,opendata,org-direccion-general-de-energia-y-minas	86400	Everything published by Dirección General de Energía y Minas on this portal: every dataset with its resources, licence, tags and last-modified date. Served by the CKAN platform at opendata.aragon.es.	no	pending-probe
es-opendata-aragon-es-org-direccion-general-de-justicia-e-interior	https://opendata.aragon.es/api/3/action/package_search?fq=organization:direccion-general-de-justicia-e-interior&rows=100	json:result.results		Aragón Open Data — org-direccion-general-de-justicia-e-interior (Spain)		es_opendata	opendata	es	es,ckan,opendata,org-direccion-general-de-justicia-e-interior	86400	Everything published by Dirección General de Justicia on this portal: every dataset with its resources, licence, tags and last-modified date. Served by the CKAN platform at opendata.aragon.es.	no	pending-probe
es-opendata-aragon-es-org-direccion-general-sostenibilidad	https://opendata.aragon.es/api/3/action/package_search?fq=organization:direccion-general-sostenibilidad&rows=100	json:result.results		Aragón Open Data — org-direccion-general-sostenibilidad (Spain)		es_opendata	opendata	es	es,ckan,opendata,org-direccion-general-sostenibilidad	86400	Everything published by Dirección General de Medio Natural on this portal: every dataset with its resources, licence, tags and last-modified date. Served by the CKAN platform at opendata.aragon.es.	no	pending-probe
es-opendata-aragon-es-org-direccion-general-de-pymes-autonomos-com	https://opendata.aragon.es/api/3/action/package_search?fq=organization:direccion-general-de-pymes-autonomos-comercio-interior-consumo&rows=100	json:result.results		Aragón Open Data — org-direccion-general-de-pymes-autonomos-com (Spain)		es_opendata	opendata	es	es,ckan,opendata,org-direccion-general-de-pymes-autonomos-com	86400	Everything published by Dirección General de PYMES, Autónomos, Comercio Interior y Consumo on this portal: every dataset with its resources, licence, tags and last-modified date. Served by the CKAN platform at opendata.aragon.es.	no	pending-probe
es-opendata-aragon-es-org-direccion-general-personal	https://opendata.aragon.es/api/3/action/package_search?fq=organization:direccion-general-personal&rows=100	json:result.results		Aragón Open Data — org-direccion-general-personal (Spain)		es_opendata	opendata	es	es,ckan,opendata,org-direccion-general-personal	86400	Everything published by Dirección General de Personal on this portal: every dataset with its resources, licence, tags and last-modified date. Served by the CKAN platform at opendata.aragon.es.	no	pending-probe
es-opendata-aragon-es-org-direccion-general-de-planificacion-logis	https://opendata.aragon.es/api/3/action/package_search?fq=organization:direccion-general-de-planificacion-logistica-ordenacion-del-territorio&rows=100	json:result.results		Aragón Open Data — org-direccion-general-de-planificacion-logis (Spain)		es_opendata	opendata	es	es,ckan,opendata,org-direccion-general-de-planificacion-logis	86400	Everything published by Dirección General de Planificación Logística y Ordenación del Territorio on this portal: every dataset with its resources, licence, tags and last-modified date. Served by the CKAN platform at opendata.aragon.es.	no	pending-probe
es-opendata-aragon-es-org-direccion-general-de-planificacion-centr	https://opendata.aragon.es/api/3/action/package_search?fq=organization:direccion-general-de-planificacion-centros-y-formacion-profesional&rows=100	json:result.results		Aragón Open Data — org-direccion-general-de-planificacion-centr (Spain)		es_opendata	opendata	es	es,ckan,opendata,org-direccion-general-de-planificacion-centr	86400	Everything published by Dirección General de Planificación, Centros y Formación Profesional on this portal: every dataset with its resources, licence, tags and last-modified date. Served by the CKAN platform at opendata.aragon.es.	no	pending-probe
es-opendata-aragon-es-org-direccion-general-presupuestos-financiac	https://opendata.aragon.es/api/3/action/package_search?fq=organization:direccion-general-presupuestos-financiacion-tesoreria&rows=100	json:result.results		Aragón Open Data — org-direccion-general-presupuestos-financiac (Spain)		es_opendata	opendata	es	es,ckan,opendata,org-direccion-general-presupuestos-financiac	86400	Everything published by Dirección General de Presupuestos on this portal: every dataset with its resources, licence, tags and last-modified date. Served by the CKAN platform at opendata.aragon.es.	no	pending-probe
es-opendata-aragon-es-org-direccion-general-produccion-agraria	https://opendata.aragon.es/api/3/action/package_search?fq=organization:direccion-general-produccion-agraria&rows=100	json:result.results		Aragón Open Data — org-direccion-general-produccion-agraria (Spain)		es_opendata	opendata	es	es,ckan,opendata,org-direccion-general-produccion-agraria	86400	Everything published by Dirección General de Producción Agraria on this portal: every dataset with its resources, licence, tags and last-modified date. Served by the CKAN platform at opendata.aragon.es.	no	pending-probe
es-opendata-aragon-es-org-direccion-general-de-relaciones-instituc	https://opendata.aragon.es/api/3/action/package_search?fq=organization:direccion-general-de-relaciones-institucionales&rows=100	json:result.results		Aragón Open Data — org-direccion-general-de-relaciones-instituc (Spain)		es_opendata	opendata	es	es,ckan,opendata,org-direccion-general-de-relaciones-instituc	86400	Everything published by Dirección General de Relaciones Institucionales on this portal: every dataset with its resources, licence, tags and last-modified date. Served by the CKAN platform at opendata.aragon.es.	no	pending-probe
es-opendata-aragon-es-org-direccion-general-de-salud-publica	https://opendata.aragon.es/api/3/action/package_search?fq=organization:direccion-general-de-salud-publica&rows=100	json:result.results		Aragón Open Data — org-direccion-general-de-salud-publica (Spain)		es_opendata	opendata	es	es,ckan,opendata,org-direccion-general-de-salud-publica	86400	Everything published by Dirección General de Salud Pública on this portal: every dataset with its resources, licence, tags and last-modified date. Served by the CKAN platform at opendata.aragon.es.	no	pending-probe
es-opendata-aragon-es-org-direccion-general-trabajo	https://opendata.aragon.es/api/3/action/package_search?fq=organization:direccion-general-trabajo&rows=100	json:result.results		Aragón Open Data — org-direccion-general-trabajo (Spain)		es_opendata	opendata	es	es,ckan,opendata,org-direccion-general-trabajo	86400	Everything published by Dirección General de Trabajo on this portal: every dataset with its resources, licence, tags and last-modified date. Served by the CKAN platform at opendata.aragon.es.	no	pending-probe
es-opendata-aragon-es-org-direccion-general-de-transparencia-parti	https://opendata.aragon.es/api/3/action/package_search?fq=organization:direccion-general-de-transparencia-participacion-ciudadana-y-accion-exterior&rows=100	json:result.results		Aragón Open Data — org-direccion-general-de-transparencia-parti (Spain)		es_opendata	opendata	es	es,ckan,opendata,org-direccion-general-de-transparencia-parti	86400	Everything published by Dirección General de Transparencia, Participación Ciudadana y Acción Exterior on this portal: every dataset with its resources, licence, tags and last-modified date. Served by the CKAN platform at opendata.aragon.es.	no	pending-probe
es-opendata-aragon-es-org-direccion-general-movilidad-infraestruct	https://opendata.aragon.es/api/3/action/package_search?fq=organization:direccion-general-movilidad-infraestructuras&rows=100	json:result.results		Aragón Open Data — org-direccion-general-movilidad-infraestruct (Spain)		es_opendata	opendata	es	es,ckan,opendata,org-direccion-general-movilidad-infraestruct	86400	Everything published by Dirección General de Transportes on this portal: every dataset with its resources, licence, tags and last-modified date. Served by the CKAN platform at opendata.aragon.es.	no	pending-probe
es-opendata-aragon-es-org-direccion-general-turismo	https://opendata.aragon.es/api/3/action/package_search?fq=organization:direccion-general-turismo&rows=100	json:result.results		Aragón Open Data — org-direccion-general-turismo (Spain)		es_opendata	opendata	es	es,ckan,opendata,org-direccion-general-turismo	86400	Everything published by Dirección General de Turismo y Hostelería on this portal: every dataset with its resources, licence, tags and last-modified date. Served by the CKAN platform at opendata.aragon.es.	no	pending-probe
es-opendata-aragon-es-org-direccion-general-urbanismo	https://opendata.aragon.es/api/3/action/package_search?fq=organization:direccion-general-urbanismo&rows=100	json:result.results		Aragón Open Data — org-direccion-general-urbanismo (Spain)		es_opendata	opendata	es	es,ckan,opendata,org-direccion-general-urbanismo	86400	Everything published by Dirección General de Urbanismo on this portal: every dataset with its resources, licence, tags and last-modified date. Served by the CKAN platform at opendata.aragon.es.	no	pending-probe
es-opendata-aragon-es-org-direccion-general-vivienda-rehabilitacio	https://opendata.aragon.es/api/3/action/package_search?fq=organization:direccion-general-vivienda-rehabilitacion&rows=100	json:result.results		Aragón Open Data — org-direccion-general-vivienda-rehabilitacio (Spain)		es_opendata	opendata	es	es,ckan,opendata,org-direccion-general-vivienda-rehabilitacio	86400	Everything published by Dirección General de Vivienda on this portal: every dataset with its resources, licence, tags and last-modified date. Served by the CKAN platform at opendata.aragon.es.	no	pending-probe
es-opendata-aragon-es-org-direccion-comunicacion	https://opendata.aragon.es/api/3/action/package_search?fq=organization:direccion-comunicacion&rows=100	json:result.results		Aragón Open Data — org-direccion-comunicacion (Spain)		es_opendata	opendata	es	es,ckan,opendata,org-direccion-comunicacion	86400	Everything published by Dirección de Comunicación on this portal: every dataset with its resources, licence, tags and last-modified date. Served by the CKAN platform at opendata.aragon.es.	no	pending-probe
es-opendata-aragon-es-org-itainnova-instituto-tecnologico-de-arago	https://opendata.aragon.es/api/3/action/package_search?fq=organization:itainnova-instituto-tecnologico-de-aragon&rows=100	json:result.results		Aragón Open Data — org-itainnova-instituto-tecnologico-de-arago (Spain)		es_opendata	opendata	es	es,ckan,opendata,org-itainnova-instituto-tecnologico-de-arago	86400	Everything published by ITAINNOVA Instituto Tecnológico de Aragón on this portal: every dataset with its resources, licence, tags and last-modified date. Served by the CKAN platform at opendata.aragon.es.	no	pending-probe
es-opendata-aragon-es-org-instituto-aragones-de-empleo-inaem	https://opendata.aragon.es/api/3/action/package_search?fq=organization:instituto-aragones-de-empleo-inaem-&rows=100	json:result.results		Aragón Open Data — org-instituto-aragones-de-empleo-inaem (Spain)		es_opendata	opendata	es	es,ckan,opendata,org-instituto-aragones-de-empleo-inaem	86400	Everything published by Instituto Aragonés de Empleo (INAEM)  on this portal: every dataset with its resources, licence, tags and last-modified date. Served by the CKAN platform at opendata.aragon.es.	no	pending-probe
es-opendata-aragon-es-org-instituto-aragones-estadistica	https://opendata.aragon.es/api/3/action/package_search?fq=organization:instituto-aragones-estadistica&rows=100	json:result.results		Aragón Open Data — org-instituto-aragones-estadistica (Spain)		es_opendata	opendata	es	es,ckan,opendata,org-instituto-aragones-estadistica	86400	Everything published by Instituto Aragonés de Estadística on this portal: every dataset with its resources, licence, tags and last-modified date. Served by the CKAN platform at opendata.aragon.es.	no	pending-probe
es-opendata-aragon-es-org-instituto-aragones-fomento	https://opendata.aragon.es/api/3/action/package_search?fq=organization:instituto-aragones-fomento&rows=100	json:result.results		Aragón Open Data — org-instituto-aragones-fomento (Spain)		es_opendata	opendata	es	es,ckan,opendata,org-instituto-aragones-fomento	86400	Everything published by Instituto Aragonés de Fomento on this portal: every dataset with its resources, licence, tags and last-modified date. Served by the CKAN platform at opendata.aragon.es.	no	pending-probe
es-opendata-aragon-es-org-instituto-aragones-gestion-ambiental	https://opendata.aragon.es/api/3/action/package_search?fq=organization:instituto-aragones-gestion-ambiental&rows=100	json:result.results		Aragón Open Data — org-instituto-aragones-gestion-ambiental (Spain)		es_opendata	opendata	es	es,ckan,opendata,org-instituto-aragones-gestion-ambiental	86400	Everything published by Instituto Aragonés de Gestión Ambiental (INAGA) on this portal: every dataset with its resources, licence, tags and last-modified date. Served by the CKAN platform at opendata.aragon.es.	no	pending-probe
es-opendata-aragon-es-org-instituto-aragones-agua	https://opendata.aragon.es/api/3/action/package_search?fq=organization:instituto-aragones-agua&rows=100	json:result.results		Aragón Open Data — org-instituto-aragones-agua (Spain)		es_opendata	opendata	es	es,ckan,opendata,org-instituto-aragones-agua	86400	Everything published by Instituto Aragonés del Agua on this portal: every dataset with its resources, licence, tags and last-modified date. Served by the CKAN platform at opendata.aragon.es.	no	pending-probe
es-opendata-aragon-es-org-instituto-geografico-aragon	https://opendata.aragon.es/api/3/action/package_search?fq=organization:instituto-geografico-aragon&rows=100	json:result.results		Aragón Open Data — org-instituto-geografico-aragon (Spain)		es_opendata	opendata	es	es,ckan,opendata,org-instituto-geografico-aragon	86400	Everything published by Instituto Geográfico de Aragón on this portal: every dataset with its resources, licence, tags and last-modified date. Served by the CKAN platform at opendata.aragon.es.	no	pending-probe
es-opendata-aragon-es-org-intervencion-general	https://opendata.aragon.es/api/3/action/package_search?fq=organization:intervencion-general&rows=100	json:result.results		Aragón Open Data — org-intervencion-general (Spain)		es_opendata	opendata	es	es,ckan,opendata,org-intervencion-general	86400	Everything published by Intervención General on this portal: every dataset with its resources, licence, tags and last-modified date. Served by the CKAN platform at opendata.aragon.es.	no	pending-probe
es-opendata-aragon-es-org-junta-de-reclamaciones-economico-adminis	https://opendata.aragon.es/api/3/action/package_search?fq=organization:junta-de-reclamaciones-economico-administrativas-de-la-comunidad-autonoma-de-aragon&rows=100	json:result.results		Aragón Open Data — org-junta-de-reclamaciones-economico-adminis (Spain)		es_opendata	opendata	es	es,ckan,opendata,org-junta-de-reclamaciones-economico-adminis	86400	Everything published by Junta de Reclamaciones Económico-Administrativas de la Comunidad Autónoma de Aragón on this portal: every dataset with its resources, licence, tags and last-modified date. Served by the CKAN platform at opendata.aragon.es.	no	pending-probe
es-opendata-aragon-es-org-prames	https://opendata.aragon.es/api/3/action/package_search?fq=organization:prames&rows=100	json:result.results		Aragón Open Data — org-prames (Spain)		es_opendata	opendata	es	es,ckan,opendata,org-prames	86400	Everything published by PRAMES on this portal: every dataset with its resources, licence, tags and last-modified date. Served by the CKAN platform at opendata.aragon.es.	no	pending-probe
us-data-baltimorecity-gov-datasets	https://data.baltimorecity.gov/api/search/v1/collections/dataset/items?limit=100	geojson		Baltimore, Maryland — datasets (United States)		us_opendata	opendata	en	us,arcgis,opendata,datasets	86400	ArcGIS Hub dataset collection with spatial extent, publisher and service URLs. Served by the ARCGIS platform at data.baltimorecity.gov.	no	pending-probe
it-opendata-comune-bari-it-datasets	https://opendata.comune.bari.it/api/3/action/package_search?rows=100	json:result.results		Bari Open Data — datasets (Italy)		it_opendata	opendata	it	it,ckan,opendata,datasets	86400	Dataset catalogue: title, notes, organization, licence, tags, resource list and modification dates for every published dataset. Served by the CKAN platform at opendata.comune.bari.it.	no	pending-probe
it-opendata-comune-bari-it-orgs	https://opendata.comune.bari.it/api/3/action/organization_list?all_fields=true	json:result		Bari Open Data — orgs (Italy)		it_opendata	opendata	it	it,ckan,opendata,orgs	86400	Every publishing organisation on the portal with its title, description, package count and image. Served by the CKAN platform at opendata.comune.bari.it.	no	pending-probe
it-opendata-comune-bari-it-groups	https://opendata.comune.bari.it/api/3/action/group_list?all_fields=true	json:result		Bari Open Data — groups (Italy)		it_opendata	opendata	it	it,ckan,opendata,groups	86400	Thematic groups/collections declared by the portal. Served by the CKAN platform at opendata.comune.bari.it.	no	pending-probe
it-opendata-comune-bari-it-tags	https://opendata.comune.bari.it/api/3/action/tag_list	json:result		Bari Open Data — tags (Italy)		it_opendata	opendata	it	it,ckan,opendata,tags	86400	The portal's full controlled vocabulary of dataset tags. Served by the CKAN platform at opendata.comune.bari.it.	no	pending-probe
it-opendata-comune-bari-it-activity	https://opendata.comune.bari.it/api/3/action/recently_changed_packages_activity_list?limit=100	json:result		Bari Open Data — activity (Italy)		it_opendata	opendata	it	it,ckan,opendata,activity	86400	Recent publish/update activity — what this authority changed and when, which is the change-detection signal behind the catalogue. Served by the CKAN platform at opendata.comune.bari.it.	no	pending-probe
es-opendata-ugr-es-datasets	https://opendata.ugr.es/api/3/action/package_search?rows=100	json:result.results		Bienvenido a OpenData UGR — datasets (Spain)		es_opendata	opendata	es	es,ckan,opendata,datasets	86400	Dataset catalogue: title, notes, organization, licence, tags, resource list and modification dates for every published dataset. Served by the CKAN platform at opendata.ugr.es.	no	pending-probe
es-opendata-ugr-es-orgs	https://opendata.ugr.es/api/3/action/organization_list?all_fields=true	json:result		Bienvenido a OpenData UGR — orgs (Spain)		es_opendata	opendata	es	es,ckan,opendata,orgs	86400	Every publishing organisation on the portal with its title, description, package count and image. Served by the CKAN platform at opendata.ugr.es.	no	pending-probe
es-opendata-ugr-es-groups	https://opendata.ugr.es/api/3/action/group_list?all_fields=true	json:result		Bienvenido a OpenData UGR — groups (Spain)		es_opendata	opendata	es	es,ckan,opendata,groups	86400	Thematic groups/collections declared by the portal. Served by the CKAN platform at opendata.ugr.es.	no	pending-probe
es-opendata-ugr-es-tags	https://opendata.ugr.es/api/3/action/tag_list	json:result		Bienvenido a OpenData UGR — tags (Spain)		es_opendata	opendata	es	es,ckan,opendata,tags	86400	The portal's full controlled vocabulary of dataset tags. Served by the CKAN platform at opendata.ugr.es.	no	pending-probe
es-opendata-ugr-es-activity	https://opendata.ugr.es/api/3/action/recently_changed_packages_activity_list?limit=100	json:result		Bienvenido a OpenData UGR — activity (Spain)		es_opendata	opendata	es	es,ckan,opendata,activity	86400	Recent publish/update activity — what this authority changed and when, which is the change-detection signal behind the catalogue. Served by the CKAN platform at opendata.ugr.es.	no	pending-probe
es-opendata-ugr-es-org-oficina-de-software-libre	https://opendata.ugr.es/api/3/action/package_search?fq=organization:oficina-de-software-libre&rows=100	json:result.results		Bienvenido a OpenData UGR — org-oficina-de-software-libre (Spain)		es_opendata	opendata	es	es,ckan,opendata,org-oficina-de-software-libre	86400	Everything published by Oficina de Software Libre on this portal: every dataset with its resources, licence, tags and last-modified date. Served by the CKAN platform at opendata.ugr.es.	no	pending-probe
es-opendata-ugr-es-org-universidad-granada	https://opendata.ugr.es/api/3/action/package_search?fq=organization:universidad-granada&rows=100	json:result.results		Bienvenido a OpenData UGR — org-universidad-granada (Spain)		es_opendata	opendata	es	es,ckan,opendata,org-universidad-granada	86400	Everything published by UGR on this portal: every dataset with its resources, licence, tags and last-modified date. Served by the CKAN platform at opendata.ugr.es.	no	pending-probe
es-opendata-ugr-es-org-ugr-investiga	https://opendata.ugr.es/api/3/action/package_search?fq=organization:ugr-investiga&rows=100	json:result.results		Bienvenido a OpenData UGR — org-ugr-investiga (Spain)		es_opendata	opendata	es	es,ckan,opendata,org-ugr-investiga	86400	Everything published by UGR Investiga on this portal: every dataset with its resources, licence, tags and last-modified date. Served by the CKAN platform at opendata.ugr.es.	no	pending-probe
us-bostonopendata-boston-opendata-arcgis-co-datasets	https://bostonopendata-boston.opendata.arcgis.com/api/search/v1/collections/dataset/items?limit=100	geojson		Boston Maps Open Data — datasets (United States)		us_opendata	opendata	en	us,arcgis,opendata,datasets	86400	ArcGIS Hub dataset collection with spatial extent, publisher and service URLs. Served by the ARCGIS platform at bostonopendata-boston.opendata.arcgis.com.	no	pending-probe
us-data-cityofchicago-org-catalog	https://data.cityofchicago.org/api/catalog/v1?limit=100	json:results		Chicago, Illinois — catalog (United States)		us_opendata	opendata	en	us,socrata,opendata,catalog	86400	Socrata discovery catalogue: every dataset with owner, category, provenance, update cadence and column metadata. Served by the SOCRATA platform at data.cityofchicago.org.	no	pending-probe
us-data-cityofchicago-org-views	https://data.cityofchicago.org/api/views/metadata/v1	json-array		Chicago, Illinois — views (United States)		us_opendata	opendata	en	us,socrata,opendata,views	86400	Per-view metadata for every dataset on the domain. Served by the SOCRATA platform at data.cityofchicago.org.	no	pending-probe
us-data-avl-opendata-arcgis-com-datasets	https://data-avl.opendata.arcgis.com/api/search/v1/collections/dataset/items?limit=100	geojson		City of Asheville Open Data Portal — datasets (United States)		us_opendata	opendata	en	us,arcgis,opendata,datasets	86400	ArcGIS Hub dataset collection with spatial extent, publisher and service URLs. Served by the ARCGIS platform at data-avl.opendata.arcgis.com.	no	pending-probe
us-opendataportal-lasvegas-opendata-arcgis--datasets	https://opendataportal-lasvegas.opendata.arcgis.com/api/search/v1/collections/dataset/items?limit=100	geojson		City of Las Vegas Data Portal — datasets (United States)		us_opendata	opendata	en	us,arcgis,opendata,datasets	86400	ArcGIS Hub dataset collection with spatial extent, publisher and service URLs. Served by the ARCGIS platform at opendataportal-lasvegas.opendata.arcgis.com.	no	pending-probe
it-dati-comune-milano-it-datasets	https://dati.comune.milano.it/api/3/action/package_search?rows=100	json:result.results		City of Milan Open Data — datasets (Italy)		it_opendata	opendata	it	it,ckan,opendata,datasets	86400	Dataset catalogue: title, notes, organization, licence, tags, resource list and modification dates for every published dataset. Served by the CKAN platform at dati.comune.milano.it.	no	pending-probe
it-dati-comune-milano-it-orgs	https://dati.comune.milano.it/api/3/action/organization_list?all_fields=true	json:result		City of Milan Open Data — orgs (Italy)		it_opendata	opendata	it	it,ckan,opendata,orgs	86400	Every publishing organisation on the portal with its title, description, package count and image. Served by the CKAN platform at dati.comune.milano.it.	no	pending-probe
it-dati-comune-milano-it-groups	https://dati.comune.milano.it/api/3/action/group_list?all_fields=true	json:result		City of Milan Open Data — groups (Italy)		it_opendata	opendata	it	it,ckan,opendata,groups	86400	Thematic groups/collections declared by the portal. Served by the CKAN platform at dati.comune.milano.it.	no	pending-probe
it-dati-comune-milano-it-tags	https://dati.comune.milano.it/api/3/action/tag_list	json:result		City of Milan Open Data — tags (Italy)		it_opendata	opendata	it	it,ckan,opendata,tags	86400	The portal's full controlled vocabulary of dataset tags. Served by the CKAN platform at dati.comune.milano.it.	no	pending-probe
it-dati-comune-milano-it-activity	https://dati.comune.milano.it/api/3/action/recently_changed_packages_activity_list?limit=100	json:result		City of Milan Open Data — activity (Italy)		it_opendata	opendata	it	it,ckan,opendata,activity	86400	Recent publish/update activity — what this authority changed and when, which is the change-detection signal behind the catalogue. Served by the CKAN platform at dati.comune.milano.it.	no	pending-probe
us-data-cityofpasadena-net-datasets	https://data.cityofpasadena.net/api/search/v1/collections/dataset/items?limit=100	geojson		City of Pasadena Open Data — datasets (United States)		us_opendata	opendata	en	us,arcgis,opendata,datasets	86400	ArcGIS Hub dataset collection with spatial extent, publisher and service URLs. Served by the ARCGIS platform at data.cityofpasadena.net.	no	pending-probe
us-data-providenceri-gov-catalog	https://data.providenceri.gov/api/catalog/v1?limit=100	json:results		City of Providence Open Data Portal — catalog (United States)		us_opendata	opendata	en	us,socrata,opendata,catalog	86400	Socrata discovery catalogue: every dataset with owner, category, provenance, update cadence and column metadata. Served by the SOCRATA platform at data.providenceri.gov.	no	pending-probe
us-data-providenceri-gov-views	https://data.providenceri.gov/api/views/metadata/v1	json-array		City of Providence Open Data Portal — views (United States)		us_opendata	opendata	en	us,socrata,opendata,views	86400	Per-view metadata for every dataset on the domain. Served by the SOCRATA platform at data.providenceri.gov.	no	pending-probe
us-data-richmondgov-com-catalog	https://data.richmondgov.com/api/catalog/v1?limit=100	json:results		City of Richmond Open Data Portal — catalog (United States)		us_opendata	opendata	en	us,socrata,opendata,catalog	86400	Socrata discovery catalogue: every dataset with owner, category, provenance, update cadence and column metadata. Served by the SOCRATA platform at data.richmondgov.com.	no	pending-probe
us-data-richmondgov-com-views	https://data.richmondgov.com/api/views/metadata/v1	json-array		City of Richmond Open Data Portal — views (United States)		us_opendata	opendata	en	us,socrata,opendata,views	86400	Per-view metadata for every dataset on the domain. Served by the SOCRATA platform at data.richmondgov.com.	no	pending-probe
us-data-cityofsacramento-org-datasets	https://data.cityofsacramento.org/api/search/v1/collections/dataset/items?limit=100	geojson		City of Sacramento Open Data Portal — datasets (United States)		us_opendata	opendata	en	us,arcgis,opendata,datasets	86400	ArcGIS Hub dataset collection with spatial extent, publisher and service URLs. Served by the ARCGIS platform at data.cityofsacramento.org.	no	pending-probe
us-data-sanjoseca-gov-datasets	https://data.sanjoseca.gov/api/3/action/package_search?rows=100	json:result.results		City of San Jose — datasets (United States)		us_opendata	opendata	en	us,ckan,opendata,datasets	86400	Dataset catalogue: title, notes, organization, licence, tags, resource list and modification dates for every published dataset. Served by the CKAN platform at data.sanjoseca.gov.	no	pending-probe
us-data-sanjoseca-gov-orgs	https://data.sanjoseca.gov/api/3/action/organization_list?all_fields=true	json:result		City of San Jose — orgs (United States)		us_opendata	opendata	en	us,ckan,opendata,orgs	86400	Every publishing organisation on the portal with its title, description, package count and image. Served by the CKAN platform at data.sanjoseca.gov.	no	pending-probe
us-data-sanjoseca-gov-groups	https://data.sanjoseca.gov/api/3/action/group_list?all_fields=true	json:result		City of San Jose — groups (United States)		us_opendata	opendata	en	us,ckan,opendata,groups	86400	Thematic groups/collections declared by the portal. Served by the CKAN platform at data.sanjoseca.gov.	no	pending-probe
us-data-sanjoseca-gov-tags	https://data.sanjoseca.gov/api/3/action/tag_list	json:result		City of San Jose — tags (United States)		us_opendata	opendata	en	us,ckan,opendata,tags	86400	The portal's full controlled vocabulary of dataset tags. Served by the CKAN platform at data.sanjoseca.gov.	no	pending-probe
us-data-sanjoseca-gov-activity	https://data.sanjoseca.gov/api/3/action/recently_changed_packages_activity_list?limit=100	json:result		City of San Jose — activity (United States)		us_opendata	opendata	en	us,ckan,opendata,activity	86400	Recent publish/update activity — what this authority changed and when, which is the change-detection signal behind the catalogue. Served by the CKAN platform at data.sanjoseca.gov.	no	pending-probe
us-data-sanjoseca-gov-org-airport	https://data.sanjoseca.gov/api/3/action/package_search?fq=organization:airport&rows=100	json:result.results		City of San Jose — org-airport (United States)		us_opendata	opendata	en	us,ckan,opendata,org-airport	86400	Everything published by Airport on this portal: every dataset with its resources, licence, tags and last-modified date. Served by the CKAN platform at data.sanjoseca.gov.	no	pending-probe
us-data-sanjoseca-gov-org-city-auditors	https://data.sanjoseca.gov/api/3/action/package_search?fq=organization:city-auditors&rows=100	json:result.results		City of San Jose — org-city-auditors (United States)		us_opendata	opendata	en	us,ckan,opendata,org-city-auditors	86400	Everything published by City Auditors on this portal: every dataset with its resources, licence, tags and last-modified date. Served by the CKAN platform at data.sanjoseca.gov.	no	pending-probe
us-data-sanjoseca-gov-org-city-manager-s-office	https://data.sanjoseca.gov/api/3/action/package_search?fq=organization:city-manager-s-office&rows=100	json:result.results		City of San Jose — org-city-manager-s-office (United States)		us_opendata	opendata	en	us,ckan,opendata,org-city-manager-s-office	86400	Everything published by City Manager's Office on this portal: every dataset with its resources, licence, tags and last-modified date. Served by the CKAN platform at data.sanjoseca.gov.	no	pending-probe
us-data-sanjoseca-gov-org-economic-development	https://data.sanjoseca.gov/api/3/action/package_search?fq=organization:economic-development&rows=100	json:result.results		City of San Jose — org-economic-development (United States)		us_opendata	opendata	en	us,ckan,opendata,org-economic-development	86400	Everything published by Economic Development on this portal: every dataset with its resources, licence, tags and last-modified date. Served by the CKAN platform at data.sanjoseca.gov.	no	pending-probe
us-data-sanjoseca-gov-org-energy	https://data.sanjoseca.gov/api/3/action/package_search?fq=organization:energy&rows=100	json:result.results		City of San Jose — org-energy (United States)		us_opendata	opendata	en	us,ckan,opendata,org-energy	86400	Everything published by Energy on this portal: every dataset with its resources, licence, tags and last-modified date. Served by the CKAN platform at data.sanjoseca.gov.	no	pending-probe
us-data-sanjoseca-gov-org-maps-data	https://data.sanjoseca.gov/api/3/action/package_search?fq=organization:maps-data&rows=100	json:result.results		City of San Jose — org-maps-data (United States)		us_opendata	opendata	en	us,ckan,opendata,org-maps-data	86400	Everything published by Enterprise GIS on this portal: every dataset with its resources, licence, tags and last-modified date. Served by the CKAN platform at data.sanjoseca.gov.	no	pending-probe
us-data-sanjoseca-gov-org-environmental-services	https://data.sanjoseca.gov/api/3/action/package_search?fq=organization:environmental-services&rows=100	json:result.results		City of San Jose — org-environmental-services (United States)		us_opendata	opendata	en	us,ckan,opendata,org-environmental-services	86400	Everything published by Environmental Services on this portal: every dataset with its resources, licence, tags and last-modified date. Served by the CKAN platform at data.sanjoseca.gov.	no	pending-probe
us-data-sanjoseca-gov-org-finance	https://data.sanjoseca.gov/api/3/action/package_search?fq=organization:finance&rows=100	json:result.results		City of San Jose — org-finance (United States)		us_opendata	opendata	en	us,ckan,opendata,org-finance	86400	Everything published by Finance on this portal: every dataset with its resources, licence, tags and last-modified date. Served by the CKAN platform at data.sanjoseca.gov.	no	pending-probe
us-data-sanjoseca-gov-org-fire	https://data.sanjoseca.gov/api/3/action/package_search?fq=organization:fire&rows=100	json:result.results		City of San Jose — org-fire (United States)		us_opendata	opendata	en	us,ckan,opendata,org-fire	86400	Everything published by Fire on this portal: every dataset with its resources, licence, tags and last-modified date. Served by the CKAN platform at data.sanjoseca.gov.	no	pending-probe
us-data-sanjoseca-gov-org-gov-ai-coalition	https://data.sanjoseca.gov/api/3/action/package_search?fq=organization:gov-ai-coalition&rows=100	json:result.results		City of San Jose — org-gov-ai-coalition (United States)		us_opendata	opendata	en	us,ckan,opendata,org-gov-ai-coalition	86400	Everything published by Gov AI Coalition  on this portal: every dataset with its resources, licence, tags and last-modified date. Served by the CKAN platform at data.sanjoseca.gov.	no	pending-probe
us-data-sanjoseca-gov-org-housing	https://data.sanjoseca.gov/api/3/action/package_search?fq=organization:housing&rows=100	json:result.results		City of San Jose — org-housing (United States)		us_opendata	opendata	en	us,ckan,opendata,org-housing	86400	Everything published by Housing on this portal: every dataset with its resources, licence, tags and last-modified date. Served by the CKAN platform at data.sanjoseca.gov.	no	pending-probe
us-data-sanjoseca-gov-org-human-resources	https://data.sanjoseca.gov/api/3/action/package_search?fq=organization:human-resources&rows=100	json:result.results		City of San Jose — org-human-resources (United States)		us_opendata	opendata	en	us,ckan,opendata,org-human-resources	86400	Everything published by Human Resources on this portal: every dataset with its resources, licence, tags and last-modified date. Served by the CKAN platform at data.sanjoseca.gov.	no	pending-probe
us-data-sanjoseca-gov-org-information-technology	https://data.sanjoseca.gov/api/3/action/package_search?fq=organization:information-technology&rows=100	json:result.results		City of San Jose — org-information-technology (United States)		us_opendata	opendata	en	us,ckan,opendata,org-information-technology	86400	Everything published by Information Technology on this portal: every dataset with its resources, licence, tags and last-modified date. Served by the CKAN platform at data.sanjoseca.gov.	no	pending-probe
us-data-sanjoseca-gov-org-library	https://data.sanjoseca.gov/api/3/action/package_search?fq=organization:library&rows=100	json:result.results		City of San Jose — org-library (United States)		us_opendata	opendata	en	us,ckan,opendata,org-library	86400	Everything published by Library on this portal: every dataset with its resources, licence, tags and last-modified date. Served by the CKAN platform at data.sanjoseca.gov.	no	pending-probe
us-data-sanjoseca-gov-org-parks-and-recreation	https://data.sanjoseca.gov/api/3/action/package_search?fq=organization:parks-and-recreation&rows=100	json:result.results		City of San Jose — org-parks-and-recreation (United States)		us_opendata	opendata	en	us,ckan,opendata,org-parks-and-recreation	86400	Everything published by Parks, Recreation and Neighborhood Services on this portal: every dataset with its resources, licence, tags and last-modified date. Served by the CKAN platform at data.sanjoseca.gov.	no	pending-probe
us-data-sanjoseca-gov-org-planning-building-code-enforcement	https://data.sanjoseca.gov/api/3/action/package_search?fq=organization:planning-building-code-enforcement&rows=100	json:result.results		City of San Jose — org-planning-building-code-enforcement (United States)		us_opendata	opendata	en	us,ckan,opendata,org-planning-building-code-enforcement	86400	Everything published by Planning Building and Code Enforcement on this portal: every dataset with its resources, licence, tags and last-modified date. Served by the CKAN platform at data.sanjoseca.gov.	no	pending-probe
us-data-sanjoseca-gov-org-police-dept	https://data.sanjoseca.gov/api/3/action/package_search?fq=organization:police-dept&rows=100	json:result.results		City of San Jose — org-police-dept (United States)		us_opendata	opendata	en	us,ckan,opendata,org-police-dept	86400	Everything published by Police on this portal: every dataset with its resources, licence, tags and last-modified date. Served by the CKAN platform at data.sanjoseca.gov.	no	pending-probe
us-data-sanjoseca-gov-org-public-works	https://data.sanjoseca.gov/api/3/action/package_search?fq=organization:public-works&rows=100	json:result.results		City of San Jose — org-public-works (United States)		us_opendata	opendata	en	us,ckan,opendata,org-public-works	86400	Everything published by Public Works on this portal: every dataset with its resources, licence, tags and last-modified date. Served by the CKAN platform at data.sanjoseca.gov.	no	pending-probe
us-data-sanjoseca-gov-org-transportation	https://data.sanjoseca.gov/api/3/action/package_search?fq=organization:transportation&rows=100	json:result.results		City of San Jose — org-transportation (United States)		us_opendata	opendata	en	us,ckan,opendata,org-transportation	86400	Everything published by Transportation on this portal: every dataset with its resources, licence, tags and last-modified date. Served by the CKAN platform at data.sanjoseca.gov.	no	pending-probe
us-data-weho-org-catalog	https://data.weho.org/api/catalog/v1?limit=100	json:results		City of West Hollywood Open Data — catalog (United States)		us_opendata	opendata	en	us,socrata,opendata,catalog	86400	Socrata discovery catalogue: every dataset with owner, category, provenance, update cadence and column metadata. Served by the SOCRATA platform at data.weho.org.	no	pending-probe
us-data-weho-org-views	https://data.weho.org/api/views/metadata/v1	json-array		City of West Hollywood Open Data — views (United States)		us_opendata	opendata	en	us,socrata,opendata,views	86400	Per-view metadata for every dataset on the domain. Served by the SOCRATA platform at data.weho.org.	no	pending-probe
us-data-colorado-gov-catalog	https://data.colorado.gov/api/catalog/v1?limit=100	json:results		Colorado Information Marketplace — catalog (United States)		us_opendata	opendata	en	us,socrata,opendata,catalog	86400	Socrata discovery catalogue: every dataset with owner, category, provenance, update cadence and column metadata. Served by the SOCRATA platform at data.colorado.gov.	no	pending-probe
us-data-colorado-gov-views	https://data.colorado.gov/api/views/metadata/v1	json-array		Colorado Information Marketplace — views (United States)		us_opendata	opendata	en	us,socrata,opendata,views	86400	Per-view metadata for every dataset on the domain. Served by the SOCRATA platform at data.colorado.gov.	no	pending-probe
us-hub-cookcountyil-opendata-arcgis-com-datasets	https://hub-cookcountyil.opendata.arcgis.com/api/search/v1/collections/dataset/items?limit=100	geojson		Cook Central — datasets (United States)		us_opendata	opendata	en	us,arcgis,opendata,datasets	86400	ArcGIS Hub dataset collection with spatial extent, publisher and service URLs. Served by the ARCGIS platform at hub-cookcountyil.opendata.arcgis.com.	no	pending-probe
us-maps-nevcounty-opendata-arcgis-com-datasets	https://maps-nevcounty.opendata.arcgis.com/api/search/v1/collections/dataset/items?limit=100	geojson		County of Nevada Open Data Portal — datasets (United States)		us_opendata	opendata	en	us,arcgis,opendata,datasets	86400	ArcGIS Hub dataset collection with spatial extent, publisher and service URLs. Served by the ARCGIS platform at maps-nevcounty.opendata.arcgis.com.	no	pending-probe
us-www-dallasopendata-com-catalog	https://www.dallasopendata.com/api/catalog/v1?limit=100	json:results		Dallas Open Data — catalog (United States)		us_opendata	opendata	en	us,socrata,opendata,catalog	86400	Socrata discovery catalogue: every dataset with owner, category, provenance, update cadence and column metadata. Served by the SOCRATA platform at www.dallasopendata.com.	no	pending-probe
us-www-dallasopendata-com-views	https://www.dallasopendata.com/api/views/metadata/v1	json-array		Dallas Open Data — views (United States)		us_opendata	opendata	en	us,socrata,opendata,views	86400	Per-view metadata for every dataset on the domain. Served by the SOCRATA platform at www.dallasopendata.com.	no	pending-probe
it-www-dati-lombardia-it-catalog	https://www.dati.lombardia.it/api/catalog/v1?limit=100	json:results		Data Regione Lombardia — catalog (Italy)		it_opendata	opendata	it	it,socrata,opendata,catalog	86400	Socrata discovery catalogue: every dataset with owner, category, provenance, update cadence and column metadata. Served by the SOCRATA platform at www.dati.lombardia.it.	no	pending-probe
it-www-dati-lombardia-it-views	https://www.dati.lombardia.it/api/views/metadata/v1	json-array		Data Regione Lombardia — views (Italy)		it_opendata	opendata	it	it,socrata,opendata,views	86400	Per-view metadata for every dataset on the domain. Served by the SOCRATA platform at www.dati.lombardia.it.	no	pending-probe
us-data-austintexas-gov-catalog	https://data.austintexas.gov/api/catalog/v1?limit=100	json:results		data.austintexas.gov — catalog (United States)		us_opendata	opendata	en	us,socrata,opendata,catalog	86400	Socrata discovery catalogue: every dataset with owner, category, provenance, update cadence and column metadata. Served by the SOCRATA platform at data.austintexas.gov.	no	pending-probe
us-data-austintexas-gov-views	https://data.austintexas.gov/api/views/metadata/v1	json-array		data.austintexas.gov — views (United States)		us_opendata	opendata	en	us,socrata,opendata,views	86400	Per-view metadata for every dataset on the domain. Served by the SOCRATA platform at data.austintexas.gov.	no	pending-probe
fr-www-data-gouv-fr-datasets	https://www.data.gouv.fr/api/1/datasets/?page_size=100	json:data		data.gouv.fr — datasets (France)		fr_opendata	opendata	fr	fr,udata,opendata,datasets	86400	National dataset catalogue: title, organisation, licence, frequency, temporal and spatial coverage, resource list and quality score for every published dataset. Served by the UDATA platform at www.data.gouv.fr.	no	pending-probe
fr-www-data-gouv-fr-reuses	https://www.data.gouv.fr/api/1/reuses/?page_size=100	json:data		data.gouv.fr — reuses (France)		fr_opendata	opendata	fr	fr,udata,opendata,reuses	86400	Declared reuses — who is building on this data and what they built, which is the downstream-attribution signal. Served by the UDATA platform at www.data.gouv.fr.	no	pending-probe
ie-data-gov-ie-orgs	https://data.gov.ie/api/3/action/organization_list?all_fields=true	json:result		data.gov.ie — orgs (Ireland)		ie_opendata	opendata	en	ie,ckan,opendata,orgs	86400	Every publishing organisation on the portal with its title, description, package count and image. Served by the CKAN platform at data.gov.ie.	no	pending-probe
ie-data-gov-ie-groups	https://data.gov.ie/api/3/action/group_list?all_fields=true	json:result		data.gov.ie — groups (Ireland)		ie_opendata	opendata	en	ie,ckan,opendata,groups	86400	Thematic groups/collections declared by the portal. Served by the CKAN platform at data.gov.ie.	no	pending-probe
ie-data-gov-ie-tags	https://data.gov.ie/api/3/action/tag_list	json:result		data.gov.ie — tags (Ireland)		ie_opendata	opendata	en	ie,ckan,opendata,tags	86400	The portal's full controlled vocabulary of dataset tags. Served by the CKAN platform at data.gov.ie.	no	pending-probe
ie-data-gov-ie-activity	https://data.gov.ie/api/3/action/recently_changed_packages_activity_list?limit=100	json:result		data.gov.ie — activity (Ireland)		ie_opendata	opendata	en	ie,ckan,opendata,activity	86400	Recent publish/update activity — what this authority changed and when, which is the change-detection signal behind the catalogue. Served by the CKAN platform at data.gov.ie.	no	pending-probe
ie-data-gov-ie-org-3d	https://data.gov.ie/api/3/action/package_search?fq=organization:3d&rows=100	json:result.results		data.gov.ie — org-3d (Ireland)		ie_opendata	opendata	en	ie,ckan,opendata,org-3d	86400	Everything published by 3d on this portal: every dataset with its resources, licence, tags and last-modified date. Served by the CKAN platform at data.gov.ie.	no	pending-probe
ie-data-gov-ie-org-adaptcentre	https://data.gov.ie/api/3/action/package_search?fq=organization:adaptcentre&rows=100	json:result.results		data.gov.ie — org-adaptcentre (Ireland)		ie_opendata	opendata	en	ie,ckan,opendata,org-adaptcentre	86400	Everything published by Adapt Centre Trinity College on this portal: every dataset with its resources, licence, tags and last-modified date. Served by the CKAN platform at data.gov.ie.	no	pending-probe
ie-data-gov-ie-org-an-coimisun-pleanala	https://data.gov.ie/api/3/action/package_search?fq=organization:an-coimisun-pleanala&rows=100	json:result.results		data.gov.ie — org-an-coimisun-pleanala (Ireland)		ie_opendata	opendata	en	ie,ckan,opendata,org-an-coimisun-pleanala	86400	Everything published by An Coimisún Pleanála on this portal: every dataset with its resources, licence, tags and last-modified date. Served by the CKAN platform at data.gov.ie.	no	pending-probe
ie-data-gov-ie-org-an-garda-siochana	https://data.gov.ie/api/3/action/package_search?fq=organization:an-garda-siochana&rows=100	json:result.results		data.gov.ie — org-an-garda-siochana (Ireland)		ie_opendata	opendata	en	ie,ckan,opendata,org-an-garda-siochana	86400	Everything published by An Garda Síochána on this portal: every dataset with its resources, licence, tags and last-modified date. Served by the CKAN platform at data.gov.ie.	no	pending-probe
ie-data-gov-ie-org-bord-iascaigh-mhara	https://data.gov.ie/api/3/action/package_search?fq=organization:bord-iascaigh-mhara&rows=100	json:result.results		data.gov.ie — org-bord-iascaigh-mhara (Ireland)		ie_opendata	opendata	en	ie,ckan,opendata,org-bord-iascaigh-mhara	86400	Everything published by Bord Iascaigh Mhara on this portal: every dataset with its resources, licence, tags and last-modified date. Served by the CKAN platform at data.gov.ie.	no	pending-probe
ie-data-gov-ie-org-bord-na-mona	https://data.gov.ie/api/3/action/package_search?fq=organization:bord-na-mona&rows=100	json:result.results		data.gov.ie — org-bord-na-mona (Ireland)		ie_opendata	opendata	en	ie,ckan,opendata,org-bord-na-mona	86400	Everything published by Bord na Móna on this portal: every dataset with its resources, licence, tags and last-modified date. Served by the CKAN platform at data.gov.ie.	no	pending-probe
ie-data-gov-ie-org-carlow-county-council	https://data.gov.ie/api/3/action/package_search?fq=organization:carlow-county-council&rows=100	json:result.results		data.gov.ie — org-carlow-county-council (Ireland)		ie_opendata	opendata	en	ie,ckan,opendata,org-carlow-county-council	86400	Everything published by Carlow County Council on this portal: every dataset with its resources, licence, tags and last-modified date. Served by the CKAN platform at data.gov.ie.	no	pending-probe
ie-data-gov-ie-org-cavan-county-council	https://data.gov.ie/api/3/action/package_search?fq=organization:cavan-county-council&rows=100	json:result.results		data.gov.ie — org-cavan-county-council (Ireland)		ie_opendata	opendata	en	ie,ckan,opendata,org-cavan-county-council	86400	Everything published by Cavan County Council on this portal: every dataset with its resources, licence, tags and last-modified date. Served by the CKAN platform at data.gov.ie.	no	pending-probe
ie-data-gov-ie-org-central-applications-office	https://data.gov.ie/api/3/action/package_search?fq=organization:central-applications-office&rows=100	json:result.results		data.gov.ie — org-central-applications-office (Ireland)		ie_opendata	opendata	en	ie,ckan,opendata,org-central-applications-office	86400	Everything published by Central Applications Office on this portal: every dataset with its resources, licence, tags and last-modified date. Served by the CKAN platform at data.gov.ie.	no	pending-probe
ie-data-gov-ie-org-central-bank-of-ireland	https://data.gov.ie/api/3/action/package_search?fq=organization:central-bank-of-ireland&rows=100	json:result.results		data.gov.ie — org-central-bank-of-ireland (Ireland)		ie_opendata	opendata	en	ie,ckan,opendata,org-central-bank-of-ireland	86400	Everything published by Central Bank of Ireland on this portal: every dataset with its resources, licence, tags and last-modified date. Served by the CKAN platform at data.gov.ie.	no	pending-probe
ie-data-gov-ie-org-central-statistics-office	https://data.gov.ie/api/3/action/package_search?fq=organization:central-statistics-office&rows=100	json:result.results		data.gov.ie — org-central-statistics-office (Ireland)		ie_opendata	opendata	en	ie,ckan,opendata,org-central-statistics-office	86400	Everything published by Central Statistics Office on this portal: every dataset with its resources, licence, tags and last-modified date. Served by the CKAN platform at data.gov.ie.	no	pending-probe
ie-data-gov-ie-org-charities-regulator	https://data.gov.ie/api/3/action/package_search?fq=organization:charities-regulator&rows=100	json:result.results		data.gov.ie — org-charities-regulator (Ireland)		ie_opendata	opendata	en	ie,ckan,opendata,org-charities-regulator	86400	Everything published by Charities Regulator on this portal: every dataset with its resources, licence, tags and last-modified date. Served by the CKAN platform at data.gov.ie.	no	pending-probe
ie-data-gov-ie-org-children-s-health-ireland	https://data.gov.ie/api/3/action/package_search?fq=organization:children-s-health-ireland&rows=100	json:result.results		data.gov.ie — org-children-s-health-ireland (Ireland)		ie_opendata	opendata	en	ie,ckan,opendata,org-children-s-health-ireland	86400	Everything published by Children's Health Ireland on this portal: every dataset with its resources, licence, tags and last-modified date. Served by the CKAN platform at data.gov.ie.	no	pending-probe
ie-data-gov-ie-org-citizens-information-board	https://data.gov.ie/api/3/action/package_search?fq=organization:citizens-information-board&rows=100	json:result.results		data.gov.ie — org-citizens-information-board (Ireland)		ie_opendata	opendata	en	ie,ckan,opendata,org-citizens-information-board	86400	Everything published by Citizens Information Board on this portal: every dataset with its resources, licence, tags and last-modified date. Served by the CKAN platform at data.gov.ie.	no	pending-probe
ie-data-gov-ie-org-clare-county-council	https://data.gov.ie/api/3/action/package_search?fq=organization:clare-county-council&rows=100	json:result.results		data.gov.ie — org-clare-county-council (Ireland)		ie_opendata	opendata	en	ie,ckan,opendata,org-clare-county-council	86400	Everything published by Clare County Council on this portal: every dataset with its resources, licence, tags and last-modified date. Served by the CKAN platform at data.gov.ie.	no	pending-probe
ie-data-gov-ie-org-coillte	https://data.gov.ie/api/3/action/package_search?fq=organization:coillte&rows=100	json:result.results		data.gov.ie — org-coillte (Ireland)		ie_opendata	opendata	en	ie,ckan,opendata,org-coillte	86400	Everything published by Coillte on this portal: every dataset with its resources, licence, tags and last-modified date. Served by the CKAN platform at data.gov.ie.	no	pending-probe
ie-data-gov-ie-org-commissioners-of-irish-lights	https://data.gov.ie/api/3/action/package_search?fq=organization:commissioners-of-irish-lights&rows=100	json:result.results		data.gov.ie — org-commissioners-of-irish-lights (Ireland)		ie_opendata	opendata	en	ie,ckan,opendata,org-commissioners-of-irish-lights	86400	Everything published by Commissioners of Irish Lights on this portal: every dataset with its resources, licence, tags and last-modified date. Served by the CKAN platform at data.gov.ie.	no	pending-probe
ie-data-gov-ie-org-commission-for-communications-regulation	https://data.gov.ie/api/3/action/package_search?fq=organization:commission-for-communications-regulation-ccr-comreg&rows=100	json:result.results		data.gov.ie — org-commission-for-communications-regulation (Ireland)		ie_opendata	opendata	en	ie,ckan,opendata,org-commission-for-communications-regulation	86400	Everything published by Commission for Communications Regulation (ComReg) on this portal: every dataset with its resources, licence, tags and last-modified date. Served by the CKAN platform at data.gov.ie.	no	pending-probe
ie-data-gov-ie-org-commission-for-energy-regulation	https://data.gov.ie/api/3/action/package_search?fq=organization:commission-for-energy-regulation&rows=100	json:result.results		data.gov.ie — org-commission-for-energy-regulation (Ireland)		ie_opendata	opendata	en	ie,ckan,opendata,org-commission-for-energy-regulation	86400	Everything published by Commission for Regulation of Utilities on this portal: every dataset with its resources, licence, tags and last-modified date. Served by the CKAN platform at data.gov.ie.	no	pending-probe
ie-data-gov-ie-org-companies-registration-office	https://data.gov.ie/api/3/action/package_search?fq=organization:companies-registration-office&rows=100	json:result.results		data.gov.ie — org-companies-registration-office (Ireland)		ie_opendata	opendata	en	ie,ckan,opendata,org-companies-registration-office	86400	Everything published by Companies Registration Office on this portal: every dataset with its resources, licence, tags and last-modified date. Served by the CKAN platform at data.gov.ie.	no	pending-probe
ie-data-gov-ie-org-competition-and-consumer-protection-comm	https://data.gov.ie/api/3/action/package_search?fq=organization:competition-and-consumer-protection-commission&rows=100	json:result.results		data.gov.ie — org-competition-and-consumer-protection-comm (Ireland)		ie_opendata	opendata	en	ie,ckan,opendata,org-competition-and-consumer-protection-comm	86400	Everything published by Competition and Consumer Protection Commission on this portal: every dataset with its resources, licence, tags and last-modified date. Served by the CKAN platform at data.gov.ie.	no	pending-probe
ie-data-gov-ie-org-cork-city-council	https://data.gov.ie/api/3/action/package_search?fq=organization:cork-city-council&rows=100	json:result.results		data.gov.ie — org-cork-city-council (Ireland)		ie_opendata	opendata	en	ie,ckan,opendata,org-cork-city-council	86400	Everything published by Cork City Council on this portal: every dataset with its resources, licence, tags and last-modified date. Served by the CKAN platform at data.gov.ie.	no	pending-probe
ie-data-gov-ie-org-cork-county-council	https://data.gov.ie/api/3/action/package_search?fq=organization:cork-county-council&rows=100	json:result.results		data.gov.ie — org-cork-county-council (Ireland)		ie_opendata	opendata	en	ie,ckan,opendata,org-cork-county-council	86400	Everything published by Cork County Council on this portal: every dataset with its resources, licence, tags and last-modified date. Served by the CKAN platform at data.gov.ie.	no	pending-probe
ie-data-gov-ie-org-department-of-agriculture-food-and-the-m	https://data.gov.ie/api/3/action/package_search?fq=organization:department-of-agriculture-food-and-the-marine&rows=100	json:result.results		data.gov.ie — org-department-of-agriculture-food-and-the-m (Ireland)		ie_opendata	opendata	en	ie,ckan,opendata,org-department-of-agriculture-food-and-the-m	86400	Everything published by Department of Agriculture, Food and the Marine on this portal: every dataset with its resources, licence, tags and last-modified date. Served by the CKAN platform at data.gov.ie.	no	pending-probe
ie-data-gov-ie-org-department-of-children-equality-disabili	https://data.gov.ie/api/3/action/package_search?fq=organization:department-of-children-equality-disability-integration-and-youth&rows=100	json:result.results		data.gov.ie — org-department-of-children-equality-disabili (Ireland)		ie_opendata	opendata	en	ie,ckan,opendata,org-department-of-children-equality-disabili	86400	Everything published by Department of Children, Disability and Equality on this portal: every dataset with its resources, licence, tags and last-modified date. Served by the CKAN platform at data.gov.ie.	no	pending-probe
ie-data-gov-ie-org-department-of-climate-energy-and-environ	https://data.gov.ie/api/3/action/package_search?fq=organization:department-of-climate-energy-and-environment&rows=100	json:result.results		data.gov.ie — org-department-of-climate-energy-and-environ (Ireland)		ie_opendata	opendata	en	ie,ckan,opendata,org-department-of-climate-energy-and-environ	86400	Everything published by Department of Climate, Energy and the Environment on this portal: every dataset with its resources, licence, tags and last-modified date. Served by the CKAN platform at data.gov.ie.	no	pending-probe
ie-data-gov-ie-org-https-www-chg-gov-ie	https://data.gov.ie/api/3/action/package_search?fq=organization:https-www-chg-gov-ie&rows=100	json:result.results		data.gov.ie — org-https-www-chg-gov-ie (Ireland)		ie_opendata	opendata	en	ie,ckan,opendata,org-https-www-chg-gov-ie	86400	Everything published by Department of Culture, Communications and Sport on this portal: every dataset with its resources, licence, tags and last-modified date. Served by the CKAN platform at data.gov.ie.	no	pending-probe
ie-data-gov-ie-org-department-of-defence	https://data.gov.ie/api/3/action/package_search?fq=organization:department-of-defence&rows=100	json:result.results		data.gov.ie — org-department-of-defence (Ireland)		ie_opendata	opendata	en	ie,ckan,opendata,org-department-of-defence	86400	Everything published by Department of Defence on this portal: every dataset with its resources, licence, tags and last-modified date. Served by the CKAN platform at data.gov.ie.	no	pending-probe
ie-data-gov-ie-org-department-of-education	https://data.gov.ie/api/3/action/package_search?fq=organization:department-of-education&rows=100	json:result.results		data.gov.ie — org-department-of-education (Ireland)		ie_opendata	opendata	en	ie,ckan,opendata,org-department-of-education	86400	Everything published by Department of Education and Youth on this portal: every dataset with its resources, licence, tags and last-modified date. Served by the CKAN platform at data.gov.ie.	no	pending-probe
ie-data-gov-ie-org-department-of-enterprise-trade-and-emplo	https://data.gov.ie/api/3/action/package_search?fq=organization:department-of-enterprise-trade-and-employment&rows=100	json:result.results		data.gov.ie — org-department-of-enterprise-trade-and-emplo (Ireland)		ie_opendata	opendata	en	ie,ckan,opendata,org-department-of-enterprise-trade-and-emplo	86400	Everything published by Department of Enterprise, Tourism and Employment on this portal: every dataset with its resources, licence, tags and last-modified date. Served by the CKAN platform at data.gov.ie.	no	pending-probe
ie-data-gov-ie-org-department-of-finance	https://data.gov.ie/api/3/action/package_search?fq=organization:department-of-finance&rows=100	json:result.results		data.gov.ie — org-department-of-finance (Ireland)		ie_opendata	opendata	en	ie,ckan,opendata,org-department-of-finance	86400	Everything published by Department of Finance on this portal: every dataset with its resources, licence, tags and last-modified date. Served by the CKAN platform at data.gov.ie.	no	pending-probe
ie-data-gov-ie-org-department-of-foreign-affairs-and-trade	https://data.gov.ie/api/3/action/package_search?fq=organization:department-of-foreign-affairs-and-trade&rows=100	json:result.results		data.gov.ie — org-department-of-foreign-affairs-and-trade (Ireland)		ie_opendata	opendata	en	ie,ckan,opendata,org-department-of-foreign-affairs-and-trade	86400	Everything published by Department of Foreign Affairs and Trade on this portal: every dataset with its resources, licence, tags and last-modified date. Served by the CKAN platform at data.gov.ie.	no	pending-probe
ie-data-gov-ie-org-department-of-further-and-higher-educati	https://data.gov.ie/api/3/action/package_search?fq=organization:department-of-further-and-higher-education-research-innovation-and-science&rows=100	json:result.results		data.gov.ie — org-department-of-further-and-higher-educati (Ireland)		ie_opendata	opendata	en	ie,ckan,opendata,org-department-of-further-and-higher-educati	86400	Everything published by Department of Further and Higher Education, Research, Innovation and Science on this portal: every dataset with its resources, licence, tags and last-modified date. Served by the CKAN platform at data.gov.ie.	no	pending-probe
ie-data-gov-ie-org-department-of-health	https://data.gov.ie/api/3/action/package_search?fq=organization:department-of-health&rows=100	json:result.results		data.gov.ie — org-department-of-health (Ireland)		ie_opendata	opendata	en	ie,ckan,opendata,org-department-of-health	86400	Everything published by Department of Health on this portal: every dataset with its resources, licence, tags and last-modified date. Served by the CKAN platform at data.gov.ie.	no	pending-probe
ie-data-gov-ie-org-department-of-housing-local-government-a	https://data.gov.ie/api/3/action/package_search?fq=organization:department-of-housing-local-government-and-heritage&rows=100	json:result.results		data.gov.ie — org-department-of-housing-local-government-a (Ireland)		ie_opendata	opendata	en	ie,ckan,opendata,org-department-of-housing-local-government-a	86400	Everything published by Department of Housing, Local Government and Heritage on this portal: every dataset with its resources, licence, tags and last-modified date. Served by the CKAN platform at data.gov.ie.	no	pending-probe
ie-data-gov-ie-org-department-of-justice	https://data.gov.ie/api/3/action/package_search?fq=organization:department-of-justice&rows=100	json:result.results		data.gov.ie — org-department-of-justice (Ireland)		ie_opendata	opendata	en	ie,ckan,opendata,org-department-of-justice	86400	Everything published by Department of Justice, Home Affairs and Migration on this portal: every dataset with its resources, licence, tags and last-modified date. Served by the CKAN platform at data.gov.ie.	no	pending-probe
ie-data-gov-ie-org-department-of-public-expenditure-infrast	https://data.gov.ie/api/3/action/package_search?fq=organization:department-of-public-expenditure-infrastructure-public-service-reform-and-digitalisation&rows=100	json:result.results		data.gov.ie — org-department-of-public-expenditure-infrast (Ireland)		ie_opendata	opendata	en	ie,ckan,opendata,org-department-of-public-expenditure-infrast	86400	Everything published by Department of Public Expenditure, Infrastructure, Public Service Reform and Digitalisation on this portal: every dataset with its resources, licence, tags and last-modified date. Served by the CKAN platform at data.gov.ie.	no	pending-probe
ie-data-gov-ie-org-department-of-rural-and-community-develo	https://data.gov.ie/api/3/action/package_search?fq=organization:department-of-rural-and-community-development&rows=100	json:result.results		data.gov.ie — org-department-of-rural-and-community-develo (Ireland)		ie_opendata	opendata	en	ie,ckan,opendata,org-department-of-rural-and-community-develo	86400	Everything published by Department of Rural and Community Development and the Gaeltacht on this portal: every dataset with its resources, licence, tags and last-modified date. Served by the CKAN platform at data.gov.ie.	no	pending-probe
ie-data-gov-ie-org-department-of-social-protection	https://data.gov.ie/api/3/action/package_search?fq=organization:department-of-social-protection&rows=100	json:result.results		data.gov.ie — org-department-of-social-protection (Ireland)		ie_opendata	opendata	en	ie,ckan,opendata,org-department-of-social-protection	86400	Everything published by Department of Social Protection on this portal: every dataset with its resources, licence, tags and last-modified date. Served by the CKAN platform at data.gov.ie.	no	pending-probe
ie-data-gov-ie-org-department-of-the-taoiseach	https://data.gov.ie/api/3/action/package_search?fq=organization:department-of-the-taoiseach&rows=100	json:result.results		data.gov.ie — org-department-of-the-taoiseach (Ireland)		ie_opendata	opendata	en	ie,ckan,opendata,org-department-of-the-taoiseach	86400	Everything published by Department of the Taoiseach on this portal: every dataset with its resources, licence, tags and last-modified date. Served by the CKAN platform at data.gov.ie.	no	pending-probe
ie-data-gov-ie-org-department-of-transport	https://data.gov.ie/api/3/action/package_search?fq=organization:department-of-transport&rows=100	json:result.results		data.gov.ie — org-department-of-transport (Ireland)		ie_opendata	opendata	en	ie,ckan,opendata,org-department-of-transport	86400	Everything published by Department of Transport on this portal: every dataset with its resources, licence, tags and last-modified date. Served by the CKAN platform at data.gov.ie.	no	pending-probe
ro-data-gov-ro-orgs	https://data.gov.ro/api/3/action/organization_list?all_fields=true	json:result		Data.Gov.RO - Official Romanian OD Portal — orgs (Romania)		ro_opendata	opendata	ro	ro,ckan,opendata,orgs	86400	Every publishing organisation on the portal with its title, description, package count and image. Served by the CKAN platform at data.gov.ro.	no	pending-probe
ro-data-gov-ro-groups	https://data.gov.ro/api/3/action/group_list?all_fields=true	json:result		Data.Gov.RO - Official Romanian OD Portal — groups (Romania)		ro_opendata	opendata	ro	ro,ckan,opendata,groups	86400	Thematic groups/collections declared by the portal. Served by the CKAN platform at data.gov.ro.	no	pending-probe
ro-data-gov-ro-tags	https://data.gov.ro/api/3/action/tag_list	json:result		Data.Gov.RO - Official Romanian OD Portal — tags (Romania)		ro_opendata	opendata	ro	ro,ckan,opendata,tags	86400	The portal's full controlled vocabulary of dataset tags. Served by the CKAN platform at data.gov.ro.	no	pending-probe
ro-data-gov-ro-activity	https://data.gov.ro/api/3/action/recently_changed_packages_activity_list?limit=100	json:result		Data.Gov.RO - Official Romanian OD Portal — activity (Romania)		ro_opendata	opendata	ro	ro,ckan,opendata,activity	86400	Recent publish/update activity — what this authority changed and when, which is the change-detection signal behind the catalogue. Served by the CKAN platform at data.gov.ro.	no	pending-probe
ro-data-gov-ro-org-academia-de-politie-alexandru-ioan-cuza	https://data.gov.ro/api/3/action/package_search?fq=organization:academia-de-politie-alexandru-ioan-cuza&rows=100	json:result.results		Data.Gov.RO - Official Romanian OD Portal — org-academia-de-politie-alexandru-ioan-cuza (Romania)		ro_opendata	opendata	ro	ro,ckan,opendata,org-academia-de-politie-alexandru-ioan-cuza	86400	Everything published by Academia de Poliţie „Alexandru Ioan Cuza” on this portal: every dataset with its resources, licence, tags and last-modified date. Served by the CKAN platform at data.gov.ro.	no	pending-probe
ro-data-gov-ro-org-administratia-nationala-apele-romane	https://data.gov.ro/api/3/action/package_search?fq=organization:administratia_nationala_apele_romane&rows=100	json:result.results		Data.Gov.RO - Official Romanian OD Portal — org-administratia-nationala-apele-romane (Romania)		ro_opendata	opendata	ro	ro,ckan,opendata,org-administratia-nationala-apele-romane	86400	Everything published by Administraţia Naţională Apele Române on this portal: every dataset with its resources, licence, tags and last-modified date. Served by the CKAN platform at data.gov.ro.	no	pending-probe
ro-data-gov-ro-org-administratia-nationala-a-rezervelor-de-	https://data.gov.ro/api/3/action/package_search?fq=organization:administratia-nationala-a-rezervelor-de-stat-si-probleme-sociale&rows=100	json:result.results		Data.Gov.RO - Official Romanian OD Portal — org-administratia-nationala-a-rezervelor-de- (Romania)		ro_opendata	opendata	ro	ro,ckan,opendata,org-administratia-nationala-a-rezervelor-de-	86400	Everything published by Administraţia Naţională a Rezervelor de Stat şi Probleme Speciale on this portal: every dataset with its resources, licence, tags and last-modified date. Served by the CKAN platform at data.gov.ro.	no	pending-probe
ro-data-gov-ro-org-administratia-fluviala-a-dunarii-de-jos-	https://data.gov.ro/api/3/action/package_search?fq=organization:administratia-fluviala-a-dunarii-de-jos-galati&rows=100	json:result.results		Data.Gov.RO - Official Romanian OD Portal — org-administratia-fluviala-a-dunarii-de-jos- (Romania)		ro_opendata	opendata	ro	ro,ckan,opendata,org-administratia-fluviala-a-dunarii-de-jos-	86400	Everything published by Administrația Fluvială a Dunării de Jos Galați on this portal: every dataset with its resources, licence, tags and last-modified date. Served by the CKAN platform at data.gov.ro.	no	pending-probe
ro-data-gov-ro-org-administratia-fondului-cultural-national	https://data.gov.ro/api/3/action/package_search?fq=organization:administratia-fondului-cultural-national&rows=100	json:result.results		Data.Gov.RO - Official Romanian OD Portal — org-administratia-fondului-cultural-national (Romania)		ro_opendata	opendata	ro	ro,ckan,opendata,org-administratia-fondului-cultural-national	86400	Everything published by Administrația Fondului Cultural Național on this portal: every dataset with its resources, licence, tags and last-modified date. Served by the CKAN platform at data.gov.ro.	no	pending-probe
ro-data-gov-ro-org-anp	https://data.gov.ro/api/3/action/package_search?fq=organization:anp&rows=100	json:result.results		Data.Gov.RO - Official Romanian OD Portal — org-anp (Romania)		ro_opendata	opendata	ro	ro,ckan,opendata,org-anp	86400	Everything published by Administrația Națională a Penitenciarelor on this portal: every dataset with its resources, licence, tags and last-modified date. Served by the CKAN platform at data.gov.ro.	no	pending-probe
ro-data-gov-ro-org-administratia-nationala-de-meteorologie	https://data.gov.ro/api/3/action/package_search?fq=organization:administratia-nationala-de-meteorologie&rows=100	json:result.results		Data.Gov.RO - Official Romanian OD Portal — org-administratia-nationala-de-meteorologie (Romania)		ro_opendata	opendata	ro	ro,ckan,opendata,org-administratia-nationala-de-meteorologie	86400	Everything published by Administrația Națională de Meteorologie on this portal: every dataset with its resources, licence, tags and last-modified date. Served by the CKAN platform at data.gov.ro.	no	pending-probe
ro-data-gov-ro-org-agentia-nationala-anti-doping	https://data.gov.ro/api/3/action/package_search?fq=organization:agentia-nationala-anti-doping&rows=100	json:result.results		Data.Gov.RO - Official Romanian OD Portal — org-agentia-nationala-anti-doping (Romania)		ro_opendata	opendata	ro	ro,ckan,opendata,org-agentia-nationala-anti-doping	86400	Everything published by Agenţia Naţională Anti-Doping on this portal: every dataset with its resources, licence, tags and last-modified date. Served by the CKAN platform at data.gov.ro.	no	pending-probe
ro-data-gov-ro-org-agentia-nationala-antidrog	https://data.gov.ro/api/3/action/package_search?fq=organization:agentia-nationala-antidrog&rows=100	json:result.results		Data.Gov.RO - Official Romanian OD Portal — org-agentia-nationala-antidrog (Romania)		ro_opendata	opendata	ro	ro,ckan,opendata,org-agentia-nationala-antidrog	86400	Everything published by Agenţia Naţională Antidrog on this portal: every dataset with its resources, licence, tags and last-modified date. Served by the CKAN platform at data.gov.ro.	no	pending-probe
ro-data-gov-ro-org-agentia-nationala-impotriva-traficului-d	https://data.gov.ro/api/3/action/package_search?fq=organization:agentia-nationala-impotriva-traficului-de-persoane&rows=100	json:result.results		Data.Gov.RO - Official Romanian OD Portal — org-agentia-nationala-impotriva-traficului-d (Romania)		ro_opendata	opendata	ro	ro,ckan,opendata,org-agentia-nationala-impotriva-traficului-d	86400	Everything published by Agenţia Naţională împotriva Traficului de Persoane on this portal: every dataset with its resources, licence, tags and last-modified date. Served by the CKAN platform at data.gov.ro.	no	pending-probe
ro-data-gov-ro-org-agentia-de-plati-si-interventie-pentru-a	https://data.gov.ro/api/3/action/package_search?fq=organization:agentia-de-plati-si-interventie-pentru-agricultura&rows=100	json:result.results		Data.Gov.RO - Official Romanian OD Portal — org-agentia-de-plati-si-interventie-pentru-a (Romania)		ro_opendata	opendata	ro	ro,ckan,opendata,org-agentia-de-plati-si-interventie-pentru-a	86400	Everything published by Agenţia de Plăţi şi Intervenţie pentru Agricultură on this portal: every dataset with its resources, licence, tags and last-modified date. Served by the CKAN platform at data.gov.ro.	no	pending-probe
ro-data-gov-ro-org-agentia-nationala-a-functionarilor-publi	https://data.gov.ro/api/3/action/package_search?fq=organization:agentia-nationala-a-functionarilor-publici&rows=100	json:result.results		Data.Gov.RO - Official Romanian OD Portal — org-agentia-nationala-a-functionarilor-publi (Romania)		ro_opendata	opendata	ro	ro,ckan,opendata,org-agentia-nationala-a-functionarilor-publi	86400	Everything published by Agenția Națională a Funcționarilor Publici  on this portal: every dataset with its resources, licence, tags and last-modified date. Served by the CKAN platform at data.gov.ro.	no	pending-probe
ro-data-gov-ro-org-agentia-nationala-de-administrare-fiscal	https://data.gov.ro/api/3/action/package_search?fq=organization:agentia-nationala-de-administrare-fiscala&rows=100	json:result.results		Data.Gov.RO - Official Romanian OD Portal — org-agentia-nationala-de-administrare-fiscal (Romania)		ro_opendata	opendata	ro	ro,ckan,opendata,org-agentia-nationala-de-administrare-fiscal	86400	Everything published by Agenția Națională de Administrare Fiscală on this portal: every dataset with its resources, licence, tags and last-modified date. Served by the CKAN platform at data.gov.ro.	no	pending-probe
ro-data-gov-ro-org-ancpi	https://data.gov.ro/api/3/action/package_search?fq=organization:ancpi&rows=100	json:result.results		Data.Gov.RO - Official Romanian OD Portal — org-ancpi (Romania)		ro_opendata	opendata	ro	ro,ckan,opendata,org-ancpi	86400	Everything published by Agenția Națională de Cadastru și Publicitate Imobiliară on this portal: every dataset with its resources, licence, tags and last-modified date. Served by the CKAN platform at data.gov.ro.	no	pending-probe
ro-data-gov-ro-org-agentia-nationala-pentru-egalitatea-de-s	https://data.gov.ro/api/3/action/package_search?fq=organization:agentia-nationala-pentru-egalitatea-de-sanse-intre-femei-si-barbati&rows=100	json:result.results		Data.Gov.RO - Official Romanian OD Portal — org-agentia-nationala-pentru-egalitatea-de-s (Romania)		ro_opendata	opendata	ro	ro,ckan,opendata,org-agentia-nationala-pentru-egalitatea-de-s	86400	Everything published by Agenția Națională pentru Egalitatea de Șanse între Femei și Bărbați on this portal: every dataset with its resources, licence, tags and last-modified date. Served by the CKAN platform at data.gov.ro.	no	pending-probe
ro-data-gov-ro-org-agentia-nationala-pentru-locuinte	https://data.gov.ro/api/3/action/package_search?fq=organization:agentia-nationala-pentru-locuinte&rows=100	json:result.results		Data.Gov.RO - Official Romanian OD Portal — org-agentia-nationala-pentru-locuinte (Romania)		ro_opendata	opendata	ro	ro,ckan,opendata,org-agentia-nationala-pentru-locuinte	86400	Everything published by Agenția Națională pentru Locuințe on this portal: every dataset with its resources, licence, tags and last-modified date. Served by the CKAN platform at data.gov.ro.	no	pending-probe
ro-data-gov-ro-org-agentia-nationala-pentru-ocuparea-fortei	https://data.gov.ro/api/3/action/package_search?fq=organization:agentia-nationala-pentru-ocuparea-fortei-de-munca&rows=100	json:result.results		Data.Gov.RO - Official Romanian OD Portal — org-agentia-nationala-pentru-ocuparea-fortei (Romania)		ro_opendata	opendata	ro	ro,ckan,opendata,org-agentia-nationala-pentru-ocuparea-fortei	86400	Everything published by Agenția Națională pentru Ocuparea Forței de Muncă on this portal: every dataset with its resources, licence, tags and last-modified date. Served by the CKAN platform at data.gov.ro.	no	pending-probe
ro-data-gov-ro-org-agentia-nationala-pentru-plati-si-inspec	https://data.gov.ro/api/3/action/package_search?fq=organization:agentia-nationala-pentru-plati-si-inspectie-sociala&rows=100	json:result.results		Data.Gov.RO - Official Romanian OD Portal — org-agentia-nationala-pentru-plati-si-inspec (Romania)		ro_opendata	opendata	ro	ro,ckan,opendata,org-agentia-nationala-pentru-plati-si-inspec	86400	Everything published by Agenția Națională pentru Plăți și Inspecție Socială on this portal: every dataset with its resources, licence, tags and last-modified date. Served by the CKAN platform at data.gov.ro.	no	pending-probe
ro-data-gov-ro-org-agentia-nationala-pentru-protectia-mediu	https://data.gov.ro/api/3/action/package_search?fq=organization:agentia-nationala-pentru-protectia-mediului&rows=100	json:result.results		Data.Gov.RO - Official Romanian OD Portal — org-agentia-nationala-pentru-protectia-mediu (Romania)		ro_opendata	opendata	ro	ro,ckan,opendata,org-agentia-nationala-pentru-protectia-mediu	86400	Everything published by Agenția Națională pentru Protecția Mediului on this portal: every dataset with its resources, licence, tags and last-modified date. Served by the CKAN platform at data.gov.ro.	no	pending-probe
ro-data-gov-ro-org-agentia-romana-de-asigurare-a-calitatii-	https://data.gov.ro/api/3/action/package_search?fq=organization:agentia-romana-de-asigurare-a-calitatii-in-invatamantul-preuniversitar&rows=100	json:result.results		Data.Gov.RO - Official Romanian OD Portal — org-agentia-romana-de-asigurare-a-calitatii- (Romania)		ro_opendata	opendata	ro	ro,ckan,opendata,org-agentia-romana-de-asigurare-a-calitatii-	86400	Everything published by Agenția Română de Asigurare a Calității în Învățământul Preuniversitar on this portal: every dataset with its resources, licence, tags and last-modified date. Served by the CKAN platform at data.gov.ro.	no	pending-probe
ro-data-gov-ro-org-agentia-pentru-finantarea-investitiilor-	https://data.gov.ro/api/3/action/package_search?fq=organization:agentia-pentru-finantarea-investitiilor-rurale&rows=100	json:result.results		Data.Gov.RO - Official Romanian OD Portal — org-agentia-pentru-finantarea-investitiilor- (Romania)		ro_opendata	opendata	ro	ro,ckan,opendata,org-agentia-pentru-finantarea-investitiilor-	86400	Everything published by Agenția pentru Finanțarea Investițiilor Rurale on this portal: every dataset with its resources, licence, tags and last-modified date. Served by the CKAN platform at data.gov.ro.	no	pending-probe
ro-data-gov-ro-org-agentia-pentru-monitorizarea-si-evaluare	https://data.gov.ro/api/3/action/package_search?fq=organization:agentia-pentru-monitorizarea-si-evaluarea-performantelor-intreprinderilor-publice&rows=100	json:result.results		Data.Gov.RO - Official Romanian OD Portal — org-agentia-pentru-monitorizarea-si-evaluare (Romania)		ro_opendata	opendata	ro	ro,ckan,opendata,org-agentia-pentru-monitorizarea-si-evaluare	86400	Everything published by Agenția pentru Monitorizarea și Evaluarea  Performanțelor Întreprinderilor Publice on this portal: every dataset with its resources, licence, tags and last-modified date. Served by the CKAN platform at data.gov.ro.	no	pending-probe
ro-data-gov-ro-org-agentia-pentru-protectia-mediului-arges	https://data.gov.ro/api/3/action/package_search?fq=organization:agentia-pentru-protectia-mediului-arges&rows=100	json:result.results		Data.Gov.RO - Official Romanian OD Portal — org-agentia-pentru-protectia-mediului-arges (Romania)		ro_opendata	opendata	ro	ro,ckan,opendata,org-agentia-pentru-protectia-mediului-arges	86400	Everything published by Agenția pentru Protecția Mediului Argeș on this portal: every dataset with its resources, licence, tags and last-modified date. Served by the CKAN platform at data.gov.ro.	no	pending-probe
ro-data-gov-ro-org-agentia-pentru-protectia-mediului-timis	https://data.gov.ro/api/3/action/package_search?fq=organization:agentia_pentru_protectia_mediului_timis&rows=100	json:result.results		Data.Gov.RO - Official Romanian OD Portal — org-agentia-pentru-protectia-mediului-timis (Romania)		ro_opendata	opendata	ro	ro,ckan,opendata,org-agentia-pentru-protectia-mediului-timis	86400	Everything published by Agenția pentru Protecția Mediului Timiș  on this portal: every dataset with its resources, licence, tags and last-modified date. Served by the CKAN platform at data.gov.ro.	no	pending-probe
ro-data-gov-ro-org-agentia-pentru-protectia-mediului-vaslui	https://data.gov.ro/api/3/action/package_search?fq=organization:agentia-pentru-protectia-mediului-vaslui&rows=100	json:result.results		Data.Gov.RO - Official Romanian OD Portal — org-agentia-pentru-protectia-mediului-vaslui (Romania)		ro_opendata	opendata	ro	ro,ckan,opendata,org-agentia-pentru-protectia-mediului-vaslui	86400	Everything published by Agenția pentru Protecția Mediului Vaslui on this portal: every dataset with its resources, licence, tags and last-modified date. Served by the CKAN platform at data.gov.ro.	no	pending-probe
ro-data-gov-ro-org-arhivele-nationale	https://data.gov.ro/api/3/action/package_search?fq=organization:arhivele-nationale&rows=100	json:result.results		Data.Gov.RO - Official Romanian OD Portal — org-arhivele-nationale (Romania)		ro_opendata	opendata	ro	ro,ckan,opendata,org-arhivele-nationale	86400	Everything published by Arhivele Naţionale on this portal: every dataset with its resources, licence, tags and last-modified date. Served by the CKAN platform at data.gov.ro.	no	pending-probe
ro-data-gov-ro-org-asociatia-chinologica-romana	https://data.gov.ro/api/3/action/package_search?fq=organization:asociatia-chinologica-romana&rows=100	json:result.results		Data.Gov.RO - Official Romanian OD Portal — org-asociatia-chinologica-romana (Romania)		ro_opendata	opendata	ro	ro,ckan,opendata,org-asociatia-chinologica-romana	86400	Everything published by Asociația Chinologică Română on this portal: every dataset with its resources, licence, tags and last-modified date. Served by the CKAN platform at data.gov.ro.	no	pending-probe
ro-data-gov-ro-org-atlasul-social	https://data.gov.ro/api/3/action/package_search?fq=organization:atlasul-social&rows=100	json:result.results		Data.Gov.RO - Official Romanian OD Portal — org-atlasul-social (Romania)		ro_opendata	opendata	ro	ro,ckan,opendata,org-atlasul-social	86400	Everything published by Atlasul Social on this portal: every dataset with its resources, licence, tags and last-modified date. Served by the CKAN platform at data.gov.ro.	no	pending-probe
ro-data-gov-ro-org-a-c-c-r-o-o	https://data.gov.ro/api/3/action/package_search?fq=organization:a-c-c-r-o-o&rows=100	json:result.results		Data.Gov.RO - Official Romanian OD Portal — org-a-c-c-r-o-o (Romania)		ro_opendata	opendata	ro	ro,ckan,opendata,org-a-c-c-r-o-o	86400	Everything published by Autoritatea Competentă pentru Reglementarea Operațiunilor Offshore la Marea Neagră on this portal: every dataset with its resources, licence, tags and last-modified date. Served by the CKAN platform at data.gov.ro.	no	pending-probe
ro-data-gov-ro-org-autoritatea-electorala-permanenta	https://data.gov.ro/api/3/action/package_search?fq=organization:autoritatea-electorala-permanenta&rows=100	json:result.results		Data.Gov.RO - Official Romanian OD Portal — org-autoritatea-electorala-permanenta (Romania)		ro_opendata	opendata	ro	ro,ckan,opendata,org-autoritatea-electorala-permanenta	86400	Everything published by Autoritatea Electorală Permanentă on this portal: every dataset with its resources, licence, tags and last-modified date. Served by the CKAN platform at data.gov.ro.	no	pending-probe
ro-data-gov-ro-org-autoritatea-nationala-pentru-cetatenie	https://data.gov.ro/api/3/action/package_search?fq=organization:autoritatea-nationala-pentru-cetatenie&rows=100	json:result.results		Data.Gov.RO - Official Romanian OD Portal — org-autoritatea-nationala-pentru-cetatenie (Romania)		ro_opendata	opendata	ro	ro,ckan,opendata,org-autoritatea-nationala-pentru-cetatenie	86400	Everything published by Autoritatea Naţională pentru Cetăţenie on this portal: every dataset with its resources, licence, tags and last-modified date. Served by the CKAN platform at data.gov.ro.	no	pending-probe
ro-data-gov-ro-org-autoritatea-nationala-sanitara-veterinar	https://data.gov.ro/api/3/action/package_search?fq=organization:autoritatea-nationala-sanitara-veterinara-si-pentru-siguranta-alimentelor&rows=100	json:result.results		Data.Gov.RO - Official Romanian OD Portal — org-autoritatea-nationala-sanitara-veterinar (Romania)		ro_opendata	opendata	ro	ro,ckan,opendata,org-autoritatea-nationala-sanitara-veterinar	86400	Everything published by Autoritatea Națională Sanitară Veterinară și pentru Siguranța Alimentelor on this portal: every dataset with its resources, licence, tags and last-modified date. Served by the CKAN platform at data.gov.ro.	no	pending-probe
ro-data-gov-ro-org-autoritatea-nationala-de-managament-al-c	https://data.gov.ro/api/3/action/package_search?fq=organization:autoritatea-nationala-de-managament-al-calitatii-in-sanatate&rows=100	json:result.results		Data.Gov.RO - Official Romanian OD Portal — org-autoritatea-nationala-de-managament-al-c (Romania)		ro_opendata	opendata	ro	ro,ckan,opendata,org-autoritatea-nationala-de-managament-al-c	86400	Everything published by Autoritatea Națională de Managament al Calității în Sănătate on this portal: every dataset with its resources, licence, tags and last-modified date. Served by the CKAN platform at data.gov.ro.	no	pending-probe
ro-data-gov-ro-org-autoritatea-nationala-de-reglementare-pe	https://data.gov.ro/api/3/action/package_search?fq=organization:autoritatea-nationala-de-reglementare-pentru-serviciile-comunitare-de-utilitati-publice&rows=100	json:result.results		Data.Gov.RO - Official Romanian OD Portal — org-autoritatea-nationala-de-reglementare-pe (Romania)		ro_opendata	opendata	ro	ro,ckan,opendata,org-autoritatea-nationala-de-reglementare-pe	86400	Everything published by Autoritatea Națională de Reglementare pentru Serviciile Comunitare de Utilități Publice on this portal: every dataset with its resources, licence, tags and last-modified date. Served by the CKAN platform at data.gov.ro.	no	pending-probe
ro-data-gov-ro-org-anrdmpsgdc	https://data.gov.ro/api/3/action/package_search?fq=organization:anrdmpsgdc&rows=100	json:result.results		Data.Gov.RO - Official Romanian OD Portal — org-anrdmpsgdc (Romania)		ro_opendata	opendata	ro	ro,ckan,opendata,org-anrdmpsgdc	86400	Everything published by Autoritatea Națională de Reglementare în Domeniul Minier, Petrolier și al Stocării Geologice a Dioxidului de Carbon on this portal: every dataset with its resources, licence, tags and last-modified date. Served by the CKAN platform at data.gov.ro.	no	pending-probe
ro-data-gov-ro-org-anfpisdr	https://data.gov.ro/api/3/action/package_search?fq=organization:anfpisdr&rows=100	json:result.results		Data.Gov.RO - Official Romanian OD Portal — org-anfpisdr (Romania)		ro_opendata	opendata	ro	ro,ckan,opendata,org-anfpisdr	86400	Everything published by Autoritatea Națională pentru Formare Profesională Inițială în Sistem Dual din România on this portal: every dataset with its resources, licence, tags and last-modified date. Served by the CKAN platform at data.gov.ro.	no	pending-probe
ro-data-gov-ro-org-autoritatea-nationala-pentru-protectia-d	https://data.gov.ro/api/3/action/package_search?fq=organization:autoritatea-nationala-pentru-protectia-drepturilor-copilului-si-adoptie&rows=100	json:result.results		Data.Gov.RO - Official Romanian OD Portal — org-autoritatea-nationala-pentru-protectia-d (Romania)		ro_opendata	opendata	ro	ro,ckan,opendata,org-autoritatea-nationala-pentru-protectia-d	86400	Everything published by Autoritatea Națională pentru Protecția Drepturilor Copilului și Adopție on this portal: every dataset with its resources, licence, tags and last-modified date. Served by the CKAN platform at data.gov.ro.	no	pending-probe
ro-data-gov-ro-org-aaas	https://data.gov.ro/api/3/action/package_search?fq=organization:aaas&rows=100	json:result.results		Data.Gov.RO - Official Romanian OD Portal — org-aaas (Romania)		ro_opendata	opendata	ro	ro,ckan,opendata,org-aaas	86400	Everything published by Autoritatea pentru Administrarea Activelor Statului on this portal: every dataset with its resources, licence, tags and last-modified date. Served by the CKAN platform at data.gov.ro.	no	pending-probe
ro-data-gov-ro-org-agentia-pentru-agenda-digitala-a-romanie	https://data.gov.ro/api/3/action/package_search?fq=organization:agentia-pentru-agenda-digitala-a-romaniei&rows=100	json:result.results		Data.Gov.RO - Official Romanian OD Portal — org-agentia-pentru-agenda-digitala-a-romanie (Romania)		ro_opendata	opendata	ro	ro,ckan,opendata,org-agentia-pentru-agenda-digitala-a-romanie	86400	Everything published by Autoritatea pentru Digitalizarea României on this portal: every dataset with its resources, licence, tags and last-modified date. Served by the CKAN platform at data.gov.ro.	no	pending-probe
ro-data-gov-ro-org-biblioteca-nationala-a-romaniei	https://data.gov.ro/api/3/action/package_search?fq=organization:biblioteca-nationala-a-romaniei&rows=100	json:result.results		Data.Gov.RO - Official Romanian OD Portal — org-biblioteca-nationala-a-romaniei (Romania)		ro_opendata	opendata	ro	ro,ckan,opendata,org-biblioteca-nationala-a-romaniei	86400	Everything published by Biblioteca Națională a României on this portal: every dataset with its resources, licence, tags and last-modified date. Served by the CKAN platform at data.gov.ro.	no	pending-probe
ro-data-gov-ro-org-cancelaria-prim-ministrului	https://data.gov.ro/api/3/action/package_search?fq=organization:cancelaria-prim-ministrului&rows=100	json:result.results		Data.Gov.RO - Official Romanian OD Portal — org-cancelaria-prim-ministrului (Romania)		ro_opendata	opendata	ro	ro,ckan,opendata,org-cancelaria-prim-ministrului	86400	Everything published by Cancelaria Prim-Ministrului on this portal: every dataset with its resources, licence, tags and last-modified date. Served by the CKAN platform at data.gov.ro.	no	pending-probe
gb-data-gov-uk-datasets	https://data.gov.uk/api/3/action/package_search?rows=100	json:result.results		Data.gov.uk — datasets (United Kingdom)		gb_opendata	opendata	en	gb,ckan,opendata,datasets	86400	Dataset catalogue: title, notes, organization, licence, tags, resource list and modification dates for every published dataset. Served by the CKAN platform at data.gov.uk.	no	pending-probe
gb-data-gov-uk-orgs	https://data.gov.uk/api/3/action/organization_list?all_fields=true	json:result		Data.gov.uk — orgs (United Kingdom)		gb_opendata	opendata	en	gb,ckan,opendata,orgs	86400	Every publishing organisation on the portal with its title, description, package count and image. Served by the CKAN platform at data.gov.uk.	no	pending-probe
gb-data-gov-uk-groups	https://data.gov.uk/api/3/action/group_list?all_fields=true	json:result		Data.gov.uk — groups (United Kingdom)		gb_opendata	opendata	en	gb,ckan,opendata,groups	86400	Thematic groups/collections declared by the portal. Served by the CKAN platform at data.gov.uk.	no	pending-probe
gb-data-gov-uk-tags	https://data.gov.uk/api/3/action/tag_list	json:result		Data.gov.uk — tags (United Kingdom)		gb_opendata	opendata	en	gb,ckan,opendata,tags	86400	The portal's full controlled vocabulary of dataset tags. Served by the CKAN platform at data.gov.uk.	no	pending-probe
gb-data-gov-uk-activity	https://data.gov.uk/api/3/action/recently_changed_packages_activity_list?limit=100	json:result		Data.gov.uk — activity (United Kingdom)		gb_opendata	opendata	en	gb,ckan,opendata,activity	86400	Recent publish/update activity — what this authority changed and when, which is the change-detection signal behind the catalogue. Served by the CKAN platform at data.gov.uk.	no	pending-probe
gb-data-gov-uk-org-3c-shared-services	https://data.gov.uk/api/3/action/package_search?fq=organization:3c-shared-services&rows=100	json:result.results		Data.gov.uk — org-3c-shared-services (United Kingdom)		gb_opendata	opendata	en	gb,ckan,opendata,org-3c-shared-services	86400	Everything published by 3C Shared Services  on this portal: every dataset with its resources, licence, tags and last-modified date. Served by the CKAN platform at data.gov.uk.	no	pending-probe
gb-data-gov-uk-org-aberdeen-city-council	https://data.gov.uk/api/3/action/package_search?fq=organization:aberdeen-city-council&rows=100	json:result.results		Data.gov.uk — org-aberdeen-city-council (United Kingdom)		gb_opendata	opendata	en	gb,ckan,opendata,org-aberdeen-city-council	86400	Everything published by Aberdeen City Council on this portal: every dataset with its resources, licence, tags and last-modified date. Served by the CKAN platform at data.gov.uk.	no	pending-probe
gb-data-gov-uk-org-aberdeenshire-council	https://data.gov.uk/api/3/action/package_search?fq=organization:aberdeenshire-council&rows=100	json:result.results		Data.gov.uk — org-aberdeenshire-council (United Kingdom)		gb_opendata	opendata	en	gb,ckan,opendata,org-aberdeenshire-council	86400	Everything published by Aberdeenshire Council on this portal: every dataset with its resources, licence, tags and last-modified date. Served by the CKAN platform at data.gov.uk.	no	pending-probe
gb-data-gov-uk-org-active-travel-england	https://data.gov.uk/api/3/action/package_search?fq=organization:active-travel-england&rows=100	json:result.results		Data.gov.uk — org-active-travel-england (United Kingdom)		gb_opendata	opendata	en	gb,ckan,opendata,org-active-travel-england	86400	Everything published by Active Travel England on this portal: every dataset with its resources, licence, tags and last-modified date. Served by the CKAN platform at data.gov.uk.	no	pending-probe
gb-data-gov-uk-org-adur-district-council	https://data.gov.uk/api/3/action/package_search?fq=organization:adur-district-council&rows=100	json:result.results		Data.gov.uk — org-adur-district-council (United Kingdom)		gb_opendata	opendata	en	gb,ckan,opendata,org-adur-district-council	86400	Everything published by Adur District Council on this portal: every dataset with its resources, licence, tags and last-modified date. Served by the CKAN platform at data.gov.uk.	no	pending-probe
gb-data-gov-uk-org-advanced-research-and-invention-agency	https://data.gov.uk/api/3/action/package_search?fq=organization:advanced-research-and-invention-agency&rows=100	json:result.results		Data.gov.uk — org-advanced-research-and-invention-agency (United Kingdom)		gb_opendata	opendata	en	gb,ckan,opendata,org-advanced-research-and-invention-agency	86400	Everything published by Advanced Research and Invention Agency on this portal: every dataset with its resources, licence, tags and last-modified date. Served by the CKAN platform at data.gov.uk.	no	pending-probe
gb-data-gov-uk-org-advantage-west-midlands	https://data.gov.uk/api/3/action/package_search?fq=organization:advantage-west-midlands&rows=100	json:result.results		Data.gov.uk — org-advantage-west-midlands (United Kingdom)		gb_opendata	opendata	en	gb,ckan,opendata,org-advantage-west-midlands	86400	Everything published by Advantage West Midlands on this portal: every dataset with its resources, licence, tags and last-modified date. Served by the CKAN platform at data.gov.uk.	no	pending-probe
gb-data-gov-uk-org-advisory-conciliation-and-arbitration-se	https://data.gov.uk/api/3/action/package_search?fq=organization:advisory-conciliation-and-arbitration-service&rows=100	json:result.results		Data.gov.uk — org-advisory-conciliation-and-arbitration-se (United Kingdom)		gb_opendata	opendata	en	gb,ckan,opendata,org-advisory-conciliation-and-arbitration-se	86400	Everything published by Advisory, Conciliation and Arbitration Service on this portal: every dataset with its resources, licence, tags and last-modified date. Served by the CKAN platform at data.gov.uk.	no	pending-probe
gb-data-gov-uk-org-agri-food-and-biosciences-institute	https://data.gov.uk/api/3/action/package_search?fq=organization:agri-food-and-biosciences-institute&rows=100	json:result.results		Data.gov.uk — org-agri-food-and-biosciences-institute (United Kingdom)		gb_opendata	opendata	en	gb,ckan,opendata,org-agri-food-and-biosciences-institute	86400	Everything published by Agri-Food and Biosciences Institute on this portal: every dataset with its resources, licence, tags and last-modified date. Served by the CKAN platform at data.gov.uk.	no	pending-probe
gb-data-gov-uk-org-air-command	https://data.gov.uk/api/3/action/package_search?fq=organization:air-command&rows=100	json:result.results		Data.gov.uk — org-air-command (United Kingdom)		gb_opendata	opendata	en	gb,ckan,opendata,org-air-command	86400	Everything published by Air Command on this portal: every dataset with its resources, licence, tags and last-modified date. Served by the CKAN platform at data.gov.uk.	no	pending-probe
gb-data-gov-uk-org-airedale-nhs-foundation-trust	https://data.gov.uk/api/3/action/package_search?fq=organization:airedale-nhs-foundation-trust&rows=100	json:result.results		Data.gov.uk — org-airedale-nhs-foundation-trust (United Kingdom)		gb_opendata	opendata	en	gb,ckan,opendata,org-airedale-nhs-foundation-trust	86400	Everything published by Airedale NHS Foundation Trust on this portal: every dataset with its resources, licence, tags and last-modified date. Served by the CKAN platform at data.gov.uk.	no	pending-probe
gb-data-gov-uk-org-alder-hey-childrens-nhs-foundation-trust	https://data.gov.uk/api/3/action/package_search?fq=organization:alder-hey-childrens-nhs-foundation-trust&rows=100	json:result.results		Data.gov.uk — org-alder-hey-childrens-nhs-foundation-trust (United Kingdom)		gb_opendata	opendata	en	gb,ckan,opendata,org-alder-hey-childrens-nhs-foundation-trust	86400	Everything published by Alder Hey Children's NHS Foundation Trust on this portal: every dataset with its resources, licence, tags and last-modified date. Served by the CKAN platform at data.gov.uk.	no	pending-probe
gb-data-gov-uk-org-allerdale-borough-council	https://data.gov.uk/api/3/action/package_search?fq=organization:allerdale-borough-council&rows=100	json:result.results		Data.gov.uk — org-allerdale-borough-council (United Kingdom)		gb_opendata	opendata	en	gb,ckan,opendata,org-allerdale-borough-council	86400	Everything published by Allerdale Borough Council on this portal: every dataset with its resources, licence, tags and last-modified date. Served by the CKAN platform at data.gov.uk.	no	pending-probe
gb-data-gov-uk-org-amber-valley-borough-council	https://data.gov.uk/api/3/action/package_search?fq=organization:amber-valley-borough-council&rows=100	json:result.results		Data.gov.uk — org-amber-valley-borough-council (United Kingdom)		gb_opendata	opendata	en	gb,ckan,opendata,org-amber-valley-borough-council	86400	Everything published by Amber Valley Borough Council on this portal: every dataset with its resources, licence, tags and last-modified date. Served by the CKAN platform at data.gov.uk.	no	pending-probe
gb-data-gov-uk-org-angus-council	https://data.gov.uk/api/3/action/package_search?fq=organization:angus-council&rows=100	json:result.results		Data.gov.uk — org-angus-council (United Kingdom)		gb_opendata	opendata	en	gb,ckan,opendata,org-angus-council	86400	Everything published by Angus Council on this portal: every dataset with its resources, licence, tags and last-modified date. Served by the CKAN platform at data.gov.uk.	no	pending-probe
gb-data-gov-uk-org-animal-and-plant-health-agency	https://data.gov.uk/api/3/action/package_search?fq=organization:animal-and-plant-health-agency&rows=100	json:result.results		Data.gov.uk — org-animal-and-plant-health-agency (United Kingdom)		gb_opendata	opendata	en	gb,ckan,opendata,org-animal-and-plant-health-agency	86400	Everything published by Animal and Plant Health Agency on this portal: every dataset with its resources, licence, tags and last-modified date. Served by the CKAN platform at data.gov.uk.	no	pending-probe
gb-data-gov-uk-org-animal-health-and-veterinary-laboratorie	https://data.gov.uk/api/3/action/package_search?fq=organization:animal-health-and-veterinary-laboratories-agency&rows=100	json:result.results		Data.gov.uk — org-animal-health-and-veterinary-laboratorie (United Kingdom)		gb_opendata	opendata	en	gb,ckan,opendata,org-animal-health-and-veterinary-laboratorie	86400	Everything published by Animal Health and Veterinary Laboratories Agency on this portal: every dataset with its resources, licence, tags and last-modified date. Served by the CKAN platform at data.gov.uk.	no	pending-probe
gb-data-gov-uk-org-appointments-commission	https://data.gov.uk/api/3/action/package_search?fq=organization:appointments-commission&rows=100	json:result.results		Data.gov.uk — org-appointments-commission (United Kingdom)		gb_opendata	opendata	en	gb,ckan,opendata,org-appointments-commission	86400	Everything published by Appointments Commission on this portal: every dataset with its resources, licence, tags and last-modified date. Served by the CKAN platform at data.gov.uk.	no	pending-probe
gb-data-gov-uk-org-architects-registration-board	https://data.gov.uk/api/3/action/package_search?fq=organization:architects-registration-board&rows=100	json:result.results		Data.gov.uk — org-architects-registration-board (United Kingdom)		gb_opendata	opendata	en	gb,ckan,opendata,org-architects-registration-board	86400	Everything published by Architects Registration Board on this portal: every dataset with its resources, licence, tags and last-modified date. Served by the CKAN platform at data.gov.uk.	no	pending-probe
gb-data-gov-uk-org-army-command	https://data.gov.uk/api/3/action/package_search?fq=organization:army-command&rows=100	json:result.results		Data.gov.uk — org-army-command (United Kingdom)		gb_opendata	opendata	en	gb,ckan,opendata,org-army-command	86400	Everything published by Army Command on this portal: every dataset with its resources, licence, tags and last-modified date. Served by the CKAN platform at data.gov.uk.	no	pending-probe
gb-data-gov-uk-org-arts-and-humanities-research-council	https://data.gov.uk/api/3/action/package_search?fq=organization:arts-and-humanities-research-council&rows=100	json:result.results		Data.gov.uk — org-arts-and-humanities-research-council (United Kingdom)		gb_opendata	opendata	en	gb,ckan,opendata,org-arts-and-humanities-research-council	86400	Everything published by Arts and Humanities Research Council on this portal: every dataset with its resources, licence, tags and last-modified date. Served by the CKAN platform at data.gov.uk.	no	pending-probe
gb-data-gov-uk-org-arts-council-england	https://data.gov.uk/api/3/action/package_search?fq=organization:arts-council-england&rows=100	json:result.results		Data.gov.uk — org-arts-council-england (United Kingdom)		gb_opendata	opendata	en	gb,ckan,opendata,org-arts-council-england	86400	Everything published by Arts Council England on this portal: every dataset with its resources, licence, tags and last-modified date. Served by the CKAN platform at data.gov.uk.	no	pending-probe
gb-data-gov-uk-org-arun-district-council	https://data.gov.uk/api/3/action/package_search?fq=organization:arun-district-council&rows=100	json:result.results		Data.gov.uk — org-arun-district-council (United Kingdom)		gb_opendata	opendata	en	gb,ckan,opendata,org-arun-district-council	86400	Everything published by Arun District Council on this portal: every dataset with its resources, licence, tags and last-modified date. Served by the CKAN platform at data.gov.uk.	no	pending-probe
gb-data-gov-uk-org-ashfield-district-council	https://data.gov.uk/api/3/action/package_search?fq=organization:ashfield-district-council&rows=100	json:result.results		Data.gov.uk — org-ashfield-district-council (United Kingdom)		gb_opendata	opendata	en	gb,ckan,opendata,org-ashfield-district-council	86400	Everything published by Ashfield District Council on this portal: every dataset with its resources, licence, tags and last-modified date. Served by the CKAN platform at data.gov.uk.	no	pending-probe
gb-data-gov-uk-org-ashford-and-st-peters-hospitals-nhs-trus	https://data.gov.uk/api/3/action/package_search?fq=organization:ashford-and-st-peters-hospitals-nhs-trust&rows=100	json:result.results		Data.gov.uk — org-ashford-and-st-peters-hospitals-nhs-trus (United Kingdom)		gb_opendata	opendata	en	gb,ckan,opendata,org-ashford-and-st-peters-hospitals-nhs-trus	86400	Everything published by Ashford and St. Peter's Hospitals NHS Trust on this portal: every dataset with its resources, licence, tags and last-modified date. Served by the CKAN platform at data.gov.uk.	no	pending-probe
us-data-honolulu-gov-catalog	https://data.honolulu.gov/api/catalog/v1?limit=100	json:results		data.honolulu.gov — catalog (United States)		us_opendata	opendata	en	us,socrata,opendata,catalog	86400	Socrata discovery catalogue: every dataset with owner, category, provenance, update cadence and column metadata. Served by the SOCRATA platform at data.honolulu.gov.	no	pending-probe
us-data-honolulu-gov-views	https://data.honolulu.gov/api/views/metadata/v1	json-array		data.honolulu.gov — views (United States)		us_opendata	opendata	en	us,socrata,opendata,views	86400	Per-view metadata for every dataset on the domain. Served by the SOCRATA platform at data.honolulu.gov.	no	pending-probe
us-data-lexingtonky-gov-datasets	https://data.lexingtonky.gov/api/search/v1/collections/dataset/items?limit=100	geojson		data.lexingtonky.gov — datasets (United States)		us_opendata	opendata	en	us,arcgis,opendata,datasets	86400	ArcGIS Hub dataset collection with spatial extent, publisher and service URLs. Served by the ARCGIS platform at data.lexingtonky.gov.	no	pending-probe
hr-data-zagreb-hr-datasets	https://data.zagreb.hr/api/3/action/package_search?rows=100	json:result.results		data.zagreb.hr Official Open Data Portal — datasets (Croatia)		hr_opendata	opendata	hr	hr,ckan,opendata,datasets	86400	Dataset catalogue: title, notes, organization, licence, tags, resource list and modification dates for every published dataset. Served by the CKAN platform at data.zagreb.hr.	no	pending-probe
hr-data-zagreb-hr-orgs	https://data.zagreb.hr/api/3/action/organization_list?all_fields=true	json:result		data.zagreb.hr Official Open Data Portal — orgs (Croatia)		hr_opendata	opendata	hr	hr,ckan,opendata,orgs	86400	Every publishing organisation on the portal with its title, description, package count and image. Served by the CKAN platform at data.zagreb.hr.	no	pending-probe
hr-data-zagreb-hr-groups	https://data.zagreb.hr/api/3/action/group_list?all_fields=true	json:result		data.zagreb.hr Official Open Data Portal — groups (Croatia)		hr_opendata	opendata	hr	hr,ckan,opendata,groups	86400	Thematic groups/collections declared by the portal. Served by the CKAN platform at data.zagreb.hr.	no	pending-probe
hr-data-zagreb-hr-tags	https://data.zagreb.hr/api/3/action/tag_list	json:result		data.zagreb.hr Official Open Data Portal — tags (Croatia)		hr_opendata	opendata	hr	hr,ckan,opendata,tags	86400	The portal's full controlled vocabulary of dataset tags. Served by the CKAN platform at data.zagreb.hr.	no	pending-probe
hr-data-zagreb-hr-activity	https://data.zagreb.hr/api/3/action/recently_changed_packages_activity_list?limit=100	json:result		data.zagreb.hr Official Open Data Portal — activity (Croatia)		hr_opendata	opendata	hr	hr,ckan,opendata,activity	86400	Recent publish/update activity — what this authority changed and when, which is the change-detection signal behind the catalogue. Served by the CKAN platform at data.zagreb.hr.	no	pending-probe
hr-data-zagreb-hr-org-grad-zagreb	https://data.zagreb.hr/api/3/action/package_search?fq=organization:grad-zagreb&rows=100	json:result.results		data.zagreb.hr Official Open Data Portal — org-grad-zagreb (Croatia)		hr_opendata	opendata	hr	hr,ckan,opendata,org-grad-zagreb	86400	Everything published by Grad Zagreb on this portal: every dataset with its resources, licence, tags and last-modified date. Served by the CKAN platform at data.zagreb.hr.	no	pending-probe
us-data-lacity-org-catalog	https://data.lacity.org/api/catalog/v1?limit=100	json:results		DataLA — catalog (United States)		us_opendata	opendata	en	us,socrata,opendata,catalog	86400	Socrata discovery catalogue: every dataset with owner, category, provenance, update cadence and column metadata. Served by the SOCRATA platform at data.lacity.org.	no	pending-probe
us-data-lacity-org-views	https://data.lacity.org/api/views/metadata/v1	json-array		DataLA — views (United States)		us_opendata	opendata	en	us,socrata,opendata,views	86400	Per-view metadata for every dataset on the domain. Served by the SOCRATA platform at data.lacity.org.	no	pending-probe
ch-data-bl-ch-facets	https://data.bl.ch/api/explore/v2.1/catalog/facets	json:facets		Datenkatalog Kanton Basel-Land — facets (Switzerland)		ch_opendata	opendata	de	ch,ods,opendata,facets	86400	The portal's facet tree — themes, publishers and keywords with counts, i.e. the shape of what this authority publishes. Served by the ODS platform at data.bl.ch.	no	pending-probe
ch-data-bl-ch-publisher-amt-f-r-daten-und-statistik-bl	https://data.bl.ch/api/explore/v2.1/catalog/datasets?where=publisher%3D%22Amt%20f%C3%BCr%20Daten%20und%20Statistik%20BL%22&limit=100	json:results		Datenkatalog Kanton Basel-Land — publisher-amt-f-r-daten-und-statistik-bl (Switzerland)		ch_opendata	opendata	de	ch,ods,opendata,publisher-amt-f-r-daten-und-statistik-bl	86400	Every dataset on this portal whose publisher is Amt für Daten und Statistik BL — the publisher's full stream, with field schema and record counts. Served by the ODS platform at data.bl.ch.	no	pending-probe
ch-data-bl-ch-publisher-landeskanzlei-des-kantons-basel-landscha	https://data.bl.ch/api/explore/v2.1/catalog/datasets?where=publisher%3D%22Landeskanzlei%20des%20Kantons%20Basel-Landschaft%22&limit=100	json:results		Datenkatalog Kanton Basel-Land — publisher-landeskanzlei-des-kantons-basel-landscha (Switzerland)		ch_opendata	opendata	de	ch,ods,opendata,publisher-landeskanzlei-des-kantons-basel-landscha	86400	Every dataset on this portal whose publisher is Landeskanzlei des Kantons Basel-Landschaft — the publisher's full stream, with field schema and record counts. Served by the ODS platform at data.bl.ch.	no	pending-probe
ch-data-bl-ch-publisher-bundesamt-f-r-statistik	https://data.bl.ch/api/explore/v2.1/catalog/datasets?where=publisher%3D%22Bundesamt%20f%C3%BCr%20Statistik%22&limit=100	json:results		Datenkatalog Kanton Basel-Land — publisher-bundesamt-f-r-statistik (Switzerland)		ch_opendata	opendata	de	ch,ods,opendata,publisher-bundesamt-f-r-statistik	86400	Every dataset on this portal whose publisher is Bundesamt für Statistik — the publisher's full stream, with field schema and record counts. Served by the ODS platform at data.bl.ch.	no	pending-probe
ch-data-bl-ch-publisher-amt-f-r-umweltschutz-und-energie-bl	https://data.bl.ch/api/explore/v2.1/catalog/datasets?where=publisher%3D%22Amt%20f%C3%BCr%20Umweltschutz%20und%20Energie%20BL%22&limit=100	json:results		Datenkatalog Kanton Basel-Land — publisher-amt-f-r-umweltschutz-und-energie-bl (Switzerland)		ch_opendata	opendata	de	ch,ods,opendata,publisher-amt-f-r-umweltschutz-und-energie-bl	86400	Every dataset on this portal whose publisher is Amt für Umweltschutz und Energie BL — the publisher's full stream, with field schema and record counts. Served by the ODS platform at data.bl.ch.	no	pending-probe
ch-data-bl-ch-publisher-amt-f-r-gesundheit-bl	https://data.bl.ch/api/explore/v2.1/catalog/datasets?where=publisher%3D%22Amt%20f%C3%BCr%20Gesundheit%20BL%22&limit=100	json:results		Datenkatalog Kanton Basel-Land — publisher-amt-f-r-gesundheit-bl (Switzerland)		ch_opendata	opendata	de	ch,ods,opendata,publisher-amt-f-r-gesundheit-bl	86400	Every dataset on this portal whose publisher is Amt für Gesundheit BL — the publisher's full stream, with field schema and record counts. Served by the ODS platform at data.bl.ch.	no	pending-probe
ch-data-bl-ch-publisher-bundesamt-f-r-gesundheit	https://data.bl.ch/api/explore/v2.1/catalog/datasets?where=publisher%3D%22Bundesamt%20f%C3%BCr%20Gesundheit%22&limit=100	json:results		Datenkatalog Kanton Basel-Land — publisher-bundesamt-f-r-gesundheit (Switzerland)		ch_opendata	opendata	de	ch,ods,opendata,publisher-bundesamt-f-r-gesundheit	86400	Every dataset on this portal whose publisher is Bundesamt für Gesundheit — the publisher's full stream, with field schema and record counts. Served by the ODS platform at data.bl.ch.	no	pending-probe
ch-data-bl-ch-publisher-amt-f-r-raumplanung-bl	https://data.bl.ch/api/explore/v2.1/catalog/datasets?where=publisher%3D%22Amt%20f%C3%BCr%20Raumplanung%20BL%22&limit=100	json:results		Datenkatalog Kanton Basel-Land — publisher-amt-f-r-raumplanung-bl (Switzerland)		ch_opendata	opendata	de	ch,ods,opendata,publisher-amt-f-r-raumplanung-bl	86400	Every dataset on this portal whose publisher is Amt für Raumplanung BL — the publisher's full stream, with field schema and record counts. Served by the ODS platform at data.bl.ch.	no	pending-probe
ch-data-bl-ch-publisher-amt-f-r-volksschulen-bl	https://data.bl.ch/api/explore/v2.1/catalog/datasets?where=publisher%3D%22Amt%20f%C3%BCr%20Volksschulen%20BL%22&limit=100	json:results		Datenkatalog Kanton Basel-Land — publisher-amt-f-r-volksschulen-bl (Switzerland)		ch_opendata	opendata	de	ch,ods,opendata,publisher-amt-f-r-volksschulen-bl	86400	Every dataset on this portal whose publisher is Amt für Volksschulen BL — the publisher's full stream, with field schema and record counts. Served by the ODS platform at data.bl.ch.	no	pending-probe
ch-data-bl-ch-publisher-eidgen-ssisches-amt-f-r-das-handelsregis	https://data.bl.ch/api/explore/v2.1/catalog/datasets?where=publisher%3D%22Eidgen%C3%B6ssisches%20Amt%20f%C3%BCr%20das%20Handelsregister%22&limit=100	json:results		Datenkatalog Kanton Basel-Land — publisher-eidgen-ssisches-amt-f-r-das-handelsregis (Switzerland)		ch_opendata	opendata	de	ch,ods,opendata,publisher-eidgen-ssisches-amt-f-r-das-handelsregis	86400	Every dataset on this portal whose publisher is Eidgenössisches Amt für das Handelsregister — the publisher's full stream, with field schema and record counts. Served by the ODS platform at data.bl.ch.	no	pending-probe
ch-data-bl-ch-publisher-fach-und-koordinationsstelle-ogd-bl	https://data.bl.ch/api/explore/v2.1/catalog/datasets?where=publisher%3D%22Fach-%20und%20Koordinationsstelle%20OGD%20BL%22&limit=100	json:results		Datenkatalog Kanton Basel-Land — publisher-fach-und-koordinationsstelle-ogd-bl (Switzerland)		ch_opendata	opendata	de	ch,ods,opendata,publisher-fach-und-koordinationsstelle-ogd-bl	86400	Every dataset on this portal whose publisher is Fach- und Koordinationsstelle OGD BL — the publisher's full stream, with field schema and record counts. Served by the ODS platform at data.bl.ch.	no	pending-probe
ch-data-bl-ch-publisher-meteoschweiz	https://data.bl.ch/api/explore/v2.1/catalog/datasets?where=publisher%3D%22MeteoSchweiz%22&limit=100	json:results		Datenkatalog Kanton Basel-Land — publisher-meteoschweiz (Switzerland)		ch_opendata	opendata	de	ch,ods,opendata,publisher-meteoschweiz	86400	Every dataset on this portal whose publisher is MeteoSchweiz — the publisher's full stream, with field schema and record counts. Served by the ODS platform at data.bl.ch.	no	pending-probe
ch-data-bl-ch-publisher-personalamt-des-kantons-basel-landschaft	https://data.bl.ch/api/explore/v2.1/catalog/datasets?where=publisher%3D%22Personalamt%20des%20Kantons%20Basel-Landschaft%22&limit=100	json:results		Datenkatalog Kanton Basel-Land — publisher-personalamt-des-kantons-basel-landschaft (Switzerland)		ch_opendata	opendata	de	ch,ods,opendata,publisher-personalamt-des-kantons-basel-landschaft	86400	Every dataset on this portal whose publisher is Personalamt des Kantons Basel-Landschaft — the publisher's full stream, with field schema and record counts. Served by the ODS platform at data.bl.ch.	no	pending-probe
ch-data-bl-ch-publisher-amt-f-r-geoinformation-bl	https://data.bl.ch/api/explore/v2.1/catalog/datasets?where=publisher%3D%22Amt%20f%C3%BCr%20Geoinformation%20BL%22&limit=100	json:results		Datenkatalog Kanton Basel-Land — publisher-amt-f-r-geoinformation-bl (Switzerland)		ch_opendata	opendata	de	ch,ods,opendata,publisher-amt-f-r-geoinformation-bl	86400	Every dataset on this portal whose publisher is Amt für Geoinformation BL — the publisher's full stream, with field schema and record counts. Served by the ODS platform at data.bl.ch.	no	pending-probe
ch-data-bl-ch-publisher-sicherheitsdirektion-bl-bewilligungen	https://data.bl.ch/api/explore/v2.1/catalog/datasets?where=publisher%3D%22Sicherheitsdirektion%20BL%20-%20Bewilligungen%22&limit=100	json:results		Datenkatalog Kanton Basel-Land — publisher-sicherheitsdirektion-bl-bewilligungen (Switzerland)		ch_opendata	opendata	de	ch,ods,opendata,publisher-sicherheitsdirektion-bl-bewilligungen	86400	Every dataset on this portal whose publisher is Sicherheitsdirektion BL - Bewilligungen — the publisher's full stream, with field schema and record counts. Served by the ODS platform at data.bl.ch.	no	pending-probe
ch-data-bl-ch-publisher-sportamt-baselland	https://data.bl.ch/api/explore/v2.1/catalog/datasets?where=publisher%3D%22Sportamt%20Baselland%22&limit=100	json:results		Datenkatalog Kanton Basel-Land — publisher-sportamt-baselland (Switzerland)		ch_opendata	opendata	de	ch,ods,opendata,publisher-sportamt-baselland	86400	Every dataset on this portal whose publisher is Sportamt Baselland — the publisher's full stream, with field schema and record counts. Served by the ODS platform at data.bl.ch.	no	pending-probe
ch-data-bl-ch-publisher-amt-f-r-kind-jugend-und-behindertenangeb	https://data.bl.ch/api/explore/v2.1/catalog/datasets?where=publisher%3D%22Amt%20f%C3%BCr%20Kind%2C%20Jugend%20und%20Behindertenangebote%20BL%22&limit=100	json:results		Datenkatalog Kanton Basel-Land — publisher-amt-f-r-kind-jugend-und-behindertenangeb (Switzerland)		ch_opendata	opendata	de	ch,ods,opendata,publisher-amt-f-r-kind-jugend-und-behindertenangeb	86400	Every dataset on this portal whose publisher is Amt für Kind, Jugend und Behindertenangebote BL — the publisher's full stream, with field schema and record counts. Served by the ODS platform at data.bl.ch.	no	pending-probe
ch-data-bl-ch-publisher-amt-f-r-kultur-bl	https://data.bl.ch/api/explore/v2.1/catalog/datasets?where=publisher%3D%22Amt%20f%C3%BCr%20Kultur%20BL%22&limit=100	json:results		Datenkatalog Kanton Basel-Land — publisher-amt-f-r-kultur-bl (Switzerland)		ch_opendata	opendata	de	ch,ods,opendata,publisher-amt-f-r-kultur-bl	86400	Every dataset on this portal whose publisher is Amt für Kultur BL — the publisher's full stream, with field schema and record counts. Served by the ODS platform at data.bl.ch.	no	pending-probe
ch-data-bl-ch-publisher-bau-und-umweltschutzdirektion-bl-zentral	https://data.bl.ch/api/explore/v2.1/catalog/datasets?where=publisher%3D%22Bau-%20und%20Umweltschutzdirektion%20BL%20-%20Zentrale%20Beschaffungsstelle%22&limit=100	json:results		Datenkatalog Kanton Basel-Land — publisher-bau-und-umweltschutzdirektion-bl-zentral (Switzerland)		ch_opendata	opendata	de	ch,ods,opendata,publisher-bau-und-umweltschutzdirektion-bl-zentral	86400	Every dataset on this portal whose publisher is Bau- und Umweltschutzdirektion BL - Zentrale Beschaffungsstelle — the publisher's full stream, with field schema and record counts. Served by the ODS platform at data.bl.ch.	no	pending-probe
ch-data-bl-ch-publisher-bauinspektorat-des-kantons-basel-landsch	https://data.bl.ch/api/explore/v2.1/catalog/datasets?where=publisher%3D%22Bauinspektorat%20des%20Kantons%20Basel-Landschaft%22&limit=100	json:results		Datenkatalog Kanton Basel-Land — publisher-bauinspektorat-des-kantons-basel-landsch (Switzerland)		ch_opendata	opendata	de	ch,ods,opendata,publisher-bauinspektorat-des-kantons-basel-landsch	86400	Every dataset on this portal whose publisher is Bauinspektorat des Kantons Basel-Landschaft — the publisher's full stream, with field schema and record counts. Served by the ODS platform at data.bl.ch.	no	pending-probe
ch-data-bl-ch-publisher-berufsbildung-mittelschulen-und-hochschu	https://data.bl.ch/api/explore/v2.1/catalog/datasets?where=publisher%3D%22Berufsbildung%2C%20Mittelschulen%20und%20Hochschulen%20BL%22&limit=100	json:results		Datenkatalog Kanton Basel-Land — publisher-berufsbildung-mittelschulen-und-hochschu (Switzerland)		ch_opendata	opendata	de	ch,ods,opendata,publisher-berufsbildung-mittelschulen-und-hochschu	86400	Every dataset on this portal whose publisher is Berufsbildung, Mittelschulen und Hochschulen BL — the publisher's full stream, with field schema and record counts. Served by the ODS platform at data.bl.ch.	no	pending-probe
ch-data-bl-ch-publisher-bildungs-kultur-und-sportdirektion-bl-ge	https://data.bl.ch/api/explore/v2.1/catalog/datasets?where=publisher%3D%22Bildungs-%2C%20Kultur-%20und%20Sportdirektion%20BL%20-%20Generalsekretariat%22&limit=100	json:results		Datenkatalog Kanton Basel-Land — publisher-bildungs-kultur-und-sportdirektion-bl-ge (Switzerland)		ch_opendata	opendata	de	ch,ods,opendata,publisher-bildungs-kultur-und-sportdirektion-bl-ge	86400	Every dataset on this portal whose publisher is Bildungs-, Kultur- und Sportdirektion BL - Generalsekretariat — the publisher's full stream, with field schema and record counts. Served by the ODS platform at data.bl.ch.	no	pending-probe
ch-data-bl-ch-publisher-bundesamt-f-r-energie	https://data.bl.ch/api/explore/v2.1/catalog/datasets?where=publisher%3D%22Bundesamt%20f%C3%BCr%20Energie%22&limit=100	json:results		Datenkatalog Kanton Basel-Land — publisher-bundesamt-f-r-energie (Switzerland)		ch_opendata	opendata	de	ch,ods,opendata,publisher-bundesamt-f-r-energie	86400	Every dataset on this portal whose publisher is Bundesamt für Energie — the publisher's full stream, with field schema and record counts. Served by the ODS platform at data.bl.ch.	no	pending-probe
ch-data-bl-ch-publisher-eidgen-ssische-elektrizit-tskommission-e	https://data.bl.ch/api/explore/v2.1/catalog/datasets?where=publisher%3D%22Eidgen%C3%B6ssische%20Elektrizit%C3%A4tskommission%20ElCom%22&limit=100	json:results		Datenkatalog Kanton Basel-Land — publisher-eidgen-ssische-elektrizit-tskommission-e (Switzerland)		ch_opendata	opendata	de	ch,ods,opendata,publisher-eidgen-ssische-elektrizit-tskommission-e	86400	Every dataset on this portal whose publisher is Eidgenössische Elektrizitätskommission ElCom — the publisher's full stream, with field schema and record counts. Served by the ODS platform at data.bl.ch.	no	pending-probe
ch-data-bl-ch-publisher-finanz-und-kirchendirektion-bl-generalse	https://data.bl.ch/api/explore/v2.1/catalog/datasets?where=publisher%3D%22Finanz-%20und%20Kirchendirektion%20BL%20%E2%80%93%20Generalsekretariat%22&limit=100	json:results		Datenkatalog Kanton Basel-Land — publisher-finanz-und-kirchendirektion-bl-generalse (Switzerland)		ch_opendata	opendata	de	ch,ods,opendata,publisher-finanz-und-kirchendirektion-bl-generalse	86400	Every dataset on this portal whose publisher is Finanz- und Kirchendirektion BL – Generalsekretariat — the publisher's full stream, with field schema and record counts. Served by the ODS platform at data.bl.ch.	no	pending-probe
ch-data-bl-ch-publisher-motorfahrzeugkontrolle-bl	https://data.bl.ch/api/explore/v2.1/catalog/datasets?where=publisher%3D%22Motorfahrzeugkontrolle%20BL%22&limit=100	json:results		Datenkatalog Kanton Basel-Land — publisher-motorfahrzeugkontrolle-bl (Switzerland)		ch_opendata	opendata	de	ch,ods,opendata,publisher-motorfahrzeugkontrolle-bl	86400	Every dataset on this portal whose publisher is Motorfahrzeugkontrolle BL — the publisher's full stream, with field schema and record counts. Served by the ODS platform at data.bl.ch.	no	pending-probe
ch-data-bl-ch-publisher-polizei-basel-landschaft	https://data.bl.ch/api/explore/v2.1/catalog/datasets?where=publisher%3D%22Polizei%20Basel-Landschaft%22&limit=100	json:results		Datenkatalog Kanton Basel-Land — publisher-polizei-basel-landschaft (Switzerland)		ch_opendata	opendata	de	ch,ods,opendata,publisher-polizei-basel-landschaft	86400	Every dataset on this portal whose publisher is Polizei Basel-Landschaft — the publisher's full stream, with field schema and record counts. Served by the ODS platform at data.bl.ch.	no	pending-probe
ch-data-bl-ch-publisher-sicherheitsdirektion-bl-fachbereich-fami	https://data.bl.ch/api/explore/v2.1/catalog/datasets?where=publisher%3D%22Sicherheitsdirektion%20BL%20-%20Fachbereich%20Familien%22&limit=100	json:results		Datenkatalog Kanton Basel-Land — publisher-sicherheitsdirektion-bl-fachbereich-fami (Switzerland)		ch_opendata	opendata	de	ch,ods,opendata,publisher-sicherheitsdirektion-bl-fachbereich-fami	86400	Every dataset on this portal whose publisher is Sicherheitsdirektion BL - Fachbereich Familien — the publisher's full stream, with field schema and record counts. Served by the ODS platform at data.bl.ch.	no	pending-probe
ch-data-bl-ch-publisher-sicherheitsdirektion-bl-swisslos-fonds	https://data.bl.ch/api/explore/v2.1/catalog/datasets?where=publisher%3D%22Sicherheitsdirektion%20BL%20-%20Swisslos-Fonds%22&limit=100	json:results		Datenkatalog Kanton Basel-Land — publisher-sicherheitsdirektion-bl-swisslos-fonds (Switzerland)		ch_opendata	opendata	de	ch,ods,opendata,publisher-sicherheitsdirektion-bl-swisslos-fonds	86400	Every dataset on this portal whose publisher is Sicherheitsdirektion BL - Swisslos-Fonds — the publisher's full stream, with field schema and record counts. Served by the ODS platform at data.bl.ch.	no	pending-probe
ch-data-bl-ch-publisher-standortf-rderung-baselland	https://data.bl.ch/api/explore/v2.1/catalog/datasets?where=publisher%3D%22Standortf%C3%B6rderung%20Baselland%22&limit=100	json:results		Datenkatalog Kanton Basel-Land — publisher-standortf-rderung-baselland (Switzerland)		ch_opendata	opendata	de	ch,ods,opendata,publisher-standortf-rderung-baselland	86400	Every dataset on this portal whose publisher is Standortförderung Baselland — the publisher's full stream, with field schema and record counts. Served by the ODS platform at data.bl.ch.	no	pending-probe
ch-data-bl-ch-publisher-swisstopo	https://data.bl.ch/api/explore/v2.1/catalog/datasets?where=publisher%3D%22swisstopo%22&limit=100	json:results		Datenkatalog Kanton Basel-Land — publisher-swisstopo (Switzerland)		ch_opendata	opendata	de	ch,ods,opendata,publisher-swisstopo	86400	Every dataset on this portal whose publisher is swisstopo — the publisher's full stream, with field schema and record counts. Served by the ODS platform at data.bl.ch.	no	pending-probe
ch-data-bs-ch-facets	https://data.bs.ch/api/explore/v2.1/catalog/facets	json:facets		Datenkatalog Kanton Basel-Stadt — facets (Switzerland)		ch_opendata	opendata	de	ch,ods,opendata,facets	86400	The portal's facet tree — themes, publishers and keywords with counts, i.e. the shape of what this authority publishes. Served by the ODS platform at data.bs.ch.	no	pending-probe
ch-data-bs-ch-publisher-amt-f-r-mobilit-t	https://data.bs.ch/api/explore/v2.1/catalog/datasets?where=publisher%3D%22Amt%20f%C3%BCr%20Mobilit%C3%A4t%22&limit=100	json:results		Datenkatalog Kanton Basel-Stadt — publisher-amt-f-r-mobilit-t (Switzerland)		ch_opendata	opendata	de	ch,ods,opendata,publisher-amt-f-r-mobilit-t	86400	Every dataset on this portal whose publisher is Amt für Mobilität — the publisher's full stream, with field schema and record counts. Served by the ODS platform at data.bs.ch.	no	pending-probe
ch-data-bs-ch-publisher-amt-f-r-umwelt-und-energie	https://data.bs.ch/api/explore/v2.1/catalog/datasets?where=publisher%3D%22Amt%20f%C3%BCr%20Umwelt%20und%20Energie%22&limit=100	json:results		Datenkatalog Kanton Basel-Stadt — publisher-amt-f-r-umwelt-und-energie (Switzerland)		ch_opendata	opendata	de	ch,ods,opendata,publisher-amt-f-r-umwelt-und-energie	86400	Every dataset on this portal whose publisher is Amt für Umwelt und Energie — the publisher's full stream, with field schema and record counts. Served by the ODS platform at data.bs.ch.	no	pending-probe
ch-data-bs-ch-publisher-arbeitsinspektorat	https://data.bs.ch/api/explore/v2.1/catalog/datasets?where=publisher%3D%22Arbeitsinspektorat%22&limit=100	json:results		Datenkatalog Kanton Basel-Stadt — publisher-arbeitsinspektorat (Switzerland)		ch_opendata	opendata	de	ch,ods,opendata,publisher-arbeitsinspektorat	86400	Every dataset on this portal whose publisher is Arbeitsinspektorat — the publisher's full stream, with field schema and record counts. Served by the ODS platform at data.bs.ch.	no	pending-probe
ch-data-bs-ch-publisher-aussenbeziehungen-und-standortmarketing	https://data.bs.ch/api/explore/v2.1/catalog/datasets?where=publisher%3D%22Aussenbeziehungen%20und%20Standortmarketing%22&limit=100	json:results		Datenkatalog Kanton Basel-Stadt — publisher-aussenbeziehungen-und-standortmarketing (Switzerland)		ch_opendata	opendata	de	ch,ods,opendata,publisher-aussenbeziehungen-und-standortmarketing	86400	Every dataset on this portal whose publisher is Aussenbeziehungen und Standortmarketing — the publisher's full stream, with field schema and record counts. Served by the ODS platform at data.bs.ch.	no	pending-probe
ch-data-bs-ch-publisher-basler-verkehrs-betriebe	https://data.bs.ch/api/explore/v2.1/catalog/datasets?where=publisher%3D%22Basler%20Verkehrs-Betriebe%22&limit=100	json:results		Datenkatalog Kanton Basel-Stadt — publisher-basler-verkehrs-betriebe (Switzerland)		ch_opendata	opendata	de	ch,ods,opendata,publisher-basler-verkehrs-betriebe	86400	Every dataset on this portal whose publisher is Basler Verkehrs-Betriebe — the publisher's full stream, with field schema and record counts. Served by the ODS platform at data.bs.ch.	no	pending-probe
ch-data-bs-ch-publisher-bereich-gesundheitsversorgung	https://data.bs.ch/api/explore/v2.1/catalog/datasets?where=publisher%3D%22Bereich%20Gesundheitsversorgung%22&limit=100	json:results		Datenkatalog Kanton Basel-Stadt — publisher-bereich-gesundheitsversorgung (Switzerland)		ch_opendata	opendata	de	ch,ods,opendata,publisher-bereich-gesundheitsversorgung	86400	Every dataset on this portal whose publisher is Bereich Gesundheitsversorgung — the publisher's full stream, with field schema and record counts. Served by the ODS platform at data.bs.ch.	no	pending-probe
ch-data-bs-ch-publisher-bundesamt-f-r-gesundheit-bag	https://data.bs.ch/api/explore/v2.1/catalog/datasets?where=publisher%3D%22Bundesamt%20f%C3%BCr%20Gesundheit%20BAG%22&limit=100	json:results		Datenkatalog Kanton Basel-Stadt — publisher-bundesamt-f-r-gesundheit-bag (Switzerland)		ch_opendata	opendata	de	ch,ods,opendata,publisher-bundesamt-f-r-gesundheit-bag	86400	Every dataset on this portal whose publisher is Bundesamt für Gesundheit BAG — the publisher's full stream, with field schema and record counts. Served by the ODS platform at data.bs.ch.	no	pending-probe
ch-data-bs-ch-publisher-bundesamt-f-r-umwelt-bafu	https://data.bs.ch/api/explore/v2.1/catalog/datasets?where=publisher%3D%22Bundesamt%20f%C3%BCr%20Umwelt%20BAFU%22&limit=100	json:results		Datenkatalog Kanton Basel-Stadt — publisher-bundesamt-f-r-umwelt-bafu (Switzerland)		ch_opendata	opendata	de	ch,ods,opendata,publisher-bundesamt-f-r-umwelt-bafu	86400	Every dataset on this portal whose publisher is Bundesamt für Umwelt BAFU — the publisher's full stream, with field schema and record counts. Served by the ODS platform at data.bs.ch.	no	pending-probe
ch-data-bs-ch-publisher-b-rgergemeinde-der-stadt-basel	https://data.bs.ch/api/explore/v2.1/catalog/datasets?where=publisher%3D%22B%C3%BCrgergemeinde%20der%20Stadt%20Basel%22&limit=100	json:results		Datenkatalog Kanton Basel-Stadt — publisher-b-rgergemeinde-der-stadt-basel (Switzerland)		ch_opendata	opendata	de	ch,ods,opendata,publisher-b-rgergemeinde-der-stadt-basel	86400	Every dataset on this portal whose publisher is Bürgergemeinde der Stadt Basel — the publisher's full stream, with field schema and record counts. Served by the ODS platform at data.bs.ch.	no	pending-probe
ch-data-bs-ch-publisher-einwohnergemeinde-bettingen	https://data.bs.ch/api/explore/v2.1/catalog/datasets?where=publisher%3D%22Einwohnergemeinde%20Bettingen%22&limit=100	json:results		Datenkatalog Kanton Basel-Stadt — publisher-einwohnergemeinde-bettingen (Switzerland)		ch_opendata	opendata	de	ch,ods,opendata,publisher-einwohnergemeinde-bettingen	86400	Every dataset on this portal whose publisher is Einwohnergemeinde Bettingen — the publisher's full stream, with field schema and record counts. Served by the ODS platform at data.bs.ch.	no	pending-probe
ch-data-bs-ch-publisher-einwohnergemeinde-riehen	https://data.bs.ch/api/explore/v2.1/catalog/datasets?where=publisher%3D%22Einwohnergemeinde%20Riehen%22&limit=100	json:results		Datenkatalog Kanton Basel-Stadt — publisher-einwohnergemeinde-riehen (Switzerland)		ch_opendata	opendata	de	ch,ods,opendata,publisher-einwohnergemeinde-riehen	86400	Every dataset on this portal whose publisher is Einwohnergemeinde Riehen — the publisher's full stream, with field schema and record counts. Served by the ODS platform at data.bs.ch.	no	pending-probe
ch-data-bs-ch-publisher-eth-zurich-department-of-biosystems-scie	https://data.bs.ch/api/explore/v2.1/catalog/datasets?where=publisher%3D%22ETH%20Zurich%2C%20Department%20of%20Biosystems%20Science%20and%20Engineering%22&limit=100	json:results		Datenkatalog Kanton Basel-Stadt — publisher-eth-zurich-department-of-biosystems-scie (Switzerland)		ch_opendata	opendata	de	ch,ods,opendata,publisher-eth-zurich-department-of-biosystems-scie	86400	Every dataset on this portal whose publisher is ETH Zurich, Department of Biosystems Science and Engineering — the publisher's full stream, with field schema and record counts. Served by the ODS platform at data.bs.ch.	no	pending-probe
ch-data-bs-ch-publisher-flughafen-basel-mulhouse-euroairport	https://data.bs.ch/api/explore/v2.1/catalog/datasets?where=publisher%3D%22Flughafen%20Basel-Mulhouse%20EuroAirport%22&limit=100	json:results		Datenkatalog Kanton Basel-Stadt — publisher-flughafen-basel-mulhouse-euroairport (Switzerland)		ch_opendata	opendata	de	ch,ods,opendata,publisher-flughafen-basel-mulhouse-euroairport	86400	Every dataset on this portal whose publisher is Flughafen Basel-Mulhouse EuroAirport — the publisher's full stream, with field schema and record counts. Served by the ODS platform at data.bs.ch.	no	pending-probe
ch-data-bs-ch-publisher-gemeinde-riehen	https://data.bs.ch/api/explore/v2.1/catalog/datasets?where=publisher%3D%22Gemeinde%20Riehen%22&limit=100	json:results		Datenkatalog Kanton Basel-Stadt — publisher-gemeinde-riehen (Switzerland)		ch_opendata	opendata	de	ch,ods,opendata,publisher-gemeinde-riehen	86400	Every dataset on this portal whose publisher is Gemeinde Riehen — the publisher's full stream, with field schema and record counts. Served by the ODS platform at data.bs.ch.	no	pending-probe
ch-data-bs-ch-publisher-gemeindeverwaltung-riehen	https://data.bs.ch/api/explore/v2.1/catalog/datasets?where=publisher%3D%22Gemeindeverwaltung%20Riehen%22&limit=100	json:results		Datenkatalog Kanton Basel-Stadt — publisher-gemeindeverwaltung-riehen (Switzerland)		ch_opendata	opendata	de	ch,ods,opendata,publisher-gemeindeverwaltung-riehen	86400	Every dataset on this portal whose publisher is Gemeindeverwaltung Riehen — the publisher's full stream, with field schema and record counts. Served by the ODS platform at data.bs.ch.	no	pending-probe
ch-data-bs-ch-publisher-generalsekretariat	https://data.bs.ch/api/explore/v2.1/catalog/datasets?where=publisher%3D%22Generalsekretariat%22&limit=100	json:results		Datenkatalog Kanton Basel-Stadt — publisher-generalsekretariat (Switzerland)		ch_opendata	opendata	de	ch,ods,opendata,publisher-generalsekretariat	86400	Every dataset on this portal whose publisher is Generalsekretariat — the publisher's full stream, with field schema and record counts. Served by the ODS platform at data.bs.ch.	no	pending-probe
ch-data-bs-ch-publisher-grundbuch-und-vermessungsamt	https://data.bs.ch/api/explore/v2.1/catalog/datasets?where=publisher%3D%22Grundbuch-%20und%20Vermessungsamt%22&limit=100	json:results		Datenkatalog Kanton Basel-Stadt — publisher-grundbuch-und-vermessungsamt (Switzerland)		ch_opendata	opendata	de	ch,ods,opendata,publisher-grundbuch-und-vermessungsamt	86400	Every dataset on this portal whose publisher is Grundbuch- und Vermessungsamt — the publisher's full stream, with field schema and record counts. Served by the ODS platform at data.bs.ch.	no	pending-probe
ch-data-bs-ch-publisher-human-resources-basel-stadt	https://data.bs.ch/api/explore/v2.1/catalog/datasets?where=publisher%3D%22Human%20Resources%20Basel-Stadt%22&limit=100	json:results		Datenkatalog Kanton Basel-Stadt — publisher-human-resources-basel-stadt (Switzerland)		ch_opendata	opendata	de	ch,ods,opendata,publisher-human-resources-basel-stadt	86400	Every dataset on this portal whose publisher is Human Resources Basel-Stadt — the publisher's full stream, with field schema and record counts. Served by the ODS platform at data.bs.ch.	no	pending-probe
ch-data-bs-ch-publisher-industrielle-werke-basel	https://data.bs.ch/api/explore/v2.1/catalog/datasets?where=publisher%3D%22Industrielle%20Werke%20Basel%22&limit=100	json:results		Datenkatalog Kanton Basel-Stadt — publisher-industrielle-werke-basel (Switzerland)		ch_opendata	opendata	de	ch,ods,opendata,publisher-industrielle-werke-basel	86400	Every dataset on this portal whose publisher is Industrielle Werke Basel — the publisher's full stream, with field schema and record counts. Served by the ODS platform at data.bs.ch.	no	pending-probe
ch-data-bs-ch-publisher-it-bs	https://data.bs.ch/api/explore/v2.1/catalog/datasets?where=publisher%3D%22IT%20BS%22&limit=100	json:results		Datenkatalog Kanton Basel-Stadt — publisher-it-bs (Switzerland)		ch_opendata	opendata	de	ch,ods,opendata,publisher-it-bs	86400	Every dataset on this portal whose publisher is IT BS — the publisher's full stream, with field schema and record counts. Served by the ODS platform at data.bs.ch.	no	pending-probe
ch-data-bs-ch-publisher-jugend-familie-und-sport	https://data.bs.ch/api/explore/v2.1/catalog/datasets?where=publisher%3D%22Jugend%2C%20Familie%20und%20Sport%22&limit=100	json:results		Datenkatalog Kanton Basel-Stadt — publisher-jugend-familie-und-sport (Switzerland)		ch_opendata	opendata	de	ch,ods,opendata,publisher-jugend-familie-und-sport	86400	Every dataset on this portal whose publisher is Jugend, Familie und Sport — the publisher's full stream, with field schema and record counts. Served by the ODS platform at data.bs.ch.	no	pending-probe
ch-data-bs-ch-publisher-kantonales-laboratorium	https://data.bs.ch/api/explore/v2.1/catalog/datasets?where=publisher%3D%22Kantonales%20Laboratorium%22&limit=100	json:results		Datenkatalog Kanton Basel-Stadt — publisher-kantonales-laboratorium (Switzerland)		ch_opendata	opendata	de	ch,ods,opendata,publisher-kantonales-laboratorium	86400	Every dataset on this portal whose publisher is Kantonales Laboratorium — the publisher's full stream, with field schema and record counts. Served by the ODS platform at data.bs.ch.	no	pending-probe
ch-data-bs-ch-publisher-kantonales-veterin-ramt	https://data.bs.ch/api/explore/v2.1/catalog/datasets?where=publisher%3D%22Kantonales%20Veterin%C3%A4ramt%22&limit=100	json:results		Datenkatalog Kanton Basel-Stadt — publisher-kantonales-veterin-ramt (Switzerland)		ch_opendata	opendata	de	ch,ods,opendata,publisher-kantonales-veterin-ramt	86400	Every dataset on this portal whose publisher is Kantonales Veterinäramt — the publisher's full stream, with field schema and record counts. Served by the ODS platform at data.bs.ch.	no	pending-probe
ch-data-bs-ch-publisher-kantons-und-stadtentwicklung	https://data.bs.ch/api/explore/v2.1/catalog/datasets?where=publisher%3D%22Kantons-%20und%20Stadtentwicklung%22&limit=100	json:results		Datenkatalog Kanton Basel-Stadt — publisher-kantons-und-stadtentwicklung (Switzerland)		ch_opendata	opendata	de	ch,ods,opendata,publisher-kantons-und-stadtentwicklung	86400	Every dataset on this portal whose publisher is Kantons- und Stadtentwicklung — the publisher's full stream, with field schema and record counts. Served by the ODS platform at data.bs.ch.	no	pending-probe
ch-data-bs-ch-publisher-kantonspolizei	https://data.bs.ch/api/explore/v2.1/catalog/datasets?where=publisher%3D%22Kantonspolizei%22&limit=100	json:results		Datenkatalog Kanton Basel-Stadt — publisher-kantonspolizei (Switzerland)		ch_opendata	opendata	de	ch,ods,opendata,publisher-kantonspolizei	86400	Every dataset on this portal whose publisher is Kantonspolizei — the publisher's full stream, with field schema and record counts. Served by the ODS platform at data.bs.ch.	no	pending-probe
ch-data-bs-ch-publisher-medizinische-dienste	https://data.bs.ch/api/explore/v2.1/catalog/datasets?where=publisher%3D%22Medizinische%20Dienste%22&limit=100	json:results		Datenkatalog Kanton Basel-Stadt — publisher-medizinische-dienste (Switzerland)		ch_opendata	opendata	de	ch,ods,opendata,publisher-medizinische-dienste	86400	Every dataset on this portal whose publisher is Medizinische Dienste — the publisher's full stream, with field schema and record counts. Served by the ODS platform at data.bs.ch.	no	pending-probe
ch-data-bs-ch-publisher-meteoblue-ag	https://data.bs.ch/api/explore/v2.1/catalog/datasets?where=publisher%3D%22meteoblue%20AG%22&limit=100	json:results		Datenkatalog Kanton Basel-Stadt — publisher-meteoblue-ag (Switzerland)		ch_opendata	opendata	de	ch,ods,opendata,publisher-meteoblue-ag	86400	Every dataset on this portal whose publisher is meteoblue AG — the publisher's full stream, with field schema and record counts. Served by the ODS platform at data.bs.ch.	no	pending-probe
ch-data-bs-ch-publisher-meteoschweiz	https://data.bs.ch/api/explore/v2.1/catalog/datasets?where=publisher%3D%22MeteoSchweiz%22&limit=100	json:results		Datenkatalog Kanton Basel-Stadt — publisher-meteoschweiz (Switzerland)		ch_opendata	opendata	de	ch,ods,opendata,publisher-meteoschweiz	86400	Every dataset on this portal whose publisher is MeteoSchweiz — the publisher's full stream, with field schema and record counts. Served by the ODS platform at data.bs.ch.	no	pending-probe
ch-data-bs-ch-publisher-museum-der-kulturen-basel	https://data.bs.ch/api/explore/v2.1/catalog/datasets?where=publisher%3D%22Museum%20der%20Kulturen%20Basel%22&limit=100	json:results		Datenkatalog Kanton Basel-Stadt — publisher-museum-der-kulturen-basel (Switzerland)		ch_opendata	opendata	de	ch,ods,opendata,publisher-museum-der-kulturen-basel	86400	Every dataset on this portal whose publisher is Museum der Kulturen Basel — the publisher's full stream, with field schema and record counts. Served by the ODS platform at data.bs.ch.	no	pending-probe
ch-data-bs-ch-publisher-nomenklaturkommission	https://data.bs.ch/api/explore/v2.1/catalog/datasets?where=publisher%3D%22Nomenklaturkommission%22&limit=100	json:results		Datenkatalog Kanton Basel-Stadt — publisher-nomenklaturkommission (Switzerland)		ch_opendata	opendata	de	ch,ods,opendata,publisher-nomenklaturkommission	86400	Every dataset on this portal whose publisher is Nomenklaturkommission — the publisher's full stream, with field schema and record counts. Served by the ODS platform at data.bs.ch.	no	pending-probe
ch-data-bs-ch-publisher-open-data-basel-stadt	https://data.bs.ch/api/explore/v2.1/catalog/datasets?where=publisher%3D%22Open%20Data%20Basel-Stadt%22&limit=100	json:results		Datenkatalog Kanton Basel-Stadt — publisher-open-data-basel-stadt (Switzerland)		ch_opendata	opendata	de	ch,ods,opendata,publisher-open-data-basel-stadt	86400	Every dataset on this portal whose publisher is Open Data Basel-Stadt — the publisher's full stream, with field schema and record counts. Served by the ODS platform at data.bs.ch.	no	pending-probe
ch-data-bs-ch-publisher-openzh	https://data.bs.ch/api/explore/v2.1/catalog/datasets?where=publisher%3D%22OpenZH%22&limit=100	json:results		Datenkatalog Kanton Basel-Stadt — publisher-openzh (Switzerland)		ch_opendata	opendata	de	ch,ods,opendata,publisher-openzh	86400	Every dataset on this portal whose publisher is OpenZH — the publisher's full stream, with field schema and record counts. Served by the ODS platform at data.bs.ch.	no	pending-probe
ch-data-bs-ch-publisher-parkh-user-basel-stadt	https://data.bs.ch/api/explore/v2.1/catalog/datasets?where=publisher%3D%22Parkh%C3%A4user%20Basel-Stadt%22&limit=100	json:results		Datenkatalog Kanton Basel-Stadt — publisher-parkh-user-basel-stadt (Switzerland)		ch_opendata	opendata	de	ch,ods,opendata,publisher-parkh-user-basel-stadt	86400	Every dataset on this portal whose publisher is Parkhäuser Basel-Stadt — the publisher's full stream, with field schema and record counts. Served by the ODS platform at data.bs.ch.	no	pending-probe
ch-data-bs-ch-publisher-parlamentsdienst-des-grossen-rates	https://data.bs.ch/api/explore/v2.1/catalog/datasets?where=publisher%3D%22Parlamentsdienst%20des%20Grossen%20Rates%22&limit=100	json:results		Datenkatalog Kanton Basel-Stadt — publisher-parlamentsdienst-des-grossen-rates (Switzerland)		ch_opendata	opendata	de	ch,ods,opendata,publisher-parlamentsdienst-des-grossen-rates	86400	Every dataset on this portal whose publisher is Parlamentsdienst des Grossen Rates — the publisher's full stream, with field schema and record counts. Served by the ODS platform at data.bs.ch.	no	pending-probe
ch-data-bs-ch-publisher-rettung	https://data.bs.ch/api/explore/v2.1/catalog/datasets?where=publisher%3D%22Rettung%22&limit=100	json:results		Datenkatalog Kanton Basel-Stadt — publisher-rettung (Switzerland)		ch_opendata	opendata	de	ch,ods,opendata,publisher-rettung	86400	Every dataset on this portal whose publisher is Rettung — the publisher's full stream, with field schema and record counts. Served by the ODS platform at data.bs.ch.	no	pending-probe
ch-data-bs-ch-publisher-staatsarchiv-basel-stadt	https://data.bs.ch/api/explore/v2.1/catalog/datasets?where=publisher%3D%22Staatsarchiv%20Basel-Stadt%22&limit=100	json:results		Datenkatalog Kanton Basel-Stadt — publisher-staatsarchiv-basel-stadt (Switzerland)		ch_opendata	opendata	de	ch,ods,opendata,publisher-staatsarchiv-basel-stadt	86400	Every dataset on this portal whose publisher is Staatsarchiv Basel-Stadt — the publisher's full stream, with field schema and record counts. Served by the ODS platform at data.bs.ch.	no	pending-probe
ch-data-bs-ch-publisher-staatskanzlei	https://data.bs.ch/api/explore/v2.1/catalog/datasets?where=publisher%3D%22Staatskanzlei%22&limit=100	json:results		Datenkatalog Kanton Basel-Stadt — publisher-staatskanzlei (Switzerland)		ch_opendata	opendata	de	ch,ods,opendata,publisher-staatskanzlei	86400	Every dataset on this portal whose publisher is Staatskanzlei — the publisher's full stream, with field schema and record counts. Served by the ODS platform at data.bs.ch.	no	pending-probe
ch-data-bs-ch-publisher-st-dtebau-architektur	https://data.bs.ch/api/explore/v2.1/catalog/datasets?where=publisher%3D%22St%C3%A4dtebau%20%26%20Architektur%22&limit=100	json:results		Datenkatalog Kanton Basel-Stadt — publisher-st-dtebau-architektur (Switzerland)		ch_opendata	opendata	de	ch,ods,opendata,publisher-st-dtebau-architektur	86400	Every dataset on this portal whose publisher is Städtebau & Architektur — the publisher's full stream, with field schema and record counts. Served by the ODS platform at data.bs.ch.	no	pending-probe
ch-data-bs-ch-publisher-stadtg-rtnerei	https://data.bs.ch/api/explore/v2.1/catalog/datasets?where=publisher%3D%22Stadtg%C3%A4rtnerei%22&limit=100	json:results		Datenkatalog Kanton Basel-Stadt — publisher-stadtg-rtnerei (Switzerland)		ch_opendata	opendata	de	ch,ods,opendata,publisher-stadtg-rtnerei	86400	Every dataset on this portal whose publisher is Stadtgärtnerei — the publisher's full stream, with field schema and record counts. Served by the ODS platform at data.bs.ch.	no	pending-probe
ch-data-bs-ch-publisher-stadtreinigung	https://data.bs.ch/api/explore/v2.1/catalog/datasets?where=publisher%3D%22Stadtreinigung%22&limit=100	json:results		Datenkatalog Kanton Basel-Stadt — publisher-stadtreinigung (Switzerland)		ch_opendata	opendata	de	ch,ods,opendata,publisher-stadtreinigung	86400	Every dataset on this portal whose publisher is Stadtreinigung — the publisher's full stream, with field schema and record counts. Served by the ODS platform at data.bs.ch.	no	pending-probe
ch-data-bs-ch-publisher-statistisches-amt	https://data.bs.ch/api/explore/v2.1/catalog/datasets?where=publisher%3D%22Statistisches%20Amt%22&limit=100	json:results		Datenkatalog Kanton Basel-Stadt — publisher-statistisches-amt (Switzerland)		ch_opendata	opendata	de	ch,ods,opendata,publisher-statistisches-amt	86400	Every dataset on this portal whose publisher is Statistisches Amt — the publisher's full stream, with field schema and record counts. Served by the ODS platform at data.bs.ch.	no	pending-probe
ch-data-bs-ch-publisher-tiefbauamt	https://data.bs.ch/api/explore/v2.1/catalog/datasets?where=publisher%3D%22Tiefbauamt%22&limit=100	json:results		Datenkatalog Kanton Basel-Stadt — publisher-tiefbauamt (Switzerland)		ch_opendata	opendata	de	ch,ods,opendata,publisher-tiefbauamt	86400	Every dataset on this portal whose publisher is Tiefbauamt — the publisher's full stream, with field schema and record counts. Served by the ODS platform at data.bs.ch.	no	pending-probe
ch-data-bs-ch-publisher-zentrale-dienste	https://data.bs.ch/api/explore/v2.1/catalog/datasets?where=publisher%3D%22Zentrale%20Dienste%22&limit=100	json:results		Datenkatalog Kanton Basel-Stadt — publisher-zentrale-dienste (Switzerland)		ch_opendata	opendata	de	ch,ods,opendata,publisher-zentrale-dienste	86400	Every dataset on this portal whose publisher is Zentrale Dienste — the publisher's full stream, with field schema and record counts. Served by the ODS platform at data.bs.ch.	no	pending-probe
ch-data-bs-ch-publisher-zentraler-rechtsdienst	https://data.bs.ch/api/explore/v2.1/catalog/datasets?where=publisher%3D%22Zentraler%20Rechtsdienst%22&limit=100	json:results		Datenkatalog Kanton Basel-Stadt — publisher-zentraler-rechtsdienst (Switzerland)		ch_opendata	opendata	de	ch,ods,opendata,publisher-zentraler-rechtsdienst	86400	Every dataset on this portal whose publisher is Zentraler Rechtsdienst — the publisher's full stream, with field schema and record counts. Served by the ODS platform at data.bs.ch.	no	pending-probe
ch-data-sz-ch-datasets	https://data.sz.ch/api/explore/v2.1/catalog/datasets?limit=100	json:results		Datenkatalog Kanton Schwyz — datasets (Switzerland)		ch_opendata	opendata	de	ch,ods,opendata,datasets	86400	OpenDataSoft Explore catalogue: dataset id, title, theme, publisher, licence, record count and field schema. Served by the ODS platform at data.sz.ch.	no	pending-probe
ch-data-sz-ch-facets	https://data.sz.ch/api/explore/v2.1/catalog/facets	json:facets		Datenkatalog Kanton Schwyz — facets (Switzerland)		ch_opendata	opendata	de	ch,ods,opendata,facets	86400	The portal's facet tree — themes, publishers and keywords with counts, i.e. the shape of what this authority publishes. Served by the ODS platform at data.sz.ch.	no	pending-probe
ch-data-sz-ch-publisher-amt-f-r-finanzen-kanton-schwyz	https://data.sz.ch/api/explore/v2.1/catalog/datasets?where=publisher%3D%22Amt%20f%C3%BCr%20Finanzen%20Kanton%20Schwyz%22&limit=100	json:results		Datenkatalog Kanton Schwyz — publisher-amt-f-r-finanzen-kanton-schwyz (Switzerland)		ch_opendata	opendata	de	ch,ods,opendata,publisher-amt-f-r-finanzen-kanton-schwyz	86400	Every dataset on this portal whose publisher is Amt für Finanzen Kanton Schwyz — the publisher's full stream, with field schema and record counts. Served by the ODS platform at data.sz.ch.	no	pending-probe
ch-data-sz-ch-publisher-amt-f-r-umwelt-und-energie-kanton-schwyz	https://data.sz.ch/api/explore/v2.1/catalog/datasets?where=publisher%3D%22Amt%20f%C3%BCr%20Umwelt%20und%20Energie%20Kanton%20Schwyz%22&limit=100	json:results		Datenkatalog Kanton Schwyz — publisher-amt-f-r-umwelt-und-energie-kanton-schwyz (Switzerland)		ch_opendata	opendata	de	ch,ods,opendata,publisher-amt-f-r-umwelt-und-energie-kanton-schwyz	86400	Every dataset on this portal whose publisher is Amt für Umwelt und Energie Kanton Schwyz — the publisher's full stream, with field schema and record counts. Served by the ODS platform at data.sz.ch.	no	pending-probe
ch-data-sz-ch-publisher-amt-f-r-wald-und-natur-kanton-schwyz	https://data.sz.ch/api/explore/v2.1/catalog/datasets?where=publisher%3D%22Amt%20f%C3%BCr%20Wald%20und%20Natur%20Kanton%20Schwyz%22&limit=100	json:results		Datenkatalog Kanton Schwyz — publisher-amt-f-r-wald-und-natur-kanton-schwyz (Switzerland)		ch_opendata	opendata	de	ch,ods,opendata,publisher-amt-f-r-wald-und-natur-kanton-schwyz	86400	Every dataset on this portal whose publisher is Amt für Wald und Natur Kanton Schwyz — the publisher's full stream, with field schema and record counts. Served by the ODS platform at data.sz.ch.	no	pending-probe
ch-data-sz-ch-publisher-amt-f-r-wirtschaft-kanton-schwyz	https://data.sz.ch/api/explore/v2.1/catalog/datasets?where=publisher%3D%22Amt%20f%C3%BCr%20Wirtschaft%20Kanton%20Schwyz%22&limit=100	json:results		Datenkatalog Kanton Schwyz — publisher-amt-f-r-wirtschaft-kanton-schwyz (Switzerland)		ch_opendata	opendata	de	ch,ods,opendata,publisher-amt-f-r-wirtschaft-kanton-schwyz	86400	Every dataset on this portal whose publisher is Amt für Wirtschaft Kanton Schwyz — the publisher's full stream, with field schema and record counts. Served by the ODS platform at data.sz.ch.	no	pending-probe
ch-data-sz-ch-publisher-amt-f-r-geoinformation-kanton-schwyz	https://data.sz.ch/api/explore/v2.1/catalog/datasets?where=publisher%3D%22Amt%20f%C3%BCr%20Geoinformation%20Kanton%20Schwyz%22&limit=100	json:results		Datenkatalog Kanton Schwyz — publisher-amt-f-r-geoinformation-kanton-schwyz (Switzerland)		ch_opendata	opendata	de	ch,ods,opendata,publisher-amt-f-r-geoinformation-kanton-schwyz	86400	Every dataset on this portal whose publisher is Amt für Geoinformation Kanton Schwyz — the publisher's full stream, with field schema and record counts. Served by the ODS platform at data.sz.ch.	no	pending-probe
ch-data-sz-ch-publisher-amt-f-r-landwirtschaft-kanton-schwyz	https://data.sz.ch/api/explore/v2.1/catalog/datasets?where=publisher%3D%22Amt%20f%C3%BCr%20Landwirtschaft%20Kanton%20Schwyz%22&limit=100	json:results		Datenkatalog Kanton Schwyz — publisher-amt-f-r-landwirtschaft-kanton-schwyz (Switzerland)		ch_opendata	opendata	de	ch,ods,opendata,publisher-amt-f-r-landwirtschaft-kanton-schwyz	86400	Every dataset on this portal whose publisher is Amt für Landwirtschaft Kanton Schwyz — the publisher's full stream, with field schema and record counts. Served by the ODS platform at data.sz.ch.	no	pending-probe
ch-data-sz-ch-publisher-bundesamt-f-r-statistik	https://data.sz.ch/api/explore/v2.1/catalog/datasets?where=publisher%3D%22Bundesamt%20f%C3%BCr%20Statistik%22&limit=100	json:results		Datenkatalog Kanton Schwyz — publisher-bundesamt-f-r-statistik (Switzerland)		ch_opendata	opendata	de	ch,ods,opendata,publisher-bundesamt-f-r-statistik	86400	Every dataset on this portal whose publisher is Bundesamt für Statistik — the publisher's full stream, with field schema and record counts. Served by the ODS platform at data.sz.ch.	no	pending-probe
ch-data-sz-ch-publisher-tiefbauamt-kanton-schwyz	https://data.sz.ch/api/explore/v2.1/catalog/datasets?where=publisher%3D%22Tiefbauamt%20Kanton%20Schwyz%22&limit=100	json:results		Datenkatalog Kanton Schwyz — publisher-tiefbauamt-kanton-schwyz (Switzerland)		ch_opendata	opendata	de	ch,ods,opendata,publisher-tiefbauamt-kanton-schwyz	86400	Every dataset on this portal whose publisher is Tiefbauamt Kanton Schwyz — the publisher's full stream, with field schema and record counts. Served by the ODS platform at data.sz.ch.	no	pending-probe
ch-data-sz-ch-publisher-amt-f-r-volksschulen-und-sport-kanton-sc	https://data.sz.ch/api/explore/v2.1/catalog/datasets?where=publisher%3D%22Amt%20f%C3%BCr%20Volksschulen%20und%20Sport%20Kanton%20Schwyz%22&limit=100	json:results		Datenkatalog Kanton Schwyz — publisher-amt-f-r-volksschulen-und-sport-kanton-sc (Switzerland)		ch_opendata	opendata	de	ch,ods,opendata,publisher-amt-f-r-volksschulen-und-sport-kanton-sc	86400	Every dataset on this portal whose publisher is Amt für Volksschulen und Sport Kanton Schwyz — the publisher's full stream, with field schema and record counts. Served by the ODS platform at data.sz.ch.	no	pending-probe
ch-data-sz-ch-publisher-amt-f-r-gew-sser-kanton-schwyz	https://data.sz.ch/api/explore/v2.1/catalog/datasets?where=publisher%3D%22Amt%20f%C3%BCr%20Gew%C3%A4sser%20Kanton%20Schwyz%22&limit=100	json:results		Datenkatalog Kanton Schwyz — publisher-amt-f-r-gew-sser-kanton-schwyz (Switzerland)		ch_opendata	opendata	de	ch,ods,opendata,publisher-amt-f-r-gew-sser-kanton-schwyz	86400	Every dataset on this portal whose publisher is Amt für Gewässer Kanton Schwyz — the publisher's full stream, with field schema and record counts. Served by the ODS platform at data.sz.ch.	no	pending-probe
ch-data-sz-ch-publisher-amt-f-r-raumentwicklung-kanton-schwyz	https://data.sz.ch/api/explore/v2.1/catalog/datasets?where=publisher%3D%22Amt%20f%C3%BCr%20Raumentwicklung%20Kanton%20Schwyz%22&limit=100	json:results		Datenkatalog Kanton Schwyz — publisher-amt-f-r-raumentwicklung-kanton-schwyz (Switzerland)		ch_opendata	opendata	de	ch,ods,opendata,publisher-amt-f-r-raumentwicklung-kanton-schwyz	86400	Every dataset on this portal whose publisher is Amt für Raumentwicklung Kanton Schwyz — the publisher's full stream, with field schema and record counts. Served by the ODS platform at data.sz.ch.	no	pending-probe
ch-data-sz-ch-publisher-steuerverwaltung-kanton-schwyz	https://data.sz.ch/api/explore/v2.1/catalog/datasets?where=publisher%3D%22Steuerverwaltung%20Kanton%20Schwyz%22&limit=100	json:results		Datenkatalog Kanton Schwyz — publisher-steuerverwaltung-kanton-schwyz (Switzerland)		ch_opendata	opendata	de	ch,ods,opendata,publisher-steuerverwaltung-kanton-schwyz	86400	Every dataset on this portal whose publisher is Steuerverwaltung Kanton Schwyz — the publisher's full stream, with field schema and record counts. Served by the ODS platform at data.sz.ch.	no	pending-probe
ch-data-sz-ch-publisher-amt-f-r-berufsbildung-kanton-schwyz	https://data.sz.ch/api/explore/v2.1/catalog/datasets?where=publisher%3D%22Amt%20f%C3%BCr%20Berufsbildung%20Kanton%20Schwyz%22&limit=100	json:results		Datenkatalog Kanton Schwyz — publisher-amt-f-r-berufsbildung-kanton-schwyz (Switzerland)		ch_opendata	opendata	de	ch,ods,opendata,publisher-amt-f-r-berufsbildung-kanton-schwyz	86400	Every dataset on this portal whose publisher is Amt für Berufsbildung Kanton Schwyz — the publisher's full stream, with field schema and record counts. Served by the ODS platform at data.sz.ch.	no	pending-probe
ch-data-sz-ch-publisher-amt-f-r-kultur-kanton-schwyz	https://data.sz.ch/api/explore/v2.1/catalog/datasets?where=publisher%3D%22Amt%20f%C3%BCr%20Kultur%20Kanton%20Schwyz%22&limit=100	json:results		Datenkatalog Kanton Schwyz — publisher-amt-f-r-kultur-kanton-schwyz (Switzerland)		ch_opendata	opendata	de	ch,ods,opendata,publisher-amt-f-r-kultur-kanton-schwyz	86400	Every dataset on this portal whose publisher is Amt für Kultur Kanton Schwyz — the publisher's full stream, with field schema and record counts. Served by the ODS platform at data.sz.ch.	no	pending-probe
ch-data-sz-ch-publisher-amt-f-r-mittel-und-hochschulen-kanton-sc	https://data.sz.ch/api/explore/v2.1/catalog/datasets?where=publisher%3D%22Amt%20f%C3%BCr%20Mittel-%20und%20Hochschulen%20Kanton%20Schwyz%22&limit=100	json:results		Datenkatalog Kanton Schwyz — publisher-amt-f-r-mittel-und-hochschulen-kanton-sc (Switzerland)		ch_opendata	opendata	de	ch,ods,opendata,publisher-amt-f-r-mittel-und-hochschulen-kanton-sc	86400	Every dataset on this portal whose publisher is Amt für Mittel- und Hochschulen Kanton Schwyz — the publisher's full stream, with field schema and record counts. Served by the ODS platform at data.sz.ch.	no	pending-probe
ch-data-sz-ch-publisher-bundesamt-f-r-energie	https://data.sz.ch/api/explore/v2.1/catalog/datasets?where=publisher%3D%22Bundesamt%20f%C3%BCr%20Energie%22&limit=100	json:results		Datenkatalog Kanton Schwyz — publisher-bundesamt-f-r-energie (Switzerland)		ch_opendata	opendata	de	ch,ods,opendata,publisher-bundesamt-f-r-energie	86400	Every dataset on this portal whose publisher is Bundesamt für Energie — the publisher's full stream, with field schema and record counts. Served by the ODS platform at data.sz.ch.	no	pending-probe
ch-data-sz-ch-publisher-amt-f-r-arbeit-kanton-schwyz	https://data.sz.ch/api/explore/v2.1/catalog/datasets?where=publisher%3D%22Amt%20f%C3%BCr%20Arbeit%20Kanton%20Schwyz%22&limit=100	json:results		Datenkatalog Kanton Schwyz — publisher-amt-f-r-arbeit-kanton-schwyz (Switzerland)		ch_opendata	opendata	de	ch,ods,opendata,publisher-amt-f-r-arbeit-kanton-schwyz	86400	Every dataset on this portal whose publisher is Amt für Arbeit Kanton Schwyz — the publisher's full stream, with field schema and record counts. Served by the ODS platform at data.sz.ch.	no	pending-probe
ch-data-sz-ch-publisher-amt-f-r-milit-r-feuer-und-zivilschutz-ka	https://data.sz.ch/api/explore/v2.1/catalog/datasets?where=publisher%3D%22Amt%20f%C3%BCr%20Milit%C3%A4r%2C%20Feuer-%20und%20Zivilschutz%20Kanton%20Schwyz%22&limit=100	json:results		Datenkatalog Kanton Schwyz — publisher-amt-f-r-milit-r-feuer-und-zivilschutz-ka (Switzerland)		ch_opendata	opendata	de	ch,ods,opendata,publisher-amt-f-r-milit-r-feuer-und-zivilschutz-ka	86400	Every dataset on this portal whose publisher is Amt für Militär, Feuer- und Zivilschutz Kanton Schwyz — the publisher's full stream, with field schema and record counts. Served by the ODS platform at data.sz.ch.	no	pending-probe
ch-data-sz-ch-publisher-fmh-verbindung-der-schweizer-rztinnen-un	https://data.sz.ch/api/explore/v2.1/catalog/datasets?where=publisher%3D%22FMH%20-%20Verbindung%20der%20Schweizer%20%C3%84rztinnen%20und%20%C3%84rzte%22&limit=100	json:results		Datenkatalog Kanton Schwyz — publisher-fmh-verbindung-der-schweizer-rztinnen-un (Switzerland)		ch_opendata	opendata	de	ch,ods,opendata,publisher-fmh-verbindung-der-schweizer-rztinnen-un	86400	Every dataset on this portal whose publisher is FMH - Verbindung der Schweizer Ärztinnen und Ärzte — the publisher's full stream, with field schema and record counts. Served by the ODS platform at data.sz.ch.	no	pending-probe
ch-data-sz-ch-publisher-amt-f-r-berufs-studien-und-laufbahnberat	https://data.sz.ch/api/explore/v2.1/catalog/datasets?where=publisher%3D%22Amt%20f%C3%BCr%20Berufs-%2C%20Studien-%20und%20Laufbahnberatung%20Kanton%20Schwyz%22&limit=100	json:results		Datenkatalog Kanton Schwyz — publisher-amt-f-r-berufs-studien-und-laufbahnberat (Switzerland)		ch_opendata	opendata	de	ch,ods,opendata,publisher-amt-f-r-berufs-studien-und-laufbahnberat	86400	Every dataset on this portal whose publisher is Amt für Berufs-, Studien- und Laufbahnberatung Kanton Schwyz — the publisher's full stream, with field schema and record counts. Served by the ODS platform at data.sz.ch.	no	pending-probe
ch-data-sz-ch-publisher-amt-f-r-migration-kanton-schwyz	https://data.sz.ch/api/explore/v2.1/catalog/datasets?where=publisher%3D%22Amt%20f%C3%BCr%20Migration%20Kanton%20Schwyz%22&limit=100	json:results		Datenkatalog Kanton Schwyz — publisher-amt-f-r-migration-kanton-schwyz (Switzerland)		ch_opendata	opendata	de	ch,ods,opendata,publisher-amt-f-r-migration-kanton-schwyz	86400	Every dataset on this portal whose publisher is Amt für Migration Kanton Schwyz — the publisher's full stream, with field schema and record counts. Served by the ODS platform at data.sz.ch.	no	pending-probe
ch-data-sz-ch-publisher-amt-f-r-ffentlichen-verkehr-kanton-schwy	https://data.sz.ch/api/explore/v2.1/catalog/datasets?where=publisher%3D%22Amt%20f%C3%BCr%20%C3%B6ffentlichen%20Verkehr%20Kanton%20Schwyz%22&limit=100	json:results		Datenkatalog Kanton Schwyz — publisher-amt-f-r-ffentlichen-verkehr-kanton-schwy (Switzerland)		ch_opendata	opendata	de	ch,ods,opendata,publisher-amt-f-r-ffentlichen-verkehr-kanton-schwy	86400	Every dataset on this portal whose publisher is Amt für öffentlichen Verkehr Kanton Schwyz — the publisher's full stream, with field schema and record counts. Served by the ODS platform at data.sz.ch.	no	pending-probe
ch-data-sz-ch-publisher-bundesamt-f-r-gesundheit	https://data.sz.ch/api/explore/v2.1/catalog/datasets?where=publisher%3D%22Bundesamt%20f%C3%BCr%20Gesundheit%22&limit=100	json:results		Datenkatalog Kanton Schwyz — publisher-bundesamt-f-r-gesundheit (Switzerland)		ch_opendata	opendata	de	ch,ods,opendata,publisher-bundesamt-f-r-gesundheit	86400	Every dataset on this portal whose publisher is Bundesamt für Gesundheit — the publisher's full stream, with field schema and record counts. Served by the ODS platform at data.sz.ch.	no	pending-probe
ch-data-sz-ch-publisher-bundesamt-f-r-raumentwicklung	https://data.sz.ch/api/explore/v2.1/catalog/datasets?where=publisher%3D%22Bundesamt%20f%C3%BCr%20Raumentwicklung%22&limit=100	json:results		Datenkatalog Kanton Schwyz — publisher-bundesamt-f-r-raumentwicklung (Switzerland)		ch_opendata	opendata	de	ch,ods,opendata,publisher-bundesamt-f-r-raumentwicklung	86400	Every dataset on this portal whose publisher is Bundesamt für Raumentwicklung — the publisher's full stream, with field schema and record counts. Served by the ODS platform at data.sz.ch.	no	pending-probe
ch-data-sz-ch-publisher-bundesamt-f-r-raumenwicklung	https://data.sz.ch/api/explore/v2.1/catalog/datasets?where=publisher%3D%22Bundesamt%20f%C3%BCr%20Raumenwicklung%22&limit=100	json:results		Datenkatalog Kanton Schwyz — publisher-bundesamt-f-r-raumenwicklung (Switzerland)		ch_opendata	opendata	de	ch,ods,opendata,publisher-bundesamt-f-r-raumenwicklung	86400	Every dataset on this portal whose publisher is Bundesamt für Raumenwicklung — the publisher's full stream, with field schema and record counts. Served by the ODS platform at data.sz.ch.	no	pending-probe
ch-data-sz-ch-publisher-bundesamt-f-r-strassen-astra	https://data.sz.ch/api/explore/v2.1/catalog/datasets?where=publisher%3D%22Bundesamt%20f%C3%BCr%20Strassen%20ASTRA%22&limit=100	json:results		Datenkatalog Kanton Schwyz — publisher-bundesamt-f-r-strassen-astra (Switzerland)		ch_opendata	opendata	de	ch,ods,opendata,publisher-bundesamt-f-r-strassen-astra	86400	Every dataset on this portal whose publisher is Bundesamt für Strassen ASTRA — the publisher's full stream, with field schema and record counts. Served by the ODS platform at data.sz.ch.	no	pending-probe
ch-data-sz-ch-publisher-eidgen-ssische-finanzverwaltung	https://data.sz.ch/api/explore/v2.1/catalog/datasets?where=publisher%3D%22Eidgen%C3%B6ssische%20Finanzverwaltung%22&limit=100	json:results		Datenkatalog Kanton Schwyz — publisher-eidgen-ssische-finanzverwaltung (Switzerland)		ch_opendata	opendata	de	ch,ods,opendata,publisher-eidgen-ssische-finanzverwaltung	86400	Every dataset on this portal whose publisher is Eidgenössische Finanzverwaltung — the publisher's full stream, with field schema and record counts. Served by the ODS platform at data.sz.ch.	no	pending-probe
ch-data-sz-ch-publisher-hochbauamt-kanton-schwyz	https://data.sz.ch/api/explore/v2.1/catalog/datasets?where=publisher%3D%22Hochbauamt%20Kanton%20Schwyz%22&limit=100	json:results		Datenkatalog Kanton Schwyz — publisher-hochbauamt-kanton-schwyz (Switzerland)		ch_opendata	opendata	de	ch,ods,opendata,publisher-hochbauamt-kanton-schwyz	86400	Every dataset on this portal whose publisher is Hochbauamt Kanton Schwyz — the publisher's full stream, with field schema and record counts. Served by the ODS platform at data.sz.ch.	no	pending-probe
ch-data-sz-ch-publisher-laboratorium-der-urkantone-veterin-rdien	https://data.sz.ch/api/explore/v2.1/catalog/datasets?where=publisher%3D%22Laboratorium%20der%20Urkantone%2C%20Veterin%C3%A4rdienst%20der%20Urkantone%20%28VdU%29%22&limit=100	json:results		Datenkatalog Kanton Schwyz — publisher-laboratorium-der-urkantone-veterin-rdien (Switzerland)		ch_opendata	opendata	de	ch,ods,opendata,publisher-laboratorium-der-urkantone-veterin-rdien	86400	Every dataset on this portal whose publisher is Laboratorium der Urkantone, Veterinärdienst der Urkantone (VdU) — the publisher's full stream, with field schema and record counts. Served by the ODS platform at data.sz.ch.	no	pending-probe
ch-data-sz-ch-publisher-linthebene-melioration	https://data.sz.ch/api/explore/v2.1/catalog/datasets?where=publisher%3D%22Linthebene%20Melioration%22&limit=100	json:results		Datenkatalog Kanton Schwyz — publisher-linthebene-melioration (Switzerland)		ch_opendata	opendata	de	ch,ods,opendata,publisher-linthebene-melioration	86400	Every dataset on this portal whose publisher is Linthebene Melioration — the publisher's full stream, with field schema and record counts. Served by the ODS platform at data.sz.ch.	no	pending-probe
ch-data-sz-ch-publisher-meteoswiss	https://data.sz.ch/api/explore/v2.1/catalog/datasets?where=publisher%3D%22MeteoSwiss%22&limit=100	json:results		Datenkatalog Kanton Schwyz — publisher-meteoswiss (Switzerland)		ch_opendata	opendata	de	ch,ods,opendata,publisher-meteoswiss	86400	Every dataset on this portal whose publisher is MeteoSwiss — the publisher's full stream, with field schema and record counts. Served by the ODS platform at data.sz.ch.	no	pending-probe
ch-data-sz-ch-publisher-sva-schwyz	https://data.sz.ch/api/explore/v2.1/catalog/datasets?where=publisher%3D%22SVA%20Schwyz%22&limit=100	json:results		Datenkatalog Kanton Schwyz — publisher-sva-schwyz (Switzerland)		ch_opendata	opendata	de	ch,ods,opendata,publisher-sva-schwyz	86400	Every dataset on this portal whose publisher is SVA Schwyz — the publisher's full stream, with field schema and record counts. Served by the ODS platform at data.sz.ch.	no	pending-probe
ch-data-sz-ch-publisher-staatskanzlei-kanton-schwyz	https://data.sz.ch/api/explore/v2.1/catalog/datasets?where=publisher%3D%22Staatskanzlei%20Kanton%20Schwyz%22&limit=100	json:results		Datenkatalog Kanton Schwyz — publisher-staatskanzlei-kanton-schwyz (Switzerland)		ch_opendata	opendata	de	ch,ods,opendata,publisher-staatskanzlei-kanton-schwyz	86400	Every dataset on this portal whose publisher is Staatskanzlei Kanton Schwyz — the publisher's full stream, with field schema and record counts. Served by the ODS platform at data.sz.ch.	no	pending-probe
ch-data-sz-ch-publisher-staatssekretariat-f-r-wirtschaft-seco	https://data.sz.ch/api/explore/v2.1/catalog/datasets?where=publisher%3D%22Staatssekretariat%20f%C3%BCr%20Wirtschaft%20SECO%22&limit=100	json:results		Datenkatalog Kanton Schwyz — publisher-staatssekretariat-f-r-wirtschaft-seco (Switzerland)		ch_opendata	opendata	de	ch,ods,opendata,publisher-staatssekretariat-f-r-wirtschaft-seco	86400	Every dataset on this portal whose publisher is Staatssekretariat für Wirtschaft SECO — the publisher's full stream, with field schema and record counts. Served by the ODS platform at data.sz.ch.	no	pending-probe
ch-daten-sg-ch-datasets	https://daten.sg.ch/api/explore/v2.1/catalog/datasets?limit=100	json:results		Datenkatalog Kanton St. Gallen — datasets (Switzerland)		ch_opendata	opendata	de	ch,ods,opendata,datasets	86400	OpenDataSoft Explore catalogue: dataset id, title, theme, publisher, licence, record count and field schema. Served by the ODS platform at daten.sg.ch.	no	pending-probe
ch-daten-sg-ch-facets	https://daten.sg.ch/api/explore/v2.1/catalog/facets	json:facets		Datenkatalog Kanton St. Gallen — facets (Switzerland)		ch_opendata	opendata	de	ch,ods,opendata,facets	86400	The portal's facet tree — themes, publishers and keywords with counts, i.e. the shape of what this authority publishes. Served by the ODS platform at daten.sg.ch.	no	pending-probe
ch-daten-sg-ch-publisher-amt-f-r-raumentwicklung-und-geoinformati	https://daten.sg.ch/api/explore/v2.1/catalog/datasets?where=publisher%3D%22Amt%20f%C3%BCr%20Raumentwicklung%20und%20Geoinformation%22&limit=100	json:results		Datenkatalog Kanton St. Gallen — publisher-amt-f-r-raumentwicklung-und-geoinformati (Switzerland)		ch_opendata	opendata	de	ch,ods,opendata,publisher-amt-f-r-raumentwicklung-und-geoinformati	86400	Every dataset on this portal whose publisher is Amt für Raumentwicklung und Geoinformation — the publisher's full stream, with field schema and record counts. Served by the ODS platform at daten.sg.ch.	no	pending-probe
ch-daten-sg-ch-publisher-amt-f-r-daten-und-statistik	https://daten.sg.ch/api/explore/v2.1/catalog/datasets?where=publisher%3D%22Amt%20f%C3%BCr%20Daten%20und%20Statistik%22&limit=100	json:results		Datenkatalog Kanton St. Gallen — publisher-amt-f-r-daten-und-statistik (Switzerland)		ch_opendata	opendata	de	ch,ods,opendata,publisher-amt-f-r-daten-und-statistik	86400	Every dataset on this portal whose publisher is Amt für Daten und Statistik — the publisher's full stream, with field schema and record counts. Served by the ODS platform at daten.sg.ch.	no	pending-probe
ch-daten-sg-ch-publisher-finanzdepartement-kanton-st-gallen	https://daten.sg.ch/api/explore/v2.1/catalog/datasets?where=publisher%3D%22Finanzdepartement%20Kanton%20St.Gallen%22&limit=100	json:results		Datenkatalog Kanton St. Gallen — publisher-finanzdepartement-kanton-st-gallen (Switzerland)		ch_opendata	opendata	de	ch,ods,opendata,publisher-finanzdepartement-kanton-st-gallen	86400	Every dataset on this portal whose publisher is Finanzdepartement Kanton St.Gallen — the publisher's full stream, with field schema and record counts. Served by the ODS platform at daten.sg.ch.	no	pending-probe
ch-daten-sg-ch-publisher-staatskanzlei-kanton-st-gallen	https://daten.sg.ch/api/explore/v2.1/catalog/datasets?where=publisher%3D%22Staatskanzlei%2C%20Kanton%20St.Gallen%22&limit=100	json:results		Datenkatalog Kanton St. Gallen — publisher-staatskanzlei-kanton-st-gallen (Switzerland)		ch_opendata	opendata	de	ch,ods,opendata,publisher-staatskanzlei-kanton-st-gallen	86400	Every dataset on this portal whose publisher is Staatskanzlei, Kanton St.Gallen — the publisher's full stream, with field schema and record counts. Served by the ODS platform at daten.sg.ch.	no	pending-probe
ch-daten-sg-ch-publisher-die-schweizerische-post	https://daten.sg.ch/api/explore/v2.1/catalog/datasets?where=publisher%3D%22Die%20Schweizerische%20Post%22&limit=100	json:results		Datenkatalog Kanton St. Gallen — publisher-die-schweizerische-post (Switzerland)		ch_opendata	opendata	de	ch,ods,opendata,publisher-die-schweizerische-post	86400	Every dataset on this portal whose publisher is Die Schweizerische Post — the publisher's full stream, with field schema and record counts. Served by the ODS platform at daten.sg.ch.	no	pending-probe
ch-daten-sg-ch-publisher-amt-f-r-daten-und-statistik-kanton-st-ga	https://daten.sg.ch/api/explore/v2.1/catalog/datasets?where=publisher%3D%22Amt%20f%C3%BCr%20Daten%20und%20Statistik%20Kanton%20St.Gallen%22&limit=100	json:results		Datenkatalog Kanton St. Gallen — publisher-amt-f-r-daten-und-statistik-kanton-st-ga (Switzerland)		ch_opendata	opendata	de	ch,ods,opendata,publisher-amt-f-r-daten-und-statistik-kanton-st-ga	86400	Every dataset on this portal whose publisher is Amt für Daten und Statistik Kanton St.Gallen — the publisher's full stream, with field schema and record counts. Served by the ODS platform at daten.sg.ch.	no	pending-probe
ch-daten-sg-ch-publisher-ostschweiz-tourismus	https://daten.sg.ch/api/explore/v2.1/catalog/datasets?where=publisher%3D%22Ostschweiz%20Tourismus%22&limit=100	json:results		Datenkatalog Kanton St. Gallen — publisher-ostschweiz-tourismus (Switzerland)		ch_opendata	opendata	de	ch,ods,opendata,publisher-ostschweiz-tourismus	86400	Every dataset on this portal whose publisher is Ostschweiz Tourismus — the publisher's full stream, with field schema and record counts. Served by the ODS platform at daten.sg.ch.	no	pending-probe
ch-daten-sg-ch-publisher-bundesamt-f-r-energie	https://daten.sg.ch/api/explore/v2.1/catalog/datasets?where=publisher%3D%22Bundesamt%20f%C3%BCr%20Energie%22&limit=100	json:results		Datenkatalog Kanton St. Gallen — publisher-bundesamt-f-r-energie (Switzerland)		ch_opendata	opendata	de	ch,ods,opendata,publisher-bundesamt-f-r-energie	86400	Every dataset on this portal whose publisher is Bundesamt für Energie — the publisher's full stream, with field schema and record counts. Served by the ODS platform at daten.sg.ch.	no	pending-probe
ch-daten-sg-ch-publisher-bundesamt-f-r-strassen	https://daten.sg.ch/api/explore/v2.1/catalog/datasets?where=publisher%3D%22Bundesamt%20f%C3%BCr%20Strassen%22&limit=100	json:results		Datenkatalog Kanton St. Gallen — publisher-bundesamt-f-r-strassen (Switzerland)		ch_opendata	opendata	de	ch,ods,opendata,publisher-bundesamt-f-r-strassen	86400	Every dataset on this portal whose publisher is Bundesamt für Strassen — the publisher's full stream, with field schema and record counts. Served by the ODS platform at daten.sg.ch.	no	pending-probe
ch-daten-sg-ch-publisher-kommunikation-kanton-st-gallen	https://daten.sg.ch/api/explore/v2.1/catalog/datasets?where=publisher%3D%22Kommunikation%20Kanton%20St.Gallen%22&limit=100	json:results		Datenkatalog Kanton St. Gallen — publisher-kommunikation-kanton-st-gallen (Switzerland)		ch_opendata	opendata	de	ch,ods,opendata,publisher-kommunikation-kanton-st-gallen	86400	Every dataset on this portal whose publisher is Kommunikation Kanton St.Gallen — the publisher's full stream, with field schema and record counts. Served by the ODS platform at daten.sg.ch.	no	pending-probe
ch-daten-sg-ch-publisher-tiefbauamt-kanton-st-gallen-mobilit-t-un	https://daten.sg.ch/api/explore/v2.1/catalog/datasets?where=publisher%3D%22Tiefbauamt%20Kanton%20St.Gallen%2C%20Mobilit%C3%A4t%20und%20Planung%2C%20Verkehrstechnik%22&limit=100	json:results		Datenkatalog Kanton St. Gallen — publisher-tiefbauamt-kanton-st-gallen-mobilit-t-un (Switzerland)		ch_opendata	opendata	de	ch,ods,opendata,publisher-tiefbauamt-kanton-st-gallen-mobilit-t-un	86400	Every dataset on this portal whose publisher is Tiefbauamt Kanton St.Gallen, Mobilität und Planung, Verkehrstechnik — the publisher's full stream, with field schema and record counts. Served by the ODS platform at daten.sg.ch.	no	pending-probe
ch-daten-sg-ch-publisher-it-rockt	https://daten.sg.ch/api/explore/v2.1/catalog/datasets?where=publisher%3D%22%3CIT%3Erockt%21%22&limit=100	json:results		Datenkatalog Kanton St. Gallen — publisher-it-rockt (Switzerland)		ch_opendata	opendata	de	ch,ods,opendata,publisher-it-rockt	86400	Every dataset on this portal whose publisher is <IT>rockt! — the publisher's full stream, with field schema and record counts. Served by the ODS platform at daten.sg.ch.	no	pending-probe
ch-daten-sg-ch-publisher-amt-f-r-volksschule	https://daten.sg.ch/api/explore/v2.1/catalog/datasets?where=publisher%3D%22Amt%20f%C3%BCr%20Volksschule%22&limit=100	json:results		Datenkatalog Kanton St. Gallen — publisher-amt-f-r-volksschule (Switzerland)		ch_opendata	opendata	de	ch,ods,opendata,publisher-amt-f-r-volksschule	86400	Every dataset on this portal whose publisher is Amt für Volksschule — the publisher's full stream, with field schema and record counts. Served by the ODS platform at daten.sg.ch.	no	pending-probe
ch-daten-sg-ch-publisher-amt-f-r-ffentlichen-verkehr	https://daten.sg.ch/api/explore/v2.1/catalog/datasets?where=publisher%3D%22Amt%20f%C3%BCr%20%C3%B6ffentlichen%20Verkehr%22&limit=100	json:results		Datenkatalog Kanton St. Gallen — publisher-amt-f-r-ffentlichen-verkehr (Switzerland)		ch_opendata	opendata	de	ch,ods,opendata,publisher-amt-f-r-ffentlichen-verkehr	86400	Every dataset on this portal whose publisher is Amt für öffentlichen Verkehr — the publisher's full stream, with field schema and record counts. Served by the ODS platform at daten.sg.ch.	no	pending-probe
ch-daten-sg-ch-publisher-bundesamt-f-r-meteorologie-und-klimatolo	https://daten.sg.ch/api/explore/v2.1/catalog/datasets?where=publisher%3D%22Bundesamt%20f%C3%BCr%20Meteorologie%20und%20Klimatologie%22&limit=100	json:results		Datenkatalog Kanton St. Gallen — publisher-bundesamt-f-r-meteorologie-und-klimatolo (Switzerland)		ch_opendata	opendata	de	ch,ods,opendata,publisher-bundesamt-f-r-meteorologie-und-klimatolo	86400	Every dataset on this portal whose publisher is Bundesamt für Meteorologie und Klimatologie — the publisher's full stream, with field schema and record counts. Served by the ODS platform at daten.sg.ch.	no	pending-probe
ch-daten-sg-ch-publisher-die-schweizerische-post-ag	https://daten.sg.ch/api/explore/v2.1/catalog/datasets?where=publisher%3D%22Die%20Schweizerische%20Post%20AG%22&limit=100	json:results		Datenkatalog Kanton St. Gallen — publisher-die-schweizerische-post-ag (Switzerland)		ch_opendata	opendata	de	ch,ods,opendata,publisher-die-schweizerische-post-ag	86400	Every dataset on this portal whose publisher is Die Schweizerische Post AG — the publisher's full stream, with field schema and record counts. Served by the ODS platform at daten.sg.ch.	no	pending-probe
ch-daten-sg-ch-publisher-fachstelle-f-r-statistik-kanton-st-galle	https://daten.sg.ch/api/explore/v2.1/catalog/datasets?where=publisher%3D%22Fachstelle%20f%C3%BCr%20Statistik%20Kanton%20St.Gallen%22&limit=100	json:results		Datenkatalog Kanton St. Gallen — publisher-fachstelle-f-r-statistik-kanton-st-galle (Switzerland)		ch_opendata	opendata	de	ch,ods,opendata,publisher-fachstelle-f-r-statistik-kanton-st-galle	86400	Every dataset on this portal whose publisher is Fachstelle für Statistik Kanton St.Gallen — the publisher's full stream, with field schema and record counts. Served by the ODS platform at daten.sg.ch.	no	pending-probe
ch-daten-sg-ch-publisher-gesundheitsdepartement-kanton-st-gallen	https://daten.sg.ch/api/explore/v2.1/catalog/datasets?where=publisher%3D%22Gesundheitsdepartement%20Kanton%20St.Gallen%22&limit=100	json:results		Datenkatalog Kanton St. Gallen — publisher-gesundheitsdepartement-kanton-st-gallen (Switzerland)		ch_opendata	opendata	de	ch,ods,opendata,publisher-gesundheitsdepartement-kanton-st-gallen	86400	Every dataset on this portal whose publisher is Gesundheitsdepartement Kanton St.Gallen — the publisher's full stream, with field schema and record counts. Served by the ODS platform at daten.sg.ch.	no	pending-probe
ch-daten-sg-ch-publisher-pol-gemeinde-eichberg	https://daten.sg.ch/api/explore/v2.1/catalog/datasets?where=publisher%3D%22Pol.%20Gemeinde%20Eichberg%22&limit=100	json:results		Datenkatalog Kanton St. Gallen — publisher-pol-gemeinde-eichberg (Switzerland)		ch_opendata	opendata	de	ch,ods,opendata,publisher-pol-gemeinde-eichberg	86400	Every dataset on this portal whose publisher is Pol. Gemeinde Eichberg — the publisher's full stream, with field schema and record counts. Served by the ODS platform at daten.sg.ch.	no	pending-probe
ch-daten-sg-ch-publisher-sbb	https://daten.sg.ch/api/explore/v2.1/catalog/datasets?where=publisher%3D%22SBB%22&limit=100	json:results		Datenkatalog Kanton St. Gallen — publisher-sbb (Switzerland)		ch_opendata	opendata	de	ch,ods,opendata,publisher-sbb	86400	Every dataset on this portal whose publisher is SBB — the publisher's full stream, with field schema and record counts. Served by the ODS platform at daten.sg.ch.	no	pending-probe
ch-daten-sg-ch-publisher-sbb-infrastructure	https://daten.sg.ch/api/explore/v2.1/catalog/datasets?where=publisher%3D%22SBB%20Infrastructure%22&limit=100	json:results		Datenkatalog Kanton St. Gallen — publisher-sbb-infrastructure (Switzerland)		ch_opendata	opendata	de	ch,ods,opendata,publisher-sbb-infrastructure	86400	Every dataset on this portal whose publisher is SBB Infrastructure — the publisher's full stream, with field schema and record counts. Served by the ODS platform at daten.sg.ch.	no	pending-probe
ch-daten-sg-ch-publisher-sbb-infrastruktur	https://daten.sg.ch/api/explore/v2.1/catalog/datasets?where=publisher%3D%22SBB%20Infrastruktur%22&limit=100	json:results		Datenkatalog Kanton St. Gallen — publisher-sbb-infrastruktur (Switzerland)		ch_opendata	opendata	de	ch,ods,opendata,publisher-sbb-infrastruktur	86400	Every dataset on this portal whose publisher is SBB Infrastruktur — the publisher's full stream, with field schema and record counts. Served by the ODS platform at daten.sg.ch.	no	pending-probe
ch-daten-sg-ch-publisher-sbb-personenverkehr	https://daten.sg.ch/api/explore/v2.1/catalog/datasets?where=publisher%3D%22SBB%20Personenverkehr%22&limit=100	json:results		Datenkatalog Kanton St. Gallen — publisher-sbb-personenverkehr (Switzerland)		ch_opendata	opendata	de	ch,ods,opendata,publisher-sbb-personenverkehr	86400	Every dataset on this portal whose publisher is SBB Personenverkehr — the publisher's full stream, with field schema and record counts. Served by the ODS platform at daten.sg.ch.	no	pending-probe
ch-daten-sg-ch-publisher-zweckverband-abfallverwertung-bazenheid-	https://daten.sg.ch/api/explore/v2.1/catalog/datasets?where=publisher%3D%22Zweckverband%20Abfallverwertung%20Bazenheid%20%28ZAB%29%22&limit=100	json:results		Datenkatalog Kanton St. Gallen — publisher-zweckverband-abfallverwertung-bazenheid- (Switzerland)		ch_opendata	opendata	de	ch,ods,opendata,publisher-zweckverband-abfallverwertung-bazenheid-	86400	Every dataset on this portal whose publisher is Zweckverband Abfallverwertung Bazenheid (ZAB) — the publisher's full stream, with field schema and record counts. Served by the ODS platform at daten.sg.ch.	no	pending-probe
ch-data-tg-ch-facets	https://data.tg.ch/api/explore/v2.1/catalog/facets	json:facets		Datenkatalog Kanton Thurgau — facets (Switzerland)		ch_opendata	opendata	de	ch,ods,opendata,facets	86400	The portal's facet tree — themes, publishers and keywords with counts, i.e. the shape of what this authority publishes. Served by the ODS platform at data.tg.ch.	no	pending-probe
ch-data-tg-ch-publisher-amt-f-r-daten-und-statistik-kanton-thurg	https://data.tg.ch/api/explore/v2.1/catalog/datasets?where=publisher%3D%22Amt%20f%C3%BCr%20Daten%20und%20Statistik%20Kanton%20Thurgau%22&limit=100	json:results		Datenkatalog Kanton Thurgau — publisher-amt-f-r-daten-und-statistik-kanton-thurg (Switzerland)		ch_opendata	opendata	de	ch,ods,opendata,publisher-amt-f-r-daten-und-statistik-kanton-thurg	86400	Every dataset on this portal whose publisher is Amt für Daten und Statistik Kanton Thurgau — the publisher's full stream, with field schema and record counts. Served by the ODS platform at data.tg.ch.	no	pending-probe
ch-data-tg-ch-publisher-kanton-thurgau-amt-f-r-umwelt	https://data.tg.ch/api/explore/v2.1/catalog/datasets?where=publisher%3D%22Kanton%20Thurgau%2C%20Amt%20f%C3%BCr%20Umwelt%22&limit=100	json:results		Datenkatalog Kanton Thurgau — publisher-kanton-thurgau-amt-f-r-umwelt (Switzerland)		ch_opendata	opendata	de	ch,ods,opendata,publisher-kanton-thurgau-amt-f-r-umwelt	86400	Every dataset on this portal whose publisher is Kanton Thurgau, Amt für Umwelt — the publisher's full stream, with field schema and record counts. Served by the ODS platform at data.tg.ch.	no	pending-probe
ch-data-tg-ch-publisher-finanzverwaltung-kanton-thurgau	https://data.tg.ch/api/explore/v2.1/catalog/datasets?where=publisher%3D%22Finanzverwaltung%20Kanton%20Thurgau%22&limit=100	json:results		Datenkatalog Kanton Thurgau — publisher-finanzverwaltung-kanton-thurgau (Switzerland)		ch_opendata	opendata	de	ch,ods,opendata,publisher-finanzverwaltung-kanton-thurgau	86400	Every dataset on this portal whose publisher is Finanzverwaltung Kanton Thurgau — the publisher's full stream, with field schema and record counts. Served by the ODS platform at data.tg.ch.	no	pending-probe
ch-data-tg-ch-publisher-amt-f-r-volksschule-kanton-thurgau	https://data.tg.ch/api/explore/v2.1/catalog/datasets?where=publisher%3D%22Amt%20f%C3%BCr%20Volksschule%20Kanton%20Thurgau%22&limit=100	json:results		Datenkatalog Kanton Thurgau — publisher-amt-f-r-volksschule-kanton-thurgau (Switzerland)		ch_opendata	opendata	de	ch,ods,opendata,publisher-amt-f-r-volksschule-kanton-thurgau	86400	Every dataset on this portal whose publisher is Amt für Volksschule Kanton Thurgau — the publisher's full stream, with field schema and record counts. Served by the ODS platform at data.tg.ch.	no	pending-probe
ch-data-tg-ch-publisher-staatskanzlei-kanton-thurgau	https://data.tg.ch/api/explore/v2.1/catalog/datasets?where=publisher%3D%22Staatskanzlei%20Kanton%20Thurgau%22&limit=100	json:results		Datenkatalog Kanton Thurgau — publisher-staatskanzlei-kanton-thurgau (Switzerland)		ch_opendata	opendata	de	ch,ods,opendata,publisher-staatskanzlei-kanton-thurgau	86400	Every dataset on this portal whose publisher is Staatskanzlei Kanton Thurgau — the publisher's full stream, with field schema and record counts. Served by the ODS platform at data.tg.ch.	no	pending-probe
ch-data-tg-ch-publisher-amt-f-r-umwelt-kanton-thurgau	https://data.tg.ch/api/explore/v2.1/catalog/datasets?where=publisher%3D%22Amt%20f%C3%BCr%20Umwelt%20Kanton%20Thurgau%22&limit=100	json:results		Datenkatalog Kanton Thurgau — publisher-amt-f-r-umwelt-kanton-thurgau (Switzerland)		ch_opendata	opendata	de	ch,ods,opendata,publisher-amt-f-r-umwelt-kanton-thurgau	86400	Every dataset on this portal whose publisher is Amt für Umwelt Kanton Thurgau — the publisher's full stream, with field schema and record counts. Served by the ODS platform at data.tg.ch.	no	pending-probe
ch-data-tg-ch-publisher-meteoschweiz-kanton-thurgau	https://data.tg.ch/api/explore/v2.1/catalog/datasets?where=publisher%3D%22MeteoSchweiz%20Kanton%20Thurgau%22&limit=100	json:results		Datenkatalog Kanton Thurgau — publisher-meteoschweiz-kanton-thurgau (Switzerland)		ch_opendata	opendata	de	ch,ods,opendata,publisher-meteoschweiz-kanton-thurgau	86400	Every dataset on this portal whose publisher is MeteoSchweiz Kanton Thurgau — the publisher's full stream, with field schema and record counts. Served by the ODS platform at data.tg.ch.	no	pending-probe
ch-data-tg-ch-publisher-kanton-thurgau-tiefbauamt	https://data.tg.ch/api/explore/v2.1/catalog/datasets?where=publisher%3D%22Kanton%20Thurgau%2C%20Tiefbauamt%22&limit=100	json:results		Datenkatalog Kanton Thurgau — publisher-kanton-thurgau-tiefbauamt (Switzerland)		ch_opendata	opendata	de	ch,ods,opendata,publisher-kanton-thurgau-tiefbauamt	86400	Every dataset on this portal whose publisher is Kanton Thurgau, Tiefbauamt — the publisher's full stream, with field schema and record counts. Served by the ODS platform at data.tg.ch.	no	pending-probe
ch-data-tg-ch-publisher-strassenverkehrsamt-kanton-thurgau	https://data.tg.ch/api/explore/v2.1/catalog/datasets?where=publisher%3D%22Strassenverkehrsamt%20Kanton%20Thurgau%22&limit=100	json:results		Datenkatalog Kanton Thurgau — publisher-strassenverkehrsamt-kanton-thurgau (Switzerland)		ch_opendata	opendata	de	ch,ods,opendata,publisher-strassenverkehrsamt-kanton-thurgau	86400	Every dataset on this portal whose publisher is Strassenverkehrsamt Kanton Thurgau — the publisher's full stream, with field schema and record counts. Served by the ODS platform at data.tg.ch.	no	pending-probe
ch-data-tg-ch-publisher-generalsekretariat-departement-f-r-erzie	https://data.tg.ch/api/explore/v2.1/catalog/datasets?where=publisher%3D%22Generalsekretariat%20Departement%20f%C3%BCr%20Erziehung%20und%20Kultur%20Kanton%20Thurgau%22&limit=100	json:results		Datenkatalog Kanton Thurgau — publisher-generalsekretariat-departement-f-r-erzie (Switzerland)		ch_opendata	opendata	de	ch,ods,opendata,publisher-generalsekretariat-departement-f-r-erzie	86400	Every dataset on this portal whose publisher is Generalsekretariat Departement für Erziehung und Kultur Kanton Thurgau — the publisher's full stream, with field schema and record counts. Served by the ODS platform at data.tg.ch.	no	pending-probe
ch-data-tg-ch-publisher-kanton-thurgau-forstamt	https://data.tg.ch/api/explore/v2.1/catalog/datasets?where=publisher%3D%22Kanton%20Thurgau%2C%20Forstamt%22&limit=100	json:results		Datenkatalog Kanton Thurgau — publisher-kanton-thurgau-forstamt (Switzerland)		ch_opendata	opendata	de	ch,ods,opendata,publisher-kanton-thurgau-forstamt	86400	Every dataset on this portal whose publisher is Kanton Thurgau, Forstamt — the publisher's full stream, with field schema and record counts. Served by the ODS platform at data.tg.ch.	no	pending-probe
ch-data-tg-ch-publisher-kanton-thurgau-jagd-und-fischereiverwalt	https://data.tg.ch/api/explore/v2.1/catalog/datasets?where=publisher%3D%22Kanton%20Thurgau%2C%20Jagd-%20und%20Fischereiverwaltung%22&limit=100	json:results		Datenkatalog Kanton Thurgau — publisher-kanton-thurgau-jagd-und-fischereiverwalt (Switzerland)		ch_opendata	opendata	de	ch,ods,opendata,publisher-kanton-thurgau-jagd-und-fischereiverwalt	86400	Every dataset on this portal whose publisher is Kanton Thurgau, Jagd- und Fischereiverwaltung — the publisher's full stream, with field schema and record counts. Served by the ODS platform at data.tg.ch.	no	pending-probe
ch-data-tg-ch-publisher-amt-f-r-energie-kanton-thurgau	https://data.tg.ch/api/explore/v2.1/catalog/datasets?where=publisher%3D%22Amt%20f%C3%BCr%20Energie%20Kanton%20Thurgau%22&limit=100	json:results		Datenkatalog Kanton Thurgau — publisher-amt-f-r-energie-kanton-thurgau (Switzerland)		ch_opendata	opendata	de	ch,ods,opendata,publisher-amt-f-r-energie-kanton-thurgau	86400	Every dataset on this portal whose publisher is Amt für Energie Kanton Thurgau — the publisher's full stream, with field schema and record counts. Served by the ODS platform at data.tg.ch.	no	pending-probe
ch-data-tg-ch-publisher-kanton-thurgau-landwirtschaftsamt	https://data.tg.ch/api/explore/v2.1/catalog/datasets?where=publisher%3D%22Kanton%20Thurgau%2C%20Landwirtschaftsamt%22&limit=100	json:results		Datenkatalog Kanton Thurgau — publisher-kanton-thurgau-landwirtschaftsamt (Switzerland)		ch_opendata	opendata	de	ch,ods,opendata,publisher-kanton-thurgau-landwirtschaftsamt	86400	Every dataset on this portal whose publisher is Kanton Thurgau, Landwirtschaftsamt — the publisher's full stream, with field schema and record counts. Served by the ODS platform at data.tg.ch.	no	pending-probe
ch-data-tg-ch-publisher-pflegekinder-und-heimaufsicht-kanton-thu	https://data.tg.ch/api/explore/v2.1/catalog/datasets?where=publisher%3D%22Pflegekinder-%20und%20Heimaufsicht%20Kanton%20Thurgau%22&limit=100	json:results		Datenkatalog Kanton Thurgau — publisher-pflegekinder-und-heimaufsicht-kanton-thu (Switzerland)		ch_opendata	opendata	de	ch,ods,opendata,publisher-pflegekinder-und-heimaufsicht-kanton-thu	86400	Every dataset on this portal whose publisher is Pflegekinder- und Heimaufsicht Kanton Thurgau — the publisher's full stream, with field schema and record counts. Served by the ODS platform at data.tg.ch.	no	pending-probe
ch-data-tg-ch-publisher-kanton-thurgau-amt-f-r-geoinformation	https://data.tg.ch/api/explore/v2.1/catalog/datasets?where=publisher%3D%22Kanton%20Thurgau%2C%20Amt%20f%C3%BCr%20Geoinformation%22&limit=100	json:results		Datenkatalog Kanton Thurgau — publisher-kanton-thurgau-amt-f-r-geoinformation (Switzerland)		ch_opendata	opendata	de	ch,ods,opendata,publisher-kanton-thurgau-amt-f-r-geoinformation	86400	Every dataset on this portal whose publisher is Kanton Thurgau, Amt für Geoinformation — the publisher's full stream, with field schema and record counts. Served by the ODS platform at data.tg.ch.	no	pending-probe
ch-data-tg-ch-publisher-kanton-thurgau-amt-f-r-raumentwicklung	https://data.tg.ch/api/explore/v2.1/catalog/datasets?where=publisher%3D%22Kanton%20Thurgau%2C%20Amt%20f%C3%BCr%20Raumentwicklung%22&limit=100	json:results		Datenkatalog Kanton Thurgau — publisher-kanton-thurgau-amt-f-r-raumentwicklung (Switzerland)		ch_opendata	opendata	de	ch,ods,opendata,publisher-kanton-thurgau-amt-f-r-raumentwicklung	86400	Every dataset on this portal whose publisher is Kanton Thurgau, Amt für Raumentwicklung — the publisher's full stream, with field schema and record counts. Served by the ODS platform at data.tg.ch.	no	pending-probe
ch-data-tg-ch-publisher-kantonspolizei-kanton-thurgau	https://data.tg.ch/api/explore/v2.1/catalog/datasets?where=publisher%3D%22Kantonspolizei%20Kanton%20Thurgau%22&limit=100	json:results		Datenkatalog Kanton Thurgau — publisher-kantonspolizei-kanton-thurgau (Switzerland)		ch_opendata	opendata	de	ch,ods,opendata,publisher-kantonspolizei-kanton-thurgau	86400	Every dataset on this portal whose publisher is Kantonspolizei Kanton Thurgau — the publisher's full stream, with field schema and record counts. Served by the ODS platform at data.tg.ch.	no	pending-probe
ch-data-tg-ch-publisher-amt-f-r-wirtschaft-und-arbeit-kanton-thu	https://data.tg.ch/api/explore/v2.1/catalog/datasets?where=publisher%3D%22Amt%20f%C3%BCr%20Wirtschaft%20und%20Arbeit%20Kanton%20Thurgau%22&limit=100	json:results		Datenkatalog Kanton Thurgau — publisher-amt-f-r-wirtschaft-und-arbeit-kanton-thu (Switzerland)		ch_opendata	opendata	de	ch,ods,opendata,publisher-amt-f-r-wirtschaft-und-arbeit-kanton-thu	86400	Every dataset on this portal whose publisher is Amt für Wirtschaft und Arbeit Kanton Thurgau — the publisher's full stream, with field schema and record counts. Served by the ODS platform at data.tg.ch.	no	pending-probe
ch-data-tg-ch-publisher-generalsekretariat-departement-f-r-bau-u	https://data.tg.ch/api/explore/v2.1/catalog/datasets?where=publisher%3D%22Generalsekretariat%20Departement%20f%C3%BCr%20Bau%20und%20Umwelt%20Kanton%20Thurgau%22&limit=100	json:results		Datenkatalog Kanton Thurgau — publisher-generalsekretariat-departement-f-r-bau-u (Switzerland)		ch_opendata	opendata	de	ch,ods,opendata,publisher-generalsekretariat-departement-f-r-bau-u	86400	Every dataset on this portal whose publisher is Generalsekretariat Departement für Bau und Umwelt Kanton Thurgau — the publisher's full stream, with field schema and record counts. Served by the ODS platform at data.tg.ch.	no	pending-probe
ch-data-tg-ch-publisher-sportamt-kanton-thurgau	https://data.tg.ch/api/explore/v2.1/catalog/datasets?where=publisher%3D%22Sportamt%20Kanton%20Thurgau%22&limit=100	json:results		Datenkatalog Kanton Thurgau — publisher-sportamt-kanton-thurgau (Switzerland)		ch_opendata	opendata	de	ch,ods,opendata,publisher-sportamt-kanton-thurgau	86400	Every dataset on this portal whose publisher is Sportamt Kanton Thurgau — the publisher's full stream, with field schema and record counts. Served by the ODS platform at data.tg.ch.	no	pending-probe
ch-data-tg-ch-publisher-amt-f-r-betreibungs-und-konkurswesen-kan	https://data.tg.ch/api/explore/v2.1/catalog/datasets?where=publisher%3D%22Amt%20f%C3%BCr%20Betreibungs-%20und%20Konkurswesen%20Kanton%20Thurgau%22&limit=100	json:results		Datenkatalog Kanton Thurgau — publisher-amt-f-r-betreibungs-und-konkurswesen-kan (Switzerland)		ch_opendata	opendata	de	ch,ods,opendata,publisher-amt-f-r-betreibungs-und-konkurswesen-kan	86400	Every dataset on this portal whose publisher is Amt für Betreibungs- und Konkurswesen Kanton Thurgau — the publisher's full stream, with field schema and record counts. Served by the ODS platform at data.tg.ch.	no	pending-probe
ch-data-tg-ch-publisher-amt-f-r-denkmalpflege-kanton-thurgau	https://data.tg.ch/api/explore/v2.1/catalog/datasets?where=publisher%3D%22Amt%20f%C3%BCr%20Denkmalpflege%20Kanton%20Thurgau%22&limit=100	json:results		Datenkatalog Kanton Thurgau — publisher-amt-f-r-denkmalpflege-kanton-thurgau (Switzerland)		ch_opendata	opendata	de	ch,ods,opendata,publisher-amt-f-r-denkmalpflege-kanton-thurgau	86400	Every dataset on this portal whose publisher is Amt für Denkmalpflege Kanton Thurgau — the publisher's full stream, with field schema and record counts. Served by the ODS platform at data.tg.ch.	no	pending-probe
ch-data-tg-ch-publisher-amt-f-r-gesundheit-kanton-thurgau	https://data.tg.ch/api/explore/v2.1/catalog/datasets?where=publisher%3D%22Amt%20f%C3%BCr%20Gesundheit%20Kanton%20Thurgau%22&limit=100	json:results		Datenkatalog Kanton Thurgau — publisher-amt-f-r-gesundheit-kanton-thurgau (Switzerland)		ch_opendata	opendata	de	ch,ods,opendata,publisher-amt-f-r-gesundheit-kanton-thurgau	86400	Every dataset on this portal whose publisher is Amt für Gesundheit Kanton Thurgau — the publisher's full stream, with field schema and record counts. Served by the ODS platform at data.tg.ch.	no	pending-probe
ch-data-tg-ch-publisher-grundbuch-und-notariatsverwaltung-kanton	https://data.tg.ch/api/explore/v2.1/catalog/datasets?where=publisher%3D%22Grundbuch-%20und%20Notariatsverwaltung%20Kanton%20Thurgau%22&limit=100	json:results		Datenkatalog Kanton Thurgau — publisher-grundbuch-und-notariatsverwaltung-kanton (Switzerland)		ch_opendata	opendata	de	ch,ods,opendata,publisher-grundbuch-und-notariatsverwaltung-kanton	86400	Every dataset on this portal whose publisher is Grundbuch- und Notariatsverwaltung Kanton Thurgau — the publisher's full stream, with field schema and record counts. Served by the ODS platform at data.tg.ch.	no	pending-probe
ch-data-tg-ch-publisher-kanton-thurgau-amt-f-r-denkmalpflege	https://data.tg.ch/api/explore/v2.1/catalog/datasets?where=publisher%3D%22Kanton%20Thurgau%2C%20Amt%20f%C3%BCr%20Denkmalpflege%22&limit=100	json:results		Datenkatalog Kanton Thurgau — publisher-kanton-thurgau-amt-f-r-denkmalpflege (Switzerland)		ch_opendata	opendata	de	ch,ods,opendata,publisher-kanton-thurgau-amt-f-r-denkmalpflege	86400	Every dataset on this portal whose publisher is Kanton Thurgau, Amt für Denkmalpflege — the publisher's full stream, with field schema and record counts. Served by the ODS platform at data.tg.ch.	no	pending-probe
ch-data-tg-ch-publisher-kanton-thurgau-kantonspolizei	https://data.tg.ch/api/explore/v2.1/catalog/datasets?where=publisher%3D%22Kanton%20Thurgau%2C%20Kantonspolizei%22&limit=100	json:results		Datenkatalog Kanton Thurgau — publisher-kanton-thurgau-kantonspolizei (Switzerland)		ch_opendata	opendata	de	ch,ods,opendata,publisher-kanton-thurgau-kantonspolizei	86400	Every dataset on this portal whose publisher is Kanton Thurgau, Kantonspolizei — the publisher's full stream, with field schema and record counts. Served by the ODS platform at data.tg.ch.	no	pending-probe
ch-data-tg-ch-publisher-landwirtschaftsamt-kanton-thurgau	https://data.tg.ch/api/explore/v2.1/catalog/datasets?where=publisher%3D%22Landwirtschaftsamt%20Kanton%20Thurgau%22&limit=100	json:results		Datenkatalog Kanton Thurgau — publisher-landwirtschaftsamt-kanton-thurgau (Switzerland)		ch_opendata	opendata	de	ch,ods,opendata,publisher-landwirtschaftsamt-kanton-thurgau	86400	Every dataset on this portal whose publisher is Landwirtschaftsamt Kanton Thurgau — the publisher's full stream, with field schema and record counts. Served by the ODS platform at data.tg.ch.	no	pending-probe
ch-data-tg-ch-publisher-amt-f-r-bev-lkerungsschutz-und-armee-kan	https://data.tg.ch/api/explore/v2.1/catalog/datasets?where=publisher%3D%22Amt%20f%C3%BCr%20Bev%C3%B6lkerungsschutz%20und%20Armee%20Kanton%20Thurgau%22&limit=100	json:results		Datenkatalog Kanton Thurgau — publisher-amt-f-r-bev-lkerungsschutz-und-armee-kan (Switzerland)		ch_opendata	opendata	de	ch,ods,opendata,publisher-amt-f-r-bev-lkerungsschutz-und-armee-kan	86400	Every dataset on this portal whose publisher is Amt für Bevölkerungsschutz und Armee Kanton Thurgau — the publisher's full stream, with field schema and record counts. Served by the ODS platform at data.tg.ch.	no	pending-probe
ch-data-tg-ch-publisher-kanton-thurgau-amt-f-r-bev-lkerungsschut	https://data.tg.ch/api/explore/v2.1/catalog/datasets?where=publisher%3D%22Kanton%20Thurgau%2C%20Amt%20f%C3%BCr%20Bev%C3%B6lkerungsschutz%20und%20Armee%22&limit=100	json:results		Datenkatalog Kanton Thurgau — publisher-kanton-thurgau-amt-f-r-bev-lkerungsschut (Switzerland)		ch_opendata	opendata	de	ch,ods,opendata,publisher-kanton-thurgau-amt-f-r-bev-lkerungsschut	86400	Every dataset on this portal whose publisher is Kanton Thurgau, Amt für Bevölkerungsschutz und Armee — the publisher's full stream, with field schema and record counts. Served by the ODS platform at data.tg.ch.	no	pending-probe
ch-data-tg-ch-publisher-kantonsbibliothek-kanton-thurgau	https://data.tg.ch/api/explore/v2.1/catalog/datasets?where=publisher%3D%22Kantonsbibliothek%20Kanton%20Thurgau%22&limit=100	json:results		Datenkatalog Kanton Thurgau — publisher-kantonsbibliothek-kanton-thurgau (Switzerland)		ch_opendata	opendata	de	ch,ods,opendata,publisher-kantonsbibliothek-kanton-thurgau	86400	Every dataset on this portal whose publisher is Kantonsbibliothek Kanton Thurgau — the publisher's full stream, with field schema and record counts. Served by the ODS platform at data.tg.ch.	no	pending-probe
ch-data-tg-ch-publisher-kompetenzzentrum-f-r-energie-kanton-thur	https://data.tg.ch/api/explore/v2.1/catalog/datasets?where=publisher%3D%22Kompetenzzentrum%20f%C3%BCr%20Energie%20Kanton%20Thurgau%20Kanton%20Thurgau%22&limit=100	json:results		Datenkatalog Kanton Thurgau — publisher-kompetenzzentrum-f-r-energie-kanton-thur (Switzerland)		ch_opendata	opendata	de	ch,ods,opendata,publisher-kompetenzzentrum-f-r-energie-kanton-thur	86400	Every dataset on this portal whose publisher is Kompetenzzentrum für Energie Kanton Thurgau Kanton Thurgau — the publisher's full stream, with field schema and record counts. Served by the ODS platform at data.tg.ch.	no	pending-probe
ch-data-tg-ch-publisher-kulturamt-kanton-thurgau	https://data.tg.ch/api/explore/v2.1/catalog/datasets?where=publisher%3D%22Kulturamt%20Kanton%20Thurgau%22&limit=100	json:results		Datenkatalog Kanton Thurgau — publisher-kulturamt-kanton-thurgau (Switzerland)		ch_opendata	opendata	de	ch,ods,opendata,publisher-kulturamt-kanton-thurgau	86400	Every dataset on this portal whose publisher is Kulturamt Kanton Thurgau — the publisher's full stream, with field schema and record counts. Served by the ODS platform at data.tg.ch.	no	pending-probe
ch-data-tg-ch-publisher-stadt-frauenfeld	https://data.tg.ch/api/explore/v2.1/catalog/datasets?where=publisher%3D%22Stadt%20Frauenfeld%22&limit=100	json:results		Datenkatalog Kanton Thurgau — publisher-stadt-frauenfeld (Switzerland)		ch_opendata	opendata	de	ch,ods,opendata,publisher-stadt-frauenfeld	86400	Every dataset on this portal whose publisher is Stadt Frauenfeld — the publisher's full stream, with field schema and record counts. Served by the ODS platform at data.tg.ch.	no	pending-probe
ch-data-tg-ch-publisher-tiefbauamt-kanton-thurgau	https://data.tg.ch/api/explore/v2.1/catalog/datasets?where=publisher%3D%22Tiefbauamt%20Kanton%20Thurgau%22&limit=100	json:results		Datenkatalog Kanton Thurgau — publisher-tiefbauamt-kanton-thurgau (Switzerland)		ch_opendata	opendata	de	ch,ods,opendata,publisher-tiefbauamt-kanton-thurgau	86400	Every dataset on this portal whose publisher is Tiefbauamt Kanton Thurgau — the publisher's full stream, with field schema and record counts. Served by the ODS platform at data.tg.ch.	no	pending-probe
ch-data-tg-ch-publisher-amt-f-r-arch-ologie-kanton-thurgau	https://data.tg.ch/api/explore/v2.1/catalog/datasets?where=publisher%3D%22Amt%20f%C3%BCr%20Arch%C3%A4ologie%20Kanton%20Thurgau%22&limit=100	json:results		Datenkatalog Kanton Thurgau — publisher-amt-f-r-arch-ologie-kanton-thurgau (Switzerland)		ch_opendata	opendata	de	ch,ods,opendata,publisher-amt-f-r-arch-ologie-kanton-thurgau	86400	Every dataset on this portal whose publisher is Amt für Archäologie Kanton Thurgau — the publisher's full stream, with field schema and record counts. Served by the ODS platform at data.tg.ch.	no	pending-probe
ch-data-tg-ch-publisher-amt-f-r-berufsbildung-und-berufsberatung	https://data.tg.ch/api/explore/v2.1/catalog/datasets?where=publisher%3D%22Amt%20f%C3%BCr%20Berufsbildung%20und%20Berufsberatung%20Kanton%20Thurgau%22&limit=100	json:results		Datenkatalog Kanton Thurgau — publisher-amt-f-r-berufsbildung-und-berufsberatung (Switzerland)		ch_opendata	opendata	de	ch,ods,opendata,publisher-amt-f-r-berufsbildung-und-berufsberatung	86400	Every dataset on this portal whose publisher is Amt für Berufsbildung und Berufsberatung Kanton Thurgau — the publisher's full stream, with field schema and record counts. Served by the ODS platform at data.tg.ch.	no	pending-probe
ch-data-tg-ch-publisher-bundesamt-f-r-statistik	https://data.tg.ch/api/explore/v2.1/catalog/datasets?where=publisher%3D%22Bundesamt%20f%C3%BCr%20Statistik%22&limit=100	json:results		Datenkatalog Kanton Thurgau — publisher-bundesamt-f-r-statistik (Switzerland)		ch_opendata	opendata	de	ch,ods,opendata,publisher-bundesamt-f-r-statistik	86400	Every dataset on this portal whose publisher is Bundesamt für Statistik — the publisher's full stream, with field schema and record counts. Served by the ODS platform at data.tg.ch.	no	pending-probe
ch-data-tg-ch-publisher-generalsekretariat-departement-f-r-inner	https://data.tg.ch/api/explore/v2.1/catalog/datasets?where=publisher%3D%22Generalsekretariat%20Departement%20f%C3%BCr%20Inneres%20und%20Volkswirtschaft%20Kanton%20Thurgau%22&limit=100	json:results		Datenkatalog Kanton Thurgau — publisher-generalsekretariat-departement-f-r-inner (Switzerland)		ch_opendata	opendata	de	ch,ods,opendata,publisher-generalsekretariat-departement-f-r-inner	86400	Every dataset on this portal whose publisher is Generalsekretariat Departement für Inneres und Volkswirtschaft Kanton Thurgau — the publisher's full stream, with field schema and record counts. Served by the ODS platform at data.tg.ch.	no	pending-probe
ch-data-tg-ch-publisher-kanton-thurgau-abteilung-ffentlicher-ver	https://data.tg.ch/api/explore/v2.1/catalog/datasets?where=publisher%3D%22Kanton%20Thurgau%2C%20Abteilung%20%C3%96ffentlicher%20Verkehr%22&limit=100	json:results		Datenkatalog Kanton Thurgau — publisher-kanton-thurgau-abteilung-ffentlicher-ver (Switzerland)		ch_opendata	opendata	de	ch,ods,opendata,publisher-kanton-thurgau-abteilung-ffentlicher-ver	86400	Every dataset on this portal whose publisher is Kanton Thurgau, Abteilung Öffentlicher Verkehr — the publisher's full stream, with field schema and record counts. Served by the ODS platform at data.tg.ch.	no	pending-probe
ch-data-tg-ch-publisher-kanton-thurgau-amt-f-r-arch-ologie	https://data.tg.ch/api/explore/v2.1/catalog/datasets?where=publisher%3D%22Kanton%20Thurgau%2C%20Amt%20f%C3%BCr%20Arch%C3%A4ologie%22&limit=100	json:results		Datenkatalog Kanton Thurgau — publisher-kanton-thurgau-amt-f-r-arch-ologie (Switzerland)		ch_opendata	opendata	de	ch,ods,opendata,publisher-kanton-thurgau-amt-f-r-arch-ologie	86400	Every dataset on this portal whose publisher is Kanton Thurgau, Amt für Archäologie — the publisher's full stream, with field schema and record counts. Served by the ODS platform at data.tg.ch.	no	pending-probe
ch-data-tg-ch-publisher-kanton-thurgau-amt-f-r-betreibungs-und-k	https://data.tg.ch/api/explore/v2.1/catalog/datasets?where=publisher%3D%22Kanton%20Thurgau%2C%20Amt%20f%C3%BCr%20Betreibungs-%20und%20Konkurswesen%22&limit=100	json:results		Datenkatalog Kanton Thurgau — publisher-kanton-thurgau-amt-f-r-betreibungs-und-k (Switzerland)		ch_opendata	opendata	de	ch,ods,opendata,publisher-kanton-thurgau-amt-f-r-betreibungs-und-k	86400	Every dataset on this portal whose publisher is Kanton Thurgau, Amt für Betreibungs- und Konkurswesen — the publisher's full stream, with field schema and record counts. Served by the ODS platform at data.tg.ch.	no	pending-probe
ch-data-tg-ch-publisher-kanton-thurgau-amt-f-r-energie	https://data.tg.ch/api/explore/v2.1/catalog/datasets?where=publisher%3D%22Kanton%20Thurgau%2C%20Amt%20f%C3%BCr%20Energie%22&limit=100	json:results		Datenkatalog Kanton Thurgau — publisher-kanton-thurgau-amt-f-r-energie (Switzerland)		ch_opendata	opendata	de	ch,ods,opendata,publisher-kanton-thurgau-amt-f-r-energie	86400	Every dataset on this portal whose publisher is Kanton Thurgau, Amt für Energie — the publisher's full stream, with field schema and record counts. Served by the ODS platform at data.tg.ch.	no	pending-probe
ch-data-tg-ch-publisher-kanton-thurgau-amt-f-r-friedensrichterwe	https://data.tg.ch/api/explore/v2.1/catalog/datasets?where=publisher%3D%22Kanton%20Thurgau%2C%20Amt%20f%C3%BCr%20Friedensrichterwesen%22&limit=100	json:results		Datenkatalog Kanton Thurgau — publisher-kanton-thurgau-amt-f-r-friedensrichterwe (Switzerland)		ch_opendata	opendata	de	ch,ods,opendata,publisher-kanton-thurgau-amt-f-r-friedensrichterwe	86400	Every dataset on this portal whose publisher is Kanton Thurgau, Amt für Friedensrichterwesen — the publisher's full stream, with field schema and record counts. Served by the ODS platform at data.tg.ch.	no	pending-probe
it-dati-emilia-romagna-it-datasets	https://dati.emilia-romagna.it/api/3/action/package_search?rows=100	json:result.results		dati.emilia-romagna.it — datasets (Italy)		it_opendata	opendata	it	it,ckan,opendata,datasets	86400	Dataset catalogue: title, notes, organization, licence, tags, resource list and modification dates for every published dataset. Served by the CKAN platform at dati.emilia-romagna.it.	no	pending-probe
it-dati-emilia-romagna-it-orgs	https://dati.emilia-romagna.it/api/3/action/organization_list?all_fields=true	json:result		dati.emilia-romagna.it — orgs (Italy)		it_opendata	opendata	it	it,ckan,opendata,orgs	86400	Every publishing organisation on the portal with its title, description, package count and image. Served by the CKAN platform at dati.emilia-romagna.it.	no	pending-probe
it-dati-emilia-romagna-it-groups	https://dati.emilia-romagna.it/api/3/action/group_list?all_fields=true	json:result		dati.emilia-romagna.it — groups (Italy)		it_opendata	opendata	it	it,ckan,opendata,groups	86400	Thematic groups/collections declared by the portal. Served by the CKAN platform at dati.emilia-romagna.it.	no	pending-probe
it-dati-emilia-romagna-it-tags	https://dati.emilia-romagna.it/api/3/action/tag_list	json:result		dati.emilia-romagna.it — tags (Italy)		it_opendata	opendata	it	it,ckan,opendata,tags	86400	The portal's full controlled vocabulary of dataset tags. Served by the CKAN platform at dati.emilia-romagna.it.	no	pending-probe
it-dati-emilia-romagna-it-activity	https://dati.emilia-romagna.it/api/3/action/recently_changed_packages_activity_list?limit=100	json:result		dati.emilia-romagna.it — activity (Italy)		it_opendata	opendata	it	it,ckan,opendata,activity	86400	Recent publish/update activity — what this authority changed and when, which is the change-detection signal behind the catalogue. Served by the CKAN platform at dati.emilia-romagna.it.	no	pending-probe
es-datos-madrid-es-datasets	https://datos.madrid.es/api/3/action/package_search?rows=100	json:result.results		Datos abiertos — datasets (Spain)		es_opendata	opendata	es	es,ckan,opendata,datasets	86400	Dataset catalogue: title, notes, organization, licence, tags, resource list and modification dates for every published dataset. Served by the CKAN platform at datos.madrid.es.	no	pending-probe
es-datos-madrid-es-orgs	https://datos.madrid.es/api/3/action/organization_list?all_fields=true	json:result		Datos abiertos — orgs (Spain)		es_opendata	opendata	es	es,ckan,opendata,orgs	86400	Every publishing organisation on the portal with its title, description, package count and image. Served by the CKAN platform at datos.madrid.es.	no	pending-probe
es-datos-madrid-es-groups	https://datos.madrid.es/api/3/action/group_list?all_fields=true	json:result		Datos abiertos — groups (Spain)		es_opendata	opendata	es	es,ckan,opendata,groups	86400	Thematic groups/collections declared by the portal. Served by the CKAN platform at datos.madrid.es.	no	pending-probe
es-datos-madrid-es-tags	https://datos.madrid.es/api/3/action/tag_list	json:result		Datos abiertos — tags (Spain)		es_opendata	opendata	es	es,ckan,opendata,tags	86400	The portal's full controlled vocabulary of dataset tags. Served by the CKAN platform at datos.madrid.es.	no	pending-probe
es-datos-madrid-es-activity	https://datos.madrid.es/api/3/action/recently_changed_packages_activity_list?limit=100	json:result		Datos abiertos — activity (Spain)		es_opendata	opendata	es	es,ckan,opendata,activity	86400	Recent publish/update activity — what this authority changed and when, which is the change-detection signal behind the catalogue. Served by the CKAN platform at datos.madrid.es.	no	pending-probe
es-datos-madrid-es-org-ayuntamiento-de-madrid	https://datos.madrid.es/api/3/action/package_search?fq=organization:ayuntamiento-de-madrid&rows=100	json:result.results		Datos abiertos — org-ayuntamiento-de-madrid (Spain)		es_opendata	opendata	es	es,ckan,opendata,org-ayuntamiento-de-madrid	86400	Everything published by Ayuntamiento de Madrid on this portal: every dataset with its resources, licence, tags and last-modified date. Served by the CKAN platform at datos.madrid.es.	no	pending-probe
ie-data-fingal-ie-datasets	https://data.fingal.ie/api/search/v1/collections/dataset/items?limit=100	geojson		Fingal Open Data — datasets (Ireland)		ie_opendata	opendata	en	ie,arcgis,opendata,datasets	86400	ArcGIS Hub dataset collection with spatial extent, publisher and service URLs. Served by the ARCGIS platform at data.fingal.ie.	no	pending-probe
us-gisdata-istc-opendata-arcgis-com-datasets	https://gisdata-istc.opendata.arcgis.com/api/search/v1/collections/dataset/items?limit=100	geojson		Idaho State Tax Commission Taxing District Portal — datasets (United States)		us_opendata	opendata	en	us,arcgis,opendata,datasets	86400	ArcGIS Hub dataset collection with spatial extent, publisher and service URLs. Served by the ARCGIS platform at gisdata-istc.opendata.arcgis.com.	no	pending-probe
fr-data-loire-atlantique-fr-facets	https://data.loire-atlantique.fr/api/explore/v2.1/catalog/facets	json:facets		Loire-Atlantique Data Portal — facets (France)		fr_opendata	opendata	fr	fr,ods,opendata,facets	86400	The portal's facet tree — themes, publishers and keywords with counts, i.e. the shape of what this authority publishes. Served by the ODS platform at data.loire-atlantique.fr.	no	pending-probe
fr-data-loire-atlantique-fr-publisher-d-partement-de-loire-atlantique	https://data.loire-atlantique.fr/api/explore/v2.1/catalog/datasets?where=publisher%3D%22D%C3%A9partement%20de%20Loire-Atlantique%22&limit=100	json:results		Loire-Atlantique Data Portal — publisher-d-partement-de-loire-atlantique (France)		fr_opendata	opendata	fr	fr,ods,opendata,publisher-d-partement-de-loire-atlantique	86400	Every dataset on this portal whose publisher is Département de Loire-Atlantique — the publisher's full stream, with field schema and record counts. Served by the ODS platform at data.loire-atlantique.fr.	no	pending-probe
fr-data-loire-atlantique-fr-publisher-loire-atlantique-d-veloppement	https://data.loire-atlantique.fr/api/explore/v2.1/catalog/datasets?where=publisher%3D%22Loire-Atlantique%20D%C3%A9veloppement%22&limit=100	json:results		Loire-Atlantique Data Portal — publisher-loire-atlantique-d-veloppement (France)		fr_opendata	opendata	fr	fr,ods,opendata,publisher-loire-atlantique-d-veloppement	86400	Every dataset on this portal whose publisher is Loire-Atlantique Développement — the publisher's full stream, with field schema and record counts. Served by the ODS platform at data.loire-atlantique.fr.	no	pending-probe
fr-data-loire-atlantique-fr-publisher-compa	https://data.loire-atlantique.fr/api/explore/v2.1/catalog/datasets?where=publisher%3D%22COMPA%22&limit=100	json:results		Loire-Atlantique Data Portal — publisher-compa (France)		fr_opendata	opendata	fr	fr,ods,opendata,publisher-compa	86400	Every dataset on this portal whose publisher is COMPA — the publisher's full stream, with field schema and record counts. Served by the ODS platform at data.loire-atlantique.fr.	no	pending-probe
fr-data-loire-atlantique-fr-publisher-e-sprit	https://data.loire-atlantique.fr/api/explore/v2.1/catalog/datasets?where=publisher%3D%22e-SPRIT%22&limit=100	json:results		Loire-Atlantique Data Portal — publisher-e-sprit (France)		fr_opendata	opendata	fr	fr,ods,opendata,publisher-e-sprit	86400	Every dataset on this portal whose publisher is e-SPRIT — the publisher's full stream, with field schema and record counts. Served by the ODS platform at data.loire-atlantique.fr.	no	pending-probe
fr-data-loire-atlantique-fr-publisher-musique-et-danse-en-loire-atlantique	https://data.loire-atlantique.fr/api/explore/v2.1/catalog/datasets?where=publisher%3D%22Musique%20et%20Danse%20en%20Loire-Atlantique%22&limit=100	json:results		Loire-Atlantique Data Portal — publisher-musique-et-danse-en-loire-atlantique (France)		fr_opendata	opendata	fr	fr,ods,opendata,publisher-musique-et-danse-en-loire-atlantique	86400	Every dataset on this portal whose publisher is Musique et Danse en Loire-Atlantique — the publisher's full stream, with field schema and record counts. Served by the ODS platform at data.loire-atlantique.fr.	no	pending-probe
fr-data-loire-atlantique-fr-publisher-ville-de-ch-m-r	https://data.loire-atlantique.fr/api/explore/v2.1/catalog/datasets?where=publisher%3D%22Ville%20de%20Ch%C3%A9m%C3%A9r%C3%A9%22&limit=100	json:results		Loire-Atlantique Data Portal — publisher-ville-de-ch-m-r (France)		fr_opendata	opendata	fr	fr,ods,opendata,publisher-ville-de-ch-m-r	86400	Every dataset on this portal whose publisher is Ville de Chéméré — the publisher's full stream, with field schema and record counts. Served by the ODS platform at data.loire-atlantique.fr.	no	pending-probe
fr-data-loire-atlantique-fr-publisher-service-d-partemental-d-incendie-et-de-s	https://data.loire-atlantique.fr/api/explore/v2.1/catalog/datasets?where=publisher%3D%22Service%20D%C3%A9partemental%20d%27Incendie%20et%20de%20Secours%20de%20Loire-Atlantique%22&limit=100	json:results		Loire-Atlantique Data Portal — publisher-service-d-partemental-d-incendie-et-de-s (France)		fr_opendata	opendata	fr	fr,ods,opendata,publisher-service-d-partemental-d-incendie-et-de-s	86400	Every dataset on this portal whose publisher is Service Départemental d'Incendie et de Secours de Loire-Atlantique — the publisher's full stream, with field schema and record counts. Served by the ODS platform at data.loire-atlantique.fr.	no	pending-probe
fr-data-loire-atlantique-fr-publisher-openstreetmap	https://data.loire-atlantique.fr/api/explore/v2.1/catalog/datasets?where=publisher%3D%22OpenStreetMap%22&limit=100	json:results		Loire-Atlantique Data Portal — publisher-openstreetmap (France)		fr_opendata	opendata	fr	fr,ods,opendata,publisher-openstreetmap	86400	Every dataset on this portal whose publisher is OpenStreetMap — the publisher's full stream, with field schema and record counts. Served by the ODS platform at data.loire-atlantique.fr.	no	pending-probe
fr-data-loire-atlantique-fr-publisher-arcep	https://data.loire-atlantique.fr/api/explore/v2.1/catalog/datasets?where=publisher%3D%22ARCEP%22&limit=100	json:results		Loire-Atlantique Data Portal — publisher-arcep (France)		fr_opendata	opendata	fr	fr,ods,opendata,publisher-arcep	86400	Every dataset on this portal whose publisher is ARCEP — the publisher's full stream, with field schema and record counts. Served by the ODS platform at data.loire-atlantique.fr.	no	pending-probe
fr-data-loire-atlantique-fr-publisher-comit-d-partemental-de-loire-atlantique-	https://data.loire-atlantique.fr/api/explore/v2.1/catalog/datasets?where=publisher%3D%22Comit%C3%A9%20d%C3%A9partemental%20de%20Loire-Atlantique%20de%20la%20F%C3%A9d%C3%A9ration%20sportive%20et%20culturelle%20de%20France%22&limit=100	json:results		Loire-Atlantique Data Portal — publisher-comit-d-partemental-de-loire-atlantique- (France)		fr_opendata	opendata	fr	fr,ods,opendata,publisher-comit-d-partemental-de-loire-atlantique-	86400	Every dataset on this portal whose publisher is Comité départemental de Loire-Atlantique de la Fédération sportive et culturelle de France — the publisher's full stream, with field schema and record counts. Served by the ODS platform at data.loire-atlantique.fr.	no	pending-probe
fr-data-loire-atlantique-fr-publisher-comit-d-partemental-de-basket-ball-de-lo	https://data.loire-atlantique.fr/api/explore/v2.1/catalog/datasets?where=publisher%3D%22Comit%C3%A9%20d%C3%A9partemental%20de%20basket-ball%20de%20Loire-Atlantique%22&limit=100	json:results		Loire-Atlantique Data Portal — publisher-comit-d-partemental-de-basket-ball-de-lo (France)		fr_opendata	opendata	fr	fr,ods,opendata,publisher-comit-d-partemental-de-basket-ball-de-lo	86400	Every dataset on this portal whose publisher is Comité départemental de basket-ball de Loire-Atlantique — the publisher's full stream, with field schema and record counts. Served by the ODS platform at data.loire-atlantique.fr.	no	pending-probe
fr-data-loire-atlantique-fr-publisher-comit-d-partemental-de-gymnastique-de-lo	https://data.loire-atlantique.fr/api/explore/v2.1/catalog/datasets?where=publisher%3D%22Comit%C3%A9%20d%C3%A9partemental%20de%20gymnastique%20de%20Loire-Atlantique%22&limit=100	json:results		Loire-Atlantique Data Portal — publisher-comit-d-partemental-de-gymnastique-de-lo (France)		fr_opendata	opendata	fr	fr,ods,opendata,publisher-comit-d-partemental-de-gymnastique-de-lo	86400	Every dataset on this portal whose publisher is Comité départemental de gymnastique de Loire-Atlantique — the publisher's full stream, with field schema and record counts. Served by the ODS platform at data.loire-atlantique.fr.	no	pending-probe
fr-data-loire-atlantique-fr-publisher-comit-d-partemental-de-tennis-de-table-d	https://data.loire-atlantique.fr/api/explore/v2.1/catalog/datasets?where=publisher%3D%22Comit%C3%A9%20d%C3%A9partemental%20de%20tennis%20de%20table%20de%20Loire-Atlantique%22&limit=100	json:results		Loire-Atlantique Data Portal — publisher-comit-d-partemental-de-tennis-de-table-d (France)		fr_opendata	opendata	fr	fr,ods,opendata,publisher-comit-d-partemental-de-tennis-de-table-d	86400	Every dataset on this portal whose publisher is Comité départemental de tennis de table de Loire-Atlantique — the publisher's full stream, with field schema and record counts. Served by the ODS platform at data.loire-atlantique.fr.	no	pending-probe
fr-data-loire-atlantique-fr-publisher-direction-d-partementale-des-territoires	https://data.loire-atlantique.fr/api/explore/v2.1/catalog/datasets?where=publisher%3D%22Direction%20d%C3%A9partementale%20des%20territoires%20et%20de%20la%20mer%2044%22&limit=100	json:results		Loire-Atlantique Data Portal — publisher-direction-d-partementale-des-territoires (France)		fr_opendata	opendata	fr	fr,ods,opendata,publisher-direction-d-partementale-des-territoires	86400	Every dataset on this portal whose publisher is Direction départementale des territoires et de la mer 44 — the publisher's full stream, with field schema and record counts. Served by the ODS platform at data.loire-atlantique.fr.	no	pending-probe
fr-data-loire-atlantique-fr-publisher-gip-loire-estuaire	https://data.loire-atlantique.fr/api/explore/v2.1/catalog/datasets?where=publisher%3D%22GIP%20Loire%20Estuaire%22&limit=100	json:results		Loire-Atlantique Data Portal — publisher-gip-loire-estuaire (France)		fr_opendata	opendata	fr	fr,ods,opendata,publisher-gip-loire-estuaire	86400	Every dataset on this portal whose publisher is GIP Loire Estuaire — the publisher's full stream, with field schema and record counts. Served by the ODS platform at data.loire-atlantique.fr.	no	pending-probe
fr-data-loire-atlantique-fr-publisher-ign	https://data.loire-atlantique.fr/api/explore/v2.1/catalog/datasets?where=publisher%3D%22IGN%22&limit=100	json:results		Loire-Atlantique Data Portal — publisher-ign (France)		fr_opendata	opendata	fr	fr,ods,opendata,publisher-ign	86400	Every dataset on this portal whose publisher is IGN — the publisher's full stream, with field schema and record counts. Served by the ODS platform at data.loire-atlantique.fr.	no	pending-probe
fr-data-loire-atlantique-fr-publisher-opendatasoft	https://data.loire-atlantique.fr/api/explore/v2.1/catalog/datasets?where=publisher%3D%22Opendatasoft%22&limit=100	json:results		Loire-Atlantique Data Portal — publisher-opendatasoft (France)		fr_opendata	opendata	fr	fr,ods,opendata,publisher-opendatasoft	86400	Every dataset on this portal whose publisher is Opendatasoft — the publisher's full stream, with field schema and record counts. Served by the ODS platform at data.loire-atlantique.fr.	no	pending-probe
us-data-nola-gov-catalog	https://data.nola.gov/api/catalog/v1?limit=100	json:results		New Orleans, Louisiana — catalog (United States)		us_opendata	opendata	en	us,socrata,opendata,catalog	86400	Socrata discovery catalogue: every dataset with owner, category, provenance, update cadence and column metadata. Served by the SOCRATA platform at data.nola.gov.	no	pending-probe
us-data-nola-gov-views	https://data.nola.gov/api/views/metadata/v1	json-array		New Orleans, Louisiana — views (United States)		us_opendata	opendata	en	us,socrata,opendata,views	86400	Per-view metadata for every dataset on the domain. Served by the SOCRATA platform at data.nola.gov.	no	pending-probe
us-data-kcmo-org-catalog	https://data.kcmo.org/api/catalog/v1?limit=100	json:results		Open Data KC — catalog (United States)		us_opendata	opendata	en	us,socrata,opendata,catalog	86400	Socrata discovery catalogue: every dataset with owner, category, provenance, update cadence and column metadata. Served by the SOCRATA platform at data.kcmo.org.	no	pending-probe
us-data-kcmo-org-views	https://data.kcmo.org/api/views/metadata/v1	json-array		Open Data KC — views (United States)		us_opendata	opendata	en	us,socrata,opendata,views	86400	Per-view metadata for every dataset on the domain. Served by the SOCRATA platform at data.kcmo.org.	no	pending-probe
us-opendata-minneapolismn-gov-datasets	https://opendata.minneapolismn.gov/api/search/v1/collections/dataset/items?limit=100	geojson		Open Data Minneapolis — datasets (United States)		us_opendata	opendata	en	us,arcgis,opendata,datasets	86400	ArcGIS Hub dataset collection with spatial extent, publisher and service URLs. Served by the ARCGIS platform at opendata.minneapolismn.gov.	no	pending-probe
us-datacatalog-cookcountyil-gov-catalog	https://datacatalog.cookcountyil.gov/api/catalog/v1?limit=100	json:results		Open Data Portal for Cook County Government — catalog (United States)		us_opendata	opendata	en	us,socrata,opendata,catalog	86400	Socrata discovery catalogue: every dataset with owner, category, provenance, update cadence and column metadata. Served by the SOCRATA platform at datacatalog.cookcountyil.gov.	no	pending-probe
us-datacatalog-cookcountyil-gov-views	https://datacatalog.cookcountyil.gov/api/views/metadata/v1	json-array		Open Data Portal for Cook County Government — views (United States)		us_opendata	opendata	en	us,socrata,opendata,views	86400	Per-view metadata for every dataset on the domain. Served by the SOCRATA platform at datacatalog.cookcountyil.gov.	no	pending-probe
it-dati-toscana-it-datasets	https://dati.toscana.it/api/3/action/package_search?rows=100	json:result.results		Open Data Regione Toscana — datasets (Italy)		it_opendata	opendata	it	it,ckan,opendata,datasets	86400	Dataset catalogue: title, notes, organization, licence, tags, resource list and modification dates for every published dataset. Served by the CKAN platform at dati.toscana.it.	no	pending-probe
it-dati-toscana-it-orgs	https://dati.toscana.it/api/3/action/organization_list?all_fields=true	json:result		Open Data Regione Toscana — orgs (Italy)		it_opendata	opendata	it	it,ckan,opendata,orgs	86400	Every publishing organisation on the portal with its title, description, package count and image. Served by the CKAN platform at dati.toscana.it.	no	pending-probe
it-dati-toscana-it-groups	https://dati.toscana.it/api/3/action/group_list?all_fields=true	json:result		Open Data Regione Toscana — groups (Italy)		it_opendata	opendata	it	it,ckan,opendata,groups	86400	Thematic groups/collections declared by the portal. Served by the CKAN platform at dati.toscana.it.	no	pending-probe
it-dati-toscana-it-tags	https://dati.toscana.it/api/3/action/tag_list	json:result		Open Data Regione Toscana — tags (Italy)		it_opendata	opendata	it	it,ckan,opendata,tags	86400	The portal's full controlled vocabulary of dataset tags. Served by the CKAN platform at dati.toscana.it.	no	pending-probe
it-dati-toscana-it-activity	https://dati.toscana.it/api/3/action/recently_changed_packages_activity_list?limit=100	json:result		Open Data Regione Toscana — activity (Italy)		it_opendata	opendata	it	it,ckan,opendata,activity	86400	Recent publish/update activity — what this authority changed and when, which is the change-detection signal behind the catalogue. Served by the CKAN platform at dati.toscana.it.	no	pending-probe
it-dati-trentino-it-orgs	https://dati.trentino.it/api/3/action/organization_list?all_fields=true	json:result		Open Data Trentino — orgs (Italy)		it_opendata	opendata	it	it,ckan,opendata,orgs	86400	Every publishing organisation on the portal with its title, description, package count and image. Served by the CKAN platform at dati.trentino.it.	no	pending-probe
it-dati-trentino-it-groups	https://dati.trentino.it/api/3/action/group_list?all_fields=true	json:result		Open Data Trentino — groups (Italy)		it_opendata	opendata	it	it,ckan,opendata,groups	86400	Thematic groups/collections declared by the portal. Served by the CKAN platform at dati.trentino.it.	no	pending-probe
it-dati-trentino-it-tags	https://dati.trentino.it/api/3/action/tag_list	json:result		Open Data Trentino — tags (Italy)		it_opendata	opendata	it	it,ckan,opendata,tags	86400	The portal's full controlled vocabulary of dataset tags. Served by the CKAN platform at dati.trentino.it.	no	pending-probe
it-dati-trentino-it-activity	https://dati.trentino.it/api/3/action/recently_changed_packages_activity_list?limit=100	json:result		Open Data Trentino — activity (Italy)		it_opendata	opendata	it	it,ckan,opendata,activity	86400	Recent publish/update activity — what this authority changed and when, which is the change-detection signal behind the catalogue. Served by the CKAN platform at dati.trentino.it.	no	pending-probe
us-data-ny-gov-catalog	https://data.ny.gov/api/catalog/v1?limit=100	json:results		Open New York — catalog (United States)		us_opendata	opendata	en	us,socrata,opendata,catalog	86400	Socrata discovery catalogue: every dataset with owner, category, provenance, update cadence and column metadata. Served by the SOCRATA platform at data.ny.gov.	no	pending-probe
us-data-ny-gov-views	https://data.ny.gov/api/views/metadata/v1	json-array		Open New York — views (United States)		us_opendata	opendata	en	us,socrata,opendata,views	86400	Per-view metadata for every dataset on the domain. Served by the SOCRATA platform at data.ny.gov.	no	pending-probe
us-data-raleighnc-gov-datasets	https://data.raleighnc.gov/api/search/v1/collections/dataset/items?limit=100	geojson		Open Raleigh — datasets (United States)		us_opendata	opendata	en	us,arcgis,opendata,datasets	86400	ArcGIS Hub dataset collection with spatial extent, publisher and service URLs. Served by the ARCGIS platform at data.raleighnc.gov.	no	pending-probe
ch-opendata-fr-ch-datasets	https://opendata.fr.ch/api/explore/v2.1/catalog/datasets?limit=100	json:results		Opendata Canton de Fribourg — datasets (Switzerland)		ch_opendata	opendata	de	ch,ods,opendata,datasets	86400	OpenDataSoft Explore catalogue: dataset id, title, theme, publisher, licence, record count and field schema. Served by the ODS platform at opendata.fr.ch.	no	pending-probe
ch-opendata-fr-ch-facets	https://opendata.fr.ch/api/explore/v2.1/catalog/facets	json:facets		Opendata Canton de Fribourg — facets (Switzerland)		ch_opendata	opendata	de	ch,ods,opendata,facets	86400	The portal's facet tree — themes, publishers and keywords with counts, i.e. the shape of what this authority publishes. Served by the ODS platform at opendata.fr.ch.	no	pending-probe
ch-opendata-fr-ch-publisher-administration-f-d-rale-des-finances	https://opendata.fr.ch/api/explore/v2.1/catalog/datasets?where=publisher%3D%22Administration%20f%C3%A9d%C3%A9rale%20des%20finances%22&limit=100	json:results		Opendata Canton de Fribourg — publisher-administration-f-d-rale-des-finances (Switzerland)		ch_opendata	opendata	de	ch,ods,opendata,publisher-administration-f-d-rale-des-finances	86400	Every dataset on this portal whose publisher is Administration fédérale des finances — the publisher's full stream, with field schema and record counts. Served by the ODS platform at opendata.fr.ch.	no	pending-probe
ch-opendata-fr-ch-publisher-chancellerie-d-etat	https://opendata.fr.ch/api/explore/v2.1/catalog/datasets?where=publisher%3D%22Chancellerie%20d%27Etat%22&limit=100	json:results		Opendata Canton de Fribourg — publisher-chancellerie-d-etat (Switzerland)		ch_opendata	opendata	de	ch,ods,opendata,publisher-chancellerie-d-etat	86400	Every dataset on this portal whose publisher is Chancellerie d'Etat — the publisher's full stream, with field schema and record counts. Served by the ODS platform at opendata.fr.ch.	no	pending-probe
ch-opendata-fr-ch-publisher-distributeurs-d-nergie-lectrique-du-cant	https://opendata.fr.ch/api/explore/v2.1/catalog/datasets?where=publisher%3D%22Distributeurs%20d%27%C3%A9nergie%20%C3%A9lectrique%20du%20canton%20de%20Fribourg%22&limit=100	json:results		Opendata Canton de Fribourg — publisher-distributeurs-d-nergie-lectrique-du-cant (Switzerland)		ch_opendata	opendata	de	ch,ods,opendata,publisher-distributeurs-d-nergie-lectrique-du-cant	86400	Every dataset on this portal whose publisher is Distributeurs d'énergie électrique du canton de Fribourg — the publisher's full stream, with field schema and record counts. Served by the ODS platform at opendata.fr.ch.	no	pending-probe
ch-opendata-fr-ch-publisher-distributeurs-de-gaz-naturel-du-canton-d	https://opendata.fr.ch/api/explore/v2.1/catalog/datasets?where=publisher%3D%22Distributeurs%20de%20gaz%20naturel%20du%20canton%20de%20Fribourg%22&limit=100	json:results		Opendata Canton de Fribourg — publisher-distributeurs-de-gaz-naturel-du-canton-d (Switzerland)		ch_opendata	opendata	de	ch,ods,opendata,publisher-distributeurs-de-gaz-naturel-du-canton-d	86400	Every dataset on this portal whose publisher is Distributeurs de gaz naturel du canton de Fribourg — the publisher's full stream, with field schema and record counts. Served by the ODS platform at opendata.fr.ch.	no	pending-probe
ch-opendata-fr-ch-publisher-geoimpact-office-f-d-ral-de-l-nergie-ofe	https://opendata.fr.ch/api/explore/v2.1/catalog/datasets?where=publisher%3D%22Geoimpact%2C%20Office%20f%C3%A9d%C3%A9ral%20de%20l%27%C3%A9nergie%20%28OFEN%29%22&limit=100	json:results		Opendata Canton de Fribourg — publisher-geoimpact-office-f-d-ral-de-l-nergie-ofe (Switzerland)		ch_opendata	opendata	de	ch,ods,opendata,publisher-geoimpact-office-f-d-ral-de-l-nergie-ofe	86400	Every dataset on this portal whose publisher is Geoimpact, Office fédéral de l'énergie (OFEN) — the publisher's full stream, with field schema and record counts. Served by the ODS platform at opendata.fr.ch.	no	pending-probe
ch-opendata-fr-ch-publisher-grangeneuve	https://opendata.fr.ch/api/explore/v2.1/catalog/datasets?where=publisher%3D%22Grangeneuve%22&limit=100	json:results		Opendata Canton de Fribourg — publisher-grangeneuve (Switzerland)		ch_opendata	opendata	de	ch,ods,opendata,publisher-grangeneuve	86400	Every dataset on this portal whose publisher is Grangeneuve — the publisher's full stream, with field schema and record counts. Served by the ODS platform at opendata.fr.ch.	no	pending-probe
ch-opendata-fr-ch-publisher-institut-cr-a-d-conomie-appliqu-e-de-la-	https://opendata.fr.ch/api/explore/v2.1/catalog/datasets?where=publisher%3D%22Institut%20Cr%C3%A9a%20d%27%C3%A9conomie%20appliqu%C3%A9e%20de%20la%20Facult%C3%A9%20HEC%20de%20l%27Universit%C3%A9%20de%20Lausanne%22&limit=100	json:results		Opendata Canton de Fribourg — publisher-institut-cr-a-d-conomie-appliqu-e-de-la- (Switzerland)		ch_opendata	opendata	de	ch,ods,opendata,publisher-institut-cr-a-d-conomie-appliqu-e-de-la-	86400	Every dataset on this portal whose publisher is Institut Créa d'économie appliquée de la Faculté HEC de l'Université de Lausanne — the publisher's full stream, with field schema and record counts. Served by the ODS platform at opendata.fr.ch.	no	pending-probe
ch-opendata-fr-ch-publisher-institut-crea-d-conomie-appliqu-e-de-la-	https://opendata.fr.ch/api/explore/v2.1/catalog/datasets?where=publisher%3D%22Institut%20CREA%20d%27%C3%A9conomie%20appliqu%C3%A9e%20de%20la%20Facult%C3%A9%20HEC%20de%20l%27Universit%C3%A9%20de%20Lausanne%2C%20Secr%C3%A9tariat%20d%27Etat%20%C3%A0%20l%27%C3%A9conomie%20%28SECO%29%22&limit=100	json:results		Opendata Canton de Fribourg — publisher-institut-crea-d-conomie-appliqu-e-de-la- (Switzerland)		ch_opendata	opendata	de	ch,ods,opendata,publisher-institut-crea-d-conomie-appliqu-e-de-la-	86400	Every dataset on this portal whose publisher is Institut CREA d'économie appliquée de la Faculté HEC de l'Université de Lausanne, Secrétariat d'Etat à l'économie (SECO) — the publisher's full stream, with field schema and record counts. Served by the ODS platform at opendata.fr.ch.	no	pending-probe
ch-opendata-fr-ch-publisher-m-t-osuisse	https://opendata.fr.ch/api/explore/v2.1/catalog/datasets?where=publisher%3D%22M%C3%A9t%C3%A9oSuisse%22&limit=100	json:results		Opendata Canton de Fribourg — publisher-m-t-osuisse (Switzerland)		ch_opendata	opendata	de	ch,ods,opendata,publisher-m-t-osuisse	86400	Every dataset on this portal whose publisher is MétéoSuisse — the publisher's full stream, with field schema and record counts. Served by the ODS platform at opendata.fr.ch.	no	pending-probe
ch-opendata-fr-ch-publisher-meteotest	https://opendata.fr.ch/api/explore/v2.1/catalog/datasets?where=publisher%3D%22Meteotest%22&limit=100	json:results		Opendata Canton de Fribourg — publisher-meteotest (Switzerland)		ch_opendata	opendata	de	ch,ods,opendata,publisher-meteotest	86400	Every dataset on this portal whose publisher is Meteotest — the publisher's full stream, with field schema and record counts. Served by the ODS platform at opendata.fr.ch.	no	pending-probe
ch-opendata-fr-ch-publisher-office-de-la-circulation-et-de-la-naviga	https://opendata.fr.ch/api/explore/v2.1/catalog/datasets?where=publisher%3D%22Office%20de%20la%20circulation%20et%20de%20la%20navigation%22&limit=100	json:results		Opendata Canton de Fribourg — publisher-office-de-la-circulation-et-de-la-naviga (Switzerland)		ch_opendata	opendata	de	ch,ods,opendata,publisher-office-de-la-circulation-et-de-la-naviga	86400	Every dataset on this portal whose publisher is Office de la circulation et de la navigation — the publisher's full stream, with field schema and record counts. Served by the ODS platform at opendata.fr.ch.	no	pending-probe
ch-opendata-fr-ch-publisher-office-f-d-ral-de-la-douane-et-de-la-s-c	https://opendata.fr.ch/api/explore/v2.1/catalog/datasets?where=publisher%3D%22Office%20f%C3%A9d%C3%A9ral%20de%20la%20douane%20et%20de%20la%20s%C3%A9curit%C3%A9%20des%20fronti%C3%A8res%22&limit=100	json:results		Opendata Canton de Fribourg — publisher-office-f-d-ral-de-la-douane-et-de-la-s-c (Switzerland)		ch_opendata	opendata	de	ch,ods,opendata,publisher-office-f-d-ral-de-la-douane-et-de-la-s-c	86400	Every dataset on this portal whose publisher is Office fédéral de la douane et de la sécurité des frontières — the publisher's full stream, with field schema and record counts. Served by the ODS platform at opendata.fr.ch.	no	pending-probe
ch-opendata-fr-ch-publisher-office-f-d-ral-de-la-sant-publique	https://opendata.fr.ch/api/explore/v2.1/catalog/datasets?where=publisher%3D%22Office%20f%C3%A9d%C3%A9ral%20de%20la%20sant%C3%A9%20publique%22&limit=100	json:results		Opendata Canton de Fribourg — publisher-office-f-d-ral-de-la-sant-publique (Switzerland)		ch_opendata	opendata	de	ch,ods,opendata,publisher-office-f-d-ral-de-la-sant-publique	86400	Every dataset on this portal whose publisher is Office fédéral de la santé publique — the publisher's full stream, with field schema and record counts. Served by the ODS platform at opendata.fr.ch.	no	pending-probe
ch-opendata-fr-ch-publisher-office-f-d-ral-de-la-statistique	https://opendata.fr.ch/api/explore/v2.1/catalog/datasets?where=publisher%3D%22Office%20f%C3%A9d%C3%A9ral%20de%20la%20statistique%22&limit=100	json:results		Opendata Canton de Fribourg — publisher-office-f-d-ral-de-la-statistique (Switzerland)		ch_opendata	opendata	de	ch,ods,opendata,publisher-office-f-d-ral-de-la-statistique	86400	Every dataset on this portal whose publisher is Office fédéral de la statistique — the publisher's full stream, with field schema and record counts. Served by the ODS platform at opendata.fr.ch.	no	pending-probe
ch-opendata-fr-ch-publisher-office-f-d-ral-de-topographie	https://opendata.fr.ch/api/explore/v2.1/catalog/datasets?where=publisher%3D%22Office%20f%C3%A9d%C3%A9ral%20de%20topographie%22&limit=100	json:results		Opendata Canton de Fribourg — publisher-office-f-d-ral-de-topographie (Switzerland)		ch_opendata	opendata	de	ch,ods,opendata,publisher-office-f-d-ral-de-topographie	86400	Every dataset on this portal whose publisher is Office fédéral de topographie — the publisher's full stream, with field schema and record counts. Served by the ODS platform at opendata.fr.ch.	no	pending-probe
ch-opendata-fr-ch-publisher-offices-des-poursuites-et-office-des-fai	https://opendata.fr.ch/api/explore/v2.1/catalog/datasets?where=publisher%3D%22Offices%20des%20poursuites%20et%20Office%20des%20faillites%22&limit=100	json:results		Opendata Canton de Fribourg — publisher-offices-des-poursuites-et-office-des-fai (Switzerland)		ch_opendata	opendata	de	ch,ods,opendata,publisher-offices-des-poursuites-et-office-des-fai	86400	Every dataset on this portal whose publisher is Offices des poursuites et Office des faillites — the publisher's full stream, with field schema and record counts. Served by the ODS platform at opendata.fr.ch.	no	pending-probe
ch-opendata-fr-ch-publisher-secr-tariat-d-tat-l-conomie	https://opendata.fr.ch/api/explore/v2.1/catalog/datasets?where=publisher%3D%22Secr%C3%A9tariat%20d%27%C3%89tat%20%C3%A0%20l%27%C3%A9conomie%22&limit=100	json:results		Opendata Canton de Fribourg — publisher-secr-tariat-d-tat-l-conomie (Switzerland)		ch_opendata	opendata	de	ch,ods,opendata,publisher-secr-tariat-d-tat-l-conomie	86400	Every dataset on this portal whose publisher is Secrétariat d'État à l'économie — the publisher's full stream, with field schema and record counts. Served by the ODS platform at opendata.fr.ch.	no	pending-probe
ch-opendata-fr-ch-publisher-service-cantonal-des-contributions-scc	https://opendata.fr.ch/api/explore/v2.1/catalog/datasets?where=publisher%3D%22Service%20cantonal%20des%20contributions%20%28SCC%29%22&limit=100	json:results		Opendata Canton de Fribourg — publisher-service-cantonal-des-contributions-scc (Switzerland)		ch_opendata	opendata	de	ch,ods,opendata,publisher-service-cantonal-des-contributions-scc	86400	Every dataset on this portal whose publisher is Service cantonal des contributions (SCC) — the publisher's full stream, with field schema and record counts. Served by the ODS platform at opendata.fr.ch.	no	pending-probe
ch-opendata-fr-ch-publisher-service-de-l-environnement-sen	https://opendata.fr.ch/api/explore/v2.1/catalog/datasets?where=publisher%3D%22Service%20de%20l%27environnement%20SEn%22&limit=100	json:results		Opendata Canton de Fribourg — publisher-service-de-l-environnement-sen (Switzerland)		ch_opendata	opendata	de	ch,ods,opendata,publisher-service-de-l-environnement-sen	86400	Every dataset on this portal whose publisher is Service de l'environnement SEn — the publisher's full stream, with field schema and record counts. Served by the ODS platform at opendata.fr.ch.	no	pending-probe
ch-opendata-fr-ch-publisher-service-de-la-pr-voyance-sociale	https://opendata.fr.ch/api/explore/v2.1/catalog/datasets?where=publisher%3D%22Service%20de%20la%20pr%C3%A9voyance%20sociale%22&limit=100	json:results		Opendata Canton de Fribourg — publisher-service-de-la-pr-voyance-sociale (Switzerland)		ch_opendata	opendata	de	ch,ods,opendata,publisher-service-de-la-pr-voyance-sociale	86400	Every dataset on this portal whose publisher is Service de la prévoyance sociale — the publisher's full stream, with field schema and record counts. Served by the ODS platform at opendata.fr.ch.	no	pending-probe
ch-opendata-fr-ch-publisher-service-de-la-statistique-et-de-la-donn-	https://opendata.fr.ch/api/explore/v2.1/catalog/datasets?where=publisher%3D%22Service%20de%20la%20statistique%20et%20de%20la%20donn%C3%A9e%22&limit=100	json:results		Opendata Canton de Fribourg — publisher-service-de-la-statistique-et-de-la-donn- (Switzerland)		ch_opendata	opendata	de	ch,ods,opendata,publisher-service-de-la-statistique-et-de-la-donn-	86400	Every dataset on this portal whose publisher is Service de la statistique et de la donnée — the publisher's full stream, with field schema and record counts. Served by the ODS platform at opendata.fr.ch.	no	pending-probe
ch-opendata-fr-ch-publisher-service-des-communes	https://opendata.fr.ch/api/explore/v2.1/catalog/datasets?where=publisher%3D%22Service%20des%20communes%22&limit=100	json:results		Opendata Canton de Fribourg — publisher-service-des-communes (Switzerland)		ch_opendata	opendata	de	ch,ods,opendata,publisher-service-des-communes	86400	Every dataset on this portal whose publisher is Service des communes — the publisher's full stream, with field schema and record counts. Served by the ODS platform at opendata.fr.ch.	no	pending-probe
ch-opendata-fr-ch-publisher-service-du-registre-du-commerce	https://opendata.fr.ch/api/explore/v2.1/catalog/datasets?where=publisher%3D%22Service%20du%20registre%20du%20commerce%22&limit=100	json:results		Opendata Canton de Fribourg — publisher-service-du-registre-du-commerce (Switzerland)		ch_opendata	opendata	de	ch,ods,opendata,publisher-service-du-registre-du-commerce	86400	Every dataset on this portal whose publisher is Service du registre du commerce — the publisher's full stream, with field schema and record counts. Served by the ODS platform at opendata.fr.ch.	no	pending-probe
de-www-opendata-hro-de-datasets	https://www.opendata-hro.de/api/3/action/package_search?rows=100	json:result.results		OpenData.HRO - Portal für offene Data der Hansestadt Rostock — datasets (Germany)		de_opendata	opendata	de	de,ckan,opendata,datasets	86400	Dataset catalogue: title, notes, organization, licence, tags, resource list and modification dates for every published dataset. Served by the CKAN platform at www.opendata-hro.de.	no	pending-probe
de-www-opendata-hro-de-orgs	https://www.opendata-hro.de/api/3/action/organization_list?all_fields=true	json:result		OpenData.HRO - Portal für offene Data der Hansestadt Rostock — orgs (Germany)		de_opendata	opendata	de	de,ckan,opendata,orgs	86400	Every publishing organisation on the portal with its title, description, package count and image. Served by the CKAN platform at www.opendata-hro.de.	no	pending-probe
de-www-opendata-hro-de-groups	https://www.opendata-hro.de/api/3/action/group_list?all_fields=true	json:result		OpenData.HRO - Portal für offene Data der Hansestadt Rostock — groups (Germany)		de_opendata	opendata	de	de,ckan,opendata,groups	86400	Thematic groups/collections declared by the portal. Served by the CKAN platform at www.opendata-hro.de.	no	pending-probe
de-www-opendata-hro-de-tags	https://www.opendata-hro.de/api/3/action/tag_list	json:result		OpenData.HRO - Portal für offene Data der Hansestadt Rostock — tags (Germany)		de_opendata	opendata	de	de,ckan,opendata,tags	86400	The portal's full controlled vocabulary of dataset tags. Served by the CKAN platform at www.opendata-hro.de.	no	pending-probe
de-www-opendata-hro-de-activity	https://www.opendata-hro.de/api/3/action/recently_changed_packages_activity_list?limit=100	json:result		OpenData.HRO - Portal für offene Data der Hansestadt Rostock — activity (Germany)		de_opendata	opendata	de	de,ckan,opendata,activity	86400	Recent publish/update activity — what this authority changed and when, which is the change-detection signal behind the catalogue. Served by the CKAN platform at www.opendata-hro.de.	no	pending-probe
de-www-opendata-hro-de-org-hro	https://www.opendata-hro.de/api/3/action/package_search?fq=organization:hro&rows=100	json:result.results		OpenData.HRO - Portal für offene Data der Hansestadt Rostock — org-hro (Germany)		de_opendata	opendata	de	de,ckan,opendata,org-hro	86400	Everything published by Hanse- und Universitätsstadt Rostock on this portal: every dataset with its resources, licence, tags and last-modified date. Served by the CKAN platform at www.opendata-hro.de.	no	pending-probe
de-www-opendata-hro-de-org-msh	https://www.opendata-hro.de/api/3/action/package_search?fq=organization:msh&rows=100	json:result.results		OpenData.HRO - Portal für offene Data der Hansestadt Rostock — org-msh (Germany)		de_opendata	opendata	de	de,ckan,opendata,org-msh	86400	Everything published by Max-Samuel-Haus – Stiftung Begegnungsstätte für jüdische Geschichte und Kultur in Rostock on this portal: every dataset with its resources, licence, tags and last-modified date. Served by the CKAN platform at www.opendata-hro.de.	no	pending-probe
de-www-opendata-hro-de-org-osm	https://www.opendata-hro.de/api/3/action/package_search?fq=organization:osm&rows=100	json:result.results		OpenData.HRO - Portal für offene Data der Hansestadt Rostock — org-osm (Germany)		de_opendata	opendata	de	de,ckan,opendata,org-osm	86400	Everything published by OpenStreetMap on this portal: every dataset with its resources, licence, tags and last-modified date. Served by the CKAN platform at www.opendata-hro.de.	no	pending-probe
de-www-opendata-hro-de-org-stalu	https://www.opendata-hro.de/api/3/action/package_search?fq=organization:stalu&rows=100	json:result.results		OpenData.HRO - Portal für offene Data der Hansestadt Rostock — org-stalu (Germany)		de_opendata	opendata	de	de,ckan,opendata,org-stalu	86400	Everything published by Staatliches Amt für Landwirtschaft und Umwelt Mittleres Mecklenburg on this portal: every dataset with its resources, licence, tags and last-modified date. Served by the CKAN platform at www.opendata-hro.de.	no	pending-probe
de-www-opendata-hro-de-org-swrag	https://www.opendata-hro.de/api/3/action/package_search?fq=organization:swrag&rows=100	json:result.results		OpenData.HRO - Portal für offene Data der Hansestadt Rostock — org-swrag (Germany)		de_opendata	opendata	de	de,ckan,opendata,org-swrag	86400	Everything published by Stadtwerke Rostock AG on this portal: every dataset with its resources, licence, tags and last-modified date. Served by the CKAN platform at www.opendata-hro.de.	no	pending-probe
de-www-opendata-hro-de-org-steinbeis	https://www.opendata-hro.de/api/3/action/package_search?fq=organization:steinbeis&rows=100	json:result.results		OpenData.HRO - Portal für offene Data der Hansestadt Rostock — org-steinbeis (Germany)		de_opendata	opendata	de	de,ckan,opendata,org-steinbeis	86400	Everything published by Steinbeis-Transferzentrum Geoinformatik on this portal: every dataset with its resources, licence, tags and last-modified date. Served by the CKAN platform at www.opendata-hro.de.	no	pending-probe
hu-www-opendata-hu-datasets	https://www.opendata.hu/api/3/action/package_search?rows=100	json:result.results		Opendata.hu — datasets (Hungary)		hu_opendata	opendata	hu	hu,ckan,opendata,datasets	86400	Dataset catalogue: title, notes, organization, licence, tags, resource list and modification dates for every published dataset. Served by the CKAN platform at www.opendata.hu.	no	pending-probe
hu-www-opendata-hu-orgs	https://www.opendata.hu/api/3/action/organization_list?all_fields=true	json:result		Opendata.hu — orgs (Hungary)		hu_opendata	opendata	hu	hu,ckan,opendata,orgs	86400	Every publishing organisation on the portal with its title, description, package count and image. Served by the CKAN platform at www.opendata.hu.	no	pending-probe
hu-www-opendata-hu-groups	https://www.opendata.hu/api/3/action/group_list?all_fields=true	json:result		Opendata.hu — groups (Hungary)		hu_opendata	opendata	hu	hu,ckan,opendata,groups	86400	Thematic groups/collections declared by the portal. Served by the CKAN platform at www.opendata.hu.	no	pending-probe
hu-www-opendata-hu-tags	https://www.opendata.hu/api/3/action/tag_list	json:result		Opendata.hu — tags (Hungary)		hu_opendata	opendata	hu	hu,ckan,opendata,tags	86400	The portal's full controlled vocabulary of dataset tags. Served by the CKAN platform at www.opendata.hu.	no	pending-probe
hu-www-opendata-hu-activity	https://www.opendata.hu/api/3/action/recently_changed_packages_activity_list?limit=100	json:result		Opendata.hu — activity (Hungary)		hu_opendata	opendata	hu	hu,ckan,opendata,activity	86400	Recent publish/update activity — what this authority changed and when, which is the change-detection signal behind the catalogue. Served by the CKAN platform at www.opendata.hu.	no	pending-probe
hu-www-opendata-hu-org-bi-projekt	https://www.opendata.hu/api/3/action/package_search?fq=organization:bi-projekt&rows=100	json:result.results		Opendata.hu — org-bi-projekt (Hungary)		hu_opendata	opendata	hu	hu,ckan,opendata,org-bi-projekt	86400	Everything published by BI projekt on this portal: every dataset with its resources, licence, tags and last-modified date. Served by the CKAN platform at www.opendata.hu.	no	pending-probe
hu-www-opendata-hu-org-c4hu	https://www.opendata.hu/api/3/action/package_search?fq=organization:c4hu&rows=100	json:result.results		Opendata.hu — org-c4hu (Hungary)		hu_opendata	opendata	hu	hu,ckan,opendata,org-c4hu	86400	Everything published by Code for Hungary on this portal: every dataset with its resources, licence, tags and last-modified date. Served by the CKAN platform at www.opendata.hu.	no	pending-probe
hu-www-opendata-hu-org-dmlab	https://www.opendata.hu/api/3/action/package_search?fq=organization:dmlab&rows=100	json:result.results		Opendata.hu — org-dmlab (Hungary)		hu_opendata	opendata	hu	hu,ckan,opendata,org-dmlab	86400	Everything published by Dmlab on this portal: every dataset with its resources, licence, tags and last-modified date. Served by the CKAN platform at www.opendata.hu.	no	pending-probe
hu-www-opendata-hu-org-k-monitor	https://www.opendata.hu/api/3/action/package_search?fq=organization:k-monitor&rows=100	json:result.results		Opendata.hu — org-k-monitor (Hungary)		hu_opendata	opendata	hu	hu,ckan,opendata,org-k-monitor	86400	Everything published by K-Monitor on this portal: every dataset with its resources, licence, tags and last-modified date. Served by the CKAN platform at www.opendata.hu.	no	pending-probe
hu-www-opendata-hu-org-mta-nyti	https://www.opendata.hu/api/3/action/package_search?fq=organization:mta-nyti&rows=100	json:result.results		Opendata.hu — org-mta-nyti (Hungary)		hu_opendata	opendata	hu	hu,ckan,opendata,org-mta-nyti	86400	Everything published by MTA NYTI on this portal: every dataset with its resources, licence, tags and last-modified date. Served by the CKAN platform at www.opendata.hu.	no	pending-probe
hu-www-opendata-hu-org-mta-sztaki	https://www.opendata.hu/api/3/action/package_search?fq=organization:mta-sztaki&rows=100	json:result.results		Opendata.hu — org-mta-sztaki (Hungary)		hu_opendata	opendata	hu	hu,ckan,opendata,org-mta-sztaki	86400	Everything published by MTA SZTAKI on this portal: every dataset with its resources, licence, tags and last-modified date. Served by the CKAN platform at www.opendata.hu.	no	pending-probe
hu-www-opendata-hu-org-precognox	https://www.opendata.hu/api/3/action/package_search?fq=organization:precognox&rows=100	json:result.results		Opendata.hu — org-precognox (Hungary)		hu_opendata	opendata	hu	hu,ckan,opendata,org-precognox	86400	Everything published by Precognox on this portal: every dataset with its resources, licence, tags and last-modified date. Served by the CKAN platform at www.opendata.hu.	no	pending-probe
hu-www-opendata-hu-org-vume-ai	https://www.opendata.hu/api/3/action/package_search?fq=organization:vume-ai&rows=100	json:result.results		Opendata.hu — org-vume-ai (Hungary)		hu_opendata	opendata	hu	hu,ckan,opendata,org-vume-ai	86400	Everything published by Vume AI on this portal: every dataset with its resources, licence, tags and last-modified date. Served by the CKAN platform at www.opendata.hu.	no	pending-probe
us-data-oregon-gov-catalog	https://data.oregon.gov/api/catalog/v1?limit=100	json:results		Oregon — catalog (United States)		us_opendata	opendata	en	us,socrata,opendata,catalog	86400	Socrata discovery catalogue: every dataset with owner, category, provenance, update cadence and column metadata. Served by the SOCRATA platform at data.oregon.gov.	no	pending-probe
us-data-oregon-gov-views	https://data.oregon.gov/api/views/metadata/v1	json-array		Oregon — views (United States)		us_opendata	opendata	en	us,socrata,opendata,views	86400	Per-view metadata for every dataset on the domain. Served by the SOCRATA platform at data.oregon.gov.	no	pending-probe
it-dati-comune-matera-it-datasets	https://dati.comune.matera.it/api/3/action/package_search?rows=100	json:result.results		Portale Dati aperti del Comune di Matera — datasets (Italy)		it_opendata	opendata	it	it,ckan,opendata,datasets	86400	Dataset catalogue: title, notes, organization, licence, tags, resource list and modification dates for every published dataset. Served by the CKAN platform at dati.comune.matera.it.	no	pending-probe
it-dati-comune-matera-it-orgs	https://dati.comune.matera.it/api/3/action/organization_list?all_fields=true	json:result		Portale Dati aperti del Comune di Matera — orgs (Italy)		it_opendata	opendata	it	it,ckan,opendata,orgs	86400	Every publishing organisation on the portal with its title, description, package count and image. Served by the CKAN platform at dati.comune.matera.it.	no	pending-probe
it-dati-comune-matera-it-groups	https://dati.comune.matera.it/api/3/action/group_list?all_fields=true	json:result		Portale Dati aperti del Comune di Matera — groups (Italy)		it_opendata	opendata	it	it,ckan,opendata,groups	86400	Thematic groups/collections declared by the portal. Served by the CKAN platform at dati.comune.matera.it.	no	pending-probe
it-dati-comune-matera-it-tags	https://dati.comune.matera.it/api/3/action/tag_list	json:result		Portale Dati aperti del Comune di Matera — tags (Italy)		it_opendata	opendata	it	it,ckan,opendata,tags	86400	The portal's full controlled vocabulary of dataset tags. Served by the CKAN platform at dati.comune.matera.it.	no	pending-probe
it-dati-comune-matera-it-activity	https://dati.comune.matera.it/api/3/action/recently_changed_packages_activity_list?limit=100	json:result		Portale Dati aperti del Comune di Matera — activity (Italy)		it_opendata	opendata	it	it,ckan,opendata,activity	86400	Recent publish/update activity — what this authority changed and when, which is the change-detection signal behind the catalogue. Served by the CKAN platform at dati.comune.matera.it.	no	pending-probe
it-dati-comune-matera-it-org-comune-di-matera	https://dati.comune.matera.it/api/3/action/package_search?fq=organization:comune-di-matera&rows=100	json:result.results		Portale Dati aperti del Comune di Matera — org-comune-di-matera (Italy)		it_opendata	opendata	it	it,ckan,opendata,org-comune-di-matera	86400	Everything published by Comune di Matera on this portal: every dataset with its resources, licence, tags and last-modified date. Served by the CKAN platform at dati.comune.matera.it.	no	pending-probe
it-dati-comune-matera-it-org-comunita-di-pratica	https://dati.comune.matera.it/api/3/action/package_search?fq=organization:comunita-di-pratica&rows=100	json:result.results		Portale Dati aperti del Comune di Matera — org-comunita-di-pratica (Italy)		it_opendata	opendata	it	it,ckan,opendata,org-comunita-di-pratica	86400	Everything published by Comunità di pratica on this portal: every dataset with its resources, licence, tags and last-modified date. Served by the CKAN platform at dati.comune.matera.it.	no	pending-probe
us-data-seattle-gov-catalog	https://data.seattle.gov/api/catalog/v1?limit=100	json:results		Seattle — catalog (United States)		us_opendata	opendata	en	us,socrata,opendata,catalog	86400	Socrata discovery catalogue: every dataset with owner, category, provenance, update cadence and column metadata. Served by the SOCRATA platform at data.seattle.gov.	no	pending-probe
us-data-seattle-gov-views	https://data.seattle.gov/api/views/metadata/v1	json-array		Seattle — views (United States)		us_opendata	opendata	en	us,socrata,opendata,views	86400	Per-view metadata for every dataset on the domain. Served by the SOCRATA platform at data.seattle.gov.	no	pending-probe
de-transparenz-karlsruhe-de-datasets	https://transparenz.karlsruhe.de/api/3/action/package_search?rows=100	json:result.results		Transparency Portal for the City of Karlsruhe, Germany — datasets (Germany)		de_opendata	opendata	de	de,ckan,opendata,datasets	86400	Dataset catalogue: title, notes, organization, licence, tags, resource list and modification dates for every published dataset. Served by the CKAN platform at transparenz.karlsruhe.de.	no	pending-probe
de-transparenz-karlsruhe-de-orgs	https://transparenz.karlsruhe.de/api/3/action/organization_list?all_fields=true	json:result		Transparency Portal for the City of Karlsruhe, Germany — orgs (Germany)		de_opendata	opendata	de	de,ckan,opendata,orgs	86400	Every publishing organisation on the portal with its title, description, package count and image. Served by the CKAN platform at transparenz.karlsruhe.de.	no	pending-probe
de-transparenz-karlsruhe-de-groups	https://transparenz.karlsruhe.de/api/3/action/group_list?all_fields=true	json:result		Transparency Portal for the City of Karlsruhe, Germany — groups (Germany)		de_opendata	opendata	de	de,ckan,opendata,groups	86400	Thematic groups/collections declared by the portal. Served by the CKAN platform at transparenz.karlsruhe.de.	no	pending-probe
de-transparenz-karlsruhe-de-tags	https://transparenz.karlsruhe.de/api/3/action/tag_list	json:result		Transparency Portal for the City of Karlsruhe, Germany — tags (Germany)		de_opendata	opendata	de	de,ckan,opendata,tags	86400	The portal's full controlled vocabulary of dataset tags. Served by the CKAN platform at transparenz.karlsruhe.de.	no	pending-probe
de-transparenz-karlsruhe-de-activity	https://transparenz.karlsruhe.de/api/3/action/recently_changed_packages_activity_list?limit=100	json:result		Transparency Portal for the City of Karlsruhe, Germany — activity (Germany)		de_opendata	opendata	de	de,ckan,opendata,activity	86400	Recent publish/update activity — what this authority changed and when, which is the change-detection signal behind the catalogue. Served by the CKAN platform at transparenz.karlsruhe.de.	no	pending-probe
de-transparenz-karlsruhe-de-org-kvv	https://transparenz.karlsruhe.de/api/3/action/package_search?fq=organization:kvv&rows=100	json:result.results		Transparency Portal for the City of Karlsruhe, Germany — org-kvv (Germany)		de_opendata	opendata	de	de,ckan,opendata,org-kvv	86400	Everything published by Karlsruher Verkehrsverbund (KVV) on this portal: every dataset with its resources, licence, tags and last-modified date. Served by the CKAN platform at transparenz.karlsruhe.de.	no	pending-probe
de-transparenz-karlsruhe-de-org-oklab-ka	https://transparenz.karlsruhe.de/api/3/action/package_search?fq=organization:oklab-ka&rows=100	json:result.results		Transparency Portal for the City of Karlsruhe, Germany — org-oklab-ka (Germany)		de_opendata	opendata	de	de,ckan,opendata,org-oklab-ka	86400	Everything published by OK Lab Karlsruhe on this portal: every dataset with its resources, licence, tags and last-modified date. Served by the CKAN platform at transparenz.karlsruhe.de.	no	pending-probe
de-transparenz-karlsruhe-de-org-stadt-karlsruhe	https://transparenz.karlsruhe.de/api/3/action/package_search?fq=organization:stadt-karlsruhe&rows=100	json:result.results		Transparency Portal for the City of Karlsruhe, Germany — org-stadt-karlsruhe (Germany)		de_opendata	opendata	de	de,ckan,opendata,org-stadt-karlsruhe	86400	Everything published by Stadt Karlsruhe on this portal: every dataset with its resources, licence, tags and last-modified date. Served by the CKAN platform at transparenz.karlsruhe.de.	no	pending-probe
de-transparenz-karlsruhe-de-org-stadtwerke-karlsruhe	https://transparenz.karlsruhe.de/api/3/action/package_search?fq=organization:stadtwerke-karlsruhe&rows=100	json:result.results		Transparency Portal for the City of Karlsruhe, Germany — org-stadtwerke-karlsruhe (Germany)		de_opendata	opendata	de	de,ckan,opendata,org-stadtwerke-karlsruhe	86400	Everything published by Stadtwerke Karlsruhe on this portal: every dataset with its resources, licence, tags and last-modified date. Served by the CKAN platform at transparenz.karlsruhe.de.	no	pending-probe
us-data-wa-gov-catalog	https://data.wa.gov/api/catalog/v1?limit=100	json:results		Washington — catalog (United States)		us_opendata	opendata	en	us,socrata,opendata,catalog	86400	Socrata discovery catalogue: every dataset with owner, category, provenance, update cadence and column metadata. Served by the SOCRATA platform at data.wa.gov.	no	pending-probe
us-data-wa-gov-views	https://data.wa.gov/api/views/metadata/v1	json-array		Washington — views (United States)		us_opendata	opendata	en	us,socrata,opendata,views	86400	Per-view metadata for every dataset on the domain. Served by the SOCRATA platform at data.wa.gov.	no	pending-probe
us-geo-wa-gov-datasets	https://geo.wa.gov/api/search/v1/collections/dataset/items?limit=100	geojson		Washington — datasets (United States)		us_opendata	opendata	en	us,arcgis,opendata,datasets	86400	ArcGIS Hub dataset collection with spatial extent, publisher and service URLs. Served by the ARCGIS platform at geo.wa.gov.	no	pending-probe
si-podatki-gov-si-orgs	https://podatki.gov.si/api/3/action/organization_list?all_fields=true	json:result		podatki.gov.si — orgs (Slovenia)		si_opendata	opendata	sl	si,ckan,opendata,orgs	86400	Every publishing organisation on the portal with its title, description, package count and image. Served by the CKAN platform at podatki.gov.si.	no	pending-probe
si-podatki-gov-si-groups	https://podatki.gov.si/api/3/action/group_list?all_fields=true	json:result		podatki.gov.si — groups (Slovenia)		si_opendata	opendata	sl	si,ckan,opendata,groups	86400	Thematic groups/collections declared by the portal. Served by the CKAN platform at podatki.gov.si.	no	pending-probe
si-podatki-gov-si-tags	https://podatki.gov.si/api/3/action/tag_list	json:result		podatki.gov.si — tags (Slovenia)		si_opendata	opendata	sl	si,ckan,opendata,tags	86400	The portal's full controlled vocabulary of dataset tags. Served by the CKAN platform at podatki.gov.si.	no	pending-probe
si-podatki-gov-si-activity	https://podatki.gov.si/api/3/action/recently_changed_packages_activity_list?limit=100	json:result		podatki.gov.si — activity (Slovenia)		si_opendata	opendata	sl	si,ckan,opendata,activity	86400	Recent publish/update activity — what this authority changed and when, which is the change-detection signal behind the catalogue. Served by the CKAN platform at podatki.gov.si.	no	pending-probe
lv-data-gov-lv-orgs	https://data.gov.lv/api/3/action/organization_list?all_fields=true	json:result		data.gov.lv — orgs (Latvia)		lv_opendata	opendata	lv	lv,ckan,opendata,orgs	86400	Every publishing organisation on the portal with its title, description, package count and image. Served by the CKAN platform at data.gov.lv.	no	pending-probe
lv-data-gov-lv-groups	https://data.gov.lv/api/3/action/group_list?all_fields=true	json:result		data.gov.lv — groups (Latvia)		lv_opendata	opendata	lv	lv,ckan,opendata,groups	86400	Thematic groups/collections declared by the portal. Served by the CKAN platform at data.gov.lv.	no	pending-probe
lv-data-gov-lv-tags	https://data.gov.lv/api/3/action/tag_list	json:result		data.gov.lv — tags (Latvia)		lv_opendata	opendata	lv	lv,ckan,opendata,tags	86400	The portal's full controlled vocabulary of dataset tags. Served by the CKAN platform at data.gov.lv.	no	pending-probe
lv-data-gov-lv-activity	https://data.gov.lv/api/3/action/recently_changed_packages_activity_list?limit=100	json:result		data.gov.lv — activity (Latvia)		lv_opendata	opendata	lv	lv,ckan,opendata,activity	86400	Recent publish/update activity — what this authority changed and when, which is the change-detection signal behind the catalogue. Served by the CKAN platform at data.gov.lv.	no	pending-probe
lv-data-gov-lv-org-adazunovads	https://data.gov.lv/api/3/action/package_search?fq=organization:adazunovads&rows=100	json:result.results		data.gov.lv — org-adazunovads (Latvia)		lv_opendata	opendata	lv	lv,ckan,opendata,org-adazunovads	86400	Everything published by Ādažu novada pašvaldība on this portal: every dataset with its resources, licence, tags and last-modified date. Served by the CKAN platform at data.gov.lv.	no	pending-probe
lv-data-gov-lv-org-as-latrailnet	https://data.gov.lv/api/3/action/package_search?fq=organization:as-latrailnet&rows=100	json:result.results		data.gov.lv — org-as-latrailnet (Latvia)		lv_opendata	opendata	lv	lv,ckan,opendata,org-as-latrailnet	86400	Everything published by AS "LatRailNet" on this portal: every dataset with its resources, licence, tags and last-modified date. Served by the CKAN platform at data.gov.lv.	no	pending-probe
lv-data-gov-lv-org-lvm	https://data.gov.lv/api/3/action/package_search?fq=organization:lvm&rows=100	json:result.results		data.gov.lv — org-lvm (Latvia)		lv_opendata	opendata	lv	lv,ckan,opendata,org-lvm	86400	Everything published by AS “Latvijas valsts meži” on this portal: every dataset with its resources, licence, tags and last-modified date. Served by the CKAN platform at data.gov.lv.	no	pending-probe
lv-data-gov-lv-org-pasazieru-vilciens	https://data.gov.lv/api/3/action/package_search?fq=organization:pasazieru-vilciens&rows=100	json:result.results		data.gov.lv — org-pasazieru-vilciens (Latvia)		lv_opendata	opendata	lv	lv,ckan,opendata,org-pasazieru-vilciens	86400	Everything published by AS Pasažieru vilciens on this portal: every dataset with its resources, licence, tags and last-modified date. Served by the CKAN platform at data.gov.lv.	no	pending-probe
lv-data-gov-lv-org-augstakas-izglitibas-un-zinatnes-informa	https://data.gov.lv/api/3/action/package_search?fq=organization:augstakas-izglitibas-un-zinatnes-informacijas-tehnologijas-koplietosanas-pakalpojumu-centrs&rows=100	json:result.results		data.gov.lv — org-augstakas-izglitibas-un-zinatnes-informa (Latvia)		lv_opendata	opendata	lv	lv,ckan,opendata,org-augstakas-izglitibas-un-zinatnes-informa	86400	Everything published by Augstākās izglītības un zinātnes informācijas tehnoloģijas koplietošanas pakalpojumu centrs on this portal: every dataset with its resources, licence, tags and last-modified date. Served by the CKAN platform at data.gov.lv.	no	pending-probe
lv-data-gov-lv-org-balozu-komunala-saimnieciba	https://data.gov.lv/api/3/action/package_search?fq=organization:balozu-komunala-saimnieciba&rows=100	json:result.results		data.gov.lv — org-balozu-komunala-saimnieciba (Latvia)		lv_opendata	opendata	lv	lv,ckan,opendata,org-balozu-komunala-saimnieciba	86400	Everything published by Baložu komunālā saimniecība on this portal: every dataset with its resources, licence, tags and last-modified date. Served by the CKAN platform at data.gov.lv.	no	pending-probe
lv-data-gov-lv-org-buvniecibas-valsts-kontroles-birojs	https://data.gov.lv/api/3/action/package_search?fq=organization:buvniecibas-valsts-kontroles-birojs&rows=100	json:result.results		data.gov.lv — org-buvniecibas-valsts-kontroles-birojs (Latvia)		lv_opendata	opendata	lv	lv,ckan,opendata,org-buvniecibas-valsts-kontroles-birojs	86400	Everything published by Būvniecības valsts kontroles birojs on this portal: every dataset with its resources, licence, tags and last-modified date. Served by the CKAN platform at data.gov.lv.	no	pending-probe
lv-data-gov-lv-org-centrala-finansu-un-ligumu-agentura	https://data.gov.lv/api/3/action/package_search?fq=organization:centrala-finansu-un-ligumu-agentura&rows=100	json:result.results		data.gov.lv — org-centrala-finansu-un-ligumu-agentura (Latvia)		lv_opendata	opendata	lv	lv,ckan,opendata,org-centrala-finansu-un-ligumu-agentura	86400	Everything published by Centrālā finanšu un līgumu aģentūra on this portal: every dataset with its resources, licence, tags and last-modified date. Served by the CKAN platform at data.gov.lv.	no	pending-probe
lv-data-gov-lv-org-csb	https://data.gov.lv/api/3/action/package_search?fq=organization:csb&rows=100	json:result.results		data.gov.lv — org-csb (Latvia)		lv_opendata	opendata	lv	lv,ckan,opendata,org-csb	86400	Everything published by Centrālā statistikas pārvalde on this portal: every dataset with its resources, licence, tags and last-modified date. Served by the CKAN platform at data.gov.lv.	no	pending-probe
lv-data-gov-lv-org-cvk	https://data.gov.lv/api/3/action/package_search?fq=organization:cvk&rows=100	json:result.results		data.gov.lv — org-cvk (Latvia)		lv_opendata	opendata	lv	lv,ckan,opendata,org-cvk	86400	Everything published by Centrālā vēlēšanu komisija on this portal: every dataset with its resources, licence, tags and last-modified date. Served by the CKAN platform at data.gov.lv.	no	pending-probe
lv-data-gov-lv-org-cesu-novada-pasvaldiba	https://data.gov.lv/api/3/action/package_search?fq=organization:cesu-novada-pasvaldiba&rows=100	json:result.results		data.gov.lv — org-cesu-novada-pasvaldiba (Latvia)		lv_opendata	opendata	lv	lv,ckan,opendata,org-cesu-novada-pasvaldiba	86400	Everything published by Cēsu novada pašvaldība on this portal: every dataset with its resources, licence, tags and last-modified date. Served by the CKAN platform at data.gov.lv.	no	pending-probe
lv-data-gov-lv-org-civilas-aviacijas-agentura	https://data.gov.lv/api/3/action/package_search?fq=organization:civilas-aviacijas-agentura&rows=100	json:result.results		data.gov.lv — org-civilas-aviacijas-agentura (Latvia)		lv_opendata	opendata	lv	lv,ckan,opendata,org-civilas-aviacijas-agentura	86400	Everything published by Civilās aviācijas aģentūra on this portal: every dataset with its resources, licence, tags and last-modified date. Served by the CKAN platform at data.gov.lv.	no	pending-probe
lv-data-gov-lv-org-dap	https://data.gov.lv/api/3/action/package_search?fq=organization:dap&rows=100	json:result.results		data.gov.lv — org-dap (Latvia)		lv_opendata	opendata	lv	lv,ckan,opendata,org-dap	86400	Everything published by Dabas aizsardzības pārvalde on this portal: every dataset with its resources, licence, tags and last-modified date. Served by the CKAN platform at data.gov.lv.	no	pending-probe
lv-data-gov-lv-org-em	https://data.gov.lv/api/3/action/package_search?fq=organization:em&rows=100	json:result.results		data.gov.lv — org-em (Latvia)		lv_opendata	opendata	lv	lv,ckan,opendata,org-em	86400	Everything published by Ekonomikas ministrija on this portal: every dataset with its resources, licence, tags and last-modified date. Served by the CKAN platform at data.gov.lv.	no	pending-probe
lv-data-gov-lv-org-vides-parraudzibas-valsts-birojs	https://data.gov.lv/api/3/action/package_search?fq=organization:vides-parraudzibas-valsts-birojs&rows=100	json:result.results		data.gov.lv — org-vides-parraudzibas-valsts-birojs (Latvia)		lv_opendata	opendata	lv	lv,ckan,opendata,org-vides-parraudzibas-valsts-birojs	86400	Everything published by Enerģētikas un vides aģentūra on this portal: every dataset with its resources, licence, tags and last-modified date. Served by the CKAN platform at data.gov.lv.	no	pending-probe
lv-data-gov-lv-org-finansu-izlukosanas-dienests	https://data.gov.lv/api/3/action/package_search?fq=organization:finansu-izlukosanas-dienests&rows=100	json:result.results		data.gov.lv — org-finansu-izlukosanas-dienests (Latvia)		lv_opendata	opendata	lv	lv,ckan,opendata,org-finansu-izlukosanas-dienests	86400	Everything published by Finanšu izlūkošanas dienests on this portal: every dataset with its resources, licence, tags and last-modified date. Served by the CKAN platform at data.gov.lv.	no	pending-probe
lv-data-gov-lv-org-finansu-ministrija	https://data.gov.lv/api/3/action/package_search?fq=organization:finansu-ministrija&rows=100	json:result.results		data.gov.lv — org-finansu-ministrija (Latvia)		lv_opendata	opendata	lv	lv,ckan,opendata,org-finansu-ministrija	86400	Everything published by Finanšu ministrija on this portal: every dataset with its resources, licence, tags and last-modified date. Served by the CKAN platform at data.gov.lv.	no	pending-probe
lv-data-gov-lv-org-mdk	https://data.gov.lv/api/3/action/package_search?fq=organization:mdk&rows=100	json:result.results		data.gov.lv — org-mdk (Latvia)		lv_opendata	opendata	lv	lv,ckan,opendata,org-mdk	86400	Everything published by ĢDS Metadatu katalogs on this portal: every dataset with its resources, licence, tags and last-modified date. Served by the CKAN platform at data.gov.lv.	no	pending-probe
lv-data-gov-lv-org-geoprodukti	https://data.gov.lv/api/3/action/package_search?fq=organization:geoprodukti&rows=100	json:result.results		data.gov.lv — org-geoprodukti (Latvia)		lv_opendata	opendata	lv	lv,ckan,opendata,org-geoprodukti	86400	Everything published by ĢEOLatvija.lv on this portal: every dataset with its resources, licence, tags and last-modified date. Served by the CKAN platform at data.gov.lv.	no	pending-probe
lv-data-gov-lv-org-ieksejas-drosibas-birojs	https://data.gov.lv/api/3/action/package_search?fq=organization:ieksejas-drosibas-birojs&rows=100	json:result.results		data.gov.lv — org-ieksejas-drosibas-birojs (Latvia)		lv_opendata	opendata	lv	lv,ckan,opendata,org-ieksejas-drosibas-birojs	86400	Everything published by Iekšējās drošības birojs on this portal: every dataset with its resources, licence, tags and last-modified date. Served by the CKAN platform at data.gov.lv.	no	pending-probe
lv-data-gov-lv-org-iekslietu-ministrijas-informacijas-centr	https://data.gov.lv/api/3/action/package_search?fq=organization:iekslietu-ministrijas-informacijas-centrs&rows=100	json:result.results		data.gov.lv — org-iekslietu-ministrijas-informacijas-centr (Latvia)		lv_opendata	opendata	lv	lv,ckan,opendata,org-iekslietu-ministrijas-informacijas-centr	86400	Everything published by Iekšlietu ministrijas Informācijas centrs on this portal: every dataset with its resources, licence, tags and last-modified date. Served by the CKAN platform at data.gov.lv.	no	pending-probe
lv-data-gov-lv-org-iub	https://data.gov.lv/api/3/action/package_search?fq=organization:iub&rows=100	json:result.results		data.gov.lv — org-iub (Latvia)		lv_opendata	opendata	lv	lv,ckan,opendata,org-iub	86400	Everything published by Iepirkumu uzraudzības birojs on this portal: every dataset with its resources, licence, tags and last-modified date. Served by the CKAN platform at data.gov.lv.	no	pending-probe
lv-data-gov-lv-org-ieslodzijuma-vietu-parvalde	https://data.gov.lv/api/3/action/package_search?fq=organization:ieslodzijuma-vietu-parvalde&rows=100	json:result.results		data.gov.lv — org-ieslodzijuma-vietu-parvalde (Latvia)		lv_opendata	opendata	lv	lv,ckan,opendata,org-ieslodzijuma-vietu-parvalde	86400	Everything published by Ieslodzījuma vietu pārvalde  on this portal: every dataset with its resources, licence, tags and last-modified date. Served by the CKAN platform at data.gov.lv.	no	pending-probe
lv-data-gov-lv-org-izglitibas-un-zinatnes-ministrija	https://data.gov.lv/api/3/action/package_search?fq=organization:izglitibas-un-zinatnes-ministrija&rows=100	json:result.results		data.gov.lv — org-izglitibas-un-zinatnes-ministrija (Latvia)		lv_opendata	opendata	lv	lv,ckan,opendata,org-izglitibas-un-zinatnes-ministrija	86400	Everything published by Izglītības un zinātnes ministrija on this portal: every dataset with its resources, licence, tags and last-modified date. Served by the CKAN platform at data.gov.lv.	no	pending-probe
lv-data-gov-lv-org-iaui	https://data.gov.lv/api/3/action/package_search?fq=organization:iaui&rows=100	json:result.results		data.gov.lv — org-iaui (Latvia)		lv_opendata	opendata	lv	lv,ckan,opendata,org-iaui	86400	Everything published by Izložu un azartspēļu uzraudzības inspekcija on this portal: every dataset with its resources, licence, tags and last-modified date. Served by the CKAN platform at data.gov.lv.	no	pending-probe
lu-data-public-lu-reuses	https://data.public.lu/api/1/reuses/?page_size=100	json:data		data.public.lu — reuses (Luxembourg)		lu_opendata	opendata	fr	lu,udata,opendata,reuses	86400	Declared reuses — who is building on this data and what they built, which is the downstream-attribution signal. Served by the UDATA platform at data.public.lu.	no	pending-probe
be-opendata-elia-be-datasets	https://opendata.elia.be/api/explore/v2.1/catalog/datasets?limit=100	json:results		opendata.elia.be — datasets (Belgium)		be_opendata	opendata	nl	be,ods,opendata,datasets	86400	OpenDataSoft Explore catalogue: dataset id, title, theme, publisher, licence, record count and field schema. Served by the ODS platform at opendata.elia.be.	no	pending-probe
be-opendata-elia-be-facets	https://opendata.elia.be/api/explore/v2.1/catalog/facets	json:facets		opendata.elia.be — facets (Belgium)		be_opendata	opendata	nl	be,ods,opendata,facets	86400	The portal's facet tree — themes, publishers and keywords with counts, i.e. the shape of what this authority publishes. Served by the ODS platform at opendata.elia.be.	no	pending-probe
be-opendata-elia-be-publisher-infrastructure	https://opendata.elia.be/api/explore/v2.1/catalog/datasets?where=publisher%3D%22Infrastructure%22&limit=100	json:results		opendata.elia.be — publisher-infrastructure (Belgium)		be_opendata	opendata	nl	be,ods,opendata,publisher-infrastructure	86400	Every dataset on this portal whose publisher is Infrastructure — the publisher's full stream, with field schema and record counts. Served by the ODS platform at opendata.elia.be.	no	pending-probe
be-opendata-elia-be-publisher-elia-transmission-sa	https://opendata.elia.be/api/explore/v2.1/catalog/datasets?where=publisher%3D%22Elia%20Transmission%20SA%22&limit=100	json:results		opendata.elia.be — publisher-elia-transmission-sa (Belgium)		be_opendata	opendata	nl	be,ods,opendata,publisher-elia-transmission-sa	86400	Every dataset on this portal whose publisher is Elia Transmission SA — the publisher's full stream, with field schema and record counts. Served by the ODS platform at opendata.elia.be.	no	pending-probe
be-opendata-elia-be-publisher-green-grid-compass	https://opendata.elia.be/api/explore/v2.1/catalog/datasets?where=publisher%3D%22Green%20Grid%20Compass%22&limit=100	json:results		opendata.elia.be — publisher-green-grid-compass (Belgium)		be_opendata	opendata	nl	be,ods,opendata,publisher-green-grid-compass	86400	Every dataset on this portal whose publisher is Green Grid Compass — the publisher's full stream, with field schema and record counts. Served by the ODS platform at opendata.elia.be.	no	pending-probe
be-opendata-elia-be-publisher-customers-market-and-system	https://opendata.elia.be/api/explore/v2.1/catalog/datasets?where=publisher%3D%22Customers%2C%20Market%20and%20System%22&limit=100	json:results		opendata.elia.be — publisher-customers-market-and-system (Belgium)		be_opendata	opendata	nl	be,ods,opendata,publisher-customers-market-and-system	86400	Every dataset on this portal whose publisher is Customers, Market and System — the publisher's full stream, with field schema and record counts. Served by the ODS platform at opendata.elia.be.	no	pending-probe
us-data-cdc-gov-catalog	https://data.cdc.gov/api/catalog/v1?limit=100	json:results		data.cdc.gov — catalog (United States)		us_opendata	opendata	en	us,socrata,opendata,catalog	86400	Socrata discovery catalogue: every dataset with owner, category, provenance, update cadence and column metadata. Served by the SOCRATA platform at data.cdc.gov.	no	pending-probe
us-data-cdc-gov-views	https://data.cdc.gov/api/views/metadata/v1	json-array		data.cdc.gov — views (United States)		us_opendata	opendata	en	us,socrata,opendata,views	86400	Per-view metadata for every dataset on the domain. Served by the SOCRATA platform at data.cdc.gov.	no	pending-probe
uk-ckan-publishing-service-gov-uk-datasets	https://ckan.publishing.service.gov.uk/api/3/action/package_search?rows=100	json:result.results		ckan.publishing.service.gov.uk — datasets (United Kingdom)		uk_opendata	opendata	en	uk,ckan,opendata,datasets	86400	Dataset catalogue: title, notes, organization, licence, tags, resource list and modification dates for every published dataset. Served by the CKAN platform at ckan.publishing.service.gov.uk.	no	pending-probe
uk-ckan-publishing-service-gov-uk-orgs	https://ckan.publishing.service.gov.uk/api/3/action/organization_list?all_fields=true	json:result		ckan.publishing.service.gov.uk — orgs (United Kingdom)		uk_opendata	opendata	en	uk,ckan,opendata,orgs	86400	Every publishing organisation on the portal with its title, description, package count and image. Served by the CKAN platform at ckan.publishing.service.gov.uk.	no	pending-probe
uk-ckan-publishing-service-gov-uk-groups	https://ckan.publishing.service.gov.uk/api/3/action/group_list?all_fields=true	json:result		ckan.publishing.service.gov.uk — groups (United Kingdom)		uk_opendata	opendata	en	uk,ckan,opendata,groups	86400	Thematic groups/collections declared by the portal. Served by the CKAN platform at ckan.publishing.service.gov.uk.	no	pending-probe
uk-ckan-publishing-service-gov-uk-tags	https://ckan.publishing.service.gov.uk/api/3/action/tag_list	json:result		ckan.publishing.service.gov.uk — tags (United Kingdom)		uk_opendata	opendata	en	uk,ckan,opendata,tags	86400	The portal's full controlled vocabulary of dataset tags. Served by the CKAN platform at ckan.publishing.service.gov.uk.	no	pending-probe
uk-ckan-publishing-service-gov-uk-activity	https://ckan.publishing.service.gov.uk/api/3/action/recently_changed_packages_activity_list?limit=100	json:result		ckan.publishing.service.gov.uk — activity (United Kingdom)		uk_opendata	opendata	en	uk,ckan,opendata,activity	86400	Recent publish/update activity — what this authority changed and when, which is the change-detection signal behind the catalogue. Served by the CKAN platform at ckan.publishing.service.gov.uk.	no	pending-probe
uk-ckan-publishing-service-gov-uk-org-3c-shared-services	https://ckan.publishing.service.gov.uk/api/3/action/package_search?fq=organization:3c-shared-services&rows=100	json:result.results		ckan.publishing.service.gov.uk — org-3c-shared-services (United Kingdom)		uk_opendata	opendata	en	uk,ckan,opendata,org-3c-shared-services	86400	Everything published by 3C Shared Services  on this portal: every dataset with its resources, licence, tags and last-modified date. Served by the CKAN platform at ckan.publishing.service.gov.uk.	no	pending-probe
uk-ckan-publishing-service-gov-uk-org-aberdeen-city-council	https://ckan.publishing.service.gov.uk/api/3/action/package_search?fq=organization:aberdeen-city-council&rows=100	json:result.results		ckan.publishing.service.gov.uk — org-aberdeen-city-council (United Kingdom)		uk_opendata	opendata	en	uk,ckan,opendata,org-aberdeen-city-council	86400	Everything published by Aberdeen City Council on this portal: every dataset with its resources, licence, tags and last-modified date. Served by the CKAN platform at ckan.publishing.service.gov.uk.	no	pending-probe
uk-ckan-publishing-service-gov-uk-org-aberdeenshire-council	https://ckan.publishing.service.gov.uk/api/3/action/package_search?fq=organization:aberdeenshire-council&rows=100	json:result.results		ckan.publishing.service.gov.uk — org-aberdeenshire-council (United Kingdom)		uk_opendata	opendata	en	uk,ckan,opendata,org-aberdeenshire-council	86400	Everything published by Aberdeenshire Council on this portal: every dataset with its resources, licence, tags and last-modified date. Served by the CKAN platform at ckan.publishing.service.gov.uk.	no	pending-probe
uk-ckan-publishing-service-gov-uk-org-active-travel-england	https://ckan.publishing.service.gov.uk/api/3/action/package_search?fq=organization:active-travel-england&rows=100	json:result.results		ckan.publishing.service.gov.uk — org-active-travel-england (United Kingdom)		uk_opendata	opendata	en	uk,ckan,opendata,org-active-travel-england	86400	Everything published by Active Travel England on this portal: every dataset with its resources, licence, tags and last-modified date. Served by the CKAN platform at ckan.publishing.service.gov.uk.	no	pending-probe
uk-ckan-publishing-service-gov-uk-org-adur-district-council	https://ckan.publishing.service.gov.uk/api/3/action/package_search?fq=organization:adur-district-council&rows=100	json:result.results		ckan.publishing.service.gov.uk — org-adur-district-council (United Kingdom)		uk_opendata	opendata	en	uk,ckan,opendata,org-adur-district-council	86400	Everything published by Adur District Council on this portal: every dataset with its resources, licence, tags and last-modified date. Served by the CKAN platform at ckan.publishing.service.gov.uk.	no	pending-probe
uk-ckan-publishing-service-gov-uk-org-advanced-research-and-invention-agency	https://ckan.publishing.service.gov.uk/api/3/action/package_search?fq=organization:advanced-research-and-invention-agency&rows=100	json:result.results		ckan.publishing.service.gov.uk — org-advanced-research-and-invention-agency (United Kingdom)		uk_opendata	opendata	en	uk,ckan,opendata,org-advanced-research-and-invention-agency	86400	Everything published by Advanced Research and Invention Agency on this portal: every dataset with its resources, licence, tags and last-modified date. Served by the CKAN platform at ckan.publishing.service.gov.uk.	no	pending-probe
uk-ckan-publishing-service-gov-uk-org-advantage-west-midlands	https://ckan.publishing.service.gov.uk/api/3/action/package_search?fq=organization:advantage-west-midlands&rows=100	json:result.results		ckan.publishing.service.gov.uk — org-advantage-west-midlands (United Kingdom)		uk_opendata	opendata	en	uk,ckan,opendata,org-advantage-west-midlands	86400	Everything published by Advantage West Midlands on this portal: every dataset with its resources, licence, tags and last-modified date. Served by the CKAN platform at ckan.publishing.service.gov.uk.	no	pending-probe
uk-ckan-publishing-service-gov-uk-org-advisory-conciliation-and-arbitration-se	https://ckan.publishing.service.gov.uk/api/3/action/package_search?fq=organization:advisory-conciliation-and-arbitration-service&rows=100	json:result.results		ckan.publishing.service.gov.uk — org-advisory-conciliation-and-arbitration-se (United Kingdom)		uk_opendata	opendata	en	uk,ckan,opendata,org-advisory-conciliation-and-arbitration-se	86400	Everything published by Advisory, Conciliation and Arbitration Service on this portal: every dataset with its resources, licence, tags and last-modified date. Served by the CKAN platform at ckan.publishing.service.gov.uk.	no	pending-probe
uk-ckan-publishing-service-gov-uk-org-agri-food-and-biosciences-institute	https://ckan.publishing.service.gov.uk/api/3/action/package_search?fq=organization:agri-food-and-biosciences-institute&rows=100	json:result.results		ckan.publishing.service.gov.uk — org-agri-food-and-biosciences-institute (United Kingdom)		uk_opendata	opendata	en	uk,ckan,opendata,org-agri-food-and-biosciences-institute	86400	Everything published by Agri-Food and Biosciences Institute on this portal: every dataset with its resources, licence, tags and last-modified date. Served by the CKAN platform at ckan.publishing.service.gov.uk.	no	pending-probe
uk-ckan-publishing-service-gov-uk-org-air-command	https://ckan.publishing.service.gov.uk/api/3/action/package_search?fq=organization:air-command&rows=100	json:result.results		ckan.publishing.service.gov.uk — org-air-command (United Kingdom)		uk_opendata	opendata	en	uk,ckan,opendata,org-air-command	86400	Everything published by Air Command on this portal: every dataset with its resources, licence, tags and last-modified date. Served by the CKAN platform at ckan.publishing.service.gov.uk.	no	pending-probe
uk-ckan-publishing-service-gov-uk-org-airedale-nhs-foundation-trust	https://ckan.publishing.service.gov.uk/api/3/action/package_search?fq=organization:airedale-nhs-foundation-trust&rows=100	json:result.results		ckan.publishing.service.gov.uk — org-airedale-nhs-foundation-trust (United Kingdom)		uk_opendata	opendata	en	uk,ckan,opendata,org-airedale-nhs-foundation-trust	86400	Everything published by Airedale NHS Foundation Trust on this portal: every dataset with its resources, licence, tags and last-modified date. Served by the CKAN platform at ckan.publishing.service.gov.uk.	no	pending-probe
uk-ckan-publishing-service-gov-uk-org-alder-hey-childrens-nhs-foundation-trust	https://ckan.publishing.service.gov.uk/api/3/action/package_search?fq=organization:alder-hey-childrens-nhs-foundation-trust&rows=100	json:result.results		ckan.publishing.service.gov.uk — org-alder-hey-childrens-nhs-foundation-trust (United Kingdom)		uk_opendata	opendata	en	uk,ckan,opendata,org-alder-hey-childrens-nhs-foundation-trust	86400	Everything published by Alder Hey Children's NHS Foundation Trust on this portal: every dataset with its resources, licence, tags and last-modified date. Served by the CKAN platform at ckan.publishing.service.gov.uk.	no	pending-probe
uk-ckan-publishing-service-gov-uk-org-allerdale-borough-council	https://ckan.publishing.service.gov.uk/api/3/action/package_search?fq=organization:allerdale-borough-council&rows=100	json:result.results		ckan.publishing.service.gov.uk — org-allerdale-borough-council (United Kingdom)		uk_opendata	opendata	en	uk,ckan,opendata,org-allerdale-borough-council	86400	Everything published by Allerdale Borough Council on this portal: every dataset with its resources, licence, tags and last-modified date. Served by the CKAN platform at ckan.publishing.service.gov.uk.	no	pending-probe
uk-ckan-publishing-service-gov-uk-org-amber-valley-borough-council	https://ckan.publishing.service.gov.uk/api/3/action/package_search?fq=organization:amber-valley-borough-council&rows=100	json:result.results		ckan.publishing.service.gov.uk — org-amber-valley-borough-council (United Kingdom)		uk_opendata	opendata	en	uk,ckan,opendata,org-amber-valley-borough-council	86400	Everything published by Amber Valley Borough Council on this portal: every dataset with its resources, licence, tags and last-modified date. Served by the CKAN platform at ckan.publishing.service.gov.uk.	no	pending-probe
uk-ckan-publishing-service-gov-uk-org-angus-council	https://ckan.publishing.service.gov.uk/api/3/action/package_search?fq=organization:angus-council&rows=100	json:result.results		ckan.publishing.service.gov.uk — org-angus-council (United Kingdom)		uk_opendata	opendata	en	uk,ckan,opendata,org-angus-council	86400	Everything published by Angus Council on this portal: every dataset with its resources, licence, tags and last-modified date. Served by the CKAN platform at ckan.publishing.service.gov.uk.	no	pending-probe
uk-ckan-publishing-service-gov-uk-org-animal-and-plant-health-agency	https://ckan.publishing.service.gov.uk/api/3/action/package_search?fq=organization:animal-and-plant-health-agency&rows=100	json:result.results		ckan.publishing.service.gov.uk — org-animal-and-plant-health-agency (United Kingdom)		uk_opendata	opendata	en	uk,ckan,opendata,org-animal-and-plant-health-agency	86400	Everything published by Animal and Plant Health Agency on this portal: every dataset with its resources, licence, tags and last-modified date. Served by the CKAN platform at ckan.publishing.service.gov.uk.	no	pending-probe
uk-ckan-publishing-service-gov-uk-org-animal-health-and-veterinary-laboratorie	https://ckan.publishing.service.gov.uk/api/3/action/package_search?fq=organization:animal-health-and-veterinary-laboratories-agency&rows=100	json:result.results		ckan.publishing.service.gov.uk — org-animal-health-and-veterinary-laboratorie (United Kingdom)		uk_opendata	opendata	en	uk,ckan,opendata,org-animal-health-and-veterinary-laboratorie	86400	Everything published by Animal Health and Veterinary Laboratories Agency on this portal: every dataset with its resources, licence, tags and last-modified date. Served by the CKAN platform at ckan.publishing.service.gov.uk.	no	pending-probe
uk-ckan-publishing-service-gov-uk-org-appointments-commission	https://ckan.publishing.service.gov.uk/api/3/action/package_search?fq=organization:appointments-commission&rows=100	json:result.results		ckan.publishing.service.gov.uk — org-appointments-commission (United Kingdom)		uk_opendata	opendata	en	uk,ckan,opendata,org-appointments-commission	86400	Everything published by Appointments Commission on this portal: every dataset with its resources, licence, tags and last-modified date. Served by the CKAN platform at ckan.publishing.service.gov.uk.	no	pending-probe
uk-ckan-publishing-service-gov-uk-org-architects-registration-board	https://ckan.publishing.service.gov.uk/api/3/action/package_search?fq=organization:architects-registration-board&rows=100	json:result.results		ckan.publishing.service.gov.uk — org-architects-registration-board (United Kingdom)		uk_opendata	opendata	en	uk,ckan,opendata,org-architects-registration-board	86400	Everything published by Architects Registration Board on this portal: every dataset with its resources, licence, tags and last-modified date. Served by the CKAN platform at ckan.publishing.service.gov.uk.	no	pending-probe
uk-ckan-publishing-service-gov-uk-org-army-command	https://ckan.publishing.service.gov.uk/api/3/action/package_search?fq=organization:army-command&rows=100	json:result.results		ckan.publishing.service.gov.uk — org-army-command (United Kingdom)		uk_opendata	opendata	en	uk,ckan,opendata,org-army-command	86400	Everything published by Army Command on this portal: every dataset with its resources, licence, tags and last-modified date. Served by the CKAN platform at ckan.publishing.service.gov.uk.	no	pending-probe
uk-ckan-publishing-service-gov-uk-org-arts-and-humanities-research-council	https://ckan.publishing.service.gov.uk/api/3/action/package_search?fq=organization:arts-and-humanities-research-council&rows=100	json:result.results		ckan.publishing.service.gov.uk — org-arts-and-humanities-research-council (United Kingdom)		uk_opendata	opendata	en	uk,ckan,opendata,org-arts-and-humanities-research-council	86400	Everything published by Arts and Humanities Research Council on this portal: every dataset with its resources, licence, tags and last-modified date. Served by the CKAN platform at ckan.publishing.service.gov.uk.	no	pending-probe
uk-ckan-publishing-service-gov-uk-org-arts-council-england	https://ckan.publishing.service.gov.uk/api/3/action/package_search?fq=organization:arts-council-england&rows=100	json:result.results		ckan.publishing.service.gov.uk — org-arts-council-england (United Kingdom)		uk_opendata	opendata	en	uk,ckan,opendata,org-arts-council-england	86400	Everything published by Arts Council England on this portal: every dataset with its resources, licence, tags and last-modified date. Served by the CKAN platform at ckan.publishing.service.gov.uk.	no	pending-probe
uk-ckan-publishing-service-gov-uk-org-arun-district-council	https://ckan.publishing.service.gov.uk/api/3/action/package_search?fq=organization:arun-district-council&rows=100	json:result.results		ckan.publishing.service.gov.uk — org-arun-district-council (United Kingdom)		uk_opendata	opendata	en	uk,ckan,opendata,org-arun-district-council	86400	Everything published by Arun District Council on this portal: every dataset with its resources, licence, tags and last-modified date. Served by the CKAN platform at ckan.publishing.service.gov.uk.	no	pending-probe
uk-ckan-publishing-service-gov-uk-org-ashfield-district-council	https://ckan.publishing.service.gov.uk/api/3/action/package_search?fq=organization:ashfield-district-council&rows=100	json:result.results		ckan.publishing.service.gov.uk — org-ashfield-district-council (United Kingdom)		uk_opendata	opendata	en	uk,ckan,opendata,org-ashfield-district-council	86400	Everything published by Ashfield District Council on this portal: every dataset with its resources, licence, tags and last-modified date. Served by the CKAN platform at ckan.publishing.service.gov.uk.	no	pending-probe
uk-ckan-publishing-service-gov-uk-org-ashford-and-st-peters-hospitals-nhs-trus	https://ckan.publishing.service.gov.uk/api/3/action/package_search?fq=organization:ashford-and-st-peters-hospitals-nhs-trust&rows=100	json:result.results		ckan.publishing.service.gov.uk — org-ashford-and-st-peters-hospitals-nhs-trus (United Kingdom)		uk_opendata	opendata	en	uk,ckan,opendata,org-ashford-and-st-peters-hospitals-nhs-trus	86400	Everything published by Ashford and St. Peter's Hospitals NHS Trust on this portal: every dataset with its resources, licence, tags and last-modified date. Served by the CKAN platform at ckan.publishing.service.gov.uk.	no	pending-probe
us-opendata-fcc-gov-catalog	https://opendata.fcc.gov/api/catalog/v1?limit=100	json:results		opendata.fcc.gov — catalog (United States)		us_opendata	opendata	en	us,socrata,opendata,catalog	86400	Socrata discovery catalogue: every dataset with owner, category, provenance, update cadence and column metadata. Served by the SOCRATA platform at opendata.fcc.gov.	no	pending-probe
us-opendata-fcc-gov-views	https://opendata.fcc.gov/api/views/metadata/v1	json-array		opendata.fcc.gov — views (United States)		us_opendata	opendata	en	us,socrata,opendata,views	86400	Per-view metadata for every dataset on the domain. Served by the SOCRATA platform at opendata.fcc.gov.	no	pending-probe
us-data-delaware-gov-catalog	https://data.delaware.gov/api/catalog/v1?limit=100	json:results		data.delaware.gov — catalog (United States)		us_opendata	opendata	en	us,socrata,opendata,catalog	86400	Socrata discovery catalogue: every dataset with owner, category, provenance, update cadence and column metadata. Served by the SOCRATA platform at data.delaware.gov.	no	pending-probe
us-data-delaware-gov-views	https://data.delaware.gov/api/views/metadata/v1	json-array		data.delaware.gov — views (United States)		us_opendata	opendata	en	us,socrata,opendata,views	86400	Per-view metadata for every dataset on the domain. Served by the SOCRATA platform at data.delaware.gov.	no	pending-probe
jp-opendata-city-minato-tokyo-jp-datasets	https://opendata.city.minato.tokyo.jp/api/3/action/package_search?rows=100	json:result.results		opendata.city.minato.tokyo.jp — datasets (Japan)		jp_opendata	opendata	ja	jp,ckan,opendata,datasets	86400	Dataset catalogue: title, notes, organization, licence, tags, resource list and modification dates for every published dataset. Served by the CKAN platform at opendata.city.minato.tokyo.jp.	no	pending-probe
jp-opendata-city-minato-tokyo-jp-orgs	https://opendata.city.minato.tokyo.jp/api/3/action/organization_list?all_fields=true	json:result		opendata.city.minato.tokyo.jp — orgs (Japan)		jp_opendata	opendata	ja	jp,ckan,opendata,orgs	86400	Every publishing organisation on the portal with its title, description, package count and image. Served by the CKAN platform at opendata.city.minato.tokyo.jp.	no	pending-probe
jp-opendata-city-minato-tokyo-jp-groups	https://opendata.city.minato.tokyo.jp/api/3/action/group_list?all_fields=true	json:result		opendata.city.minato.tokyo.jp — groups (Japan)		jp_opendata	opendata	ja	jp,ckan,opendata,groups	86400	Thematic groups/collections declared by the portal. Served by the CKAN platform at opendata.city.minato.tokyo.jp.	no	pending-probe
jp-opendata-city-minato-tokyo-jp-tags	https://opendata.city.minato.tokyo.jp/api/3/action/tag_list	json:result		opendata.city.minato.tokyo.jp — tags (Japan)		jp_opendata	opendata	ja	jp,ckan,opendata,tags	86400	The portal's full controlled vocabulary of dataset tags. Served by the CKAN platform at opendata.city.minato.tokyo.jp.	no	pending-probe
jp-opendata-city-minato-tokyo-jp-activity	https://opendata.city.minato.tokyo.jp/api/3/action/recently_changed_packages_activity_list?limit=100	json:result		opendata.city.minato.tokyo.jp — activity (Japan)		jp_opendata	opendata	ja	jp,ckan,opendata,activity	86400	Recent publish/update activity — what this authority changed and when, which is the change-detection signal behind the catalogue. Served by the CKAN platform at opendata.city.minato.tokyo.jp.	no	pending-probe
jp-opendata-city-minato-tokyo-jp-org-minatoku	https://opendata.city.minato.tokyo.jp/api/3/action/package_search?fq=organization:minatoku&rows=100	json:result.results		opendata.city.minato.tokyo.jp — org-minatoku (Japan)		jp_opendata	opendata	ja	jp,ckan,opendata,org-minatoku	86400	Everything published by 港区 on this portal: every dataset with its resources, licence, tags and last-modified date. Served by the CKAN platform at opendata.city.minato.tokyo.jp.	no	pending-probe
jp-catalog-data-metro-tokyo-lg-jp-orgs	https://catalog.data.metro.tokyo.lg.jp/api/3/action/organization_list?all_fields=true	json:result		catalog.data.metro.tokyo.lg.jp — orgs (Japan)		jp_opendata	opendata	ja	jp,ckan,opendata,orgs	86400	Every publishing organisation on the portal with its title, description, package count and image. Served by the CKAN platform at catalog.data.metro.tokyo.lg.jp.	no	pending-probe
jp-catalog-data-metro-tokyo-lg-jp-tags	https://catalog.data.metro.tokyo.lg.jp/api/3/action/tag_list	json:result		catalog.data.metro.tokyo.lg.jp — tags (Japan)		jp_opendata	opendata	ja	jp,ckan,opendata,tags	86400	The portal's full controlled vocabulary of dataset tags. Served by the CKAN platform at catalog.data.metro.tokyo.lg.jp.	no	pending-probe
jp-catalog-data-metro-tokyo-lg-jp-activity	https://catalog.data.metro.tokyo.lg.jp/api/3/action/recently_changed_packages_activity_list?limit=100	json:result		catalog.data.metro.tokyo.lg.jp — activity (Japan)		jp_opendata	opendata	ja	jp,ckan,opendata,activity	86400	Recent publish/update activity — what this authority changed and when, which is the change-detection signal behind the catalogue. Served by the CKAN platform at catalog.data.metro.tokyo.lg.jp.	no	pending-probe
jp-catalog-data-metro-tokyo-lg-jp-org-t000001	https://catalog.data.metro.tokyo.lg.jp/api/3/action/package_search?fq=organization:t000001&rows=100	json:result.results		catalog.data.metro.tokyo.lg.jp — org-t000001 (Japan)		jp_opendata	opendata	ja	jp,ckan,opendata,org-t000001	86400	Everything published by 東京都政策企画局 on this portal: every dataset with its resources, licence, tags and last-modified date. Served by the CKAN platform at catalog.data.metro.tokyo.lg.jp.	no	pending-probe
jp-catalog-data-metro-tokyo-lg-jp-org-t000002	https://catalog.data.metro.tokyo.lg.jp/api/3/action/package_search?fq=organization:t000002&rows=100	json:result.results		catalog.data.metro.tokyo.lg.jp — org-t000002 (Japan)		jp_opendata	opendata	ja	jp,ckan,opendata,org-t000002	86400	Everything published by 東京都都民安全総合対策本部 on this portal: every dataset with its resources, licence, tags and last-modified date. Served by the CKAN platform at catalog.data.metro.tokyo.lg.jp.	no	pending-probe
jp-catalog-data-metro-tokyo-lg-jp-org-t000005	https://catalog.data.metro.tokyo.lg.jp/api/3/action/package_search?fq=organization:t000005&rows=100	json:result.results		catalog.data.metro.tokyo.lg.jp — org-t000005 (Japan)		jp_opendata	opendata	ja	jp,ckan,opendata,org-t000005	86400	Everything published by 東京都主税局 on this portal: every dataset with its resources, licence, tags and last-modified date. Served by the CKAN platform at catalog.data.metro.tokyo.lg.jp.	no	pending-probe
jp-catalog-data-metro-tokyo-lg-jp-org-t000006	https://catalog.data.metro.tokyo.lg.jp/api/3/action/package_search?fq=organization:t000006&rows=100	json:result.results		catalog.data.metro.tokyo.lg.jp — org-t000006 (Japan)		jp_opendata	opendata	ja	jp,ckan,opendata,org-t000006	86400	Everything published by 東京都生活文化局 on this portal: every dataset with its resources, licence, tags and last-modified date. Served by the CKAN platform at catalog.data.metro.tokyo.lg.jp.	no	pending-probe
jp-catalog-data-metro-tokyo-lg-jp-org-t000007	https://catalog.data.metro.tokyo.lg.jp/api/3/action/package_search?fq=organization:t000007&rows=100	json:result.results		catalog.data.metro.tokyo.lg.jp — org-t000007 (Japan)		jp_opendata	opendata	ja	jp,ckan,opendata,org-t000007	86400	Everything published by 東京都オリンピック・パラリンピック準備局 on this portal: every dataset with its resources, licence, tags and last-modified date. Served by the CKAN platform at catalog.data.metro.tokyo.lg.jp.	no	pending-probe
jp-catalog-data-metro-tokyo-lg-jp-org-t000011	https://catalog.data.metro.tokyo.lg.jp/api/3/action/package_search?fq=organization:t000011&rows=100	json:result.results		catalog.data.metro.tokyo.lg.jp — org-t000011 (Japan)		jp_opendata	opendata	ja	jp,ckan,opendata,org-t000011	86400	Everything published by 東京都病院経営本部 on this portal: every dataset with its resources, licence, tags and last-modified date. Served by the CKAN platform at catalog.data.metro.tokyo.lg.jp.	no	pending-probe
jp-catalog-data-metro-tokyo-lg-jp-org-t000024	https://catalog.data.metro.tokyo.lg.jp/api/3/action/package_search?fq=organization:t000024&rows=100	json:result.results		catalog.data.metro.tokyo.lg.jp — org-t000024 (Japan)		jp_opendata	opendata	ja	jp,ckan,opendata,org-t000024	86400	Everything published by 東京都人事委員会事務局 on this portal: every dataset with its resources, licence, tags and last-modified date. Served by the CKAN platform at catalog.data.metro.tokyo.lg.jp.	no	pending-probe
jp-catalog-data-metro-tokyo-lg-jp-org-t000026	https://catalog.data.metro.tokyo.lg.jp/api/3/action/package_search?fq=organization:t000026&rows=100	json:result.results		catalog.data.metro.tokyo.lg.jp — org-t000026 (Japan)		jp_opendata	opendata	ja	jp,ckan,opendata,org-t000026	86400	Everything published by 東京都労働委員会事務局 on this portal: every dataset with its resources, licence, tags and last-modified date. Served by the CKAN platform at catalog.data.metro.tokyo.lg.jp.	no	pending-probe
jp-data-city-yokohama-lg-jp-orgs	https://data.city.yokohama.lg.jp/api/3/action/organization_list?all_fields=true	json:result		data.city.yokohama.lg.jp — orgs (Japan)		jp_opendata	opendata	ja	jp,ckan,opendata,orgs	86400	Every publishing organisation on the portal with its title, description, package count and image. Served by the CKAN platform at data.city.yokohama.lg.jp.	no	pending-probe
jp-data-city-yokohama-lg-jp-tags	https://data.city.yokohama.lg.jp/api/3/action/tag_list	json:result		data.city.yokohama.lg.jp — tags (Japan)		jp_opendata	opendata	ja	jp,ckan,opendata,tags	86400	The portal's full controlled vocabulary of dataset tags. Served by the CKAN platform at data.city.yokohama.lg.jp.	no	pending-probe
jp-data-city-yokohama-lg-jp-org-o0010	https://data.city.yokohama.lg.jp/api/3/action/package_search?fq=organization:o0010&rows=100	json:result.results		data.city.yokohama.lg.jp — org-o0010 (Japan)		jp_opendata	opendata	ja	jp,ckan,opendata,org-o0010	86400	Everything published by 青葉区 on this portal: every dataset with its resources, licence, tags and last-modified date. Served by the CKAN platform at data.city.yokohama.lg.jp.	no	pending-probe
jp-data-city-yokohama-lg-jp-org-o0020	https://data.city.yokohama.lg.jp/api/3/action/package_search?fq=organization:o0020&rows=100	json:result.results		data.city.yokohama.lg.jp — org-o0020 (Japan)		jp_opendata	opendata	ja	jp,ckan,opendata,org-o0020	86400	Everything published by 旭区 on this portal: every dataset with its resources, licence, tags and last-modified date. Served by the CKAN platform at data.city.yokohama.lg.jp.	no	pending-probe
jp-data-city-yokohama-lg-jp-org-o0040	https://data.city.yokohama.lg.jp/api/3/action/package_search?fq=organization:o0040&rows=100	json:result.results		data.city.yokohama.lg.jp — org-o0040 (Japan)		jp_opendata	opendata	ja	jp,ckan,opendata,org-o0040	86400	Everything published by 磯子区 on this portal: every dataset with its resources, licence, tags and last-modified date. Served by the CKAN platform at data.city.yokohama.lg.jp.	no	pending-probe
jp-data-city-yokohama-lg-jp-org-o0050	https://data.city.yokohama.lg.jp/api/3/action/package_search?fq=organization:o0050&rows=100	json:result.results		data.city.yokohama.lg.jp — org-o0050 (Japan)		jp_opendata	opendata	ja	jp,ckan,opendata,org-o0050	86400	Everything published by 神奈川区 on this portal: every dataset with its resources, licence, tags and last-modified date. Served by the CKAN platform at data.city.yokohama.lg.jp.	no	pending-probe
jp-data-city-yokohama-lg-jp-org-o0070	https://data.city.yokohama.lg.jp/api/3/action/package_search?fq=organization:o0070&rows=100	json:result.results		data.city.yokohama.lg.jp — org-o0070 (Japan)		jp_opendata	opendata	ja	jp,ckan,opendata,org-o0070	86400	Everything published by 港南区 on this portal: every dataset with its resources, licence, tags and last-modified date. Served by the CKAN platform at data.city.yokohama.lg.jp.	no	pending-probe
jp-data-city-yokohama-lg-jp-org-o0080	https://data.city.yokohama.lg.jp/api/3/action/package_search?fq=organization:o0080&rows=100	json:result.results		data.city.yokohama.lg.jp — org-o0080 (Japan)		jp_opendata	opendata	ja	jp,ckan,opendata,org-o0080	86400	Everything published by 港北区 on this portal: every dataset with its resources, licence, tags and last-modified date. Served by the CKAN platform at data.city.yokohama.lg.jp.	no	pending-probe
jp-data-city-yokohama-lg-jp-org-o0090	https://data.city.yokohama.lg.jp/api/3/action/package_search?fq=organization:o0090&rows=100	json:result.results		data.city.yokohama.lg.jp — org-o0090 (Japan)		jp_opendata	opendata	ja	jp,ckan,opendata,org-o0090	86400	Everything published by 栄区 on this portal: every dataset with its resources, licence, tags and last-modified date. Served by the CKAN platform at data.city.yokohama.lg.jp.	no	pending-probe
jp-data-city-yokohama-lg-jp-org-o0100	https://data.city.yokohama.lg.jp/api/3/action/package_search?fq=organization:o0100&rows=100	json:result.results		data.city.yokohama.lg.jp — org-o0100 (Japan)		jp_opendata	opendata	ja	jp,ckan,opendata,org-o0100	86400	Everything published by 瀬谷区 on this portal: every dataset with its resources, licence, tags and last-modified date. Served by the CKAN platform at data.city.yokohama.lg.jp.	no	pending-probe
jp-data-city-yokohama-lg-jp-org-o0110	https://data.city.yokohama.lg.jp/api/3/action/package_search?fq=organization:o0110&rows=100	json:result.results		data.city.yokohama.lg.jp — org-o0110 (Japan)		jp_opendata	opendata	ja	jp,ckan,opendata,org-o0110	86400	Everything published by 都筑区 on this portal: every dataset with its resources, licence, tags and last-modified date. Served by the CKAN platform at data.city.yokohama.lg.jp.	no	pending-probe
jp-data-city-yokohama-lg-jp-org-o0120	https://data.city.yokohama.lg.jp/api/3/action/package_search?fq=organization:o0120&rows=100	json:result.results		data.city.yokohama.lg.jp — org-o0120 (Japan)		jp_opendata	opendata	ja	jp,ckan,opendata,org-o0120	86400	Everything published by 鶴見区 on this portal: every dataset with its resources, licence, tags and last-modified date. Served by the CKAN platform at data.city.yokohama.lg.jp.	no	pending-probe
jp-data-city-yokohama-lg-jp-org-o0140	https://data.city.yokohama.lg.jp/api/3/action/package_search?fq=organization:o0140&rows=100	json:result.results		data.city.yokohama.lg.jp — org-o0140 (Japan)		jp_opendata	opendata	ja	jp,ckan,opendata,org-o0140	86400	Everything published by 中区 on this portal: every dataset with its resources, licence, tags and last-modified date. Served by the CKAN platform at data.city.yokohama.lg.jp.	no	pending-probe
jp-data-city-yokohama-lg-jp-org-o0150	https://data.city.yokohama.lg.jp/api/3/action/package_search?fq=organization:o0150&rows=100	json:result.results		data.city.yokohama.lg.jp — org-o0150 (Japan)		jp_opendata	opendata	ja	jp,ckan,opendata,org-o0150	86400	Everything published by 西区 on this portal: every dataset with its resources, licence, tags and last-modified date. Served by the CKAN platform at data.city.yokohama.lg.jp.	no	pending-probe
jp-data-city-yokohama-lg-jp-org-o0170	https://data.city.yokohama.lg.jp/api/3/action/package_search?fq=organization:o0170&rows=100	json:result.results		data.city.yokohama.lg.jp — org-o0170 (Japan)		jp_opendata	opendata	ja	jp,ckan,opendata,org-o0170	86400	Everything published by 緑区 on this portal: every dataset with its resources, licence, tags and last-modified date. Served by the CKAN platform at data.city.yokohama.lg.jp.	no	pending-probe
jp-data-city-yokohama-lg-jp-org-o0180	https://data.city.yokohama.lg.jp/api/3/action/package_search?fq=organization:o0180&rows=100	json:result.results		data.city.yokohama.lg.jp — org-o0180 (Japan)		jp_opendata	opendata	ja	jp,ckan,opendata,org-o0180	86400	Everything published by 南区 on this portal: every dataset with its resources, licence, tags and last-modified date. Served by the CKAN platform at data.city.yokohama.lg.jp.	no	pending-probe
jp-data-city-yokohama-lg-jp-org-o0190	https://data.city.yokohama.lg.jp/api/3/action/package_search?fq=organization:o0190&rows=100	json:result.results		data.city.yokohama.lg.jp — org-o0190 (Japan)		jp_opendata	opendata	ja	jp,ckan,opendata,org-o0190	86400	Everything published by 脱炭素・GREEN×EXPO推進局 on this portal: every dataset with its resources, licence, tags and last-modified date. Served by the CKAN platform at data.city.yokohama.lg.jp.	no	pending-probe
jp-data-city-yokohama-lg-jp-org-o0210	https://data.city.yokohama.lg.jp/api/3/action/package_search?fq=organization:o0210&rows=100	json:result.results		data.city.yokohama.lg.jp — org-o0210 (Japan)		jp_opendata	opendata	ja	jp,ckan,opendata,org-o0210	86400	Everything published by 総務局 on this portal: every dataset with its resources, licence, tags and last-modified date. Served by the CKAN platform at data.city.yokohama.lg.jp.	no	pending-probe
jp-data-city-yokohama-lg-jp-org-o0230	https://data.city.yokohama.lg.jp/api/3/action/package_search?fq=organization:o0230&rows=100	json:result.results		data.city.yokohama.lg.jp — org-o0230 (Japan)		jp_opendata	opendata	ja	jp,ckan,opendata,org-o0230	86400	Everything published by 国際局 on this portal: every dataset with its resources, licence, tags and last-modified date. Served by the CKAN platform at data.city.yokohama.lg.jp.	no	pending-probe
jp-data-city-yokohama-lg-jp-org-o0240	https://data.city.yokohama.lg.jp/api/3/action/package_search?fq=organization:o0240&rows=100	json:result.results		data.city.yokohama.lg.jp — org-o0240 (Japan)		jp_opendata	opendata	ja	jp,ckan,opendata,org-o0240	86400	Everything published by 市民局 on this portal: every dataset with its resources, licence, tags and last-modified date. Served by the CKAN platform at data.city.yokohama.lg.jp.	no	pending-probe
jp-data-city-yokohama-lg-jp-org-o0250	https://data.city.yokohama.lg.jp/api/3/action/package_search?fq=organization:o0250&rows=100	json:result.results		data.city.yokohama.lg.jp — org-o0250 (Japan)		jp_opendata	opendata	ja	jp,ckan,opendata,org-o0250	86400	Everything published by にぎわいスポーツ文化局 on this portal: every dataset with its resources, licence, tags and last-modified date. Served by the CKAN platform at data.city.yokohama.lg.jp.	no	pending-probe
fr-data-iledefrance-fr-publisher-r-gion-le-de-france	https://data.iledefrance.fr/api/explore/v2.1/catalog/datasets?where=publisher%3D%22R%C3%A9gion%20%C3%8Ele-de-France%22&limit=100	json:results		data.iledefrance.fr — publisher-r-gion-le-de-france (France)		fr_opendata	opendata	fr	fr,ods,opendata,publisher-r-gion-le-de-france	86400	Every dataset on this portal whose publisher is Région Île-de-France — the publisher's full stream, with field schema and record counts. Served by the ODS platform at data.iledefrance.fr.	no	pending-probe
fr-data-iledefrance-fr-publisher-l-institut-paris-region	https://data.iledefrance.fr/api/explore/v2.1/catalog/datasets?where=publisher%3D%22L%27Institut%20Paris%20Region%22&limit=100	json:results		data.iledefrance.fr — publisher-l-institut-paris-region (France)		fr_opendata	opendata	fr	fr,ods,opendata,publisher-l-institut-paris-region	86400	Every dataset on this portal whose publisher is L'Institut Paris Region — the publisher's full stream, with field schema and record counts. Served by the ODS platform at data.iledefrance.fr.	no	pending-probe
fr-data-iledefrance-fr-publisher-le-de-france-mobilit-s	https://data.iledefrance.fr/api/explore/v2.1/catalog/datasets?where=publisher%3D%22%C3%8Ele-de-France%20Mobilit%C3%A9s%22&limit=100	json:results		data.iledefrance.fr — publisher-le-de-france-mobilit-s (France)		fr_opendata	opendata	fr	fr,ods,opendata,publisher-le-de-france-mobilit-s	86400	Every dataset on this portal whose publisher is Île-de-France Mobilités — the publisher's full stream, with field schema and record counts. Served by the ODS platform at data.iledefrance.fr.	no	pending-probe
fr-data-iledefrance-fr-publisher-insee	https://data.iledefrance.fr/api/explore/v2.1/catalog/datasets?where=publisher%3D%22INSEE%22&limit=100	json:results		data.iledefrance.fr — publisher-insee (France)		fr_opendata	opendata	fr	fr,ods,opendata,publisher-insee	86400	Every dataset on this portal whose publisher is INSEE — the publisher's full stream, with field schema and record counts. Served by the ODS platform at data.iledefrance.fr.	no	pending-probe
fr-data-iledefrance-fr-publisher-r-gion-le-de-france-l-institut-paris-reg	https://data.iledefrance.fr/api/explore/v2.1/catalog/datasets?where=publisher%3D%22R%C3%A9gion%20%C3%8Ele-de-France%2C%20L%27Institut%20Paris%20Region%22&limit=100	json:results		data.iledefrance.fr — publisher-r-gion-le-de-france-l-institut-paris-reg (France)		fr_opendata	opendata	fr	fr,ods,opendata,publisher-r-gion-le-de-france-l-institut-paris-reg	86400	Every dataset on this portal whose publisher is Région Île-de-France, L'Institut Paris Region — the publisher's full stream, with field schema and record counts. Served by the ODS platform at data.iledefrance.fr.	no	pending-probe
fr-data-iledefrance-fr-publisher-d-partement-des-hauts-de-seine	https://data.iledefrance.fr/api/explore/v2.1/catalog/datasets?where=publisher%3D%22D%C3%A9partement%20des%20Hauts-de-Seine%22&limit=100	json:results		data.iledefrance.fr — publisher-d-partement-des-hauts-de-seine (France)		fr_opendata	opendata	fr	fr,ods,opendata,publisher-d-partement-des-hauts-de-seine	86400	Every dataset on this portal whose publisher is Département des Hauts-de-Seine — the publisher's full stream, with field schema and record counts. Served by the ODS platform at data.iledefrance.fr.	no	pending-probe
fr-data-iledefrance-fr-publisher-minist-re-de-l-int-rieur	https://data.iledefrance.fr/api/explore/v2.1/catalog/datasets?where=publisher%3D%22Minist%C3%A8re%20de%20l%27int%C3%A9rieur%22&limit=100	json:results		data.iledefrance.fr — publisher-minist-re-de-l-int-rieur (France)		fr_opendata	opendata	fr	fr,ods,opendata,publisher-minist-re-de-l-int-rieur	86400	Every dataset on this portal whose publisher is Ministère de l'intérieur — the publisher's full stream, with field schema and record counts. Served by the ODS platform at data.iledefrance.fr.	no	pending-probe
fr-data-iledefrance-fr-publisher-agence-des-espaces-verts-d-le-de-france-	https://data.iledefrance.fr/api/explore/v2.1/catalog/datasets?where=publisher%3D%22Agence%20des%20espaces%20verts%20d%27%C3%8Ele%20de%20France%20%28AEV%29%22&limit=100	json:results		data.iledefrance.fr — publisher-agence-des-espaces-verts-d-le-de-france- (France)		fr_opendata	opendata	fr	fr,ods,opendata,publisher-agence-des-espaces-verts-d-le-de-france-	86400	Every dataset on this portal whose publisher is Agence des espaces verts d'Île de France (AEV) — the publisher's full stream, with field schema and record counts. Served by the ODS platform at data.iledefrance.fr.	no	pending-probe
fr-data-iledefrance-fr-publisher-ratp	https://data.iledefrance.fr/api/explore/v2.1/catalog/datasets?where=publisher%3D%22RATP%22&limit=100	json:results		data.iledefrance.fr — publisher-ratp (France)		fr_opendata	opendata	fr	fr,ods,opendata,publisher-ratp	86400	Every dataset on this portal whose publisher is RATP — the publisher's full stream, with field schema and record counts. Served by the ODS platform at data.iledefrance.fr.	no	pending-probe
fr-data-iledefrance-fr-publisher-minist-re-de-la-culture	https://data.iledefrance.fr/api/explore/v2.1/catalog/datasets?where=publisher%3D%22Minist%C3%A8re%20de%20la%20Culture%22&limit=100	json:results		data.iledefrance.fr — publisher-minist-re-de-la-culture (France)		fr_opendata	opendata	fr	fr,ods,opendata,publisher-minist-re-de-la-culture	86400	Every dataset on this portal whose publisher is Ministère de la Culture — the publisher's full stream, with field schema and record counts. Served by the ODS platform at data.iledefrance.fr.	no	pending-probe
fr-data-iledefrance-fr-publisher-minist-re-des-sports	https://data.iledefrance.fr/api/explore/v2.1/catalog/datasets?where=publisher%3D%22Minist%C3%A8re%20des%20Sports%22&limit=100	json:results		data.iledefrance.fr — publisher-minist-re-des-sports (France)		fr_opendata	opendata	fr	fr,ods,opendata,publisher-minist-re-des-sports	86400	Every dataset on this portal whose publisher is Ministère des Sports — the publisher's full stream, with field schema and record counts. Served by the ODS platform at data.iledefrance.fr.	no	pending-probe
fr-data-iledefrance-fr-publisher-minist-re-de-l-conomie-et-des-finances	https://data.iledefrance.fr/api/explore/v2.1/catalog/datasets?where=publisher%3D%22Minist%C3%A8re%20de%20l%27%C3%A9conomie%20et%20des%20finances%20%22&limit=100	json:results		data.iledefrance.fr — publisher-minist-re-de-l-conomie-et-des-finances (France)		fr_opendata	opendata	fr	fr,ods,opendata,publisher-minist-re-de-l-conomie-et-des-finances	86400	Every dataset on this portal whose publisher is Ministère de l'économie et des finances  — the publisher's full stream, with field schema and record counts. Served by the ODS platform at data.iledefrance.fr.	no	pending-probe
fr-data-iledefrance-fr-publisher-openstreetmap	https://data.iledefrance.fr/api/explore/v2.1/catalog/datasets?where=publisher%3D%22OpenStreetMap%22&limit=100	json:results		data.iledefrance.fr — publisher-openstreetmap (France)		fr_opendata	opendata	fr	fr,ods,opendata,publisher-openstreetmap	86400	Every dataset on this portal whose publisher is OpenStreetMap — the publisher's full stream, with field schema and record counts. Served by the ODS platform at data.iledefrance.fr.	no	pending-probe
fr-data-iledefrance-fr-publisher-comit-r-gional-du-tourisme	https://data.iledefrance.fr/api/explore/v2.1/catalog/datasets?where=publisher%3D%22Comit%C3%A9%20r%C3%A9gional%20du%20tourisme%22&limit=100	json:results		data.iledefrance.fr — publisher-comit-r-gional-du-tourisme (France)		fr_opendata	opendata	fr	fr,ods,opendata,publisher-comit-r-gional-du-tourisme	86400	Every dataset on this portal whose publisher is Comité régional du tourisme — the publisher's full stream, with field schema and record counts. Served by the ODS platform at data.iledefrance.fr.	no	pending-probe
fr-data-iledefrance-fr-publisher-etalab	https://data.iledefrance.fr/api/explore/v2.1/catalog/datasets?where=publisher%3D%22Etalab%22&limit=100	json:results		data.iledefrance.fr — publisher-etalab (France)		fr_opendata	opendata	fr	fr,ods,opendata,publisher-etalab	86400	Every dataset on this portal whose publisher is Etalab — the publisher's full stream, with field schema and record counts. Served by the ODS platform at data.iledefrance.fr.	no	pending-probe
fr-data-iledefrance-fr-publisher-minist-re-de-l-ducation-nationale	https://data.iledefrance.fr/api/explore/v2.1/catalog/datasets?where=publisher%3D%22Minist%C3%A8re%20de%20l%27%C3%89ducation%20nationale%22&limit=100	json:results		data.iledefrance.fr — publisher-minist-re-de-l-ducation-nationale (France)		fr_opendata	opendata	fr	fr,ods,opendata,publisher-minist-re-de-l-ducation-nationale	86400	Every dataset on this portal whose publisher is Ministère de l'Éducation nationale — the publisher's full stream, with field schema and record counts. Served by the ODS platform at data.iledefrance.fr.	no	pending-probe
fr-data-iledefrance-fr-publisher-orchestre-national-d-le-de-france	https://data.iledefrance.fr/api/explore/v2.1/catalog/datasets?where=publisher%3D%22Orchestre%20national%20d%27%C3%8Ele-de-France%22&limit=100	json:results		data.iledefrance.fr — publisher-orchestre-national-d-le-de-france (France)		fr_opendata	opendata	fr	fr,ods,opendata,publisher-orchestre-national-d-le-de-france	86400	Every dataset on this portal whose publisher is Orchestre national d'Île-de-France — the publisher's full stream, with field schema and record counts. Served by the ODS platform at data.iledefrance.fr.	no	pending-probe
fr-data-iledefrance-fr-publisher-dim-mat-riaux-anciens-et-patrimoniaux-r-	https://data.iledefrance.fr/api/explore/v2.1/catalog/datasets?where=publisher%3D%22DIM%20Mat%C3%A9riaux%20anciens%20et%20patrimoniaux%2C%20R%C3%A9gion%20%C3%8Ele-de-France%22&limit=100	json:results		data.iledefrance.fr — publisher-dim-mat-riaux-anciens-et-patrimoniaux-r- (France)		fr_opendata	opendata	fr	fr,ods,opendata,publisher-dim-mat-riaux-anciens-et-patrimoniaux-r-	86400	Every dataset on this portal whose publisher is DIM Matériaux anciens et patrimoniaux, Région Île-de-France — the publisher's full stream, with field schema and record counts. Served by the ODS platform at data.iledefrance.fr.	no	pending-probe
fr-data-iledefrance-fr-publisher-dim-pamir-r-gion-le-de-france	https://data.iledefrance.fr/api/explore/v2.1/catalog/datasets?where=publisher%3D%22DIM%20PAMIR%2C%20R%C3%A9gion%20%C3%8Ele-de-France%22&limit=100	json:results		data.iledefrance.fr — publisher-dim-pamir-r-gion-le-de-france (France)		fr_opendata	opendata	fr	fr,ods,opendata,publisher-dim-pamir-r-gion-le-de-france	86400	Every dataset on this portal whose publisher is DIM PAMIR, Région Île-de-France — the publisher's full stream, with field schema and record counts. Served by the ODS platform at data.iledefrance.fr.	no	pending-probe
fr-data-iledefrance-fr-publisher-drieat-le-de-france	https://data.iledefrance.fr/api/explore/v2.1/catalog/datasets?where=publisher%3D%22DRIEAT%20%C3%8Ele-de-France%22&limit=100	json:results		data.iledefrance.fr — publisher-drieat-le-de-france (France)		fr_opendata	opendata	fr	fr,ods,opendata,publisher-drieat-le-de-france	86400	Every dataset on this portal whose publisher is DRIEAT Île-de-France — the publisher's full stream, with field schema and record counts. Served by the ODS platform at data.iledefrance.fr.	no	pending-probe
fr-data-iledefrance-fr-publisher-minist-re-de-l-enseignement-sup-rieur-de	https://data.iledefrance.fr/api/explore/v2.1/catalog/datasets?where=publisher%3D%22Minist%C3%A8re%20de%20l%27Enseignement%20sup%C3%A9rieur%2C%20de%20la%20Recherche%20et%20de%20l%27Innovation%22&limit=100	json:results		data.iledefrance.fr — publisher-minist-re-de-l-enseignement-sup-rieur-de (France)		fr_opendata	opendata	fr	fr,ods,opendata,publisher-minist-re-de-l-enseignement-sup-rieur-de	86400	Every dataset on this portal whose publisher is Ministère de l'Enseignement supérieur, de la Recherche et de l'Innovation — the publisher's full stream, with field schema and record counts. Served by the ODS platform at data.iledefrance.fr.	no	pending-probe
fr-data-iledefrance-fr-publisher-minist-re-des-affaires-sociales-et-de-la	https://data.iledefrance.fr/api/explore/v2.1/catalog/datasets?where=publisher%3D%22Minist%C3%A8re%20des%20Affaires%20sociales%20et%20de%20la%20Sant%C3%A9%22&limit=100	json:results		data.iledefrance.fr — publisher-minist-re-des-affaires-sociales-et-de-la (France)		fr_opendata	opendata	fr	fr,ods,opendata,publisher-minist-re-des-affaires-sociales-et-de-la	86400	Every dataset on this portal whose publisher is Ministère des Affaires sociales et de la Santé — the publisher's full stream, with field schema and record counts. Served by the ODS platform at data.iledefrance.fr.	no	pending-probe
fr-data-iledefrance-fr-publisher-ville-de-paris	https://data.iledefrance.fr/api/explore/v2.1/catalog/datasets?where=publisher%3D%22Ville%20de%20Paris%22&limit=100	json:results		data.iledefrance.fr — publisher-ville-de-paris (France)		fr_opendata	opendata	fr	fr,ods,opendata,publisher-ville-de-paris	86400	Every dataset on this portal whose publisher is Ville de Paris — the publisher's full stream, with field schema and record counts. Served by the ODS platform at data.iledefrance.fr.	no	pending-probe
fr-data-iledefrance-fr-publisher-les-contributeurs-openstreetmap	https://data.iledefrance.fr/api/explore/v2.1/catalog/datasets?where=publisher%3D%22%C2%A9%20Les%20contributeurs%20OpenStreetMap%22&limit=100	json:results		data.iledefrance.fr — publisher-les-contributeurs-openstreetmap (France)		fr_opendata	opendata	fr	fr,ods,opendata,publisher-les-contributeurs-openstreetmap	86400	Every dataset on this portal whose publisher is © Les contributeurs OpenStreetMap — the publisher's full stream, with field schema and record counts. Served by the ODS platform at data.iledefrance.fr.	no	pending-probe
fr-data-iledefrance-fr-publisher-agence-nationale-de-la-coh-sion-des-terr	https://data.iledefrance.fr/api/explore/v2.1/catalog/datasets?where=publisher%3D%22Agence%20nationale%20de%20la%20coh%C3%A9sion%20des%20territoires%22&limit=100	json:results		data.iledefrance.fr — publisher-agence-nationale-de-la-coh-sion-des-terr (France)		fr_opendata	opendata	fr	fr,ods,opendata,publisher-agence-nationale-de-la-coh-sion-des-terr	86400	Every dataset on this portal whose publisher is Agence nationale de la cohésion des territoires — the publisher's full stream, with field schema and record counts. Served by the ODS platform at data.iledefrance.fr.	no	pending-probe
fr-data-iledefrance-fr-publisher-d-partement-de-la-seine-saint-denis	https://data.iledefrance.fr/api/explore/v2.1/catalog/datasets?where=publisher%3D%22D%C3%A9partement%20de%20la%20Seine-Saint-Denis%22&limit=100	json:results		data.iledefrance.fr — publisher-d-partement-de-la-seine-saint-denis (France)		fr_opendata	opendata	fr	fr,ods,opendata,publisher-d-partement-de-la-seine-saint-denis	86400	Every dataset on this portal whose publisher is Département de la Seine-Saint-Denis — the publisher's full stream, with field schema and record counts. Served by the ODS platform at data.iledefrance.fr.	no	pending-probe
fr-data-iledefrance-fr-publisher-epe-idf	https://data.iledefrance.fr/api/explore/v2.1/catalog/datasets?where=publisher%3D%22EPE-IDF%22&limit=100	json:results		data.iledefrance.fr — publisher-epe-idf (France)		fr_opendata	opendata	fr	fr,ods,opendata,publisher-epe-idf	86400	Every dataset on this portal whose publisher is EPE-IDF — the publisher's full stream, with field schema and record counts. Served by the ODS platform at data.iledefrance.fr.	no	pending-probe
fr-data-iledefrance-fr-publisher-ign	https://data.iledefrance.fr/api/explore/v2.1/catalog/datasets?where=publisher%3D%22IGN%22&limit=100	json:results		data.iledefrance.fr — publisher-ign (France)		fr_opendata	opendata	fr	fr,ods,opendata,publisher-ign	86400	Every dataset on this portal whose publisher is IGN — the publisher's full stream, with field schema and record counts. Served by the ODS platform at data.iledefrance.fr.	no	pending-probe
fr-data-iledefrance-fr-publisher-la-poste	https://data.iledefrance.fr/api/explore/v2.1/catalog/datasets?where=publisher%3D%22La%20Poste%22&limit=100	json:results		data.iledefrance.fr — publisher-la-poste (France)		fr_opendata	opendata	fr	fr,ods,opendata,publisher-la-poste	86400	Every dataset on this portal whose publisher is La Poste — the publisher's full stream, with field schema and record counts. Served by the ODS platform at data.iledefrance.fr.	no	pending-probe
fr-data-iledefrance-fr-publisher-atout-france	https://data.iledefrance.fr/api/explore/v2.1/catalog/datasets?where=publisher%3D%22Atout%20France%22&limit=100	json:results		data.iledefrance.fr — publisher-atout-france (France)		fr_opendata	opendata	fr	fr,ods,opendata,publisher-atout-france	86400	Every dataset on this portal whose publisher is Atout France — the publisher's full stream, with field schema and record counts. Served by the ODS platform at data.iledefrance.fr.	no	pending-probe
fr-data-iledefrance-fr-publisher-direction-des-affaires-scolaires-ville-d	https://data.iledefrance.fr/api/explore/v2.1/catalog/datasets?where=publisher%3D%22Direction%20des%20Affaires%20Scolaires%20-%20Ville%20de%20Paris%22&limit=100	json:results		data.iledefrance.fr — publisher-direction-des-affaires-scolaires-ville-d (France)		fr_opendata	opendata	fr	fr,ods,opendata,publisher-direction-des-affaires-scolaires-ville-d	86400	Every dataset on this portal whose publisher is Direction des Affaires Scolaires - Ville de Paris — the publisher's full stream, with field schema and record counts. Served by the ODS platform at data.iledefrance.fr.	no	pending-probe
fr-data-iledefrance-fr-publisher-gares-connexions	https://data.iledefrance.fr/api/explore/v2.1/catalog/datasets?where=publisher%3D%22Gares%20%26%20Connexions%22&limit=100	json:results		data.iledefrance.fr — publisher-gares-connexions (France)		fr_opendata	opendata	fr	fr,ods,opendata,publisher-gares-connexions	86400	Every dataset on this portal whose publisher is Gares & Connexions — the publisher's full stream, with field schema and record counts. Served by the ODS platform at data.iledefrance.fr.	no	pending-probe
fr-data-iledefrance-fr-publisher-minist-re-de-la-culture-et-de-la-communi	https://data.iledefrance.fr/api/explore/v2.1/catalog/datasets?where=publisher%3D%22Minist%C3%A8re%20de%20la%20Culture%20et%20de%20la%20Communication%22&limit=100	json:results		data.iledefrance.fr — publisher-minist-re-de-la-culture-et-de-la-communi (France)		fr_opendata	opendata	fr	fr,ods,opendata,publisher-minist-re-de-la-culture-et-de-la-communi	86400	Every dataset on this portal whose publisher is Ministère de la Culture et de la Communication — the publisher's full stream, with field schema and record counts. Served by the ODS platform at data.iledefrance.fr.	no	pending-probe
fr-data-iledefrance-fr-publisher-minist-re-de-l-conomie-de-l-industrie-et	https://data.iledefrance.fr/api/explore/v2.1/catalog/datasets?where=publisher%3D%22Minist%C3%A8re%20de%20l%E2%80%99%C3%A9conomie%2C%20de%20l%27industrie%20et%20du%20num%C3%A9rique%22&limit=100	json:results		data.iledefrance.fr — publisher-minist-re-de-l-conomie-de-l-industrie-et (France)		fr_opendata	opendata	fr	fr,ods,opendata,publisher-minist-re-de-l-conomie-de-l-industrie-et	86400	Every dataset on this portal whose publisher is Ministère de l’économie, de l'industrie et du numérique — the publisher's full stream, with field schema and record counts. Served by the ODS platform at data.iledefrance.fr.	no	pending-probe
fr-data-iledefrance-fr-publisher-sncf-voyageurs	https://data.iledefrance.fr/api/explore/v2.1/catalog/datasets?where=publisher%3D%22SNCF%20Voyageurs%22&limit=100	json:results		data.iledefrance.fr — publisher-sncf-voyageurs (France)		fr_opendata	opendata	fr	fr,ods,opendata,publisher-sncf-voyageurs	86400	Every dataset on this portal whose publisher is SNCF Voyageurs — the publisher's full stream, with field schema and record counts. Served by the ODS platform at data.iledefrance.fr.	no	pending-probe
fr-data-iledefrance-fr-publisher-ville-de-versailles	https://data.iledefrance.fr/api/explore/v2.1/catalog/datasets?where=publisher%3D%22Ville%20de%20Versailles%22&limit=100	json:results		data.iledefrance.fr — publisher-ville-de-versailles (France)		fr_opendata	opendata	fr	fr,ods,opendata,publisher-ville-de-versailles	86400	Every dataset on this portal whose publisher is Ville de Versailles — the publisher's full stream, with field schema and record counts. Served by the ODS platform at data.iledefrance.fr.	no	pending-probe
fr-data-iledefrance-fr-publisher-agence-bio	https://data.iledefrance.fr/api/explore/v2.1/catalog/datasets?where=publisher%3D%22Agence%20Bio%22&limit=100	json:results		data.iledefrance.fr — publisher-agence-bio (France)		fr_opendata	opendata	fr	fr,ods,opendata,publisher-agence-bio	86400	Every dataset on this portal whose publisher is Agence Bio — the publisher's full stream, with field schema and record counts. Served by the ODS platform at data.iledefrance.fr.	no	pending-probe
fr-data-iledefrance-fr-publisher-autolib-velib-m-tropole	https://data.iledefrance.fr/api/explore/v2.1/catalog/datasets?where=publisher%3D%22Autolib%20Velib%20M%C3%A9tropole%22&limit=100	json:results		data.iledefrance.fr — publisher-autolib-velib-m-tropole (France)		fr_opendata	opendata	fr	fr,ods,opendata,publisher-autolib-velib-m-tropole	86400	Every dataset on this portal whose publisher is Autolib Velib Métropole — the publisher's full stream, with field schema and record counts. Served by the ODS platform at data.iledefrance.fr.	no	pending-probe
fr-data-iledefrance-fr-publisher-caisse-nationale-de-l-assurance-maladie-	https://data.iledefrance.fr/api/explore/v2.1/catalog/datasets?where=publisher%3D%22Caisse%20nationale%20de%20l%27assurance%20maladie%20des%20travailleurs%20salari%C3%A9s%22&limit=100	json:results		data.iledefrance.fr — publisher-caisse-nationale-de-l-assurance-maladie- (France)		fr_opendata	opendata	fr	fr,ods,opendata,publisher-caisse-nationale-de-l-assurance-maladie-	86400	Every dataset on this portal whose publisher is Caisse nationale de l'assurance maladie des travailleurs salariés — the publisher's full stream, with field schema and record counts. Served by the ODS platform at data.iledefrance.fr.	no	pending-probe
fr-data-iledefrance-fr-publisher-choose-paris-region	https://data.iledefrance.fr/api/explore/v2.1/catalog/datasets?where=publisher%3D%22Choose%20Paris%20Region%22&limit=100	json:results		data.iledefrance.fr — publisher-choose-paris-region (France)		fr_opendata	opendata	fr	fr,ods,opendata,publisher-choose-paris-region	86400	Every dataset on this portal whose publisher is Choose Paris Region — the publisher's full stream, with field schema and record counts. Served by the ODS platform at data.iledefrance.fr.	no	pending-probe
fr-data-iledefrance-fr-publisher-depp-minist-re-charg-de-l-ducation-natio	https://data.iledefrance.fr/api/explore/v2.1/catalog/datasets?where=publisher%3D%22DEPP%20%E2%80%93%20Minist%C3%A8re%20charg%C3%A9%20de%20l%E2%80%99%C3%A9ducation%20nationale%22&limit=100	json:results		data.iledefrance.fr — publisher-depp-minist-re-charg-de-l-ducation-natio (France)		fr_opendata	opendata	fr	fr,ods,opendata,publisher-depp-minist-re-charg-de-l-ducation-natio	86400	Every dataset on this portal whose publisher is DEPP – Ministère chargé de l’éducation nationale — the publisher's full stream, with field schema and record counts. Served by the ODS platform at data.iledefrance.fr.	no	pending-probe
fr-data-iledefrance-fr-publisher-dgccrf	https://data.iledefrance.fr/api/explore/v2.1/catalog/datasets?where=publisher%3D%22DGCCRF%22&limit=100	json:results		data.iledefrance.fr — publisher-dgccrf (France)		fr_opendata	opendata	fr	fr,ods,opendata,publisher-dgccrf	86400	Every dataset on this portal whose publisher is DGCCRF — the publisher's full stream, with field schema and record counts. Served by the ODS platform at data.iledefrance.fr.	no	pending-probe
fr-data-iledefrance-fr-publisher-dreal-le-de-france	https://data.iledefrance.fr/api/explore/v2.1/catalog/datasets?where=publisher%3D%22DREAL%20%C3%8Ele-de-France%22&limit=100	json:results		data.iledefrance.fr — publisher-dreal-le-de-france (France)		fr_opendata	opendata	fr	fr,ods,opendata,publisher-dreal-le-de-france	86400	Every dataset on this portal whose publisher is DREAL Île-de-France — the publisher's full stream, with field schema and record counts. Served by the ODS platform at data.iledefrance.fr.	no	pending-probe
fr-data-iledefrance-fr-publisher-direction-de-la-voirie-et-des-d-placemen	https://data.iledefrance.fr/api/explore/v2.1/catalog/datasets?where=publisher%3D%22Direction%20de%20la%20Voirie%20et%20des%20D%C3%A9placements%20-%20Ville%20de%20Paris%22&limit=100	json:results		data.iledefrance.fr — publisher-direction-de-la-voirie-et-des-d-placemen (France)		fr_opendata	opendata	fr	fr,ods,opendata,publisher-direction-de-la-voirie-et-des-d-placemen	86400	Every dataset on this portal whose publisher is Direction de la Voirie et des Déplacements - Ville de Paris — the publisher's full stream, with field schema and record counts. Served by the ODS platform at data.iledefrance.fr.	no	pending-probe
fr-data-iledefrance-fr-publisher-jcdecaux-developer	https://data.iledefrance.fr/api/explore/v2.1/catalog/datasets?where=publisher%3D%22JCDecaux%20developer%22&limit=100	json:results		data.iledefrance.fr — publisher-jcdecaux-developer (France)		fr_opendata	opendata	fr	fr,ods,opendata,publisher-jcdecaux-developer	86400	Every dataset on this portal whose publisher is JCDecaux developer — the publisher's full stream, with field schema and record counts. Served by the ODS platform at data.iledefrance.fr.	no	pending-probe
fr-data-toulouse-metropole-fr-publisher-toulouse-m-tropole	https://data.toulouse-metropole.fr/api/explore/v2.1/catalog/datasets?where=publisher%3D%22Toulouse%20M%C3%A9tropole%22&limit=100	json:results		data.toulouse-metropole.fr — publisher-toulouse-m-tropole (France)		fr_opendata	opendata	fr	fr,ods,opendata,publisher-toulouse-m-tropole	86400	Every dataset on this portal whose publisher is Toulouse Métropole — the publisher's full stream, with field schema and record counts. Served by the ODS platform at data.toulouse-metropole.fr.	no	pending-probe
fr-data-toulouse-metropole-fr-publisher-mairie-de-toulouse	https://data.toulouse-metropole.fr/api/explore/v2.1/catalog/datasets?where=publisher%3D%22Mairie%20de%20Toulouse%22&limit=100	json:results		data.toulouse-metropole.fr — publisher-mairie-de-toulouse (France)		fr_opendata	opendata	fr	fr,ods,opendata,publisher-mairie-de-toulouse	86400	Every dataset on this portal whose publisher is Mairie de Toulouse — the publisher's full stream, with field schema and record counts. Served by the ODS platform at data.toulouse-metropole.fr.	no	pending-probe
fr-data-toulouse-metropole-fr-publisher-ville-de-blagnac	https://data.toulouse-metropole.fr/api/explore/v2.1/catalog/datasets?where=publisher%3D%22Ville%20de%20Blagnac%22&limit=100	json:results		data.toulouse-metropole.fr — publisher-ville-de-blagnac (France)		fr_opendata	opendata	fr	fr,ods,opendata,publisher-ville-de-blagnac	86400	Every dataset on this portal whose publisher is Ville de Blagnac — the publisher's full stream, with field schema and record counts. Served by the ODS platform at data.toulouse-metropole.fr.	no	pending-probe
fr-data-toulouse-metropole-fr-publisher-tiss-o-voyageurs	https://data.toulouse-metropole.fr/api/explore/v2.1/catalog/datasets?where=publisher%3D%22Tiss%C3%A9o%20Voyageurs%22&limit=100	json:results		data.toulouse-metropole.fr — publisher-tiss-o-voyageurs (France)		fr_opendata	opendata	fr	fr,ods,opendata,publisher-tiss-o-voyageurs	86400	Every dataset on this portal whose publisher is Tisséo Voyageurs — the publisher's full stream, with field schema and record counts. Served by the ODS platform at data.toulouse-metropole.fr.	no	pending-probe
fr-data-toulouse-metropole-fr-publisher-m-t-o-france	https://data.toulouse-metropole.fr/api/explore/v2.1/catalog/datasets?where=publisher%3D%22M%C3%A9t%C3%A9o%20France%22&limit=100	json:results		data.toulouse-metropole.fr — publisher-m-t-o-france (France)		fr_opendata	opendata	fr	fr,ods,opendata,publisher-m-t-o-france	86400	Every dataset on this portal whose publisher is Météo France — the publisher's full stream, with field schema and record counts. Served by the ODS platform at data.toulouse-metropole.fr.	no	pending-probe
fr-data-toulouse-metropole-fr-publisher-mairie-d-aucamville	https://data.toulouse-metropole.fr/api/explore/v2.1/catalog/datasets?where=publisher%3D%22Mairie%20d%27Aucamville%22&limit=100	json:results		data.toulouse-metropole.fr — publisher-mairie-d-aucamville (France)		fr_opendata	opendata	fr	fr,ods,opendata,publisher-mairie-d-aucamville	86400	Every dataset on this portal whose publisher is Mairie d'Aucamville — the publisher's full stream, with field schema and record counts. Served by the ODS platform at data.toulouse-metropole.fr.	no	pending-probe
fr-data-toulouse-metropole-fr-publisher-mairie-de-balma	https://data.toulouse-metropole.fr/api/explore/v2.1/catalog/datasets?where=publisher%3D%22Mairie%20de%20Balma%22&limit=100	json:results		data.toulouse-metropole.fr — publisher-mairie-de-balma (France)		fr_opendata	opendata	fr	fr,ods,opendata,publisher-mairie-de-balma	86400	Every dataset on this portal whose publisher is Mairie de Balma — the publisher's full stream, with field schema and record counts. Served by the ODS platform at data.toulouse-metropole.fr.	no	pending-probe
fr-data-toulouse-metropole-fr-publisher-tiss-o	https://data.toulouse-metropole.fr/api/explore/v2.1/catalog/datasets?where=publisher%3D%22Tiss%C3%A9o%22&limit=100	json:results		data.toulouse-metropole.fr — publisher-tiss-o (France)		fr_opendata	opendata	fr	fr,ods,opendata,publisher-tiss-o	86400	Every dataset on this portal whose publisher is Tisséo — the publisher's full stream, with field schema and record counts. Served by the ODS platform at data.toulouse-metropole.fr.	no	pending-probe
fr-data-toulouse-metropole-fr-publisher-atmo-occitanie	https://data.toulouse-metropole.fr/api/explore/v2.1/catalog/datasets?where=publisher%3D%22ATMO%20Occitanie%22&limit=100	json:results		data.toulouse-metropole.fr — publisher-atmo-occitanie (France)		fr_opendata	opendata	fr	fr,ods,opendata,publisher-atmo-occitanie	86400	Every dataset on this portal whose publisher is ATMO Occitanie — the publisher's full stream, with field schema and record counts. Served by the ODS platform at data.toulouse-metropole.fr.	no	pending-probe
fr-data-toulouse-metropole-fr-publisher-orceo	https://data.toulouse-metropole.fr/api/explore/v2.1/catalog/datasets?where=publisher%3D%22ORCEO%22&limit=100	json:results		data.toulouse-metropole.fr — publisher-orceo (France)		fr_opendata	opendata	fr	fr,ods,opendata,publisher-orceo	86400	Every dataset on this portal whose publisher is ORCEO — the publisher's full stream, with field schema and record counts. Served by the ODS platform at data.toulouse-metropole.fr.	no	pending-probe
fr-data-toulouse-metropole-fr-publisher-a-roport-toulouse-blagnac	https://data.toulouse-metropole.fr/api/explore/v2.1/catalog/datasets?where=publisher%3D%22A%C3%A9roport%20Toulouse%20Blagnac%22&limit=100	json:results		data.toulouse-metropole.fr — publisher-a-roport-toulouse-blagnac (France)		fr_opendata	opendata	fr	fr,ods,opendata,publisher-a-roport-toulouse-blagnac	86400	Every dataset on this portal whose publisher is Aéroport Toulouse Blagnac — the publisher's full stream, with field schema and record counts. Served by the ODS platform at data.toulouse-metropole.fr.	no	pending-probe
fr-data-toulouse-metropole-fr-publisher-la-poste	https://data.toulouse-metropole.fr/api/explore/v2.1/catalog/datasets?where=publisher%3D%22La%20Poste%22&limit=100	json:results		data.toulouse-metropole.fr — publisher-la-poste (France)		fr_opendata	opendata	fr	fr,ods,opendata,publisher-la-poste	86400	Every dataset on this portal whose publisher is La Poste — the publisher's full stream, with field schema and record counts. Served by the ODS platform at data.toulouse-metropole.fr.	no	pending-probe
fr-data-toulouse-metropole-fr-publisher-meteo-france	https://data.toulouse-metropole.fr/api/explore/v2.1/catalog/datasets?where=publisher%3D%22Meteo%20France%22&limit=100	json:results		data.toulouse-metropole.fr — publisher-meteo-france (France)		fr_opendata	opendata	fr	fr,ods,opendata,publisher-meteo-france	86400	Every dataset on this portal whose publisher is Meteo France — the publisher's full stream, with field schema and record counts. Served by the ODS platform at data.toulouse-metropole.fr.	no	pending-probe
fr-data-toulouse-metropole-fr-publisher-minist-re-de-la-transition-cologique	https://data.toulouse-metropole.fr/api/explore/v2.1/catalog/datasets?where=publisher%3D%22Minist%C3%A8re%20de%20la%20Transition%20%C3%A9cologique%22&limit=100	json:results		data.toulouse-metropole.fr — publisher-minist-re-de-la-transition-cologique (France)		fr_opendata	opendata	fr	fr,ods,opendata,publisher-minist-re-de-la-transition-cologique	86400	Every dataset on this portal whose publisher is Ministère de la Transition écologique — the publisher's full stream, with field schema and record counts. Served by the ODS platform at data.toulouse-metropole.fr.	no	pending-probe
fr-data-toulouse-metropole-fr-publisher-decoset	https://data.toulouse-metropole.fr/api/explore/v2.1/catalog/datasets?where=publisher%3D%22DECOSET%22&limit=100	json:results		data.toulouse-metropole.fr — publisher-decoset (France)		fr_opendata	opendata	fr	fr,ods,opendata,publisher-decoset	86400	Every dataset on this portal whose publisher is DECOSET — the publisher's full stream, with field schema and record counts. Served by the ODS platform at data.toulouse-metropole.fr.	no	pending-probe
fr-data-toulouse-metropole-fr-publisher-geod-air	https://data.toulouse-metropole.fr/api/explore/v2.1/catalog/datasets?where=publisher%3D%22Geod%27air%22&limit=100	json:results		data.toulouse-metropole.fr — publisher-geod-air (France)		fr_opendata	opendata	fr	fr,ods,opendata,publisher-geod-air	86400	Every dataset on this portal whose publisher is Geod'air — the publisher's full stream, with field schema and record counts. Served by the ODS platform at data.toulouse-metropole.fr.	no	pending-probe
fr-data-toulouse-metropole-fr-publisher-insee	https://data.toulouse-metropole.fr/api/explore/v2.1/catalog/datasets?where=publisher%3D%22INSEE%22&limit=100	json:results		data.toulouse-metropole.fr — publisher-insee (France)		fr_opendata	opendata	fr	fr,ods,opendata,publisher-insee	86400	Every dataset on this portal whose publisher is INSEE — the publisher's full stream, with field schema and record counts. Served by the ODS platform at data.toulouse-metropole.fr.	no	pending-probe
fr-data-toulouse-metropole-fr-publisher-jcdecaux	https://data.toulouse-metropole.fr/api/explore/v2.1/catalog/datasets?where=publisher%3D%22JCDecaux%22&limit=100	json:results		data.toulouse-metropole.fr — publisher-jcdecaux (France)		fr_opendata	opendata	fr	fr,ods,opendata,publisher-jcdecaux	86400	Every dataset on this portal whose publisher is JCDecaux — the publisher's full stream, with field schema and record counts. Served by the ODS platform at data.toulouse-metropole.fr.	no	pending-probe
fr-data-toulouse-metropole-fr-publisher-mairie-de-colomiers	https://data.toulouse-metropole.fr/api/explore/v2.1/catalog/datasets?where=publisher%3D%22Mairie%20de%20Colomiers%22&limit=100	json:results		data.toulouse-metropole.fr — publisher-mairie-de-colomiers (France)		fr_opendata	opendata	fr	fr,ods,opendata,publisher-mairie-de-colomiers	86400	Every dataset on this portal whose publisher is Mairie de Colomiers — the publisher's full stream, with field schema and record counts. Served by the ODS platform at data.toulouse-metropole.fr.	no	pending-probe
fr-data-toulouse-metropole-fr-publisher-mairie-de-flourens	https://data.toulouse-metropole.fr/api/explore/v2.1/catalog/datasets?where=publisher%3D%22Mairie%20de%20Flourens%22&limit=100	json:results		data.toulouse-metropole.fr — publisher-mairie-de-flourens (France)		fr_opendata	opendata	fr	fr,ods,opendata,publisher-mairie-de-flourens	86400	Every dataset on this portal whose publisher is Mairie de Flourens — the publisher's full stream, with field schema and record counts. Served by the ODS platform at data.toulouse-metropole.fr.	no	pending-probe
fr-data-toulouse-metropole-fr-publisher-mairie-de-seilh	https://data.toulouse-metropole.fr/api/explore/v2.1/catalog/datasets?where=publisher%3D%22Mairie%20de%20Seilh%22&limit=100	json:results		data.toulouse-metropole.fr — publisher-mairie-de-seilh (France)		fr_opendata	opendata	fr	fr,ods,opendata,publisher-mairie-de-seilh	86400	Every dataset on this portal whose publisher is Mairie de Seilh — the publisher's full stream, with field schema and record counts. Served by the ODS platform at data.toulouse-metropole.fr.	no	pending-probe
fr-data-toulouse-metropole-fr-publisher-odr	https://data.toulouse-metropole.fr/api/explore/v2.1/catalog/datasets?where=publisher%3D%22ODR%C3%89%22&limit=100	json:results		data.toulouse-metropole.fr — publisher-odr (France)		fr_opendata	opendata	fr	fr,ods,opendata,publisher-odr	86400	Every dataset on this portal whose publisher is ODRÉ — the publisher's full stream, with field schema and record counts. Served by the ODS platform at data.toulouse-metropole.fr.	no	pending-probe
fr-data-toulouse-metropole-fr-publisher-tiss-o-collectivit-s	https://data.toulouse-metropole.fr/api/explore/v2.1/catalog/datasets?where=publisher%3D%22Tiss%C3%A9o%20Collectivit%C3%A9s%22&limit=100	json:results		data.toulouse-metropole.fr — publisher-tiss-o-collectivit-s (France)		fr_opendata	opendata	fr	fr,ods,opendata,publisher-tiss-o-collectivit-s	86400	Every dataset on this portal whose publisher is Tisséo Collectivités — the publisher's full stream, with field schema and record counts. Served by the ODS platform at data.toulouse-metropole.fr.	no	pending-probe
fr-data-toulouse-metropole-fr-publisher-toulouse-olympique-xiii	https://data.toulouse-metropole.fr/api/explore/v2.1/catalog/datasets?where=publisher%3D%22Toulouse%20Olympique%20XIII%22&limit=100	json:results		data.toulouse-metropole.fr — publisher-toulouse-olympique-xiii (France)		fr_opendata	opendata	fr	fr,ods,opendata,publisher-toulouse-olympique-xiii	86400	Every dataset on this portal whose publisher is Toulouse Olympique XIII — the publisher's full stream, with field schema and record counts. Served by the ODS platform at data.toulouse-metropole.fr.	no	pending-probe
fr-data-toulouse-metropole-fr-publisher-toulouse-team	https://data.toulouse-metropole.fr/api/explore/v2.1/catalog/datasets?where=publisher%3D%22Toulouse%20Team%22&limit=100	json:results		data.toulouse-metropole.fr — publisher-toulouse-team (France)		fr_opendata	opendata	fr	fr,ods,opendata,publisher-toulouse-team	86400	Every dataset on this portal whose publisher is Toulouse Team — the publisher's full stream, with field schema and record counts. Served by the ODS platform at data.toulouse-metropole.fr.	no	pending-probe
fr-data-rennesmetropole-fr-publisher-rennes-m-tropole	https://data.rennesmetropole.fr/api/explore/v2.1/catalog/datasets?where=publisher%3D%22Rennes%20M%C3%A9tropole%22&limit=100	json:results		data.rennesmetropole.fr — publisher-rennes-m-tropole (France)		fr_opendata	opendata	fr	fr,ods,opendata,publisher-rennes-m-tropole	86400	Every dataset on this portal whose publisher is Rennes Métropole — the publisher's full stream, with field schema and record counts. Served by the ODS platform at data.rennesmetropole.fr.	no	pending-probe
fr-data-rennesmetropole-fr-publisher-ville-de-rennes	https://data.rennesmetropole.fr/api/explore/v2.1/catalog/datasets?where=publisher%3D%22Ville%20de%20Rennes%22&limit=100	json:results		data.rennesmetropole.fr — publisher-ville-de-rennes (France)		fr_opendata	opendata	fr	fr,ods,opendata,publisher-ville-de-rennes	86400	Every dataset on this portal whose publisher is Ville de Rennes — the publisher's full stream, with field schema and record counts. Served by the ODS platform at data.rennesmetropole.fr.	no	pending-probe
fr-data-rennesmetropole-fr-publisher-star	https://data.rennesmetropole.fr/api/explore/v2.1/catalog/datasets?where=publisher%3D%22STAR%22&limit=100	json:results		data.rennesmetropole.fr — publisher-star (France)		fr_opendata	opendata	fr	fr,ods,opendata,publisher-star	86400	Every dataset on this portal whose publisher is STAR — the publisher's full stream, with field schema and record counts. Served by the ODS platform at data.rennesmetropole.fr.	no	pending-probe
fr-data-rennesmetropole-fr-publisher-rennes-m-tropole-direction-de-la-voirie-	https://data.rennesmetropole.fr/api/explore/v2.1/catalog/datasets?where=publisher%3D%22Rennes%20M%C3%A9tropole%20-%20Direction%20de%20la%20Voirie%20-%20Services%20g%C3%A9n%C3%A9raux%20Patrimoine%22&limit=100	json:results		data.rennesmetropole.fr — publisher-rennes-m-tropole-direction-de-la-voirie- (France)		fr_opendata	opendata	fr	fr,ods,opendata,publisher-rennes-m-tropole-direction-de-la-voirie-	86400	Every dataset on this portal whose publisher is Rennes Métropole - Direction de la Voirie - Services généraux Patrimoine — the publisher's full stream, with field schema and record counts. Served by the ODS platform at data.rennesmetropole.fr.	no	pending-probe
fr-data-rennesmetropole-fr-publisher-pays-de-rennes	https://data.rennesmetropole.fr/api/explore/v2.1/catalog/datasets?where=publisher%3D%22Pays%20de%20Rennes%22&limit=100	json:results		data.rennesmetropole.fr — publisher-pays-de-rennes (France)		fr_opendata	opendata	fr	fr,ods,opendata,publisher-pays-de-rennes	86400	Every dataset on this portal whose publisher is Pays de Rennes — the publisher's full stream, with field schema and record counts. Served by the ODS platform at data.rennesmetropole.fr.	no	pending-probe
fr-data-rennesmetropole-fr-publisher-ville-de-saint-jacques-de-la-lande	https://data.rennesmetropole.fr/api/explore/v2.1/catalog/datasets?where=publisher%3D%22Ville%20de%20Saint-Jacques%20de%20la%20Lande%22&limit=100	json:results		data.rennesmetropole.fr — publisher-ville-de-saint-jacques-de-la-lande (France)		fr_opendata	opendata	fr	fr,ods,opendata,publisher-ville-de-saint-jacques-de-la-lande	86400	Every dataset on this portal whose publisher is Ville de Saint-Jacques de la Lande — the publisher's full stream, with field schema and record counts. Served by the ODS platform at data.rennesmetropole.fr.	no	pending-probe
fr-data-rennesmetropole-fr-publisher-ville-de-cesson-s-vign	https://data.rennesmetropole.fr/api/explore/v2.1/catalog/datasets?where=publisher%3D%22Ville%20de%20Cesson-S%C3%A9vign%C3%A9%22&limit=100	json:results		data.rennesmetropole.fr — publisher-ville-de-cesson-s-vign (France)		fr_opendata	opendata	fr	fr,ods,opendata,publisher-ville-de-cesson-s-vign	86400	Every dataset on this portal whose publisher is Ville de Cesson-Sévigné — the publisher's full stream, with field schema and record counts. Served by the ODS platform at data.rennesmetropole.fr.	no	pending-probe
fr-data-rennesmetropole-fr-publisher-ville-de-vezin-le-coquet	https://data.rennesmetropole.fr/api/explore/v2.1/catalog/datasets?where=publisher%3D%22Ville%20de%20Vezin%20le%20Coquet%22&limit=100	json:results		data.rennesmetropole.fr — publisher-ville-de-vezin-le-coquet (France)		fr_opendata	opendata	fr	fr,ods,opendata,publisher-ville-de-vezin-le-coquet	86400	Every dataset on this portal whose publisher is Ville de Vezin le Coquet — the publisher's full stream, with field schema and record counts. Served by the ODS platform at data.rennesmetropole.fr.	no	pending-probe
fr-data-rennesmetropole-fr-publisher-agence-d-urbanisme-et-de-d-veloppement-i	https://data.rennesmetropole.fr/api/explore/v2.1/catalog/datasets?where=publisher%3D%22Agence%20d%27Urbanisme%20et%20de%20D%C3%A9veloppement%20Intercommunal%20de%20l%27Agglom%C3%A9ration%20Rennaise%20%28AUDIAR%29%22&limit=100	json:results		data.rennesmetropole.fr — publisher-agence-d-urbanisme-et-de-d-veloppement-i (France)		fr_opendata	opendata	fr	fr,ods,opendata,publisher-agence-d-urbanisme-et-de-d-veloppement-i	86400	Every dataset on this portal whose publisher is Agence d'Urbanisme et de Développement Intercommunal de l'Agglomération Rennaise (AUDIAR) — the publisher's full stream, with field schema and record counts. Served by the ODS platform at data.rennesmetropole.fr.	no	pending-probe
fr-data-rennesmetropole-fr-publisher-les-champs-libres	https://data.rennesmetropole.fr/api/explore/v2.1/catalog/datasets?where=publisher%3D%22Les%20Champs%20Libres%22&limit=100	json:results		data.rennesmetropole.fr — publisher-les-champs-libres (France)		fr_opendata	opendata	fr	fr,ods,opendata,publisher-les-champs-libres	86400	Every dataset on this portal whose publisher is Les Champs Libres — the publisher's full stream, with field schema and record counts. Served by the ODS platform at data.rennesmetropole.fr.	no	pending-probe
fr-data-rennesmetropole-fr-publisher-rennes-m-tropole-direction-du-patrimoine	https://data.rennesmetropole.fr/api/explore/v2.1/catalog/datasets?where=publisher%3D%22Rennes%20M%C3%A9tropole%20-%20Direction%20du%20Patrimoine%20B%C3%A2ti%22&limit=100	json:results		data.rennesmetropole.fr — publisher-rennes-m-tropole-direction-du-patrimoine (France)		fr_opendata	opendata	fr	fr,ods,opendata,publisher-rennes-m-tropole-direction-du-patrimoine	86400	Every dataset on this portal whose publisher is Rennes Métropole - Direction du Patrimoine Bâti — the publisher's full stream, with field schema and record counts. Served by the ODS platform at data.rennesmetropole.fr.	no	pending-probe
fr-data-rennesmetropole-fr-publisher-ville-de-noyal-ch-tillon-sur-seiche	https://data.rennesmetropole.fr/api/explore/v2.1/catalog/datasets?where=publisher%3D%22Ville%20de%20Noyal-Ch%C3%A2tillon-sur-Seiche%22&limit=100	json:results		data.rennesmetropole.fr — publisher-ville-de-noyal-ch-tillon-sur-seiche (France)		fr_opendata	opendata	fr	fr,ods,opendata,publisher-ville-de-noyal-ch-tillon-sur-seiche	86400	Every dataset on this portal whose publisher is Ville de Noyal-Châtillon-sur-Seiche — the publisher's full stream, with field schema and record counts. Served by the ODS platform at data.rennesmetropole.fr.	no	pending-probe
fr-data-rennesmetropole-fr-publisher-ville-de-thorign-fouillard	https://data.rennesmetropole.fr/api/explore/v2.1/catalog/datasets?where=publisher%3D%22Ville%20de%20Thorign%C3%A9-Fouillard%22&limit=100	json:results		data.rennesmetropole.fr — publisher-ville-de-thorign-fouillard (France)		fr_opendata	opendata	fr	fr,ods,opendata,publisher-ville-de-thorign-fouillard	86400	Every dataset on this portal whose publisher is Ville de Thorigné-Fouillard — the publisher's full stream, with field schema and record counts. Served by the ODS platform at data.rennesmetropole.fr.	no	pending-probe
fr-data-rennesmetropole-fr-publisher-insee	https://data.rennesmetropole.fr/api/explore/v2.1/catalog/datasets?where=publisher%3D%22INSEE%22&limit=100	json:results		data.rennesmetropole.fr — publisher-insee (France)		fr_opendata	opendata	fr	fr,ods,opendata,publisher-insee	86400	Every dataset on this portal whose publisher is INSEE — the publisher's full stream, with field schema and record counts. Served by the ODS platform at data.rennesmetropole.fr.	no	pending-probe
fr-data-rennesmetropole-fr-publisher-ville-de-rennes-direction-de-la-voirie-s	https://data.rennesmetropole.fr/api/explore/v2.1/catalog/datasets?where=publisher%3D%22Ville%20de%20Rennes%20-%20Direction%20de%20la%20Voirie%20-%20Service%20Propret%C3%A9%20et%20F%C3%AAtes%22&limit=100	json:results		data.rennesmetropole.fr — publisher-ville-de-rennes-direction-de-la-voirie-s (France)		fr_opendata	opendata	fr	fr,ods,opendata,publisher-ville-de-rennes-direction-de-la-voirie-s	86400	Every dataset on this portal whose publisher is Ville de Rennes - Direction de la Voirie - Service Propreté et Fêtes — the publisher's full stream, with field schema and record counts. Served by the ODS platform at data.rennesmetropole.fr.	no	pending-probe
fr-data-rennesmetropole-fr-publisher-commune-d-acign	https://data.rennesmetropole.fr/api/explore/v2.1/catalog/datasets?where=publisher%3D%22Commune%20d%27Acign%C3%A9%22&limit=100	json:results		data.rennesmetropole.fr — publisher-commune-d-acign (France)		fr_opendata	opendata	fr	fr,ods,opendata,publisher-commune-d-acign	86400	Every dataset on this portal whose publisher is Commune d'Acigné — the publisher's full stream, with field schema and record counts. Served by the ODS platform at data.rennesmetropole.fr.	no	pending-probe
fr-data-rennesmetropole-fr-publisher-archives-de-rennes	https://data.rennesmetropole.fr/api/explore/v2.1/catalog/datasets?where=publisher%3D%22Archives%20de%20Rennes%22&limit=100	json:results		data.rennesmetropole.fr — publisher-archives-de-rennes (France)		fr_opendata	opendata	fr	fr,ods,opendata,publisher-archives-de-rennes	86400	Every dataset on this portal whose publisher is Archives de Rennes — the publisher's full stream, with field schema and record counts. Served by the ODS platform at data.rennesmetropole.fr.	no	pending-probe
fr-data-rennesmetropole-fr-publisher-audiar-rennes-m-tropole	https://data.rennesmetropole.fr/api/explore/v2.1/catalog/datasets?where=publisher%3D%22Audiar%20-%20Rennes%20M%C3%A9tropole%22&limit=100	json:results		data.rennesmetropole.fr — publisher-audiar-rennes-m-tropole (France)		fr_opendata	opendata	fr	fr,ods,opendata,publisher-audiar-rennes-m-tropole	86400	Every dataset on this portal whose publisher is Audiar - Rennes Métropole — the publisher's full stream, with field schema and record counts. Served by the ODS platform at data.rennesmetropole.fr.	no	pending-probe
fr-data-rennesmetropole-fr-publisher-cit-dia	https://data.rennesmetropole.fr/api/explore/v2.1/catalog/datasets?where=publisher%3D%22Cit%C3%A9dia%22&limit=100	json:results		data.rennesmetropole.fr — publisher-cit-dia (France)		fr_opendata	opendata	fr	fr,ods,opendata,publisher-cit-dia	86400	Every dataset on this portal whose publisher is Citédia — the publisher's full stream, with field schema and record counts. Served by the ODS platform at data.rennesmetropole.fr.	no	pending-probe
fr-data-rennesmetropole-fr-publisher-commune-de-chavagne	https://data.rennesmetropole.fr/api/explore/v2.1/catalog/datasets?where=publisher%3D%22Commune%20de%20Chavagne%22&limit=100	json:results		data.rennesmetropole.fr — publisher-commune-de-chavagne (France)		fr_opendata	opendata	fr	fr,ods,opendata,publisher-commune-de-chavagne	86400	Every dataset on this portal whose publisher is Commune de Chavagne — the publisher's full stream, with field schema and record counts. Served by the ODS platform at data.rennesmetropole.fr.	no	pending-probe
fr-data-rennesmetropole-fr-publisher-minist-re-de-l-enseignement-sup-rieur-de	https://data.rennesmetropole.fr/api/explore/v2.1/catalog/datasets?where=publisher%3D%22Minist%C3%A8re%20de%20l%27Enseignement%20sup%C3%A9rieur%2C%20de%20la%20Recherche%20et%20de%20l%27Espace%22&limit=100	json:results		data.rennesmetropole.fr — publisher-minist-re-de-l-enseignement-sup-rieur-de (France)		fr_opendata	opendata	fr	fr,ods,opendata,publisher-minist-re-de-l-enseignement-sup-rieur-de	86400	Every dataset on this portal whose publisher is Ministère de l'Enseignement supérieur, de la Recherche et de l'Espace — the publisher's full stream, with field schema and record counts. Served by the ODS platform at data.rennesmetropole.fr.	no	pending-probe
fr-data-rennesmetropole-fr-publisher-m-galis-bretagne	https://data.rennesmetropole.fr/api/explore/v2.1/catalog/datasets?where=publisher%3D%22M%C3%A9galis%20Bretagne%22&limit=100	json:results		data.rennesmetropole.fr — publisher-m-galis-bretagne (France)		fr_opendata	opendata	fr	fr,ods,opendata,publisher-m-galis-bretagne	86400	Every dataset on this portal whose publisher is Mégalis Bretagne — the publisher's full stream, with field schema and record counts. Served by the ODS platform at data.rennesmetropole.fr.	no	pending-probe
fr-data-rennesmetropole-fr-publisher-rennes-m-tropole-direction-de-l-espace-p	https://data.rennesmetropole.fr/api/explore/v2.1/catalog/datasets?where=publisher%3D%22Rennes%20M%C3%A9tropole%20-%20Direction%20de%20l%27Espace%20public%20et%20des%20Infrastructures%20-%20Service%20Ma%C3%AEtrise%20d%27Oeuvre%20Espace%20public%20et%20Infrastructures%22&limit=100	json:results		data.rennesmetropole.fr — publisher-rennes-m-tropole-direction-de-l-espace-p (France)		fr_opendata	opendata	fr	fr,ods,opendata,publisher-rennes-m-tropole-direction-de-l-espace-p	86400	Every dataset on this portal whose publisher is Rennes Métropole - Direction de l'Espace public et des Infrastructures - Service Maîtrise d'Oeuvre Espace public et Infrastructures — the publisher's full stream, with field schema and record counts. Served by the ODS platform at data.rennesmetropole.fr.	no	pending-probe
fr-data-rennesmetropole-fr-publisher-rennes-m-tropole-direction-des-jardins-e	https://data.rennesmetropole.fr/api/explore/v2.1/catalog/datasets?where=publisher%3D%22Rennes%20M%C3%A9tropole%20-%20Direction%20des%20Jardins%20et%20de%20la%20Biodiversit%C3%A9%22&limit=100	json:results		data.rennesmetropole.fr — publisher-rennes-m-tropole-direction-des-jardins-e (France)		fr_opendata	opendata	fr	fr,ods,opendata,publisher-rennes-m-tropole-direction-des-jardins-e	86400	Every dataset on this portal whose publisher is Rennes Métropole - Direction des Jardins et de la Biodiversité — the publisher's full stream, with field schema and record counts. Served by the ODS platform at data.rennesmetropole.fr.	no	pending-probe
fr-data-rennesmetropole-fr-publisher-4bis-information-jeunesse	https://data.rennesmetropole.fr/api/explore/v2.1/catalog/datasets?where=publisher%3D%224bis%20-%20Information%20Jeunesse%22&limit=100	json:results		data.rennesmetropole.fr — publisher-4bis-information-jeunesse (France)		fr_opendata	opendata	fr	fr,ods,opendata,publisher-4bis-information-jeunesse	86400	Every dataset on this portal whose publisher is 4bis - Information Jeunesse — the publisher's full stream, with field schema and record counts. Served by the ODS platform at data.rennesmetropole.fr.	no	pending-probe
fr-data-rennesmetropole-fr-publisher-arcep	https://data.rennesmetropole.fr/api/explore/v2.1/catalog/datasets?where=publisher%3D%22ARCEP%22&limit=100	json:results		data.rennesmetropole.fr — publisher-arcep (France)		fr_opendata	opendata	fr	fr,ods,opendata,publisher-arcep	86400	Every dataset on this portal whose publisher is ARCEP — the publisher's full stream, with field schema and record counts. Served by the ODS platform at data.rennesmetropole.fr.	no	pending-probe
fr-data-rennesmetropole-fr-publisher-agence-nationale-l-galit-des-territoires	https://data.rennesmetropole.fr/api/explore/v2.1/catalog/datasets?where=publisher%3D%22Agence%20Nationale%20%C3%A0%20l%27%C3%89galit%C3%A9%20des%20Territoires%20%28anct%29%22&limit=100	json:results		data.rennesmetropole.fr — publisher-agence-nationale-l-galit-des-territoires (France)		fr_opendata	opendata	fr	fr,ods,opendata,publisher-agence-nationale-l-galit-des-territoires	86400	Every dataset on this portal whose publisher is Agence Nationale à l'Égalité des Territoires (anct) — the publisher's full stream, with field schema and record counts. Served by the ODS platform at data.rennesmetropole.fr.	no	pending-probe
fr-data-rennesmetropole-fr-publisher-association-trans-musicales	https://data.rennesmetropole.fr/api/explore/v2.1/catalog/datasets?where=publisher%3D%22Association%20Trans%20Musicales%22&limit=100	json:results		data.rennesmetropole.fr — publisher-association-trans-musicales (France)		fr_opendata	opendata	fr	fr,ods,opendata,publisher-association-trans-musicales	86400	Every dataset on this portal whose publisher is Association Trans Musicales — the publisher's full stream, with field schema and record counts. Served by the ODS platform at data.rennesmetropole.fr.	no	pending-probe
fr-data-rennesmetropole-fr-publisher-d-partement-d-ille-et-vilaine	https://data.rennesmetropole.fr/api/explore/v2.1/catalog/datasets?where=publisher%3D%22D%C3%A9partement%20d%27Ille%20et%20Vilaine%22&limit=100	json:results		data.rennesmetropole.fr — publisher-d-partement-d-ille-et-vilaine (France)		fr_opendata	opendata	fr	fr,ods,opendata,publisher-d-partement-d-ille-et-vilaine	86400	Every dataset on this portal whose publisher is Département d'Ille et Vilaine — the publisher's full stream, with field schema and record counts. Served by the ODS platform at data.rennesmetropole.fr.	no	pending-probe
fr-data-rennesmetropole-fr-publisher-d-partement-d-ille-et-vilaine-service-ev	https://data.rennesmetropole.fr/api/explore/v2.1/catalog/datasets?where=publisher%3D%22D%C3%A9partement%20d%27Ille-et-Vilaine%20-%20Service%20Evaluation%20et%20Prospective%22&limit=100	json:results		data.rennesmetropole.fr — publisher-d-partement-d-ille-et-vilaine-service-ev (France)		fr_opendata	opendata	fr	fr,ods,opendata,publisher-d-partement-d-ille-et-vilaine-service-ev	86400	Every dataset on this portal whose publisher is Département d'Ille-et-Vilaine - Service Evaluation et Prospective — the publisher's full stream, with field schema and record counts. Served by the ODS platform at data.rennesmetropole.fr.	no	pending-probe
fr-data-rennesmetropole-fr-publisher-d-partement-d-ille-et-vilaine-et-rennes-	https://data.rennesmetropole.fr/api/explore/v2.1/catalog/datasets?where=publisher%3D%22D%C3%A9partement%20d%27Ille-et-Vilaine%20et%20Rennes%20M%C3%A9tropole%22&limit=100	json:results		data.rennesmetropole.fr — publisher-d-partement-d-ille-et-vilaine-et-rennes- (France)		fr_opendata	opendata	fr	fr,ods,opendata,publisher-d-partement-d-ille-et-vilaine-et-rennes-	86400	Every dataset on this portal whose publisher is Département d'Ille-et-Vilaine et Rennes Métropole — the publisher's full stream, with field schema and record counts. Served by the ODS platform at data.rennesmetropole.fr.	no	pending-probe
fr-data-rennesmetropole-fr-publisher-etablissement-public-territorial-de-bass	https://data.rennesmetropole.fr/api/explore/v2.1/catalog/datasets?where=publisher%3D%22Etablissement%20Public%20Territorial%20de%20Bassin%20Vilaine%20%28EPTB%29%22&limit=100	json:results		data.rennesmetropole.fr — publisher-etablissement-public-territorial-de-bass (France)		fr_opendata	opendata	fr	fr,ods,opendata,publisher-etablissement-public-territorial-de-bass	86400	Every dataset on this portal whose publisher is Etablissement Public Territorial de Bassin Vilaine (EPTB) — the publisher's full stream, with field schema and record counts. Served by the ODS platform at data.rennesmetropole.fr.	no	pending-probe
fr-data-rennesmetropole-fr-publisher-ignf	https://data.rennesmetropole.fr/api/explore/v2.1/catalog/datasets?where=publisher%3D%22IGNF%22&limit=100	json:results		data.rennesmetropole.fr — publisher-ignf (France)		fr_opendata	opendata	fr	fr,ods,opendata,publisher-ignf	86400	Every dataset on this portal whose publisher is IGNF — the publisher's full stream, with field schema and record counts. Served by the ODS platform at data.rennesmetropole.fr.	no	pending-probe
fr-data-nantesmetropole-fr-publisher-ville-de-nantes	https://data.nantesmetropole.fr/api/explore/v2.1/catalog/datasets?where=publisher%3D%22Ville%20de%20Nantes%22&limit=100	json:results		data.nantesmetropole.fr — publisher-ville-de-nantes (France)		fr_opendata	opendata	fr	fr,ods,opendata,publisher-ville-de-nantes	86400	Every dataset on this portal whose publisher is Ville de Nantes — the publisher's full stream, with field schema and record counts. Served by the ODS platform at data.nantesmetropole.fr.	no	pending-probe
fr-data-nantesmetropole-fr-publisher-nantes-m-tropole	https://data.nantesmetropole.fr/api/explore/v2.1/catalog/datasets?where=publisher%3D%22Nantes%20M%C3%A9tropole%22&limit=100	json:results		data.nantesmetropole.fr — publisher-nantes-m-tropole (France)		fr_opendata	opendata	fr	fr,ods,opendata,publisher-nantes-m-tropole	86400	Every dataset on this portal whose publisher is Nantes Métropole — the publisher's full stream, with field schema and record counts. Served by the ODS platform at data.nantesmetropole.fr.	no	pending-probe
fr-data-nantesmetropole-fr-publisher-orvault	https://data.nantesmetropole.fr/api/explore/v2.1/catalog/datasets?where=publisher%3D%22Orvault%22&limit=100	json:results		data.nantesmetropole.fr — publisher-orvault (France)		fr_opendata	opendata	fr	fr,ods,opendata,publisher-orvault	86400	Every dataset on this portal whose publisher is Orvault — the publisher's full stream, with field schema and record counts. Served by the ODS platform at data.nantesmetropole.fr.	no	pending-probe
fr-data-nantesmetropole-fr-publisher-air-pays-de-la-loire	https://data.nantesmetropole.fr/api/explore/v2.1/catalog/datasets?where=publisher%3D%22Air%20Pays%20de%20la%20Loire%22&limit=100	json:results		data.nantesmetropole.fr — publisher-air-pays-de-la-loire (France)		fr_opendata	opendata	fr	fr,ods,opendata,publisher-air-pays-de-la-loire	86400	Every dataset on this portal whose publisher is Air Pays de la Loire — the publisher's full stream, with field schema and record counts. Served by the ODS platform at data.nantesmetropole.fr.	no	pending-probe
fr-data-nantesmetropole-fr-publisher-semitan	https://data.nantesmetropole.fr/api/explore/v2.1/catalog/datasets?where=publisher%3D%22Semitan%22&limit=100	json:results		data.nantesmetropole.fr — publisher-semitan (France)		fr_opendata	opendata	fr	fr,ods,opendata,publisher-semitan	86400	Every dataset on this portal whose publisher is Semitan — the publisher's full stream, with field schema and record counts. Served by the ODS platform at data.nantesmetropole.fr.	no	pending-probe
fr-data-nantesmetropole-fr-publisher-ville-de-saint-herblain	https://data.nantesmetropole.fr/api/explore/v2.1/catalog/datasets?where=publisher%3D%22Ville%20de%20Saint-Herblain%22&limit=100	json:results		data.nantesmetropole.fr — publisher-ville-de-saint-herblain (France)		fr_opendata	opendata	fr	fr,ods,opendata,publisher-ville-de-saint-herblain	86400	Every dataset on this portal whose publisher is Ville de Saint-Herblain — the publisher's full stream, with field schema and record counts. Served by the ODS platform at data.nantesmetropole.fr.	no	pending-probe
fr-data-nantesmetropole-fr-publisher-jcdecaux	https://data.nantesmetropole.fr/api/explore/v2.1/catalog/datasets?where=publisher%3D%22JCDecaux%22&limit=100	json:results		data.nantesmetropole.fr — publisher-jcdecaux (France)		fr_opendata	opendata	fr	fr,ods,opendata,publisher-jcdecaux	86400	Every dataset on this portal whose publisher is JCDecaux — the publisher's full stream, with field schema and record counts. Served by the ODS platform at data.nantesmetropole.fr.	no	pending-probe
fr-data-nantesmetropole-fr-publisher-le-pellerin	https://data.nantesmetropole.fr/api/explore/v2.1/catalog/datasets?where=publisher%3D%22Le%20Pellerin%22&limit=100	json:results		data.nantesmetropole.fr — publisher-le-pellerin (France)		fr_opendata	opendata	fr	fr,ods,opendata,publisher-le-pellerin	86400	Every dataset on this portal whose publisher is Le Pellerin — the publisher's full stream, with field schema and record counts. Served by the ODS platform at data.nantesmetropole.fr.	no	pending-probe
fr-data-nantesmetropole-fr-publisher-place-au-v-lo	https://data.nantesmetropole.fr/api/explore/v2.1/catalog/datasets?where=publisher%3D%22Place%20au%20v%C3%A9lo%22&limit=100	json:results		data.nantesmetropole.fr — publisher-place-au-v-lo (France)		fr_opendata	opendata	fr	fr,ods,opendata,publisher-place-au-v-lo	86400	Every dataset on this portal whose publisher is Place au vélo — the publisher's full stream, with field schema and record counts. Served by the ODS platform at data.nantesmetropole.fr.	no	pending-probe
fr-data-nantesmetropole-fr-publisher-saint-aignan-de-grand-lieu	https://data.nantesmetropole.fr/api/explore/v2.1/catalog/datasets?where=publisher%3D%22Saint-Aignan%20de%20Grand%20Lieu%22&limit=100	json:results		data.nantesmetropole.fr — publisher-saint-aignan-de-grand-lieu (France)		fr_opendata	opendata	fr	fr,ods,opendata,publisher-saint-aignan-de-grand-lieu	86400	Every dataset on this portal whose publisher is Saint-Aignan de Grand Lieu — the publisher's full stream, with field schema and record counts. Served by the ODS platform at data.nantesmetropole.fr.	no	pending-probe
fr-data-nantesmetropole-fr-publisher-insee	https://data.nantesmetropole.fr/api/explore/v2.1/catalog/datasets?where=publisher%3D%22INSEE%22&limit=100	json:results		data.nantesmetropole.fr — publisher-insee (France)		fr_opendata	opendata	fr	fr,ods,opendata,publisher-insee	86400	Every dataset on this portal whose publisher is INSEE — the publisher's full stream, with field schema and record counts. Served by the ODS platform at data.nantesmetropole.fr.	no	pending-probe
fr-data-nantesmetropole-fr-publisher-atlanpole	https://data.nantesmetropole.fr/api/explore/v2.1/catalog/datasets?where=publisher%3D%22Atlanpole%22&limit=100	json:results		data.nantesmetropole.fr — publisher-atlanpole (France)		fr_opendata	opendata	fr	fr,ods,opendata,publisher-atlanpole	86400	Every dataset on this portal whose publisher is Atlanpole — the publisher's full stream, with field schema and record counts. Served by the ODS platform at data.nantesmetropole.fr.	no	pending-probe
fr-data-nantesmetropole-fr-publisher-citiz	https://data.nantesmetropole.fr/api/explore/v2.1/catalog/datasets?where=publisher%3D%22Citiz%22&limit=100	json:results		data.nantesmetropole.fr — publisher-citiz (France)		fr_opendata	opendata	fr	fr,ods,opendata,publisher-citiz	86400	Every dataset on this portal whose publisher is Citiz — the publisher's full stream, with field schema and record counts. Served by the ODS platform at data.nantesmetropole.fr.	no	pending-probe
fr-data-nantesmetropole-fr-publisher-compostri	https://data.nantesmetropole.fr/api/explore/v2.1/catalog/datasets?where=publisher%3D%22Compostri%22&limit=100	json:results		data.nantesmetropole.fr — publisher-compostri (France)		fr_opendata	opendata	fr	fr,ods,opendata,publisher-compostri	86400	Every dataset on this portal whose publisher is Compostri — the publisher's full stream, with field schema and record counts. Served by the ODS platform at data.nantesmetropole.fr.	no	pending-probe
fr-data-nantesmetropole-fr-publisher-ecov	https://data.nantesmetropole.fr/api/explore/v2.1/catalog/datasets?where=publisher%3D%22Ecov%22&limit=100	json:results		data.nantesmetropole.fr — publisher-ecov (France)		fr_opendata	opendata	fr	fr,ods,opendata,publisher-ecov	86400	Every dataset on this portal whose publisher is Ecov — the publisher's full stream, with field schema and record counts. Served by the ODS platform at data.nantesmetropole.fr.	no	pending-probe
fr-data-nantesmetropole-fr-publisher-ecovelo	https://data.nantesmetropole.fr/api/explore/v2.1/catalog/datasets?where=publisher%3D%22Ecovelo%22&limit=100	json:results		data.nantesmetropole.fr — publisher-ecovelo (France)		fr_opendata	opendata	fr	fr,ods,opendata,publisher-ecovelo	86400	Every dataset on this portal whose publisher is Ecovelo — the publisher's full stream, with field schema and record counts. Served by the ODS platform at data.nantesmetropole.fr.	no	pending-probe
fr-data-nantesmetropole-fr-publisher-exem	https://data.nantesmetropole.fr/api/explore/v2.1/catalog/datasets?where=publisher%3D%22Exem%22&limit=100	json:results		data.nantesmetropole.fr — publisher-exem (France)		fr_opendata	opendata	fr	fr,ods,opendata,publisher-exem	86400	Every dataset on this portal whose publisher is Exem — the publisher's full stream, with field schema and record counts. Served by the ODS platform at data.nantesmetropole.fr.	no	pending-probe
fr-data-nantesmetropole-fr-publisher-la-poste	https://data.nantesmetropole.fr/api/explore/v2.1/catalog/datasets?where=publisher%3D%22La%20Poste%22&limit=100	json:results		data.nantesmetropole.fr — publisher-la-poste (France)		fr_opendata	opendata	fr	fr,ods,opendata,publisher-la-poste	86400	Every dataset on this portal whose publisher is La Poste — the publisher's full stream, with field schema and record counts. Served by the ODS platform at data.nantesmetropole.fr.	no	pending-probe
fr-data-nantesmetropole-fr-publisher-pollinarium-sentinelle	https://data.nantesmetropole.fr/api/explore/v2.1/catalog/datasets?where=publisher%3D%22Pollinarium%20sentinelle%22&limit=100	json:results		data.nantesmetropole.fr — publisher-pollinarium-sentinelle (France)		fr_opendata	opendata	fr	fr,ods,opendata,publisher-pollinarium-sentinelle	86400	Every dataset on this portal whose publisher is Pollinarium sentinelle — the publisher's full stream, with field schema and record counts. Served by the ODS platform at data.nantesmetropole.fr.	no	pending-probe
fr-data-nantesmetropole-fr-publisher-rez	https://data.nantesmetropole.fr/api/explore/v2.1/catalog/datasets?where=publisher%3D%22Rez%C3%A9%22&limit=100	json:results		data.nantesmetropole.fr — publisher-rez (France)		fr_opendata	opendata	fr	fr,ods,opendata,publisher-rez	86400	Every dataset on this portal whose publisher is Rezé — the publisher's full stream, with field schema and record counts. Served by the ODS platform at data.nantesmetropole.fr.	no	pending-probe
fr-opendata-bordeaux-metropole-fr-publisher-bordeaux-m-tropole	https://opendata.bordeaux-metropole.fr/api/explore/v2.1/catalog/datasets?where=publisher%3D%22Bordeaux%20M%C3%A9tropole%22&limit=100	json:results		opendata.bordeaux-metropole.fr — publisher-bordeaux-m-tropole (France)		fr_opendata	opendata	fr	fr,ods,opendata,publisher-bordeaux-m-tropole	86400	Every dataset on this portal whose publisher is Bordeaux Métropole — the publisher's full stream, with field schema and record counts. Served by the ODS platform at opendata.bordeaux-metropole.fr.	no	pending-probe
fr-opendata-bordeaux-metropole-fr-publisher-ville-de-bordeaux	https://opendata.bordeaux-metropole.fr/api/explore/v2.1/catalog/datasets?where=publisher%3D%22Ville%20de%20Bordeaux%22&limit=100	json:results		opendata.bordeaux-metropole.fr — publisher-ville-de-bordeaux (France)		fr_opendata	opendata	fr	fr,ods,opendata,publisher-ville-de-bordeaux	86400	Every dataset on this portal whose publisher is Ville de Bordeaux — the publisher's full stream, with field schema and record counts. Served by the ODS platform at opendata.bordeaux-metropole.fr.	no	pending-probe
fr-opendata-bordeaux-metropole-fr-publisher-ville-de-talence	https://opendata.bordeaux-metropole.fr/api/explore/v2.1/catalog/datasets?where=publisher%3D%22Ville%20de%20Talence%22&limit=100	json:results		opendata.bordeaux-metropole.fr — publisher-ville-de-talence (France)		fr_opendata	opendata	fr	fr,ods,opendata,publisher-ville-de-talence	86400	Every dataset on this portal whose publisher is Ville de Talence — the publisher's full stream, with field schema and record counts. Served by the ODS platform at opendata.bordeaux-metropole.fr.	no	pending-probe
fr-opendata-bordeaux-metropole-fr-publisher-ville-le-haillan	https://opendata.bordeaux-metropole.fr/api/explore/v2.1/catalog/datasets?where=publisher%3D%22Ville%20Le%20Haillan%22&limit=100	json:results		opendata.bordeaux-metropole.fr — publisher-ville-le-haillan (France)		fr_opendata	opendata	fr	fr,ods,opendata,publisher-ville-le-haillan	86400	Every dataset on this portal whose publisher is Ville Le Haillan — the publisher's full stream, with field schema and record counts. Served by the ODS platform at opendata.bordeaux-metropole.fr.	no	pending-probe
fr-opendata-bordeaux-metropole-fr-publisher-bureau-de-recherches-g-ologiques-et-mini	https://opendata.bordeaux-metropole.fr/api/explore/v2.1/catalog/datasets?where=publisher%3D%22Bureau%20de%20Recherches%20G%C3%A9ologiques%20et%20Mini%C3%A8res%22&limit=100	json:results		opendata.bordeaux-metropole.fr — publisher-bureau-de-recherches-g-ologiques-et-mini (France)		fr_opendata	opendata	fr	fr,ods,opendata,publisher-bureau-de-recherches-g-ologiques-et-mini	86400	Every dataset on this portal whose publisher is Bureau de Recherches Géologiques et Minières — the publisher's full stream, with field schema and record counts. Served by the ODS platform at opendata.bordeaux-metropole.fr.	no	pending-probe
fr-opendata-bordeaux-metropole-fr-publisher-ccas-de-la-ville-de-bordeaux	https://opendata.bordeaux-metropole.fr/api/explore/v2.1/catalog/datasets?where=publisher%3D%22CCAS%20de%20la%20ville%20de%20Bordeaux%22&limit=100	json:results		opendata.bordeaux-metropole.fr — publisher-ccas-de-la-ville-de-bordeaux (France)		fr_opendata	opendata	fr	fr,ods,opendata,publisher-ccas-de-la-ville-de-bordeaux	86400	Every dataset on this portal whose publisher is CCAS de la ville de Bordeaux — the publisher's full stream, with field schema and record counts. Served by the ODS platform at opendata.bordeaux-metropole.fr.	no	pending-probe
fr-opendata-bordeaux-metropole-fr-publisher-insee	https://opendata.bordeaux-metropole.fr/api/explore/v2.1/catalog/datasets?where=publisher%3D%22INSEE%22&limit=100	json:results		opendata.bordeaux-metropole.fr — publisher-insee (France)		fr_opendata	opendata	fr	fr,ods,opendata,publisher-insee	86400	Every dataset on this portal whose publisher is INSEE — the publisher's full stream, with field schema and record counts. Served by the ODS platform at opendata.bordeaux-metropole.fr.	no	pending-probe
fr-opendata-bordeaux-metropole-fr-publisher-ville-de-m-rignac	https://opendata.bordeaux-metropole.fr/api/explore/v2.1/catalog/datasets?where=publisher%3D%22Ville%20de%20M%C3%A9rignac%22&limit=100	json:results		opendata.bordeaux-metropole.fr — publisher-ville-de-m-rignac (France)		fr_opendata	opendata	fr	fr,ods,opendata,publisher-ville-de-m-rignac	86400	Every dataset on this portal whose publisher is Ville de Mérignac — the publisher's full stream, with field schema and record counts. Served by the ODS platform at opendata.bordeaux-metropole.fr.	no	pending-probe
fr-opendata-bordeaux-metropole-fr-publisher-arcep	https://opendata.bordeaux-metropole.fr/api/explore/v2.1/catalog/datasets?where=publisher%3D%22ARCEP%22&limit=100	json:results		opendata.bordeaux-metropole.fr — publisher-arcep (France)		fr_opendata	opendata	fr	fr,ods,opendata,publisher-arcep	86400	Every dataset on this portal whose publisher is ARCEP — the publisher's full stream, with field schema and record counts. Served by the ODS platform at opendata.bordeaux-metropole.fr.	no	pending-probe
fr-opendata-bordeaux-metropole-fr-publisher-minist-re-de-l-int-rieur	https://opendata.bordeaux-metropole.fr/api/explore/v2.1/catalog/datasets?where=publisher%3D%22Minist%C3%A8re%20de%20l%27Int%C3%A9rieur%22&limit=100	json:results		opendata.bordeaux-metropole.fr — publisher-minist-re-de-l-int-rieur (France)		fr_opendata	opendata	fr	fr,ods,opendata,publisher-minist-re-de-l-int-rieur	86400	Every dataset on this portal whose publisher is Ministère de l'Intérieur — the publisher's full stream, with field schema and record counts. Served by the ODS platform at opendata.bordeaux-metropole.fr.	no	pending-probe
fr-opendata-bordeaux-metropole-fr-publisher-atmo-nouvelle-aquitaine	https://opendata.bordeaux-metropole.fr/api/explore/v2.1/catalog/datasets?where=publisher%3D%22Atmo%20Nouvelle-Aquitaine%22&limit=100	json:results		opendata.bordeaux-metropole.fr — publisher-atmo-nouvelle-aquitaine (France)		fr_opendata	opendata	fr	fr,ods,opendata,publisher-atmo-nouvelle-aquitaine	86400	Every dataset on this portal whose publisher is Atmo Nouvelle-Aquitaine — the publisher's full stream, with field schema and record counts. Served by the ODS platform at opendata.bordeaux-metropole.fr.	no	pending-probe
fr-opendata-bordeaux-metropole-fr-publisher-direction-g-n-rale-des-collectivit-s-loc	https://opendata.bordeaux-metropole.fr/api/explore/v2.1/catalog/datasets?where=publisher%3D%22Direction%20G%C3%A9n%C3%A9rale%20des%20Collectivit%C3%A9s%20Locales%20%28DGCL%29%2C%20DGFIP%22&limit=100	json:results		opendata.bordeaux-metropole.fr — publisher-direction-g-n-rale-des-collectivit-s-loc (France)		fr_opendata	opendata	fr	fr,ods,opendata,publisher-direction-g-n-rale-des-collectivit-s-loc	86400	Every dataset on this portal whose publisher is Direction Générale des Collectivités Locales (DGCL), DGFIP — the publisher's full stream, with field schema and record counts. Served by the ODS platform at opendata.bordeaux-metropole.fr.	no	pending-probe
fr-opendata-bordeaux-metropole-fr-publisher-institut-national-de-l-origine-et-de-la-	https://opendata.bordeaux-metropole.fr/api/explore/v2.1/catalog/datasets?where=publisher%3D%22Institut%20National%20de%20l%27Origine%20et%20de%20la%20qualit%C3%A9%22&limit=100	json:results		opendata.bordeaux-metropole.fr — publisher-institut-national-de-l-origine-et-de-la- (France)		fr_opendata	opendata	fr	fr,ods,opendata,publisher-institut-national-de-l-origine-et-de-la-	86400	Every dataset on this portal whose publisher is Institut National de l'Origine et de la qualité — the publisher's full stream, with field schema and record counts. Served by the ODS platform at opendata.bordeaux-metropole.fr.	no	pending-probe
fr-opendata-bordeaux-metropole-fr-publisher-ville-de-pessac	https://opendata.bordeaux-metropole.fr/api/explore/v2.1/catalog/datasets?where=publisher%3D%22Ville%20de%20Pessac%22&limit=100	json:results		opendata.bordeaux-metropole.fr — publisher-ville-de-pessac (France)		fr_opendata	opendata	fr	fr,ods,opendata,publisher-ville-de-pessac	86400	Every dataset on this portal whose publisher is Ville de Pessac — the publisher's full stream, with field schema and record counts. Served by the ODS platform at opendata.bordeaux-metropole.fr.	no	pending-probe
fr-opendata-bordeaux-metropole-fr-publisher-atout-france	https://opendata.bordeaux-metropole.fr/api/explore/v2.1/catalog/datasets?where=publisher%3D%22Atout%20France%22&limit=100	json:results		opendata.bordeaux-metropole.fr — publisher-atout-france (France)		fr_opendata	opendata	fr	fr,ods,opendata,publisher-atout-france	86400	Every dataset on this portal whose publisher is Atout France — the publisher's full stream, with field schema and record counts. Served by the ODS platform at opendata.bordeaux-metropole.fr.	no	pending-probe
fr-opendata-bordeaux-metropole-fr-publisher-caisse-nationale-de-l-assurance-maladie	https://opendata.bordeaux-metropole.fr/api/explore/v2.1/catalog/datasets?where=publisher%3D%22Caisse%20nationale%20de%20l%27assurance%20maladie%22&limit=100	json:results		opendata.bordeaux-metropole.fr — publisher-caisse-nationale-de-l-assurance-maladie (France)		fr_opendata	opendata	fr	fr,ods,opendata,publisher-caisse-nationale-de-l-assurance-maladie	86400	Every dataset on this portal whose publisher is Caisse nationale de l'assurance maladie — the publisher's full stream, with field schema and record counts. Served by the ODS platform at opendata.bordeaux-metropole.fr.	no	pending-probe
fr-opendata-bordeaux-metropole-fr-publisher-direction-d-partementale-des-territoires	https://opendata.bordeaux-metropole.fr/api/explore/v2.1/catalog/datasets?where=publisher%3D%22Direction%20D%C3%A9partementale%20des%20Territoires%20et%20de%20la%20Mer%20de%20la%20Gironde%22&limit=100	json:results		opendata.bordeaux-metropole.fr — publisher-direction-d-partementale-des-territoires (France)		fr_opendata	opendata	fr	fr,ods,opendata,publisher-direction-d-partementale-des-territoires	86400	Every dataset on this portal whose publisher is Direction Départementale des Territoires et de la Mer de la Gironde — the publisher's full stream, with field schema and record counts. Served by the ODS platform at opendata.bordeaux-metropole.fr.	no	pending-probe
fr-opendata-bordeaux-metropole-fr-publisher-direction-g-n-rale-des-finances-publique	https://opendata.bordeaux-metropole.fr/api/explore/v2.1/catalog/datasets?where=publisher%3D%22Direction%20g%C3%A9n%C3%A9rale%20des%20Finances%20publiques%22&limit=100	json:results		opendata.bordeaux-metropole.fr — publisher-direction-g-n-rale-des-finances-publique (France)		fr_opendata	opendata	fr	fr,ods,opendata,publisher-direction-g-n-rale-des-finances-publique	86400	Every dataset on this portal whose publisher is Direction générale des Finances publiques — the publisher's full stream, with field schema and record counts. Served by the ODS platform at opendata.bordeaux-metropole.fr.	no	pending-probe
fr-opendata-bordeaux-metropole-fr-publisher-etalab	https://opendata.bordeaux-metropole.fr/api/explore/v2.1/catalog/datasets?where=publisher%3D%22Etalab%22&limit=100	json:results		opendata.bordeaux-metropole.fr — publisher-etalab (France)		fr_opendata	opendata	fr	fr,ods,opendata,publisher-etalab	86400	Every dataset on this portal whose publisher is Etalab — the publisher's full stream, with field schema and record counts. Served by the ODS platform at opendata.bordeaux-metropole.fr.	no	pending-probe
fr-opendata-bordeaux-metropole-fr-publisher-huwise	https://opendata.bordeaux-metropole.fr/api/explore/v2.1/catalog/datasets?where=publisher%3D%22Huwise%22&limit=100	json:results		opendata.bordeaux-metropole.fr — publisher-huwise (France)		fr_opendata	opendata	fr	fr,ods,opendata,publisher-huwise	86400	Every dataset on this portal whose publisher is Huwise — the publisher's full stream, with field schema and record counts. Served by the ODS platform at opendata.bordeaux-metropole.fr.	no	pending-probe
fr-opendata-bordeaux-metropole-fr-publisher-la-poste-branche-services-courrier-colis	https://opendata.bordeaux-metropole.fr/api/explore/v2.1/catalog/datasets?where=publisher%3D%22La%20Poste%20-%20Branche%20Services%20Courrier%20Colis%20-%20P%C3%B4le%20Services%22&limit=100	json:results		opendata.bordeaux-metropole.fr — publisher-la-poste-branche-services-courrier-colis (France)		fr_opendata	opendata	fr	fr,ods,opendata,publisher-la-poste-branche-services-courrier-colis	86400	Every dataset on this portal whose publisher is La Poste - Branche Services Courrier Colis - Pôle Services — the publisher's full stream, with field schema and record counts. Served by the ODS platform at opendata.bordeaux-metropole.fr.	no	pending-probe
fr-opendata-bordeaux-metropole-fr-publisher-meteo-france	https://opendata.bordeaux-metropole.fr/api/explore/v2.1/catalog/datasets?where=publisher%3D%22Meteo%20France%22&limit=100	json:results		opendata.bordeaux-metropole.fr — publisher-meteo-france (France)		fr_opendata	opendata	fr	fr,ods,opendata,publisher-meteo-france	86400	Every dataset on this portal whose publisher is Meteo France — the publisher's full stream, with field schema and record counts. Served by the ODS platform at opendata.bordeaux-metropole.fr.	no	pending-probe
fr-opendata-bordeaux-metropole-fr-publisher-minist-re-des-solidarit-s-et-de-la-sant	https://opendata.bordeaux-metropole.fr/api/explore/v2.1/catalog/datasets?where=publisher%3D%22Minist%C3%A8re%20des%20Solidarit%C3%A9s%20et%20de%20la%20Sant%C3%A9%22&limit=100	json:results		opendata.bordeaux-metropole.fr — publisher-minist-re-des-solidarit-s-et-de-la-sant (France)		fr_opendata	opendata	fr	fr,ods,opendata,publisher-minist-re-des-solidarit-s-et-de-la-sant	86400	Every dataset on this portal whose publisher is Ministère des Solidarités et de la Santé — the publisher's full stream, with field schema and record counts. Served by the ODS platform at opendata.bordeaux-metropole.fr.	no	pending-probe
fr-opendata-bordeaux-metropole-fr-publisher-minist-re-des-solidarit-s-et-de-la-sant-	https://opendata.bordeaux-metropole.fr/api/explore/v2.1/catalog/datasets?where=publisher%3D%22Minist%C3%A8re%20des%20Solidarit%C3%A9s%20et%20de%20la%20Sant%C3%A9%2C%20Etalab%22&limit=100	json:results		opendata.bordeaux-metropole.fr — publisher-minist-re-des-solidarit-s-et-de-la-sant- (France)		fr_opendata	opendata	fr	fr,ods,opendata,publisher-minist-re-des-solidarit-s-et-de-la-sant-	86400	Every dataset on this portal whose publisher is Ministère des Solidarités et de la Santé, Etalab — the publisher's full stream, with field schema and record counts. Served by the ODS platform at opendata.bordeaux-metropole.fr.	no	pending-probe
fr-opendata-bordeaux-metropole-fr-publisher-service-central-d-hydrom-t-orologie-et-d	https://opendata.bordeaux-metropole.fr/api/explore/v2.1/catalog/datasets?where=publisher%3D%22Service%20Central%20d%E2%80%99Hydrom%C3%A9t%C3%A9orologie%20et%20d%E2%80%99Appui%20%C3%A0%20la%20Pr%C3%A9vision%20des%20Inondations%22&limit=100	json:results		opendata.bordeaux-metropole.fr — publisher-service-central-d-hydrom-t-orologie-et-d (France)		fr_opendata	opendata	fr	fr,ods,opendata,publisher-service-central-d-hydrom-t-orologie-et-d	86400	Every dataset on this portal whose publisher is Service Central d’Hydrométéorologie et d’Appui à la Prévision des Inondations — the publisher's full stream, with field schema and record counts. Served by the ODS platform at opendata.bordeaux-metropole.fr.	no	pending-probe
fr-opendata-bordeaux-metropole-fr-publisher-ville-du-taillan-m-doc	https://opendata.bordeaux-metropole.fr/api/explore/v2.1/catalog/datasets?where=publisher%3D%22Ville%20du%20Taillan-M%C3%A9doc%22&limit=100	json:results		opendata.bordeaux-metropole.fr — publisher-ville-du-taillan-m-doc (France)		fr_opendata	opendata	fr	fr,ods,opendata,publisher-ville-du-taillan-m-doc	86400	Every dataset on this portal whose publisher is Ville du Taillan-Médoc — the publisher's full stream, with field schema and record counts. Served by the ODS platform at opendata.bordeaux-metropole.fr.	no	pending-probe
fr-opendata-bordeaux-metropole-fr-publisher-www-ideeslibres-org	https://opendata.bordeaux-metropole.fr/api/explore/v2.1/catalog/datasets?where=publisher%3D%22www.ideeslibres.org%22&limit=100	json:results		opendata.bordeaux-metropole.fr — publisher-www-ideeslibres-org (France)		fr_opendata	opendata	fr	fr,ods,opendata,publisher-www-ideeslibres-org	86400	Every dataset on this portal whose publisher is www.ideeslibres.org — the publisher's full stream, with field schema and record counts. Served by the ODS platform at opendata.bordeaux-metropole.fr.	no	pending-probe
fr-data-centrevaldeloire-fr-publisher-r-gion-centre-val-de-loire	https://data.centrevaldeloire.fr/api/explore/v2.1/catalog/datasets?where=publisher%3D%22R%C3%A9gion%20Centre-Val%20de%20Loire%22&limit=100	json:results		data.centrevaldeloire.fr — publisher-r-gion-centre-val-de-loire (France)		fr_opendata	opendata	fr	fr,ods,opendata,publisher-r-gion-centre-val-de-loire	86400	Every dataset on this portal whose publisher is Région Centre-Val de Loire — the publisher's full stream, with field schema and record counts. Served by the ODS platform at data.centrevaldeloire.fr.	no	pending-probe
fr-data-centrevaldeloire-fr-publisher-insee	https://data.centrevaldeloire.fr/api/explore/v2.1/catalog/datasets?where=publisher%3D%22INSEE%22&limit=100	json:results		data.centrevaldeloire.fr — publisher-insee (France)		fr_opendata	opendata	fr	fr,ods,opendata,publisher-insee	86400	Every dataset on this portal whose publisher is INSEE — the publisher's full stream, with field schema and record counts. Served by the ODS platform at data.centrevaldeloire.fr.	no	pending-probe
fr-data-centrevaldeloire-fr-publisher-ville-du-poin-onnet	https://data.centrevaldeloire.fr/api/explore/v2.1/catalog/datasets?where=publisher%3D%22Ville%20du%20Poin%C3%A7onnet%22&limit=100	json:results		data.centrevaldeloire.fr — publisher-ville-du-poin-onnet (France)		fr_opendata	opendata	fr	fr,ods,opendata,publisher-ville-du-poin-onnet	86400	Every dataset on this portal whose publisher is Ville du Poinçonnet — the publisher's full stream, with field schema and record counts. Served by the ODS platform at data.centrevaldeloire.fr.	no	pending-probe
fr-data-centrevaldeloire-fr-publisher-opendatasoft	https://data.centrevaldeloire.fr/api/explore/v2.1/catalog/datasets?where=publisher%3D%22Opendatasoft%22&limit=100	json:results		data.centrevaldeloire.fr — publisher-opendatasoft (France)		fr_opendata	opendata	fr	fr,ods,opendata,publisher-opendatasoft	86400	Every dataset on this portal whose publisher is Opendatasoft — the publisher's full stream, with field schema and record counts. Served by the ODS platform at data.centrevaldeloire.fr.	no	pending-probe
fr-data-centrevaldeloire-fr-publisher-gip-alfa-centre-val-de-loire	https://data.centrevaldeloire.fr/api/explore/v2.1/catalog/datasets?where=publisher%3D%22GIP%20Alfa%20Centre-Val%20de%20Loire%22&limit=100	json:results		data.centrevaldeloire.fr — publisher-gip-alfa-centre-val-de-loire (France)		fr_opendata	opendata	fr	fr,ods,opendata,publisher-gip-alfa-centre-val-de-loire	86400	Every dataset on this portal whose publisher is GIP Alfa Centre-Val de Loire — the publisher's full stream, with field schema and record counts. Served by the ODS platform at data.centrevaldeloire.fr.	no	pending-probe
fr-data-centrevaldeloire-fr-publisher-dreets-centre-val-de-loire	https://data.centrevaldeloire.fr/api/explore/v2.1/catalog/datasets?where=publisher%3D%22DREETS%20Centre-Val%20de%20Loire%22&limit=100	json:results		data.centrevaldeloire.fr — publisher-dreets-centre-val-de-loire (France)		fr_opendata	opendata	fr	fr,ods,opendata,publisher-dreets-centre-val-de-loire	86400	Every dataset on this portal whose publisher is DREETS Centre-Val de Loire — the publisher's full stream, with field schema and record counts. Served by the ODS platform at data.centrevaldeloire.fr.	no	pending-probe
fr-data-centrevaldeloire-fr-publisher-syst-me-d-information-touristique-tourin	https://data.centrevaldeloire.fr/api/explore/v2.1/catalog/datasets?where=publisher%3D%22Syst%C3%A8me%20d%27information%20touristique%20Tourinsoft-CRT%20Centre-Val%20de%20Loire%22&limit=100	json:results		data.centrevaldeloire.fr — publisher-syst-me-d-information-touristique-tourin (France)		fr_opendata	opendata	fr	fr,ods,opendata,publisher-syst-me-d-information-touristique-tourin	86400	Every dataset on this portal whose publisher is Système d'information touristique Tourinsoft-CRT Centre-Val de Loire — the publisher's full stream, with field schema and record counts. Served by the ODS platform at data.centrevaldeloire.fr.	no	pending-probe
fr-data-centrevaldeloire-fr-publisher-acoss-urssaf	https://data.centrevaldeloire.fr/api/explore/v2.1/catalog/datasets?where=publisher%3D%22Acoss-Urssaf%22&limit=100	json:results		data.centrevaldeloire.fr — publisher-acoss-urssaf (France)		fr_opendata	opendata	fr	fr,ods,opendata,publisher-acoss-urssaf	86400	Every dataset on this portal whose publisher is Acoss-Urssaf — the publisher's full stream, with field schema and record counts. Served by the ODS platform at data.centrevaldeloire.fr.	no	pending-probe
fr-data-centrevaldeloire-fr-publisher-jvmalin	https://data.centrevaldeloire.fr/api/explore/v2.1/catalog/datasets?where=publisher%3D%22JVMALIN%22&limit=100	json:results		data.centrevaldeloire.fr — publisher-jvmalin (France)		fr_opendata	opendata	fr	fr,ods,opendata,publisher-jvmalin	86400	Every dataset on this portal whose publisher is JVMALIN — the publisher's full stream, with field schema and record counts. Served by the ODS platform at data.centrevaldeloire.fr.	no	pending-probe
fr-data-centrevaldeloire-fr-publisher-direction-g-n-rale-des-finances-publique	https://data.centrevaldeloire.fr/api/explore/v2.1/catalog/datasets?where=publisher%3D%22Direction%20G%C3%A9n%C3%A9rale%20des%20Finances%20Publiques%22&limit=100	json:results		data.centrevaldeloire.fr — publisher-direction-g-n-rale-des-finances-publique (France)		fr_opendata	opendata	fr	fr,ods,opendata,publisher-direction-g-n-rale-des-finances-publique	86400	Every dataset on this portal whose publisher is Direction Générale des Finances Publiques — the publisher's full stream, with field schema and record counts. Served by the ODS platform at data.centrevaldeloire.fr.	no	pending-probe
fr-data-centrevaldeloire-fr-publisher-ville-d-argenton-sur-creuse	https://data.centrevaldeloire.fr/api/explore/v2.1/catalog/datasets?where=publisher%3D%22Ville%20d%27Argenton-sur-Creuse%22&limit=100	json:results		data.centrevaldeloire.fr — publisher-ville-d-argenton-sur-creuse (France)		fr_opendata	opendata	fr	fr,ods,opendata,publisher-ville-d-argenton-sur-creuse	86400	Every dataset on this portal whose publisher is Ville d'Argenton-sur-Creuse — the publisher's full stream, with field schema and record counts. Served by the ODS platform at data.centrevaldeloire.fr.	no	pending-probe
fr-data-centrevaldeloire-fr-publisher-communaut-d-agglom-ration-de-chartres	https://data.centrevaldeloire.fr/api/explore/v2.1/catalog/datasets?where=publisher%3D%22Communaut%C3%A9%20d%27Agglom%C3%A9ration%20de%20Chartres%22&limit=100	json:results		data.centrevaldeloire.fr — publisher-communaut-d-agglom-ration-de-chartres (France)		fr_opendata	opendata	fr	fr,ods,opendata,publisher-communaut-d-agglom-ration-de-chartres	86400	Every dataset on this portal whose publisher is Communauté d'Agglomération de Chartres — the publisher's full stream, with field schema and record counts. Served by the ODS platform at data.centrevaldeloire.fr.	no	pending-probe
fr-data-centrevaldeloire-fr-publisher-commune-de-baule	https://data.centrevaldeloire.fr/api/explore/v2.1/catalog/datasets?where=publisher%3D%22Commune%20de%20Baule%22&limit=100	json:results		data.centrevaldeloire.fr — publisher-commune-de-baule (France)		fr_opendata	opendata	fr	fr,ods,opendata,publisher-commune-de-baule	86400	Every dataset on this portal whose publisher is Commune de Baule — the publisher's full stream, with field schema and record counts. Served by the ODS platform at data.centrevaldeloire.fr.	no	pending-probe
fr-data-centrevaldeloire-fr-publisher-etalab	https://data.centrevaldeloire.fr/api/explore/v2.1/catalog/datasets?where=publisher%3D%22Etalab%22&limit=100	json:results		data.centrevaldeloire.fr — publisher-etalab (France)		fr_opendata	opendata	fr	fr,ods,opendata,publisher-etalab	86400	Every dataset on this portal whose publisher is Etalab — the publisher's full stream, with field schema and record counts. Served by the ODS platform at data.centrevaldeloire.fr.	no	pending-probe
fr-data-centrevaldeloire-fr-publisher-minist-re-des-solidarit-s-et-de-la-sant	https://data.centrevaldeloire.fr/api/explore/v2.1/catalog/datasets?where=publisher%3D%22Minist%C3%A8re%20des%20Solidarit%C3%A9s%20et%20de%20la%20Sant%C3%A9%22&limit=100	json:results		data.centrevaldeloire.fr — publisher-minist-re-des-solidarit-s-et-de-la-sant (France)		fr_opendata	opendata	fr	fr,ods,opendata,publisher-minist-re-des-solidarit-s-et-de-la-sant	86400	Every dataset on this portal whose publisher is Ministère des Solidarités et de la Santé — the publisher's full stream, with field schema and record counts. Served by the ODS platform at data.centrevaldeloire.fr.	no	pending-probe
fr-data-centrevaldeloire-fr-publisher-sant-publique-france	https://data.centrevaldeloire.fr/api/explore/v2.1/catalog/datasets?where=publisher%3D%22Sant%C3%A9%20Publique%20France%22&limit=100	json:results		data.centrevaldeloire.fr — publisher-sant-publique-france (France)		fr_opendata	opendata	fr	fr,ods,opendata,publisher-sant-publique-france	86400	Every dataset on this portal whose publisher is Santé Publique France — the publisher's full stream, with field schema and record counts. Served by the ODS platform at data.centrevaldeloire.fr.	no	pending-probe
fr-data-centrevaldeloire-fr-publisher-minist-re-de-l-int-rieur	https://data.centrevaldeloire.fr/api/explore/v2.1/catalog/datasets?where=publisher%3D%22Minist%C3%A8re%20de%20l%27Int%C3%A9rieur%22&limit=100	json:results		data.centrevaldeloire.fr — publisher-minist-re-de-l-int-rieur (France)		fr_opendata	opendata	fr	fr,ods,opendata,publisher-minist-re-de-l-int-rieur	86400	Every dataset on this portal whose publisher is Ministère de l'Intérieur — the publisher's full stream, with field schema and record counts. Served by the ODS platform at data.centrevaldeloire.fr.	no	pending-probe
fr-data-centrevaldeloire-fr-publisher-portail-sig-de-la-r-gion-centre-val-de-l	https://data.centrevaldeloire.fr/api/explore/v2.1/catalog/datasets?where=publisher%3D%22Portail%20SIG%20de%20la%20R%C3%A9gion%20Centre-Val%20de%20Loire%22&limit=100	json:results		data.centrevaldeloire.fr — publisher-portail-sig-de-la-r-gion-centre-val-de-l (France)		fr_opendata	opendata	fr	fr,ods,opendata,publisher-portail-sig-de-la-r-gion-centre-val-de-l	86400	Every dataset on this portal whose publisher is Portail SIG de la Région Centre-Val de Loire — the publisher's full stream, with field schema and record counts. Served by the ODS platform at data.centrevaldeloire.fr.	no	pending-probe
fr-data-centrevaldeloire-fr-publisher-insee-etat-civil	https://data.centrevaldeloire.fr/api/explore/v2.1/catalog/datasets?where=publisher%3D%22INSEE%20-%20Etat%20civil%22&limit=100	json:results		data.centrevaldeloire.fr — publisher-insee-etat-civil (France)		fr_opendata	opendata	fr	fr,ods,opendata,publisher-insee-etat-civil	86400	Every dataset on this portal whose publisher is INSEE - Etat civil — the publisher's full stream, with field schema and record counts. Served by the ODS platform at data.centrevaldeloire.fr.	no	pending-probe
fr-data-centrevaldeloire-fr-publisher-minist-re-de-l-economie-des-finances-et-	https://data.centrevaldeloire.fr/api/explore/v2.1/catalog/datasets?where=publisher%3D%22Minist%C3%A8re%20de%20l%27Economie%2C%20des%20Finances%20et%20de%20l%27Industrie%22&limit=100	json:results		data.centrevaldeloire.fr — publisher-minist-re-de-l-economie-des-finances-et- (France)		fr_opendata	opendata	fr	fr,ods,opendata,publisher-minist-re-de-l-economie-des-finances-et-	86400	Every dataset on this portal whose publisher is Ministère de l'Economie, des Finances et de l'Industrie — the publisher's full stream, with field schema and record counts. Served by the ODS platform at data.centrevaldeloire.fr.	no	pending-probe
fr-data-centrevaldeloire-fr-publisher-minist-re-de-la-culture	https://data.centrevaldeloire.fr/api/explore/v2.1/catalog/datasets?where=publisher%3D%22Minist%C3%A8re%20de%20la%20Culture%22&limit=100	json:results		data.centrevaldeloire.fr — publisher-minist-re-de-la-culture (France)		fr_opendata	opendata	fr	fr,ods,opendata,publisher-minist-re-de-la-culture	86400	Every dataset on this portal whose publisher is Ministère de la Culture — the publisher's full stream, with field schema and record counts. Served by the ODS platform at data.centrevaldeloire.fr.	no	pending-probe
fr-data-centrevaldeloire-fr-publisher-anfr	https://data.centrevaldeloire.fr/api/explore/v2.1/catalog/datasets?where=publisher%3D%22ANFR%22&limit=100	json:results		data.centrevaldeloire.fr — publisher-anfr (France)		fr_opendata	opendata	fr	fr,ods,opendata,publisher-anfr	86400	Every dataset on this portal whose publisher is ANFR — the publisher's full stream, with field schema and record counts. Served by the ODS platform at data.centrevaldeloire.fr.	no	pending-probe
fr-data-centrevaldeloire-fr-publisher-caisse-national-des-allocations-familial	https://data.centrevaldeloire.fr/api/explore/v2.1/catalog/datasets?where=publisher%3D%22Caisse%20National%20des%20Allocations%20Familiales%22&limit=100	json:results		data.centrevaldeloire.fr — publisher-caisse-national-des-allocations-familial (France)		fr_opendata	opendata	fr	fr,ods,opendata,publisher-caisse-national-des-allocations-familial	86400	Every dataset on this portal whose publisher is Caisse National des Allocations Familiales — the publisher's full stream, with field schema and record counts. Served by the ODS platform at data.centrevaldeloire.fr.	no	pending-probe
fr-data-centrevaldeloire-fr-publisher-caisse-nationale-des-allocations-familia	https://data.centrevaldeloire.fr/api/explore/v2.1/catalog/datasets?where=publisher%3D%22Caisse%20Nationale%20des%20Allocations%20Familiales%22&limit=100	json:results		data.centrevaldeloire.fr — publisher-caisse-nationale-des-allocations-familia (France)		fr_opendata	opendata	fr	fr,ods,opendata,publisher-caisse-nationale-des-allocations-familia	86400	Every dataset on this portal whose publisher is Caisse Nationale des Allocations Familiales — the publisher's full stream, with field schema and record counts. Served by the ODS platform at data.centrevaldeloire.fr.	no	pending-probe
fr-data-centrevaldeloire-fr-publisher-dares-minist-re-du-travail-de-l-emploi-e	https://data.centrevaldeloire.fr/api/explore/v2.1/catalog/datasets?where=publisher%3D%22DARES%20-%20Minist%C3%A8re%20du%20travail%2C%20de%20l%27Emploi%20et%20de%20l%27Insertion%20-%20France%20Travail%22&limit=100	json:results		data.centrevaldeloire.fr — publisher-dares-minist-re-du-travail-de-l-emploi-e (France)		fr_opendata	opendata	fr	fr,ods,opendata,publisher-dares-minist-re-du-travail-de-l-emploi-e	86400	Every dataset on this portal whose publisher is DARES - Ministère du travail, de l'Emploi et de l'Insertion - France Travail — the publisher's full stream, with field schema and record counts. Served by the ODS platform at data.centrevaldeloire.fr.	no	pending-probe
fr-data-centrevaldeloire-fr-publisher-ign	https://data.centrevaldeloire.fr/api/explore/v2.1/catalog/datasets?where=publisher%3D%22IGN%22&limit=100	json:results		data.centrevaldeloire.fr — publisher-ign (France)		fr_opendata	opendata	fr	fr,ods,opendata,publisher-ign	86400	Every dataset on this portal whose publisher is IGN — the publisher's full stream, with field schema and record counts. Served by the ODS platform at data.centrevaldeloire.fr.	no	pending-probe
fr-data-centrevaldeloire-fr-publisher-la-poste-service-national-de-l-adresse	https://data.centrevaldeloire.fr/api/explore/v2.1/catalog/datasets?where=publisher%3D%22La%20Poste-Service%20National%20de%20l%27Adresse%22&limit=100	json:results		data.centrevaldeloire.fr — publisher-la-poste-service-national-de-l-adresse (France)		fr_opendata	opendata	fr	fr,ods,opendata,publisher-la-poste-service-national-de-l-adresse	86400	Every dataset on this portal whose publisher is La Poste-Service National de l'Adresse — the publisher's full stream, with field schema and record counts. Served by the ODS platform at data.centrevaldeloire.fr.	no	pending-probe
fr-data-centrevaldeloire-fr-publisher-minist-re-de-l-education-nationale-et-de	https://data.centrevaldeloire.fr/api/explore/v2.1/catalog/datasets?where=publisher%3D%22Minist%C3%A8re%20de%20l%27Education%20Nationale%20et%20de%20la%20Jeunesse%22&limit=100	json:results		data.centrevaldeloire.fr — publisher-minist-re-de-l-education-nationale-et-de (France)		fr_opendata	opendata	fr	fr,ods,opendata,publisher-minist-re-de-l-education-nationale-et-de	86400	Every dataset on this portal whose publisher is Ministère de l'Education Nationale et de la Jeunesse — the publisher's full stream, with field schema and record counts. Served by the ODS platform at data.centrevaldeloire.fr.	no	pending-probe
fr-data-centrevaldeloire-fr-publisher-minist-re-des-sports	https://data.centrevaldeloire.fr/api/explore/v2.1/catalog/datasets?where=publisher%3D%22Minist%C3%A8re%20des%20Sports%22&limit=100	json:results		data.centrevaldeloire.fr — publisher-minist-re-des-sports (France)		fr_opendata	opendata	fr	fr,ods,opendata,publisher-minist-re-des-sports	86400	Every dataset on this portal whose publisher is Ministère des Sports — the publisher's full stream, with field schema and record counts. Served by the ODS platform at data.centrevaldeloire.fr.	no	pending-probe
fr-data-centrevaldeloire-fr-publisher-nosbus-nogent-le-rotrou	https://data.centrevaldeloire.fr/api/explore/v2.1/catalog/datasets?where=publisher%3D%22Nosbus%20%28Nogent-le-Rotrou%29%22&limit=100	json:results		data.centrevaldeloire.fr — publisher-nosbus-nogent-le-rotrou (France)		fr_opendata	opendata	fr	fr,ods,opendata,publisher-nosbus-nogent-le-rotrou	86400	Every dataset on this portal whose publisher is Nosbus (Nogent-le-Rotrou) — the publisher's full stream, with field schema and record counts. Served by the ODS platform at data.centrevaldeloire.fr.	no	pending-probe
fr-data-laregion-fr-publisher-r-gion-occitanie	https://data.laregion.fr/api/explore/v2.1/catalog/datasets?where=publisher%3D%22R%C3%A9gion%20Occitanie%22&limit=100	json:results		data.laregion.fr — publisher-r-gion-occitanie (France)		fr_opendata	opendata	fr	fr,ods,opendata,publisher-r-gion-occitanie	86400	Every dataset on this portal whose publisher is Région Occitanie — the publisher's full stream, with field schema and record counts. Served by the ODS platform at data.laregion.fr.	no	pending-probe
fr-data-laregion-fr-publisher-minist-re-de-la-culture	https://data.laregion.fr/api/explore/v2.1/catalog/datasets?where=publisher%3D%22Minist%C3%A8re%20de%20la%20Culture%22&limit=100	json:results		data.laregion.fr — publisher-minist-re-de-la-culture (France)		fr_opendata	opendata	fr	fr,ods,opendata,publisher-minist-re-de-la-culture	86400	Every dataset on this portal whose publisher is Ministère de la Culture — the publisher's full stream, with field schema and record counts. Served by the ODS platform at data.laregion.fr.	no	pending-probe
fr-data-laregion-fr-publisher-minist-re-de-l-int-rieur	https://data.laregion.fr/api/explore/v2.1/catalog/datasets?where=publisher%3D%22Minist%C3%A8re%20de%20l%27Int%C3%A9rieur%22&limit=100	json:results		data.laregion.fr — publisher-minist-re-de-l-int-rieur (France)		fr_opendata	opendata	fr	fr,ods,opendata,publisher-minist-re-de-l-int-rieur	86400	Every dataset on this portal whose publisher is Ministère de l'Intérieur — the publisher's full stream, with field schema and record counts. Served by the ODS platform at data.laregion.fr.	no	pending-probe
fr-data-laregion-fr-publisher-occitanie-pyr-n-es-en-intelligence-g-oma	https://data.laregion.fr/api/explore/v2.1/catalog/datasets?where=publisher%3D%22Occitanie%20Pyr%C3%A9n%C3%A9es%20en%20Intelligence%20G%C3%A9omatique%22&limit=100	json:results		data.laregion.fr — publisher-occitanie-pyr-n-es-en-intelligence-g-oma (France)		fr_opendata	opendata	fr	fr,ods,opendata,publisher-occitanie-pyr-n-es-en-intelligence-g-oma	86400	Every dataset on this portal whose publisher is Occitanie Pyrénées en Intelligence Géomatique — the publisher's full stream, with field schema and record counts. Served by the ODS platform at data.laregion.fr.	no	pending-probe
fr-data-ratp-fr-publisher-ratp	https://data.ratp.fr/api/explore/v2.1/catalog/datasets?where=publisher%3D%22RATP%22&limit=100	json:results		data.ratp.fr — publisher-ratp (France)		fr_opendata	opendata	fr	fr,ods,opendata,publisher-ratp	86400	Every dataset on this portal whose publisher is RATP — the publisher's full stream, with field schema and record counts. Served by the ODS platform at data.ratp.fr.	no	pending-probe
fr-data-ratp-fr-publisher-ville-de-paris	https://data.ratp.fr/api/explore/v2.1/catalog/datasets?where=publisher%3D%22Ville%20de%20Paris%22&limit=100	json:results		data.ratp.fr — publisher-ville-de-paris (France)		fr_opendata	opendata	fr	fr,ods,opendata,publisher-ville-de-paris	86400	Every dataset on this portal whose publisher is Ville de Paris — the publisher's full stream, with field schema and record counts. Served by the ODS platform at data.ratp.fr.	no	pending-probe
us-data-cityofnewyork-us-catalog	https://data.cityofnewyork.us/api/catalog/v1?limit=100	json:results		data.cityofnewyork.us — catalog (United States)		us_opendata	opendata	en	us,socrata,opendata,catalog	86400	Socrata discovery catalogue: every dataset with owner, category, provenance, update cadence and column metadata. Served by the SOCRATA platform at data.cityofnewyork.us.	no	pending-probe
us-data-cityofnewyork-us-views	https://data.cityofnewyork.us/api/views/metadata/v1	json-array		data.cityofnewyork.us — views (United States)		us_opendata	opendata	en	us,socrata,opendata,views	86400	Per-view metadata for every dataset on the domain. Served by the SOCRATA platform at data.cityofnewyork.us.	no	pending-probe
us-health-data-ny-gov-catalog	https://health.data.ny.gov/api/catalog/v1?limit=100	json:results		health.data.ny.gov — catalog (United States)		us_opendata	opendata	en	us,socrata,opendata,catalog	86400	Socrata discovery catalogue: every dataset with owner, category, provenance, update cadence and column metadata. Served by the SOCRATA platform at health.data.ny.gov.	no	pending-probe
us-health-data-ny-gov-views	https://health.data.ny.gov/api/views/metadata/v1	json-array		health.data.ny.gov — views (United States)		us_opendata	opendata	en	us,socrata,opendata,views	86400	Per-view metadata for every dataset on the domain. Served by the SOCRATA platform at health.data.ny.gov.	no	pending-probe
us-data-texas-gov-catalog	https://data.texas.gov/api/catalog/v1?limit=100	json:results		data.texas.gov — catalog (United States)		us_opendata	opendata	en	us,socrata,opendata,catalog	86400	Socrata discovery catalogue: every dataset with owner, category, provenance, update cadence and column metadata. Served by the SOCRATA platform at data.texas.gov.	no	pending-probe
us-data-texas-gov-views	https://data.texas.gov/api/views/metadata/v1	json-array		data.texas.gov — views (United States)		us_opendata	opendata	en	us,socrata,opendata,views	86400	Per-view metadata for every dataset on the domain. Served by the SOCRATA platform at data.texas.gov.	no	pending-probe
us-data-kingcounty-gov-catalog	https://data.kingcounty.gov/api/catalog/v1?limit=100	json:results		data.kingcounty.gov — catalog (United States)		us_opendata	opendata	en	us,socrata,opendata,catalog	86400	Socrata discovery catalogue: every dataset with owner, category, provenance, update cadence and column metadata. Served by the SOCRATA platform at data.kingcounty.gov.	no	pending-probe
us-data-kingcounty-gov-views	https://data.kingcounty.gov/api/views/metadata/v1	json-array		data.kingcounty.gov — views (United States)		us_opendata	opendata	en	us,socrata,opendata,views	86400	Per-view metadata for every dataset on the domain. Served by the SOCRATA platform at data.kingcounty.gov.	no	pending-probe
us-data-oaklandca-gov-catalog	https://data.oaklandca.gov/api/catalog/v1?limit=100	json:results		data.oaklandca.gov — catalog (United States)		us_opendata	opendata	en	us,socrata,opendata,catalog	86400	Socrata discovery catalogue: every dataset with owner, category, provenance, update cadence and column metadata. Served by the SOCRATA platform at data.oaklandca.gov.	no	pending-probe
us-data-oaklandca-gov-views	https://data.oaklandca.gov/api/views/metadata/v1	json-array		data.oaklandca.gov — views (United States)		us_opendata	opendata	en	us,socrata,opendata,views	86400	Per-view metadata for every dataset on the domain. Served by the SOCRATA platform at data.oaklandca.gov.	no	pending-probe
us-opendata-maryland-gov-catalog	https://opendata.maryland.gov/api/catalog/v1?limit=100	json:results		opendata.maryland.gov — catalog (United States)		us_opendata	opendata	en	us,socrata,opendata,catalog	86400	Socrata discovery catalogue: every dataset with owner, category, provenance, update cadence and column metadata. Served by the SOCRATA platform at opendata.maryland.gov.	no	pending-probe
us-opendata-maryland-gov-views	https://opendata.maryland.gov/api/views/metadata/v1	json-array		opendata.maryland.gov — views (United States)		us_opendata	opendata	en	us,socrata,opendata,views	86400	Per-view metadata for every dataset on the domain. Served by the SOCRATA platform at opendata.maryland.gov.	no	pending-probe
us-data-montgomerycountymd-gov-catalog	https://data.montgomerycountymd.gov/api/catalog/v1?limit=100	json:results		data.montgomerycountymd.gov — catalog (United States)		us_opendata	opendata	en	us,socrata,opendata,catalog	86400	Socrata discovery catalogue: every dataset with owner, category, provenance, update cadence and column metadata. Served by the SOCRATA platform at data.montgomerycountymd.gov.	no	pending-probe
us-data-montgomerycountymd-gov-views	https://data.montgomerycountymd.gov/api/views/metadata/v1	json-array		data.montgomerycountymd.gov — views (United States)		us_opendata	opendata	en	us,socrata,opendata,views	86400	Per-view metadata for every dataset on the domain. Served by the SOCRATA platform at data.montgomerycountymd.gov.	no	pending-probe
us-data-ct-gov-catalog	https://data.ct.gov/api/catalog/v1?limit=100	json:results		data.ct.gov — catalog (United States)		us_opendata	opendata	en	us,socrata,opendata,catalog	86400	Socrata discovery catalogue: every dataset with owner, category, provenance, update cadence and column metadata. Served by the SOCRATA platform at data.ct.gov.	no	pending-probe
us-data-ct-gov-views	https://data.ct.gov/api/views/metadata/v1	json-array		data.ct.gov — views (United States)		us_opendata	opendata	en	us,socrata,opendata,views	86400	Per-view metadata for every dataset on the domain. Served by the SOCRATA platform at data.ct.gov.	no	pending-probe
us-data-nj-gov-catalog	https://data.nj.gov/api/catalog/v1?limit=100	json:results		data.nj.gov — catalog (United States)		us_opendata	opendata	en	us,socrata,opendata,catalog	86400	Socrata discovery catalogue: every dataset with owner, category, provenance, update cadence and column metadata. Served by the SOCRATA platform at data.nj.gov.	no	pending-probe
us-data-nj-gov-views	https://data.nj.gov/api/views/metadata/v1	json-array		data.nj.gov — views (United States)		us_opendata	opendata	en	us,socrata,opendata,views	86400	Per-view metadata for every dataset on the domain. Served by the SOCRATA platform at data.nj.gov.	no	pending-probe
us-data-pa-gov-catalog	https://data.pa.gov/api/catalog/v1?limit=100	json:results		data.pa.gov — catalog (United States)		us_opendata	opendata	en	us,socrata,opendata,catalog	86400	Socrata discovery catalogue: every dataset with owner, category, provenance, update cadence and column metadata. Served by the SOCRATA platform at data.pa.gov.	no	pending-probe
us-data-pa-gov-views	https://data.pa.gov/api/views/metadata/v1	json-array		data.pa.gov — views (United States)		us_opendata	opendata	en	us,socrata,opendata,views	86400	Per-view metadata for every dataset on the domain. Served by the SOCRATA platform at data.pa.gov.	no	pending-probe
us-data-michigan-gov-catalog	https://data.michigan.gov/api/catalog/v1?limit=100	json:results		data.michigan.gov — catalog (United States)		us_opendata	opendata	en	us,socrata,opendata,catalog	86400	Socrata discovery catalogue: every dataset with owner, category, provenance, update cadence and column metadata. Served by the SOCRATA platform at data.michigan.gov.	no	pending-probe
us-data-michigan-gov-views	https://data.michigan.gov/api/views/metadata/v1	json-array		data.michigan.gov — views (United States)		us_opendata	opendata	en	us,socrata,opendata,views	86400	Per-view metadata for every dataset on the domain. Served by the SOCRATA platform at data.michigan.gov.	no	pending-probe
us-data-mo-gov-catalog	https://data.mo.gov/api/catalog/v1?limit=100	json:results		data.mo.gov — catalog (United States)		us_opendata	opendata	en	us,socrata,opendata,catalog	86400	Socrata discovery catalogue: every dataset with owner, category, provenance, update cadence and column metadata. Served by the SOCRATA platform at data.mo.gov.	no	pending-probe
us-data-mo-gov-views	https://data.mo.gov/api/views/metadata/v1	json-array		data.mo.gov — views (United States)		us_opendata	opendata	en	us,socrata,opendata,views	86400	Per-view metadata for every dataset on the domain. Served by the SOCRATA platform at data.mo.gov.	no	pending-probe
us-data-cambridgema-gov-catalog	https://data.cambridgema.gov/api/catalog/v1?limit=100	json:results		data.cambridgema.gov — catalog (United States)		us_opendata	opendata	en	us,socrata,opendata,catalog	86400	Socrata discovery catalogue: every dataset with owner, category, provenance, update cadence and column metadata. Served by the SOCRATA platform at data.cambridgema.gov.	no	pending-probe
us-data-cambridgema-gov-views	https://data.cambridgema.gov/api/views/metadata/v1	json-array		data.cambridgema.gov — views (United States)		us_opendata	opendata	en	us,socrata,opendata,views	86400	Per-view metadata for every dataset on the domain. Served by the SOCRATA platform at data.cambridgema.gov.	no	pending-probe
us-chronicdata-cdc-gov-catalog	https://chronicdata.cdc.gov/api/catalog/v1?limit=100	json:results		chronicdata.cdc.gov — catalog (United States)		us_opendata	opendata	en	us,socrata,opendata,catalog	86400	Socrata discovery catalogue: every dataset with owner, category, provenance, update cadence and column metadata. Served by the SOCRATA platform at chronicdata.cdc.gov.	no	pending-probe
us-chronicdata-cdc-gov-views	https://chronicdata.cdc.gov/api/views/metadata/v1	json-array		chronicdata.cdc.gov — views (United States)		us_opendata	opendata	en	us,socrata,opendata,views	86400	Per-view metadata for every dataset on the domain. Served by the SOCRATA platform at chronicdata.cdc.gov.	no	pending-probe
us-healthdata-gov-catalog	https://healthdata.gov/api/catalog/v1?limit=100	json:results		healthdata.gov — catalog (United States)		us_opendata	opendata	en	us,socrata,opendata,catalog	86400	Socrata discovery catalogue: every dataset with owner, category, provenance, update cadence and column metadata. Served by the SOCRATA platform at healthdata.gov.	no	pending-probe
us-healthdata-gov-views	https://healthdata.gov/api/views/metadata/v1	json-array		healthdata.gov — views (United States)		us_opendata	opendata	en	us,socrata,opendata,views	86400	Per-view metadata for every dataset on the domain. Served by the SOCRATA platform at healthdata.gov.	no	pending-probe
us-data-transportation-gov-catalog	https://data.transportation.gov/api/catalog/v1?limit=100	json:results		data.transportation.gov — catalog (United States)		us_opendata	opendata	en	us,socrata,opendata,catalog	86400	Socrata discovery catalogue: every dataset with owner, category, provenance, update cadence and column metadata. Served by the SOCRATA platform at data.transportation.gov.	no	pending-probe
us-data-transportation-gov-views	https://data.transportation.gov/api/views/metadata/v1	json-array		data.transportation.gov — views (United States)		us_opendata	opendata	en	us,socrata,opendata,views	86400	Per-view metadata for every dataset on the domain. Served by the SOCRATA platform at data.transportation.gov.	no	pending-probe
us-data-bts-gov-catalog	https://data.bts.gov/api/catalog/v1?limit=100	json:results		data.bts.gov — catalog (United States)		us_opendata	opendata	en	us,socrata,opendata,catalog	86400	Socrata discovery catalogue: every dataset with owner, category, provenance, update cadence and column metadata. Served by the SOCRATA platform at data.bts.gov.	no	pending-probe
us-data-bts-gov-views	https://data.bts.gov/api/views/metadata/v1	json-array		data.bts.gov — views (United States)		us_opendata	opendata	en	us,socrata,opendata,views	86400	Per-view metadata for every dataset on the domain. Served by the SOCRATA platform at data.bts.gov.	no	pending-probe
de-datenregister-berlin-de-orgs	https://datenregister.berlin.de/api/3/action/organization_list?all_fields=true	json:result		datenregister.berlin.de — orgs (Germany)		de_opendata	opendata	de	de,ckan,opendata,orgs	86400	Every publishing organisation on the portal with its title, description, package count and image. Served by the CKAN platform at datenregister.berlin.de.	no	pending-probe
de-datenregister-berlin-de-groups	https://datenregister.berlin.de/api/3/action/group_list?all_fields=true	json:result		datenregister.berlin.de — groups (Germany)		de_opendata	opendata	de	de,ckan,opendata,groups	86400	Thematic groups/collections declared by the portal. Served by the CKAN platform at datenregister.berlin.de.	no	pending-probe
de-datenregister-berlin-de-tags	https://datenregister.berlin.de/api/3/action/tag_list	json:result		datenregister.berlin.de — tags (Germany)		de_opendata	opendata	de	de,ckan,opendata,tags	86400	The portal's full controlled vocabulary of dataset tags. Served by the CKAN platform at datenregister.berlin.de.	no	pending-probe
de-datenregister-berlin-de-activity	https://datenregister.berlin.de/api/3/action/recently_changed_packages_activity_list?limit=100	json:result		datenregister.berlin.de — activity (Germany)		de_opendata	opendata	de	de,ckan,opendata,activity	86400	Recent publish/update activity — what this authority changed and when, which is the change-detection signal behind the catalogue. Served by the CKAN platform at datenregister.berlin.de.	no	pending-probe
de-datenregister-berlin-de-org-abteilung-gleichstellung	https://datenregister.berlin.de/api/3/action/package_search?fq=organization:abteilung-gleichstellung&rows=100	json:result.results		datenregister.berlin.de — org-abteilung-gleichstellung (Germany)		de_opendata	opendata	de	de,ckan,opendata,org-abteilung-gleichstellung	86400	Everything published by Abteilung Gleichstellung on this portal: every dataset with its resources, licence, tags and last-modified date. Served by the CKAN platform at datenregister.berlin.de.	no	pending-probe
de-datenregister-berlin-de-org-adfc	https://datenregister.berlin.de/api/3/action/package_search?fq=organization:adfc&rows=100	json:result.results		datenregister.berlin.de — org-adfc (Germany)		de_opendata	opendata	de	de,ckan,opendata,org-adfc	86400	Everything published by ADFC on this portal: every dataset with its resources, licence, tags and last-modified date. Served by the CKAN platform at datenregister.berlin.de.	no	pending-probe
de-datenregister-berlin-de-org-amt-fur-statistik-berlin-brandenburg	https://datenregister.berlin.de/api/3/action/package_search?fq=organization:amt-fur-statistik-berlin-brandenburg&rows=100	json:result.results		datenregister.berlin.de — org-amt-fur-statistik-berlin-brandenburg (Germany)		de_opendata	opendata	de	de,ckan,opendata,org-amt-fur-statistik-berlin-brandenburg	86400	Everything published by Amt für Statistik Berlin-Brandenburg on this portal: every dataset with its resources, licence, tags and last-modified date. Served by the CKAN platform at datenregister.berlin.de.	no	pending-probe
de-datenregister-berlin-de-org-berliner-feuerwehr	https://datenregister.berlin.de/api/3/action/package_search?fq=organization:berliner-feuerwehr&rows=100	json:result.results		datenregister.berlin.de — org-berliner-feuerwehr (Germany)		de_opendata	opendata	de	de,ckan,opendata,org-berliner-feuerwehr	86400	Everything published by Berliner Feuerwehr on this portal: every dataset with its resources, licence, tags and last-modified date. Served by the CKAN platform at datenregister.berlin.de.	no	pending-probe
de-datenregister-berlin-de-org-berliner-vermessungsamter	https://datenregister.berlin.de/api/3/action/package_search?fq=organization:berliner-vermessungsamter&rows=100	json:result.results		datenregister.berlin.de — org-berliner-vermessungsamter (Germany)		de_opendata	opendata	de	de,ckan,opendata,org-berliner-vermessungsamter	86400	Everything published by Berliner Vermessungsämter on this portal: every dataset with its resources, licence, tags and last-modified date. Served by the CKAN platform at datenregister.berlin.de.	no	pending-probe
de-datenregister-berlin-de-org-berliner-wasserbetriebe	https://datenregister.berlin.de/api/3/action/package_search?fq=organization:berliner-wasserbetriebe&rows=100	json:result.results		datenregister.berlin.de — org-berliner-wasserbetriebe (Germany)		de_opendata	opendata	de	de,ckan,opendata,org-berliner-wasserbetriebe	86400	Everything published by Berliner Wasserbetriebe on this portal: every dataset with its resources, licence, tags and last-modified date. Served by the CKAN platform at datenregister.berlin.de.	no	pending-probe
de-datenregister-berlin-de-org-berlinonline-stadtportal-gmbh-co-kg	https://datenregister.berlin.de/api/3/action/package_search?fq=organization:berlinonline-stadtportal-gmbh-co-kg&rows=100	json:result.results		datenregister.berlin.de — org-berlinonline-stadtportal-gmbh-co-kg (Germany)		de_opendata	opendata	de	de,ckan,opendata,org-berlinonline-stadtportal-gmbh-co-kg	86400	Everything published by BerlinOnline GmbH on this portal: every dataset with its resources, licence, tags and last-modified date. Served by the CKAN platform at datenregister.berlin.de.	no	pending-probe
de-datenregister-berlin-de-org-tegel-projekt-gmbh	https://datenregister.berlin.de/api/3/action/package_search?fq=organization:tegel-projekt-gmbh&rows=100	json:result.results		datenregister.berlin.de — org-tegel-projekt-gmbh (Germany)		de_opendata	opendata	de	de,ckan,opendata,org-tegel-projekt-gmbh	86400	Everything published by Berlin TXL Management GmbH on this portal: every dataset with its resources, licence, tags and last-modified date. Served by the CKAN platform at datenregister.berlin.de.	no	pending-probe
de-datenregister-berlin-de-org-bezirksamt-charlottenburg-wilmersdorf	https://datenregister.berlin.de/api/3/action/package_search?fq=organization:bezirksamt-charlottenburg-wilmersdorf&rows=100	json:result.results		datenregister.berlin.de — org-bezirksamt-charlottenburg-wilmersdorf (Germany)		de_opendata	opendata	de	de,ckan,opendata,org-bezirksamt-charlottenburg-wilmersdorf	86400	Everything published by Bezirksamt Charlottenburg-Wilmersdorf on this portal: every dataset with its resources, licence, tags and last-modified date. Served by the CKAN platform at datenregister.berlin.de.	no	pending-probe
de-datenregister-berlin-de-org-bezirksamt-friedrichshain-kreuzberg	https://datenregister.berlin.de/api/3/action/package_search?fq=organization:bezirksamt-friedrichshain-kreuzberg&rows=100	json:result.results		datenregister.berlin.de — org-bezirksamt-friedrichshain-kreuzberg (Germany)		de_opendata	opendata	de	de,ckan,opendata,org-bezirksamt-friedrichshain-kreuzberg	86400	Everything published by Bezirksamt Friedrichshain-Kreuzberg on this portal: every dataset with its resources, licence, tags and last-modified date. Served by the CKAN platform at datenregister.berlin.de.	no	pending-probe
de-datenregister-berlin-de-org-bezirksamt-friedrichshain-kreuzberg-verm	https://datenregister.berlin.de/api/3/action/package_search?fq=organization:bezirksamt-friedrichshain-kreuzberg-vermessung&rows=100	json:result.results		datenregister.berlin.de — org-bezirksamt-friedrichshain-kreuzberg-verm (Germany)		de_opendata	opendata	de	de,ckan,opendata,org-bezirksamt-friedrichshain-kreuzberg-verm	86400	Everything published by Bezirksamt Friedrichshain-Kreuzberg – Vermessung on this portal: every dataset with its resources, licence, tags and last-modified date. Served by the CKAN platform at datenregister.berlin.de.	no	pending-probe
de-datenregister-berlin-de-org-bezirksamt-lichtenberg	https://datenregister.berlin.de/api/3/action/package_search?fq=organization:bezirksamt-lichtenberg&rows=100	json:result.results		datenregister.berlin.de — org-bezirksamt-lichtenberg (Germany)		de_opendata	opendata	de	de,ckan,opendata,org-bezirksamt-lichtenberg	86400	Everything published by Bezirksamt Lichtenberg on this portal: every dataset with its resources, licence, tags and last-modified date. Served by the CKAN platform at datenregister.berlin.de.	no	pending-probe
de-datenregister-berlin-de-org-bezirksamt-marzahn-hellersdorf	https://datenregister.berlin.de/api/3/action/package_search?fq=organization:bezirksamt-marzahn-hellersdorf&rows=100	json:result.results		datenregister.berlin.de — org-bezirksamt-marzahn-hellersdorf (Germany)		de_opendata	opendata	de	de,ckan,opendata,org-bezirksamt-marzahn-hellersdorf	86400	Everything published by Bezirksamt Marzahn-Hellersdorf on this portal: every dataset with its resources, licence, tags and last-modified date. Served by the CKAN platform at datenregister.berlin.de.	no	pending-probe
de-datenregister-berlin-de-org-bezirksamt-mitte	https://datenregister.berlin.de/api/3/action/package_search?fq=organization:bezirksamt-mitte&rows=100	json:result.results		datenregister.berlin.de — org-bezirksamt-mitte (Germany)		de_opendata	opendata	de	de,ckan,opendata,org-bezirksamt-mitte	86400	Everything published by Bezirksamt Mitte on this portal: every dataset with its resources, licence, tags and last-modified date. Served by the CKAN platform at datenregister.berlin.de.	no	pending-probe
de-datenregister-berlin-de-org-bezirksamt-neukolln	https://datenregister.berlin.de/api/3/action/package_search?fq=organization:bezirksamt-neukolln&rows=100	json:result.results		datenregister.berlin.de — org-bezirksamt-neukolln (Germany)		de_opendata	opendata	de	de,ckan,opendata,org-bezirksamt-neukolln	86400	Everything published by Bezirksamt Neukölln on this portal: every dataset with its resources, licence, tags and last-modified date. Served by the CKAN platform at datenregister.berlin.de.	no	pending-probe
de-datenregister-berlin-de-org-bezirksamt-pankow	https://datenregister.berlin.de/api/3/action/package_search?fq=organization:bezirksamt-pankow&rows=100	json:result.results		datenregister.berlin.de — org-bezirksamt-pankow (Germany)		de_opendata	opendata	de	de,ckan,opendata,org-bezirksamt-pankow	86400	Everything published by Bezirksamt Pankow on this portal: every dataset with its resources, licence, tags and last-modified date. Served by the CKAN platform at datenregister.berlin.de.	no	pending-probe
de-datenregister-berlin-de-org-bezirksamt-reinickendorf	https://datenregister.berlin.de/api/3/action/package_search?fq=organization:bezirksamt-reinickendorf&rows=100	json:result.results		datenregister.berlin.de — org-bezirksamt-reinickendorf (Germany)		de_opendata	opendata	de	de,ckan,opendata,org-bezirksamt-reinickendorf	86400	Everything published by Bezirksamt Reinickendorf on this portal: every dataset with its resources, licence, tags and last-modified date. Served by the CKAN platform at datenregister.berlin.de.	no	pending-probe
de-datenregister-berlin-de-org-bezirksamt-spandau	https://datenregister.berlin.de/api/3/action/package_search?fq=organization:bezirksamt-spandau&rows=100	json:result.results		datenregister.berlin.de — org-bezirksamt-spandau (Germany)		de_opendata	opendata	de	de,ckan,opendata,org-bezirksamt-spandau	86400	Everything published by Bezirksamt Spandau on this portal: every dataset with its resources, licence, tags and last-modified date. Served by the CKAN platform at datenregister.berlin.de.	no	pending-probe
de-datenregister-berlin-de-org-bezirksamt-steglitz-zehlendorf	https://datenregister.berlin.de/api/3/action/package_search?fq=organization:bezirksamt-steglitz-zehlendorf&rows=100	json:result.results		datenregister.berlin.de — org-bezirksamt-steglitz-zehlendorf (Germany)		de_opendata	opendata	de	de,ckan,opendata,org-bezirksamt-steglitz-zehlendorf	86400	Everything published by Bezirksamt Steglitz-Zehlendorf on this portal: every dataset with its resources, licence, tags and last-modified date. Served by the CKAN platform at datenregister.berlin.de.	no	pending-probe
de-datenregister-berlin-de-org-bezirksamt-tempelhof-schoneberg	https://datenregister.berlin.de/api/3/action/package_search?fq=organization:bezirksamt-tempelhof-schoneberg&rows=100	json:result.results		datenregister.berlin.de — org-bezirksamt-tempelhof-schoneberg (Germany)		de_opendata	opendata	de	de,ckan,opendata,org-bezirksamt-tempelhof-schoneberg	86400	Everything published by Bezirksamt Tempelhof-Schöneberg on this portal: every dataset with its resources, licence, tags and last-modified date. Served by the CKAN platform at datenregister.berlin.de.	no	pending-probe
de-datenregister-berlin-de-org-bezirksamt-treptow-kopenick	https://datenregister.berlin.de/api/3/action/package_search?fq=organization:bezirksamt-treptow-kopenick&rows=100	json:result.results		datenregister.berlin.de — org-bezirksamt-treptow-kopenick (Germany)		de_opendata	opendata	de	de,ckan,opendata,org-bezirksamt-treptow-kopenick	86400	Everything published by Bezirksamt Treptow-Köpenick on this portal: every dataset with its resources, licence, tags and last-modified date. Served by the CKAN platform at datenregister.berlin.de.	no	pending-probe
de-datenregister-berlin-de-org-bsr-berliner-stadtreinigungsbetriebe	https://datenregister.berlin.de/api/3/action/package_search?fq=organization:bsr-berliner-stadtreinigungsbetriebe&rows=100	json:result.results		datenregister.berlin.de — org-bsr-berliner-stadtreinigungsbetriebe (Germany)		de_opendata	opendata	de	de,ckan,opendata,org-bsr-berliner-stadtreinigungsbetriebe	86400	Everything published by BSR - Berliner Stadtreinigungsbetriebe on this portal: every dataset with its resources, licence, tags and last-modified date. Served by the CKAN platform at datenregister.berlin.de.	no	pending-probe
de-datenregister-berlin-de-org-der-regierende-burgermeister-von-berlin-	https://datenregister.berlin.de/api/3/action/package_search?fq=organization:der-regierende-burgermeister-von-berlin-abteilung-v-senatskanzlei-kulturelle-angelegenheiten&rows=100	json:result.results		datenregister.berlin.de — org-der-regierende-burgermeister-von-berlin- (Germany)		de_opendata	opendata	de	de,ckan,opendata,org-der-regierende-burgermeister-von-berlin-	86400	Everything published by Der Regierende Bürgermeister von Berlin / Abteilung V: Senatskanzlei - Kulturelle Angelegenheiten on this portal: every dataset with its resources, licence, tags and last-modified date. Served by the CKAN platform at datenregister.berlin.de.	no	pending-probe
de-ckan-govdata-de-orgs	https://ckan.govdata.de/api/3/action/organization_list?all_fields=true	json:result		ckan.govdata.de — orgs (Germany)		de_opendata	opendata	de	de,ckan,opendata,orgs	86400	Every publishing organisation on the portal with its title, description, package count and image. Served by the CKAN platform at ckan.govdata.de.	no	pending-probe
de-ckan-govdata-de-groups	https://ckan.govdata.de/api/3/action/group_list?all_fields=true	json:result		ckan.govdata.de — groups (Germany)		de_opendata	opendata	de	de,ckan,opendata,groups	86400	Thematic groups/collections declared by the portal. Served by the CKAN platform at ckan.govdata.de.	no	pending-probe
de-ckan-govdata-de-tags	https://ckan.govdata.de/api/3/action/tag_list	json:result		ckan.govdata.de — tags (Germany)		de_opendata	opendata	de	de,ckan,opendata,tags	86400	The portal's full controlled vocabulary of dataset tags. Served by the CKAN platform at ckan.govdata.de.	no	pending-probe
de-ckan-govdata-de-activity	https://ckan.govdata.de/api/3/action/recently_changed_packages_activity_list?limit=100	json:result		ckan.govdata.de — activity (Germany)		de_opendata	opendata	de	de,ckan,opendata,activity	86400	Recent publish/update activity — what this authority changed and when, which is the change-detection signal behind the catalogue. Served by the CKAN platform at ckan.govdata.de.	no	pending-probe
de-ckan-govdata-de-org-auswaertiges-amt	https://ckan.govdata.de/api/3/action/package_search?fq=organization:auswaertiges-amt&rows=100	json:result.results		ckan.govdata.de — org-auswaertiges-amt (Germany)		de_opendata	opendata	de	de,ckan,opendata,org-auswaertiges-amt	86400	Everything published by Auswärtiges Amt on this portal: every dataset with its resources, licence, tags and last-modified date. Served by the CKAN platform at ckan.govdata.de.	no	pending-probe
de-ckan-govdata-de-org-berlin-open-data	https://ckan.govdata.de/api/3/action/package_search?fq=organization:berlin-open-data&rows=100	json:result.results		ckan.govdata.de — org-berlin-open-data (Germany)		de_opendata	opendata	de	de,ckan,opendata,org-berlin-open-data	86400	Everything published by Berlin Open Data on this portal: every dataset with its resources, licence, tags and last-modified date. Served by the CKAN platform at ckan.govdata.de.	no	pending-probe
de-ckan-govdata-de-org-bundesagentur-fur-arbeit	https://ckan.govdata.de/api/3/action/package_search?fq=organization:bundesagentur-fur-arbeit&rows=100	json:result.results		ckan.govdata.de — org-bundesagentur-fur-arbeit (Germany)		de_opendata	opendata	de	de,ckan,opendata,org-bundesagentur-fur-arbeit	86400	Everything published by Bundesagentur für Arbeit on this portal: every dataset with its resources, licence, tags and last-modified date. Served by the CKAN platform at ckan.govdata.de.	no	pending-probe
de-ckan-govdata-de-org-bundesamt-fur-bauwesen-und-raumordnung-b	https://ckan.govdata.de/api/3/action/package_search?fq=organization:bundesamt-fur-bauwesen-und-raumordnung-bbr&rows=100	json:result.results		ckan.govdata.de — org-bundesamt-fur-bauwesen-und-raumordnung-b (Germany)		de_opendata	opendata	de	de,ckan,opendata,org-bundesamt-fur-bauwesen-und-raumordnung-b	86400	Everything published by Bundesamt für Bauwesen und Raumordnung (BBR) on this portal: every dataset with its resources, licence, tags and last-modified date. Served by the CKAN platform at ckan.govdata.de.	no	pending-probe
de-ckan-govdata-de-org-bundesamt-fur-justiz	https://ckan.govdata.de/api/3/action/package_search?fq=organization:bundesamt-fur-justiz&rows=100	json:result.results		ckan.govdata.de — org-bundesamt-fur-justiz (Germany)		de_opendata	opendata	de	de,ckan,opendata,org-bundesamt-fur-justiz	86400	Everything published by Bundesamt für Justiz on this portal: every dataset with its resources, licence, tags and last-modified date. Served by the CKAN platform at ckan.govdata.de.	no	pending-probe
de-ckan-govdata-de-org-bvamt	https://ckan.govdata.de/api/3/action/package_search?fq=organization:bvamt&rows=100	json:result.results		ckan.govdata.de — org-bvamt (Germany)		de_opendata	opendata	de	de,ckan,opendata,org-bvamt	86400	Everything published by Bundesamt für Soziale Sicherung on this portal: every dataset with its resources, licence, tags and last-modified date. Served by the CKAN platform at ckan.govdata.de.	no	pending-probe
de-ckan-govdata-de-org-bundesamt-fur-strahlenschutz	https://ckan.govdata.de/api/3/action/package_search?fq=organization:bundesamt-fur-strahlenschutz&rows=100	json:result.results		ckan.govdata.de — org-bundesamt-fur-strahlenschutz (Germany)		de_opendata	opendata	de	de,ckan,opendata,org-bundesamt-fur-strahlenschutz	86400	Everything published by Bundesamt für Strahlenschutz on this portal: every dataset with its resources, licence, tags and last-modified date. Served by the CKAN platform at ckan.govdata.de.	no	pending-probe
de-ckan-govdata-de-org-bvl	https://ckan.govdata.de/api/3/action/package_search?fq=organization:bvl&rows=100	json:result.results		ckan.govdata.de — org-bvl (Germany)		de_opendata	opendata	de	de,ckan,opendata,org-bvl	86400	Everything published by Bundesamt für Verbraucherschutz und Lebensmittelsicherheit on this portal: every dataset with its resources, licence, tags and last-modified date. Served by the CKAN platform at ckan.govdata.de.	no	pending-probe
de-ckan-govdata-de-org-bafa	https://ckan.govdata.de/api/3/action/package_search?fq=organization:bafa&rows=100	json:result.results		ckan.govdata.de — org-bafa (Germany)		de_opendata	opendata	de	de,ckan,opendata,org-bafa	86400	Everything published by Bundesamt für Wirtschaft und Ausfuhrkontrolle on this portal: every dataset with its resources, licence, tags and last-modified date. Served by the CKAN platform at ckan.govdata.de.	no	pending-probe
de-ckan-govdata-de-org-baua	https://ckan.govdata.de/api/3/action/package_search?fq=organization:baua&rows=100	json:result.results		ckan.govdata.de — org-baua (Germany)		de_opendata	opendata	de	de,ckan,opendata,org-baua	86400	Everything published by Bundesanstalt für Arbeitsschutz und Arbeitsmedizin  on this portal: every dataset with its resources, licence, tags and last-modified date. Served by the CKAN platform at ckan.govdata.de.	no	pending-probe
de-ckan-govdata-de-org-bam	https://ckan.govdata.de/api/3/action/package_search?fq=organization:bam&rows=100	json:result.results		ckan.govdata.de — org-bam (Germany)		de_opendata	opendata	de	de,ckan,opendata,org-bam	86400	Everything published by Bundesanstalt für Materialforschung und -prüfung (BAM) on this portal: every dataset with its resources, licence, tags and last-modified date. Served by the CKAN platform at ckan.govdata.de.	no	pending-probe
de-ckan-govdata-de-org-bundesarchiv	https://ckan.govdata.de/api/3/action/package_search?fq=organization:bundesarchiv&rows=100	json:result.results		ckan.govdata.de — org-bundesarchiv (Germany)		de_opendata	opendata	de	de,ckan,opendata,org-bundesarchiv	86400	Everything published by Bundesarchiv on this portal: every dataset with its resources, licence, tags and last-modified date. Served by the CKAN platform at ckan.govdata.de.	no	pending-probe
de-ckan-govdata-de-org-badv	https://ckan.govdata.de/api/3/action/package_search?fq=organization:badv&rows=100	json:result.results		ckan.govdata.de — org-badv (Germany)		de_opendata	opendata	de	de,ckan,opendata,org-badv	86400	Everything published by Bundesausgleichsamt on this portal: every dataset with its resources, licence, tags and last-modified date. Served by the CKAN platform at ckan.govdata.de.	no	pending-probe
de-ckan-govdata-de-org-bbsr	https://ckan.govdata.de/api/3/action/package_search?fq=organization:bbsr&rows=100	json:result.results		ckan.govdata.de — org-bbsr (Germany)		de_opendata	opendata	de	de,ckan,opendata,org-bbsr	86400	Everything published by Bundesinstitut für Bau-, Stadt- und Raumforschung (BBSR) im Bundesamt für Bauwesen und Raumordnung (BBR) on this portal: every dataset with its resources, licence, tags and last-modified date. Served by the CKAN platform at ckan.govdata.de.	no	pending-probe
de-ckan-govdata-de-org-bundesinstitut-fur-risikobewertung	https://ckan.govdata.de/api/3/action/package_search?fq=organization:bundesinstitut-fur-risikobewertung&rows=100	json:result.results		ckan.govdata.de — org-bundesinstitut-fur-risikobewertung (Germany)		de_opendata	opendata	de	de,ckan,opendata,org-bundesinstitut-fur-risikobewertung	86400	Everything published by Bundesinstitut für Risikobewertung on this portal: every dataset with its resources, licence, tags and last-modified date. Served by the CKAN platform at ckan.govdata.de.	no	pending-probe
de-ckan-govdata-de-org-bmf	https://ckan.govdata.de/api/3/action/package_search?fq=organization:bmf&rows=100	json:result.results		ckan.govdata.de — org-bmf (Germany)		de_opendata	opendata	de	de,ckan,opendata,org-bmf	86400	Everything published by Bundesministerium der Finanzen on this portal: every dataset with its resources, licence, tags and last-modified date. Served by the CKAN platform at ckan.govdata.de.	no	pending-probe
de-ckan-govdata-de-org-bmvg	https://ckan.govdata.de/api/3/action/package_search?fq=organization:bmvg&rows=100	json:result.results		ckan.govdata.de — org-bmvg (Germany)		de_opendata	opendata	de	de,ckan,opendata,org-bmvg	86400	Everything published by Bundesministerium der Verteidigung on this portal: every dataset with its resources, licence, tags and last-modified date. Served by the CKAN platform at ckan.govdata.de.	no	pending-probe
de-ckan-govdata-de-org-bmi	https://ckan.govdata.de/api/3/action/package_search?fq=organization:bmi&rows=100	json:result.results		ckan.govdata.de — org-bmi (Germany)		de_opendata	opendata	de	de,ckan,opendata,org-bmi	86400	Everything published by Bundesministerium des Innern und Heimat on this portal: every dataset with its resources, licence, tags and last-modified date. Served by the CKAN platform at ckan.govdata.de.	no	pending-probe
de-ckan-govdata-de-org-bmas	https://ckan.govdata.de/api/3/action/package_search?fq=organization:bmas&rows=100	json:result.results		ckan.govdata.de — org-bmas (Germany)		de_opendata	opendata	de	de,ckan,opendata,org-bmas	86400	Everything published by Bundesministerium für Arbeit und Soziales on this portal: every dataset with its resources, licence, tags and last-modified date. Served by the CKAN platform at ckan.govdata.de.	no	pending-probe
de-ckan-govdata-de-org-bmel	https://ckan.govdata.de/api/3/action/package_search?fq=organization:bmel&rows=100	json:result.results		ckan.govdata.de — org-bmel (Germany)		de_opendata	opendata	de	de,ckan,opendata,org-bmel	86400	Everything published by Bundesministerium für Ernährung und Landwirtschaft on this portal: every dataset with its resources, licence, tags and last-modified date. Served by the CKAN platform at ckan.govdata.de.	no	pending-probe
de-ckan-govdata-de-org-bmfsfj	https://ckan.govdata.de/api/3/action/package_search?fq=organization:bmfsfj&rows=100	json:result.results		ckan.govdata.de — org-bmfsfj (Germany)		de_opendata	opendata	de	de,ckan,opendata,org-bmfsfj	86400	Everything published by Bundesministerium für Familie, Senioren, Frauen und Jugend on this portal: every dataset with its resources, licence, tags and last-modified date. Served by the CKAN platform at ckan.govdata.de.	no	pending-probe
de-ckan-govdata-de-org-bundesministerium-fur-bildung-und-forsch	https://ckan.govdata.de/api/3/action/package_search?fq=organization:bundesministerium-fur-bildung-und-forschung&rows=100	json:result.results		ckan.govdata.de — org-bundesministerium-fur-bildung-und-forsch (Germany)		de_opendata	opendata	de	de,ckan,opendata,org-bundesministerium-fur-bildung-und-forsch	86400	Everything published by Bundesministerium für Forschung, Technologie und Raumfahrt on this portal: every dataset with its resources, licence, tags and last-modified date. Served by the CKAN platform at ckan.govdata.de.	no	pending-probe
de-ckan-govdata-de-org-bmg	https://ckan.govdata.de/api/3/action/package_search?fq=organization:bmg&rows=100	json:result.results		ckan.govdata.de — org-bmg (Germany)		de_opendata	opendata	de	de,ckan,opendata,org-bmg	86400	Everything published by Bundesministerium für Gesundheit (BMG) on this portal: every dataset with its resources, licence, tags and last-modified date. Served by the CKAN platform at ckan.govdata.de.	no	pending-probe
de-ckan-govdata-de-org-bundesministerium-fur-umwelt-naturschutz	https://ckan.govdata.de/api/3/action/package_search?fq=organization:bundesministerium-fur-umwelt-naturschutz-nukleare-sicherheit-und-verbraucherschutz&rows=100	json:result.results		ckan.govdata.de — org-bundesministerium-fur-umwelt-naturschutz (Germany)		de_opendata	opendata	de	de,ckan,opendata,org-bundesministerium-fur-umwelt-naturschutz	86400	Everything published by Bundesministerium für Umwelt Naturschutz nukleare Sicherheit und Verbraucherschutz on this portal: every dataset with its resources, licence, tags and last-modified date. Served by the CKAN platform at ckan.govdata.de.	no	pending-probe
de-ckan-govdata-de-org-bmz	https://ckan.govdata.de/api/3/action/package_search?fq=organization:bmz&rows=100	json:result.results		ckan.govdata.de — org-bmz (Germany)		de_opendata	opendata	de	de,ckan,opendata,org-bmz	86400	Everything published by Bundesministerium für wirtschaftliche Zusammenarbeit und Entwicklung on this portal: every dataset with its resources, licence, tags and last-modified date. Served by the CKAN platform at ckan.govdata.de.	no	pending-probe
de-ckan-govdata-de-org-bmwe	https://ckan.govdata.de/api/3/action/package_search?fq=organization:bmwe&rows=100	json:result.results		ckan.govdata.de — org-bmwe (Germany)		de_opendata	opendata	de	de,ckan,opendata,org-bmwe	86400	Everything published by Bundesministerium für Wirtschaft und Energie on this portal: every dataset with its resources, licence, tags and last-modified date. Served by the CKAN platform at ckan.govdata.de.	no	pending-probe
de-ckan-govdata-de-org-bsa	https://ckan.govdata.de/api/3/action/package_search?fq=organization:bsa&rows=100	json:result.results		ckan.govdata.de — org-bsa (Germany)		de_opendata	opendata	de	de,ckan,opendata,org-bsa	86400	Everything published by Bundessortenamt on this portal: every dataset with its resources, licence, tags and last-modified date. Served by the CKAN platform at ckan.govdata.de.	no	pending-probe
de-ckan-govdata-de-org-bva	https://ckan.govdata.de/api/3/action/package_search?fq=organization:bva&rows=100	json:result.results		ckan.govdata.de — org-bva (Germany)		de_opendata	opendata	de	de,ckan,opendata,org-bva	86400	Everything published by Bundesverwaltungsamt on this portal: every dataset with its resources, licence, tags and last-modified date. Served by the CKAN platform at ckan.govdata.de.	no	pending-probe
de-ckan-govdata-de-org-bzst	https://ckan.govdata.de/api/3/action/package_search?fq=organization:bzst&rows=100	json:result.results		ckan.govdata.de — org-bzst (Germany)		de_opendata	opendata	de	de,ckan,opendata,org-bzst	86400	Everything published by Bundeszentralamt für Steuern on this portal: every dataset with its resources, licence, tags and last-modified date. Served by the CKAN platform at ckan.govdata.de.	no	pending-probe
de-ckan-govdata-de-org-bfdi	https://ckan.govdata.de/api/3/action/package_search?fq=organization:bfdi&rows=100	json:result.results		ckan.govdata.de — org-bfdi (Germany)		de_opendata	opendata	de	de,ckan,opendata,org-bfdi	86400	Everything published by Der Bundesbeauftragte für den Datenschutz und die Informationsfreiheit on this portal: every dataset with its resources, licence, tags and last-modified date. Served by the CKAN platform at ckan.govdata.de.	no	pending-probe
de-ckan-govdata-de-org-deutsche-nationalbibliothek	https://ckan.govdata.de/api/3/action/package_search?fq=organization:deutsche-nationalbibliothek&rows=100	json:result.results		ckan.govdata.de — org-deutsche-nationalbibliothek (Germany)		de_opendata	opendata	de	de,ckan,opendata,org-deutsche-nationalbibliothek	86400	Everything published by Deutsche Nationalbibliothek on this portal: every dataset with its resources, licence, tags and last-modified date. Served by the CKAN platform at ckan.govdata.de.	no	pending-probe
de-ckan-govdata-de-org-deutsche-rentenversicherung-bund	https://ckan.govdata.de/api/3/action/package_search?fq=organization:deutsche-rentenversicherung-bund&rows=100	json:result.results		ckan.govdata.de — org-deutsche-rentenversicherung-bund (Germany)		de_opendata	opendata	de	de,ckan,opendata,org-deutsche-rentenversicherung-bund	86400	Everything published by Deutsche Rentenversicherung Bund on this portal: every dataset with its resources, licence, tags and last-modified date. Served by the CKAN platform at ckan.govdata.de.	no	pending-probe
de-ckan-govdata-de-org-dpma	https://ckan.govdata.de/api/3/action/package_search?fq=organization:dpma&rows=100	json:result.results		ckan.govdata.de — org-dpma (Germany)		de_opendata	opendata	de	de,ckan,opendata,org-dpma	86400	Everything published by Deutsches Patent- und Markenamt on this portal: every dataset with its resources, licence, tags and last-modified date. Served by the CKAN platform at ckan.govdata.de.	no	pending-probe
de-ckan-govdata-de-org-bkm	https://ckan.govdata.de/api/3/action/package_search?fq=organization:bkm&rows=100	json:result.results		ckan.govdata.de — org-bkm (Germany)		de_opendata	opendata	de	de,ckan,opendata,org-bkm	86400	Everything published by Die Beauftragte der Bundesregierung für Kultur und Medien on this portal: every dataset with its resources, licence, tags and last-modified date. Served by the CKAN platform at ckan.govdata.de.	no	pending-probe
de-ckan-govdata-de-org-fitko-foderale-it-kooperation	https://ckan.govdata.de/api/3/action/package_search?fq=organization:fitko-foderale-it-kooperation&rows=100	json:result.results		ckan.govdata.de — org-fitko-foderale-it-kooperation (Germany)		de_opendata	opendata	de	de,ckan,opendata,org-fitko-foderale-it-kooperation	86400	Everything published by FITKO (Föderale IT-Kooperation) on this portal: every dataset with its resources, licence, tags and last-modified date. Served by the CKAN platform at ckan.govdata.de.	no	pending-probe
de-ckan-govdata-de-org-freistaat-sachsen	https://ckan.govdata.de/api/3/action/package_search?fq=organization:freistaat-sachsen&rows=100	json:result.results		ckan.govdata.de — org-freistaat-sachsen (Germany)		de_opendata	opendata	de	de,ckan,opendata,org-freistaat-sachsen	86400	Everything published by Freistaat Sachsen on this portal: every dataset with its resources, licence, tags and last-modified date. Served by the CKAN platform at ckan.govdata.de.	no	pending-probe
de-ckan-govdata-de-org-fli	https://ckan.govdata.de/api/3/action/package_search?fq=organization:fli&rows=100	json:result.results		ckan.govdata.de — org-fli (Germany)		de_opendata	opendata	de	de,ckan,opendata,org-fli	86400	Everything published by Friedrich-Loeffler-Institut on this portal: every dataset with its resources, licence, tags and last-modified date. Served by the CKAN platform at ckan.govdata.de.	no	pending-probe
de-ckan-govdata-de-org-gdi-de	https://ckan.govdata.de/api/3/action/package_search?fq=organization:gdi-de&rows=100	json:result.results		ckan.govdata.de — org-gdi-de (Germany)		de_opendata	opendata	de	de,ckan,opendata,org-gdi-de	86400	Everything published by GDI-DE on this portal: every dataset with its resources, licence, tags and last-modified date. Served by the CKAN platform at ckan.govdata.de.	no	pending-probe
de-ckan-govdata-de-org-zoll	https://ckan.govdata.de/api/3/action/package_search?fq=organization:zoll&rows=100	json:result.results		ckan.govdata.de — org-zoll (Germany)		de_opendata	opendata	de	de,ckan,opendata,org-zoll	86400	Everything published by Generalzolldirektion on this portal: every dataset with its resources, licence, tags and last-modified date. Served by the CKAN platform at ckan.govdata.de.	no	pending-probe
de-ckan-govdata-de-org-itzbund	https://ckan.govdata.de/api/3/action/package_search?fq=organization:itzbund&rows=100	json:result.results		ckan.govdata.de — org-itzbund (Germany)		de_opendata	opendata	de	de,ckan,opendata,org-itzbund	86400	Everything published by ITZBund on this portal: every dataset with its resources, licence, tags and last-modified date. Served by the CKAN platform at ckan.govdata.de.	no	pending-probe
de-ckan-govdata-de-org-land-brandenburg	https://ckan.govdata.de/api/3/action/package_search?fq=organization:land-brandenburg&rows=100	json:result.results		ckan.govdata.de — org-land-brandenburg (Germany)		de_opendata	opendata	de	de,ckan,opendata,org-land-brandenburg	86400	Everything published by Land Brandenburg on this portal: every dataset with its resources, licence, tags and last-modified date. Served by the CKAN platform at ckan.govdata.de.	no	pending-probe
de-suche-transparenz-hamburg-de-orgs	https://suche.transparenz.hamburg.de/api/3/action/organization_list?all_fields=true	json:result		suche.transparenz.hamburg.de — orgs (Germany)		de_opendata	opendata	de	de,ckan,opendata,orgs	86400	Every publishing organisation on the portal with its title, description, package count and image. Served by the CKAN platform at suche.transparenz.hamburg.de.	no	pending-probe
de-suche-transparenz-hamburg-de-groups	https://suche.transparenz.hamburg.de/api/3/action/group_list?all_fields=true	json:result		suche.transparenz.hamburg.de — groups (Germany)		de_opendata	opendata	de	de,ckan,opendata,groups	86400	Thematic groups/collections declared by the portal. Served by the CKAN platform at suche.transparenz.hamburg.de.	no	pending-probe
de-suche-transparenz-hamburg-de-tags	https://suche.transparenz.hamburg.de/api/3/action/tag_list	json:result		suche.transparenz.hamburg.de — tags (Germany)		de_opendata	opendata	de	de,ckan,opendata,tags	86400	The portal's full controlled vocabulary of dataset tags. Served by the CKAN platform at suche.transparenz.hamburg.de.	no	pending-probe
de-suche-transparenz-hamburg-de-activity	https://suche.transparenz.hamburg.de/api/3/action/recently_changed_packages_activity_list?limit=100	json:result		suche.transparenz.hamburg.de — activity (Germany)		de_opendata	opendata	de	de,ckan,opendata,activity	86400	Recent publish/update activity — what this authority changed and when, which is the change-detection signal behind the catalogue. Served by the CKAN platform at suche.transparenz.hamburg.de.	no	pending-probe
de-suche-transparenz-hamburg-de-org-allris	https://suche.transparenz.hamburg.de/api/3/action/package_search?fq=organization:allris&rows=100	json:result.results		suche.transparenz.hamburg.de — org-allris (Germany)		de_opendata	opendata	de	de,ckan,opendata,org-allris	86400	Everything published by ALLRIS on this portal: every dataset with its resources, licence, tags and last-modified date. Served by the CKAN platform at suche.transparenz.hamburg.de.	no	pending-probe
de-suche-transparenz-hamburg-de-org-dokrates	https://suche.transparenz.hamburg.de/api/3/action/package_search?fq=organization:dokrates&rows=100	json:result.results		suche.transparenz.hamburg.de — org-dokrates (Germany)		de_opendata	opendata	de	de,ckan,opendata,org-dokrates	86400	Everything published by DOKRATES on this portal: every dataset with its resources, licence, tags and last-modified date. Served by the CKAN platform at suche.transparenz.hamburg.de.	no	pending-probe
de-suche-transparenz-hamburg-de-org-hmdklgv	https://suche.transparenz.hamburg.de/api/3/action/package_search?fq=organization:hmdklgv&rows=100	json:result.results		suche.transparenz.hamburg.de — org-hmdklgv (Germany)		de_opendata	opendata	de	de,ckan,opendata,org-hmdklgv	86400	Everything published by HMDKLGV on this portal: every dataset with its resources, licence, tags and last-modified date. Served by the CKAN platform at suche.transparenz.hamburg.de.	no	pending-probe
de-suche-transparenz-hamburg-de-org-stadthamburg	https://suche.transparenz.hamburg.de/api/3/action/package_search?fq=organization:stadthamburg&rows=100	json:result.results		suche.transparenz.hamburg.de — org-stadthamburg (Germany)		de_opendata	opendata	de	de,ckan,opendata,org-stadthamburg	86400	Everything published by StadtHamburg on this portal: every dataset with its resources, licence, tags and last-modified date. Served by the CKAN platform at suche.transparenz.hamburg.de.	no	pending-probe
de-suche-transparenz-hamburg-de-org-statistikamt	https://suche.transparenz.hamburg.de/api/3/action/package_search?fq=organization:statistikamt&rows=100	json:result.results		suche.transparenz.hamburg.de — org-statistikamt (Germany)		de_opendata	opendata	de	de,ckan,opendata,org-statistikamt	86400	Everything published by Statistikamt on this portal: every dataset with its resources, licence, tags and last-modified date. Served by the CKAN platform at suche.transparenz.hamburg.de.	no	pending-probe
de-suche-transparenz-hamburg-de-org-workflows	https://suche.transparenz.hamburg.de/api/3/action/package_search?fq=organization:workflows&rows=100	json:result.results		suche.transparenz.hamburg.de — org-workflows (Germany)		de_opendata	opendata	de	de,ckan,opendata,org-workflows	86400	Everything published by Workflows on this portal: every dataset with its resources, licence, tags and last-modified date. Served by the CKAN platform at suche.transparenz.hamburg.de.	no	pending-probe
de-opendata-muenchen-de-orgs	https://opendata.muenchen.de/api/3/action/organization_list?all_fields=true	json:result		opendata.muenchen.de — orgs (Germany)		de_opendata	opendata	de	de,ckan,opendata,orgs	86400	Every publishing organisation on the portal with its title, description, package count and image. Served by the CKAN platform at opendata.muenchen.de.	no	pending-probe
de-opendata-muenchen-de-groups	https://opendata.muenchen.de/api/3/action/group_list?all_fields=true	json:result		opendata.muenchen.de — groups (Germany)		de_opendata	opendata	de	de,ckan,opendata,groups	86400	Thematic groups/collections declared by the portal. Served by the CKAN platform at opendata.muenchen.de.	no	pending-probe
de-opendata-muenchen-de-tags	https://opendata.muenchen.de/api/3/action/tag_list	json:result		opendata.muenchen.de — tags (Germany)		de_opendata	opendata	de	de,ckan,opendata,tags	86400	The portal's full controlled vocabulary of dataset tags. Served by the CKAN platform at opendata.muenchen.de.	no	pending-probe
de-opendata-muenchen-de-activity	https://opendata.muenchen.de/api/3/action/recently_changed_packages_activity_list?limit=100	json:result		opendata.muenchen.de — activity (Germany)		de_opendata	opendata	de	de,ckan,opendata,activity	86400	Recent publish/update activity — what this authority changed and when, which is the change-detection signal behind the catalogue. Served by the CKAN platform at opendata.muenchen.de.	no	pending-probe
de-opendata-muenchen-de-org-baureferat	https://opendata.muenchen.de/api/3/action/package_search?fq=organization:baureferat&rows=100	json:result.results		opendata.muenchen.de — org-baureferat (Germany)		de_opendata	opendata	de	de,ckan,opendata,org-baureferat	86400	Everything published by Baureferat der Landeshauptstadt München on this portal: every dataset with its resources, licence, tags and last-modified date. Served by the CKAN platform at opendata.muenchen.de.	no	pending-probe
de-opendata-muenchen-de-org-community-daten	https://opendata.muenchen.de/api/3/action/package_search?fq=organization:community-daten&rows=100	json:result.results		opendata.muenchen.de — org-community-daten (Germany)		de_opendata	opendata	de	de,ckan,opendata,org-community-daten	86400	Everything published by Community-Daten München on this portal: every dataset with its resources, licence, tags and last-modified date. Served by the CKAN platform at opendata.muenchen.de.	no	pending-probe
de-opendata-muenchen-de-org-direktorium-der-landeshauptstadt-muenche	https://opendata.muenchen.de/api/3/action/package_search?fq=organization:direktorium-der-landeshauptstadt-muenchen&rows=100	json:result.results		opendata.muenchen.de — org-direktorium-der-landeshauptstadt-muenche (Germany)		de_opendata	opendata	de	de,ckan,opendata,org-direktorium-der-landeshauptstadt-muenche	86400	Everything published by Direktorium der Landeshauptstadt München on this portal: every dataset with its resources, licence, tags and last-modified date. Served by the CKAN platform at opendata.muenchen.de.	no	pending-probe
de-opendata-muenchen-de-org-geodatenservice-muenchen	https://opendata.muenchen.de/api/3/action/package_search?fq=organization:geodatenservice-muenchen&rows=100	json:result.results		opendata.muenchen.de — org-geodatenservice-muenchen (Germany)		de_opendata	opendata	de	de,ckan,opendata,org-geodatenservice-muenchen	86400	Everything published by  GeodatenService München on this portal: every dataset with its resources, licence, tags and last-modified date. Served by the CKAN platform at opendata.muenchen.de.	no	pending-probe
de-opendata-muenchen-de-org-gesundheitsreferat	https://opendata.muenchen.de/api/3/action/package_search?fq=organization:gesundheitsreferat&rows=100	json:result.results		opendata.muenchen.de — org-gesundheitsreferat (Germany)		de_opendata	opendata	de	de,ckan,opendata,org-gesundheitsreferat	86400	Everything published by Gesundheitsreferat on this portal: every dataset with its resources, licence, tags and last-modified date. Served by the CKAN platform at opendata.muenchen.de.	no	pending-probe
de-opendata-muenchen-de-org-internationale-muenchner-filmwochen-gmbh	https://opendata.muenchen.de/api/3/action/package_search?fq=organization:internationale-muenchner-filmwochen-gmbh&rows=100	json:result.results		opendata.muenchen.de — org-internationale-muenchner-filmwochen-gmbh (Germany)		de_opendata	opendata	de	de,ckan,opendata,org-internationale-muenchner-filmwochen-gmbh	86400	Everything published by Internationale Münchner Filmwochen GmbH on this portal: every dataset with its resources, licence, tags and last-modified date. Served by the CKAN platform at opendata.muenchen.de.	no	pending-probe
de-opendata-muenchen-de-org-it-referat	https://opendata.muenchen.de/api/3/action/package_search?fq=organization:it-referat&rows=100	json:result.results		opendata.muenchen.de — org-it-referat (Germany)		de_opendata	opendata	de	de,ckan,opendata,org-it-referat	86400	Everything published by IT-Referat der Landeshauptstadt München on this portal: every dataset with its resources, licence, tags and last-modified date. Served by the CKAN platform at opendata.muenchen.de.	no	pending-probe
de-opendata-muenchen-de-org-kommunalreferat	https://opendata.muenchen.de/api/3/action/package_search?fq=organization:kommunalreferat&rows=100	json:result.results		opendata.muenchen.de — org-kommunalreferat (Germany)		de_opendata	opendata	de	de,ckan,opendata,org-kommunalreferat	86400	Everything published by Kommunalreferat der Landeshauptstadt München on this portal: every dataset with its resources, licence, tags and last-modified date. Served by the CKAN platform at opendata.muenchen.de.	no	pending-probe
de-opendata-muenchen-de-org-kreisverwaltungsreferat	https://opendata.muenchen.de/api/3/action/package_search?fq=organization:kreisverwaltungsreferat&rows=100	json:result.results		opendata.muenchen.de — org-kreisverwaltungsreferat (Germany)		de_opendata	opendata	de	de,ckan,opendata,org-kreisverwaltungsreferat	86400	Everything published by Kreisverwaltungsreferat der Landeshauptstadt München on this portal: every dataset with its resources, licence, tags and last-modified date. Served by the CKAN platform at opendata.muenchen.de.	no	pending-probe
de-opendata-muenchen-de-org-kulturreferat	https://opendata.muenchen.de/api/3/action/package_search?fq=organization:kulturreferat&rows=100	json:result.results		opendata.muenchen.de — org-kulturreferat (Germany)		de_opendata	opendata	de	de,ckan,opendata,org-kulturreferat	86400	Everything published by Kulturreferat on this portal: every dataset with its resources, licence, tags and last-modified date. Served by the CKAN platform at opendata.muenchen.de.	no	pending-probe
de-opendata-muenchen-de-org-landeshauptstadt-muenchen	https://opendata.muenchen.de/api/3/action/package_search?fq=organization:landeshauptstadt-muenchen&rows=100	json:result.results		opendata.muenchen.de — org-landeshauptstadt-muenchen (Germany)		de_opendata	opendata	de	de,ckan,opendata,org-landeshauptstadt-muenchen	86400	Everything published by Landeshauptstadt München on this portal: every dataset with its resources, licence, tags and last-modified date. Served by the CKAN platform at opendata.muenchen.de.	no	pending-probe
de-opendata-muenchen-de-org-messe-muenchen-gmbh	https://opendata.muenchen.de/api/3/action/package_search?fq=organization:messe-muenchen-gmbh&rows=100	json:result.results		opendata.muenchen.de — org-messe-muenchen-gmbh (Germany)		de_opendata	opendata	de	de,ckan,opendata,org-messe-muenchen-gmbh	86400	Everything published by Messe München GmbH on this portal: every dataset with its resources, licence, tags and last-modified date. Served by the CKAN platform at opendata.muenchen.de.	no	pending-probe
de-opendata-muenchen-de-org-mobilitaetsreferat	https://opendata.muenchen.de/api/3/action/package_search?fq=organization:mobilitaetsreferat&rows=100	json:result.results		opendata.muenchen.de — org-mobilitaetsreferat (Germany)		de_opendata	opendata	de	de,ckan,opendata,org-mobilitaetsreferat	86400	Everything published by Mobilitätsreferat der Landeshauptstadt München on this portal: every dataset with its resources, licence, tags and last-modified date. Served by the CKAN platform at opendata.muenchen.de.	no	pending-probe
de-opendata-muenchen-de-org-muenchen-de	https://opendata.muenchen.de/api/3/action/package_search?fq=organization:muenchen-de&rows=100	json:result.results		opendata.muenchen.de — org-muenchen-de (Germany)		de_opendata	opendata	de	de,ckan,opendata,org-muenchen-de	86400	Everything published by muenchen.de on this portal: every dataset with its resources, licence, tags and last-modified date. Served by the CKAN platform at opendata.muenchen.de.	no	pending-probe
de-opendata-muenchen-de-org-muenchener-tierpark-hellabrunn-ag	https://opendata.muenchen.de/api/3/action/package_search?fq=organization:muenchener-tierpark-hellabrunn-ag&rows=100	json:result.results		opendata.muenchen.de — org-muenchener-tierpark-hellabrunn-ag (Germany)		de_opendata	opendata	de	de,ckan,opendata,org-muenchener-tierpark-hellabrunn-ag	86400	Everything published by Münchener Tierpark Hellabrunn AG on this portal: every dataset with its resources, licence, tags and last-modified date. Served by the CKAN platform at opendata.muenchen.de.	no	pending-probe
de-opendata-muenchen-de-org-muenchen-klinik-ggmbh	https://opendata.muenchen.de/api/3/action/package_search?fq=organization:muenchen-klinik-ggmbh&rows=100	json:result.results		opendata.muenchen.de — org-muenchen-klinik-ggmbh (Germany)		de_opendata	opendata	de	de,ckan,opendata,org-muenchen-klinik-ggmbh	86400	Everything published by München Klinik gGmbH on this portal: every dataset with its resources, licence, tags and last-modified date. Served by the CKAN platform at opendata.muenchen.de.	no	pending-probe
de-opendata-muenchen-de-org-munchner-gewerbehof-und-technologiezentr	https://opendata.muenchen.de/api/3/action/package_search?fq=organization:munchner-gewerbehof-und-technologiezentrumsgesellschaft-mbh&rows=100	json:result.results		opendata.muenchen.de — org-munchner-gewerbehof-und-technologiezentr (Germany)		de_opendata	opendata	de	de,ckan,opendata,org-munchner-gewerbehof-und-technologiezentr	86400	Everything published by Münchner Gewerbehof- und Technologiezentrumsgesellschaft mbH on this portal: every dataset with its resources, licence, tags and last-modified date. Served by the CKAN platform at opendata.muenchen.de.	no	pending-probe
de-opendata-muenchen-de-org-muenchner-stadtbibliothek	https://opendata.muenchen.de/api/3/action/package_search?fq=organization:muenchner-stadtbibliothek&rows=100	json:result.results		opendata.muenchen.de — org-muenchner-stadtbibliothek (Germany)		de_opendata	opendata	de	de,ckan,opendata,org-muenchner-stadtbibliothek	86400	Everything published by  Münchner Stadtbibliothek on this portal: every dataset with its resources, licence, tags and last-modified date. Served by the CKAN platform at opendata.muenchen.de.	no	pending-probe
de-opendata-muenchen-de-org-muenchner-stadtentwaesserung	https://opendata.muenchen.de/api/3/action/package_search?fq=organization:muenchner-stadtentwaesserung&rows=100	json:result.results		opendata.muenchen.de — org-muenchner-stadtentwaesserung (Germany)		de_opendata	opendata	de	de,ckan,opendata,org-muenchner-stadtentwaesserung	86400	Everything published by Münchner Stadtentwässerung on this portal: every dataset with its resources, licence, tags and last-modified date. Served by the CKAN platform at opendata.muenchen.de.	no	pending-probe
de-opendata-muenchen-de-org-muenchner-verkehrsgesellschaft-mbh-mvg	https://opendata.muenchen.de/api/3/action/package_search?fq=organization:muenchner-verkehrsgesellschaft-mbh-mvg&rows=100	json:result.results		opendata.muenchen.de — org-muenchner-verkehrsgesellschaft-mbh-mvg (Germany)		de_opendata	opendata	de	de,ckan,opendata,org-muenchner-verkehrsgesellschaft-mbh-mvg	86400	Everything published by Münchner Verkehrsgesellschaft mbH (MVG) on this portal: every dataset with its resources, licence, tags and last-modified date. Served by the CKAN platform at opendata.muenchen.de.	no	pending-probe
de-opendata-muenchen-de-org-muenchner-verkehrs-und-tarifverbund-gmbh	https://opendata.muenchen.de/api/3/action/package_search?fq=organization:muenchner-verkehrs-und-tarifverbund-gmbh-mvv&rows=100	json:result.results		opendata.muenchen.de — org-muenchner-verkehrs-und-tarifverbund-gmbh (Germany)		de_opendata	opendata	de	de,ckan,opendata,org-muenchner-verkehrs-und-tarifverbund-gmbh	86400	Everything published by Münchner Verkehrs- und Tarifverbund GmbH (MVV) on this portal: every dataset with its resources, licence, tags and last-modified date. Served by the CKAN platform at opendata.muenchen.de.	no	pending-probe
de-opendata-muenchen-de-org-muenchner-wohnen	https://opendata.muenchen.de/api/3/action/package_search?fq=organization:muenchner-wohnen&rows=100	json:result.results		opendata.muenchen.de — org-muenchner-wohnen (Germany)		de_opendata	opendata	de	de,ckan,opendata,org-muenchner-wohnen	86400	Everything published by Münchner Wohnen on this portal: every dataset with its resources, licence, tags and last-modified date. Served by the CKAN platform at opendata.muenchen.de.	no	pending-probe
de-opendata-muenchen-de-org-p-r-park-ride-gmbh-muenchen	https://opendata.muenchen.de/api/3/action/package_search?fq=organization:p-r-park-ride-gmbh-muenchen&rows=100	json:result.results		opendata.muenchen.de — org-p-r-park-ride-gmbh-muenchen (Germany)		de_opendata	opendata	de	de,ckan,opendata,org-p-r-park-ride-gmbh-muenchen	86400	Everything published by P+R Park & Ride GmbH München on this portal: every dataset with its resources, licence, tags and last-modified date. Served by the CKAN platform at opendata.muenchen.de.	no	pending-probe
de-opendata-muenchen-de-org-referat-fur-arbeit-und-wirtschaft-raw-de	https://opendata.muenchen.de/api/3/action/package_search?fq=organization:referat-fur-arbeit-und-wirtschaft-raw-der-landeshauptstadt-muenchen&rows=100	json:result.results		opendata.muenchen.de — org-referat-fur-arbeit-und-wirtschaft-raw-de (Germany)		de_opendata	opendata	de	de,ckan,opendata,org-referat-fur-arbeit-und-wirtschaft-raw-de	86400	Everything published by Referat für Arbeit und Wirtschaft (RAW) der Landeshauptstadt München on this portal: every dataset with its resources, licence, tags and last-modified date. Served by the CKAN platform at opendata.muenchen.de.	no	pending-probe
de-opendata-muenchen-de-org-referat-fur-bildung-und-sport	https://opendata.muenchen.de/api/3/action/package_search?fq=organization:referat-fur-bildung-und-sport&rows=100	json:result.results		opendata.muenchen.de — org-referat-fur-bildung-und-sport (Germany)		de_opendata	opendata	de	de,ckan,opendata,org-referat-fur-bildung-und-sport	86400	Everything published by Referat für Bildung und Sport der Landeshauptstadt München on this portal: every dataset with its resources, licence, tags and last-modified date. Served by the CKAN platform at opendata.muenchen.de.	no	pending-probe
de-www-offenesdatenportal-de-orgs	https://www.offenesdatenportal.de/api/3/action/organization_list?all_fields=true	json:result		www.offenesdatenportal.de — orgs (Germany)		de_opendata	opendata	de	de,ckan,opendata,orgs	86400	Every publishing organisation on the portal with its title, description, package count and image. Served by the CKAN platform at www.offenesdatenportal.de.	no	pending-probe
de-www-offenesdatenportal-de-groups	https://www.offenesdatenportal.de/api/3/action/group_list?all_fields=true	json:result		www.offenesdatenportal.de — groups (Germany)		de_opendata	opendata	de	de,ckan,opendata,groups	86400	Thematic groups/collections declared by the portal. Served by the CKAN platform at www.offenesdatenportal.de.	no	pending-probe
de-www-offenesdatenportal-de-tags	https://www.offenesdatenportal.de/api/3/action/tag_list	json:result		www.offenesdatenportal.de — tags (Germany)		de_opendata	opendata	de	de,ckan,opendata,tags	86400	The portal's full controlled vocabulary of dataset tags. Served by the CKAN platform at www.offenesdatenportal.de.	no	pending-probe
de-www-offenesdatenportal-de-activity	https://www.offenesdatenportal.de/api/3/action/recently_changed_packages_activity_list?limit=100	json:result		www.offenesdatenportal.de — activity (Germany)		de_opendata	opendata	de	de,ckan,opendata,activity	86400	Recent publish/update activity — what this authority changed and when, which is the change-detection signal behind the catalogue. Served by the CKAN platform at www.offenesdatenportal.de.	no	pending-probe
de-www-offenesdatenportal-de-org-gemeinde-schwalmtal	https://www.offenesdatenportal.de/api/3/action/package_search?fq=organization:gemeinde-schwalmtal&rows=100	json:result.results		www.offenesdatenportal.de — org-gemeinde-schwalmtal (Germany)		de_opendata	opendata	de	de,ckan,opendata,org-gemeinde-schwalmtal	86400	Everything published by Gemeinde Schwalmtal on this portal: every dataset with its resources, licence, tags and last-modified date. Served by the CKAN platform at www.offenesdatenportal.de.	no	pending-probe
de-www-offenesdatenportal-de-org-gemeinde-wachtendonk	https://www.offenesdatenportal.de/api/3/action/package_search?fq=organization:gemeinde-wachtendonk&rows=100	json:result.results		www.offenesdatenportal.de — org-gemeinde-wachtendonk (Germany)		de_opendata	opendata	de	de,ckan,opendata,org-gemeinde-wachtendonk	86400	Everything published by Gemeinde Wachtendonk on this portal: every dataset with its resources, licence, tags and last-modified date. Served by the CKAN platform at www.offenesdatenportal.de.	no	pending-probe
de-www-offenesdatenportal-de-org-kreis-kleve	https://www.offenesdatenportal.de/api/3/action/package_search?fq=organization:kreis-kleve&rows=100	json:result.results		www.offenesdatenportal.de — org-kreis-kleve (Germany)		de_opendata	opendata	de	de,ckan,opendata,org-kreis-kleve	86400	Everything published by Kreis Kleve on this portal: every dataset with its resources, licence, tags and last-modified date. Served by the CKAN platform at www.offenesdatenportal.de.	no	pending-probe
de-www-offenesdatenportal-de-org-kreis-wesel	https://www.offenesdatenportal.de/api/3/action/package_search?fq=organization:kreis-wesel&rows=100	json:result.results		www.offenesdatenportal.de — org-kreis-wesel (Germany)		de_opendata	opendata	de	de,ckan,opendata,org-kreis-wesel	86400	Everything published by Kreis Wesel on this portal: every dataset with its resources, licence, tags and last-modified date. Served by the CKAN platform at www.offenesdatenportal.de.	no	pending-probe
de-www-offenesdatenportal-de-org-krzn	https://www.offenesdatenportal.de/api/3/action/package_search?fq=organization:krzn&rows=100	json:result.results		www.offenesdatenportal.de — org-krzn (Germany)		de_opendata	opendata	de	de,ckan,opendata,org-krzn	86400	Everything published by KRZN on this portal: every dataset with its resources, licence, tags and last-modified date. Served by the CKAN platform at www.offenesdatenportal.de.	no	pending-probe
de-www-offenesdatenportal-de-org-stadt-bottrop	https://www.offenesdatenportal.de/api/3/action/package_search?fq=organization:stadt-bottrop&rows=100	json:result.results		www.offenesdatenportal.de — org-stadt-bottrop (Germany)		de_opendata	opendata	de	de,ckan,opendata,org-stadt-bottrop	86400	Everything published by Stadt Bottrop on this portal: every dataset with its resources, licence, tags and last-modified date. Served by the CKAN platform at www.offenesdatenportal.de.	no	pending-probe
de-www-offenesdatenportal-de-org-stadt-geldern	https://www.offenesdatenportal.de/api/3/action/package_search?fq=organization:stadt-geldern&rows=100	json:result.results		www.offenesdatenportal.de — org-stadt-geldern (Germany)		de_opendata	opendata	de	de,ckan,opendata,org-stadt-geldern	86400	Everything published by Stadt Geldern on this portal: every dataset with its resources, licence, tags and last-modified date. Served by the CKAN platform at www.offenesdatenportal.de.	no	pending-probe
de-www-offenesdatenportal-de-org-stadt-goch	https://www.offenesdatenportal.de/api/3/action/package_search?fq=organization:stadt-goch&rows=100	json:result.results		www.offenesdatenportal.de — org-stadt-goch (Germany)		de_opendata	opendata	de	de,ckan,opendata,org-stadt-goch	86400	Everything published by Stadt Goch on this portal: every dataset with its resources, licence, tags and last-modified date. Served by the CKAN platform at www.offenesdatenportal.de.	no	pending-probe
de-www-offenesdatenportal-de-org-stadt-kleve	https://www.offenesdatenportal.de/api/3/action/package_search?fq=organization:stadt-kleve&rows=100	json:result.results		www.offenesdatenportal.de — org-stadt-kleve (Germany)		de_opendata	opendata	de	de,ckan,opendata,org-stadt-kleve	86400	Everything published by Stadt Kleve on this portal: every dataset with its resources, licence, tags and last-modified date. Served by the CKAN platform at www.offenesdatenportal.de.	no	pending-probe
de-www-offenesdatenportal-de-org-krefeld	https://www.offenesdatenportal.de/api/3/action/package_search?fq=organization:krefeld&rows=100	json:result.results		www.offenesdatenportal.de — org-krefeld (Germany)		de_opendata	opendata	de	de,ckan,opendata,org-krefeld	86400	Everything published by Stadt Krefeld on this portal: every dataset with its resources, licence, tags and last-modified date. Served by the CKAN platform at www.offenesdatenportal.de.	no	pending-probe
de-www-offenesdatenportal-de-org-moers	https://www.offenesdatenportal.de/api/3/action/package_search?fq=organization:moers&rows=100	json:result.results		www.offenesdatenportal.de — org-moers (Germany)		de_opendata	opendata	de	de,ckan,opendata,org-moers	86400	Everything published by Stadt Moers on this portal: every dataset with its resources, licence, tags and last-modified date. Served by the CKAN platform at www.offenesdatenportal.de.	no	pending-probe
de-www-offenesdatenportal-de-org-stadt-tonisvorst	https://www.offenesdatenportal.de/api/3/action/package_search?fq=organization:stadt-tonisvorst&rows=100	json:result.results		www.offenesdatenportal.de — org-stadt-tonisvorst (Germany)		de_opendata	opendata	de	de,ckan,opendata,org-stadt-tonisvorst	86400	Everything published by Stadt Tönisvorst on this portal: every dataset with its resources, licence, tags and last-modified date. Served by the CKAN platform at www.offenesdatenportal.de.	no	pending-probe
de-www-offenesdatenportal-de-org-stadt-viersen	https://www.offenesdatenportal.de/api/3/action/package_search?fq=organization:stadt-viersen&rows=100	json:result.results		www.offenesdatenportal.de — org-stadt-viersen (Germany)		de_opendata	opendata	de	de,ckan,opendata,org-stadt-viersen	86400	Everything published by Stadt Viersen on this portal: every dataset with its resources, licence, tags and last-modified date. Served by the CKAN platform at www.offenesdatenportal.de.	no	pending-probe
de-www-offenesdatenportal-de-org-stadt-wesel	https://www.offenesdatenportal.de/api/3/action/package_search?fq=organization:stadt-wesel&rows=100	json:result.results		www.offenesdatenportal.de — org-stadt-wesel (Germany)		de_opendata	opendata	de	de,ckan,opendata,org-stadt-wesel	86400	Everything published by Stadt Wesel on this portal: every dataset with its resources, licence, tags and last-modified date. Served by the CKAN platform at www.offenesdatenportal.de.	no	pending-probe
de-opendata-schleswig-holstein-de-orgs	https://opendata.schleswig-holstein.de/api/3/action/organization_list?all_fields=true	json:result		opendata.schleswig-holstein.de — orgs (Germany)		de_opendata	opendata	de	de,ckan,opendata,orgs	86400	Every publishing organisation on the portal with its title, description, package count and image. Served by the CKAN platform at opendata.schleswig-holstein.de.	no	pending-probe
de-opendata-schleswig-holstein-de-groups	https://opendata.schleswig-holstein.de/api/3/action/group_list?all_fields=true	json:result		opendata.schleswig-holstein.de — groups (Germany)		de_opendata	opendata	de	de,ckan,opendata,groups	86400	Thematic groups/collections declared by the portal. Served by the CKAN platform at opendata.schleswig-holstein.de.	no	pending-probe
de-opendata-schleswig-holstein-de-tags	https://opendata.schleswig-holstein.de/api/3/action/tag_list	json:result		opendata.schleswig-holstein.de — tags (Germany)		de_opendata	opendata	de	de,ckan,opendata,tags	86400	The portal's full controlled vocabulary of dataset tags. Served by the CKAN platform at opendata.schleswig-holstein.de.	no	pending-probe
de-opendata-schleswig-holstein-de-activity	https://opendata.schleswig-holstein.de/api/3/action/recently_changed_packages_activity_list?limit=100	json:result		opendata.schleswig-holstein.de — activity (Germany)		de_opendata	opendata	de	de,ckan,opendata,activity	86400	Recent publish/update activity — what this authority changed and when, which is the change-detection signal behind the catalogue. Served by the CKAN platform at opendata.schleswig-holstein.de.	no	pending-probe
de-opendata-schleswig-holstein-de-org-adac	https://opendata.schleswig-holstein.de/api/3/action/package_search?fq=organization:adac&rows=100	json:result.results		opendata.schleswig-holstein.de — org-adac (Germany)		de_opendata	opendata	de	de,ckan,opendata,org-adac	86400	Everything published by ADAC: Allgemeiner Deutscher Automobil-Club on this portal: every dataset with its resources, licence, tags and last-modified date. Served by the CKAN platform at opendata.schleswig-holstein.de.	no	pending-probe
de-opendata-schleswig-holstein-de-org-awsh-abfallwirtschaft-sudholstein-gmbh	https://opendata.schleswig-holstein.de/api/3/action/package_search?fq=organization:awsh-abfallwirtschaft-sudholstein-gmbh&rows=100	json:result.results		opendata.schleswig-holstein.de — org-awsh-abfallwirtschaft-sudholstein-gmbh (Germany)		de_opendata	opendata	de	de,ckan,opendata,org-awsh-abfallwirtschaft-sudholstein-gmbh	86400	Everything published by AWSH - Abfallwirtschaft Südholstein GmbH on this portal: every dataset with its resources, licence, tags and last-modified date. Served by the CKAN platform at opendata.schleswig-holstein.de.	no	pending-probe
de-opendata-schleswig-holstein-de-org-aktivregion-uthlande	https://opendata.schleswig-holstein.de/api/3/action/package_search?fq=organization:aktivregion-uthlande&rows=100	json:result.results		opendata.schleswig-holstein.de — org-aktivregion-uthlande (Germany)		de_opendata	opendata	de	de,ckan,opendata,org-aktivregion-uthlande	86400	Everything published by Aktivregion Uthlande on this portal: every dataset with its resources, licence, tags and last-modified date. Served by the CKAN platform at opendata.schleswig-holstein.de.	no	pending-probe
de-opendata-schleswig-holstein-de-org-amt-bad-oldesloe-land	https://opendata.schleswig-holstein.de/api/3/action/package_search?fq=organization:amt-bad-oldesloe-land&rows=100	json:result.results		opendata.schleswig-holstein.de — org-amt-bad-oldesloe-land (Germany)		de_opendata	opendata	de	de,ckan,opendata,org-amt-bad-oldesloe-land	86400	Everything published by Amt Bad Oldesloe-Land on this portal: every dataset with its resources, licence, tags and last-modified date. Served by the CKAN platform at opendata.schleswig-holstein.de.	no	pending-probe
de-opendata-schleswig-holstein-de-org-amt-bargteheide-land	https://opendata.schleswig-holstein.de/api/3/action/package_search?fq=organization:amt-bargteheide-land&rows=100	json:result.results		opendata.schleswig-holstein.de — org-amt-bargteheide-land (Germany)		de_opendata	opendata	de	de,ckan,opendata,org-amt-bargteheide-land	86400	Everything published by Amt Bargteheide-Land on this portal: every dataset with its resources, licence, tags and last-modified date. Served by the CKAN platform at opendata.schleswig-holstein.de.	no	pending-probe
de-opendata-schleswig-holstein-de-org-amt-bordesholm	https://opendata.schleswig-holstein.de/api/3/action/package_search?fq=organization:amt-bordesholm&rows=100	json:result.results		opendata.schleswig-holstein.de — org-amt-bordesholm (Germany)		de_opendata	opendata	de	de,ckan,opendata,org-amt-bordesholm	86400	Everything published by Amt Bordesholm on this portal: every dataset with its resources, licence, tags and last-modified date. Served by the CKAN platform at opendata.schleswig-holstein.de.	no	pending-probe
de-opendata-schleswig-holstein-de-org-amt-burg-st-michaelisdonn	https://opendata.schleswig-holstein.de/api/3/action/package_search?fq=organization:amt-burg-st-michaelisdonn&rows=100	json:result.results		opendata.schleswig-holstein.de — org-amt-burg-st-michaelisdonn (Germany)		de_opendata	opendata	de	de,ckan,opendata,org-amt-burg-st-michaelisdonn	86400	Everything published by Amt Burg-St. Michaelisdonn on this portal: every dataset with its resources, licence, tags and last-modified date. Served by the CKAN platform at opendata.schleswig-holstein.de.	no	pending-probe
de-opendata-schleswig-holstein-de-org-amt-buechen	https://opendata.schleswig-holstein.de/api/3/action/package_search?fq=organization:amt-buechen&rows=100	json:result.results		opendata.schleswig-holstein.de — org-amt-buechen (Germany)		de_opendata	opendata	de	de,ckan,opendata,org-amt-buechen	86400	Everything published by Amt Büchen on this portal: every dataset with its resources, licence, tags and last-modified date. Served by the CKAN platform at opendata.schleswig-holstein.de.	no	pending-probe
de-opendata-schleswig-holstein-de-org-amt-daenischenhagen	https://opendata.schleswig-holstein.de/api/3/action/package_search?fq=organization:amt-daenischenhagen&rows=100	json:result.results		opendata.schleswig-holstein.de — org-amt-daenischenhagen (Germany)		de_opendata	opendata	de	de,ckan,opendata,org-amt-daenischenhagen	86400	Everything published by Amt Dänischenhagen on this portal: every dataset with its resources, licence, tags and last-modified date. Served by the CKAN platform at opendata.schleswig-holstein.de.	no	pending-probe
de-opendata-schleswig-holstein-de-org-amt-eidertal	https://opendata.schleswig-holstein.de/api/3/action/package_search?fq=organization:amt-eidertal&rows=100	json:result.results		opendata.schleswig-holstein.de — org-amt-eidertal (Germany)		de_opendata	opendata	de	de,ckan,opendata,org-amt-eidertal	86400	Everything published by Amt Eidertal on this portal: every dataset with its resources, licence, tags and last-modified date. Served by the CKAN platform at opendata.schleswig-holstein.de.	no	pending-probe
de-opendata-schleswig-holstein-de-org-amt-elmshorn-land	https://opendata.schleswig-holstein.de/api/3/action/package_search?fq=organization:amt-elmshorn-land&rows=100	json:result.results		opendata.schleswig-holstein.de — org-amt-elmshorn-land (Germany)		de_opendata	opendata	de	de,ckan,opendata,org-amt-elmshorn-land	86400	Everything published by Amt Elmshorn-Land on this portal: every dataset with its resources, licence, tags and last-modified date. Served by the CKAN platform at opendata.schleswig-holstein.de.	no	pending-probe
de-opendata-schleswig-holstein-de-org-amt-grosser-ploener-see	https://opendata.schleswig-holstein.de/api/3/action/package_search?fq=organization:amt-grosser-ploener-see&rows=100	json:result.results		opendata.schleswig-holstein.de — org-amt-grosser-ploener-see (Germany)		de_opendata	opendata	de	de,ckan,opendata,org-amt-grosser-ploener-see	86400	Everything published by Amt Großer Plöner See on this portal: every dataset with its resources, licence, tags and last-modified date. Served by the CKAN platform at opendata.schleswig-holstein.de.	no	pending-probe
de-opendata-schleswig-holstein-de-org-amt-haddeby	https://opendata.schleswig-holstein.de/api/3/action/package_search?fq=organization:amt-haddeby&rows=100	json:result.results		opendata.schleswig-holstein.de — org-amt-haddeby (Germany)		de_opendata	opendata	de	de,ckan,opendata,org-amt-haddeby	86400	Everything published by Amt Haddeby on this portal: every dataset with its resources, licence, tags and last-modified date. Served by the CKAN platform at opendata.schleswig-holstein.de.	no	pending-probe
de-opendata-schleswig-holstein-de-org-amt-hohe-elbgeest	https://opendata.schleswig-holstein.de/api/3/action/package_search?fq=organization:amt-hohe-elbgeest&rows=100	json:result.results		opendata.schleswig-holstein.de — org-amt-hohe-elbgeest (Germany)		de_opendata	opendata	de	de,ckan,opendata,org-amt-hohe-elbgeest	86400	Everything published by Amt Hohe Elbgeest on this portal: every dataset with its resources, licence, tags and last-modified date. Served by the CKAN platform at opendata.schleswig-holstein.de.	no	pending-probe
de-opendata-schleswig-holstein-de-org-amt-huettener-berge	https://opendata.schleswig-holstein.de/api/3/action/package_search?fq=organization:amt-huettener-berge&rows=100	json:result.results		opendata.schleswig-holstein.de — org-amt-huettener-berge (Germany)		de_opendata	opendata	de	de,ckan,opendata,org-amt-huettener-berge	86400	Everything published by Amt Hüttener Berge on this portal: every dataset with its resources, licence, tags and last-modified date. Served by the CKAN platform at opendata.schleswig-holstein.de.	no	pending-probe
de-opendata-schleswig-holstein-de-org-amt-kellinghusen	https://opendata.schleswig-holstein.de/api/3/action/package_search?fq=organization:amt-kellinghusen&rows=100	json:result.results		opendata.schleswig-holstein.de — org-amt-kellinghusen (Germany)		de_opendata	opendata	de	de,ckan,opendata,org-amt-kellinghusen	86400	Everything published by Amt Kellinghusen on this portal: every dataset with its resources, licence, tags and last-modified date. Served by the CKAN platform at opendata.schleswig-holstein.de.	no	pending-probe
de-opendata-schleswig-holstein-de-org-amt-marne-nordsee	https://opendata.schleswig-holstein.de/api/3/action/package_search?fq=organization:amt-marne-nordsee&rows=100	json:result.results		opendata.schleswig-holstein.de — org-amt-marne-nordsee (Germany)		de_opendata	opendata	de	de,ckan,opendata,org-amt-marne-nordsee	86400	Everything published by Amt Marne-Nordsee on this portal: every dataset with its resources, licence, tags and last-modified date. Served by the CKAN platform at opendata.schleswig-holstein.de.	no	pending-probe
de-opendata-schleswig-holstein-de-org-amtmittelangeln	https://opendata.schleswig-holstein.de/api/3/action/package_search?fq=organization:amtmittelangeln&rows=100	json:result.results		opendata.schleswig-holstein.de — org-amtmittelangeln (Germany)		de_opendata	opendata	de	de,ckan,opendata,org-amtmittelangeln	86400	Everything published by Amt Mittelangeln on this portal: every dataset with its resources, licence, tags and last-modified date. Served by the CKAN platform at opendata.schleswig-holstein.de.	no	pending-probe
de-opendata-schleswig-holstein-de-org-amt-mitteldithmarschen	https://opendata.schleswig-holstein.de/api/3/action/package_search?fq=organization:amt-mitteldithmarschen&rows=100	json:result.results		opendata.schleswig-holstein.de — org-amt-mitteldithmarschen (Germany)		de_opendata	opendata	de	de,ckan,opendata,org-amt-mitteldithmarschen	86400	Everything published by Amt Mitteldithmarschen on this portal: every dataset with its resources, licence, tags and last-modified date. Served by the CKAN platform at opendata.schleswig-holstein.de.	no	pending-probe
de-opendata-schleswig-holstein-de-org-amt-mittelholstein	https://opendata.schleswig-holstein.de/api/3/action/package_search?fq=organization:amt-mittelholstein&rows=100	json:result.results		opendata.schleswig-holstein.de — org-amt-mittelholstein (Germany)		de_opendata	opendata	de	de,ckan,opendata,org-amt-mittelholstein	86400	Everything published by Amt Mittelholstein on this portal: every dataset with its resources, licence, tags and last-modified date. Served by the CKAN platform at opendata.schleswig-holstein.de.	no	pending-probe
de-opendata-schleswig-holstein-de-org-amt-nortorfer-land	https://opendata.schleswig-holstein.de/api/3/action/package_search?fq=organization:amt-nortorfer-land&rows=100	json:result.results		opendata.schleswig-holstein.de — org-amt-nortorfer-land (Germany)		de_opendata	opendata	de	de,ckan,opendata,org-amt-nortorfer-land	86400	Everything published by Amt Nortorfer Land on this portal: every dataset with its resources, licence, tags and last-modified date. Served by the CKAN platform at opendata.schleswig-holstein.de.	no	pending-probe
de-opendata-schleswig-holstein-de-org-amt-pinnau	https://opendata.schleswig-holstein.de/api/3/action/package_search?fq=organization:amt_pinnau&rows=100	json:result.results		opendata.schleswig-holstein.de — org-amt-pinnau (Germany)		de_opendata	opendata	de	de,ckan,opendata,org-amt-pinnau	86400	Everything published by Amt Pinnau on this portal: every dataset with its resources, licence, tags and last-modified date. Served by the CKAN platform at opendata.schleswig-holstein.de.	no	pending-probe
de-opendata-schleswig-holstein-de-org-amt-schlei-ostsee	https://opendata.schleswig-holstein.de/api/3/action/package_search?fq=organization:amt-schlei-ostsee&rows=100	json:result.results		opendata.schleswig-holstein.de — org-amt-schlei-ostsee (Germany)		de_opendata	opendata	de	de,ckan,opendata,org-amt-schlei-ostsee	86400	Everything published by Amt Schlei-Ostsee on this portal: every dataset with its resources, licence, tags and last-modified date. Served by the CKAN platform at opendata.schleswig-holstein.de.	no	pending-probe
de-opendata-schleswig-holstein-de-org-schrevenborn	https://opendata.schleswig-holstein.de/api/3/action/package_search?fq=organization:schrevenborn&rows=100	json:result.results		opendata.schleswig-holstein.de — org-schrevenborn (Germany)		de_opendata	opendata	de	de,ckan,opendata,org-schrevenborn	86400	Everything published by Amt Schrevenborn on this portal: every dataset with its resources, licence, tags and last-modified date. Served by the CKAN platform at opendata.schleswig-holstein.de.	no	pending-probe
de-opendata-schleswig-holstein-de-org-amt-suedangeln	https://opendata.schleswig-holstein.de/api/3/action/package_search?fq=organization:amt-suedangeln&rows=100	json:result.results		opendata.schleswig-holstein.de — org-amt-suedangeln (Germany)		de_opendata	opendata	de	de,ckan,opendata,org-amt-suedangeln	86400	Everything published by Amt Südangeln on this portal: every dataset with its resources, licence, tags and last-modified date. Served by the CKAN platform at opendata.schleswig-holstein.de.	no	pending-probe
fr-data-ampmetropole-fr-facets	https://data.ampmetropole.fr/api/explore/v2.1/catalog/facets	json:facets		data.ampmetropole.fr — facets (France)		fr_opendata	opendata	fr	fr,ods,opendata,facets	86400	The portal's facet tree — themes, publishers and keywords with counts, i.e. the shape of what this authority publishes. Served by the ODS platform at data.ampmetropole.fr.	no	pending-probe
fr-data-ampmetropole-fr-publisher-m-tropole-aix-marseille-provence	https://data.ampmetropole.fr/api/explore/v2.1/catalog/datasets?where=publisher%3D%22M%C3%A9tropole%20Aix-Marseille%20Provence%22&limit=100	json:results		data.ampmetropole.fr — publisher-m-tropole-aix-marseille-provence (France)		fr_opendata	opendata	fr	fr,ods,opendata,publisher-m-tropole-aix-marseille-provence	86400	Every dataset on this portal whose publisher is Métropole Aix-Marseille Provence — the publisher's full stream, with field schema and record counts. Served by the ODS platform at data.ampmetropole.fr.	no	pending-probe
fr-data-ampmetropole-fr-publisher-insee	https://data.ampmetropole.fr/api/explore/v2.1/catalog/datasets?where=publisher%3D%22INSEE%22&limit=100	json:results		data.ampmetropole.fr — publisher-insee (France)		fr_opendata	opendata	fr	fr,ods,opendata,publisher-insee	86400	Every dataset on this portal whose publisher is INSEE — the publisher's full stream, with field schema and record counts. Served by the ODS platform at data.ampmetropole.fr.	no	pending-probe
fr-data-ampmetropole-fr-publisher-dreal	https://data.ampmetropole.fr/api/explore/v2.1/catalog/datasets?where=publisher%3D%22DREAL%22&limit=100	json:results		data.ampmetropole.fr — publisher-dreal (France)		fr_opendata	opendata	fr	fr,ods,opendata,publisher-dreal	86400	Every dataset on this portal whose publisher is DREAL — the publisher's full stream, with field schema and record counts. Served by the ODS platform at data.ampmetropole.fr.	no	pending-probe
fr-data-ampmetropole-fr-publisher-ign	https://data.ampmetropole.fr/api/explore/v2.1/catalog/datasets?where=publisher%3D%22IGN%22&limit=100	json:results		data.ampmetropole.fr — publisher-ign (France)		fr_opendata	opendata	fr	fr,ods,opendata,publisher-ign	86400	Every dataset on this portal whose publisher is IGN — the publisher's full stream, with field schema and record counts. Served by the ODS platform at data.ampmetropole.fr.	no	pending-probe
fr-data-ampmetropole-fr-publisher-opendatasoft	https://data.ampmetropole.fr/api/explore/v2.1/catalog/datasets?where=publisher%3D%22Opendatasoft%22&limit=100	json:results		data.ampmetropole.fr — publisher-opendatasoft (France)		fr_opendata	opendata	fr	fr,ods,opendata,publisher-opendatasoft	86400	Every dataset on this portal whose publisher is Opendatasoft — the publisher's full stream, with field schema and record counts. Served by the ODS platform at data.ampmetropole.fr.	no	pending-probe
fr-data-ampmetropole-fr-publisher-minist-re-de-l-int-rieur	https://data.ampmetropole.fr/api/explore/v2.1/catalog/datasets?where=publisher%3D%22Minist%C3%A8re%20de%20l%27Int%C3%A9rieur%22&limit=100	json:results		data.ampmetropole.fr — publisher-minist-re-de-l-int-rieur (France)		fr_opendata	opendata	fr	fr,ods,opendata,publisher-minist-re-de-l-int-rieur	86400	Every dataset on this portal whose publisher is Ministère de l'Intérieur — the publisher's full stream, with field schema and record counts. Served by the ODS platform at data.ampmetropole.fr.	no	pending-probe
fr-data-ampmetropole-fr-publisher-anct	https://data.ampmetropole.fr/api/explore/v2.1/catalog/datasets?where=publisher%3D%22ANCT%22&limit=100	json:results		data.ampmetropole.fr — publisher-anct (France)		fr_opendata	opendata	fr	fr,ods,opendata,publisher-anct	86400	Every dataset on this portal whose publisher is ANCT — the publisher's full stream, with field schema and record counts. Served by the ODS platform at data.ampmetropole.fr.	no	pending-probe
fr-data-ampmetropole-fr-publisher-atmosud	https://data.ampmetropole.fr/api/explore/v2.1/catalog/datasets?where=publisher%3D%22Atmosud%22&limit=100	json:results		data.ampmetropole.fr — publisher-atmosud (France)		fr_opendata	opendata	fr	fr,ods,opendata,publisher-atmosud	86400	Every dataset on this portal whose publisher is Atmosud — the publisher's full stream, with field schema and record counts. Served by the ODS platform at data.ampmetropole.fr.	no	pending-probe
fr-data-ampmetropole-fr-publisher-minist-re-de-la-transition-cologique-et-	https://data.ampmetropole.fr/api/explore/v2.1/catalog/datasets?where=publisher%3D%22Minist%C3%A8re%20de%20la%20transition%20%C3%A9cologique%20et%20solidaire%22&limit=100	json:results		data.ampmetropole.fr — publisher-minist-re-de-la-transition-cologique-et- (France)		fr_opendata	opendata	fr	fr,ods,opendata,publisher-minist-re-de-la-transition-cologique-et-	86400	Every dataset on this portal whose publisher is Ministère de la transition écologique et solidaire — the publisher's full stream, with field schema and record counts. Served by the ODS platform at data.ampmetropole.fr.	no	pending-probe
fr-data-ampmetropole-fr-publisher-minist-re-des-solidarit-s-et-de-la-sant	https://data.ampmetropole.fr/api/explore/v2.1/catalog/datasets?where=publisher%3D%22Minist%C3%A8re%20des%20Solidarit%C3%A9s%20et%20de%20la%20Sant%C3%A9%22&limit=100	json:results		data.ampmetropole.fr — publisher-minist-re-des-solidarit-s-et-de-la-sant (France)		fr_opendata	opendata	fr	fr,ods,opendata,publisher-minist-re-des-solidarit-s-et-de-la-sant	86400	Every dataset on this portal whose publisher is Ministère des Solidarités et de la Santé — the publisher's full stream, with field schema and record counts. Served by the ODS platform at data.ampmetropole.fr.	no	pending-probe
fr-data-ampmetropole-fr-publisher-direction-g-n-rale-de-l-aviation-civile-	https://data.ampmetropole.fr/api/explore/v2.1/catalog/datasets?where=publisher%3D%22Direction%20G%C3%A9n%C3%A9rale%20de%20l%27Aviation%20Civile%20/%20IMPEDANCE%20INGENIERIE%22&limit=100	json:results		data.ampmetropole.fr — publisher-direction-g-n-rale-de-l-aviation-civile- (France)		fr_opendata	opendata	fr	fr,ods,opendata,publisher-direction-g-n-rale-de-l-aviation-civile-	86400	Every dataset on this portal whose publisher is Direction Générale de l'Aviation Civile / IMPEDANCE INGENIERIE — the publisher's full stream, with field schema and record counts. Served by the ODS platform at data.ampmetropole.fr.	no	pending-probe
fr-data-ampmetropole-fr-publisher-minist-re-de-la-culture	https://data.ampmetropole.fr/api/explore/v2.1/catalog/datasets?where=publisher%3D%22Minist%C3%A8re%20de%20la%20Culture%22&limit=100	json:results		data.ampmetropole.fr — publisher-minist-re-de-la-culture (France)		fr_opendata	opendata	fr	fr,ods,opendata,publisher-minist-re-de-la-culture	86400	Every dataset on this portal whose publisher is Ministère de la Culture — the publisher's full stream, with field schema and record counts. Served by the ODS platform at data.ampmetropole.fr.	no	pending-probe
fr-data-ampmetropole-fr-publisher-sant-publique-france	https://data.ampmetropole.fr/api/explore/v2.1/catalog/datasets?where=publisher%3D%22Sant%C3%A9%20Publique%20France%22&limit=100	json:results		data.ampmetropole.fr — publisher-sant-publique-france (France)		fr_opendata	opendata	fr	fr,ods,opendata,publisher-sant-publique-france	86400	Every dataset on this portal whose publisher is Santé Publique France — the publisher's full stream, with field schema and record counts. Served by the ODS platform at data.ampmetropole.fr.	no	pending-probe
fr-data-ampmetropole-fr-publisher-ademe	https://data.ampmetropole.fr/api/explore/v2.1/catalog/datasets?where=publisher%3D%22ADEME%22&limit=100	json:results		data.ampmetropole.fr — publisher-ademe (France)		fr_opendata	opendata	fr	fr,ods,opendata,publisher-ademe	86400	Every dataset on this portal whose publisher is ADEME — the publisher's full stream, with field schema and record counts. Served by the ODS platform at data.ampmetropole.fr.	no	pending-probe
fr-data-ampmetropole-fr-publisher-arcep	https://data.ampmetropole.fr/api/explore/v2.1/catalog/datasets?where=publisher%3D%22ARCEP%22&limit=100	json:results		data.ampmetropole.fr — publisher-arcep (France)		fr_opendata	opendata	fr	fr,ods,opendata,publisher-arcep	86400	Every dataset on this portal whose publisher is ARCEP — the publisher's full stream, with field schema and record counts. Served by the ODS platform at data.ampmetropole.fr.	no	pending-probe
fr-data-ampmetropole-fr-publisher-dfci	https://data.ampmetropole.fr/api/explore/v2.1/catalog/datasets?where=publisher%3D%22DFCI%22&limit=100	json:results		data.ampmetropole.fr — publisher-dfci (France)		fr_opendata	opendata	fr	fr,ods,opendata,publisher-dfci	86400	Every dataset on this portal whose publisher is DFCI — the publisher's full stream, with field schema and record counts. Served by the ODS platform at data.ampmetropole.fr.	no	pending-probe
fr-data-ampmetropole-fr-publisher-direction-g-n-rale-des-collectivit-s-loc	https://data.ampmetropole.fr/api/explore/v2.1/catalog/datasets?where=publisher%3D%22Direction%20g%C3%A9n%C3%A9rale%20des%20collectivit%C3%A9s%20locales%22&limit=100	json:results		data.ampmetropole.fr — publisher-direction-g-n-rale-des-collectivit-s-loc (France)		fr_opendata	opendata	fr	fr,ods,opendata,publisher-direction-g-n-rale-des-collectivit-s-loc	86400	Every dataset on this portal whose publisher is Direction générale des collectivités locales — the publisher's full stream, with field schema and record counts. Served by the ODS platform at data.ampmetropole.fr.	no	pending-probe
fr-data-ampmetropole-fr-publisher-inao-sig	https://data.ampmetropole.fr/api/explore/v2.1/catalog/datasets?where=publisher%3D%22INAO%20/%20SIG%22&limit=100	json:results		data.ampmetropole.fr — publisher-inao-sig (France)		fr_opendata	opendata	fr	fr,ods,opendata,publisher-inao-sig	86400	Every dataset on this portal whose publisher is INAO / SIG — the publisher's full stream, with field schema and record counts. Served by the ODS platform at data.ampmetropole.fr.	no	pending-probe
fr-data-ampmetropole-fr-publisher-m-tropole-aix-marseille-provence-insee	https://data.ampmetropole.fr/api/explore/v2.1/catalog/datasets?where=publisher%3D%22M%C3%A9tropole%20Aix-Marseille%20Provence%20/%20Insee%22&limit=100	json:results		data.ampmetropole.fr — publisher-m-tropole-aix-marseille-provence-insee (France)		fr_opendata	opendata	fr	fr,ods,opendata,publisher-m-tropole-aix-marseille-provence-insee	86400	Every dataset on this portal whose publisher is Métropole Aix-Marseille Provence / Insee — the publisher's full stream, with field schema and record counts. Served by the ODS platform at data.ampmetropole.fr.	no	pending-probe
fr-data-ampmetropole-fr-publisher-m-tropole-aix-marseille-provence-acoucit	https://data.ampmetropole.fr/api/explore/v2.1/catalog/datasets?where=publisher%3D%22M%C3%A9tropole%20Aix-Marseille%20Provence%20/%20acoucit%C3%A9%22&limit=100	json:results		data.ampmetropole.fr — publisher-m-tropole-aix-marseille-provence-acoucit (France)		fr_opendata	opendata	fr	fr,ods,opendata,publisher-m-tropole-aix-marseille-provence-acoucit	86400	Every dataset on this portal whose publisher is Métropole Aix-Marseille Provence / acoucité — the publisher's full stream, with field schema and record counts. Served by the ODS platform at data.ampmetropole.fr.	no	pending-probe
fr-data-ampmetropole-fr-publisher-m-tropole-aix-marseille-provence-agam-au	https://data.ampmetropole.fr/api/explore/v2.1/catalog/datasets?where=publisher%3D%22M%C3%A9tropole%20Aix-Marseille%20Provence%2C%20agAM%2C%20AUPA%22&limit=100	json:results		data.ampmetropole.fr — publisher-m-tropole-aix-marseille-provence-agam-au (France)		fr_opendata	opendata	fr	fr,ods,opendata,publisher-m-tropole-aix-marseille-provence-agam-au	86400	Every dataset on this portal whose publisher is Métropole Aix-Marseille Provence, agAM, AUPA — the publisher's full stream, with field schema and record counts. Served by the ODS platform at data.ampmetropole.fr.	no	pending-probe
fr-data-ampmetropole-fr-publisher-m-tropole-aix-marseille-provence-ddtm13-	https://data.ampmetropole.fr/api/explore/v2.1/catalog/datasets?where=publisher%3D%22M%C3%A9tropole%20Aix-Marseille-Provence%2C%20DDTM13%2C%20DDTM83%2C%20DDT84%22&limit=100	json:results		data.ampmetropole.fr — publisher-m-tropole-aix-marseille-provence-ddtm13- (France)		fr_opendata	opendata	fr	fr,ods,opendata,publisher-m-tropole-aix-marseille-provence-ddtm13-	86400	Every dataset on this portal whose publisher is Métropole Aix-Marseille-Provence, DDTM13, DDTM83, DDT84 — the publisher's full stream, with field schema and record counts. Served by the ODS platform at data.ampmetropole.fr.	no	pending-probe
fr-data-ampmetropole-fr-publisher-office-fran-ais-de-la-biodiversit	https://data.ampmetropole.fr/api/explore/v2.1/catalog/datasets?where=publisher%3D%22Office%20Fran%C3%A7ais%20de%20la%20Biodiversit%C3%A9%22&limit=100	json:results		data.ampmetropole.fr — publisher-office-fran-ais-de-la-biodiversit (France)		fr_opendata	opendata	fr	fr,ods,opendata,publisher-office-fran-ais-de-la-biodiversit	86400	Every dataset on this portal whose publisher is Office Français de la Biodiversité — the publisher's full stream, with field schema and record counts. Served by the ODS platform at data.ampmetropole.fr.	no	pending-probe
fr-data-ampmetropole-fr-publisher-r-gion-sud-r-seau-des-cci	https://data.ampmetropole.fr/api/explore/v2.1/catalog/datasets?where=publisher%3D%22R%C3%A9gion%20SUD%2C%20r%C3%A9seau%20des%20CCI%22&limit=100	json:results		data.ampmetropole.fr — publisher-r-gion-sud-r-seau-des-cci (France)		fr_opendata	opendata	fr	fr,ods,opendata,publisher-r-gion-sud-r-seau-des-cci	86400	Every dataset on this portal whose publisher is Région SUD, réseau des CCI — the publisher's full stream, with field schema and record counts. Served by the ODS platform at data.ampmetropole.fr.	no	pending-probe
fr-data-ampmetropole-fr-publisher-smart-services	https://data.ampmetropole.fr/api/explore/v2.1/catalog/datasets?where=publisher%3D%22Smart%20Services%22&limit=100	json:results		data.ampmetropole.fr — publisher-smart-services (France)		fr_opendata	opendata	fr	fr,ods,opendata,publisher-smart-services	86400	Every dataset on this portal whose publisher is Smart Services — the publisher's full stream, with field schema and record counts. Served by the ODS platform at data.ampmetropole.fr.	no	pending-probe
fr-data-ampmetropole-fr-publisher-adil13	https://data.ampmetropole.fr/api/explore/v2.1/catalog/datasets?where=publisher%3D%22ADIL13%22&limit=100	json:results		data.ampmetropole.fr — publisher-adil13 (France)		fr_opendata	opendata	fr	fr,ods,opendata,publisher-adil13	86400	Every dataset on this portal whose publisher is ADIL13 — the publisher's full stream, with field schema and record counts. Served by the ODS platform at data.ampmetropole.fr.	no	pending-probe
fr-data-ampmetropole-fr-publisher-administration-du-premier-ministre	https://data.ampmetropole.fr/api/explore/v2.1/catalog/datasets?where=publisher%3D%22Administration%20du%20Premier%20ministre%22&limit=100	json:results		data.ampmetropole.fr — publisher-administration-du-premier-ministre (France)		fr_opendata	opendata	fr	fr,ods,opendata,publisher-administration-du-premier-ministre	86400	Every dataset on this portal whose publisher is Administration du Premier ministre — the publisher's full stream, with field schema and record counts. Served by the ODS platform at data.ampmetropole.fr.	no	pending-probe
fr-data-ampmetropole-fr-publisher-agam	https://data.ampmetropole.fr/api/explore/v2.1/catalog/datasets?where=publisher%3D%22Agam%22&limit=100	json:results		data.ampmetropole.fr — publisher-agam (France)		fr_opendata	opendata	fr	fr,ods,opendata,publisher-agam	86400	Every dataset on this portal whose publisher is Agam — the publisher's full stream, with field schema and record counts. Served by the ODS platform at data.ampmetropole.fr.	no	pending-probe
fr-data-ampmetropole-fr-publisher-atlasant-m-tropole-aix-marseille-provenc	https://data.ampmetropole.fr/api/explore/v2.1/catalog/datasets?where=publisher%3D%22Atlasant%C3%A9%20/%20M%C3%A9tropole%20Aix-Marseille%20Provence%22&limit=100	json:results		data.ampmetropole.fr — publisher-atlasant-m-tropole-aix-marseille-provenc (France)		fr_opendata	opendata	fr	fr,ods,opendata,publisher-atlasant-m-tropole-aix-marseille-provenc	86400	Every dataset on this portal whose publisher is Atlasanté / Métropole Aix-Marseille Provence — the publisher's full stream, with field schema and record counts. Served by the ODS platform at data.ampmetropole.fr.	no	pending-probe
fr-data-ampmetropole-fr-publisher-atout-france	https://data.ampmetropole.fr/api/explore/v2.1/catalog/datasets?where=publisher%3D%22Atout%20France%22&limit=100	json:results		data.ampmetropole.fr — publisher-atout-france (France)		fr_opendata	opendata	fr	fr,ods,opendata,publisher-atout-france	86400	Every dataset on this portal whose publisher is Atout France — the publisher's full stream, with field schema and record counts. Served by the ODS platform at data.ampmetropole.fr.	no	pending-probe
fr-data-ampmetropole-fr-publisher-blablacar	https://data.ampmetropole.fr/api/explore/v2.1/catalog/datasets?where=publisher%3D%22Blablacar%22&limit=100	json:results		data.ampmetropole.fr — publisher-blablacar (France)		fr_opendata	opendata	fr	fr,ods,opendata,publisher-blablacar	86400	Every dataset on this portal whose publisher is Blablacar — the publisher's full stream, with field schema and record counts. Served by the ODS platform at data.ampmetropole.fr.	no	pending-probe
fr-data-ampmetropole-fr-publisher-cerema	https://data.ampmetropole.fr/api/explore/v2.1/catalog/datasets?where=publisher%3D%22CEREMA%22&limit=100	json:results		data.ampmetropole.fr — publisher-cerema (France)		fr_opendata	opendata	fr	fr,ods,opendata,publisher-cerema	86400	Every dataset on this portal whose publisher is CEREMA — the publisher's full stream, with field schema and record counts. Served by the ODS platform at data.ampmetropole.fr.	no	pending-probe
fr-data-ampmetropole-fr-publisher-cma-france	https://data.ampmetropole.fr/api/explore/v2.1/catalog/datasets?where=publisher%3D%22CMA%20France%22&limit=100	json:results		data.ampmetropole.fr — publisher-cma-france (France)		fr_opendata	opendata	fr	fr,ods,opendata,publisher-cma-france	86400	Every dataset on this portal whose publisher is CMA France — the publisher's full stream, with field schema and record counts. Served by the ODS platform at data.ampmetropole.fr.	no	pending-probe
fr-data-ampmetropole-fr-publisher-caisse-nationale-de-l-assurance-maladie	https://data.ampmetropole.fr/api/explore/v2.1/catalog/datasets?where=publisher%3D%22Caisse%20nationale%20de%20l%27assurance%20maladie%22&limit=100	json:results		data.ampmetropole.fr — publisher-caisse-nationale-de-l-assurance-maladie (France)		fr_opendata	opendata	fr	fr,ods,opendata,publisher-caisse-nationale-de-l-assurance-maladie	86400	Every dataset on this portal whose publisher is Caisse nationale de l'assurance maladie — the publisher's full stream, with field schema and record counts. Served by the ODS platform at data.ampmetropole.fr.	no	pending-probe
fr-data-ampmetropole-fr-publisher-citiz	https://data.ampmetropole.fr/api/explore/v2.1/catalog/datasets?where=publisher%3D%22Citiz%22&limit=100	json:results		data.ampmetropole.fr — publisher-citiz (France)		fr_opendata	opendata	fr	fr,ods,opendata,publisher-citiz	86400	Every dataset on this portal whose publisher is Citiz — the publisher's full stream, with field schema and record counts. Served by the ODS platform at data.ampmetropole.fr.	no	pending-probe
fr-data-ampmetropole-fr-publisher-comit-d-organisation-des-jeux-olympiques	https://data.ampmetropole.fr/api/explore/v2.1/catalog/datasets?where=publisher%3D%22Comit%C3%A9%20d%E2%80%99organisation%20des%20Jeux%20Olympiques%20%22&limit=100	json:results		data.ampmetropole.fr — publisher-comit-d-organisation-des-jeux-olympiques (France)		fr_opendata	opendata	fr	fr,ods,opendata,publisher-comit-d-organisation-des-jeux-olympiques	86400	Every dataset on this portal whose publisher is Comité d’organisation des Jeux Olympiques  — the publisher's full stream, with field schema and record counts. Served by the ODS platform at data.ampmetropole.fr.	no	pending-probe
fr-data-ampmetropole-fr-publisher-ddtm13	https://data.ampmetropole.fr/api/explore/v2.1/catalog/datasets?where=publisher%3D%22DDTM13%22&limit=100	json:results		data.ampmetropole.fr — publisher-ddtm13 (France)		fr_opendata	opendata	fr	fr,ods,opendata,publisher-ddtm13	86400	Every dataset on this portal whose publisher is DDTM13 — the publisher's full stream, with field schema and record counts. Served by the ODS platform at data.ampmetropole.fr.	no	pending-probe
fr-data-ampmetropole-fr-publisher-depp-minist-re-charg-de-l-ducation-natio	https://data.ampmetropole.fr/api/explore/v2.1/catalog/datasets?where=publisher%3D%22DEPP%20%E2%80%93%20Minist%C3%A8re%20charg%C3%A9%20de%20l%E2%80%99%C3%A9ducation%20nationale%22&limit=100	json:results		data.ampmetropole.fr — publisher-depp-minist-re-charg-de-l-ducation-natio (France)		fr_opendata	opendata	fr	fr,ods,opendata,publisher-depp-minist-re-charg-de-l-ducation-natio	86400	Every dataset on this portal whose publisher is DEPP – Ministère chargé de l’éducation nationale — the publisher's full stream, with field schema and record counts. Served by the ODS platform at data.ampmetropole.fr.	no	pending-probe
fr-data-ampmetropole-fr-publisher-dgd-adhict-direction-op-rationnelle-habi	https://data.ampmetropole.fr/api/explore/v2.1/catalog/datasets?where=publisher%3D%22DGD%20ADHICT%20/%20Direction%20Op%C3%A9rationnelle%20Habitat%20et%20Renouvellement%20Urbain%20Marseille%22&limit=100	json:results		data.ampmetropole.fr — publisher-dgd-adhict-direction-op-rationnelle-habi (France)		fr_opendata	opendata	fr	fr,ods,opendata,publisher-dgd-adhict-direction-op-rationnelle-habi	86400	Every dataset on this portal whose publisher is DGD ADHICT / Direction Opérationnelle Habitat et Renouvellement Urbain Marseille — the publisher's full stream, with field schema and record counts. Served by the ODS platform at data.ampmetropole.fr.	no	pending-probe
fr-data-ampmetropole-fr-publisher-dgfip-cerema	https://data.ampmetropole.fr/api/explore/v2.1/catalog/datasets?where=publisher%3D%22DGFIP%2C%20Cerema%22&limit=100	json:results		data.ampmetropole.fr — publisher-dgfip-cerema (France)		fr_opendata	opendata	fr	fr,ods,opendata,publisher-dgfip-cerema	86400	Every dataset on this portal whose publisher is DGFIP, Cerema — the publisher's full stream, with field schema and record counts. Served by the ODS platform at data.ampmetropole.fr.	no	pending-probe
fr-data-ampmetropole-fr-publisher-dinum-anct-ign	https://data.ampmetropole.fr/api/explore/v2.1/catalog/datasets?where=publisher%3D%22DINUM%2C%20ANCT%2C%20IGN%22&limit=100	json:results		data.ampmetropole.fr — publisher-dinum-anct-ign (France)		fr_opendata	opendata	fr	fr,ods,opendata,publisher-dinum-anct-ign	86400	Every dataset on this portal whose publisher is DINUM, ANCT, IGN — the publisher's full stream, with field schema and record counts. Served by the ODS platform at data.ampmetropole.fr.	no	pending-probe
fr-data-ampmetropole-fr-publisher-data-gouv	https://data.ampmetropole.fr/api/explore/v2.1/catalog/datasets?where=publisher%3D%22Data%20Gouv%22&limit=100	json:results		data.ampmetropole.fr — publisher-data-gouv (France)		fr_opendata	opendata	fr	fr,ods,opendata,publisher-data-gouv	86400	Every dataset on this portal whose publisher is Data Gouv — the publisher's full stream, with field schema and record counts. Served by the ODS platform at data.ampmetropole.fr.	no	pending-probe
fr-data-ampmetropole-fr-publisher-data-gouv-christian-quest	https://data.ampmetropole.fr/api/explore/v2.1/catalog/datasets?where=publisher%3D%22Data%20Gouv%20/%20Christian%20Quest%22&limit=100	json:results		data.ampmetropole.fr — publisher-data-gouv-christian-quest (France)		fr_opendata	opendata	fr	fr,ods,opendata,publisher-data-gouv-christian-quest	86400	Every dataset on this portal whose publisher is Data Gouv / Christian Quest — the publisher's full stream, with field schema and record counts. Served by the ODS platform at data.ampmetropole.fr.	no	pending-probe
fr-data-ampmetropole-fr-publisher-data-sud	https://data.ampmetropole.fr/api/explore/v2.1/catalog/datasets?where=publisher%3D%22Data%20Sud%22&limit=100	json:results		data.ampmetropole.fr — publisher-data-sud (France)		fr_opendata	opendata	fr	fr,ods,opendata,publisher-data-sud	86400	Every dataset on this portal whose publisher is Data Sud — the publisher's full stream, with field schema and record counts. Served by the ODS platform at data.ampmetropole.fr.	no	pending-probe
be-opendata-brussels-be-datasets	https://opendata.brussels.be/api/explore/v2.1/catalog/datasets?limit=100	json:results		opendata.brussels.be — datasets (Belgium)		be_opendata	opendata	nl	be,ods,opendata,datasets	86400	OpenDataSoft Explore catalogue: dataset id, title, theme, publisher, licence, record count and field schema. Served by the ODS platform at opendata.brussels.be.	no	pending-probe
be-opendata-brussels-be-facets	https://opendata.brussels.be/api/explore/v2.1/catalog/facets	json:facets		opendata.brussels.be — facets (Belgium)		be_opendata	opendata	nl	be,ods,opendata,facets	86400	The portal's facet tree — themes, publishers and keywords with counts, i.e. the shape of what this authority publishes. Served by the ODS platform at opendata.brussels.be.	no	pending-probe
be-opendata-brussels-be-publisher-brussels-by-water-kanaaltochten-brabant	https://opendata.brussels.be/api/explore/v2.1/catalog/datasets?where=publisher%3D%22Brussels%20by%20Water%20%26%20Kanaaltochten%20Brabant%22&limit=100	json:results		opendata.brussels.be — publisher-brussels-by-water-kanaaltochten-brabant (Belgium)		be_opendata	opendata	nl	be,ods,opendata,publisher-brussels-by-water-kanaaltochten-brabant	86400	Every dataset on this portal whose publisher is Brussels by Water & Kanaaltochten Brabant — the publisher's full stream, with field schema and record counts. Served by the ODS platform at opendata.brussels.be.	no	pending-probe
be-opendata-brussels-be-publisher-bruxelles-environnement-leefmilieu-bruss	https://opendata.brussels.be/api/explore/v2.1/catalog/datasets?where=publisher%3D%22Bruxelles%20Environnement%20/%20Leefmilieu%20Brussels%22&limit=100	json:results		opendata.brussels.be — publisher-bruxelles-environnement-leefmilieu-bruss (Belgium)		be_opendata	opendata	nl	be,ods,opendata,publisher-bruxelles-environnement-leefmilieu-bruss	86400	Every dataset on this portal whose publisher is Bruxelles Environnement / Leefmilieu Brussels — the publisher's full stream, with field schema and record counts. Served by the ODS platform at opendata.brussels.be.	no	pending-probe
be-opendata-brussels-be-publisher-center-for-systems-science-and-engineeri	https://opendata.brussels.be/api/explore/v2.1/catalog/datasets?where=publisher%3D%22Center%20for%20Systems%20Science%20and%20Engineering%20%28CSSE%29%20at%20Johns%20Hopkins%20University%22&limit=100	json:results		opendata.brussels.be — publisher-center-for-systems-science-and-engineeri (Belgium)		be_opendata	opendata	nl	be,ods,opendata,publisher-center-for-systems-science-and-engineeri	86400	Every dataset on this portal whose publisher is Center for Systems Science and Engineering (CSSE) at Johns Hopkins University — the publisher's full stream, with field schema and record counts. Served by the ODS platform at opendata.brussels.be.	no	pending-probe
be-opendata-brussels-be-publisher-cycloparking-brussels	https://opendata.brussels.be/api/explore/v2.1/catalog/datasets?where=publisher%3D%22cycloparking.brussels%22&limit=100	json:results		opendata.brussels.be — publisher-cycloparking-brussels (Belgium)		be_opendata	opendata	nl	be,ods,opendata,publisher-cycloparking-brussels	86400	Every dataset on this portal whose publisher is cycloparking.brussels — the publisher's full stream, with field schema and record counts. Served by the ODS platform at opendata.brussels.be.	no	pending-probe
be-opendata-brussels-be-publisher-f-d-ration-wallonie-bruxelles	https://opendata.brussels.be/api/explore/v2.1/catalog/datasets?where=publisher%3D%22F%C3%A9d%C3%A9ration%20Wallonie-Bruxelles%22&limit=100	json:results		opendata.brussels.be — publisher-f-d-ration-wallonie-bruxelles (Belgium)		be_opendata	opendata	nl	be,ods,opendata,publisher-f-d-ration-wallonie-bruxelles	86400	Every dataset on this portal whose publisher is Fédération Wallonie-Bruxelles — the publisher's full stream, with field schema and record counts. Served by the ODS platform at opendata.brussels.be.	no	pending-probe
be-opendata-brussels-be-publisher-heritage-brussels	https://opendata.brussels.be/api/explore/v2.1/catalog/datasets?where=publisher%3D%22heritage.brussels%22&limit=100	json:results		opendata.brussels.be — publisher-heritage-brussels (Belgium)		be_opendata	opendata	nl	be,ods,opendata,publisher-heritage-brussels	86400	Every dataset on this portal whose publisher is heritage.brussels — the publisher's full stream, with field schema and record counts. Served by the ODS platform at opendata.brussels.be.	no	pending-probe
be-opendata-brussels-be-publisher-institut-belge-des-services-postaux-et-d	https://opendata.brussels.be/api/explore/v2.1/catalog/datasets?where=publisher%3D%22Institut%20Belge%20des%20Services%20Postaux%20et%20des%20T%C3%A9l%C3%A9communications%20%28IBPT%29%22&limit=100	json:results		opendata.brussels.be — publisher-institut-belge-des-services-postaux-et-d (Belgium)		be_opendata	opendata	nl	be,ods,opendata,publisher-institut-belge-des-services-postaux-et-d	86400	Every dataset on this portal whose publisher is Institut Belge des Services Postaux et des Télécommunications (IBPT) — the publisher's full stream, with field schema and record counts. Served by the ODS platform at opendata.brussels.be.	no	pending-probe
be-opendata-brussels-be-publisher-jc-decaux	https://opendata.brussels.be/api/explore/v2.1/catalog/datasets?where=publisher%3D%22JC%20Decaux%22&limit=100	json:results		opendata.brussels.be — publisher-jc-decaux (Belgium)		be_opendata	opendata	nl	be,ods,opendata,publisher-jc-decaux	86400	Every dataset on this portal whose publisher is JC Decaux — the publisher's full stream, with field schema and record counts. Served by the ODS platform at opendata.brussels.be.	no	pending-probe
be-opendata-brussels-be-publisher-onderwijs-vlaanderen	https://opendata.brussels.be/api/explore/v2.1/catalog/datasets?where=publisher%3D%22Onderwijs%20Vlaanderen%22&limit=100	json:results		opendata.brussels.be — publisher-onderwijs-vlaanderen (Belgium)		be_opendata	opendata	nl	be,ods,opendata,publisher-onderwijs-vlaanderen	86400	Every dataset on this portal whose publisher is Onderwijs Vlaanderen — the publisher's full stream, with field schema and record counts. Served by the ODS platform at opendata.brussels.be.	no	pending-probe
be-opendata-brussels-be-publisher-paradigm	https://opendata.brussels.be/api/explore/v2.1/catalog/datasets?where=publisher%3D%22PARADIGM%22&limit=100	json:results		opendata.brussels.be — publisher-paradigm (Belgium)		be_opendata	opendata	nl	be,ods,opendata,publisher-paradigm	86400	Every dataset on this portal whose publisher is PARADIGM — the publisher's full stream, with field schema and record counts. Served by the ODS platform at opendata.brussels.be.	no	pending-probe
be-opendata-brussels-be-publisher-quoilin-sophie-leroy-mathias-dupont-yves	https://opendata.brussels.be/api/explore/v2.1/catalog/datasets?where=publisher%3D%22QUOILIN%2C%20Sophie%2C%20LEROY%20Mathias%2C%20DUPONT%20Yves%2C%20Epistat%2C%20Covid19%2C%20Sciensano%22&limit=100	json:results		opendata.brussels.be — publisher-quoilin-sophie-leroy-mathias-dupont-yves (Belgium)		be_opendata	opendata	nl	be,ods,opendata,publisher-quoilin-sophie-leroy-mathias-dupont-yves	86400	Every dataset on this portal whose publisher is QUOILIN, Sophie, LEROY Mathias, DUPONT Yves, Epistat, Covid19, Sciensano — the publisher's full stream, with field schema and record counts. Served by the ODS platform at opendata.brussels.be.	no	pending-probe
be-opendata-brussels-be-publisher-sciensano	https://opendata.brussels.be/api/explore/v2.1/catalog/datasets?where=publisher%3D%22Sciensano%22&limit=100	json:results		opendata.brussels.be — publisher-sciensano (Belgium)		be_opendata	opendata	nl	be,ods,opendata,publisher-sciensano	86400	Every dataset on this portal whose publisher is Sciensano — the publisher's full stream, with field schema and record counts. Served by the ODS platform at opendata.brussels.be.	no	pending-probe
be-opendata-brussels-be-publisher-stad-brussel-openbaar-onderwijs	https://opendata.brussels.be/api/explore/v2.1/catalog/datasets?where=publisher%3D%22Stad%20Brussel/Openbaar%20onderwijs%22&limit=100	json:results		opendata.brussels.be — publisher-stad-brussel-openbaar-onderwijs (Belgium)		be_opendata	opendata	nl	be,ods,opendata,publisher-stad-brussel-openbaar-onderwijs	86400	Every dataset on this portal whose publisher is Stad Brussel/Openbaar onderwijs — the publisher's full stream, with field schema and record counts. Served by the ODS platform at opendata.brussels.be.	no	pending-probe
be-opendata-brussels-be-publisher-ville-de-bruxelles-affaires-citoyennes	https://opendata.brussels.be/api/explore/v2.1/catalog/datasets?where=publisher%3D%22Ville%20de%20Bruxelles/Affaires%20citoyennes%22&limit=100	json:results		opendata.brussels.be — publisher-ville-de-bruxelles-affaires-citoyennes (Belgium)		be_opendata	opendata	nl	be,ods,opendata,publisher-ville-de-bruxelles-affaires-citoyennes	86400	Every dataset on this portal whose publisher is Ville de Bruxelles/Affaires citoyennes — the publisher's full stream, with field schema and record counts. Served by the ODS platform at opendata.brussels.be.	no	pending-probe
be-opendata-brussels-be-publisher-ville-de-bruxelles-affaires-conomiques	https://opendata.brussels.be/api/explore/v2.1/catalog/datasets?where=publisher%3D%22Ville%20de%20Bruxelles/Affaires%20%C3%A9conomiques%22&limit=100	json:results		opendata.brussels.be — publisher-ville-de-bruxelles-affaires-conomiques (Belgium)		be_opendata	opendata	nl	be,ods,opendata,publisher-ville-de-bruxelles-affaires-conomiques	86400	Every dataset on this portal whose publisher is Ville de Bruxelles/Affaires économiques — the publisher's full stream, with field schema and record counts. Served by the ODS platform at opendata.brussels.be.	no	pending-probe
be-opendata-brussels-be-publisher-ville-de-bruxelles-culture	https://opendata.brussels.be/api/explore/v2.1/catalog/datasets?where=publisher%3D%22Ville%20de%20Bruxelles/Culture%22&limit=100	json:results		opendata.brussels.be — publisher-ville-de-bruxelles-culture (Belgium)		be_opendata	opendata	nl	be,ods,opendata,publisher-ville-de-bruxelles-culture	86400	Every dataset on this portal whose publisher is Ville de Bruxelles/Culture — the publisher's full stream, with field schema and record counts. Served by the ODS platform at opendata.brussels.be.	no	pending-probe
be-opendata-brussels-be-publisher-ville-de-bruxelles-data-management	https://opendata.brussels.be/api/explore/v2.1/catalog/datasets?where=publisher%3D%22Ville%20de%20Bruxelles/Data%20management%22&limit=100	json:results		opendata.brussels.be — publisher-ville-de-bruxelles-data-management (Belgium)		be_opendata	opendata	nl	be,ods,opendata,publisher-ville-de-bruxelles-data-management	86400	Every dataset on this portal whose publisher is Ville de Bruxelles/Data management — the publisher's full stream, with field schema and record counts. Served by the ODS platform at opendata.brussels.be.	no	pending-probe
be-opendata-brussels-be-publisher-ville-de-bruxelles-d-veloppement-urbain	https://opendata.brussels.be/api/explore/v2.1/catalog/datasets?where=publisher%3D%22Ville%20de%20Bruxelles/D%C3%A9veloppement%20urbain%22&limit=100	json:results		opendata.brussels.be — publisher-ville-de-bruxelles-d-veloppement-urbain (Belgium)		be_opendata	opendata	nl	be,ods,opendata,publisher-ville-de-bruxelles-d-veloppement-urbain	86400	Every dataset on this portal whose publisher is Ville de Bruxelles/Développement urbain — the publisher's full stream, with field schema and record counts. Served by the ODS platform at opendata.brussels.be.	no	pending-probe
be-opendata-brussels-be-publisher-ville-de-bruxelles-instruction-publique	https://opendata.brussels.be/api/explore/v2.1/catalog/datasets?where=publisher%3D%22Ville%20de%20Bruxelles/Instruction%20publique%22&limit=100	json:results		opendata.brussels.be — publisher-ville-de-bruxelles-instruction-publique (Belgium)		be_opendata	opendata	nl	be,ods,opendata,publisher-ville-de-bruxelles-instruction-publique	86400	Every dataset on this portal whose publisher is Ville de Bruxelles/Instruction publique — the publisher's full stream, with field schema and record counts. Served by the ODS platform at opendata.brussels.be.	no	pending-probe
be-opendata-brussels-be-publisher-ville-de-bruxelles-r-novation-urbaine	https://opendata.brussels.be/api/explore/v2.1/catalog/datasets?where=publisher%3D%22Ville%20de%20Bruxelles/R%C3%A9novation%20urbaine%22&limit=100	json:results		opendata.brussels.be — publisher-ville-de-bruxelles-r-novation-urbaine (Belgium)		be_opendata	opendata	nl	be,ods,opendata,publisher-ville-de-bruxelles-r-novation-urbaine	86400	Every dataset on this portal whose publisher is Ville de Bruxelles/Rénovation urbaine — the publisher's full stream, with field schema and record counts. Served by the ODS platform at opendata.brussels.be.	no	pending-probe
be-opendata-brussels-be-publisher-ville-de-bruxelles-stad-brussel	https://opendata.brussels.be/api/explore/v2.1/catalog/datasets?where=publisher%3D%22Ville%20de%20Bruxelles/Stad%20Brussel%22&limit=100	json:results		opendata.brussels.be — publisher-ville-de-bruxelles-stad-brussel (Belgium)		be_opendata	opendata	nl	be,ods,opendata,publisher-ville-de-bruxelles-stad-brussel	86400	Every dataset on this portal whose publisher is Ville de Bruxelles/Stad Brussel — the publisher's full stream, with field schema and record counts. Served by the ODS platform at opendata.brussels.be.	no	pending-probe
be-opendata-brussels-be-publisher-ville-de-buxelles-d-veloppement-urbain	https://opendata.brussels.be/api/explore/v2.1/catalog/datasets?where=publisher%3D%22Ville%20de%20Buxelles/D%C3%A9veloppement%20urbain%22&limit=100	json:results		opendata.brussels.be — publisher-ville-de-buxelles-d-veloppement-urbain (Belgium)		be_opendata	opendata	nl	be,ods,opendata,publisher-ville-de-buxelles-d-veloppement-urbain	86400	Every dataset on this portal whose publisher is Ville de Buxelles/Développement urbain — the publisher's full stream, with field schema and record counts. Served by the ODS platform at opendata.brussels.be.	no	pending-probe
be-opendata-brussels-be-publisher-zinne-brussels	https://opendata.brussels.be/api/explore/v2.1/catalog/datasets?where=publisher%3D%22zinne.brussels%22&limit=100	json:results		opendata.brussels.be — publisher-zinne-brussels (Belgium)		be_opendata	opendata	nl	be,ods,opendata,publisher-zinne-brussels	86400	Every dataset on this portal whose publisher is zinne.brussels — the publisher's full stream, with field schema and record counts. Served by the ODS platform at opendata.brussels.be.	no	pending-probe
be-data-namur-be-facets	https://data.namur.be/api/explore/v2.1/catalog/facets	json:facets		data.namur.be — facets (Belgium)		be_opendata	opendata	nl	be,ods,opendata,facets	86400	The portal's facet tree — themes, publishers and keywords with counts, i.e. the shape of what this authority publishes. Served by the ODS platform at data.namur.be.	no	pending-probe
be-data-namur-be-publisher-ville-de-namur	https://data.namur.be/api/explore/v2.1/catalog/datasets?where=publisher%3D%22Ville%20de%20Namur%22&limit=100	json:results		data.namur.be — publisher-ville-de-namur (Belgium)		be_opendata	opendata	nl	be,ods,opendata,publisher-ville-de-namur	86400	Every dataset on this portal whose publisher is Ville de Namur — the publisher's full stream, with field schema and record counts. Served by the ODS platform at data.namur.be.	no	pending-probe
be-data-namur-be-publisher-iweps	https://data.namur.be/api/explore/v2.1/catalog/datasets?where=publisher%3D%22IWEPS%22&limit=100	json:results		data.namur.be — publisher-iweps (Belgium)		be_opendata	opendata	nl	be,ods,opendata,publisher-iweps	86400	Every dataset on this portal whose publisher is IWEPS — the publisher's full stream, with field schema and record counts. Served by the ODS platform at data.namur.be.	no	pending-probe
be-data-namur-be-publisher-service-public-de-wallonie-spw	https://data.namur.be/api/explore/v2.1/catalog/datasets?where=publisher%3D%22Service%20public%20de%20Wallonie%20%28SPW%29%22&limit=100	json:results		data.namur.be — publisher-service-public-de-wallonie-spw (Belgium)		be_opendata	opendata	nl	be,ods,opendata,publisher-service-public-de-wallonie-spw	86400	Every dataset on this portal whose publisher is Service public de Wallonie (SPW) — the publisher's full stream, with field schema and record counts. Served by the ODS platform at data.namur.be.	no	pending-probe
be-data-namur-be-publisher-statbel	https://data.namur.be/api/explore/v2.1/catalog/datasets?where=publisher%3D%22Statbel%22&limit=100	json:results		data.namur.be — publisher-statbel (Belgium)		be_opendata	opendata	nl	be,ods,opendata,publisher-statbel	86400	Every dataset on this portal whose publisher is Statbel — the publisher's full stream, with field schema and record counts. Served by the ODS platform at data.namur.be.	no	pending-probe
be-data-namur-be-publisher-bep	https://data.namur.be/api/explore/v2.1/catalog/datasets?where=publisher%3D%22BEP%22&limit=100	json:results		data.namur.be — publisher-bep (Belgium)		be_opendata	opendata	nl	be,ods,opendata,publisher-bep	86400	Every dataset on this portal whose publisher is BEP — the publisher's full stream, with field schema and record counts. Served by the ODS platform at data.namur.be.	no	pending-probe
be-data-namur-be-publisher-huwise	https://data.namur.be/api/explore/v2.1/catalog/datasets?where=publisher%3D%22Huwise%22&limit=100	json:results		data.namur.be — publisher-huwise (Belgium)		be_opendata	opendata	nl	be,ods,opendata,publisher-huwise	86400	Every dataset on this portal whose publisher is Huwise — the publisher's full stream, with field schema and record counts. Served by the ODS platform at data.namur.be.	no	pending-probe
be-data-namur-be-publisher-bolt	https://data.namur.be/api/explore/v2.1/catalog/datasets?where=publisher%3D%22BOLT%22&limit=100	json:results		data.namur.be — publisher-bolt (Belgium)		be_opendata	opendata	nl	be,ods,opendata,publisher-bolt	86400	Every dataset on this portal whose publisher is BOLT — the publisher's full stream, with field schema and record counts. Served by the ODS platform at data.namur.be.	no	pending-probe
be-data-namur-be-publisher-sirs	https://data.namur.be/api/explore/v2.1/catalog/datasets?where=publisher%3D%22SIRS%22&limit=100	json:results		data.namur.be — publisher-sirs (Belgium)		be_opendata	opendata	nl	be,ods,opendata,publisher-sirs	86400	Every dataset on this portal whose publisher is SIRS — the publisher's full stream, with field schema and record counts. Served by the ODS platform at data.namur.be.	no	pending-probe
be-data-namur-be-publisher-ville-de-namur-coh-sion-sociale	https://data.namur.be/api/explore/v2.1/catalog/datasets?where=publisher%3D%22Ville%20de%20Namur%20-%20Coh%C3%A9sion%20sociale%22&limit=100	json:results		data.namur.be — publisher-ville-de-namur-coh-sion-sociale (Belgium)		be_opendata	opendata	nl	be,ods,opendata,publisher-ville-de-namur-coh-sion-sociale	86400	Every dataset on this portal whose publisher is Ville de Namur - Cohésion sociale — the publisher's full stream, with field schema and record counts. Served by the ODS platform at data.namur.be.	no	pending-probe
be-data-namur-be-publisher-bpost	https://data.namur.be/api/explore/v2.1/catalog/datasets?where=publisher%3D%22bpost%22&limit=100	json:results		data.namur.be — publisher-bpost (Belgium)		be_opendata	opendata	nl	be,ods,opendata,publisher-bpost	86400	Every dataset on this portal whose publisher is bpost — the publisher's full stream, with field schema and record counts. Served by the ODS platform at data.namur.be.	no	pending-probe
us-data-bloomington-in-gov-catalog	https://data.bloomington.in.gov/api/catalog/v1?limit=100	json:results		data.bloomington.in.gov — catalog (United States)		us_opendata	opendata	en	us,socrata,opendata,catalog	86400	Socrata discovery catalogue: every dataset with owner, category, provenance, update cadence and column metadata. Served by the SOCRATA platform at data.bloomington.in.gov.	no	pending-probe
us-data-bloomington-in-gov-views	https://data.bloomington.in.gov/api/views/metadata/v1	json-array		data.bloomington.in.gov — views (United States)		us_opendata	opendata	en	us,socrata,opendata,views	86400	Per-view metadata for every dataset on the domain. Served by the SOCRATA platform at data.bloomington.in.gov.	no	pending-probe
us-data-sonomacounty-ca-gov-catalog	https://data.sonomacounty.ca.gov/api/catalog/v1?limit=100	json:results		data.sonomacounty.ca.gov — catalog (United States)		us_opendata	opendata	en	us,socrata,opendata,catalog	86400	Socrata discovery catalogue: every dataset with owner, category, provenance, update cadence and column metadata. Served by the SOCRATA platform at data.sonomacounty.ca.gov.	no	pending-probe
us-data-sonomacounty-ca-gov-views	https://data.sonomacounty.ca.gov/api/views/metadata/v1	json-array		data.sonomacounty.ca.gov — views (United States)		us_opendata	opendata	en	us,socrata,opendata,views	86400	Per-view metadata for every dataset on the domain. Served by the SOCRATA platform at data.sonomacounty.ca.gov.	no	pending-probe
