id	url	kind	items	name	name_ja	collector	category	lang	tags	interval	description	verified	verified_note
af-nada-ng-nbs-microdata	https://microdata.nigerianstat.gov.ng/index.php/api/catalog/search?ps=100	json:result.rows	100	Nigeria NBS — National Data Archive (microdata catalogue)		ng_statistics	statistics	en	ng,statistics,batch17,high-penetrancy,detail-hop	86400	107 NBS surveys and statistical publications. Each row: id, idno (NGA-NBS-…), title, subtitle, nation, authoring_entity, year_start/end, varcount, total_views, total_downloads, created/changed, catalogue url. Detail hop by idno returns the full DDI: producers with affiliation and role, version statement, study scope, sampling, and a variable list (1,229 variables on the APRM survey).  A per-record detail endpoint was verified for this source; see the batch's detail-hops side-car. This collector fetches the list endpoint only.	no	pending-independent-probe
af-nada-ng-nbs-citations	https://microdata.nigerianstat.gov.ng/index.php/api/citations?ps=100	json:citations	1	Nigeria NBS — data-citation register		ng_statistics	statistics	en	ng,statistics,batch17,high-penetrancy,detail-hop	86400	Publications that cite NBS microdata. Row: id, uuid, title, subtitle, authors[] (fname/lname/author_type), editors, publisher, place_publication, volume, issue, edition, idnumber, url, page range, created/changed. Small (1 record today) but it is the author-to-dataset link.  A per-record detail endpoint was verified for this source; see the batch's detail-hops side-car. This collector fetches the list endpoint only.	no	pending-independent-probe
af-nada-ke-knbs-microdata	https://statistics.knbs.or.ke/nada/index.php/api/catalog/search?ps=100	json:result.rows	100	Kenya KNBS — National Data Archive (microdata catalogue)		ke_statistics	statistics	en	ke,statistics,batch17,high-penetrancy,detail-hop	86400	129 KNBS surveys (KDHS 2022, FinAccess, Time Use, census products). Row: id, idno (DDI-KEN-KNBS-…), title, nation, authoring_entity, form_model (access class), year_start/end, total_views, total_downloads, created/changed, url. Detail by idno returns full DDI metadata including producers, version statement and authoring entities with affiliation.  A per-record detail endpoint was verified for this source; see the batch's detail-hops side-car. This collector fetches the list endpoint only.	no	pending-independent-probe
af-nada-tz-nbs-microdata	https://microdata.nbs.go.tz/index.php/api/catalog/search?ps=100	json:result.rows	62	Tanzania NBS — microdata catalogue		tz_statistics	statistics	en	tz,statistics,batch17,high-penetrancy,detail-hop	86400	62 Tanzanian statistical datasets including the 2023/24 Statistical Business Register Census (an enterprise register). Row: id, type (survey/document), idno, title, subtitle, nation, authoring_entity, year_start/end, varcount, views, downloads, url. Detail by idno gives the full DDI record.  A per-record detail endpoint was verified for this source; see the batch's detail-hops side-car. This collector fetches the list endpoint only.	no	pending-independent-probe
af-nada-sl-stats-microdata	https://microdata.statistics.sl/index.php/api/catalog/search?ps=100	json:result.rows	13	Statistics Sierra Leone — microdata catalogue		sl_statistics	statistics	en	sl,statistics,batch17,high-penetrancy,detail-hop	86400	13 Statistics Sierra Leone surveys. Row: id, type, idno (SL-SSL-…), title, subtitle, nation, authoring_entity, year_start/end, varcount, views, downloads, url. Detail by idno returns full DDI study description.  A per-record detail endpoint was verified for this source; see the batch's detail-hops side-car. This collector fetches the list endpoint only.	no	pending-independent-probe
af-nada-bw-statsbots-microdata	https://microdata.statsbots.org.bw/index.php/api/catalog/search?ps=100	json:result.rows	41	Statistics Botswana — microdata catalogue		bw_statistics	statistics	en	bw,statistics,batch17,high-penetrancy,detail-hop	86400	41 Statistics Botswana datasets (Quarterly Multi-Topic Household Survey labour modules, censuses). Row: id, type, idno, title, subtitle, nation, authoring_entity, year_start/end, varcount, views, downloads, url. Detail by idno returns the full DDI record.  A per-record detail endpoint was verified for this source; see the batch's detail-hops side-car. This collector fetches the list endpoint only.	no	pending-independent-probe
af-wbmicro-ng	https://microdata.worldbank.org/index.php/api/catalog/search?ps=50&country=Nigeria	json:result.rows	50	World Bank Microdata Library — Nigeria datasets		ng_statistics	statistics	en	ng,statistics,batch17,high-penetrancy,detail-hop	86400	Nigeria survey/census microdata studies. Row: id, idno, doi, type, title, nation, authoring_entity, form_model, year_start/end, repositoryid, varcount, views, downloads, url. Detail by idno yields full DDI: producers, contact persons with email, nation list, sampling and access policy.  A per-record detail endpoint was verified for this source; see the batch's detail-hops side-car. This collector fetches the list endpoint only.	no	pending-independent-probe
af-wbmicro-ke	https://microdata.worldbank.org/index.php/api/catalog/search?ps=50&country=Kenya	json:result.rows	50	World Bank Microdata Library — Kenya datasets		ke_statistics	statistics	en	ke,statistics,batch17,high-penetrancy,detail-hop	86400	Kenya survey/census microdata studies with idno, doi, authoring_entity, access class and year range; detail hop by idno returns the full DDI including producer and contact records.  A per-record detail endpoint was verified for this source; see the batch's detail-hops side-car. This collector fetches the list endpoint only.	no	pending-independent-probe
af-wbmicro-gh	https://microdata.worldbank.org/index.php/api/catalog/search?ps=50&country=Ghana	json:result.rows	50	World Bank Microdata Library — Ghana datasets		gh_statistics	statistics	en	gh,statistics,batch17,high-penetrancy,detail-hop	86400	Ghana survey/census microdata studies; row carries idno, doi, title, authoring_entity, access class, year range, download counts. Detail by idno returns the full DDI study description.  A per-record detail endpoint was verified for this source; see the batch's detail-hops side-car. This collector fetches the list endpoint only.	no	pending-independent-probe
af-wbmicro-za	https://microdata.worldbank.org/index.php/api/catalog/search?ps=50&country=South%20Africa	json:result.rows	50	World Bank Microdata Library — South Africa datasets		za_statistics	statistics	en	za,statistics,batch17,high-penetrancy,detail-hop	86400	South Africa survey/census microdata studies with idno, doi, authoring_entity and access class; detail by idno returns producers, contacts and sampling.  A per-record detail endpoint was verified for this source; see the batch's detail-hops side-car. This collector fetches the list endpoint only.	no	pending-independent-probe
af-wbmicro-ug	https://microdata.worldbank.org/index.php/api/catalog/search?ps=50&country=Uganda	json:result.rows	50	World Bank Microdata Library — Uganda datasets		ug_statistics	statistics	en	ug,statistics,batch17,high-penetrancy,detail-hop	86400	Uganda survey/census microdata studies; idno, doi, title, authoring_entity, year range, access class, downloads. Detail by idno returns the full DDI record.  A per-record detail endpoint was verified for this source; see the batch's detail-hops side-car. This collector fetches the list endpoint only.	no	pending-independent-probe
af-wbmicro-tz	https://microdata.worldbank.org/index.php/api/catalog/search?ps=50&country=Tanzania	json:result.rows	50	World Bank Microdata Library — Tanzania datasets		tz_statistics	statistics	en	tz,statistics,batch17,high-penetrancy,detail-hop	86400	Tanzania survey/census microdata studies with idno, doi, authoring_entity and access class; detail hop by idno returns full DDI metadata.  A per-record detail endpoint was verified for this source; see the batch's detail-hops side-car. This collector fetches the list endpoint only.	no	pending-independent-probe
af-wbmicro-zm	https://microdata.worldbank.org/index.php/api/catalog/search?ps=50&country=Zambia	json:result.rows	50	World Bank Microdata Library — Zambia datasets		zm_statistics	statistics	en	zm,statistics,batch17,high-penetrancy,detail-hop	86400	Zambia survey/census microdata studies; row has idno, doi, title, authoring_entity, year range and download counts. Detail by idno returns the full DDI.  A per-record detail endpoint was verified for this source; see the batch's detail-hops side-car. This collector fetches the list endpoint only.	no	pending-independent-probe
af-wbmicro-rw	https://microdata.worldbank.org/index.php/api/catalog/search?ps=50&country=Rwanda	json:result.rows	50	World Bank Microdata Library — Rwanda datasets		rw_statistics	statistics	en	rw,statistics,batch17,high-penetrancy,detail-hop	86400	Rwanda survey/census microdata studies (NISR does not run an API of its own, so this is the working route). idno, doi, authoring_entity, access class; detail by idno returns the full DDI.  A per-record detail endpoint was verified for this source; see the batch's detail-hops side-car. This collector fetches the list endpoint only.	no	pending-independent-probe
af-wbmicro-bw	https://microdata.worldbank.org/index.php/api/catalog/search?ps=50&country=Botswana	json:result.rows	50	World Bank Microdata Library — Botswana datasets		bw_statistics	statistics	en	bw,statistics,batch17,high-penetrancy,detail-hop	86400	Botswana survey/census microdata studies with idno, doi, authoring_entity and year range; detail hop by idno returns full DDI metadata.  A per-record detail endpoint was verified for this source; see the batch's detail-hops side-car. This collector fetches the list endpoint only.	no	pending-independent-probe
af-wbmicro-na	https://microdata.worldbank.org/index.php/api/catalog/search?ps=50&country=Namibia	json:result.rows	50	World Bank Microdata Library — Namibia datasets		na_statistics	statistics	en	na,statistics,batch17,high-penetrancy,detail-hop	86400	Namibia survey/census microdata studies (Namibia Statistics Agency has no live API; this is the working route). idno, doi, authoring_entity, access class, year range.  A per-record detail endpoint was verified for this source; see the batch's detail-hops side-car. This collector fetches the list endpoint only.	no	pending-independent-probe
af-wbmicro-et	https://microdata.worldbank.org/index.php/api/catalog/search?ps=50&country=Ethiopia	json:result.rows	50	World Bank Microdata Library — Ethiopia datasets		et_statistics	statistics	en	et,statistics,batch17,high-penetrancy,detail-hop	86400	Ethiopia survey/census microdata studies (Ethiopian Statistical Service has no reachable catalogue). idno, doi, authoring_entity, year range; detail by idno returns full DDI.  A per-record detail endpoint was verified for this source; see the batch's detail-hops side-car. This collector fetches the list endpoint only.	no	pending-independent-probe
af-ihsn-ng	https://catalog.ihsn.org/index.php/api/catalog/search?ps=50&country=Nigeria	json:result.rows	50	IHSN Survey Catalog — Nigeria		ng_statistics	statistics	en	ng,statistics,batch17,high-penetrancy,detail-hop	86400	International Household Survey Network index of Nigerian surveys, including holdings not in the national archive. Row: idno, title, nation, authoring_entity, year_start/end, form_model, varcount, views, downloads, rank, type, url. Detail by idno returns full DDI with authoring entities, producers and study topics.  A per-record detail endpoint was verified for this source; see the batch's detail-hops side-car. This collector fetches the list endpoint only.	no	pending-independent-probe
af-ihsn-ke	https://catalog.ihsn.org/index.php/api/catalog/search?ps=50&country=Kenya	json:result.rows	50	IHSN Survey Catalog — Kenya		ke_statistics	statistics	en	ke,statistics,batch17,high-penetrancy,detail-hop	86400	IHSN index of Kenyan surveys with idno, authoring_entity, year range and access class; detail hop by idno returns full DDI including topics and producers.  A per-record detail endpoint was verified for this source; see the batch's detail-hops side-car. This collector fetches the list endpoint only.	no	pending-independent-probe
af-ihsn-gh	https://catalog.ihsn.org/index.php/api/catalog/search?ps=50&country=Ghana	json:result.rows	50	IHSN Survey Catalog — Ghana		gh_statistics	statistics	en	gh,statistics,batch17,high-penetrancy,detail-hop	86400	IHSN index of Ghanaian surveys (the Ghana Statistical Service NADA itself has an expired TLS cert, so this is the usable route). Detail by idno returns full DDI with authoring entities and topic vocabulary.  A per-record detail endpoint was verified for this source; see the batch's detail-hops side-car. This collector fetches the list endpoint only.	no	pending-independent-probe
af-ihsn-za	https://catalog.ihsn.org/index.php/api/catalog/search?ps=50&country=South%20Africa	json:result.rows	50	IHSN Survey Catalog — South Africa		za_statistics	statistics	en	za,statistics,batch17,high-penetrancy,detail-hop	86400	IHSN index of South African surveys with idno, authoring_entity, year range, access class; detail by idno returns the full DDI record.  A per-record detail endpoint was verified for this source; see the batch's detail-hops side-car. This collector fetches the list endpoint only.	no	pending-independent-probe
af-ihsn-ug	https://catalog.ihsn.org/index.php/api/catalog/search?ps=50&country=Uganda	json:result.rows	50	IHSN Survey Catalog — Uganda		ug_statistics	statistics	en	ug,statistics,batch17,high-penetrancy,detail-hop	86400	IHSN index of Ugandan surveys (UBOS runs no reachable NADA API). idno, authoring_entity, year range; detail by idno returns full DDI.  A per-record detail endpoint was verified for this source; see the batch's detail-hops side-car. This collector fetches the list endpoint only.	no	pending-independent-probe
af-ihsn-tz	https://catalog.ihsn.org/index.php/api/catalog/search?ps=50&country=Tanzania	json:result.rows	50	IHSN Survey Catalog — Tanzania		tz_statistics	statistics	en	tz,statistics,batch17,high-penetrancy,detail-hop	86400	IHSN index of Tanzanian surveys with idno, authoring_entity and year range; detail by idno returns the full DDI study description.  A per-record detail endpoint was verified for this source; see the batch's detail-hops side-car. This collector fetches the list endpoint only.	no	pending-independent-probe
af-ihsn-zm	https://catalog.ihsn.org/index.php/api/catalog/search?ps=50&country=Zambia	json:result.rows	50	IHSN Survey Catalog — Zambia		zm_statistics	statistics	en	zm,statistics,batch17,high-penetrancy,detail-hop	86400	IHSN index of Zambian surveys (ZamStats has no live catalogue host). idno, authoring_entity, year range; detail by idno returns full DDI.  A per-record detail endpoint was verified for this source; see the batch's detail-hops side-car. This collector fetches the list endpoint only.	no	pending-independent-probe
af-ihsn-rw	https://catalog.ihsn.org/index.php/api/catalog/search?ps=50&country=Rwanda	json:result.rows	50	IHSN Survey Catalog — Rwanda		rw_statistics	statistics	en	rw,statistics,batch17,high-penetrancy,detail-hop	86400	IHSN index of Rwandan surveys with idno, authoring_entity, year range and access class; detail by idno returns the full DDI.  A per-record detail endpoint was verified for this source; see the batch's detail-hops side-car. This collector fetches the list endpoint only.	no	pending-independent-probe
af-ihsn-bw	https://catalog.ihsn.org/index.php/api/catalog/search?ps=50&country=Botswana	json:result.rows	50	IHSN Survey Catalog — Botswana		bw_statistics	statistics	en	bw,statistics,batch17,high-penetrancy,detail-hop	86400	IHSN index of Botswana surveys; idno, authoring_entity, year range, access class. Detail by idno returns full DDI metadata.  A per-record detail endpoint was verified for this source; see the batch's detail-hops side-car. This collector fetches the list endpoint only.	no	pending-independent-probe
af-ihsn-na	https://catalog.ihsn.org/index.php/api/catalog/search?ps=50&country=Namibia	json:result.rows	50	IHSN Survey Catalog — Namibia		na_statistics	statistics	en	na,statistics,batch17,high-penetrancy,detail-hop	86400	IHSN index of Namibian surveys; idno, authoring_entity, year range. Detail by idno returns the full DDI study description.  A per-record detail endpoint was verified for this source; see the batch's detail-hops side-car. This collector fetches the list endpoint only.	no	pending-independent-probe
af-ihsn-et	https://catalog.ihsn.org/index.php/api/catalog/search?ps=50&country=Ethiopia	json:result.rows	50	IHSN Survey Catalog — Ethiopia		et_statistics	statistics	en	et,statistics,batch17,high-penetrancy,detail-hop	86400	IHSN index of Ethiopian surveys; idno, authoring_entity, year range, access class. Detail by idno returns full DDI.  A per-record detail endpoint was verified for this source; see the batch's detail-hops side-car. This collector fetches the list endpoint only.	no	pending-independent-probe
af-dportal-act-ng	https://d-portal.org/q?from=act&country_code=NG&limit=100&form=json	json:rows	100	d-portal (IATI) — aid activities in Nigeria		ng_aid	aid	en	ng,aid,batch17,high-penetrancy,detail-hop	86400	Every IATI-published aid activity with Nigeria as recipient. Row: aid (activity identifier), reporting org name, reporting_ref, funder_ref, title, slug, status_code, day_start/day_end/day_length, description, commitment and spend in USD/EUR/GBP/CAD, flags. Detail by aid returns the single activity; the same aid also drives ?from=trans&aid= for individual transactions.  A per-record detail endpoint was verified for this source; see the batch's detail-hops side-car. This collector fetches the list endpoint only.	no	pending-independent-probe
af-dportal-act-ke	https://d-portal.org/q?from=act&country_code=KE&limit=100&form=json	json:rows	100	d-portal (IATI) — aid activities in Kenya		ke_aid	aid	en	ke,aid,batch17,high-penetrancy,detail-hop	86400	IATI aid activities with Kenya as recipient: aid, reporting org and reporting_ref, funder_ref, title, description, status, start/end days, commitment and spend in four currencies. Detail hop by aid returns the activity record.  A per-record detail endpoint was verified for this source; see the batch's detail-hops side-car. This collector fetches the list endpoint only.	no	pending-independent-probe
af-dportal-act-gh	https://d-portal.org/q?from=act&country_code=GH&limit=100&form=json	json:rows	100	d-portal (IATI) — aid activities in Ghana		gh_aid	aid	en	gh,aid,batch17,high-penetrancy,detail-hop	86400	IATI aid activities with Ghana as recipient, carrying funder reference, reporting organisation, description, status and committed/spent amounts. Detail by aid returns the activity.  A per-record detail endpoint was verified for this source; see the batch's detail-hops side-car. This collector fetches the list endpoint only.	no	pending-independent-probe
af-dportal-act-za	https://d-portal.org/q?from=act&country_code=ZA&limit=100&form=json	json:rows	100	d-portal (IATI) — aid activities in South Africa		za_aid	aid	en	za,aid,batch17,high-penetrancy,detail-hop	86400	IATI aid activities with South Africa as recipient: aid, reporting org, funder_ref, title, description, status, dates, commitment/spend. Detail by aid returns the activity record.  A per-record detail endpoint was verified for this source; see the batch's detail-hops side-car. This collector fetches the list endpoint only.	no	pending-independent-probe
af-dportal-act-ug	https://d-portal.org/q?from=act&country_code=UG&limit=100&form=json	json:rows	100	d-portal (IATI) — aid activities in Uganda		ug_aid	aid	en	ug,aid,batch17,high-penetrancy,detail-hop	86400	IATI aid activities with Uganda as recipient, with reporting organisation, funder reference, description, status and multi-currency commitment/spend. Detail hop by aid.  A per-record detail endpoint was verified for this source; see the batch's detail-hops side-car. This collector fetches the list endpoint only.	no	pending-independent-probe
af-dportal-act-tz	https://d-portal.org/q?from=act&country_code=TZ&limit=100&form=json	json:rows	100	d-portal (IATI) — aid activities in Tanzania		tz_aid	aid	en	tz,aid,batch17,high-penetrancy,detail-hop	86400	IATI aid activities with Tanzania as recipient: aid, reporting org, funder_ref, title, description, status, dates and amounts. Detail by aid returns the activity.  A per-record detail endpoint was verified for this source; see the batch's detail-hops side-car. This collector fetches the list endpoint only.	no	pending-independent-probe
af-dportal-act-zm	https://d-portal.org/q?from=act&country_code=ZM&limit=100&form=json	json:rows	100	d-portal (IATI) — aid activities in Zambia		zm_aid	aid	en	zm,aid,batch17,high-penetrancy,detail-hop	86400	IATI aid activities with Zambia as recipient, carrying reporting organisation, funder reference, description, status and committed/spent amounts. Detail by aid.  A per-record detail endpoint was verified for this source; see the batch's detail-hops side-car. This collector fetches the list endpoint only.	no	pending-independent-probe
af-dportal-act-rw	https://d-portal.org/q?from=act&country_code=RW&limit=100&form=json	json:rows	100	d-portal (IATI) — aid activities in Rwanda		rw_aid	aid	en	rw,aid,batch17,high-penetrancy,detail-hop	86400	IATI aid activities with Rwanda as recipient: aid, reporting org, funder_ref, title, description, status, dates, commitment/spend in four currencies. Detail by aid.  A per-record detail endpoint was verified for this source; see the batch's detail-hops side-car. This collector fetches the list endpoint only.	no	pending-independent-probe
af-dportal-act-bw	https://d-portal.org/q?from=act&country_code=BW&limit=100&form=json	json:rows	100	d-portal (IATI) — aid activities in Botswana		bw_aid	aid	en	bw,aid,batch17,high-penetrancy,detail-hop	86400	IATI aid activities with Botswana as recipient, with reporting organisation, funder reference, description, status and amounts. Detail hop by aid.  A per-record detail endpoint was verified for this source; see the batch's detail-hops side-car. This collector fetches the list endpoint only.	no	pending-independent-probe
af-dportal-act-na	https://d-portal.org/q?from=act&country_code=NA&limit=100&form=json	json:rows	100	d-portal (IATI) — aid activities in Namibia		na_aid	aid	en	na,aid,batch17,high-penetrancy,detail-hop	86400	IATI aid activities with Namibia as recipient: aid, reporting org, funder_ref, title, description, status, dates and multi-currency amounts. Detail by aid.  A per-record detail endpoint was verified for this source; see the batch's detail-hops side-car. This collector fetches the list endpoint only.	no	pending-independent-probe
af-dportal-act-et	https://d-portal.org/q?from=act&country_code=ET&limit=100&form=json	json:rows	100	d-portal (IATI) — aid activities in Ethiopia		et_aid	aid	en	et,aid,batch17,high-penetrancy,detail-hop	86400	IATI aid activities with Ethiopia as recipient, carrying reporting organisation, funder reference, description, status and committed/spent amounts. Detail by aid.  A per-record detail endpoint was verified for this source; see the batch's detail-hops side-car. This collector fetches the list endpoint only.	no	pending-independent-probe
af-dportal-trans-ng	https://d-portal.org/q?from=act,trans&trans_country_code=NG&limit=100&form=json	json:rows	100	d-portal (IATI) — aid transactions in Nigeria		ng_aid	aid	en	ng,aid,batch17,high-penetrancy,detail-hop	86400	Activity rows joined to their individual transactions for Nigeria — adds trans_ref and trans_description on top of the activity fields. Detail hop by aid returns the full transaction ledger for that activity: trans_day, trans_currency, trans_value, USD/EUR/GBP/CAD equivalents, trans_code, trans_flow_code, trans_finance_code, trans_sector, trans_id.  A per-record detail endpoint was verified for this source; see the batch's detail-hops side-car. This collector fetches the list endpoint only.	no	pending-independent-probe
af-dportal-trans-ke	https://d-portal.org/q?from=act,trans&trans_country_code=KE&limit=100&form=json	json:rows	100	d-portal (IATI) — aid transactions in Kenya		ke_aid	aid	en	ke,aid,batch17,high-penetrancy,detail-hop	86400	Kenya activity-plus-transaction rows with trans_ref and trans_description; detail by aid returns the per-activity transaction ledger with values, currencies, flow and finance codes.  A per-record detail endpoint was verified for this source; see the batch's detail-hops side-car. This collector fetches the list endpoint only.	no	pending-independent-probe
af-dportal-trans-gh	https://d-portal.org/q?from=act,trans&trans_country_code=GH&limit=100&form=json	json:rows	100	d-portal (IATI) — aid transactions in Ghana		gh_aid	aid	en	gh,aid,batch17,high-penetrancy,detail-hop	86400	Ghana activity-plus-transaction rows carrying trans_ref and trans_description; detail hop by aid returns every transaction with amounts, currency and sector codes.  A per-record detail endpoint was verified for this source; see the batch's detail-hops side-car. This collector fetches the list endpoint only.	no	pending-independent-probe
af-dportal-trans-za	https://d-portal.org/q?from=act,trans&trans_country_code=ZA&limit=100&form=json	json:rows	100	d-portal (IATI) — aid transactions in South Africa		za_aid	aid	en	za,aid,batch17,high-penetrancy,detail-hop	86400	South Africa activity-plus-transaction rows with trans_ref and trans_description; detail by aid returns the transaction ledger.  A per-record detail endpoint was verified for this source; see the batch's detail-hops side-car. This collector fetches the list endpoint only.	no	pending-independent-probe
af-dportal-trans-ug	https://d-portal.org/q?from=act,trans&trans_country_code=UG&limit=100&form=json	json:rows	100	d-portal (IATI) — aid transactions in Uganda		ug_aid	aid	en	ug,aid,batch17,high-penetrancy,detail-hop	86400	Uganda activity-plus-transaction rows with trans_ref and trans_description; detail by aid returns transaction values, currencies, flow/finance/sector codes.  A per-record detail endpoint was verified for this source; see the batch's detail-hops side-car. This collector fetches the list endpoint only.	no	pending-independent-probe
af-dportal-trans-tz	https://d-portal.org/q?from=act,trans&trans_country_code=TZ&limit=100&form=json	json:rows	100	d-portal (IATI) — aid transactions in Tanzania		tz_aid	aid	en	tz,aid,batch17,high-penetrancy,detail-hop	86400	Tanzania activity-plus-transaction rows carrying trans_ref and trans_description; detail hop by aid returns the per-activity transaction ledger.  A per-record detail endpoint was verified for this source; see the batch's detail-hops side-car. This collector fetches the list endpoint only.	no	pending-independent-probe
af-dportal-trans-zm	https://d-portal.org/q?from=act,trans&trans_country_code=ZM&limit=100&form=json	json:rows	100	d-portal (IATI) — aid transactions in Zambia		zm_aid	aid	en	zm,aid,batch17,high-penetrancy,detail-hop	86400	Zambia activity-plus-transaction rows with trans_ref and trans_description; detail by aid returns all transactions with amounts and codes.  A per-record detail endpoint was verified for this source; see the batch's detail-hops side-car. This collector fetches the list endpoint only.	no	pending-independent-probe
af-dportal-trans-rw	https://d-portal.org/q?from=act,trans&trans_country_code=RW&limit=100&form=json	json:rows	100	d-portal (IATI) — aid transactions in Rwanda		rw_aid	aid	en	rw,aid,batch17,high-penetrancy,detail-hop	86400	Rwanda activity-plus-transaction rows with trans_ref and trans_description; detail hop by aid returns the transaction ledger.  A per-record detail endpoint was verified for this source; see the batch's detail-hops side-car. This collector fetches the list endpoint only.	no	pending-independent-probe
af-dportal-trans-bw	https://d-portal.org/q?from=act,trans&trans_country_code=BW&limit=100&form=json	json:rows	100	d-portal (IATI) — aid transactions in Botswana		bw_aid	aid	en	bw,aid,batch17,high-penetrancy,detail-hop	86400	Botswana activity-plus-transaction rows with trans_ref and trans_description; detail by aid returns per-transaction values and codes.  A per-record detail endpoint was verified for this source; see the batch's detail-hops side-car. This collector fetches the list endpoint only.	no	pending-independent-probe
af-dportal-trans-na	https://d-portal.org/q?from=act,trans&trans_country_code=NA&limit=100&form=json	json:rows	100	d-portal (IATI) — aid transactions in Namibia		na_aid	aid	en	na,aid,batch17,high-penetrancy,detail-hop	86400	Namibia activity-plus-transaction rows with trans_ref and trans_description; detail hop by aid returns the transaction ledger.  A per-record detail endpoint was verified for this source; see the batch's detail-hops side-car. This collector fetches the list endpoint only.	no	pending-independent-probe
af-dportal-trans-et	https://d-portal.org/q?from=act,trans&trans_country_code=ET&limit=100&form=json	json:rows	100	d-portal (IATI) — aid transactions in Ethiopia		et_aid	aid	en	et,aid,batch17,high-penetrancy,detail-hop	86400	Ethiopia activity-plus-transaction rows with trans_ref and trans_description; detail by aid returns all transactions with amounts, currencies and sector codes.  A per-record detail endpoint was verified for this source; see the batch's detail-hops side-car. This collector fetches the list endpoint only.	no	pending-independent-probe
af-gleif-lei-ng	https://api.gleif.org/api/v1/lei-records?filter%5Bentity.legalAddress.country%5D=NG&page%5Bsize%5D=100	json:data	100	GLEIF — legal entities registered in Nigeria		ng_company-registry	company-registry	en	ng,company-registry,batch17,high-penetrancy,detail-hop	86400	978 Nigerian legal entities with an LEI. Each record: id = the 20-char LEI, plus attributes.entity (legalName, otherNames, legalAddress and headquartersAddress with street lines, city, region, postal code, country), legalForm, status, registeredAs (local company number), and attributes.registration (status, initial/last update, next renewal, managing LOU, validation source). Relationships expose parent/child ultimate-owner links. Detail by LEI returns the single full record.  A per-record detail endpoint was verified for this source; see the batch's detail-hops side-car. This collector fetches the list endpoint only.	no	pending-independent-probe
af-gleif-lei-ke	https://api.gleif.org/api/v1/lei-records?filter%5Bentity.legalAddress.country%5D=KE&page%5Bsize%5D=100	json:data	100	GLEIF — legal entities registered in Kenya		ke_company-registry	company-registry	en	ke,company-registry,batch17,high-penetrancy,detail-hop	86400	Kenyan LEI holders: legal name, other names, registered address, headquarters address, legal form, local registration number, entity status, managing LOU and renewal dates; relationships give parent/ultimate-parent chains. Detail by LEI returns the full record.  A per-record detail endpoint was verified for this source; see the batch's detail-hops side-car. This collector fetches the list endpoint only.	no	pending-independent-probe
af-gleif-lei-gh	https://api.gleif.org/api/v1/lei-records?filter%5Bentity.legalAddress.country%5D=GH&page%5Bsize%5D=100	json:data	100	GLEIF — legal entities registered in Ghana		gh_company-registry	company-registry	en	gh,company-registry,batch17,high-penetrancy,detail-hop	86400	Ghanaian LEI holders with legal name, addresses, legal form, local company number, status and registration lifecycle; parent/child relationship links. Detail by LEI returns the full record.  A per-record detail endpoint was verified for this source; see the batch's detail-hops side-car. This collector fetches the list endpoint only.	no	pending-independent-probe
af-gleif-lei-za	https://api.gleif.org/api/v1/lei-records?filter%5Bentity.legalAddress.country%5D=ZA&page%5Bsize%5D=100	json:data	100	GLEIF — legal entities registered in South Africa		za_company-registry	company-registry	en	za,company-registry,batch17,high-penetrancy,detail-hop	86400	South African LEI holders — a beneficial-ownership-adjacent view CIPC does not expose via API. Legal name, addresses, legal form, CIPC registration number in registeredAs, status, managing LOU, and parent/ultimate-parent relationships. Detail by LEI.  A per-record detail endpoint was verified for this source; see the batch's detail-hops side-car. This collector fetches the list endpoint only.	no	pending-independent-probe
af-gleif-lei-ug	https://api.gleif.org/api/v1/lei-records?filter%5Bentity.legalAddress.country%5D=UG&page%5Bsize%5D=100	json:data	91	GLEIF — legal entities registered in Uganda		ug_company-registry	company-registry	en	ug,company-registry,batch17,high-penetrancy,detail-hop	86400	91 Ugandan LEI holders with legal name, registered and headquarters addresses, legal form, local registration number, status and renewal dates; relationship links to parents. Detail by LEI.  A per-record detail endpoint was verified for this source; see the batch's detail-hops side-car. This collector fetches the list endpoint only.	no	pending-independent-probe
af-gleif-lei-tz	https://api.gleif.org/api/v1/lei-records?filter%5Bentity.legalAddress.country%5D=TZ&page%5Bsize%5D=100	json:data	81	GLEIF — legal entities registered in Tanzania		tz_company-registry	company-registry	en	tz,company-registry,batch17,high-penetrancy,detail-hop	86400	81 Tanzanian LEI holders: legal name, addresses, legal form, BRELA registration number where supplied, status, managing LOU, parent relationships. Detail by LEI.  A per-record detail endpoint was verified for this source; see the batch's detail-hops side-car. This collector fetches the list endpoint only.	no	pending-independent-probe
af-gleif-lei-zm	https://api.gleif.org/api/v1/lei-records?filter%5Bentity.legalAddress.country%5D=ZM&page%5Bsize%5D=100	json:data	67	GLEIF — legal entities registered in Zambia		zm_company-registry	company-registry	en	zm,company-registry,batch17,high-penetrancy,detail-hop	86400	67 Zambian LEI holders with legal name, addresses, legal form, PACRA registration number where supplied, status and renewal dates. Detail by LEI returns the full record.  A per-record detail endpoint was verified for this source; see the batch's detail-hops side-car. This collector fetches the list endpoint only.	no	pending-independent-probe
af-gleif-lei-rw	https://api.gleif.org/api/v1/lei-records?filter%5Bentity.legalAddress.country%5D=RW&page%5Bsize%5D=100	json:data	28	GLEIF — legal entities registered in Rwanda		rw_company-registry	company-registry	en	rw,company-registry,batch17,high-penetrancy,detail-hop	86400	28 Rwandan LEI holders with legal name, addresses, legal form, RDB registration number where supplied, status and parent relationships. Detail by LEI.  A per-record detail endpoint was verified for this source; see the batch's detail-hops side-car. This collector fetches the list endpoint only.	no	pending-independent-probe
af-gleif-lei-bw	https://api.gleif.org/api/v1/lei-records?filter%5Bentity.legalAddress.country%5D=BW&page%5Bsize%5D=100	json:data	76	GLEIF — legal entities registered in Botswana		bw_company-registry	company-registry	en	bw,company-registry,batch17,high-penetrancy,detail-hop	86400	76 Botswana LEI holders with legal name, registered and headquarters addresses, legal form, local company number, status and renewal lifecycle. Detail by LEI.  A per-record detail endpoint was verified for this source; see the batch's detail-hops side-car. This collector fetches the list endpoint only.	no	pending-independent-probe
af-gleif-lei-na	https://api.gleif.org/api/v1/lei-records?filter%5Bentity.legalAddress.country%5D=NA&page%5Bsize%5D=100	json:data	100	GLEIF — legal entities registered in Namibia		na_company-registry	company-registry	en	na,company-registry,batch17,high-penetrancy,detail-hop	86400	Namibian LEI holders with legal name, addresses, legal form, BIPA registration number where supplied, status and parent/ultimate-parent links. Detail by LEI.  A per-record detail endpoint was verified for this source; see the batch's detail-hops side-car. This collector fetches the list endpoint only.	no	pending-independent-probe
af-gleif-lei-et	https://api.gleif.org/api/v1/lei-records?filter%5Bentity.legalAddress.country%5D=ET&page%5Bsize%5D=100	json:data	16	GLEIF — legal entities registered in Ethiopia		et_company-registry	company-registry	en	et,company-registry,batch17,high-penetrancy,detail-hop	86400	16 Ethiopian LEI holders with legal name, addresses, legal form, local registration number, status and renewal dates. Small but it is the only machine-readable Ethiopian entity register reachable without credentials. Detail by LEI.  A per-record detail endpoint was verified for this source; see the batch's detail-hops side-car. This collector fetches the list endpoint only.	no	pending-independent-probe
af-pmg-committee-meetings	https://api.pmg.org.za/committee-meeting/	json:results	50	PMG South Africa — parliamentary committee meetings		za_parliament	parliament	en	za,parliament,batch17,high-penetrancy,detail-hop	86400	Paginated feed of every monitored National Assembly / NCOP committee meeting. Row: id, date, title, type, body (full minutes), summary, member_id, committee_id, house_id, chairperson, public_participation, actual and scheduled start/end times, pmg_monitor, url. Detail by id returns the complete verbatim report.  A per-record detail endpoint was verified for this source; see the batch's detail-hops side-car. This collector fetches the list endpoint only.	no	pending-independent-probe
af-pmg-question-replies	https://api.pmg.org.za/question_reply/	json:results	50	PMG South Africa — ministerial question replies		za_parliament	parliament	en	za,parliament,batch17,high-penetrancy,detail-hop	86400	Written and oral parliamentary questions with the minister's reply. Row: id, minister_id, title, start_date, body (full text of question and answer), question_number, nid, url, and an embedded minister object. Detail by id returns the whole reply. Pairs with /minister/{id}/questions/ which returns 50 questions per minister carrying asked_by_name and asked_by_member_id — the MP-to-minister accountability link.  A per-record detail endpoint was verified for this source; see the batch's detail-hops side-car. This collector fetches the list endpoint only.	no	pending-independent-probe
af-pmg-tabled-committee-reports	https://api.pmg.org.za/tabled-committee-report/	json:results	50	PMG South Africa — tabled committee reports		za_parliament	parliament	en	za,parliament,batch17,high-penetrancy,detail-hop	86400	Formal reports tabled by parliamentary committees. Row: id, title, start_date, body, committee_id, embedded committee object, files[] with title, mime, byte size, original filename and download url. Detail by id adds petition_events.  A per-record detail endpoint was verified for this source; see the batch's detail-hops side-car. This collector fetches the list endpoint only.	no	pending-independent-probe
af-pmg-hansard	https://api.pmg.org.za/hansard/	json:results	50	PMG South Africa — Hansard plenary records		za_parliament	parliament	en	za,parliament,batch17,high-penetrancy,detail-hop	86400	2,546 Hansard records of National Assembly and NCOP plenary sittings. Row: id, date, title, type, body (full debate transcript), summary, member_id, committee_id, house_id, chairperson, url. Detail by id returns the sitting record with its house object.  A per-record detail endpoint was verified for this source; see the batch's detail-hops side-car. This collector fetches the list endpoint only.	no	pending-independent-probe
af-pmg-calls-for-comment	https://api.pmg.org.za/call-for-comment/	json:results	50	PMG South Africa — parliamentary calls for public comment		za_parliament	parliament	en	za,parliament,batch17,high-penetrancy,detail-hop	86400	Open public-participation windows on bills and inquiries. Row: id, committee_id, title, start_date, end_date, body (the full notice with submission contact details), summary, nid, url. Detail by id adds the embedded committee object.  A per-record detail endpoint was verified for this source; see the batch's detail-hops side-car. This collector fetches the list endpoint only.	no	pending-independent-probe
af-pmg-gazettes	https://api.pmg.org.za/gazette/	json:results	50	PMG South Africa — gazettes and media statements		za_parliament	parliament	en	za,parliament,batch17,high-penetrancy,detail-hop	86400	411 gazette notices and Treasury/parliamentary media statements. Row: id, title, effective_date, start_date, nid, url and files[] carrying title, mime type, byte size, original filename and direct PDF url. Detail by id returns the record with its file list.  A per-record detail endpoint was verified for this source; see the batch's detail-hops side-car. This collector fetches the list endpoint only.	no	pending-independent-probe
af-pmg-ministers	https://api.pmg.org.za/minister/	json:results	41	PMG South Africa — ministers and their question dockets		za_parliament	parliament	en	za,parliament,batch17,high-penetrancy,detail-hop	86400	41 serving South African ministers — a PEP list. Row: id, name, url, questions_url. Detail by id adds the committee they answer to; /minister/{id}/questions/ then returns 50 questions each with code, question_number, written/oral/president numbers, answer_type, date, year, full question and answer text, question_to_name and asked_by_name.  A per-record detail endpoint was verified for this source; see the batch's detail-hops side-car. This collector fetches the list endpoint only.	no	pending-independent-probe
af-pmg-policy-documents	https://api.pmg.org.za/policy-document/	json:results	50	PMG South Africa — policy documents		za_parliament	parliament	en	za,parliament,batch17,high-penetrancy,detail-hop	86400	Green papers, white papers and departmental policy documents before Parliament. Row: id, title, effective_date, start_date, nid, url, files[] with title, mime, byte size, original filename and download url. Detail by id returns the record with its files.  A per-record detail endpoint was verified for this source; see the batch's detail-hops side-car. This collector fetches the list endpoint only.	no	pending-independent-probe
af-pmg-daily-schedule	https://api.pmg.org.za/daily-schedule/	json:results	50	PMG South Africa — parliamentary daily programme		za_parliament	parliament	en	za,parliament,batch17,high-penetrancy	86400	3,674 daily order papers for both houses. Row: id, title, start_date, body (the full day's programme listing committees, venues and times), nid, house_id, url and an embedded house object. No detail hop: /daily-schedule/{id}/ returns 404 even for a real id from the list, so the list body is the complete record.	no	pending-independent-probe
af-pmg-briefings	https://api.pmg.org.za/briefing/	json:results	50	PMG South Africa — committee briefings		za_parliament	parliament	en	za,parliament,batch17,high-penetrancy,detail-hop	86400	1,069 departmental and stakeholder briefings to parliamentary committees. Row: id, date, title, type, body (full briefing report), summary, member_id, committee_id, house_id, chairperson, public_participation, url. Detail by id returns the full briefing.  A per-record detail endpoint was verified for this source; see the batch's detail-hops side-car. This collector fetches the list endpoint only.	no	pending-independent-probe
af-dhs-data-ng	https://api.dhsprogram.com/rest/dhs/data?countryIds=NG&f=json&perpage=100	json:Data	100	DHS Program — Nigeria indicator data		ng_statistics	statistics	en	ng,statistics,batch17,high-penetrancy,detail-hop	86400	Every published DHS/MIS/SPA estimate for Nigeria, broken down by survey and by characteristic. Row: DataId, Indicator (the label), Value, Precision, DHS_CountryCode, CountryName, SurveyYear, SurveyId, IndicatorId, IndicatorType, CharacteristicCategory, CharacteristicLabel, ByVariableLabel, RegionId. Detail by IndicatorId returns the indicator definition, denominator, measurement type and level hierarchy.  A per-record detail endpoint was verified for this source; see the batch's detail-hops side-car. This collector fetches the list endpoint only.	no	pending-independent-probe
af-dhs-data-ke	https://api.dhsprogram.com/rest/dhs/data?countryIds=KE&f=json&perpage=100	json:Data	100	DHS Program — Kenya indicator data		ke_statistics	statistics	en	ke,statistics,batch17,high-penetrancy,detail-hop	86400	Kenya DHS estimates by survey and characteristic: DataId, Indicator, Value, SurveyId, SurveyYear, IndicatorId, CharacteristicCategory/Label, ByVariableLabel. Detail by IndicatorId returns the indicator definition and denominator.  A per-record detail endpoint was verified for this source; see the batch's detail-hops side-car. This collector fetches the list endpoint only.	no	pending-independent-probe
af-dhs-data-gh	https://api.dhsprogram.com/rest/dhs/data?countryIds=GH&f=json&perpage=100	json:Data	100	DHS Program — Ghana indicator data		gh_statistics	statistics	en	gh,statistics,batch17,high-penetrancy,detail-hop	86400	Ghana DHS estimates by survey and characteristic with Indicator label, Value, SurveyId, IndicatorId and characteristic breakdown. Detail by IndicatorId returns the indicator metadata.  A per-record detail endpoint was verified for this source; see the batch's detail-hops side-car. This collector fetches the list endpoint only.	no	pending-independent-probe
af-dhs-data-za	https://api.dhsprogram.com/rest/dhs/data?countryIds=ZA&f=json&perpage=100	json:Data	100	DHS Program — South Africa indicator data		za_statistics	statistics	en	za,statistics,batch17,high-penetrancy,detail-hop	86400	South Africa DHS estimates by survey and characteristic: Indicator, Value, SurveyId, SurveyYear, CharacteristicCategory/Label. Detail by IndicatorId returns definition, denominator and measurement type.  A per-record detail endpoint was verified for this source; see the batch's detail-hops side-car. This collector fetches the list endpoint only.	no	pending-independent-probe
af-dhs-data-ug	https://api.dhsprogram.com/rest/dhs/data?countryIds=UG&f=json&perpage=100	json:Data	100	DHS Program — Uganda indicator data		ug_statistics	statistics	en	ug,statistics,batch17,high-penetrancy,detail-hop	86400	Uganda DHS estimates with Indicator label, Value, SurveyId, IndicatorId and characteristic breakdown; detail by IndicatorId returns the indicator definition.  A per-record detail endpoint was verified for this source; see the batch's detail-hops side-car. This collector fetches the list endpoint only.	no	pending-independent-probe
af-dhs-data-tz	https://api.dhsprogram.com/rest/dhs/data?countryIds=TZ&f=json&perpage=100	json:Data	100	DHS Program — Tanzania indicator data		tz_statistics	statistics	en	tz,statistics,batch17,high-penetrancy,detail-hop	86400	Tanzania DHS estimates by survey and characteristic with Indicator, Value, SurveyId and IndicatorId. Detail by IndicatorId returns indicator metadata.  A per-record detail endpoint was verified for this source; see the batch's detail-hops side-car. This collector fetches the list endpoint only.	no	pending-independent-probe
af-dhs-data-zm	https://api.dhsprogram.com/rest/dhs/data?countryIds=ZM&f=json&perpage=100	json:Data	100	DHS Program — Zambia indicator data		zm_statistics	statistics	en	zm,statistics,batch17,high-penetrancy,detail-hop	86400	Zambia DHS estimates with Indicator label, Value, SurveyId, CharacteristicCategory/Label; detail by IndicatorId returns definition and denominator.  A per-record detail endpoint was verified for this source; see the batch's detail-hops side-car. This collector fetches the list endpoint only.	no	pending-independent-probe
af-dhs-data-rw	https://api.dhsprogram.com/rest/dhs/data?countryIds=RW&f=json&perpage=100	json:Data	100	DHS Program — Rwanda indicator data		rw_statistics	statistics	en	rw,statistics,batch17,high-penetrancy,detail-hop	86400	Rwanda DHS estimates by survey and characteristic with Indicator, Value, SurveyId and IndicatorId. Detail by IndicatorId returns the indicator definition.  A per-record detail endpoint was verified for this source; see the batch's detail-hops side-car. This collector fetches the list endpoint only.	no	pending-independent-probe
af-dhs-data-et	https://api.dhsprogram.com/rest/dhs/data?countryIds=ET&f=json&perpage=100	json:Data	100	DHS Program — Ethiopia indicator data		et_statistics	statistics	en	et,statistics,batch17,high-penetrancy,detail-hop	86400	Ethiopia DHS estimates with Indicator label, Value, SurveyId, IndicatorId and characteristic breakdown; detail by IndicatorId returns indicator metadata.  A per-record detail endpoint was verified for this source; see the batch's detail-hops side-car. This collector fetches the list endpoint only.	no	pending-independent-probe
dportal-iati-ma	https://d-portal.org/q?country_code=MA&limit=50&form=json	json:rows	50	d-portal IATI activities - Morocco		ma_aid	aid	en	ma,aid,batch17,high-penetrancy,detail-hop	86400	Donor-reported aid activities located in Morocco: aid (IATI activity id), reporting organisation and its IATI ref, funder ref, title, description, status_code, start/end day, commitment and spend in USD and EUR, sector and slug. Detail hop returns the activity's individual transactions.  A per-record detail endpoint was verified for this source; see the batch's detail-hops side-car. This collector fetches the list endpoint only.	no	pending-independent-probe
dportal-iati-tn	https://d-portal.org/q?country_code=TN&limit=50&form=json	json:rows	50	d-portal IATI activities - Tunisia		tn_aid	aid	en	tn,aid,batch17,high-penetrancy,detail-hop	86400	Aid activities in Tunisia with reporting org, funder ref, title, narrative description, commitment/spend figures and activity status; detail hop yields per-activity transactions.  A per-record detail endpoint was verified for this source; see the batch's detail-hops side-car. This collector fetches the list endpoint only.	no	pending-independent-probe
dportal-iati-dz	https://d-portal.org/q?country_code=DZ&limit=50&form=json	json:rows	50	d-portal IATI activities - Algeria		dz_aid	aid	en	dz,aid,batch17,high-penetrancy,detail-hop	86400	Aid activities in Algeria: donor, implementing/reporting organisation, title, description, budget and disbursement amounts, dates and status. Detail hop returns transaction-level records.  A per-record detail endpoint was verified for this source; see the batch's detail-hops side-car. This collector fetches the list endpoint only.	no	pending-independent-probe
dportal-iati-eg	https://d-portal.org/q?country_code=EG&limit=50&form=json	json:rows	50	d-portal IATI activities - Egypt		eg_aid	aid	en	eg,aid,batch17,high-penetrancy,detail-hop	86400	Aid activities in Egypt with reporting organisation, funder, title, description, commitment and spend, and activity dates; transactions available per activity.  A per-record detail endpoint was verified for this source; see the batch's detail-hops side-car. This collector fetches the list endpoint only.	no	pending-independent-probe
dportal-iati-sn	https://d-portal.org/q?country_code=SN&limit=50&form=json	json:rows	50	d-portal IATI activities - Senegal		sn_aid	aid	en	sn,aid,batch17,high-penetrancy,detail-hop	86400	Aid activities in Senegal: IATI activity id, reporting org and ref, funder ref, title, full description, commitment/spend in USD and EUR, status and dates. Detail hop lists the activity's transactions.  A per-record detail endpoint was verified for this source; see the batch's detail-hops side-car. This collector fetches the list endpoint only.	no	pending-independent-probe
dportal-iati-ci	https://d-portal.org/q?country_code=CI&limit=50&form=json	json:rows	50	d-portal IATI activities - Cote d'Ivoire		ci_aid	aid	fr	ci,aid,batch17,high-penetrancy,detail-hop	86400	Aid activities in Cote d'Ivoire, many reported in French, with donor, title, description, financial commitment and spend, status and dates; per-activity transactions behind the detail hop.  A per-record detail endpoint was verified for this source; see the batch's detail-hops side-car. This collector fetches the list endpoint only.	no	pending-independent-probe
dportal-iati-cm	https://d-portal.org/q?country_code=CM&limit=50&form=json	json:rows	50	d-portal IATI activities - Cameroon		cm_aid	aid	en	cm,aid,batch17,high-penetrancy,detail-hop	86400	Aid activities in Cameroon with reporting organisation, funder ref, title, description, committed and spent amounts and activity period; transaction detail per activity.  A per-record detail endpoint was verified for this source; see the batch's detail-hops side-car. This collector fetches the list endpoint only.	no	pending-independent-probe
dportal-iati-bj	https://d-portal.org/q?country_code=BJ&limit=50&form=json	json:rows	50	d-portal IATI activities - Benin		bj_aid	aid	en	bj,aid,batch17,high-penetrancy,detail-hop	86400	Aid activities in Benin: donor and reporting refs, project title, description, commitment/spend, status codes and dates. Detail hop returns transactions.  A per-record detail endpoint was verified for this source; see the batch's detail-hops side-car. This collector fetches the list endpoint only.	no	pending-independent-probe
dportal-iati-bf	https://d-portal.org/q?country_code=BF&limit=50&form=json	json:rows	50	d-portal IATI activities - Burkina Faso		bf_aid	aid	en	bf,aid,batch17,high-penetrancy,detail-hop	86400	Aid activities in Burkina Faso with reporting org, funder, title, description, financial commitment and spend and activity dates; transaction detail available.  A per-record detail endpoint was verified for this source; see the batch's detail-hops side-car. This collector fetches the list endpoint only.	no	pending-independent-probe
dportal-iati-ml	https://d-portal.org/q?country_code=ML&limit=50&form=json	json:rows	50	d-portal IATI activities - Mali		ml_aid	aid	en	ml,aid,batch17,high-penetrancy,detail-hop	86400	Aid activities in Mali: reporting organisation, funder ref, title (some redaction notices from USAID are themselves informative), description, commitment/spend and dates. Transactions behind the detail hop.  A per-record detail endpoint was verified for this source; see the batch's detail-hops side-car. This collector fetches the list endpoint only.	no	pending-independent-probe
dportal-iati-cd	https://d-portal.org/q?country_code=CD&limit=50&form=json	json:rows	50	d-portal IATI activities - DR Congo		cd_aid	aid	en	cd,aid,batch17,high-penetrancy,detail-hop	86400	Aid activities in the Democratic Republic of the Congo with donor, reporting ref, title, description, committed and disbursed amounts, status and period; per-activity transactions.  A per-record detail endpoint was verified for this source; see the batch's detail-hops side-car. This collector fetches the list endpoint only.	no	pending-independent-probe
dportal-iati-mg	https://d-portal.org/q?country_code=MG&limit=50&form=json	json:rows	50	d-portal IATI activities - Madagascar		mg_aid	aid	en	mg,aid,batch17,high-penetrancy,detail-hop	86400	Aid activities in Madagascar: reporting organisation and ref, funder, title, description, commitment/spend and dates; transaction detail per activity.  A per-record detail endpoint was verified for this source; see the batch's detail-hops side-car. This collector fetches the list endpoint only.	no	pending-independent-probe
dportal-iati-mu	https://d-portal.org/q?country_code=MU&limit=50&form=json	json:rows	50	d-portal IATI activities - Mauritius		mu_aid	aid	en	mu,aid,batch17,high-penetrancy,detail-hop	86400	Aid activities in Mauritius with donor and reporting refs, project title, description, financial commitment and spend, and activity dates; transactions behind the detail hop.  A per-record detail endpoint was verified for this source; see the batch's detail-hops side-car. This collector fetches the list endpoint only.	no	pending-independent-probe
undp-projects-ma	https://api.open.undp.org/api/units/MAR.json	json:projects	121	UNDP Open Data projects - Morocco		ma_aid	aid	fr	ma,aid,batch17,high-penetrancy,detail-hop	86400	Every UNDP project in the Morocco country office: project id (award id), title, nested outputs (output_id, sector, description, SDG, signature solution, policy markers), subnational locations with lat/lon, purchase_orders and documents. Detail hop gives project description, fiscal years, region and operating unit.  A per-record detail endpoint was verified for this source; see the batch's detail-hops side-car. This collector fetches the list endpoint only.	no	pending-independent-probe
undp-projects-tn	https://api.open.undp.org/api/units/TUN.json	json:projects	132	UNDP Open Data projects - Tunisia		tn_aid	aid	fr	tn,aid,batch17,high-penetrancy,detail-hop	86400	UNDP Tunisia project portfolio: project id, title, outputs with sector/SDG/description, geolocated subnational sites (e.g. Tunis, with lat/lon and focus area), purchase orders and attached documents.  A per-record detail endpoint was verified for this source; see the batch's detail-hops side-car. This collector fetches the list endpoint only.	no	pending-independent-probe
undp-projects-dz	https://api.open.undp.org/api/units/DZA.json	json:projects	84	UNDP Open Data projects - Algeria		dz_aid	aid	fr	dz,aid,batch17,high-penetrancy,detail-hop	86400	UNDP Algeria projects with award id, French titles, per-project outputs (sector, description, SDG targets), subnational locations and purchase orders. One of the very few open machine-readable Algerian project datasets.  A per-record detail endpoint was verified for this source; see the batch's detail-hops side-car. This collector fetches the list endpoint only.	no	pending-independent-probe
undp-projects-eg	https://api.open.undp.org/api/units/EGY.json	json:projects	181	UNDP Open Data projects - Egypt		eg_aid	aid	en	eg,aid,batch17,high-penetrancy,detail-hop	86400	UNDP Egypt project portfolio: project id, title, outputs with sector and SDG mapping, geolocated activity sites, purchase orders and documents.  A per-record detail endpoint was verified for this source; see the batch's detail-hops side-car. This collector fetches the list endpoint only.	no	pending-independent-probe
undp-projects-sn	https://api.open.undp.org/api/units/SEN.json	json:projects	116	UNDP Open Data projects - Senegal		sn_aid	aid	fr	sn,aid,batch17,high-penetrancy,detail-hop	86400	UNDP Senegal projects with award id, title, nested outputs (sector, description, SDG, markers), subnational geolocations and purchase orders.  A per-record detail endpoint was verified for this source; see the batch's detail-hops side-car. This collector fetches the list endpoint only.	no	pending-independent-probe
undp-projects-ci	https://api.open.undp.org/api/units/CIV.json	json:projects	113	UNDP Open Data projects - Cote d'Ivoire		ci_aid	aid	fr	ci,aid,batch17,high-penetrancy,detail-hop	86400	UNDP Cote d'Ivoire projects: id, French title, outputs with sector/SDG/description, geolocated sites and purchase orders.  A per-record detail endpoint was verified for this source; see the batch's detail-hops side-car. This collector fetches the list endpoint only.	no	pending-independent-probe
undp-projects-cm	https://api.open.undp.org/api/units/CMR.json	json:projects	91	UNDP Open Data projects - Cameroon		cm_aid	aid	fr	cm,aid,batch17,high-penetrancy,detail-hop	86400	UNDP Cameroon projects with award id, title, per-project outputs, subnational locations and purchase orders.  A per-record detail endpoint was verified for this source; see the batch's detail-hops side-car. This collector fetches the list endpoint only.	no	pending-independent-probe
undp-projects-bj	https://api.open.undp.org/api/units/BEN.json	json:projects	125	UNDP Open Data projects - Benin		bj_aid	aid	en	bj,aid,batch17,high-penetrancy,detail-hop	86400	UNDP Benin projects: project id, title, outputs with sector and SDG mapping, geolocated activity sites, purchase orders and documents.  A per-record detail endpoint was verified for this source; see the batch's detail-hops side-car. This collector fetches the list endpoint only.	no	pending-independent-probe
undp-projects-bf	https://api.open.undp.org/api/units/BFA.json	json:projects	113	UNDP Open Data projects - Burkina Faso		bf_aid	aid	en	bf,aid,batch17,high-penetrancy,detail-hop	86400	UNDP Burkina Faso projects with award id, title, outputs (sector, description, SDG), subnational locations and purchase orders.  A per-record detail endpoint was verified for this source; see the batch's detail-hops side-car. This collector fetches the list endpoint only.	no	pending-independent-probe
undp-projects-ml	https://api.open.undp.org/api/units/MLI.json	json:projects	144	UNDP Open Data projects - Mali		ml_aid	aid	fr	ml,aid,batch17,high-penetrancy,detail-hop	86400	UNDP Mali projects: id, title, per-project outputs with sector and SDG, geolocated sites and purchase orders.  A per-record detail endpoint was verified for this source; see the batch's detail-hops side-car. This collector fetches the list endpoint only.	no	pending-independent-probe
undp-projects-cd	https://api.open.undp.org/api/units/COD.json	json:projects	308	UNDP Open Data projects - DR Congo		cd_aid	aid	fr	cd,aid,batch17,high-penetrancy,detail-hop	86400	Largest of the set: 308 UNDP DR Congo projects with award id, title, outputs (sector, description, SDG, policy markers), geolocated subnational sites, purchase orders and documents.  A per-record detail endpoint was verified for this source; see the batch's detail-hops side-car. This collector fetches the list endpoint only.	no	pending-independent-probe
undp-projects-mg	https://api.open.undp.org/api/units/MDG.json	json:projects	133	UNDP Open Data projects - Madagascar		mg_aid	aid	fr	mg,aid,batch17,high-penetrancy,detail-hop	86400	UNDP Madagascar projects with award id, title, outputs, geolocated activity sites and purchase orders.  A per-record detail endpoint was verified for this source; see the batch's detail-hops side-car. This collector fetches the list endpoint only.	no	pending-independent-probe
undp-projects-mu	https://api.open.undp.org/api/units/MUS.json	json:projects	83	UNDP Open Data projects - Mauritius		mu_aid	aid	en	mu,aid,batch17,high-penetrancy,detail-hop	86400	UNDP Mauritius projects: id, title, outputs with sector/SDG, subnational locations and purchase orders.  A per-record detail endpoint was verified for this source; see the batch's detail-hops side-car. This collector fetches the list endpoint only.	no	pending-independent-probe
ihsn-microdata-ma	http://catalog.ihsn.org/index.php/api/catalog/search?format=json&country=Morocco&ps=50	json:result.rows	50	IHSN survey catalog - Morocco		ma_microdata	microdata	en	ma,microdata,batch17,high-penetrancy,detail-hop	86400	155 Moroccan survey and census datasets (e.g. 2014 General Census of Population and Housing) with idno, title, type, authoring entity, year and repository. Detail hop by idno returns the full study record: producers, sampling, coverage, data access terms and file list.  A per-record detail endpoint was verified for this source; see the batch's detail-hops side-car. This collector fetches the list endpoint only.	no	pending-independent-probe
ihsn-microdata-tn	http://catalog.ihsn.org/index.php/api/catalog/search?format=json&country=Tunisia&ps=50	json:result.rows	50	IHSN survey catalog - Tunisia		tn_microdata	microdata	en	tn,microdata,batch17,high-penetrancy,detail-hop	86400	Tunisian survey/census study records with idno, title, type, authoring entity and year; detail hop yields the full metadata record including producers and access conditions.  A per-record detail endpoint was verified for this source; see the batch's detail-hops side-car. This collector fetches the list endpoint only.	no	pending-independent-probe
ihsn-microdata-dz	http://catalog.ihsn.org/index.php/api/catalog/search?format=json&country=Algeria&ps=50	json:result.rows	50	IHSN survey catalog - Algeria		dz_microdata	microdata	fr	dz,microdata,batch17,high-penetrancy,detail-hop	86400	Algerian statistical studies including the 5eme Recensement General de la Population et de l'Habitat, with idno, title, type and year; full study metadata behind the idno detail hop.  A per-record detail endpoint was verified for this source; see the batch's detail-hops side-car. This collector fetches the list endpoint only.	no	pending-independent-probe
ihsn-microdata-eg	http://catalog.ihsn.org/index.php/api/catalog/search?format=json&country=Egypt&ps=50	json:result.rows	50	IHSN survey catalog - Egypt		eg_microdata	microdata	en	eg,microdata,batch17,high-penetrancy,detail-hop	86400	Egyptian survey and census study records with idno, title, authoring entity and year; detail hop returns full study documentation.  A per-record detail endpoint was verified for this source; see the batch's detail-hops side-car. This collector fetches the list endpoint only.	no	pending-independent-probe
ihsn-microdata-sn	http://catalog.ihsn.org/index.php/api/catalog/search?format=json&country=Senegal&ps=50	json:result.rows	50	IHSN survey catalog - Senegal		sn_microdata	microdata	fr	sn,microdata,batch17,high-penetrancy,detail-hop	86400	Senegalese studies (e.g. 'A l'ecoute du Senegal 2016') with idno, French title, type and year; detail hop gives producers, sampling and access terms.  A per-record detail endpoint was verified for this source; see the batch's detail-hops side-car. This collector fetches the list endpoint only.	no	pending-independent-probe
ihsn-microdata-ci	http://catalog.ihsn.org/index.php/api/catalog/search?format=json&country=Cote%20d%27Ivoire&ps=50	json:result.rows	50	IHSN survey catalog - Cote d'Ivoire		ci_microdata	microdata	fr	ci,microdata,batch17,high-penetrancy,detail-hop	86400	Ivorian survey/census study records with idno, title, type and year; full metadata behind the idno detail hop.  A per-record detail endpoint was verified for this source; see the batch's detail-hops side-car. This collector fetches the list endpoint only.	no	pending-independent-probe
ihsn-microdata-cm	http://catalog.ihsn.org/index.php/api/catalog/search?format=json&country=Cameroon&ps=50	json:result.rows	50	IHSN survey catalog - Cameroon		cm_microdata	microdata	en	cm,microdata,batch17,high-penetrancy,detail-hop	86400	Cameroonian studies with idno, title, authoring entity and year, including experimental and household surveys; detail hop returns full documentation.  A per-record detail endpoint was verified for this source; see the batch's detail-hops side-car. This collector fetches the list endpoint only.	no	pending-independent-probe
ihsn-microdata-bj	http://catalog.ihsn.org/index.php/api/catalog/search?format=json&country=Benin&ps=50	json:result.rows	50	IHSN survey catalog - Benin		bj_microdata	microdata	en	bj,microdata,batch17,high-penetrancy,detail-hop	86400	Beninese survey and census study records with idno, title, type and year; per-study metadata behind the idno detail hop.  A per-record detail endpoint was verified for this source; see the batch's detail-hops side-car. This collector fetches the list endpoint only.	no	pending-independent-probe
ihsn-microdata-bf	http://catalog.ihsn.org/index.php/api/catalog/search?format=json&country=Burkina%20Faso&ps=50	json:result.rows	50	IHSN survey catalog - Burkina Faso		bf_microdata	microdata	en	bf,microdata,batch17,high-penetrancy,detail-hop	86400	Burkinabe studies with idno, title, authoring entity and year; detail hop yields producers, sampling and file lists.  A per-record detail endpoint was verified for this source; see the batch's detail-hops side-car. This collector fetches the list endpoint only.	no	pending-independent-probe
ihsn-microdata-ml	http://catalog.ihsn.org/index.php/api/catalog/search?format=json&country=Mali&ps=50	json:result.rows	50	IHSN survey catalog - Mali		ml_microdata	microdata	en	ml,microdata,batch17,high-penetrancy,detail-hop	86400	Malian survey/census study records with idno, title, type and year; detail hop returns the full study record.  A per-record detail endpoint was verified for this source; see the batch's detail-hops side-car. This collector fetches the list endpoint only.	no	pending-independent-probe
ihsn-microdata-cd	http://catalog.ihsn.org/index.php/api/catalog/search?format=json&country=Congo&ps=50	json:result.rows	50	IHSN survey catalog - Congo (DRC region)		cd_microdata	microdata	en	cd,microdata,batch17,high-penetrancy,detail-hop	86400	Congo/DRC study records including the 15th General Population and Housing Census, with idno, title, type and year; full metadata behind the idno detail hop. NOTE: the 'Congo' filter also matches Republic of the Congo studies.  A per-record detail endpoint was verified for this source; see the batch's detail-hops side-car. This collector fetches the list endpoint only.	no	pending-independent-probe
ihsn-microdata-mg	http://catalog.ihsn.org/index.php/api/catalog/search?format=json&country=Madagascar&ps=50	json:result.rows	50	IHSN survey catalog - Madagascar		mg_microdata	microdata	en	mg,microdata,batch17,high-penetrancy,detail-hop	86400	Malagasy survey and census study records with idno, title, authoring entity and year; detail hop yields full documentation.  A per-record detail endpoint was verified for this source; see the batch's detail-hops side-car. This collector fetches the list endpoint only.	no	pending-independent-probe
ihsn-microdata-mu	http://catalog.ihsn.org/index.php/api/catalog/search?format=json&country=Mauritius&ps=50	json:result.rows	50	IHSN survey catalog - Mauritius		mu_microdata	microdata	en	mu,microdata,batch17,high-penetrancy,detail-hop	86400	Mauritian studies including the 1990 Housing and Population Census IPUMS subset, with idno, title, type and year; per-study metadata behind the idno detail hop.  A per-record detail endpoint was verified for this source; see the batch's detail-hops side-car. This collector fetches the list endpoint only.	no	pending-independent-probe
dhs-data-ma	https://api.dhsprogram.com/rest/dhs/data?countryIds=MA&f=json&perpage=100	json:Data	100	DHS Program indicator data - Morocco		ma_health	health	en	ma,health,batch17,high-penetrancy	43200	Demographic and Health Survey observations for Morocco: DataId, Indicator label, Value, Precision, country code and name, SurveyId and SurveyYear, characteristic/disaggregation and indicator type. Paginated (TotalPages in envelope).	no	pending-independent-probe
dhs-data-eg	https://api.dhsprogram.com/rest/dhs/data?countryIds=EG&f=json&perpage=100	json:Data	100	DHS Program indicator data - Egypt		eg_health	health	en	eg,health,batch17,high-penetrancy	43200	DHS observations for Egypt with DataId, Indicator label, Value, survey id and year, and disaggregation characteristics; 653 pages available.	no	pending-independent-probe
dhs-data-sn	https://api.dhsprogram.com/rest/dhs/data?countryIds=SN&f=json&perpage=100	json:Data	100	DHS Program indicator data - Senegal		sn_health	health	en	sn,health,batch17,high-penetrancy	43200	DHS observations for Senegal: indicator label, value, survey id and year, characteristic category. Senegal has a long continuous-DHS series.	no	pending-independent-probe
dhs-data-ci	https://api.dhsprogram.com/rest/dhs/data?countryIds=CI&f=json&perpage=100	json:Data	100	DHS Program indicator data - Cote d'Ivoire		ci_health	health	en	ci,health,batch17,high-penetrancy	43200	DHS observations for Cote d'Ivoire with indicator label, value, precision, survey id/year and disaggregation.	no	pending-independent-probe
dhs-data-cm	https://api.dhsprogram.com/rest/dhs/data?countryIds=CM&f=json&perpage=100	json:Data	100	DHS Program indicator data - Cameroon		cm_health	health	en	cm,health,batch17,high-penetrancy	43200	DHS observations for Cameroon: indicator label, value, survey id and year, characteristic category.	no	pending-independent-probe
dhs-data-bj	https://api.dhsprogram.com/rest/dhs/data?countryIds=BJ&f=json&perpage=100	json:Data	100	DHS Program indicator data - Benin		bj_health	health	en	bj,health,batch17,high-penetrancy	43200	DHS observations for Benin with indicator label, value, survey id/year and disaggregation characteristics.	no	pending-independent-probe
dhs-data-bf	https://api.dhsprogram.com/rest/dhs/data?countryIds=BF&f=json&perpage=100	json:Data	100	DHS Program indicator data - Burkina Faso		bf_health	health	en	bf,health,batch17,high-penetrancy	43200	DHS observations for Burkina Faso: indicator label, value, precision, survey id and year.	no	pending-independent-probe
dhs-data-ml	https://api.dhsprogram.com/rest/dhs/data?countryIds=ML&f=json&perpage=100	json:Data	100	DHS Program indicator data - Mali		ml_health	health	en	ml,health,batch17,high-penetrancy	43200	DHS observations for Mali with indicator label, value, survey id/year and characteristic breakdowns.	no	pending-independent-probe
dhs-data-cd	https://api.dhsprogram.com/rest/dhs/data?countryIds=CD&f=json&perpage=100	json:Data	100	DHS Program indicator data - DR Congo		cd_health	health	en	cd,health,batch17,high-penetrancy	43200	DHS observations for Congo Democratic Republic: indicator label, value, survey id and year, disaggregation category.	no	pending-independent-probe
dhs-data-mg	https://api.dhsprogram.com/rest/dhs/data?countryIds=MD&f=json&perpage=100	json:Data	100	DHS Program indicator data - Madagascar		mg_health	health	en	mg,health,batch17,high-penetrancy	43200	DHS observations for Madagascar (DHS country code MD, not ISO MG): indicator label, value, survey id and year.	no	pending-independent-probe
capmas-news	https://www.capmas.gov.eg:8080/api/News	json:data	3454	CAPMAS Egypt statistical releases and news		eg_statistics	statistics	ar	eg,statistics,batch17,high-penetrancy,detail-hop	86400	3,454 CAPMAS releases: id, Arabic title, brief, full HTML content, image, publishDate, isPdf and pdfUrl, publicationId, newsCategory, tags, plus a newsTranslation array carrying the English title/brief/content. Detail hop by numeric id returns the single record. The bulk list is ~9.6MB per fetch.  A per-record detail endpoint was verified for this source; see the batch's detail-hops side-car. This collector fetches the list endpoint only.	no	pending-independent-probe
capmas-related-website	https://www.capmas.gov.eg:8080/api/RelatedWebsite	json:data	100	CAPMAS Egypt related official websites		eg_government	government	ar	eg,government,batch17,high-penetrancy	86400	100 Egyptian official bodies with Arabic title, live URL, websiteTypeId classification and an English translation array - effectively a machine-readable directory of Egyptian government and public-sector web presences.	no	pending-independent-probe
capmas-country	https://www.capmas.gov.eg:8080/api/Country	json:data	243	CAPMAS Egypt country reference list		eg_statistics	statistics	ar	eg,statistics,batch17,high-penetrancy	86400	243 countries as used across CAPMAS trade and migration statistics: numeric id, Arabic name and countryTranslations with the English name and locale. The join key for Egyptian trade-partner data.	no	pending-independent-probe
capmas-governorate	https://www.capmas.gov.eg:8080/api/Governorate	json:data	27	CAPMAS Egypt governorates		eg_statistics	statistics	ar	eg,statistics,batch17,high-penetrancy	86400	All 27 Egyptian governorates with id, Arabic name, English translation, administrative code and area in km2 - the geographic key for every CAPMAS subnational series.	no	pending-independent-probe
capmas-regional-office	https://www.capmas.gov.eg:8080/api/RegionalOffice	json:data	37	CAPMAS Egypt regional offices		eg_government	government	ar	eg,government,batch17,high-penetrancy	86400	37 CAPMAS regional and central offices with Arabic name, governorate, street address, phone number, e-mail, and latitude/longitude - a geolocated directory of Egyptian statistical-agency premises with contact details.	no	pending-independent-probe
capmas-sector	https://www.capmas.gov.eg:8080/api/Sector	json:data	8	CAPMAS Egypt organisational sectors		eg_government	government	ar	eg,government,batch17,high-penetrancy	86400	The 8 internal sectors of CAPMAS (population statistics and census division, etc.) with Arabic title, HTML description of remit, English translation, and created/updated audit timestamps.	no	pending-independent-probe
capmas-head	https://www.capmas.gov.eg:8080/api/CapmasHead	json:data	7	CAPMAS Egypt agency heads (historical roster)		eg_government	government	ar	eg,government,batch17,high-penetrancy	86400	Named individuals who have led CAPMAS: full name with rank, portrait image path, startYear/endYear of tenure, isCurrent flag and an English translation array. A person-level record set behind an Egyptian state institution.	no	pending-independent-probe
capmas-history	https://www.capmas.gov.eg:8080/api/CapmasHistory	json:data	11	CAPMAS Egypt institutional history		eg_government	government	ar	eg,government,batch17,high-penetrancy	86400	11 dated milestones in the history of Egyptian official statistics with Arabic title, description, year and image, plus English translations.	no	pending-independent-probe
capmas-service-tool	https://www.capmas.gov.eg:8080/api/ServiceAndTool	json:data	12	CAPMAS Egypt data services and tools		eg_statistics	statistics	ar	eg,statistics,batch17,high-penetrancy	86400	12 CAPMAS data products/tools with title, short description, full HTML 'about' text, target link, isInternal/isNew flags and departmentId - a map of what Egyptian statistical data is published and where.	no	pending-independent-probe
capmas-selected-indicator	https://www.capmas.gov.eg:8080/api/SelectedIndicator	json:data	8	CAPMAS Egypt headline indicators		eg_statistics	statistics	ar	eg,statistics,batch17,high-penetrancy	86400	Egypt's current headline statistics as published by CAPMAS: indicator title (e.g. annual unemployment rate), unit, studyPeriod, numeric value and the linked publicationIndicatorId. Live macro figures, not a catalogue.	no	pending-independent-probe
capmas-subject	https://www.capmas.gov.eg:8080/api/Subject	json:data	5	CAPMAS Egypt statistical subject tree		eg_statistics	statistics	ar	eg,statistics,batch17,high-penetrancy	86400	5 top-level statistical domains each with a nested subSubjects array (13 under economic statistics alone), hasData flags and English translations - the taxonomy needed to address CAPMAS data queries.	no	pending-independent-probe
capmas-video-library	https://www.capmas.gov.eg:8080/api/VideoLibrary/VideoLibrary	json:data	4	CAPMAS Egypt media library		eg_statistics	statistics	ar	eg,statistics,batch17,high-penetrancy	86400	CAPMAS video items with title, description, publishing date, media URL and category id; envelope also carries a page object with totalCount.	no	pending-independent-probe
ansd-appel-offre	https://www.ansd.sn/jsonapi/node/appel_d_offre	json:data	8	ANSD Senegal tender notices (JSON:API)		sn_procurement	procurement	fr	sn,procurement,batch17,high-penetrancy,detail-hop	21600	Senegal's national statistics agency tender notices as Drupal JSON:API nodes: uuid, attributes.title carrying the full reference (e.g. '03/2021/AON/ANSD/EHCVM - AVIS D'APPEL D'OFFRES'), body, created/changed dates, path alias and file relationships. Detail hop returns the single node with all fields and attachment relationships.  A per-record detail endpoint was verified for this source; see the batch's detail-hops side-car. This collector fetches the list endpoint only.	no	pending-independent-probe
ansd-actualite	https://www.ansd.sn/jsonapi/node/actualite	json:data	47	ANSD Senegal news items (JSON:API)		sn_statistics	statistics	fr	sn,statistics,batch17,high-penetrancy,detail-hop	86400	47 ANSD news nodes with uuid, French title (e.g. 'Financement du RGPH5 : les bailleurs s'engagent'), body HTML, publication and change timestamps, and image relationships. Detail hop returns the full node.  A per-record detail endpoint was verified for this source; see the batch's detail-hops side-car. This collector fetches the list endpoint only.	no	pending-independent-probe
ansd-lois-reglements	https://www.ansd.sn/jsonapi/node/lois_et_reglements	json:data	28	ANSD Senegal laws and regulations (JSON:API)		sn_legal	legal	fr	sn,legal,batch17,high-penetrancy,detail-hop	43200	28 Senegalese statistical-system legal instruments (laws, decrees, national strategies such as the Strategie Nationale de Developpement de la Statistique) with uuid, title, body, dates and attached document files. Detail hop returns the node plus file relationships.  A per-record detail endpoint was verified for this source; see the batch's detail-hops side-car. This collector fetches the list endpoint only.	no	pending-independent-probe
ansd-enquete-etude	https://www.ansd.sn/jsonapi/node/enquete_et_etude	json:data	46	ANSD Senegal surveys and studies (JSON:API)		sn_microdata	microdata	fr	sn,microdata,batch17,high-penetrancy,detail-hop	86400	46 ANSD survey/study nodes (e.g. 'Enquete harmonisee sur les Conditions de Vie des Menages') with uuid, title, description, dates and a field_lien_acces_donnees link object pointing at the microdata access page. Detail hop returns the node.  A per-record detail endpoint was verified for this source; see the batch's detail-hops side-car. This collector fetches the list endpoint only.	no	pending-independent-probe
ansd-indicateur-economique	https://www.ansd.sn/jsonapi/node/indicateur_economique	json:data	4	ANSD Senegal economic indicators (JSON:API)		sn_statistics	statistics	fr	sn,statistics,batch17,high-penetrancy,detail-hop	86400	Senegalese headline economic indicator nodes (e.g. 'PIB (trimestriel) a prix constant CVS') with uuid, title and an embedded field_don chart configuration carrying the actual series data collector tables. Detail hop returns the node with the full series payload.  A per-record detail endpoint was verified for this source; see the batch's detail-hops side-car. This collector fetches the list endpoint only.	no	pending-independent-probe
ansd-situation-eco-sociale	https://www.ansd.sn/jsonapi/node/situation_economique_et_social	json:data	50	ANSD Senegal economic and social situation reports (JSON:API)		sn_statistics	statistics	fr	sn,statistics,batch17,high-penetrancy	86400	50 chapters of Senegal's annual Situation Economique et Sociale with uuid, title, body and attached PDF relationships - the standing reference series on the Senegalese economy.	no	pending-independent-probe
ansd-flash-stat	https://www.ansd.sn/jsonapi/node/flash_stat	json:data	50	ANSD Senegal statistical flash bulletins (JSON:API)		sn_statistics	statistics	fr	sn,statistics,batch17,high-penetrancy	86400	50 monthly flash bulletins with uuid and dated titles carrying the headline result itself (e.g. 'Legere hausse du niveau general des prix - novembre'), body text and attached PDFs. The fastest-moving ANSD series.	no	pending-independent-probe
ansd-lois-rapport-activite	https://www.ansd.sn/jsonapi/node/rapport_d_activite_ansd	json:data	19	ANSD Senegal annual activity reports (JSON:API)		sn_government	government	fr	sn,government,batch17,high-penetrancy	86400	19 ANSD annual activity reports (through 'Rapport annuel d'activite 2025') with uuid, title, publication dates and attached report files.	no	pending-independent-probe
ansd-rapport-recensement	https://www.ansd.sn/jsonapi/node/rapport_recensement	json:data	5	ANSD Senegal census reports (JSON:API)		sn_statistics	statistics	fr	sn,statistics,batch17,high-penetrancy	86400	Senegalese population census report nodes (RGP76 onwards) with uuid, title, description and attached census volumes.	no	pending-independent-probe
ansd-ressource	https://www.ansd.sn/jsonapi/node/ressource	json:data	5	ANSD Senegal methodological resources (JSON:API)		sn_statistics	statistics	fr	sn,statistics,batch17,high-penetrancy	86400	ANSD methodological guides (e.g. 'Guide Pratique de Projections Demographiques') with uuid, title, body and attached documents.	no	pending-independent-probe
ansd-evenements	https://www.ansd.sn/jsonapi/node/evenements	json:data	5	ANSD Senegal events (JSON:API)		sn_statistics	statistics	fr	sn,statistics,batch17,high-penetrancy	86400	ANSD event nodes (e.g. 'Lancement cartographie pilote du RGPH-5') with uuid, title, event dates and body - useful for tracking the Senegalese census operation calendar.	no	pending-independent-probe
ansd-concours-formations	https://www.ansd.sn/jsonapi/node/concours_et_formations	json:data	3	ANSD Senegal recruitment competitions (JSON:API)		sn_government	government	fr	sn,government,batch17,high-penetrancy	86400	Public recruitment/competition notices issued by ANSD (e.g. 'Avis de concours pour le recrutement d'eleves Ingenieurs') with uuid, title, body and deadline dates.	no	pending-independent-probe
ansd-procedures	https://www.ansd.sn/jsonapi/node/procedures	json:data	7	ANSD Senegal administrative procedures (JSON:API)		sn_government	government	fr	sn,government,batch17,high-penetrancy	86400	7 procedure nodes describing how to obtain ANSD services/certifications (e.g. 'Profession liberal') with uuid, title and step-by-step body text.	no	pending-independent-probe
ansd-statistique-theme	https://www.ansd.sn/jsonapi/node/statistique_theme	json:data	1	ANSD Senegal statistical theme tree (JSON:API)		sn_statistics	statistics	fr	sn,statistics,batch17,high-penetrancy	86400	The ANSD themes/sub-themes definition node with uuid, title and the embedded taxonomy used to address every other Senegalese statistical series. Small but it is the join key for the rest.	no	pending-independent-probe
ansd-nada-microdata	http://anads.ansd.sn/index.php/api/catalog/search?format=json&ps=50	json:result.rows	50	ANADS - ANSD Senegal microdata catalog (NADA)		sn_microdata	microdata	fr	sn,microdata,batch17,high-penetrancy,detail-hop	86400	Senegal's national microdata archive, 286 studies total: numeric id, idno, type, title, year and repository. Detail hop by IDNO (not the numeric id - /catalog/181 returns IDNO-NOT-FOUND) returns the full study record with producers, sampling, geographic coverage, access policy and data file inventory.  A per-record detail endpoint was verified for this source; see the batch's detail-hops side-car. This collector fetches the list endpoint only.	no	pending-independent-probe
brvm-rss	https://www.brvm.org/fr/rss.xml	rss	10	BRVM regional stock exchange announcements		ci_markets	markets	fr	ci,markets,batch17,high-penetrancy	86400	Bourse Regionale des Valeurs Mobilieres (the shared exchange for the 8 UEMOA states: CI, SN, BF, BJ, ML, NE, TG, GW) news feed - listing admissions and bond issues by named issuers (e.g. SENELEC obligations liees au developpement durable), notices and dated links back to the full announcement.	no	pending-independent-probe
insd-burkina-rss	https://www.insd.bf/rss.xml	rss	10	INSD Burkina Faso statistics institute feed		bf_statistics	statistics	fr	bf,statistics,batch17,high-penetrancy	86400	Burkina Faso national statistics institute Drupal feed: publications, and notably named recruitment result lists by province ('LISTE DES CANDIDATS ADMIS POUR LE COMPTE DU ZIRO/SANGUIE'), each with title, link, description and pubDate.	no	pending-independent-probe
ins-cameroun-rss	https://ins-cameroun.cm/feed/	rss	10	INS Cameroun statistics institute feed		cm_statistics	statistics	fr	cm,statistics,batch17,high-penetrancy	86400	Cameroon national statistics institute feed with report and survey announcements (e.g. 'CAMEROON JOINT MONITORING REPORT/RAPPORT DE SUIVI CONJOINT DU CAMEROUN') carrying title, link, dc:creator, pubDate and full content:encoded body.	no	pending-independent-probe
ohada-rss	https://www.ohada.org/feed/	rss	10	OHADA organisation announcements		int_legal	legal	fr	int,legal,batch17,high-penetrancy	43200	Official feed of OHADA, the 17-state African business-law harmonisation organisation whose Uniform Acts govern company law, security interests and insolvency across francophone Africa. Items carry title (e.g. 'L'Echo de l'OHADA N°001 avril-juin 2026'), link, author, pubDate and full content.	no	pending-independent-probe
hcp-maroc-atom	https://www.hcp.ma/xml/atom.xml	atom	5	HCP Morocco - Haut-Commissariat au Plan releases		ma_statistics	statistics	fr	ma,statistics,batch17,high-penetrancy	86400	Morocco's national statistics office release feed - the only machine-readable HCP endpoint I could find. Entries are the actual headline statistical publications ('Situation du marche du travail au Maroc au deuxieme trimestre', 'Principaux indicateurs trimestriels retropoles provisoires du marche du travail') with title, link, updated date and summary.	no	pending-independent-probe
ons-algerie-rss	https://www.ons.dz/spip.php?page=backend	rss	10	ONS Algeria - Office National des Statistiques feed		dz_statistics	statistics	fr	dz,statistics,batch17,high-penetrancy	86400	Algeria's national statistics office SPIP backend feed - the only open machine-readable Algerian government source I could verify. Items include the consumer price index bulletin for Algiers and public consultations (e.g. 'Consultation relative au renouvellement des licences'), each with title, link, description and dc:date.	no	pending-independent-probe
mauritius-accident-prone-areas	https://data.govmu.org/api/3/action/datastore_search?resource_id=3e12e27b-71c5-47b6-8585-f498e82d32cc&limit=100	json:result.records	48	Mauritius open data - accident-prone road segments		mu_government	government	en	mu,government,batch17,high-penetrancy	86400	48 officially designated accident-prone road segments in Mauritius, each with _id, a named road descriptor ('M1: Belle Village up to Caudan') and the_geom as a MULTILINESTRING of WGS84 coordinates. The only resource on data.govmu.org whose datastore records carry a real label - the rest are raw spreadsheet dumps with 'Back to Table of Contents' headers.	no	pending-independent-probe
br-pncp-contratos	https://pncp.gov.br/api/consulta/v1/contratos?dataInicial=20250101&dataFinal=20250110&pagina=1&tamanhoPagina=10	json:data	10	PNCP - contratos publicados (federal/estadual/municipal)		br_procurement	procurement	pt	br,procurement,batch17,high-penetrancy	21600	Every public contract signed in Brazil in the window: supplier legal name and CNPJ (niFornecedor), contracting body CNPJ+razaoSocial, unit name/municipality/IBGE code, contract object text, signature date, validity start/end, process number, parliamentary amendment flag. numeroControlePNCP is the stable key into the contract detail hop.	no	pending-independent-probe
br-pncp-contratacoes-publicacao	https://pncp.gov.br/api/consulta/v1/contratacoes/publicacao?dataInicial=20250101&dataFinal=20250110&codigoModalidadeContratacao=6&pagina=1&tamanhoPagina=10	json:data	10	PNCP - contratacoes (licitacoes) por data de publicacao		br_procurement	procurement	pt	br,procurement,batch17,high-penetrancy	21600	Tender notices: buying body CNPJ and razaoSocial, unit/municipality/UF/IBGE code, object of purchase, legal basis (amparoLegal), modality, dispute mode, estimated and homologated value, proposal open/close timestamps, process number, numeroControlePNCP.	no	pending-independent-probe
br-pncp-atas	https://pncp.gov.br/api/consulta/v1/atas?dataInicial=20250101&dataFinal=20250105&pagina=1&tamanhoPagina=10	json:data	10	PNCP - atas de registro de preco		br_procurement	procurement	pt	br,procurement,batch17,high-penetrancy	21600	Price-registration agreements: object text, agreement number and year, buying body CNPJ, signature date, validity window, cancellation flag and date, the system operator that published it, and the numeroControlePNCPCompra linking back to the originating tender.	no	pending-independent-probe
br-pncp-compra-detalhe	https://pncp.gov.br/api/consulta/v1/orgaos/08084014000142/compras/2024/57	json-object	1	PNCP - detalhe da contratacao por orgao/ano/sequencial		br_procurement	procurement	pt	br,procurement,batch17,high-penetrancy	21600	Second hop behind a tender row: full record for one contratacao - estimated vs homologated value, secrecy code, modality and dispute mode, legal basis text, buying body CNPJ/razaoSocial, unit, sub-rogated body, links to the origin system and the electronic process.	no	pending-independent-probe
br-pncp-compra-itens	https://pncp.gov.br/api/pncp/v1/orgaos/08084014000142/compras/2024/57/itens	json-array	5	PNCP - itens de uma contratacao		br_procurement	procurement	pt	br,procurement,batch17,high-penetrancy	21600	Line items behind a tender: full item description, material-or-service flag, unit and total estimated value, quantity, unit of measure, judging criterion, benefit type (ME/EPP preference), item status, and inclusion/update timestamps. This is where over-pricing shows up.	no	pending-independent-probe
br-pncp-compra-arquivos	https://pncp.gov.br/api/pncp/v1/orgaos/08084014000142/compras/2024/57/arquivos	json-array	4	PNCP - documentos anexos de uma contratacao		br_procurement	procurement	pt	br,procurement,batch17,high-penetrancy	21600	The actual documents behind a tender - edital, ETP (preliminary technical study), termo de referencia - each with title, document type, publication timestamp and a direct download URL. Auto-labels correctly ('titulo' is in K_TITLE).	no	pending-independent-probe
br-pncp-contrato-detalhe	https://pncp.gov.br/api/pncp/v1/orgaos/00394460005887/contratos/2024/7096	json-object	1	PNCP - detalhe do contrato por orgao/ano/sequencial		br_procurement	procurement	pt	br,procurement,batch17,high-penetrancy	21600	Full contract record: supplier name and CNPJ, sub-contracted party fields, contracting body, contract/empenho number, category, signature date, validity window, retification count, and the involved-party/unit structure.	no	pending-independent-probe
br-pncp-contrato-arquivos	https://pncp.gov.br/api/pncp/v1/orgaos/00394460005887/contratos/2024/7096/arquivos	json-array	1	PNCP - documentos anexos de um contrato		br_procurement	procurement	pt	br,procurement,batch17,high-penetrancy	21600	Signed contract PDFs attached to a PNCP contract: title, document type, publication timestamp, and a direct download URL.	no	pending-independent-probe
br-tcu-inabilitados	https://contas.tcu.gov.br/ords/condenacao/consulta/inabilitados	json:items	25	TCU - responsaveis inabilitados para funcao publica		br_sanctions	sanctions	pt	br,sanctions,batch17,high-penetrancy	86400	Named individuals barred by the federal audit court from holding public office: full name, CPF, TCU process number, the deliberation (acordao) that imposed it, date of final judgment, expiry date of the bar, and UF/municipality. Auto-labels on 'nome'.	no	pending-independent-probe
br-tcu-inidoneos	https://contas.tcu.gov.br/ords/condenacao/consulta/inidoneos	json:items	25	TCU - licitantes declarados inidoneos		br_sanctions	sanctions	pt	br,sanctions,batch17,high-penetrancy	86400	Companies and people declared unfit to bid for federal contracts: legal name, CPF or CNPJ, TCU process number, acordao reference, date of final judgment, debarment expiry date, UF. The keyless counterpart to CEIS/CNEP. Auto-labels on 'nome'.	no	pending-independent-probe
br-minhareceita-cnpj	https://minhareceita.org/19131243000197	json-object	1	Minha Receita - CNPJ completo com quadro societario		br_company-registry	company-registry	pt	br,company-registry,batch17,high-penetrancy,detail-hop	86400	Full Receita Federal record for a CNPJ: razao_social, nome_fantasia, legal nature, size, share capital, registration status and date, CNAE, full address, phone, email - and qsa[], the named partners/officers with their qualification (Presidente, Socio-Administrador...), entry date, age band and masked CPF, plus legal representatives.  A per-record detail endpoint was verified for this source; see the batch's detail-hops side-car. This collector fetches the list endpoint only.	no	pending-independent-probe
br-cnpjws-publica	https://publica.cnpj.ws/cnpj/19131243000197	json-object	1	CNPJ.ws publica - empresa, socios e estabelecimentos		br_company-registry	company-registry	pt	br,company-registry,batch17,high-penetrancy,detail-hop	86400	Second independent CNPJ source: razao_social, capital social, legal nature with code, responsible-party qualification, last-update timestamp, and socios[] with masked CPF/CNPJ, name, person type, entry date, age band, qualification object and country - plus the estabelecimento block (address, CNAE, status).  A per-record detail endpoint was verified for this source; see the batch's detail-hops side-car. This collector fetches the list endpoint only.	no	pending-independent-probe
br-cnpja-open-office	https://open.cnpja.com/office/19131243000197	json-object	1	CNPJa Open - office/company with members and roles		br_company-registry	company-registry	pt	br,company-registry,batch17,high-penetrancy,detail-hop	86400	Third CNPJ source, English-keyed and the cleanest to parse: taxId, alias, founded date, head-office flag, status, and company.members[] each with person.id (a stable UUID), person.name, masked taxId, age band, country and role text - plus Simples/SIMEI opt-in history.  A per-record detail endpoint was verified for this source; see the batch's detail-hops side-car. This collector fetches the list endpoint only.	no	pending-independent-probe
br-ipea-metadados	https://www.ipeadata.gov.br/api/odata4/Metadados	json:value	8000	IPEAData OData - metadados das series		br_statistics	statistics	pt	br,statistics,batch17,high-penetrancy,detail-hop	86400	Catalogue of every IPEA economic/social series: SERCODIGO (the key into the values hop), SERNOME, a long methodological comment, source, unit, frequency, territorial level and status. 7.4MB, thousands of series, and each row opens a real time-series detail endpoint.  A per-record detail endpoint was verified for this source; see the batch's detail-hops side-car. This collector fetches the list endpoint only.	no	pending-independent-probe
br-ipea-valores	https://www.ipeadata.gov.br/api/odata4/Metadados('ABATE_ABPEAV')/Valores	json:value	68	IPEAData OData - valores de uma serie		br_statistics	statistics	pt	br,statistics,batch17,high-penetrancy	86400	The observations behind one IPEA series: SERCODIGO, VALDATA, VALVALOR, and the territorial level/code (NIVNOME, TERCODIGO) the observation belongs to.	no	pending-independent-probe
br-ipea-territorios	https://www.ipeadata.gov.br/api/odata4/Territorios?$top=5	json:value	5	IPEAData OData - territorios		br_statistics	statistics	pt	br,statistics,batch17,high-penetrancy	86400	IPEA territorial dictionary: TERCODIGO, TERNOME, standardised name, capital flag, area in km2, territorial level and the minimum-comparable-area flag. Used to resolve the TERCODIGO carried on every series value.	no	pending-independent-probe
br-ipea-paises	https://www.ipeadata.gov.br/api/odata4/Paises	json:value	2	IPEAData OData - paises		br_statistics	statistics	pt	br,statistics,batch17,high-penetrancy	86400	Country dictionary used by IPEA international series: PAICODIGO (ISO3) and PAINOME.	no	pending-independent-probe
br-ipea-temas	https://www.ipeadata.gov.br/api/odata4/Temas	json:value	66	IPEAData OData - temas		br_statistics	statistics	pt	br,statistics,batch17,high-penetrancy	86400	Full theme tree for IPEA series: TEMCODIGO, parent theme TEMCODIGO_PAI and TEMNOME - 66 themes from Agropecuaria to Seguranca publica, giving the taxonomy for the 8k-series catalogue.	no	pending-independent-probe
br-datasus-cnes-estabelecimentos	https://apidadosabertos.saude.gov.br/cnes/estabelecimentos?limit=20	json:estabelecimentos	20	DATASUS/DEMAS - CNES estabelecimentos de saude		br_health-facilities	health-facilities	pt	br,health-facilities,batch17,high-penetrancy,detail-hop	86400	Every registered health establishment in Brazil: CNES code, CNPJ, nome_razao_social and nome_fantasia, management type, administrative sphere, unit type, full address with CEP, phone, e-mail, decimal lat/lon, municipality and UF codes, legal nature, and boolean capability flags (surgical centre, obstetric centre, hospital care, support services). Supports ?codigo_municipio= filtering.  A per-record detail endpoint was verified for this source; see the batch's detail-hops side-car. This collector fetches the list endpoint only.	no	pending-independent-probe
br-datasus-cnes-estabelecimento-detalhe	https://apidadosabertos.saude.gov.br/cnes/estabelecimentos/9629866	json-object	1	DATASUS/DEMAS - CNES estabelecimento por codigo		br_health-facilities	health-facilities	pt	br,health-facilities,batch17,high-penetrancy	86400	Per-facility detail hop behind the CNES list: the same establishment record resolved by CNES code, including contact e-mail, coordinates, ownership/legal-nature code and de-registration reason code.	no	pending-independent-probe
br-camara-deputado-detalhe	https://dadosabertos.camara.leg.br/api/v2/deputados/204554	json:dados	1	Camara dos Deputados - ficha do deputado		br_legislature	legislature	pt	br,legislature,batch17,high-penetrancy,detail-hop	86400	Detail hop behind the (already-collected) deputy list: civil name, electoral name, party and UF, legislature, photo URL, e-mail, office (gabinete) building/room/phone, CPF-adjacent biographical fields, birth date and birthplace.  A per-record detail endpoint was verified for this source; see the batch's detail-hops side-car. This collector fetches the list endpoint only.	no	pending-independent-probe
br-camara-deputado-frentes	https://dadosabertos.camara.leg.br/api/v2/deputados/204554/frentes	json:dados	227	Camara - frentes parlamentares de um deputado		br_legislature	legislature	pt	br,legislature,batch17,high-penetrancy	86400	Every parliamentary front (lobby caucus) a deputy belongs to - 227 for a single member - with front id, title and legislature. The cleanest keyless map of Brazilian legislative interest groups. Auto-labels on 'titulo'.	no	pending-independent-probe
br-camara-deputado-profissoes	https://dadosabertos.camara.leg.br/api/v2/deputados/204554/profissoes	json:dados	1	Camara - profissoes declaradas de um deputado		br_legislature	legislature	pt	br,legislature,batch17,high-penetrancy	86400	Self-declared professions of a deputy with the declaration timestamp and profession type code. Auto-labels on 'titulo'.	no	pending-independent-probe
br-camara-deputado-historico	https://dadosabertos.camara.leg.br/api/v2/deputados/74057/historico	json:dados	14	Camara - historico de status de um deputado		br_legislature	legislature	pt	br,legislature,batch17,high-penetrancy	86400	Party-switching and mandate history: one row per change with name, electoral name, party at that moment, UF, legislature number, timestamp, situation (Exercicio/Licenca/Vacancia), electoral condition (Titular/Suplente) and a prose description of what changed. Auto-labels on 'nome'.	no	pending-independent-probe
br-camara-proposicao-detalhe	https://dadosabertos.camara.leg.br/api/v2/proposicoes/2390524	json:dados	1	Camara - detalhe de uma proposicao		br_legislature	legislature	pt	br,legislature,batch17,high-penetrancy,detail-hop	86400	Detail hop behind the proposition list: type/number/year, full ementa, presentation timestamp, and the statusProposicao block - current organ, last rapporteur URI, regime, tramitation description, situation, despacho text, scope and appreciation type.  A per-record detail endpoint was verified for this source; see the batch's detail-hops side-car. This collector fetches the list endpoint only.	no	pending-independent-probe
br-camara-proposicao-autores	https://dadosabertos.camara.leg.br/api/v2/proposicoes/2390524/autores	json:dados	1	Camara - autores de uma proposicao		br_legislature	legislature	pt	br,legislature,batch17,high-penetrancy	86400	Who actually filed a bill: author name, a deputy URI that resolves to the full member record, author type (Deputado/Orgao/Senador), signature order and a proponent flag. Auto-labels on 'nome'.	no	pending-independent-probe
br-camara-proposicao-tramitacoes	https://dadosabertos.camara.leg.br/api/v2/proposicoes/2390524/tramitacoes	json:dados	3	Camara - tramitacoes de uma proposicao		br_legislature	legislature	pt	br,legislature,batch17,high-penetrancy	86400	Docket entries behind a bill: timestamp, sequence number, acting organ (sigla + URI), rapporteur URI, regime, tramitation type and code, situation and code, and the full despacho text of each procedural act.	no	pending-independent-probe
br-camara-orgao-membros	https://dadosabertos.camara.leg.br/api/v2/orgaos/2007/membros	json:dados	15	Camara - membros de um orgao/comissao		br_legislature	legislature	pt	br,legislature,batch17,high-penetrancy	86400	Who sits on a committee: deputy id and URI, name, party, UF, legislature, e-mail, photo, plus the role held (titulo/codTitulo - Presidente, Vice) with start and end dates. Officer-behind-the-body hop. Auto-labels on 'nome'.	no	pending-independent-probe
br-camara-orgao-eventos	https://dadosabertos.camara.leg.br/api/v2/orgaos/2007/eventos	json:dados	3	Camara - eventos de um orgao/comissao		br_legislature	legislature	pt	br,legislature,batch17,high-penetrancy	86400	Sittings held by a committee: event id, start/end timestamps, situation, event type, agenda description, the organs involved (with sigla, full name, type), physical room, and the YouTube recording URL.	no	pending-independent-probe
br-camara-partido-membros	https://dadosabertos.camara.leg.br/api/v2/partidos/36898/membros	json:dados	11	Camara - membros de um partido		br_legislature	legislature	pt	br,legislature,batch17,high-penetrancy	86400	Current bench of a party: deputy id and URI, name, party sigla, UF, legislature, photo URL and institutional e-mail. Auto-labels on 'nome'.	no	pending-independent-probe
br-camara-evento-deputados	https://dadosabertos.camara.leg.br/api/v2/eventos/64463/deputados	json:dados	17	Camara - deputados presentes num evento		br_legislature	legislature	pt	br,legislature,batch17,high-penetrancy	86400	Attendance list for a specific sitting: each deputy's id, URI, name, party, UF, legislature, photo and e-mail - i.e. who was in the room. Auto-labels on 'nome'.	no	pending-independent-probe
br-camara-grupo-membros	https://dadosabertos.camara.leg.br/api/v2/grupos/9/membros	json:dados	1	Camara - membros de um grupo parlamentar de amizade		br_legislature	legislature	pt	br,legislature,batch17,high-penetrancy	86400	Bilateral friendship group (e.g. Brasil/Armenia) with its id and name, carrying a membros[] array of 33 deputies each with name, deputy URI, role (Presidente, 1o Vice-Presidente), legislature and start/end dates. Set array_path 'dados' - auto-detection would otherwise pick the inner membros array.	no	pending-independent-probe
br-senado-processo-lista	https://legis.senado.leg.br/dadosabertos/processo?ano=2026&sigla=PEC	json-array	10	Senado Federal - processos legislativos (API nova)		br_legislature	legislature	pt	br,legislature,batch17,high-penetrancy,detail-hop	86400	The replacement Senate API (the old materia/pesquisa service is deprecated). Flat top-level array: id, codigoMateria, identificacao (e.g. 'PL 1/2025'), full ementa, the complete authorship string naming every co-signing senator with party and state, presentation/deliberation/situation dates, current situation, deliberation outcome and the resulting law number. Has both 'id' and 'ementa'.  A per-record detail endpoint was verified for this source; see the batch's detail-hops side-car. This collector fetches the list endpoint only.	no	pending-independent-probe
br-senado-processo-detalhe	https://legis.senado.leg.br/dadosabertos/processo/8821504	json-object	1	Senado Federal - detalhe de um processo		br_legislature	legislature	pt	br,legislature,batch17,high-penetrancy	86400	23kB detail hop behind each Senate process: identification, type, the conteudo block (norm type, ementa, indicated norm), the documento block (document id, type, text URLs) and the full tramitation/authorship structure.	no	pending-independent-probe
br-bcb-olinda-expectativas	https://olinda.bcb.gov.br/olinda/servico/Expectativas/versao/v1/odata/ExpectativaMercadoMensais?$top=100&$format=json	json:value	100	Banco Central - expectativas de mercado (Focus) mensais		br_economy	economy	pt	br,economy,batch17,high-penetrancy	86400	Focus survey: per indicator (IPCA, Cambio, Selic, PIB) and reference month - mean, median, standard deviation, min, max, number of responding institutions and the calculation basis. Note 'Indicador' and 'Data' do not match the auto key lists, so title_keys must be set explicitly.	no	pending-independent-probe
br-bcb-olinda-taxajuros	https://olinda.bcb.gov.br/olinda/servico/taxaJuros/versao/v2/odata/TaxasJurosDiariaPorInicioPeriodo?$top=3&$format=json	json:value	3	Banco Central - taxas de juros por instituicao financeira		br_finance	finance	pt	br,finance,batch17,high-penetrancy	86400	Ranked interest rates charged by each named Brazilian bank: period start/end, segment (PF/PJ), credit modality, ranking position, the institution's name, monthly and annual rate, and the first 8 digits of its CNPJ - which joins straight into the CNPJ sources above.	no	pending-independent-probe
br-ibge-municipio-detalhe	https://servicodados.ibge.gov.br/api/v1/localidades/municipios/3550308	json-object	1	IBGE Localidades - municipio por codigo		br_geography	geography	pt	br,geography,batch17,high-penetrancy,detail-hop	86400	Per-municipality detail hop (the list endpoint is already in the tree): IBGE code and name plus the full nested hierarchy - microrregiao, mesorregiao, UF with sigla, macro-region, and the immediate/intermediate region codes. Resolves the codigoIbge carried on every PNCP tender.  A per-record detail endpoint was verified for this source; see the batch's detail-hops side-car. This collector fetches the list endpoint only.	no	pending-independent-probe
br-ibge-municipio-distritos	https://servicodados.ibge.gov.br/api/v1/localidades/municipios/3550308/distritos	json-array	96	IBGE Localidades - distritos de um municipio		br_geography	geography	pt	br,geography,batch17,high-penetrancy	86400	Sub-municipal districts behind a municipality - 96 for Sao Paulo - each with district id, name and the full municipio/microrregiao/mesorregiao/UF chain. Auto-labels on 'nome'.	no	pending-independent-probe
br-ibge-censo-nomes	https://servicodados.ibge.gov.br/api/v2/censos/nomes/silva	json-array	1	IBGE Censo - frequencia de um nome/sobrenome		br_demographics	demographics	pt	br,demographics,batch17,high-penetrancy,detail-hop	86400	Census frequency of any given name or surname, broken down by birth decade (res[] with periodo and frequencia) and optionally by sex and locality. Useful for scoring how distinctive a Brazilian name is in identity work. Auto-labels on 'nome'.  A per-record detail endpoint was verified for this source; see the batch's detail-hops side-car. This collector fetches the list endpoint only.	no	pending-independent-probe
ar-georef-provincias	https://apis.datos.gob.ar/georef/api/provincias	json:provincias	24	Georef Argentina - provincias		ar_geography	geography	es	ar,geography,batch17,high-penetrancy	86400	All 24 Argentine provinces with INDEC id, nombre and centroid lat/lon. Root of the georef normalisation chain that every other Argentine dataset's location codes resolve against. Auto-labels on 'nombre'.	no	pending-independent-probe
ar-georef-departamentos	https://apis.datos.gob.ar/georef/api/departamentos?max=3	json:departamentos	3	Georef Argentina - departamentos		ar_geography	geography	es	ar,geography,batch17,high-penetrancy,detail-hop	86400	529 departments with id, nombre, centroid and parent province (id + nombre). The ?id= detail hop was probed with a real id (06014) and returned the single matching record. Auto-labels on 'nombre'.  A per-record detail endpoint was verified for this source; see the batch's detail-hops side-car. This collector fetches the list endpoint only.	no	pending-independent-probe
ar-georef-municipios	https://apis.datos.gob.ar/georef/api/municipios?provincia=06&max=5	json:municipios	5	Georef Argentina - municipios		ar_geography	geography	es	ar,geography,batch17,high-penetrancy	86400	Municipalities with id, nombre, centroid lat/lon and parent province. Also supports ?nombre= free-text search (verified with 'rosario', 9 hits). Auto-labels on 'nombre'.	no	pending-independent-probe
ar-georef-localidades	https://apis.datos.gob.ar/georef/api/localidades?provincia=06&max=3	json:localidades	3	Georef Argentina - localidades		ar_geography	geography	es	ar,geography,batch17,high-penetrancy	86400	Settlements with id, nombre, category, centroid, and the full parent chain - departamento, municipio, localidad_censal and provincia, each as id+nombre. Auto-labels on 'nombre'.	no	pending-independent-probe
ar-georef-localidades-censales	https://apis.datos.gob.ar/georef/api/localidades-censales?max=3	json:localidades_censales	3	Georef Argentina - localidades censales		ar_geography	geography	es	ar,geography,batch17,high-penetrancy	86400	Census localities (the unit INDEC publishes population against): id, nombre, category (Localidad simple/compuesta), urban/rural function, centroid and parent departamento/municipio/provincia. Note the JSON key uses an underscore: localidades_censales.	no	pending-independent-probe
ar-georef-asentamientos	https://apis.datos.gob.ar/georef/api/asentamientos?max=3	json:asentamientos	3	Georef Argentina - asentamientos		ar_geography	geography	es	ar,geography,batch17,high-penetrancy	86400	Named settlements/hamlets below the locality level: id, nombre, category, centroid and the departamento/municipio/localidad_censal/provincia chain. Auto-labels on 'nombre'.	no	pending-independent-probe
ar-georef-calles	https://apis.datos.gob.ar/georef/api/calles?provincia=02&max=3	json:calles	3	Georef Argentina - calles		ar_geography	geography	es	ar,geography,batch17,high-penetrancy	86400	Street-level gazetteer: street id, nombre, category (CALLE/AVENIDA), the full nomenclatura string, house-number ranges per side (altura.inicio/fin, derecha/izquierda) and the parent departamento/localidad_censal/provincia. This is what turns a free-text Argentine address into a normalised one.	no	pending-independent-probe
ar-bcra-monetarias	https://api.bcra.gob.ar/estadisticas/v4.0/monetarias	json:results	1000	BCRA - variables monetarias y cambiarias (v4)		ar_economy	economy	es	ar,economy,batch17,high-penetrancy,detail-hop	86400	Catalogue of 1,581 BCRA series (page size 1000): idVariable, descripcion, categoria, series type, periodicity, unit, currency, first and last reported date and the latest value. Note v3 is deprecated (HTTP 410) - v4 is the live path. 'descripcion' is not in K_TITLE so title_keys must be set.  A per-record detail endpoint was verified for this source; see the batch's detail-hops side-car. This collector fetches the list endpoint only.	no	pending-independent-probe
ar-bcra-divisas	https://api.bcra.gob.ar/estadisticascambiarias/v1.0/Maestros/Divisas	json:results	44	BCRA - maestro de divisas		ar_economy	economy	es	ar,economy,batch17,high-penetrancy	86400	BCRA currency master: ISO codigo and denominacion for the 44 currencies the central bank quotes. Small but it is the join key for the Cotizaciones endpoint.	no	pending-independent-probe
ar-bcra-cotizaciones	https://api.bcra.gob.ar/estadisticascambiarias/v1.0/Cotizaciones	json:results.detalle	39	BCRA - cotizaciones de divisas del dia		ar_economy	economy	es	ar,economy,batch17,high-penetrancy	86400	Official BCRA FX fixings for a given date: codigoMoneda, descripcion, tipoPase and tipoCotizacion for every quoted currency. The records live at results.detalle - results itself is an object carrying the fecha, so array_path must be given explicitly.	no	pending-independent-probe
ar-bcra-central-deudores	https://api.bcra.gob.ar/CentralDeDeudores/v1.0/Deudas/30500010912	json-object	1	BCRA - Central de Deudores del Sistema Financiero por CUIT		ar_finance	finance	es	ar,finance,batch17,high-penetrancy,detail-hop	86400	Keyless CUIT -> credit-exposure lookup, the highest-penetrancy Argentine source I found: identificacion and denominacion (legal name) of the debtor, then per reporting period every named bank it owes money to, with BCRA situation grade 1-5, amount, days past due, and boolean flags for refinancing, forced recategorisation, legal proceedings (situacionJuridica, procesoJud), technical irrecoverability and under-review status. A /Historicas/{cuit} variant returns the multi-period history (verified, 60kB). Requires array_path 'results' + title_keys 'denominacion' - see notes.  A per-record detail endpoint was verified for this source; see the batch's detail-hops side-car. This collector fetches the list endpoint only.	no	pending-independent-probe
py-dncp-processes-por-fecha	https://www.contrataciones.gov.py/datos/api/v3/doc/search/processes?fecha_desde=2026-08-01&fecha_hasta=2026-08-05	json:records	20	DNCP Paraguay - procesos de contratacion por rango de fechas		py_procurement	procurement	es	py,procurement,batch17,high-penetrancy	21600	OCDS record package for every Paraguayan procurement process touched in a date window - a date-driven sweep the tree does not have (only ?query= keyword search is present). Each record carries the ocid plus a releases[] array of dated release URLs tagged tender/award/implementation/contractAmendment, which are the detail hops. CRITICAL: array_path must be set to 'records' and title_keys to 'ocid' - auto-detection picks the inner releases array, whose entries would then label off the release id instead of the process.	no	pending-independent-probe
py-dncp-ocds-release	https://www.contrataciones.gov.py/datos/api/v3/doc/ocds/releases/id/1f00844a-1ae5-6314-a8b6-15532f4edc1d-1786885244	json:releases	1	DNCP Paraguay - release OCDS completo		py_procurement	procurement	es	py,procurement,batch17,high-penetrancy,detail-hop	21600	The record behind the search hit, probed with a real release id: full OCDS release with ocid, date, tags, parties[] (219 'name' occurrences in the one release I fetched - buyers, procuring entities and every bidding supplier with their identifiers), tender block with title and items, and awards[] carrying award id, status, date, value with currency and the named winning suppliers. This is the award-and-supplier layer, not just a listing.  A per-record detail endpoint was verified for this source; see the batch's detail-hops side-car. This collector fetches the list endpoint only.	no	pending-independent-probe
co-secop2-multas-sanciones	https://www.datos.gov.co/resource/it5q-hg94.json?$limit=50	json-array	50	SECOP II - Multas y Sanciones (Colombia Compra Eficiente)		co_sanctions	sanctions	es	co,sanctions,batch17,high-penetrancy	86400	Fines and sanctions imposed under SECOP II contracts. Each record gives the sanctioning entity name and code, the sanctioned supplier name and code, contract id, process id and reference, sanction type, act number, amount, amount paid, event date, whether guarantees were called, and status - a direct pivot from a vendor to its enforcement history.	no	pending-independent-probe
co-secop-convenios-interadmin	https://www.datos.gov.co/resource/s484-c9k3.json?$limit=50	json-array	50	SECOP - Convenios Interadministrativos		co_procurement	procurement	es	co,procurement,batch17,high-penetrancy	21600	Inter-administrative agreements between Colombian public bodies: contract id, contracting entity name, load/signature/start/end dates, order, and contract value - the state-to-state contracting channel that sits outside ordinary tendering.	no	pending-independent-probe
co-secop-convenios-historico	https://www.datos.gov.co/resource/ityv-bxct.json?$limit=50	json-array	50	SECOP - Convenios Interadministrativos Historico		co_procurement	procurement	es	co,procurement,batch17,high-penetrancy	21600	Historical archive of the same inter-administrative agreements, giving multi-year continuity for an entity's agreement history rather than only the live window.	no	pending-independent-probe
co-secop1-procesos-historico	https://www.datos.gov.co/resource/qddk-cgux.json?$limit=50	json-array	50	SECOP I - Procesos de Compra Publica Historico		co_procurement	procurement	es	co,procurement,batch17,high-penetrancy	21600	Full historical SECOP I tender file - process uid, contracting entity, object, modality, dates, budgeted and awarded values, and awarded supplier. Records carry an exact 'uid' key so they label cleanly.	no	pending-independent-probe
co-secop2-plan-anual-adq	https://www.datos.gov.co/resource/9sue-ezhx.json?$limit=50	json-array	50	SECOP II - Plan Anual de Adquisiciones (detalle)		co_procurement	procurement	es	co,procurement,batch17,high-penetrancy	21600	Line-item annual procurement plans: entity, planned item, UNSPSC code, estimated value, expected award month, funding source and the named contact officer for the line - forward-looking intelligence on what an entity is about to buy and from whom it expects to buy it.	no	pending-independent-probe
co-anm-contratos-suscritos	https://www.datos.gov.co/resource/v9em-etch.json?$limit=50	json-array	50	ANM Contratos Suscritos Consolidado (Agencia Nacional de Mineria)		co_procurement	procurement	es	co,procurement,batch17,high-penetrancy	21600	Contracts signed by Colombia's National Mining Agency: contractor name, contract object, value, dates and type - links mining-sector vendors to the regulator that supervises the titles.	no	pending-independent-probe
co-anm-rucom-titulo-minero	https://www.datos.gov.co/resource/42ha-fhvj.json?$limit=50	json-array	50	ANM RUCOM - Explotador Minero Autorizado (Titulo Minero)		co_mining	mining	es	co,mining,batch17,high-penetrancy	86400	Register of authorised mineral exploiters holding a mining title: named person or company, expediente code of the title, mineral, beneficiation plant, municipality, department and DANE code. This is the person behind the title, not the title alone.	no	pending-independent-probe
co-anm-rucom-legalizacion	https://www.datos.gov.co/resource/7amp-4swy.json?$limit=50	json-array	50	ANM RUCOM - Solicitudes de Legalizacion/Formalizacion		co_mining	mining	es	co,mining,batch17,high-penetrancy	86400	Named applicants seeking legalisation or formalisation of informal mining, with expediente code, mineral, municipality and department - the pre-title pipeline of informal operators.	no	pending-independent-probe
co-anm-rucom-subcontratos	https://www.datos.gov.co/resource/xzu3-gnau.json?$limit=50	json-array	50	ANM RUCOM - Subcontratos de Formalizacion		co_mining	mining	es	co,mining,batch17,high-penetrancy	86400	Formalisation subcontracts sitting underneath a mining title: named subcontracted party, the parent titulo_minero, expediente code, mineral and location - the second layer of beneficiaries behind a single title.	no	pending-independent-probe
co-anm-volumen-regalias	https://www.datos.gov.co/resource/r85m-vv6c.json?$limit=50	json-array	50	ANM Volumen de Explotacion de Minerales Asociados a Pagos de Regalias		co_mining	mining	es	co,mining,batch17,high-penetrancy	86400	Declared extraction volumes tied to royalty payments, by municipality, mineral, period and title - lets declared output be cross-checked against royalties actually paid.	no	pending-independent-probe
co-anh-pozos-exploratorios	https://www.datos.gov.co/resource/6sjh-y3zg.json?$limit=50	json-array	50	ANH Pozos exploratorios A2 y A3 (hidrocarburos)		co_energy	energy	es	co,energy,batch17,high-penetrancy	10800	Exploratory hydrocarbon wells: well name, operator, contract/block, basin, spud and completion dates and status - the operator-to-well mapping behind Colombian oil blocks.	no	pending-independent-probe
co-declaracion-activos-patrimonio	https://www.datos.gov.co/resource/8tz7-h3eu.json?$limit=50	json-array	50	Declaracion de activos y patrimonio de servidores publicos (Funcion Publica)		co_asset-declarations	asset-declarations	es	co,asset-declarations,batch17,high-penetrancy	86400	Asset and income declarations of Colombian public servants: document type and number, four name parts, form number, publication date, declaration status and type, employing entity, whether the declarant is a contractor, post, tax year, and boolean flags for reported income, bank accounts, patrimonial assets, debts, board/council memberships, corporate participations and private economic activity.	no	pending-independent-probe
co-declaracion-conflictos-interes	https://www.datos.gov.co/resource/gbry-rnq4.json?$limit=50	json-array	50	Declaraciones de conflictos de interes de servidores publicos		co_asset-declarations	asset-declarations	es	co,asset-declarations,batch17,high-penetrancy	86400	Conflict-of-interest declarations: named declarant with document number, entity, post and tax year, plus flags for spouse/partner, relatives with conflicts, direct interests in official acts, trusts creating conflicts, other conflicting investments, donations and residual conflicts - the relationship layer behind the asset declarations.	no	pending-independent-probe
co-ips-privados-libertad	https://www.datos.gov.co/resource/np84-da9b.json?$limit=50	json-array	50	IPS para prestacion de servicios a Personas Privadas de la Libertad		co_health-regulator	health-regulator	es	co,health-regulator,batch17,high-penetrancy	86400	Health providers contracted to serve the prison population: provider legal/trade name, identification, location and contracted service - a niche vendor set with recurring corruption exposure.	no	pending-independent-probe
co-novedades-delictivas-vigilancia-privada	https://www.datos.gov.co/resource/7yky-yqtj.json?$limit=50	json-array	50	Novedades delictivas reportadas por servicios de vigilancia y seguridad privada		co_security	security	es	co,security,batch17,high-penetrancy	86400	Criminal incidents reported by Colombia's licensed private security industry to the Superintendencia: service type name, incident class, department/municipality, date and counts - links the private security sector to the incidents it handles.	no	pending-independent-probe
co-reps-ips-capacidad	https://www.datos.gov.co/resource/s2ru-bqt6.json?$limit=50	json-array	50	Relacion de IPS publicas y privadas segun nivel de atencion y capacidad instalada		co_health-regulator	health-regulator	es	co,health-regulator,batch17,high-penetrancy	86400	Registered health providers with their care level and installed capacity: provider name, identification, nature (public/private), department/municipality and bed/service counts.	no	pending-independent-probe
co-reps-directorio-georreferenciado	https://www.datos.gov.co/resource/7r2w-27jm.json?$limit=50	json-array	50	Directorio Georreferenciado de Prestadores de Servicios de Salud (REPS)		co_health-regulator	health-regulator	es	co,health-regulator,batch17,high-penetrancy	86400	Geolocated directory of licensed Colombian health providers - provider name, NIT/identification, address, municipality, coordinates and enabled services.	no	pending-independent-probe
co-dnp-fiscalizacion-produccion	https://www.datos.gov.co/resource/v7xt-367f.json?$limit=50	json-array	50	DNP - Fiscalizacion de Produccion (regalias)		co_energy	energy	es	co,energy,batch17,high-penetrancy	10800	National Planning Department audit of extractive production feeding the royalties system, by territorial entity, resource and period.	no	pending-independent-probe
co-invias-contratos	https://www.datos.gov.co/resource/jffd-39rd.json?$limit=50	json-array	50	Contratos INVIAS (Instituto Nacional de Vias)		co_procurement	procurement	es	co,procurement,batch17,high-penetrancy	21600	Road-authority contract register - entity, contract number and object, contractor, value, dates and status. Large-ticket infrastructure contracting, the highest-value vendor set in Colombia.	no	pending-independent-probe
co-men-ies	https://www.datos.gov.co/resource/n5yy-8nav.json?$limit=50	json-array	50	MEN - Instituciones de Educacion Superior		co_education	education	es	co,education,batch17,high-penetrancy	86400	Register of Colombian higher-education institutions: institution name and code, sector, character, accreditation status and location - the entity table that SNIES programme and enrolment data hangs off.	no	pending-independent-probe
co-men-directivos-ies	https://www.datos.gov.co/resource/muyy-6yw9.json?$limit=50	json-array	50	MEN - Directivos de Instituciones de Educacion Superior		co_education	education	es	co,education,batch17,high-penetrancy	86400	Named directors and senior officers of higher-education institutions with their post and institution - the officer layer behind each university, useful for board/affiliation pivots.	no	pending-independent-probe
co-icfes-saber-pro	https://www.datos.gov.co/resource/u37r-hjmu.json?$limit=50	json-array	50	Resultados unicos Saber Pro (ICFES)		co_education	education	es	co,education,batch17,high-penetrancy	86400	Individual-level national higher-education exam results: institution name and code, programme, municipality, socio-economic stratum fields and module scores.	no	pending-independent-probe
co-icfes-saber-tyt	https://www.datos.gov.co/resource/iwgf-bkfk.json?$limit=50	json-array	50	Resultados unicos Saber TyT (ICFES)		co_education	education	es	co,education,batch17,high-penetrancy	86400	Individual-level technical and technological exam results with institution, programme and score breakdown - the vocational counterpart to Saber Pro.	no	pending-independent-probe
co-invima-almacenamiento-medicamentos	https://www.datos.gov.co/resource/2btt-9z2g.json?$limit=50	json-array	50	INVIMA - Establecimientos autorizados para almacenamiento y distribucion de medicamentos		co_health-regulator	health-regulator	es	co,health-regulator,batch17,high-penetrancy	86400	Licensed medicine warehousing and distribution establishments: establishment name, NIT, address, municipality and authorisation status.	no	pending-independent-probe
co-invima-bpm-nacionales	https://www.datos.gov.co/resource/xbpm-2jee.json?$limit=50	json-array	50	INVIMA - Establecimientos nacionales fabricantes de medicamentos con BPM		co_health-regulator	health-regulator	es	co,health-regulator,batch17,high-penetrancy	86400	Domestic pharmaceutical manufacturers certified in Good Manufacturing Practice: establishment name, certificate number, issue and expiry dates, address and certified lines.	no	pending-independent-probe
co-invima-bpm-internacionales	https://www.datos.gov.co/resource/9nwa-4tvt.json?$limit=50	json-array	50	INVIMA - Establecimientos internacionales fabricantes de medicamentos con BPM		co_health-regulator	health-regulator	es	co,health-regulator,batch17,high-penetrancy	86400	Foreign pharmaceutical plants certified by INVIMA for the Colombian market - establishment name, country, certificate and validity. Cross-border manufacturer identification.	no	pending-independent-probe
co-invima-acondicionadores	https://www.datos.gov.co/resource/4zxr-bqvt.json?$limit=50	json-array	50	INVIMA - Establecimientos nacionales acondicionadores de productos con BPM		co_health-regulator	health-regulator	es	co,health-regulator,batch17,high-penetrancy	86400	Certified product-conditioning/packaging establishments with certificate number, validity and address - the repackaging tier of the pharmaceutical chain.	no	pending-independent-probe
co-invima-bpe	https://www.datos.gov.co/resource/x6yb-a8cg.json?$limit=50	json-array	50	INVIMA - Establecimientos nacionales certificados con Buenas Practicas de Elaboracion		co_health-regulator	health-regulator	es	co,health-regulator,batch17,high-penetrancy	86400	Establishments certified in Good Elaboration Practice, with certificate identifiers, validity window and address.	no	pending-independent-probe
co-invima-bpl-nacionales	https://www.datos.gov.co/resource/5686-m6za.json?$limit=50	json-array	50	INVIMA - Establecimientos nacionales con Buenas Practicas de Laboratorio		co_health-regulator	health-regulator	es	co,health-regulator,batch17,high-penetrancy	86400	Domestic laboratories certified in Good Laboratory Practice - name, certificate, validity, address and scope.	no	pending-independent-probe
co-invima-bpl-internacionales	https://www.datos.gov.co/resource/qg9f-quwy.json?$limit=50	json-array	50	INVIMA - Establecimientos internacionales con Buenas Practicas de Laboratorio		co_health-regulator	health-regulator	es	co,health-regulator,batch17,high-penetrancy	86400	Foreign laboratories certified by INVIMA, with country, certificate number and validity - foreign-entity identification through a domestic regulator.	no	pending-independent-probe
co-invima-control-especial	https://www.datos.gov.co/resource/gc4x-u4iy.json?$limit=50	json-array	50	INVIMA - Establecimientos inscritos para manejo de medicamentos de control especial		co_health-regulator	health-regulator	es	co,health-regulator,batch17,high-penetrancy	86400	Establishments licensed to handle controlled medicines (narcotics/psychotropics): trade or legal name, identification, address and municipality - the licensed handlers of diversion-prone substances.	no	pending-independent-probe
co-invima-ips-bpc	https://www.datos.gov.co/resource/hf6p-apcd.json?$limit=50	json-array	50	INVIMA - IPS certificadas en Buenas Practicas Clinicas		co_health-regulator	health-regulator	es	co,health-regulator,batch17,high-penetrancy	86400	Health institutions certified to run clinical trials, with certificate number, validity, city and address.	no	pending-independent-probe
co-invima-cosmeticos	https://www.datos.gov.co/resource/d397-yqtv.json?$limit=50	json-array	50	INVIMA - Instituciones certificadas en capacidad de produccion para productos cosmeticos		co_health-regulator	health-regulator	es	co,health-regulator,batch17,high-penetrancy	86400	Cosmetics manufacturers certified for production capacity - establishment name, certificate, validity and address.	no	pending-independent-probe
co-invima-importadores-carne	https://www.datos.gov.co/resource/xe4t-6bdb.json?$limit=50	json-array	50	INVIMA - Establecimientos autorizados para importar carne y derivados carnicos		co_trade	trade	es	co,trade,batch17,high-penetrancy	86400	Foreign meat plants authorised to export to Colombia: establishment name and code, country, product categories and authorisation status - a named cross-border importer/exporter list.	no	pending-independent-probe
co-precios-medicamentos	https://www.datos.gov.co/resource/3he6-m866.json?$limit=50	json-array	50	Consulta publica de Precios de Medicamentos (SISMED)		co_health-regulator	health-regulator	es	co,health-regulator,batch17,high-penetrancy	86400	Reported medicine prices by product, laboratory, presentation, channel and period - lets procurement prices paid by public bodies be benchmarked against reported market prices.	no	pending-independent-probe
co-medicamentos-vitales-no-disponibles	https://www.datos.gov.co/resource/sdmr-tfmf.json?$limit=50	json-array	50	INVIMA - Medicamentos vitales no disponibles		co_health-regulator	health-regulator	es	co,health-regulator,batch17,high-penetrancy	86400	Vital-but-unavailable medicines authorised for exceptional import: commercial name, active ingredient, applicant/importer, authorisation number and dates.	no	pending-independent-probe
co-invima-rs-nso-vigentes	https://www.datos.gov.co/resource/ui32-p9f2.json?$limit=50	json-array	50	INVIMA - Registros sanitarios y NSO vigentes y vencidas		co_health-regulator	health-regulator	es	co,health-regulator,batch17,high-penetrancy	86400	Sanitary registrations and mandatory health notifications, live and expired, with holder, address, registration number, product and validity window.	no	pending-independent-probe
co-sfc-quejas-vigiladas	https://www.datos.gov.co/resource/hjqv-fp48.json?$limit=50	json-array	50	Superintendencia Financiera - Quejas interpuestas ante entidades vigiladas		co_finance-regulator	finance-regulator	es	co,finance-regulator,batch17,high-penetrancy	86400	Consumer complaints lodged against supervised financial entities and consumer ombudsmen: entity name and code, product, complaint motive, channel, period and counts - a misconduct signal per financial institution.	no	pending-independent-probe
co-sfc-quejas-consumidores	https://www.datos.gov.co/resource/y8u7-q37x.json?$limit=50	json-array	50	Superintendencia Financiera - Quejas de consumidores contra entidades vigiladas		co_finance-regulator	finance-regulator	es	co,finance-regulator,batch17,high-penetrancy	86400	Complaints filed directly with the regulator against supervised entities, by entity, product, motive and period - the escalated tier above in-house complaints.	no	pending-independent-probe
co-sfc-directivos-vigiladas	https://www.datos.gov.co/resource/h44k-fvv7.json?$limit=50	json-array	50	Superintendencia Financiera - Directivos de entidades publicas vigiladas		co_finance-regulator	finance-regulator	es	co,finance-regulator,batch17,high-penetrancy	86400	Reported directors and senior officers of public entities supervised by the financial regulator, with entity type and name and the officer's post - the officer layer behind supervised institutions.	no	pending-independent-probe
co-sfc-balance-entidades-publicas	https://www.datos.gov.co/resource/mxk5-ce6w.json?$limit=50	json-array	50	Superintendencia Financiera - Balance de entidades publicas vigiladas		co_finance-regulator	finance-regulator	es	co,finance-regulator,batch17,high-penetrancy	86400	CUIF supervisory financial statements by currency for supervised entities: entity type and name, account code, currency and balance - line-item financials per regulated institution.	no	pending-independent-probe
co-sector-solidario-entidades	https://www.datos.gov.co/resource/kg2d-yfyg.json?$limit=50	json-array	50	Listado de Entidades del Sector Solidario (cooperativas y fondos)		co_company-registry	company-registry	es	co,company-registry,batch17,high-penetrancy	86400	Register of Colombian cooperatives, employee funds and mutual associations: entity name, NIT, class, supervision level, municipality and status - a company-registry slice that ordinary commercial registries miss.	no	pending-independent-probe
co-sfc-puntos-atencion	https://www.datos.gov.co/resource/vkbt-desu.json?$limit=50	json-array	50	Superintendencia Financiera - Puntos de atencion de canales por municipio		co_finance-regulator	finance-regulator	es	co,finance-regulator,batch17,high-penetrancy	86400	Physical presence of each financial institution by municipality and channel type (branches, agents, ATMs) - maps an institution's real footprint including in remote municipalities.	no	pending-independent-probe
co-superservicios-areas-prestacion	https://www.datos.gov.co/resource/cue8-zarw.json?$limit=50	json-array	50	Superservicios - Registro de Areas de Prestacion del Servicio		co_utilities	utilities	es	co,utilities,batch17,high-penetrancy	86400	Registered service areas of Colombian public-utility companies: company name and NIT/registration id, service type, department, municipality and area - which company holds which utility territory.	no	pending-independent-probe
co-concesionarios-vehiculos	https://www.datos.gov.co/resource/9kb7-vdd3.json?$limit=50	json-array	50	Base de Datos de Concesionarios (vehiculos)		co_company-registry	company-registry	es	co,company-registry,batch17,high-penetrancy	86400	Registered vehicle dealerships with name, identification, brand represented, address and municipality.	no	pending-independent-probe
co-dnp-proyectos-sgr	https://www.datos.gov.co/resource/mzgh-shtp.json?$limit=50	json-array	50	DNP - Proyectos del Sistema General de Regalias		co_public-finance	public-finance	es	co,public-finance,batch17,high-penetrancy	86400	Royalty-funded investment projects: project name and BPIN code, executing entity, sector, department/municipality, approved value and status - where extractive royalties actually land.	no	pending-independent-probe
co-dnp-proyectos-datos-basicos	https://www.datos.gov.co/resource/cf9k-55fw.json?$limit=50	json-array	50	DNP - Proyectos, datos basicos (banco de proyectos de inversion)		co_public-finance	public-finance	es	co,public-finance,batch17,high-penetrancy	86400	National investment project bank core records: project name, BPIN, sponsoring entity, sector, phase, dates and value - the master project table the royalty and budget execution feeds join to.	no	pending-independent-probe
co-ovcf-sgr-programacion-ingresos	https://www.datos.gov.co/resource/5ka2-and2.json?$limit=50	json-array	50	OVCF - SGR - Programacion de Ingresos		co_public-finance	public-finance	es	co,public-finance,batch17,high-penetrancy	86400	Programmed royalty revenue by receiving entity, fund, budget item and period - entity-level royalty entitlements.	no	pending-independent-probe
co-ovcf-sgr-ejecucion-gastos	https://www.datos.gov.co/resource/qkv4-ek54.json?$limit=50	json-array	50	OVCF - SGR - Ejecucion de Gastos		co_public-finance	public-finance	es	co,public-finance,batch17,high-penetrancy	86400	Actual royalty spending execution by entity, fund, budget line and period - the paired outflow against the programmed revenue, so under-execution and diversion are visible per entity.	no	pending-independent-probe
co-bdua-regimen-subsidiado	https://www.datos.gov.co/resource/d7a5-cnra.json?$limit=50	json-array	50	Poblacion Base de Datos Unica de Afiliados (BDUA) - regimen subsidiado		co_health-registry	health-registry	es	co,health-registry,batch17,high-penetrancy	86400	Subsidised-regime health affiliation counts broken down by EPS, department/municipality, regime, age band and gender label - the affiliation base that per-capita payments to insurers are computed from.	no	pending-independent-probe
pa-css-planilla-2026	https://www.datosabiertos.gob.pa/api/3/action/datastore_search?resource_id=2dcf0098-045b-4925-b7f5-0982f97f4b91&limit=50	json:result.records	50	Caja de Seguro Social - Planilla Institucional 2026 (Panama)		pa_payroll	payroll	es	pa,payroll,batch17,high-penetrancy	86400	Full January 2026 payroll of Panama's social security institution, 35,549 rows total: employee name, national ID (cedula) number, position code, post, monthly salary, start-of-service date, expense object and employment status. Named-individual + national-ID resolution at scale.	no	pending-independent-probe
pa-css-planilla-2025	https://www.datosabiertos.gob.pa/api/3/action/datastore_search?resource_id=26023525-063f-4cf6-bbee-631926458ffe&limit=50	json:result.records	50	Caja de Seguro Social - Planilla Institucional 2025 (Panama)		pa_payroll	payroll	es	pa,payroll,batch17,high-penetrancy	86400	Same CSS payroll for January 2025, 34,958 rows - year-on-year comparison exposes hires, departures and salary jumps for named officials.	no	pending-independent-probe
pa-cgr-planilla-2026	https://www.datosabiertos.gob.pa/api/3/action/datastore_search?resource_id=40b05524-a26e-4697-8230-6f89a9fc7946&limit=50	json:result.records	50	Contraloria General de la Republica - Planilla Institucional 2026 (Panama)		pa_payroll	payroll	es	pa,payroll,batch17,high-penetrancy	86400	Payroll of Panama's national audit institution, 4,838 rows: name, surname, gender, position number, cedula, post, post code, monthly salary, supplementary pay, start date and expense object.	no	pending-independent-probe
pa-cgr-contrataciones-2025	https://www.datosabiertos.gob.pa/api/3/action/datastore_search?resource_id=c5f43cc1-4914-4bb7-a552-c9428692d216&limit=50	json:result.records	50	Contraloria General - Contrataciones de Personal 2025 (Panama)		pa_payroll	payroll	es	pa,payroll,batch17,high-penetrancy	86400	New hires at the Comptroller General, 694 rows: name, surname, cedula, start of service, post, post code and monthly salary - the hiring stream rather than the standing headcount.	no	pending-independent-probe
pa-registro-publico-planilla	https://www.datosabiertos.gob.pa/api/3/action/datastore_search?resource_id=051df4ee-baec-412e-8112-bc77e98c74be&limit=50	json:result.records	50	Registro Publico de Panama - Planilla Institucional		pa_payroll	payroll	es	pa,payroll,batch17,high-penetrancy	86400	Payroll of Panama's Public Registry (the corporate/property registrar), 755 rows: employee number, name, surname, cedula, structural post, function, salary, representation expenses, directorate/region, department and start date - staff of the body that registers Panamanian companies.	no	pending-independent-probe
pa-metro-planilla-2026	https://www.datosabiertos.gob.pa/api/3/action/datastore_search?resource_id=5e3f9122-f1d5-4a22-9d09-631b14dcaee4&limit=50	json:result.records	50	Metro de Panama S.A. - Planilla Regular 2026		pa_payroll	payroll	es	pa,payroll,batch17,high-penetrancy	86400	Payroll of the state metro operator, 827 rows: position, name, surname, cedula, post, monthly salary, start of service, expense object and status.	no	pending-independent-probe
pa-sbp-planilla-2026	https://www.datosabiertos.gob.pa/api/3/action/datastore_search?resource_id=bbf1a7a7-c59c-4110-9762-ce7f2e03704c&limit=50	json:result.records	50	Superintendencia de Bancos de Panama - Planilla 2026		pa_payroll	payroll	es	pa,payroll,batch17,high-penetrancy	86400	February 2026 payroll of the banking regulator, 432 rows: position, name, surname, gender, cedula, post, post code, salary, supplement, start date and expense object - staff of the supervisor of Panama's offshore banking sector.	no	pending-independent-probe
pa-sbp-planilla-2025	https://www.datosabiertos.gob.pa/api/3/action/datastore_search?resource_id=297db517-d051-40c1-a6a1-013b912cea1b&limit=50	json:result.records	50	Superintendencia de Bancos de Panama - Planilla 2025		pa_payroll	payroll	es	pa,payroll,batch17,high-penetrancy	86400	February 2025 payroll of the same banking regulator, 429 rows, same field set - the prior-year snapshot for turnover analysis.	no	pending-independent-probe
pa-smv-planilla-2026	https://www.datosabiertos.gob.pa/api/3/action/datastore_search?resource_id=615fa54f-3fc8-41ad-973d-ef003ae85a3b&limit=50	json:result.records	50	Superintendencia del Mercado de Valores - Planilla Institucional 2026 (Panama)		pa_payroll	payroll	es	pa,payroll,batch17,high-penetrancy	86400	Payroll of Panama's securities regulator, 114 rows: position, name, surname, gender, cedula, post, post code, salary, supplement, start date.	no	pending-independent-probe
pa-tribunal-cuentas-planilla-2026	https://www.datosabiertos.gob.pa/api/3/action/datastore_search?resource_id=5b297440-d8a2-4911-ae05-4efceb5a17f6&limit=50	json:result.records	50	Tribunal de Cuentas - Planilla 2026 (Panama)		pa_payroll	payroll	es	pa,payroll,batch17,high-penetrancy	86400	Payroll of the court that tries public-funds accountability cases, 137 rows: name, surname, gender, position, cedula, post, post code, monthly salary, supplement, start date and expense object.	no	pending-independent-probe
pa-mingob-planilla-2026	https://www.datosabiertos.gob.pa/api/3/action/datastore_search?resource_id=4c14a8a3-56f3-49a3-a867-0d31440a7de2&limit=50	json:result.records	50	Ministerio de Gobierno - Planilla 2026 (Panama)		pa_payroll	payroll	es	pa,payroll,batch17,high-penetrancy	86400	Interior Ministry payroll, 3,272 rows: position, name, surname, gender, cedula, post, post code, salary, supplement, start date and expense object - includes the prison and immigration-adjacent workforce.	no	pending-independent-probe
pa-iphe-planilla-2025	https://www.datosabiertos.gob.pa/api/3/action/datastore_search?resource_id=0ecd7964-8241-4125-9b4e-42d71d1257ba&limit=50	json:result.records	50	IPHE - Planilla Institucional 2025 (Panama)		pa_payroll	payroll	es	pa,payroll,batch17,high-penetrancy	86400	Payroll of the Panamanian Institute for Special Habilitation, 2,232 rows with name, surname, gender, position, cedula, post, salary, supplement and start date.	no	pending-independent-probe
pa-aaud-planilla-2024	https://www.datosabiertos.gob.pa/api/3/action/datastore_search?resource_id=5d105487-0756-4467-bd45-69e917c98c79&limit=50	json:result.records	50	Autoridad de Aseo Urbano y Domiciliario - Planilla 2024 (Panama)		pa_payroll	payroll	es	pa,payroll,batch17,high-penetrancy	86400	Urban sanitation authority payroll, 2,250 rows: employee number, name, surname, structural post, department, cedula, social security number, start date, status, salary and employee type - carries the social-security number as well as the cedula.	no	pending-independent-probe
pa-arap-planilla-2018	https://www.datosabiertos.gob.pa/api/3/action/datastore_search?resource_id=3c724103-a112-4dda-93d2-72f7a32569c9&limit=50	json:result.records	50	Autoridad de los Recursos Acuaticos - Planilla Institucional (Panama)		pa_payroll	payroll	es	pa,payroll,batch17,high-penetrancy	86400	Aquatic resources authority payroll, 405 rows: position, name, surname, cedula number, post, monthly salary, start of service, expense object and status - the fisheries/flag-adjacent regulator.	no	pending-independent-probe
pa-senacyt-planilla	https://www.datosabiertos.gob.pa/api/3/action/datastore_search?resource_id=a146a281-1d9b-4c10-b08b-4450ccfc31c8&limit=50	json:result.records	50	SENACYT - Planilla Institucional (Panama)		pa_payroll	payroll	es	pa,payroll,batch17,high-penetrancy	86400	National science and technology secretariat payroll, 1,951 rows: position, post code, post description, payroll salary, representation expenses, name, surname and cedula.	no	pending-independent-probe
pa-umip-planilla	https://www.datosabiertos.gob.pa/api/3/action/datastore_search?resource_id=3fdf2a35-2919-45ca-83b2-d70fbc97860d&limit=50	json:result.records	50	Universidad Maritima Internacional de Panama - Planilla Regular		pa_payroll	payroll	es	pa,payroll,batch17,high-penetrancy	86400	Payroll of Panama's international maritime university, 262 rows: count, position, name, cedula, structural post, salary and condition - staff of the training body behind Panama's ship registry ecosystem.	no	pending-independent-probe
pa-apap-planilla-2024	https://www.datosabiertos.gob.pa/api/3/action/datastore_search?resource_id=852fd400-89b7-47d1-8bb8-e6e019f9250f&limit=50	json:result.records	50	Autoridad de Pasaportes de Panama - Planilla 2024		pa_payroll	payroll	es	pa,payroll,batch17,high-penetrancy	86400	Payroll of the Passport Authority, 152 rows: name, surname, gender, position, cedula, post, post code, salary, supplement, start of service and expense object - staff of the body issuing Panamanian travel documents.	no	pending-independent-probe
pa-ena-planilla-2025	https://www.datosabiertos.gob.pa/api/3/action/datastore_search?resource_id=9d11eb6a-83a1-4f3b-9de6-f343f7a2cb56&limit=50	json:result.records	50	Empresa Nacional de Autopista - Planilla 2025 (Panama)		pa_payroll	payroll	es	pa,payroll,batch17,high-penetrancy	86400	State toll-road company payroll: position, name, surname, gender, cedula, post, post code, monthly salary, supplement, start of service and expense object.	no	pending-independent-probe
pa-tonosi-planilla	https://www.datosabiertos.gob.pa/api/3/action/datastore_search?resource_id=7d297cc7-1c0d-4cad-be29-2314f2725eb0&limit=50	json:result.records	50	Municipio de Tonosi - Planilla municipal (Panama)		pa_payroll	payroll	es	pa,payroll,batch17,high-penetrancy	86400	Municipal payroll, 180 rows with name, surname, gender, position, cedula, post, post code, salary, supplement, start date and expense object - shows the same named-official disclosure reaches down to municipal level.	no	pending-independent-probe
pa-sertv-contrataciones-2026	https://www.datosabiertos.gob.pa/api/3/action/datastore_search?resource_id=46079db0-b7b2-483a-a2de-5b6811856e51&limit=50	json:result.records	50	SERTV - Contrataciones Publicas 2026 (Panama)		pa_procurement	procurement	es	pa,procurement,batch17,high-penetrancy	21600	Awarded public tenders of the state broadcaster, 245 rows: public act number, act name, purchase type, AWARDED COMPANY, act date, item description, quantity, unit value and purchase value. Records also carry a mojibake 'Nombre del Acto P£blico Adjudicado' column; '_id' is the safe exact label key.	no	pending-independent-probe
pa-sertv-contrataciones-2024	https://www.datosabiertos.gob.pa/api/3/action/datastore_search?resource_id=c44dbb5d-3691-4700-af4b-1f20724793b3&limit=50	json:result.records	50	SERTV - Contrataciones Publicas 2024 (Panama)		pa_procurement	procurement	es	pa,procurement,batch17,high-penetrancy	21600	Same award register for 2024, 798 rows - award-by-award supplier history for one contracting entity across years.	no	pending-independent-probe
pa-asep-concesiones-2026	https://www.datosabiertos.gob.pa/api/3/action/datastore_search?resource_id=db368996-b5fd-49ea-acd7-2197f85db29e&limit=50	json:result.records	50	ASEP - Concesiones electricas en operacion 2026 (Panama)		pa_energy	energy	es	pa,energy,batch17,high-penetrancy	10800	Generation concessions in commercial operation, 405 rows: month, CONCESSION-HOLDING COMPANY, project name, resource exploited, province, district, corregimiento, installed MW, start of operation and current condition - company-to-asset mapping for Panama's power sector.	no	pending-independent-probe
pa-asep-concesiones-2025	https://www.datosabiertos.gob.pa/api/3/action/datastore_search?resource_id=aa5ec6df-3035-4502-b759-4a274ec5bafb&limit=50	json:result.records	50	ASEP - Concesiones en Operacion Comercial 2025 (Panama)		pa_energy	energy	es	pa,energy,batch17,high-penetrancy	10800	Prior-year concession register, 540 rows, same fields - reveals changes of concession holder between years.	no	pending-independent-probe
pa-migracion-viaticos-2023	https://www.datosabiertos.gob.pa/api/3/action/datastore_search?resource_id=879128e2-a373-4ed9-ba57-8c1859e76313&limit=50	json:result.records	29	Servicio Nacional de Migracion - Viaticos internacionales 2023 (Panama)		pa_travel-expenses	travel-expenses	es	pa,travel-expenses,batch17,high-penetrancy	86400	International travel allowances of immigration service officials: cedula, name, surname, post, destination, details, start and end dates, total, per-diem and report file - places named immigration officials in specific countries on specific dates.	no	pending-independent-probe
pa-sbp-misiones-2025	https://www.datosabiertos.gob.pa/api/3/action/datastore_search?resource_id=093e41ba-1891-48f4-87d5-218ea2ea1a1b&limit=50	json:result.records	37	Superintendencia de Bancos - Misiones Oficiales Nacionales 2025 (Panama)		pa_travel-expenses	travel-expenses	es	pa,travel-expenses,batch17,high-penetrancy	86400	Official missions of banking-regulator staff: start and end dates, name, surname, cedula, destination, per-diem amount and details - who from the bank supervisor travelled where and when.	no	pending-independent-probe
pa-meduca-fece-2022	https://www.datosabiertos.gob.pa/api/3/action/datastore_search?resource_id=ce5cc58a-827f-443e-8857-6dfaa89b82fe&limit=50	json:result.records	50	MEDUCA - Fondo de Equidad y Calidad de la Educacion (FECE) 2022 (Panama)		pa_public-finance	public-finance	es	pa,public-finance,batch17,high-penetrancy	86400	National transparency report on funds transferred to individual schools, 1,750 rows: project/programme name, school, region, amounts transferred and executed - grant-level tracking of education money to named recipients.	no	pending-independent-probe
pa-idaan-tomas-agua	https://www.datosabiertos.gob.pa/api/3/action/datastore_search?resource_id=90b6d8b4-67b3-47ec-a3b4-58b830299c81&limit=50	json:result.records	50	IDAAN - Listado de tomas de agua cruda (Panama)		pa_infrastructure	infrastructure	es	pa,infrastructure,batch17,high-penetrancy	43200	Raw-water intake points of the national water utility: intake name, easting/northing coordinates, province, district, corregimiento, watershed, source and type - named critical water infrastructure with coordinates.	no	pending-independent-probe
mx-dof-sidof-notas	https://sidofqa.segob.gob.mx/dof/sidof/notas/14-08-2026	json:NotasMatutinas	74	Diario Oficial de la Federacion - SIDOF notas del dia (Mexico)		mx_gazette	gazette	es	mx,gazette,batch17,high-penetrancy,detail-hop	86400	Undocumented JSON API behind Mexico's official gazette. One call for a date (DD-MM-YYYY) returns NotasMatutinas, NotasVespertinas and NotasExtraordinarias; each nota has codNota, section, date, diario id, issuing branch name (nombreCodOrgaUno), issuing secretariat (codOrgaDos), page range, order, status and flags for available HTML/DOC/PDF/image. DETAIL VERIFIED: /dof/sidof/notas/nota/5796377 returned a 33KB single Nota object with the full text and title - so every gazette entry can be expanded to its actual decree, appointment or sanction. Note: the tree already has www.dof.gob.mx scrapes but not this API host.  A per-record detail endpoint was verified for this source; see the batch's detail-hops side-car. This collector fetches the list endpoint only.	no	pending-independent-probe
co-dane-microdatos-nada	https://microdatos.dane.gov.co/index.php/api/catalog/search?format=json&ps=50	json:result.rows	50	DANE Colombia - Catalogo de Microdatos (NADA API)		co_microdata	microdata	es	co,microdata,batch17,high-penetrancy,detail-hop	86400	National statistics office microdata catalogue. Each row: internal id, idno, study title, nation, authoring entity, form model, year range, repository id, data-access link, created/changed timestamps, view and download counts and study URL. DETAIL VERIFIED: /api/catalog/MINTIC-OAPES-INTERNET-2010-A-2014 returned a 29KB study object with full DDI metadata - producers, funding agencies, sampling, coverage, contacts (name/affiliation/email) and variable count. The named producers and contacts behind each dataset are the penetrancy here.  A per-record detail endpoint was verified for this source; see the batch's detail-hops side-car. This collector fetches the list endpoint only.	no	pending-independent-probe
bo-ine-anda-microdatos	https://anda.ine.gob.bo/index.php/api/catalog/search?format=json&ps=50	json:result.rows	50	INE Bolivia - ANDA Archivo Nacional de Datos (NADA API)		bo_microdata	microdata	es	bo,microdata,batch17,high-penetrancy,detail-hop	86400	Bolivian national statistics microdata catalogue, same NADA schema: id, idno, title, nation, authoring entity, form model, year range, repository, REDATAM data-access link, timestamps, views and downloads. DETAIL VERIFIED: /api/catalog/BOL-INE-CA-2013 (Censo Agropecuario 2013) returned a 38KB study record with producers, contacts, topics, collection dates and keywords. Bolivia is otherwise almost absent from the tree.  A per-record detail endpoint was verified for this source; see the batch's detail-hops side-car. This collector fetches the list endpoint only.	no	pending-independent-probe
pe-gobpe-busquedas	https://www.gob.pe/busquedas.json?term=contrataciones&contenido=normas	json:data.attributes.results	25	Plataforma Digital Unica del Estado Peruano - busqueda JSON (gob.pe)		pe_gazette	gazette	es	pe,gazette,batch17,high-penetrancy	86400	Undocumented JSON search endpoint covering the whole Peruvian state portal - 444,822 indexed items including 337,743 normas legales, 86,023 publicaciones, 18,309 noticias and 15 institutions. Each result: id, document_type, publication date, subject (the title), name_with_parent (issuing institution path), collections, url, searchable_type, official_document_type, content excerpt and relevance score. Free-text term and content-type filters make it a general pivot over Peruvian legal instruments and official notices by company or person name. Host www.gob.pe already appears in the tree but only as landing-page scrapes, not this endpoint.	no	pending-independent-probe
il-knesset-agenda	https://knesset.gov.il/Odata/ParliamentInfo.svc/KNS_Agenda?$top=100&$format=json	json:value	100	Knesset — agenda motions (KNS_Agenda)		il_legislative	legislative	he	il,legislative,batch17,high-penetrancy,detail-hop	86400	Motions for the agenda: motion name, classification, Knesset number, urgency subtype, status, InitiatorPersonID and MinisterPersonID (pivot to KNS_Person), CommitteeID, government recommendation and postponement reason.  A per-record detail endpoint was verified for this source; see the batch's detail-hops side-car. This collector fetches the list endpoint only.	no	pending-independent-probe
il-knesset-bill-name	https://knesset.gov.il/Odata/ParliamentInfo.svc/KNS_BillName?$top=100&$format=json	json:value	100	Knesset — bill name history (KNS_BillName)		il_legislative	legislative	he	il,legislative,batch17,high-penetrancy,detail-hop	86400	Every historical title a bill carried, with the reading stage the title belonged to (NameHistoryTypeDesc). Lets you track a bill through renames; BillID pivots to the bill record.  A per-record detail endpoint was verified for this source; see the batch's detail-hops side-car. This collector fetches the list endpoint only.	no	pending-independent-probe
il-knesset-bill-initiator	https://knesset.gov.il/Odata/ParliamentInfo.svc/KNS_BillInitiator?$top=100&$format=json	json:value	100	Knesset — bill initiators (KNS_BillInitiator)		il_legislative	legislative	he	il,legislative,batch17,high-penetrancy,detail-hop	86400	The person-behind-the-bill join table: BillID, PersonID, IsInitiator (lead vs co-signer) and Ordinal. This is what turns a bill into a named MK. Label is the timestamp+numeric fallback — no name-ish key on the record.  A per-record detail endpoint was verified for this source; see the batch's detail-hops side-car. This collector fetches the list endpoint only.	no	pending-independent-probe
il-knesset-document-bill	https://knesset.gov.il/Odata/ParliamentInfo.svc/KNS_DocumentBill?$top=100&$format=json	json:value	100	Knesset — bill documents (KNS_DocumentBill)		il_legislative	legislative	he	il,legislative,batch17,high-penetrancy,detail-hop	86400	Per-bill document manifest: GroupTypeDesc (e.g. extract from Knesset proceedings), application type, and FilePath — a direct fs.knesset.gov.il URL to the actual .doc/.pdf. Label is timestamp+numeric fallback.  A per-record detail endpoint was verified for this source; see the batch's detail-hops side-car. This collector fetches the list endpoint only.	no	pending-independent-probe
il-knesset-committee-session	https://knesset.gov.il/Odata/ParliamentInfo.svc/KNS_CommitteeSession?$top=100&$format=json	json:value	100	Knesset — committee sessions (KNS_CommitteeSession)		il_legislative	legislative	he	il,legislative,batch17,high-penetrancy,detail-hop	86400	Committee sitting records: room/location, committee id, open-vs-closed type, status, start and finish datetimes, plus SessionUrl and BroadcastUrl.  A per-record detail endpoint was verified for this source; see the batch's detail-hops side-car. This collector fetches the list endpoint only.	no	pending-independent-probe
il-knesset-cmt-session-item	https://knesset.gov.il/Odata/ParliamentInfo.svc/KNS_CmtSessionItem?$top=100&$format=json	json:value	100	Knesset — committee agenda items (KNS_CmtSessionItem)		il_legislative	legislative	he	il,legislative,batch17,high-penetrancy,detail-hop	86400	The individual items discussed inside a committee sitting: item name, ordinal, status, item type, and the CommitteeSessionID / ItemID that link back to the session and to the underlying bill or query.  A per-record detail endpoint was verified for this source; see the batch's detail-hops side-car. This collector fetches the list endpoint only.	no	pending-independent-probe
il-knesset-document-committee-session	https://knesset.gov.il/Odata/ParliamentInfo.svc/KNS_DocumentCommitteeSession?$top=100&$format=json	json:value	100	Knesset — committee protocols (KNS_DocumentCommitteeSession)		il_legislative	legislative	he	il,legislative,batch17,high-penetrancy,detail-hop	86400	Verbatim committee protocol files: GroupTypeDesc identifies the protocol type and FilePath is a direct fs.knesset.gov.il link to the transcript document. Label is timestamp+numeric fallback.  A per-record detail endpoint was verified for this source; see the batch's detail-hops side-car. This collector fetches the list endpoint only.	no	pending-independent-probe
il-knesset-query	https://knesset.gov.il/Odata/ParliamentInfo.svc/KNS_Query?$top=100&$format=json	json:value	100	Knesset — parliamentary questions (KNS_Query)		il_legislative	legislative	he	il,legislative,batch17,high-penetrancy,detail-hop	86400	Parliamentary questions to ministers: subject, urgency type, status, asking PersonID, answering GovMinistryID, submit date and minister reply date. Direct MK-to-ministry accountability trail.  A per-record detail endpoint was verified for this source; see the batch's detail-hops side-car. This collector fetches the list endpoint only.	no	pending-independent-probe
il-knesset-document-query	https://knesset.gov.il/Odata/ParliamentInfo.svc/KNS_DocumentQuery?$top=100&$format=json	json:value	100	Knesset — question documents (KNS_DocumentQuery)		il_legislative	legislative	he	il,legislative,batch17,high-penetrancy	86400	Documents attached to parliamentary questions, with FilePath pointing at the actual question/answer .doc on fs.knesset.gov.il. Label is timestamp+numeric fallback.	no	pending-independent-probe
il-knesset-person-to-position	https://knesset.gov.il/Odata/ParliamentInfo.svc/KNS_PersonToPosition?$top=100&$format=json	json:value	100	Knesset — person to position (KNS_PersonToPosition)		il_legislative	legislative	he	il,legislative,batch17,high-penetrancy,detail-hop	86400	Full office history per person: PositionID, Knesset number, start and finish dates, ministry name, duty description, faction name, government number, committee name and IsCurrent. The core career-graph table for Israeli politicians.  A per-record detail endpoint was verified for this source; see the batch's detail-hops side-car. This collector fetches the list endpoint only.	no	pending-independent-probe
il-knesset-faction	https://knesset.gov.il/Odata/ParliamentInfo.svc/KNS_Faction?$top=100&$format=json	json:value	100	Knesset — parliamentary factions (KNS_Faction)		il_legislative	legislative	he	il,legislative,batch17,high-penetrancy,detail-hop	86400	Every faction across all Knessets: name, Knesset number, start and finish dates, IsCurrent flag. Resolves faction_id seen on vote records.  A per-record detail endpoint was verified for this source; see the batch's detail-hops side-car. This collector fetches the list endpoint only.	no	pending-independent-probe
il-knesset-gov-ministry	https://knesset.gov.il/Odata/ParliamentInfo.svc/KNS_GovMinistry?$top=100&$format=json	json:value	100	Knesset — government ministries (KNS_GovMinistry)		il_government	government	he	il,government,batch17,high-penetrancy	86400	Ministry register with IsActive flag; resolves GovMinistryID appearing on questions, laws and position records.	no	pending-independent-probe
il-knesset-israel-law	https://knesset.gov.il/Odata/ParliamentInfo.svc/KNS_IsraelLaw?$top=100&$format=json	json:value	100	Knesset — Israeli laws (KNS_IsraelLaw)		il_legal	legal	he	il,legal,batch17,high-penetrancy,detail-hop	43200	Consolidated statute register: law name, IsBasicLaw, IsBudgetLaw, first and latest publication dates, validity status and validity start/finish dates with notes.  A per-record detail endpoint was verified for this source; see the batch's detail-hops side-car. This collector fetches the list endpoint only.	no	pending-independent-probe
il-knesset-israel-law-name	https://knesset.gov.il/Odata/ParliamentInfo.svc/KNS_IsraelLawName?$top=100&$format=json	json:value	100	Knesset — statute name history (KNS_IsraelLawName)		il_legal	legal	he	il,legal,batch17,high-penetrancy	43200	Historical names of each consolidated statute, joined to both IsraelLawID and the specific LawID amendment that introduced the name.	no	pending-independent-probe
il-knesset-law	https://knesset.gov.il/Odata/ParliamentInfo.svc/KNS_Law?$top=100&$format=json	json:value	100	Knesset — enacted laws and amendments (KNS_Law)		il_legal	legal	he	il,legal,batch17,high-penetrancy,detail-hop	43200	Each enactment/amendment as published: name, type and subtype (incl. Mandate-era British statutes), Knesset number, publication date, publication series, gazette number and page number.  A per-record detail endpoint was verified for this source; see the batch's detail-hops side-car. This collector fetches the list endpoint only.	no	pending-independent-probe
il-knesset-law-binding	https://knesset.gov.il/Odata/ParliamentInfo.svc/KNS_LawBinding?$top=100&$format=json	json:value	100	Knesset — law amendment graph (KNS_LawBinding)		il_legal	legal	he	il,legal,batch17,high-penetrancy,detail-hop	43200	Which enactment amends which statute: LawID, IsraelLawID, ParentLawID, binding type (original law vs amendment), amendment type (direct/indirect) and page number. Label is timestamp+numeric fallback.  A per-record detail endpoint was verified for this source; see the batch's detail-hops side-car. This collector fetches the list endpoint only.	no	pending-independent-probe
il-knesset-dates	https://knesset.gov.il/Odata/ParliamentInfo.svc/KNS_KnessetDates?$top=100&$format=json	json:value	100	Knesset — terms and sessions calendar (KNS_KnessetDates)		il_legislative	legislative	he	il,legislative,batch17,high-penetrancy	86400	Knesset term register: term name, Knesset number, assembly and plenum ordinals, plenum start and finish dates, IsCurrent.	no	pending-independent-probe
il-knesset-plm-session-item	https://knesset.gov.il/Odata/ParliamentInfo.svc/KNS_PlmSessionItem?$top=100&$format=json	json:value	100	Knesset — plenum agenda items (KNS_PlmSessionItem)		il_legislative	legislative	he	il,legislative,batch17,high-penetrancy	86400	Items on each plenary sitting agenda: item name, item type description, ordinal, status and IsDiscussion, linked by PlenumSessionID and ItemID.	no	pending-independent-probe
il-knesset-votes-header	https://knesset.gov.il/Odata/Votes.svc/View_vote_rslts_hdr_Approved?$top=100&$format=json	json:value	100	Knesset — plenum vote headers (approved)		il_legislative	legislative	he	il,legislative,batch17,high-penetrancy,detail-hop	86400	One row per plenary vote: session and item descriptions, vote item description, date and time, electronic flag, is_accepted, and the for/against/abstain totals. Pivots to the 79-row per-MK breakdown behind each vote.  A per-record detail endpoint was verified for this source; see the batch's detail-hops side-car. This collector fetches the list endpoint only.	no	pending-independent-probe
il-knesset-mk-individual	https://knesset.gov.il/Odata/Votes.svc/View_Vote_MK_Individual?$top=100&$format=json	json:value	100	Knesset — MK identity index (voting service)		il_legislative	legislative	he	il,legislative,batch17,high-penetrancy	86400	MK roster used by the voting service: vip_id, mk_individual_id, and surname and first name in both Hebrew and English. The bridge between vote rows and named people.	no	pending-independent-probe
il-knesset-mmm-documents	https://knesset.gov.il/Odata/MMM.svc/documents?$top=100&$format=json	json:value	100	Knesset Research and Information Center — documents		il_legislative	legislative	he	il,legislative,batch17,high-penetrancy,detail-hop	86400	Every MMM research paper: Hebrew and English title and abstract, publication date, system date, working days, doc type, filename, bibliography and named experts. Pivots to the authoring researchers.  A per-record detail endpoint was verified for this source; see the batch's detail-hops side-car. This collector fetches the list endpoint only.	no	pending-independent-probe
il-knesset-mmm-people	https://knesset.gov.il/Odata/MMM.svc/people?$top=100&$format=json	json:value	100	Knesset Research and Information Center — researchers		il_legislative	legislative	he	il,legislative,batch17,high-penetrancy,detail-hop	86400	The named researchers and external experts behind MMM papers: surname and first name in Hebrew and English, academic title, gender, system date. Joins to documents via document_people.  A per-record detail endpoint was verified for this source; see the batch's detail-hops side-car. This collector fetches the list endpoint only.	no	pending-independent-probe
il-knesset-mmm-keywords	https://knesset.gov.il/Odata/MMM.svc/keywords?$top=100&$format=json	json:value	100	Knesset Research and Information Center — keyword vocabulary		il_legislative	legislative	he	il,legislative,batch17,high-penetrancy	86400	Controlled subject vocabulary for MMM papers, Hebrew and English, resolving keyword_id on the document_keyword join table.	no	pending-independent-probe
il-ica-company-changes	https://data.gov.il/api/3/action/datastore_search?resource_id=28780ab5-3ef1-44c7-8377-da82c0aa6781&limit=100	json:result.records	100	Israel Registrar of Companies — changes and charges on corporations		il_company-registry	company-registry	he	il,company-registry,batch17,high-penetrancy,detail-hop	86400	Per-corporation change events: corporation number, corporation name, request type (e.g. registration of a charge/pledge), status update date, charge id and request type code. The charge/security-interest trail behind an Israeli company.  A per-record detail endpoint was verified for this source; see the batch's detail-hops side-car. This collector fetches the list endpoint only.	no	pending-independent-probe
il-ica-companies-for-deletion	https://data.gov.il/api/3/action/datastore_search?resource_id=0fd312bb-68c9-4647-b186-60c3e7b4f6f7&limit=100	json:result.records	100	Israel Registrar of Companies — companies marked for striking off		il_company-registry	company-registry	he	il,company-registry,batch17,high-penetrancy	86400	Corporations in the deletion pipeline: corporation number, Hebrew and English name, corporation type, status and sub-status (in deletion proceedings / dissolved by deletion), and publication date of the notice.	no	pending-independent-probe
il-ica-partnerships	https://data.gov.il/api/3/action/datastore_search?resource_id=139aa193-fabb-4f6b-a71b-0bb40fd73eb2&limit=100	json:result.records	100	Israel Registrar of Partnerships		il_company-registry	company-registry	he	il,company-registry,batch17,high-penetrancy	86400	Registered partnerships: partnership number, Hebrew and English name, corporation type (incl. foreign partnerships), status, incorporation date and registered address (city, street, house number).	no	pending-independent-probe
il-moj-amutot-registered	https://data.gov.il/api/3/action/datastore_search?resource_id=be5b7935-3922-45d4-9638-08871b17ec95&limit=100	json:result.records	100	Israel Registrar of Non-Profits — registered amutot		il_company-registry	company-registry	he	il,company-registry,batch17,high-penetrancy,detail-hop	86400	Full NGO register: amuta number, registration date, Hebrew and English name, status and status-update date, activity classification and registered address. 24 columns per record.  A per-record detail endpoint was verified for this source; see the batch's detail-hops side-car. This collector fetches the list endpoint only.	no	pending-independent-probe
il-moj-amutot-foreign-state-donations	https://data.gov.il/api/3/action/datastore_search?resource_id=35cb40b5-3f13-4bca-9ce2-488085913107&limit=100	json:result.records	100	Israel NGOs — donations from foreign state entities		il_company-registry	company-registry	he	il,company-registry,batch17,high-penetrancy	86400	Statutory foreign-funding disclosures: amuta number, amuta name, date the donation was received, the NAMED foreign political entity that gave it, and the donor-entity type code. Direct foreign-influence tracing.	no	pending-independent-probe
il-moj-amutot-good-standing	https://data.gov.il/api/3/action/datastore_search?resource_id=cb12ac14-7429-4268-bc03-460f48157858&limit=100	json:result.records	100	Israel NGOs — proper management certificate (ishur nihul takin)		il_company-registry	company-registry	he	il,company-registry,batch17,high-penetrancy	86400	Year-by-year compliance certificate status per amuta: amuta number and name, certificate year, whether an application was filed, whether the certificate was granted, and last record update.	no	pending-independent-probe
il-moj-public-benefit-companies	https://data.gov.il/api/3/action/datastore_search?resource_id=85e40960-5426-4f4c-874f-2d1ec1b94609&limit=100	json:result.records	100	Israel Registrar — public benefit companies (chevrot le-toelet ha-tsibur)		il_company-registry	company-registry	he	il,company-registry,batch17,high-penetrancy	86400	CLG-equivalent public benefit companies: registration number, registration date, Hebrew and English name, status, formal objects and activity classification.	no	pending-independent-probe
il-official-receiver-liquidations	https://data.gov.il/api/3/action/datastore_search?resource_id=d8715392-287f-49b7-9ae3-f21ec5bf55f3&limit=100	json:result.records	100	Israel Official Receiver — companies in liquidation		il_insolvency	insolvency	he	il,insolvency,batch17,high-penetrancy	86400	Court liquidation files: file id, company city of operation, file status, petition filing date, date the winding-up order was granted, and date the order was cancelled or frozen.	no	pending-independent-probe
il-official-receiver-debt-claims	https://data.gov.il/api/3/action/datastore_search?resource_id=3cb25b2e-a501-4870-86a6-30be8d8e80a5&limit=100	json:result.records	100	Israel Official Receiver — proofs of debt in bankruptcy and liquidation		il_insolvency	insolvency	he	il,insolvency,batch17,high-penetrancy	86400	Creditor claims filed against insolvent estates: claimant class (private/institutional), claim status, system (bankruptcy vs liquidation), debt creation date and the case id the claim attaches to.	no	pending-independent-probe
il-official-receiver-bankruptcies	https://data.gov.il/api/3/action/datastore_search?resource_id=2156937e-524a-4511-907d-5470a6a5264f&limit=100	json:result.records	100	Israel Official Receiver — individual bankruptcy debtors		il_insolvency	insolvency	he	il,insolvency,batch17,high-penetrancy	86400	Personal bankruptcy files: running file number, debtor's city of residence, name of the district court, file status, file opening date, receivership order date and subsequent order dates.	no	pending-independent-probe
il-voluntary-liquidation-fast-track	https://data.gov.il/api/3/action/datastore_search?resource_id=6f3f0df3-5968-4135-81c5-8dd76bf89410&limit=100	json:result.records	100	Israel — companies in expedited voluntary liquidation		il_insolvency	insolvency	he	il,insolvency,batch17,high-penetrancy	86400	Fast-track voluntary winding-up: company number, Hebrew and English name, corporation type, current status, date the liquidation request was approved, expected dissolution date and sub-status.	no	pending-independent-probe
il-pledges-registry	https://data.gov.il/api/3/action/datastore_search?resource_id=e7266a9c-fed6-40e4-a28e-8cddc9f44842&limit=100	json:result.records	100	Israel Registrar of Pledges (rasham ha-mashkonot)		il_company-registry	company-registry	he	il,company-registry,batch17,high-penetrancy	86400	Secured-interest register: pledge id, registration date, registration status, reason-for-status and status date, asset registration date and asset removal date. Collateral history on Israeli debtors.	no	pending-independent-probe
il-hekdeshot-trusts	https://data.gov.il/api/3/action/datastore_search?resource_id=f70898aa-9d47-47b2-b1bc-ec736b76bfe2&limit=100	json:result.records	100	Israel Registrar of Public Trusts (hekdeshot)		il_company-registry	company-registry	he	il,company-registry,batch17,high-penetrancy	86400	Public endowment/trust register: file number, registration date, trust name, stated purposes and funding method. Sibling resources on the same dataset carry the trust's real estate and remaining asset balances.	no	pending-independent-probe
il-political-parties	https://data.gov.il/api/3/action/datastore_search?resource_id=1dbfc053-e92f-4354-92d6-1b99aadb20d7&limit=100	json:result.records	100	Israel Registrar of Political Parties		il_government	government	he	il,government,batch17,high-penetrancy	86400	Registered political parties: party name, registrar party number and the party's full declared objects text.	no	pending-independent-probe
il-notaries	https://data.gov.il/api/3/action/datastore_search?resource_id=3ead5fae-3513-46f8-a458-959ea3e035ae&limit=100	json:result.records	100	Israel — licensed notaries register		il_professional-register	professional-register	he	il,professional-register,batch17,high-penetrancy	86400	Named notaries with licence file number, full name, town and the languages they are certified to notarise in.	no	pending-independent-probe
il-certified-accountants	https://data.gov.il/api/3/action/datastore_search?resource_id=7e86def9-0899-45f4-8942-d6fe38482b1a&limit=100	json:result.records	100	Israel — certified public accountants register		il_professional-register	professional-register	he	il,professional-register,batch17,high-penetrancy	86400	CPA roll: licence number, date the licence was granted, first and last name, town, and practice status (including self-declared non-practising).	no	pending-independent-probe
il-real-estate-brokers	https://data.gov.il/api/3/action/datastore_search?resource_id=a0f56034-88db-4132-8803-854bcdb01ca1&limit=100	json:result.records	100	Israel — licensed real estate brokers		il_professional-register	professional-register	he	il,professional-register,batch17,high-penetrancy	86400	Active licensed brokers: licence number, broker full name and city of residence.	no	pending-independent-probe
il-private-investigators	https://data.gov.il/api/3/action/datastore_search?resource_id=a9ddb445-825f-4635-a573-fe82d2a95bf0&limit=100	json:result.records	100	Israel — licensed private investigators		il_professional-register	professional-register	he	il,professional-register,batch17,high-penetrancy	86400	Named licensed private investigators with surname, first name and licence number.	no	pending-independent-probe
il-land-appraisers	https://data.gov.il/api/3/action/datastore_search?resource_id=8540534a-eccd-4568-a677-652d589ed172&limit=100	json:result.records	100	Israel — licensed land appraisers (shamai mekarke'in)		il_professional-register	professional-register	he	il,professional-register,batch17,high-penetrancy	86400	Appraiser roll: appraiser name, licence number, file number and city.	no	pending-independent-probe
il-patent-attorneys	https://data.gov.il/api/3/action/datastore_search?resource_id=0ff306c2-1ad9-4974-a2be-0420acf35685&limit=100	json:result.records	100	Israel — register of patent attorneys		il_professional-register	professional-register	he	il,professional-register,batch17,high-penetrancy	86400	Patent attorney roll with licence number, title, surname and first name, year entered on the register, fee year paid, EMAIL ADDRESS, street address, town and postcode.	no	pending-independent-probe
il-authorized-prosecutors	https://data.gov.il/api/3/action/datastore_search?resource_id=19ea0497-654a-4417-aa7a-0426a99ef946&limit=100	json:result.records	100	Israel — prosecutors authorised by the Attorney General		il_legal	legal	he	il,legal,batch17,high-penetrancy	43200	Named external and internal prosecutors carrying AG authorisation: first and last name, prosecutor type, statutory basis of the authorisation, the requesting public body, authorisation start and end dates and termination reason.	no	pending-independent-probe
il-state-lawyer-engagements	https://data.gov.il/api/3/action/datastore_search?resource_id=81108843-f82c-4d35-92fe-ddb9e9aad405&limit=100	json:result.records	100	Israel — state engagements with external law firms		il_procurement	procurement	he	il,procurement,batch17,high-penetrancy	21600	Committee for the engagement of external counsel: request id, the government body making the request, request date, and the NAMED law firms considered or selected with the selection method. Government-to-private-counsel money trail.	no	pending-independent-probe
il-trademarks	https://data.gov.il/api/3/action/datastore_search?resource_id=6284d4a9-fdd4-45c9-a1d6-58143c7d8127&limit=100	json:result.records	100	Israel Trademark Office — trademark register		il_ip-registry	ip-registry	he	il,ip-registry,batch17,high-penetrancy	86400	Trademark records: mark number, figurative flag, link to the official extract on trademarks.justice.gov.il, legal state, national vs international, international mark number, and mark description in Hebrew and English.	no	pending-independent-probe
il-trademark-holders	https://data.gov.il/api/3/action/datastore_search?resource_id=d4a365c7-357a-4172-8815-1a6650e848e2&limit=100	json:result.records	100	Israel Trademark Office — holders and licensees		il_ip-registry	ip-registry	he	il,ip-registry,batch17,high-penetrancy	86400	The owner-behind-the-mark table: national mark number, client type (individual / foreign corporation), client number, client name in Hebrew and English, client standing (owner vs licensee) and lead-client flag.	no	pending-independent-probe
il-patent-applications	https://data.gov.il/api/3/action/datastore_search?resource_id=adca9a88-bf91-462a-8a49-62381af9b588&limit=100	json:result.records	100	Israel Patent Office — patent applications		il_ip-registry	ip-registry	he	il,ip-registry,batch17,high-penetrancy	86400	Patent applications back to 1917: application number, request and filing dates, invention title in Hebrew and English, international application number and publication number.	no	pending-independent-probe
il-patent-applicants	https://data.gov.il/api/3/action/datastore_search?resource_id=b2b87f6c-832c-410d-a753-c52ec15cd793&limit=100	json:result.records	100	Israel Patent Office — applicants behind patent applications		il_ip-registry	ip-registry	he	il,ip-registry,batch17,high-penetrancy	86400	Applicant entity per application: application number, invention title in Hebrew and English, APPLICANT NAME and APPLICANT ADDRESS in Hebrew and English. Links inventions to named companies and firms.	no	pending-independent-probe
il-patent-inventors	https://data.gov.il/api/3/action/datastore_search?resource_id=abd0e8c3-0b0d-4581-9166-923a3b21bdda&limit=100	json:result.records	100	Israel Patent Office — named inventors		il_ip-registry	ip-registry	he	il,ip-registry,batch17,high-penetrancy	86400	Inventor names attached to each patent application, in Hebrew and English, with the invention title. Sample record is an electromagnetic gun system — includes defence-adjacent filings.	no	pending-independent-probe
il-inheritance-registrar	https://data.gov.il/api/3/action/datastore_search?resource_id=7691b4a2-fe1d-44ec-9f1b-9f2f0a15381b&limit=100	json:result.records	100	Israel Registrar of Inheritance — applications filed		il_legal	legal	he	il,legal,batch17,high-penetrancy	43200	Succession applications: filing date, application type (succession order vs probate), district, whether represented by counsel, application status, publication date and the newspaper that published the notice.	no	pending-independent-probe
il-human-trafficking-cases	https://data.gov.il/api/3/action/datastore_search?resource_id=329b3f63-fa09-44e7-bddf-286c7f8e3999&limit=100	json:result.records	100	Israel — anti human-trafficking coordination unit case file		il_law-enforcement	law-enforcement	he	il,law-enforcement,batch17,high-penetrancy	86400	Cases handled by the National Anti-Trafficking Coordinator: case status and status date, opening and closing dates, case type, referral status and date, case subject (e.g. slavery) and the referring body.	no	pending-independent-probe
il-appeals-tribunal-decisions	https://data.gov.il/api/3/action/datastore_search?resource_id=b9580b33-6b41-4ca3-b6e1-eb4bbf96a318&limit=100	json:result.records	100	Israel Appeals Tribunal (immigration/entry) — decisions register		il_legal	legal	he	il,legal,batch17,high-penetrancy	43200	Tribunal decision index: application number, case number, which tribunal (e.g. Beer Sheva), the NAMED adjudicator, decision date, application type and subject (e.g. family reunification).	no	pending-independent-probe
il-decisive-appraisals	https://data.gov.il/api/3/action/datastore_search?resource_id=c4e178ff-9038-45f4-9dd1-fe7aeea6f70c&limit=100	json:result.records	100	Israel — decisive land appraisal decisions (shumot machriot)		il_legal	legal	en	il,legal,batch17,high-penetrancy	43200	Betterment-levy appraisal rulings with English column names: appraisal_header naming both parties, appraisal_type, appraiser_type, block and parcel, and the local planning committee. Names private parties against municipal committees.	no	pending-independent-probe
il-databases-registry	https://data.gov.il/api/3/action/datastore_search?resource_id=fd56bf5b-7918-4906-99e4-b0e5102ae268&limit=100	json:result.records	100	Israel Privacy Protection Authority — registry of personal databases		il_government	government	he	il,government,batch17,high-penetrancy	86400	Registered personal-data databases: database number, OWNER ID NUMBER (corporate registration number), owner full name, database name, and the owner's city, street, house number and postbox. Maps which company holds which personal dataset.	no	pending-independent-probe
il-police-crime-records	https://data.gov.il/api/3/action/datastore_search?resource_id=e311b6a1-be5a-4a82-8298-f3afbee07b6b&limit=100	json:result.records	100	Israel Police — crime case records by area and quarter		il_law-enforcement	law-enforcement	he	il,law-enforcement,batch17,high-penetrancy	86400	Case-level crime records with a fictive case id, year and quarter, locality code and name, and the full police hierarchy: district code and name, region code and name, station code and name, plus offence grouping.	no	pending-independent-probe
sa-etimad-tenders	https://tenders.etimad.sa/Tender/AllSupplierTendersForVisitorAsync?PageSize=100&PageNumber=1	json:data	24	Saudi Arabia Etimad — public tenders (visitor feed)		sa_procurement	procurement	ar	sa,procurement,batch17,high-penetrancy	21600	Live national procurement feed: tender name and number, reference number, contracting AGENCY NAME and branch name, tender type and status, activity classification, conditions-booklet price, financial fees, invitation cost, and last-enquiry / offer-submission / offer-opening dates in both Gregorian and Hijri. Opaque per-tender id tenderIdString is present but the detail page is JS-challenge protected.	no	pending-independent-probe
sa-etimad-agencies	https://tenders.etimad.sa/Tender/GetAllAgenciesAsync	json-array	1814	Saudi Arabia Etimad — government contracting agencies		sa_procurement	procurement	ar	sa,procurement,batch17,high-penetrancy	21600	Complete roster of 1,814 Saudi government contracting entities: government agency code, agency code, Arabic and English name, and legacy-system flag. Resolves agencyCode on every Etimad tender.	no	pending-independent-probe
sa-etimad-regions	https://tenders.etimad.sa/Tender/GetAreasAsync	json-array	13	Saudi Arabia Etimad — administrative regions		sa_procurement	procurement	ar	sa,procurement,batch17,high-penetrancy	21600	The 13 Saudi administrative regions with id and Arabic name, used to geo-filter the Etimad tender feed.	no	pending-independent-probe
tr-izmir-council-members	https://acikveri.bizizmir.com/api/3/action/datastore_search?resource_id=ecc81700-8701-482e-8298-4a333f74a945&limit=100	json:result.records	100	Izmir Metropolitan Municipality — council members		tr_government	government	tr	tr,government,batch17,high-penetrancy	86400	Named elected council members: serial number, FULL NAME, office held (e.g. Metropolitan Mayor), profession and level of education. New host, not previously in the tree.	no	pending-independent-probe
tr-izmir-sister-cities	https://acikveri.bizizmir.com/api/3/action/datastore_search?resource_id=c351510c-107c-4ab5-bc62-dc6b27834ca7&limit=100	json:result.records	51	Izmir — sister-city and cooperation protocols		tr_government	government	tr	tr,government,batch17,high-penetrancy	86400	Municipal foreign relations: agreement type (cooperation protocol / sister city), domestic vs foreign, partner COUNTRY and CITY, council resolution number and council resolution date.	no	pending-independent-probe
bh-national-exports-2025	https://data.gov.bh/api/explore/v2.1/catalog/datasets/national-export-1-2025/records?limit=100	json:results	100	Bahrain — national-origin exports 2025 (HS line items)		bh_trade	trade	en	bh,trade,batch17,high-penetrancy,detail-hop	86400	19,901 customs line items: year, month, 8-digit HS commodity code, commodity description (EN and AR), UN country code and destination country name (EN and AR), export value in BHD and USD, weight in kg, quantity and unit of measure. Filterable by partner country, which makes it a working trade-partner pivot for UAE, Saudi and Qatar.  A per-record detail endpoint was verified for this source; see the batch's detail-hops side-car. This collector fetches the list endpoint only.	no	pending-independent-probe
bh-total-exports-2026	https://data.gov.bh/api/explore/v2.1/catalog/datasets/total-exports-2026/records?limit=100	json:results	100	Bahrain — total exports 2026 (HS line items)		bh_trade	trade	en	bh,trade,batch17,high-penetrancy	86400	24,241 current-year export line items with the same schema: HS code, commodity in English and Arabic, UN code and destination country, value in BHD and USD, weight, quantity and unit.	no	pending-independent-probe
bh-imports-2021	https://data.gov.bh/api/explore/v2.1/catalog/datasets/05-import-2021/records?limit=100	json:results	100	Bahrain — imports 2021 (HS line items)		bh_trade	trade	en	bh,trade,batch17,high-penetrancy	86400	314,055 import line items: month, HS code, commodity in English and Arabic, origin country code and name, import value in BHD and USD, weight in kg, quantity and unit of measure.	no	pending-independent-probe
bh-fdi-stocks-by-country	https://data.gov.bh/api/explore/v2.1/catalog/datasets/01-foreign-direct-investment-stocks-in-bhd-millions-classified-by-country/records?limit=100	json:results	100	Bahrain — inward FDI stocks by counterparty country		bh_finance	finance	en	bh,finance,batch17,high-penetrancy	86400	Annual FDI stock in BHD millions per source country, with geographical region and geographical group classification. Includes offshore jurisdictions such as the Bahamas.	no	pending-independent-probe
bh-quarterly-fdi-stocks	https://data.gov.bh/api/explore/v2.1/catalog/datasets/18-quarterly-fdi-stocks-in-bhd-millions-by-country/records?limit=100	json:results	100	Bahrain — quarterly inward FDI stocks by country		bh_finance	finance	en	bh,finance,batch17,high-penetrancy	86400	Quarterly FDI stock in BHD millions by counterparty country with year, quarter, geographical region and group. 4,347 rows, current through 2026 Q1.	no	pending-independent-probe
bh-travel-cargo-establishments	https://data.gov.bh/api/explore/v2.1/catalog/datasets/travel-and-cargo-services/records?limit=100	json:results	100	Bahrain — travel and cargo service establishments		bh_company-registry	company-registry	en	bh,company-registry,batch17,high-penetrancy	86400	352 NAMED commercial establishments: trading name in English and Arabic, activity type and subtype in both languages (e.g. boat rentals), block number and longitude/latitude. A geolocated business directory, not a statistical table.	no	pending-independent-probe
bh-monitoring-stations	https://data.gov.bh/api/explore/v2.1/catalog/datasets/geographical-location-of-the-stations/records?limit=100	json:results	20	Bahrain — air quality monitoring stations		bh_statistics	statistics	en	bh,statistics,batch17,high-penetrancy	86400	Named stations with English and Arabic name, operational status, station type (urban/industrial), latitude and longitude in DMS and decimal, and a geo_point field.	no	pending-independent-probe
qa-judges-at-courts	https://www.data.gov.qa/api/explore/v2.1/catalog/datasets/judges-serving-at-courts-by-job-title-nationality-and-gender0/records?limit=100	json:results	100	Qatar — judges serving at courts by title and nationality		qa_legal	legal	en	qa,legal,batch17,high-penetrancy	43200	Judicial bench composition by year: job title in English and Arabic (down to Vice-President of the Supreme Court), Qatari vs non-Qatari nationality, gender and headcount. Shows the foreign-national share of the Qatari judiciary.	no	pending-independent-probe
qa-traffic-casualties-by-department	https://www.data.gov.qa/api/explore/v2.1/catalog/datasets/number-of-deaths-and-injuries-from-traffic-accidents-by-traffic-department-affected-person-location-and-gender/records?limit=100	json:results	100	Qatar — traffic casualties by traffic department		qa_law-enforcement	law-enforcement	en	qa,law-enforcement,batch17,high-penetrancy	86400	720 rows: year, NAMED traffic department (e.g. Al Shamal), role of the affected person (driver/passenger/pedestrian), gender, outcome (death vs injury) and headcount, each with an Arabic parallel column.	no	pending-independent-probe
qa-environmental-monitoring	https://www.data.gov.qa/api/explore/v2.1/catalog/datasets/plastic-debris-density0/records?limit=100	json:results	100	Qatar — coastal environmental monitoring by location		qa_statistics	statistics	en	qa,statistics,batch17,high-penetrancy	86400	728 measurements: named parameter (English and Arabic), named monitoring location including the national permissible maximum, measured value and year.	no	pending-independent-probe
om-data-portal-search	https://data.gov.om/api/1.0/search?query=oman&host=data.gov.om	json:items	42	Oman national data portal — dataset and indicator search		om_statistics	statistics	en	om,statistics,batch17,high-penetrancy	86400	Knoema-backed search over the Omani national data portal: each item carries title, short title, region object with ISO code, indicator, keywords, popularity rank and a resolvable dataset url plus previewUrl/embedUrl. The only Omani endpoint that answered — data.gov.om serves nothing on CKAN or ODS API shapes.	no	pending-independent-probe
in-nse-corp-announcements-equities	https://www.nseindia.com/api/corporate-announcements?index=equities	json-array	20	NSE India - corporate announcements (equities)		in_corporate-disclosure	corporate-disclosure	en	in,corporate-disclosure,batch17,high-penetrancy	86400	Live regulated-disclosure stream for every NSE-listed Indian company. Per filing: sm_name (company legal name), sm_isin, symbol, smIndustry, an_dt and exchdisstime (filing vs dissemination time), desc (disclosure category), attchmntText (full narrative of what was disclosed) and attchmntFile (direct PDF URL), plus hasXbrl and seq_id.	no	pending-independent-probe
in-nse-corp-announcements-sme	https://www.nseindia.com/api/corporate-announcements?index=sme	json-array	20	NSE Emerge - corporate announcements (SME board)		in_corporate-disclosure	corporate-disclosure	en	in,corporate-disclosure,batch17,high-penetrancy	86400	Same disclosure schema restricted to the NSE Emerge SME platform, where smaller and less-scrutinised issuers file. Gives sm_name, sm_isin, symbol, filing timestamp, disclosure category and the attachment PDF for each SME filing.	no	pending-independent-probe
in-nse-corp-announcements-debt	https://www.nseindia.com/api/corporate-announcements?index=debt	json-array	4	NSE India - debt-segment corporate announcements		in_corporate-disclosure	corporate-disclosure	en	in,corporate-disclosure,batch17,high-penetrancy	86400	Disclosures by issuers of listed debt (NBFCs, private placements, municipal bonds). Same fields as the equity feed: issuer name, ISIN, timestamp, narrative text and PDF. Surfaces entities with no listed equity that are otherwise invisible in market data.	no	pending-independent-probe
in-nse-corp-announcements-invits-reits	https://www.nseindia.com/api/corporate-announcements?index=invitsreits	json-array	20	NSE India - InvIT and REIT announcements		in_corporate-disclosure	corporate-disclosure	en	in,corporate-disclosure,batch17,high-penetrancy	86400	Disclosure feed for Indian infrastructure investment trusts and real-estate investment trusts (Cube Highways Trust, Nxt-Infra Trust and peers): trust name, ISIN, filing time, category and the underlying document URL. These vehicles hold road, power and property assets and rarely appear in company-registry data.	no	pending-independent-probe
in-nse-corp-announcements-mf	https://www.nseindia.com/api/corporate-announcements?index=mf	json-array	9	NSE India - mutual fund / ETF announcements		in_corporate-disclosure	corporate-disclosure	en	in,corporate-disclosure,batch17,high-penetrancy	86400	AMC-level filings for exchange-traded funds and closed-end schemes: fund house name, scheme symbol, NAV declarations, timestamp and narrative text.	no	pending-independent-probe
in-nse-board-meetings-equities	https://www.nseindia.com/api/corporate-board-meetings?index=equities	json-array	20	NSE India - board meeting intimations (equities)		in_corporate-disclosure	corporate-disclosure	en	in,corporate-disclosure,batch17,high-penetrancy	86400	Forward-looking board-meeting calendar: sm_name (company), bm_symbol, sm_isin, bm_date (the meeting date), bm_purpose and bm_desc (what will be considered - results, fund raising, ESOP, capital increase, arrangement schemes), bm_timestamp and the intimation attachment. Advance signal of corporate events before they happen.	no	pending-independent-probe
in-nse-board-meetings-sme	https://www.nseindia.com/api/corporate-board-meetings?index=sme	json-array	20	NSE Emerge - board meeting intimations (SME)		in_corporate-disclosure	corporate-disclosure	en	in,corporate-disclosure,batch17,high-penetrancy	86400	Board-meeting calendar for the SME platform: company name, symbol, meeting date, stated purpose and full description of the agenda, plus the filed intimation document.	no	pending-independent-probe
in-nse-corporate-actions-equities	https://www.nseindia.com/api/corporates-corporateActions?index=equities	json-array	20	NSE India - corporate actions (equities)		in_corporate-disclosure	corporate-disclosure	en	in,corporate-disclosure,batch17,high-penetrancy	86400	Dividends, splits, bonuses, rights and buybacks: comp (company name), isin, symbol, series, faceVal, subject (the action and its rupee terms), exDate, recDate, book-closure and no-delivery windows. Ties a named issuer to a dated cash or equity event.	no	pending-independent-probe
in-nse-corporate-actions-sme	https://www.nseindia.com/api/corporates-corporateActions?index=sme	json-array	16	NSE Emerge - corporate actions (SME)		in_corporate-disclosure	corporate-disclosure	en	in,corporate-disclosure,batch17,high-penetrancy	86400	Dividend / split / bonus actions on the SME board with company name, ISIN, symbol, face value, ex-date and record date.	no	pending-independent-probe
in-nse-corporate-actions-debt	https://www.nseindia.com/api/corporates-corporateActions?index=debt	json-array	99	NSE India - debt corporate actions (interest and redemption)		in_corporate-disclosure	corporate-disclosure	en	in,corporate-disclosure,batch17,high-penetrancy	86400	Interest-payment and redemption events on listed debt, including municipal issuers such as Ahmedabad Municipal Corporation: comp (issuer), isin, symbol, faceVal (coupon), subject (Interest Payment / Redemption), recDate and series. Maps bond ISINs to named public and private issuers.	no	pending-independent-probe
in-nse-financial-results-equities	https://www.nseindia.com/api/corporates-financial-results?index=equities&period=Quarterly	json-array	3816	NSE India - quarterly financial results filings (equities)		in_corporate-disclosure	corporate-disclosure	en	in,corporate-disclosure,batch17,high-penetrancy	86400	3,816 quarterly-results filings in one response: companyName, isin, symbol, audited/un-audited flag, consolidated vs standalone, financialYear, fromDate/toDate of the period, filingDate, broadCastDate, exchdisstime, indAs format and the XBRL/PDF link. A complete filing-history spine for listed Indian issuers.	no	pending-independent-probe
in-nse-financial-results-sme	https://www.nseindia.com/api/corporates-financial-results?index=sme&period=Quarterly	json-array	680	NSE Emerge - quarterly financial results filings (SME)		in_corporate-disclosure	corporate-disclosure	en	in,corporate-disclosure,batch17,high-penetrancy	86400	680 SME-platform results filings with companyName, ISIN, audit status, consolidation basis, reporting period, filing and dissemination timestamps and the results document.	no	pending-independent-probe
in-nse-credit-ratings	https://www.nseindia.com/api/corporate-credit-rating?index=equities	json-array	244	NSE India - credit rating actions		in_corporate-disclosure	corporate-disclosure	en	in,corporate-disclosure,batch17,high-penetrancy	86400	244 credit-rating disclosures: CompanyName (including unlisted borrowers marked NOTLISTED), ISIN, NameOfCRAgency (CRISIL, ICRA, Infomerics, CARE...), CreditRating, RatingAction (Reaffirm / Upgrade / Downgrade), DateofCR and BroadcastDateTime. Links a named borrower to a dated rating action and the agency that issued it.	no	pending-independent-probe
in-nse-upcoming-issues-ipo	https://www.nseindia.com/api/all-upcoming-issues?category=ipo	json-array	4	NSE India - open and upcoming IPOs		in_markets	markets	en	in,markets,batch17,high-penetrancy	86400	Currently open public issues: companyName, symbol, series, issueStartDate, issueEndDate, issuePrice band, issueSize (shares) and status. Identifies companies raising public money right now.	no	pending-independent-probe
in-nse-bulk-block-deals	https://www.nseindia.com/api/snapshot-capital-market-largedeal	json:BULK_DEALS_DATA	199	NSE India - bulk and block deals (large trades with counterparty names)		in_markets	markets	en	in,markets,batch17,high-penetrancy	86400	High-penetrancy: names the actual counterparty behind each large trade. Per deal: clientName (the buying/selling entity, e.g. ARIHANT CAPITAL MARKETS LIMITED), name (the traded company), symbol, buySell direction, qty, watp (weighted average traded price), date and remarks. This is a named-entity-to-named-entity transaction record.	no	pending-independent-probe
in-nse-daily-reports-capital	https://www.nseindia.com/api/merged-daily-reports?key=favCapital	json-array	9	NSE India - daily capital-market report files		in_markets	markets	en	in,markets,batch17,high-penetrancy	86400	Directory of the day's official bhavcopy and surveillance report archives: name (report title), type, category, section and a direct link to each CSV/ZIP on nsearchives.nseindia.com. Entry point to the full daily trade and price record.	no	pending-independent-probe
in-nse-all-indices	https://www.nseindia.com/api/allIndices	json:data	139	NSE India - all indices snapshot		in_markets	markets	en	in,markets,batch17,high-penetrancy	86400	139 index rows: key (index group), index and indexSymbol, last/open/high/low/previousClose, variation and percentChange, yearHigh/yearLow, pe, pb, dy, advances/declines/unchanged counts and 30d/365d change. Sector-level market state for India.	no	pending-independent-probe
in-nse-trading-holidays	https://www.nseindia.com/api/holiday-master?type=trading	json:CD	24	NSE India - trading holiday calendar		in_markets	markets	en	in,markets,batch17,high-penetrancy	86400	Official market-closure calendar per segment: tradingDate, weekDay, description (the reason, including one-off closures such as a Maharashtra municipal election) and morning/evening session flags. Useful for dating gaps in any Indian market time series.	no	pending-independent-probe
in-nse-equity-derivatives-live	https://www.nseindia.com/api/liveEquity-derivatives?index=nse50_opt	json:data	1560	NSE India - live index option contracts		in_markets	markets	en	in,markets,batch17,high-penetrancy	86400	1,560 live derivative contracts: identifier (unique contract code), underlying, instrumentType, contract, expiryDate, optionType, strikePrice, lastPrice, change, pChange, open/high/low and volume. Contract-level granularity on Indian index derivatives.	no	pending-independent-probe
in-mfapi-scheme-master	https://api.mfapi.in/mf	json-array	37764	India mutual fund scheme master (AMFI-derived)		in_markets	markets	en	in,markets,batch17,high-penetrancy	86400	Full master list of 37,764 Indian mutual fund schemes: schemeCode (the AMFI code used as the join key everywhere), schemeName, isinGrowth and isinDivReinvestment. Resolves an Indian mutual fund ISIN or scheme code to its official name and fund house.	no	pending-independent-probe
in-mfapi-scheme-search	https://api.mfapi.in/mf/search?q=infrastructure	json-array	15	India mutual fund scheme name search		in_markets	markets	en	in,markets,batch17,high-penetrancy	86400	Name-pivot over the Indian mutual fund universe: returns schemeCode and schemeName for every scheme matching a free-text query. Dispatchable with a fund house or sponsor name to enumerate all of its schemes.	no	pending-independent-probe
in-niti-press-releases	https://niti.gov.in/jsonapi/node/press_releases?page%5Blimit%5D=50	json:data	50	NITI Aayog - press releases (Drupal JSON:API)		in_gov-publications	gov-publications	en	in,gov-publications,batch17,high-penetrancy	86400	Official releases from India's central policy think tank, delivered as JSON:API: stable uuid at the record root plus attributes.title, attributes.created/changed, body and the attached document fields. The only Indian central-government host of ~25 swept with JSON:API left open.	no	pending-independent-probe
in-niti-archive-tender	https://niti.gov.in/jsonapi/node/archive_tender?page%5Blimit%5D=50	json:data	50	NITI Aayog - tender archive		in_procurement	procurement	en	in,procurement,batch17,high-penetrancy	21600	Historic NITI Aayog tenders as structured nodes: uuid, attributes.title (tender subject), created and changed dates, and the attached tender document. A procurement trail for a central body whose tenders are otherwise only on CPPP HTML.	no	pending-independent-probe
in-niti-rti-foreign-visits	https://niti.gov.in/jsonapi/node/rti_foreign_visits?page%5Blimit%5D=50	json:data	23	NITI Aayog - RTI proactive disclosure: foreign visits		in_transparency	transparency	en	in,transparency,batch17,high-penetrancy	86400	Section 4(1)(b) RTI proactive disclosure of official foreign travel by NITI Aayog officials: uuid, attributes.title naming the visit, publication dates and the linked disclosure document. Direct official-travel record for named public servants.	no	pending-independent-probe
in-niti-official-notifications	https://niti.gov.in/jsonapi/node/official_notification_from_integ?page%5Blimit%5D=50	json:data	7	NITI Aayog - official notifications		in_gov-publications	gov-publications	en	in,gov-publications,batch17,high-penetrancy	86400	Formal notifications issued by NITI Aayog with uuid, attributes.title, issue and change timestamps and the notification file.	no	pending-independent-probe
in-niti-whats-new	https://niti.gov.in/jsonapi/node/whats_new?page%5Blimit%5D=50	json:data	47	NITI Aayog - what's new feed		in_gov-publications	gov-publications	en	in,gov-publications,batch17,high-penetrancy	86400	Rolling notice board of new NITI Aayog items (vacancies, consultations, launches) with uuid, attributes.title, created/changed timestamps and attachment links.	no	pending-independent-probe
in-niti-reports-publications	https://niti.gov.in/jsonapi/node/reports_and_publication?page%5Blimit%5D=50	json:data	44	NITI Aayog - reports and publications		in_gov-publications	gov-publications	en	in,gov-publications,batch17,high-penetrancy	86400	44 policy reports with uuid, attributes.title, full body text, publication dates and the PDF file reference. Response is ~1.5 MB, i.e. the body text comes down with the record.	no	pending-independent-probe
in-niti-annual-report	https://niti.gov.in/jsonapi/node/annual_report?page%5Blimit%5D=50	json:data	17	NITI Aayog - annual reports		in_gov-publications	gov-publications	en	in,gov-publications,batch17,high-penetrancy	86400	Annual report series as structured nodes: uuid, attributes.title (year), created/changed dates and the report document link.	no	pending-independent-probe
in-niti-report	https://niti.gov.in/jsonapi/node/report?page%5Blimit%5D=50	json:data	1	NITI Aayog - report node collection		in_gov-publications	gov-publications	en	in,gov-publications,batch17,high-penetrancy	86400	Separate 'report' content type on the same JSON:API tree: uuid, attributes.title, timestamps and file reference. Small but distinct from reports_and_publication.	no	pending-independent-probe
np-bipad-loss	https://bipadportal.gov.np/api/v1/loss/?format=json&limit=50	json:results	50	Nepal BIPAD - disaster loss records		np_disaster	disaster	en	np,disaster,batch17,high-penetrancy	86400	The loss record behind each Nepali disaster incident: peopleDeathCount broken out by male/female/other/unknown/disabled, peopleMissing and peopleInjured with the same breakdown, peopleAffectedCount, familyAffected/Relocated/Evacuated, livestockDestroyedCount, infrastructureDestroyed by house/road/bridge/electricity, infrastructureEconomicLoss, agricultureEconomicLoss and estimatedLoss, plus createdOn/modifiedOn.	no	pending-independent-probe
np-bipad-resource	https://bipadportal.gov.np/api/v1/resource/?format=json&limit=50	json:results	50	Nepal BIPAD - critical facility register (health, education, security)		np_infrastructure	infrastructure	en	np,infrastructure,batch17,high-penetrancy,detail-hop	43200	Named facility register with geometry: title, resourceType (health / education / financial institution / security), GeoJSON point, ward id, dataSource and lastModifiedDate. The detail record adds staffing (noOfEmployee split by sex and disability), phoneNumber, emailAddress, website, localAddress, opening hours and accessibility flags.  A per-record detail endpoint was verified for this source; see the batch's detail-hops side-car. This collector fetches the list endpoint only.	no	pending-independent-probe
np-bipad-organization	https://bipadportal.gov.np/api/v1/organization/?format=json&limit=50	json:results	50	Nepal BIPAD - registered disaster-response organizations		np_organizations	organizations	en	np,organizations,batch17,high-penetrancy,detail-hop	86400	Organization register: title (e.g. DAO Sindhupalchok), shortName, longName, description, level, startingDateAd, point geometry, and the province/district/municipality/ward it is bound to plus responsibleFor scope. Detail endpoint verified with id 2.  A per-record detail endpoint was verified for this source; see the batch's detail-hops side-car. This collector fetches the list endpoint only.	no	pending-independent-probe
np-bipad-municipality-contact	https://bipadportal.gov.np/api/v1/municipality-contact/?format=json&limit=50	json:results	24	Nepal BIPAD - named municipal officials and DRR focal persons		np_people	people	en	np,people,batch17,high-penetrancy	86400	Named individuals with contact details: name (e.g. Jayaram K.C.), position (C.O.), email, workNumber, mobileNumber, isDrrFocalPerson flag, committee membership, communityAddress, point geometry and the organization / province / district they belong to. Person-level penetrancy into Nepali local government.	no	pending-independent-probe
np-bipad-earthquake	https://bipadportal.gov.np/api/v1/earthquake/?format=json&limit=50	json:results	50	Nepal BIPAD - earthquake catalogue		np_disaster	disaster	en	np,disaster,batch17,high-penetrancy,detail-hop	86400	National Seismological Centre earthquake catalogue: description (source), magnitude, GeoJSON epicentre point, address (district), eventOn timestamp and the ward/municipality/district/province codes. Detail endpoint verified with id 698.  A per-record detail endpoint was verified for this source; see the batch's detail-hops side-car. This collector fetches the list endpoint only.	no	pending-independent-probe
np-bipad-river-stations	https://bipadportal.gov.np/api/v1/river-stations/?format=json&limit=50	json:results	50	Nepal BIPAD - river gauging stations with exposed population		np_hydrology	hydrology	en	np,hydrology,batch17,high-penetrancy	86400	Hydrological station register: title (e.g. Dudhaura Khola at Gadimai), basin name, GeoJSON point, waterLevel and warning/danger thresholds, measuredOn, and affectedDemography giving maleCount, femaleCount and householdCount exposed downstream of that gauge.	no	pending-independent-probe
np-bipad-rain-stations	https://bipadportal.gov.np/api/v1/rain-stations/?format=json&limit=50	json:results	50	Nepal BIPAD - rainfall gauging stations		np_hydrology	hydrology	en	np,hydrology,batch17,high-penetrancy	86400	Rainfall station register: title (e.g. Surkhet (Birendra Nagar)), point geometry, measuredOn, rainfall totals by interval, and affectedDemography (maleCount, femaleCount, householdCount) for the catchment.	no	pending-independent-probe
np-bipad-pollution-stations	https://bipadportal.gov.np/api/v1/pollution-stations/?format=json&limit=50	json:results	31	Nepal BIPAD - air quality monitoring stations		np_environment	environment	en	np,environment,batch17,high-penetrancy	10800	31 air-quality stations mirrored from pollution.gov.np: name and nepaliName, identifier, dataSource and dataSourceId, dateTime of the reading and the AQI / pollutant values, with createdOn and modifiedOn.	no	pending-independent-probe
np-bipad-document	https://bipadportal.gov.np/api/v1/document/?format=json&limit=50	json:results	50	Nepal BIPAD - official disaster documents and circulars		np_gov-publications	gov-publications	en	np,gov-publications,batch17,high-penetrancy	86400	Government circulars and notices (Nepali and English): title, description carrying the full notice text, category, publication file URL on bipadportal mediafiles, createdOn and modifiedOn.	no	pending-independent-probe
np-bipad-situation-report	https://bipadportal.gov.np/api/v1/situation-report/?format=json&limit=50	json:results	1	Nepal BIPAD - situation reports		np_disaster	disaster	en	np,disaster,batch17,high-penetrancy	86400	Event situation reports: title (e.g. Monsoon 2077 BS), narration (HTML body of the assessment), type, fromDate/toDate and timestamps.	no	pending-independent-probe
np-bipad-municipality	https://bipadportal.gov.np/api/v1/municipality/?format=json&limit=50	json:results	50	Nepal BIPAD - municipality gazetteer with geometry		np_geospatial	geospatial	en	np,geospatial,batch17,high-penetrancy,detail-hop	86400	Authoritative local-unit gazetteer: title, title_en, title_ne, type (Rural Municipality / Municipality / Sub-Metropolitan), official code, district id, bbox and centroid point. Resolves a Nepali place name to its official code and extent. Detail endpoint verified with id 1005.  A per-record detail endpoint was verified for this source; see the batch's detail-hops side-car. This collector fetches the list endpoint only.	no	pending-independent-probe
np-bipad-citizen-report	https://bipadportal.gov.np/api/v1/citizen-report/?format=json&limit=50	json:results	50	Nepal BIPAD - citizen incident reports		np_disaster	disaster	en	np,disaster,batch17,high-penetrancy	86400	Public-submitted incident reports before verification: description of the event, GeoJSON point, image URL, comment, verified flag and createdOn/modifiedOn. Shows what was reported versus what the state later confirmed.	no	pending-independent-probe
np-bipad-hazard	https://bipadportal.gov.np/api/v1/hazard/?format=json&limit=50	json:results	47	Nepal BIPAD - hazard taxonomy		np_reference	reference	en	np,reference,batch17,high-penetrancy	86400	The 47-term hazard vocabulary every incident and event joins to: id, title, titleEn, titleNe, type (natural / non-natural), icon URL, colour and ordering. The lookup table that decodes the numeric `hazard` field on incidents.	no	pending-independent-probe
np-bipad-event	https://bipadportal.gov.np/api/v1/event/?format=json&limit=50	json:results	6	Nepal BIPAD - declared disaster events		np_disaster	disaster	en	np,disaster,batch17,high-penetrancy	86400	Named multi-incident events (the umbrella an incident is grouped under): title, description, hazard id, startedOn and endedOn, severity, point and polygon geometry, createdOn.	no	pending-independent-probe
np-bipad-inventory-item	https://bipadportal.gov.np/api/v1/inventory-item/?format=json&limit=50	json:results	50	Nepal BIPAD - relief inventory item catalogue		np_reference	reference	en	np,reference,batch17,high-penetrancy	86400	Relief-item master: title and titleNe, category (Relief Items non-food, food, medical), unit and unitNp, dimension, occupancy, code, and the hazards/clusters each item is linked to.	no	pending-independent-probe
np-bipad-inventory	https://bipadportal.gov.np/api/v1/inventory/?format=json&limit=50	json:results	50	Nepal BIPAD - relief stock holdings by store		np_logistics	logistics	en	np,logistics,batch17,high-penetrancy	86400	Actual stock on hand: the embedded item object (title, category, unit), quantity held, and the owning organization / municipality / ward. Shows which local body is holding which relief materiel and how much.	no	pending-independent-probe
np-bipad-disaster-profile	https://bipadportal.gov.np/api/v1/disaster-profile/?format=json&limit=50	json:results	50	Nepal BIPAD - municipal DRRM profiles		np_gov-publications	gov-publications	en	np,gov-publications,batch17,high-penetrancy	86400	Per-municipality disaster risk reduction reports: title (e.g. Rajapur DRRM Report FY 2079/80), titleNp, drrmCommitteeFormationDate, drrmCommitteeMembersCount, and the English/Nepali summary report file URLs. Reveals whether a local body has actually constituted its statutory DRR committee.	no	pending-independent-probe
np-bipad-incident-relief	https://bipadportal.gov.np/api/v1/incident-relief/?format=json&limit=50	json:results	12	Nepal BIPAD - relief distribution to named beneficiaries		np_payments	payments	en	np,payments,batch17,high-penetrancy	86400	Named-beneficiary payment records: nameOfBeneficiary (e.g. Purna Bahadur Prajapati and Gyan Maya Prajapati), numberOfBeneficiaryFamily, reliefAmountNpr, dateOfReliefDistribution, causeOfIncident and totals benefited by sex, minority and Dalit status. Ties public money to named recipients.	no	pending-independent-probe
np-bipad-priority-activity	https://bipadportal.gov.np/api/v1/priority-activity/?format=json&limit=50	json:results	50	Nepal BIPAD - national DRR priority activities		np_policy	policy	en	np,policy,batch17,high-penetrancy	86400	The activity level of Nepal's national DRR action plan: title and titleNp of each committed activity, ordering, and the parent priorityAction id. Joinable up to priority-action and priority-area.	no	pending-independent-probe
np-bipad-layer	https://bipadportal.gov.np/api/v1/layer/?format=json&limit=50	json:results	50	Nepal BIPAD - hazard and risk map layer catalogue		np_geospatial	geospatial	en	np,geospatial,batch17,high-penetrancy	86400	GeoServer layer registry: title and titleNe, category (hazard / exposure / vulnerability), type (raster / vector), workspace and layername needed to pull the layer itself, plus legendTitle, legendDescription and units (e.g. flood depth in metres, 5-year return period).	no	pending-independent-probe
np-bipad-vulnerability	https://bipadportal.gov.np/api/v1/vulnerability/?format=json&limit=50	json:results	50	Nepal BIPAD - municipal vulnerability indicators (2021 census)		np_statistics	statistics	en	np,statistics,batch17,high-penetrancy	86400	Per-local-unit socio-economic vulnerability block for censusYear 2021: HDI, hpi, percapita income, riskScore, remoteness, and asset counts (radio, computer, internet, telephone, television, jarWater, wellWater), with the municipality/district/province keys and timestamps.	no	pending-independent-probe
np-bipad-openspace-detail	https://bipadportal.gov.np/api/v1/openspace-detail/?format=json&limit=5	json:results	5	Nepal BIPAD - designated emergency open spaces		np_geospatial	geospatial	en	np,geospatial,batch17,high-penetrancy	86400	Named emergency evacuation open spaces (e.g. Tundikhel) with openSpaceName, the openSpace id and a full MultiPolygon boundary. Note: limit=50 returns HTTP 500 on this endpoint; limit=5 is the verified working page size.	no	pending-independent-probe
np-bipad-communityspace-detail	https://bipadportal.gov.np/api/v1/communityspace-detail/?format=json&limit=5	json:results	5	Nepal BIPAD - community spaces register		np_geospatial	geospatial	en	np,geospatial,batch17,high-penetrancy	86400	Named community buildings and spaces (e.g. Lama Nagi Museum) with communitySpaceName, communitySpace id and MultiPolygon footprint. limit=50 returns HTTP 500; limit=5 verified.	no	pending-independent-probe
np-bipad-bulletin	https://bipadportal.gov.np/api/v1/bipad-bulletin/?format=json&limit=50	json:results	50	Nepal BIPAD - daily national disaster bulletin		np_disaster	disaster	en	np,disaster,batch17,high-penetrancy	86400	Daily rolled-up national bulletin: incidentSummary (numberOfIncidents, numberOfDeath, numberOfInjured, numberOfMissing, cattleLoss, roadBlock, estimatedLoss), peopleLoss broken out by province, the sitrep id it derives from, and createdOn/modifiedOn.	no	pending-independent-probe
np-bipad-project	https://bipadportal.gov.np/api/v1/project/?format=json&limit=50	json:results	1	Nepal BIPAD - DRR projects register		np_projects	projects	en	np,projects,batch17,high-penetrancy	86400	Registered disaster risk reduction projects: title, description of the intervention, the implementing organization id and the wards it covers.	no	pending-independent-probe
np-nrb-search	https://www.nrb.org.np/api/wp/v2/search?search=bank&per_page=50	json-array	50	Nepal Rastra Bank - site-wide search (WP REST, non-standard /api prefix)		np_regulator	regulator	en	np,regulator,batch17,high-penetrancy	86400	Full-text pivot across the central bank's site: each hit gives a flat string title, the canonical url, id and type/subtype (post, page, directive, circular). Dispatchable with a bank or financial-institution name to surface NRB directives, licensing notices and enforcement items naming it. Note the REST root is /api/, not /wp-json/.	no	pending-independent-probe
lk-riskinfo-datasets	https://riskinfo.lk/api/v2/datasets?page_size=50	json:datasets	19	Sri Lanka RiskInfo (DMC GeoNode) - spatial datasets		lk_geospatial	geospatial	en	lk,geospatial,batch17,high-penetrancy	86400	Disaster Management Centre spatial catalogue: title, name (workspace-qualified layer name), uuid, pk, abstract, subtype (vector/raster), store, charset, temporal flags, the owner block, bounding box and the WMS/WFS/download links needed to actually pull the layer.	no	pending-independent-probe
lk-riskinfo-documents	https://riskinfo.lk/api/v2/documents?page_size=50	json:documents	41	Sri Lanka RiskInfo - hazard documents and flood maps		lk_disaster	disaster	en	lk,disaster,batch17,high-penetrancy	86400	41 DMC documents: title, name (e.g. 'Flood Inundation map Kalu River Basin Western Province, 14 October 2024.pdf'), uuid, extension, mime_type, href download link, subtype and the owner record. Operational flood-inundation mapping for named Sri Lankan river basins.	no	pending-independent-probe
lk-riskinfo-resources	https://riskinfo.lk/api/v2/resources?page_size=5	json:resources	5	Sri Lanka RiskInfo - unified resource index		lk_geospatial	geospatial	en	lk,geospatial,batch17,high-penetrancy	86400	Polymorphic index across every GeoNode object (datasets, documents, maps): title, uuid, pk, resource_type, perms, the owner block with username and the canonical link. Note page_size=50 returns HTTP 500; page_size=5 is the verified working size.	no	pending-independent-probe
lk-riskinfo-maps	https://riskinfo.lk/api/v2/maps?page_size=50	json:maps	1	Sri Lanka RiskInfo - composed risk maps		lk_geospatial	geospatial	en	lk,geospatial,batch17,high-penetrancy	86400	Published map compositions with title, uuid, pk and the maplayers array naming each constituent dataset (alternate layer name, current_style, extra params) - i.e. which hazard layers were combined for an official risk product.	no	pending-independent-probe
lk-riskinfo-keywords	https://riskinfo.lk/api/v2/keywords?page_size=50	json:keywords	2	Sri Lanka RiskInfo - keyword index		lk_reference	reference	en	lk,reference,batch17,high-penetrancy	86400	Controlled keyword tree used to tag DMC datasets: id, name (e.g. kurunegala), slug, hierarchical path and depth, usage count and self link. Lets a district name be resolved to the datasets tagged with it.	no	pending-independent-probe
lk-customs-search	https://www.customs.gov.lk/wp-json/wp/v2/search?search=import&per_page=50	json-array	50	Sri Lanka Customs - site-wide search (WP REST)		lk_customs	customs	en	lk,customs,batch17,high-penetrancy	86400	Free-text pivot over Sri Lanka Customs publications: flat string title, canonical url, id, type and subtype per hit. Dispatch a trader, HS code or commodity name to surface customs notices, gazette tariff changes and enforcement announcements.	no	pending-independent-probe
lk-sec-search	https://www.sec.gov.lk/wp-json/wp/v2/search?search=company&per_page=50	json-array	50	Securities and Exchange Commission of Sri Lanka - site-wide search		lk_regulator	regulator	en	lk,regulator,batch17,high-penetrancy	86400	Search pivot across the Sri Lankan securities regulator: title, url, id, type/subtype. Hits include named individuals (commission members, licensed persons) and company-specific enforcement and licensing items - dispatchable with a company or director name.	no	pending-independent-probe
lk-pucsl-search	https://www.pucsl.gov.lk/wp-json/wp/v2/search?search=licence&per_page=50	json-array	2	Public Utilities Commission of Sri Lanka - site-wide search		lk_regulator	regulator	en	lk,regulator,batch17,high-penetrancy	86400	Search across the electricity, water and petroleum regulator: title, url, id, type/subtype. Surfaces licensing decisions, tariff determinations and consultation records by name.	no	pending-independent-probe
lk-slbfe-search	https://www.slbfe.lk/wp-json/wp/v2/search?search=agency&per_page=50	json-array	3	Sri Lanka Bureau of Foreign Employment - site-wide search		lk_labour	labour	en	lk,labour,batch17,high-penetrancy	86400	Search over the regulator of Sri Lankan labour-migration agencies: title, url, id, type/subtype. Reaches licensed foreign-employment agency notices, suspensions and recruitment announcements - the register behind Sri Lanka's largest remittance channel.	no	pending-independent-probe
lk-agrimin-search	https://www.agrimin.gov.lk/wp-json/wp/v2/search?search=tender&per_page=50	json-array	7	Sri Lanka Ministry of Agriculture - site-wide search		lk_procurement	procurement	en	lk,procurement,batch17,high-penetrancy	21600	Search pivot returning title, url, id, type/subtype. Hits include tender notices and named-officer appointment lists (e.g. permanent appointments at the Land Reform Commission).	no	pending-independent-probe
lk-energymin-search	https://www.energymin.gov.lk/wp-json/wp/v2/search?search=fuel&per_page=50	json-array	39	Sri Lanka Ministry of Energy - site-wide search		lk_energy	energy	en	lk,energy,batch17,high-penetrancy	10800	Search over the energy ministry: title, url, id, type/subtype. Carries dated administered fuel-price revisions and petroleum/power sector notices.	no	pending-independent-probe
pk-pbs-search	https://www.pbs.gov.pk/wp-json/wp/v2/search?search=census&per_page=50	json-array	49	Pakistan Bureau of Statistics - site-wide search (WP REST)		pk_statistics	statistics	en	pk,statistics,batch17,high-penetrancy	86400	Search pivot over Pakistan's national statistics office: title, url, id, type/subtype. Reaches weekly SPI price bulletins, census releases, CPI/trade statistics and publication pages by free-text query.	no	pending-independent-probe
pk-nab-search	https://www.nab.gov.pk/wp-json/wp/v2/search?search=corruption&per_page=50	json-array	50	Pakistan National Accountability Bureau - site-wide search		pk_anti-corruption	anti-corruption	en	pk,anti-corruption,batch17,high-penetrancy	86400	High value: free-text pivot over Pakistan's principal anti-corruption prosecutor. Each hit gives title, url, id and type/subtype, reaching NAB press releases, reference filings, arrest and plea-bargain announcements and inter-agency actions. Dispatchable with a person or company name.	no	pending-independent-probe
pk-pdma-search	https://pdma.gob.pk/wp-json/wp/v2/search?search=flood&per_page=50	json-array	35	Punjab PDMA Pakistan - site-wide search		pk_disaster	disaster	en	pk,disaster,batch17,high-penetrancy	86400	Provincial Disaster Management Authority search: title, url, id, type/subtype. Reaches the dated Daily Situation Report (DSR) series and flood/heatwave advisories for Punjab.	no	pending-independent-probe
pk-pcrwr-search	https://www.pcrwr.gov.pk/wp-json/wp/v2/search?search=water&per_page=50	json-array	50	Pakistan Council of Research in Water Resources - site-wide search		pk_environment	environment	en	pk,environment,batch17,high-penetrancy	10800	Search over Pakistan's national water research body: title, url, id, type/subtype. Reaches groundwater and drinking-water quality monitoring reports, delegation records and technical bulletins.	no	pending-independent-probe
pk-pbc-search	https://www.pbc.org.pk/wp-json/wp/v2/search?search=tax&per_page=50	json-array	3	Pakistan Business Council - site-wide search		pk_business	business	en	pk,business,batch17,high-penetrancy	86400	Search over the advocacy body of Pakistan's largest corporate groups: title, url, id, type/subtype. Reaches sector position papers, tax submissions and named member-company research.	no	pending-independent-probe
bt-mof-search	https://www.mof.gov.bt/wp-json/wp/v2/search?search=tender&per_page=50	json-array	50	Bhutan Ministry of Finance - site-wide search (WP REST)		bt_procurement	procurement	en	bt,procurement,batch17,high-penetrancy	21600	Search pivot over Bhutan's finance ministry: title, url, id, type/subtype. Hits are dated tender notices (e.g. 'Tender Notice, IFMIS Development Project (10-April-2026)'), budget documents and procurement circulars - effectively Bhutan's central tender feed, since no OCDS endpoint exists.	no	pending-independent-probe
bt-acc-search	https://www.acc.org.bt/wp-json/wp/v2/search?search=corruption&per_page=50	json-array	50	Bhutan Anti-Corruption Commission - site-wide search		bt_anti-corruption	anti-corruption	en	bt,anti-corruption,batch17,high-penetrancy	86400	Free-text pivot over Bhutan's ACC: title, url, id, type/subtype. Reaches National Integrity Assessment findings presented against named agencies, investigation outcomes, asset-declaration notices and debarment announcements.	no	pending-independent-probe
bt-ecb-search	https://www.ecb.bt/wp-json/wp/v2/search?search=election&per_page=50	json-array	50	Election Commission of Bhutan - site-wide search		bt_elections	elections	en	bt,elections,batch17,high-penetrancy	86400	Search over Bhutan's electoral authority: title, url, id, type/subtype. Reaches election notifications, candidate and result announcements, and recruitment/appointment results naming individuals.	no	pending-independent-probe
bt-oag-search	https://www.oag.gov.bt/wp-json/wp/v2/search?search=audit&per_page=50	json-array	7	Bhutan Office of the Attorney General - site-wide search		bt_legal	legal	en	bt,legal,batch17,high-penetrancy	43200	Search over Bhutan's OAG: title, url, id, type/subtype. Reaches annual reports (e.g. 'Annual Report, Year 2025-2026'), prosecution statistics and legal opinions.	no	pending-independent-probe
bt-rcsc-search	https://www.rcsc.gov.bt/wp-json/wp/v2/search?search=vacancy&per_page=50	json-array	50	Bhutan Royal Civil Service Commission - site-wide search		bt_gov-personnel	gov-personnel	en	bt,gov-personnel,batch17,high-penetrancy	86400	Search over the body that appoints every Bhutanese civil servant: title, url, id, type/subtype. Reaches vacancy announcements, selection results and transfer/appointment notices naming specific posts and agencies (e.g. Medical Director, Department of Clinical Services).	no	pending-independent-probe
bt-drc-search	https://www.drc.gov.bt/wp-json/wp/v2/search?search=tax&per_page=50	json-array	50	Bhutan Department of Revenue and Customs - site-wide search		bt_tax	tax	en	bt,tax,batch17,high-penetrancy	86400	Search over Bhutan's tax and customs authority: title, url, id, type/subtype. Reaches public tax notifications (e.g. treatment of fixed-deposit interest from 1 January 2026), customs tariff rulings and taxpayer notices.	no	pending-independent-probe
bt-moh-search	https://www.moh.gov.bt/wp-json/wp/v2/search?search=notification&per_page=50	json-array	17	Bhutan Ministry of Health - site-wide search		bt_health	health	en	bt,health,batch17,high-penetrancy	43200	Search over Bhutan's health ministry: title, url, id, type/subtype. Reaches vacancy and cancellation notices, health advisories and programme notifications.	no	pending-independent-probe
bt-mfa-search	https://www.mfa.gov.bt/wp-json/wp/v2/search?search=visa&per_page=50	json-array	50	Bhutan Ministry of Foreign Affairs and External Trade - site-wide search		bt_foreign-affairs	foreign-affairs	en	bt,foreign-affairs,batch17,high-penetrancy	86400	Search over Bhutan's MFA: title, url, id, type/subtype. Reaches diplomatic statements, treaty and visa notices, and posted vacancies for named diplomatic positions.	no	pending-independent-probe
mv-statistics-search	https://statisticsmaldives.gov.mv/wp-json/wp/v2/search?search=census&per_page=50	json-array	50	Maldives Bureau of Statistics - site-wide search (WP REST)		mv_statistics	statistics	en	mv,statistics,batch17,high-penetrancy	86400	Search pivot over the Maldives national statistics office: title, url, id, type/subtype. Reaches Census 2022 outputs, monthly CPI/ECPI releases and statistical yearbooks.	no	pending-independent-probe
mv-trade-search	https://trade.gov.mv/wp-json/wp/v2/search?search=business&per_page=50	json-array	50	Maldives Ministry of Economic Development and Trade - site-wide search		mv_business	business	en	mv,business,batch17,high-penetrancy	86400	Search over the ministry that runs the Maldives business registry and foreign-investment approvals: title, url, id, type/subtype. Reaches IUL-numbered official announcements, tenders, vacancies and business-registration/licensing notices. Note transport.gov.mv redirects to this same site.	no	pending-independent-probe
sg-acra-entities-master	https://data.gov.sg/api/action/datastore_search?resource_id=d_3f960c10fed6145404ca7b821f263b87&limit=1000	json:result.records	1000	ACRA - Entities Registered with ACRA (master UEN roll)		sg_company-registry	company-registry	en	sg,company-registry,batch17,high-penetrancy,detail-hop	86400	Master Singapore UEN roll, 2,112,559 records. Each record: uen, entity_name, entity_type_desc, uen_status_desc (Registered/Deregistered/Terminated), uen_issue_date, reg_street_name, reg_postal_code, issuance_agency_desc. Every record also carries _id as an id-ish fallback. Appending &q= turns it into a name/UEN search pivot.  A per-record detail endpoint was verified for this source; see the batch's detail-hops side-car. This collector fetches the list endpoint only.	no	pending-independent-probe
sg-acra-corp-a	https://data.gov.sg/api/action/datastore_search?resource_id=d_8575e84912df3c28995b8e6e0e05205a&limit=1000	json:result.records	1000	ACRA Information on Corporate Entities ('A')		sg_company-registry	company-registry	en	sg,company-registry,batch17,high-penetrancy	86400	174,385 Singapore entities starting with A. 54 fields per record: uen, entity_name, entity_status_description, registration_incorporation_date, full registered address, primary/secondary SSIC code + description, no_of_officers, former_entity_name1..15, and uen_of_audit_firm1..5 / name_of_audit_firm1..5 (company-to-auditor pivot).	no	pending-independent-probe
sg-acra-corp-b	https://data.gov.sg/api/action/datastore_search?resource_id=d_3a3807c023c61ddfba947dc069eb53f2&limit=1000	json:result.records	1000	ACRA Information on Corporate Entities ('B')		sg_company-registry	company-registry	en	sg,company-registry,batch17,high-penetrancy	86400	94,517 Singapore entities starting with B, same 54-field ACRA schema (status, incorporation date, address, SSIC activity, officer count, 15 former names, 5 audit-firm UEN/name pairs).	no	pending-independent-probe
sg-acra-corp-c	https://data.gov.sg/api/action/datastore_search?resource_id=d_c0650f23e94c42e7a20921f4c5b75c24&limit=1000	json:result.records	1000	ACRA Information on Corporate Entities ('C')		sg_company-registry	company-registry	en	sg,company-registry,batch17,high-penetrancy	86400	140,200 Singapore entities starting with C, full 54-field ACRA schema including officer count, former names and audit-firm links.	no	pending-independent-probe
sg-acra-corp-d	https://data.gov.sg/api/action/datastore_search?resource_id=d_acbc938ec77af18f94cecc4a7c9ec720&limit=1000	json:result.records	1000	ACRA Information on Corporate Entities ('D')		sg_company-registry	company-registry	en	sg,company-registry,batch17,high-penetrancy	86400	73,109 Singapore entities starting with D, full 54-field ACRA schema.	no	pending-independent-probe
sg-acra-corp-e	https://data.gov.sg/api/action/datastore_search?resource_id=d_124a9bd407c7a25f8335b93b86e50fdd&limit=1000	json:result.records	1000	ACRA Information on Corporate Entities ('E')		sg_company-registry	company-registry	en	sg,company-registry,batch17,high-penetrancy	86400	86,118 Singapore entities starting with E, full 54-field ACRA schema.	no	pending-independent-probe
sg-acra-corp-f	https://data.gov.sg/api/action/datastore_search?resource_id=d_4526d47d6714d3b052eed4a30b8b1ed6&limit=1000	json:result.records	1000	ACRA Information on Corporate Entities ('F')		sg_company-registry	company-registry	en	sg,company-registry,batch17,high-penetrancy	86400	69,606 Singapore entities starting with F, full 54-field ACRA schema.	no	pending-independent-probe
sg-acra-corp-g	https://data.gov.sg/api/action/datastore_search?resource_id=d_b58303c68e9cf0d2ae93b73ffdbfbfa1&limit=1000	json:result.records	1000	ACRA Information on Corporate Entities ('G')		sg_company-registry	company-registry	en	sg,company-registry,batch17,high-penetrancy	86400	84,835 Singapore entities starting with G, full 54-field ACRA schema.	no	pending-independent-probe
sg-acra-corp-h	https://data.gov.sg/api/action/datastore_search?resource_id=d_fa2ed456cf2b8597bb7e064b08fc3c7c&limit=1000	json:result.records	1000	ACRA Information on Corporate Entities ('H')		sg_company-registry	company-registry	en	sg,company-registry,batch17,high-penetrancy	86400	94,448 Singapore entities starting with H, full 54-field ACRA schema.	no	pending-independent-probe
sg-acra-corp-i	https://data.gov.sg/api/action/datastore_search?resource_id=d_85518d970b8178975850457f60f1e738&limit=1000	json:result.records	1000	ACRA Information on Corporate Entities ('I')		sg_company-registry	company-registry	en	sg,company-registry,batch17,high-penetrancy	86400	60,537 Singapore entities starting with I, full 54-field ACRA schema.	no	pending-independent-probe
sg-acra-corp-j	https://data.gov.sg/api/action/datastore_search?resource_id=d_478f45a9c541cbe679ca55d1cd2b970b&limit=1000	json:result.records	1000	ACRA Information on Corporate Entities ('J')		sg_company-registry	company-registry	en	sg,company-registry,batch17,high-penetrancy	86400	67,723 Singapore entities starting with J, full 54-field ACRA schema.	no	pending-independent-probe
sg-acra-corp-k	https://data.gov.sg/api/action/datastore_search?resource_id=d_5573b0db0575db32190a2ad27919a7aa&limit=1000	json:result.records	1000	ACRA Information on Corporate Entities ('K')		sg_company-registry	company-registry	en	sg,company-registry,batch17,high-penetrancy	86400	76,616 Singapore entities starting with K, full 54-field ACRA schema.	no	pending-independent-probe
sg-acra-corp-l	https://data.gov.sg/api/action/datastore_search?resource_id=d_a2141adf93ec2a3c2ec2837b78d6d46e&limit=1000	json:result.records	1000	ACRA Information on Corporate Entities ('L')		sg_company-registry	company-registry	en	sg,company-registry,batch17,high-penetrancy	86400	92,753 Singapore entities starting with L, full 54-field ACRA schema.	no	pending-independent-probe
sg-acra-corp-m	https://data.gov.sg/api/action/datastore_search?resource_id=d_9af9317c646a1c881bb5591c91817cc6&limit=1000	json:result.records	1000	ACRA Information on Corporate Entities ('M')		sg_company-registry	company-registry	en	sg,company-registry,batch17,high-penetrancy	86400	123,782 Singapore entities starting with M, full 54-field ACRA schema.	no	pending-independent-probe
sg-acra-corp-n	https://data.gov.sg/api/action/datastore_search?resource_id=d_67e99e6eabc4aad9b5d48663b579746a&limit=1000	json:result.records	1000	ACRA Information on Corporate Entities ('N')		sg_company-registry	company-registry	en	sg,company-registry,batch17,high-penetrancy	86400	60,758 Singapore entities starting with N, full 54-field ACRA schema.	no	pending-independent-probe
sg-acra-corp-o	https://data.gov.sg/api/action/datastore_search?resource_id=d_5c4ef48b025fdfbc80056401f06e3df9&limit=1000	json:result.records	1000	ACRA Information on Corporate Entities ('O')		sg_company-registry	company-registry	en	sg,company-registry,batch17,high-penetrancy	86400	41,316 Singapore entities starting with O, full 54-field ACRA schema.	no	pending-independent-probe
sg-acra-corp-p	https://data.gov.sg/api/action/datastore_search?resource_id=d_181005ca270b45408b4cdfc954980ca2&limit=1000	json:result.records	1000	ACRA Information on Corporate Entities ('P')		sg_company-registry	company-registry	en	sg,company-registry,batch17,high-penetrancy	86400	99,350 Singapore entities starting with P, full 54-field ACRA schema.	no	pending-independent-probe
sg-acra-corp-q	https://data.gov.sg/api/action/datastore_search?resource_id=d_4130f1d9d365d9f1633536e959f62bb7&limit=1000	json:result.records	1000	ACRA Information on Corporate Entities ('Q')		sg_company-registry	company-registry	en	sg,company-registry,batch17,high-penetrancy	86400	12,432 Singapore entities starting with Q, full 54-field ACRA schema.	no	pending-independent-probe
sg-acra-corp-r	https://data.gov.sg/api/action/datastore_search?resource_id=d_2b8c54b2a490d2fa36b925289e5d9572&limit=1000	json:result.records	1000	ACRA Information on Corporate Entities ('R')		sg_company-registry	company-registry	en	sg,company-registry,batch17,high-penetrancy	86400	70,794 Singapore entities starting with R, full 54-field ACRA schema.	no	pending-independent-probe
sg-acra-corp-s	https://data.gov.sg/api/action/datastore_search?resource_id=d_df7d2d661c0c11a7c367c9ee4bf896c1&limit=1000	json:result.records	1000	ACRA Information on Corporate Entities ('S')		sg_company-registry	company-registry	en	sg,company-registry,batch17,high-penetrancy	86400	233,307 Singapore entities starting with S - the largest shard. Full 54-field ACRA schema.	no	pending-independent-probe
sg-acra-corp-t	https://data.gov.sg/api/action/datastore_search?resource_id=d_72f37e5c5d192951ddc5513c2b134482&limit=1000	json:result.records	1000	ACRA Information on Corporate Entities ('T')		sg_company-registry	company-registry	en	sg,company-registry,batch17,high-penetrancy	86400	141,835 Singapore entities starting with T, full 54-field ACRA schema.	no	pending-independent-probe
sg-acra-corp-u	https://data.gov.sg/api/action/datastore_search?resource_id=d_0cc5f52a1f298b916f317800251057f3&limit=1000	json:result.records	1000	ACRA Information on Corporate Entities ('U')		sg_company-registry	company-registry	en	sg,company-registry,batch17,high-penetrancy	86400	24,412 Singapore entities starting with U, full 54-field ACRA schema.	no	pending-independent-probe
sg-acra-corp-v	https://data.gov.sg/api/action/datastore_search?resource_id=d_e97e8e7fc55b85a38babf66b0fa46b73&limit=1000	json:result.records	1000	ACRA Information on Corporate Entities ('V')		sg_company-registry	company-registry	en	sg,company-registry,batch17,high-penetrancy	86400	38,112 Singapore entities starting with V, full 54-field ACRA schema.	no	pending-independent-probe
sg-acra-corp-w	https://data.gov.sg/api/action/datastore_search?resource_id=d_af2042c77ffaf0db5d75561ce9ef5688&limit=1000	json:result.records	1000	ACRA Information on Corporate Entities ('W')		sg_company-registry	company-registry	en	sg,company-registry,batch17,high-penetrancy	86400	57,706 Singapore entities starting with W, full 54-field ACRA schema.	no	pending-independent-probe
sg-acra-corp-x	https://data.gov.sg/api/action/datastore_search?resource_id=d_1cd970d8351b42be4a308d628a6dd9d3&limit=1000	json:result.records	1000	ACRA Information on Corporate Entities ('X')		sg_company-registry	company-registry	en	sg,company-registry,batch17,high-penetrancy	86400	13,131 Singapore entities starting with X, full 54-field ACRA schema.	no	pending-independent-probe
sg-acra-corp-y	https://data.gov.sg/api/action/datastore_search?resource_id=d_31af23fdb79119ed185c256f03cb5773&limit=1000	json:result.records	1000	ACRA Information on Corporate Entities ('Y')		sg_company-registry	company-registry	en	sg,company-registry,batch17,high-penetrancy	86400	37,845 Singapore entities starting with Y, full 54-field ACRA schema.	no	pending-independent-probe
sg-acra-corp-z	https://data.gov.sg/api/action/datastore_search?resource_id=d_4e3db8955fdcda6f9944097bef3d2724&limit=1000	json:result.records	1000	ACRA Information on Corporate Entities ('Z')		sg_company-registry	company-registry	en	sg,company-registry,batch17,high-penetrancy	86400	18,281 Singapore entities starting with Z, full 54-field ACRA schema.	no	pending-independent-probe
sg-acra-corp-others	https://data.gov.sg/api/action/datastore_search?resource_id=d_300ddc8da4e8f7bdc1bfc62d0d99e2e7&limit=1000	json:result.records	1000	ACRA Information on Corporate Entities ('Others')		sg_company-registry	company-registry	en	sg,company-registry,batch17,high-penetrancy	86400	22,186 Singapore entities whose name starts with a digit or symbol (e.g. '88 FUNERAL PARLOUR'), full 54-field ACRA schema.	no	pending-independent-probe
sg-minlaw-licensed-corporations	https://data.gov.sg/api/action/datastore_search?resource_id=d_4659c002f4b00d44d01bfe1300064cb1&limit=1000	json:result.records	293	Singapore Directory of Licensed Corporations and Partnerships		sg_licence-registry	licence-registry	en	sg,licence-registry,batch17,high-penetrancy	86400	293 licensed corporations/partnerships. Fields: Reference_No, Year_Issue, Company, Branch, Type_of_Entity plus address/contact columns; _id present as id-ish fallback.	no	pending-independent-probe
sg-nea-supermarket-licences	https://data.gov.sg/api/action/datastore_search?resource_id=d_11edd0117280c5776651d7891114c88c&limit=1000	json:result.records	478	Singapore NEA List of Supermarket Licences		sg_licence-registry	licence-registry	en	sg,licence-registry,batch17,high-penetrancy	86400	478 supermarket licences. Fields: licence_num, licensee_name, building_name, block_house_num, level_num and address parts. Licensee-to-premises pivot.	no	pending-independent-probe
sg-nea-eating-establishments	https://data.gov.sg/api/action/datastore_search?resource_id=d_227473e811b09731e64725f140b77697&limit=1000	json:result.records	1000	Singapore NEA Licensed Eating Establishments (with demerit points and suspensions)		sg_enforcement	enforcement	en	sg,enforcement,batch17,high-penetrancy	86400	36,687 licensed food premises. Fields: licensee_name, licence_number, premises_address, grade, demerit_points, suspension_start_date, suspension_end_date - i.e. an enforcement record attached to a named licensee.	no	pending-independent-probe
sg-registered-dealers	https://data.gov.sg/api/action/datastore_search?resource_id=d_e643dd525fb927ee16f54f093c73b490&limit=1000	json:result.records	1000	Singapore List of Registered Dealers		sg_licence-registry	licence-registry	en	sg,licence-registry,batch17,high-penetrancy	86400	1,851 registered dealers. Fields: name, registration_number, _id.	no	pending-independent-probe
sg-boa-register-architects	https://data.gov.sg/api/action/datastore_search?resource_id=d_d77de0f78ca589a5c61da7a60fdee6ba&limit=1000	json:result.records	1000	Singapore Board of Architects - Register of Architects		sg_professional-register	professional-register	en	sg,professional-register,batch17,high-penetrancy	86400	1,999 registered architects. Fields: name, reg_no, firm_name, firm_address, firm_phone - person-to-firm pivot.	no	pending-independent-probe
sg-boa-register-architecture-firms	https://data.gov.sg/api/action/datastore_search?resource_id=d_d5c0a4ffd076a3e40d772275619bbb66&limit=1000	json:result.records	1000	Singapore Board of Architects - Register of Architecture Firms		sg_professional-register	professional-register	en	sg,professional-register,batch17,high-penetrancy	86400	1,999 architecture firms. Fields: firm_name, firm_address, firm_phone, firm_fax, firm_email; _id id-ish fallback.	no	pending-independent-probe
sg-boa-apec-architects	https://data.gov.sg/api/action/datastore_search?resource_id=d_65f6a92f8902a09caf2256855d3de376&limit=1000	json:result.records	68	Singapore Register of APEC Architects		sg_professional-register	professional-register	en	sg,professional-register,batch17,high-penetrancy	86400	68 APEC-registered architects. Fields: registration_no, name, business_address, home_economy_or_jurisdiction_in_which_registered, any_other_economy_in_which_registered - cross-border jurisdiction pivot.	no	pending-independent-probe
sg-boa-asean-architects	https://data.gov.sg/api/action/datastore_search?resource_id=d_8540719f90fef1eae60dc2810f6a42d8&limit=1000	json:result.records	97	Singapore Register of ASEAN Architects		sg_professional-register	professional-register	en	sg,professional-register,batch17,high-penetrancy	86400	97 ASEAN-registered architects. Fields: registration_no (e.g. AA/SG1), name, _id.	no	pending-independent-probe
sg-boa-foreign-architects	https://data.gov.sg/api/action/datastore_search?resource_id=d_521e0b73946484e83269d8ab4c7889cd&limit=1000	json:result.records	1000	Singapore Register of Foreign Architects (with project and client)		sg_professional-register	professional-register	en	sg,professional-register,batch17,high-penetrancy	86400	1,999 approvals for foreign architects to work in Singapore. Fields: name_of_foreign_architect, company (foreign employer), boa_registered_architect (local sponsor), project_details, project_period, client, submitted_on, approved_on. Foreign-firm to local-sponsor to client chain. _id present as id-ish fallback.	no	pending-independent-probe
sg-peb-professional-engineers	https://data.gov.sg/api/action/datastore_search?resource_id=d_f92927723e0894a14ee3acca6411e73d&limit=1000	json:result.records	1000	Singapore Directory of Professional Engineers with Practising Certificate		sg_professional-register	professional-register	en	sg,professional-register,batch17,high-penetrancy	86400	2,749 professional engineers. Fields: RegNo, Fullname, Branch, DateofRegistration, Practice_EmployerName, employer type/address, ContactNo. _id id-ish fallback.	no	pending-independent-probe
sg-peb-specialist-engineers	https://data.gov.sg/api/action/datastore_search?resource_id=d_597617c00b02ec9c509614b986b57a17&limit=1000	json:result.records	422	Singapore Directory of Specialist Professional Engineers with Practising Certificates		sg_professional-register	professional-register	en	sg,professional-register,batch17,high-penetrancy	86400	422 specialist PEs. Fields: RegNo, Fullname, SpecialisedBranch (e.g. Geotechnical Engineering), DateofRegistration, Practice_EmployerName, ContactNo.	no	pending-independent-probe
sg-peb-suspended-engineers	https://data.gov.sg/api/action/datastore_search?resource_id=d_662d69b0919fc752a43175eb178030d5&limit=1000	json:result.records	3	Singapore List of Suspended & Recently Deregistered Professional Engineers		sg_enforcement	enforcement	en	sg,enforcement,batch17,high-penetrancy	86400	Small but pure-signal disciplinary list: RegNo, Name, Practice_Employer_Name, Practice_Employer_Type, Period_of_Suspension. 3 records at time of probe.	no	pending-independent-probe
sg-course-organisers	https://data.gov.sg/api/action/datastore_search?resource_id=d_c06cb80a4bcad310fa90199cddd26e72&limit=1000	json:result.records	724	Singapore Directory of Course Organisers		sg_licence-registry	licence-registry	en	sg,licence-registry,batch17,high-penetrancy	86400	724 accredited course organisers. Fields: Organisation_Company, Business_GST_Registration_No, Company_URL, Organisation_Type, Name. GST registration number gives a second identifier to pivot on.	no	pending-independent-probe
sg-sla-tender-results	https://data.gov.sg/api/action/datastore_search?resource_id=d_2057d332317dd0d045e392fe4e9aca57&limit=1000	json:result.records	589	Singapore Land Authority - Tender and Bidding Results		sg_procurement	procurement	en	sg,procurement,batch17,high-penetrancy	21600	589 state-property tender awards. Fields: year, property_location, mode_of_allocation, land_area, gross_floor_area, tendered_uses, tenure, closing_date, award_date, awarded_usage, award_value_per_month_for_the_first_term_tenancy, successful_bidder. Named winning bidder plus award value.	no	pending-independent-probe
sg-grant-awards	https://data.gov.sg/api/action/datastore_search?resource_id=d_515bc737ccc0e5c7af90bb933e0e95d5&limit=1000	json:result.records	379	Singapore Grant Calls and Awarded Grant Projects (recipient and organisation)		sg_grants	grants	en	sg,grants,batch17,high-penetrancy	86400	379 awarded research grants. Fields: grant_call, awarded_project, recipient (named principal investigator), organisation. No name-ish key matches exactly, so the label comes from the guaranteed CKAN _id; the intel is in recipient/organisation.	no	pending-independent-probe
sg-hdb-resale-prices	https://data.gov.sg/api/action/datastore_search?resource_id=d_ebc5ab87086db484f88045b47411ebc5&limit=1000	json:result.records	1000	Singapore HDB Resale Flat Prices (transaction level)		sg_property	property	en	sg,property,batch17,high-penetrancy	86400	287,196 individual resale transactions. Fields: month, town, flat_type, block, street_name, storey_range, floor_area_sqm, flat_model, lease_commence_date, resale_price. Address-level property price history; label falls back to the CKAN _id.	no	pending-independent-probe
id-jakarta-slf-buildings	https://jakartasatu.jakarta.go.id/server/rest/services/DPMPTSP/Peta_SLF_DPMPTSP/FeatureServer/0/query?where=1%3D1&outFields=*&returnGeometry=false&resultRecordCount=1000&f=geojson	geojson	901	Jakarta DPMPTSP - Building Worthiness Certificates (SLF) with owner and director identifiers		id_permits	permits	id	id,permits,batch17,high-penetrancy,detail-hop	86400	901 certified buildings from Jakarta's one-stop licensing agency. properties carry BANGUNAN_NAMA (building), BANGUNAN_LOKASI/KEL/KEC/WIL, PEMILIK_NAMA (owning company, e.g. 'PT. Mulia Naga Lestari'), PEMILIK_ALAMAT/TLP/EMAIL, DIRUT_NAMA (managing director), DIRUT_NIK (national ID) and DIRUT_NPWP (tax ID), plus REK_NO/REK_TANGGAL/REK_STATUS. Highest-penetrancy Indonesian row found: building to company to named director to NIK/NPWP.  A per-record detail endpoint was verified for this source; see the batch's detail-hops side-car. This collector fetches the list endpoint only.	no	pending-independent-probe
id-jakarta-emission-test-firms	https://jakartasatu.jakarta.go.id/server/rest/services/DPMPTSP/PTPS_UJI_EMISI/FeatureServer/0/query?where=1%3D1&outFields=*&returnGeometry=false&resultRecordCount=1000&f=geojson	geojson	269	Jakarta DPMPTSP - Licensed Vehicle Emission Testing Businesses		id_permits	permits	id	id,permits,batch17,high-penetrancy	86400	269 licensed emission-test operators. properties: NO, NAMA_PERUSAHAAN (company), ALAMAT_PERUSAHAAN, LAT/LONG_, SARANA_USAHA and licence columns. Named company plus premises.	no	pending-independent-probe
id-jakarta-concrete-batching-plants	https://jakartasatu.jakarta.go.id/server/rest/services/Concrete_Batching_Plant_View/FeatureServer/0/query?where=1%3D1&outFields=*&returnGeometry=false&resultRecordCount=1000&f=geojson	geojson	41	Jakarta Concrete Batching Plants (with NPWP tax number and permit chain)		id_permits	permits	id	id,permits,batch17,high-penetrancy	86400	41 batching plants, 54 attributes each: NAMA (operator, e.g. 'Saeti Concretindo Wahana'), NPWP (tax ID '01.373.121.1-073.000'), TDP, AKTA_PT (deed), LOKASI_CBP, KESESUAIAN (zoning compliance), JENIS_CBP, IZIN/AMDAL/IMB/AMDAL_UPL environmental-permit numbers, NO_IZIN, TGL_IZIN, MASA_BER, SP1 warning dates. Company-to-tax-ID-to-permit chain.	no	pending-independent-probe
id-jakarta-imb-building-permits	https://jakartasatu.jakarta.go.id/server/rest/services/DPMPTSP/IMB_PTSP/FeatureServer/0/query?where=1%3D1&outFields=*&returnGeometry=false&resultRecordCount=1000&f=geojson	geojson	1000	Jakarta DPMPTSP - IMB Building Permits		id_permits	permits	id	id,permits,batch17,high-penetrancy	86400	Building permits issued by Jakarta's one-stop service. properties: NAMA_IZIN (permit type), NOMOR_IZIN (full permit number), ALAMAT, WADMKD/WADMKC/WADMKK (village/district/city), X/Y. Permit-number to address pivot.	no	pending-independent-probe
id-jakarta-billboard-permits	https://jakartasatu.jakarta.go.id/server/rest/services/Data_Reklame/data_reklame_ptsp/FeatureServer/0/query?where=1%3D1&outFields=*&returnGeometry=false&resultRecordCount=1000&f=geojson	geojson	1000	Jakarta Billboard (Reklame) Permit Register - PTSP		id_permits	permits	id	id,permits,batch17,high-penetrancy	86400	Billboard/advertising structure register. properties: ID_REKLAME, LOKASI_REKLAME, KEL/KEC/WIL plus codes, JNS_REKLAME, POSISI_REKLAME, KONTENT_REKLAME, STATUS, NAMA_PERUSAHAAN (permit holder), STATUS_STRUKTUR_REK, VERIFIKASI_REK, PETUGAS (inspecting officer), CREATED_USER/DATE. Advertiser-to-structure-to-inspector pivot.	no	pending-independent-probe
id-jakarta-sippt-land-obligations	https://jakartasatu.jakarta.go.id/server/rest/services/SIPPT/SIPPT_VIEW/FeatureServer/0/query?where=1%3D1&outFields=*&returnGeometry=false&resultRecordCount=1000&f=geojson	geojson	1000	Jakarta SIPPT - Land Allocation Permits and Developer Obligations		id_permits	permits	id	id,permits,batch17,high-penetrancy	86400	SIPPT land-designation permits used to track developer obligations to the city. properties: ID_SIPPT (e.g. '541-2007'), S_ZONA, KWJB/KET (obligation flag), KELURAHAN/KECAMATAN/WILAYAH_LOKASI, Shape__Area, edit audit trail.	no	pending-independent-probe
id-jakarta-green-space-violations	https://jakartasatu.jakarta.go.id/server/rest/services/Pelangggaran_Ruang/Inventarisasi_Pelanggaran_RTH/FeatureServer/0/query?where=1%3D1&outFields=*&returnGeometry=false&resultRecordCount=1000&f=geojson	geojson	1000	Jakarta Inventory of Spatial-Planning Violations in Green Zones (RTH)		id_enforcement	enforcement	id	id,enforcement,batch17,high-penetrancy	86400	Buildings inventoried as encroaching on designated green-belt zones. properties: OSM_ID/OSM_WAY_ID, ADDR_STREE, BUILDING, LUAS (area), X/Y, ID_WILAYAH/KECAMATAN/KELURAHAN, KODE_BLOK, SUB_ZONA, ZONA ('Zona Jalur Hijau'), KODE_OPS operational case code, KET_EV. A per-parcel enforcement case list.	no	pending-independent-probe
id-jakarta-dsda-drainage-contractors	https://jakartasatu.jakarta.go.id/server/rest/services/DSDA_DV_Perusahaan_Penyedia/FeatureServer/0/query?where=1%3D1&outFields=*&returnGeometry=false&resultRecordCount=1000&f=geojson	geojson	1000	Jakarta DSDA - Drainage Wells Built by Contracted Providers		id_public-works	public-works	id	id,public-works,batch17,high-penetrancy	86400	Per-asset record of infiltration wells delivered by contracted providers. properties: IDDV (asset code 'DVJB - 04432'), LOKASI, WADMKK/WADMKC/WADMKD, LATITUDE/LONGITUDE, JMLTTK, dimensions, JNSSUMUR, SPESIFIKASI, PERUSAHAAN (contractor), BLNPKRJAAN (works month), FOTO evidence link, VERIF_ASET. Contractor-to-delivered-asset pivot.	no	pending-independent-probe
id-jakarta-sip-occupancy	https://jakartasatu.jakarta.go.id/server/rest/services/DATA_SIP_JAKARTA/FeatureServer/0/query?where=1%3D1&outFields=*&returnGeometry=false&resultRecordCount=1000&f=geojson	geojson	1000	Jakarta SIP - Occupancy / Persil Register		id_property	property	id	id,property,batch17,high-penetrancy	86400	Per-parcel occupancy register. properties: ALAMAT_RUMAH_PERSIL, NO_RUMAH, NO_FORM, NAMA_PENGHUNI (named occupant), PENGELUARAN, BERAKHIR (expiry) and related columns. Occupant-to-address pivot.	no	pending-independent-probe
id-jakarta-land-nominative-list	https://jakartasatu.jakarta.go.id/server/rest/services/Lahan_Daftar_Nominatif/FeatureServer/0/query?where=1%3D1&outFields=*&returnGeometry=false&resultRecordCount=1000&f=geojson	geojson	1000	Jakarta Nominative Land Register (city land assets)		id_property	property	id	id,property,batch17,high-penetrancy	86400	City-owned land parcels. properties: GUIDASET (asset GUID), KIB (asset book code), KODWIL, WADMKK/WADMKC/WADMKD administrative names and further asset columns. Asset-GUID pivot into Jakarta's asset books.	no	pending-independent-probe
ph-psgc-cities-municipalities	https://psgc.cloud/api/cities-municipalities	json-array	1656	Philippine Standard Geographic Code - Cities and Municipalities		ph_geography	geography	en	ph,geography,batch17,high-penetrancy,detail-hop	86400	1,656 Philippine cities/municipalities from the PSA standard classification. Fields: name, code (10-digit PSGC), type (City/Mun), zip_code, district. The PSGC code is the join key used by almost every Philippine government dataset, so this is the resolver for PH place references.  A per-record detail endpoint was verified for this source; see the batch's detail-hops side-car. This collector fetches the list endpoint only.	no	pending-independent-probe
ph-psgc-provinces	https://psgc.cloud/api/provinces	json-array	82	Philippine Standard Geographic Code - Provinces		ph_geography	geography	en	ph,geography,batch17,high-penetrancy,detail-hop	86400	82 provinces with name and 10-digit PSGC code. Detail endpoint returns the single province record.  A per-record detail endpoint was verified for this source; see the batch's detail-hops side-car. This collector fetches the list endpoint only.	no	pending-independent-probe
ph-psgc-regions	https://psgc.cloud/api/regions	json-array	17	Philippine Standard Geographic Code - Regions		ph_geography	geography	en	ph,geography,batch17,high-penetrancy,detail-hop	86400	17 regions with name and PSGC code. The detail form expands a region into its provinces, verified with code 0100000000 (4 provinces returned).  A per-record detail endpoint was verified for this source; see the batch's detail-hops side-car. This collector fetches the list endpoint only.	no	pending-independent-probe
vn-vietqr-banks	https://api.vietqr.io/v2/banks	json:data	65	Vietnam Bank Directory (BIN, SWIFT and short name)		vn_finance	finance	vi	vn,finance,batch17,high-penetrancy	86400	65 Vietnamese banks. Fields: id, name (full legal Vietnamese name), code, bin (6-digit Napas BIN, e.g. 970415), shortName, swift_code (e.g. ICBVVNVX), transferSupported, lookupSupported. Resolves BIN/SWIFT seen in Vietnamese payment artefacts to a named institution.	no	pending-independent-probe
vn-admin-wards	https://provinces.open-api.vn/api/w/	json-array	10051	Vietnam Administrative Units - Wards/Communes		vn_geography	geography	vi	vn,geography,batch17,high-penetrancy	86400	10,051 wards/communes. Fields: name (Vietnamese, e.g. 'Phuong Phuc Xa'), code, division_type, codename, district_code linking up to the district list. Lowest-level resolver for Vietnamese addresses.	no	pending-independent-probe
vn-admin-districts	https://provinces.open-api.vn/api/d/	json-array	696	Vietnam Administrative Units - Districts		vn_geography	geography	vi	vn,geography,batch17,high-penetrancy,detail-hop	86400	696 districts. Fields: name, code, division_type, codename, province_code. The detail form with depth=2 expands a district into its wards (verified on code 1, 'Quan Ba Dinh').  A per-record detail endpoint was verified for this source; see the batch's detail-hops side-car. This collector fetches the list endpoint only.	no	pending-independent-probe
vn-admin-provinces	https://provinces.open-api.vn/api/	json-array	63	Vietnam Administrative Units - Provinces		vn_geography	geography	vi	vn,geography,batch17,high-penetrancy,detail-hop	86400	63 provinces/centrally-run cities. Fields: name, code, division_type, codename, phone_code, districts. The detail form with depth=2 returns the province plus its 30 districts (verified on code 1, Ha Noi).  A per-record detail endpoint was verified for this source; see the batch's detail-hops side-car. This collector fetches the list endpoint only.	no	pending-independent-probe
th-thaiwater-rain-today	https://api-v3.thaiwater.net/api/v1/thaiwater30/public/rain_today	json:data	4499	Thailand ThaiWater - Rainfall Today (all telemetry stations)		th_hazard	hazard	th	th,hazard,batch17,high-penetrancy	86400	4,499 station readings. Each record: id, rainfall_value, rainfall_datetime, station_type, plus nested agency (Thai/English ministry and department names), geocode (province/amphoe/tumbon Thai+English) and station (tele_station_name Thai+English, lat/long, oldcode). Station-to-operating-agency pivot across Thai water agencies.	no	pending-independent-probe
th-thaiwater-rain-24h	https://api-v3.thaiwater.net/api/v1/thaiwater30/public/rain_24h	json:data	4018	Thailand ThaiWater - 24-hour Rainfall (all telemetry stations)		th_hazard	hazard	th	th,hazard,batch17,high-penetrancy	86400	4,018 records: id, rain_24h, rain_1h, rainfall_datetime, station_type, agency (e.g. Department of Water Resources), geocode with warning_zone/area/amphoe/tumbon/province in Thai and English, station with name and coordinates.	no	pending-independent-probe
th-thaiwater-waterlevel	https://api-v3.thaiwater.net/api/v1/thaiwater30/public/waterlevel_load	json:waterlevel_data.data	1429	Thailand ThaiWater - River Water Levels (telemetry, with situation level)		th_hazard	hazard	th	th,hazard,batch17,high-penetrancy	86400	1,429 river gauge readings. Fields: id, waterlevel_datetime, waterlevel_m/msl, flow_rate, discharge, storage_percent, station_type, situation_level (1-5 flood severity), diff_wl_bank_text, river_gid/river_name plus nested agency, basin and station (tele_station_name EN/TH, coordinates). NOTE the document also carries sibling reference arrays (province 80, basin 24, agency 10) - the records are at waterlevel_data.data.	no	pending-independent-probe
th-thaiwater-rain-yesterday	https://api-v3.thaiwater.net/api/v1/thaiwater30/public/rain_yesterday	json:data	126	Thailand ThaiWater - Yesterday's Rainfall by Named Station		th_hazard	hazard	th	th,hazard,batch17,high-penetrancy	86400	126 daily station totals. Fields: id, tele_station_id, tele_station_name (EN/TH), rainfall_datetime, rainfall_value, province_code/province_name, coordinates, amphoe_name, tumbon_name, agency_name (e.g. Thai Meteorological Department), warning_zone, basin, sub_basin_id, tele_station_oldcode.	no	pending-independent-probe
mm-mimu-geonode-layers	https://geonode.themimu.info/api/layers/	json:objects	77	Myanmar MIMU GeoNode - Spatial Layers		mm_geodata	geodata	en	mm,geodata,batch17,high-penetrancy,detail-hop	86400	77 Myanmar geospatial layers (village points by region, admin boundaries, forest cover). Fields: id, title, abstract, category__gn_description, date, detail_url, distribution_url, owner__username, csw_wkt_geometry bounding polygon, uuid. Detail fetch on id 804 returned the full metadata record (typename, workspace, store, keywords, regions, temporal extent, owner) - verified.  A per-record detail endpoint was verified for this source; see the batch's detail-hops side-car. This collector fetches the list endpoint only.	no	pending-independent-probe
mm-mimu-geonode-documents	https://geonode.themimu.info/api/documents/	json:objects	7	Myanmar MIMU GeoNode - Documents		mm_geodata	geodata	en	mm,geodata,batch17,high-penetrancy	86400	Documents attached to Myanmar datasets (licences, methodology notes). Fields: id, title, abstract, category__gn_description, date, detail_url, owner__username, uuid.	no	pending-independent-probe
mm-mimu-geonode-maps	https://geonode.themimu.info/api/maps/	json:objects	7	Myanmar MIMU GeoNode - Maps		mm_geodata	geodata	en	mm,geodata,batch17,high-penetrancy	86400	Published Myanmar map compositions (e.g. 'Nay Pyi Taw Villages'). Fields: id, title, abstract, date, detail_url, owner__username, thumbnail_url, uuid.	no	pending-independent-probe
mm-mimu-geonode-profiles	https://geonode.themimu.info/api/profiles/	json:objects	17	Myanmar MIMU GeoNode - Contributor Profiles		mm_geodata	geodata	en	mm,geodata,batch17,high-penetrancy	86400	17 contributor accounts behind the Myanmar layers. Fields: id, username, first_name, last_name, organization, position, city, country, email, date_joined, layers_count, maps_count, documents_count, profile_detail_url, activity_stream_url. Turns each layer's owner__username into a named person/organisation - the person-behind-the-record pivot for this GeoNode.	no	pending-independent-probe
bn-mofe-tender-notices	https://www.mofe.gov.bn/wp-json/wp/v2/posts?per_page=20	json-array	20	Brunei Ministry of Finance and Economy - Notices (tender announcements)		bn_procurement	procurement	ms	bn,procurement,batch17,high-penetrancy,detail-hop	21600	Brunei MoFE posting feed, in practice the ministry's tender-notice stream (first record title: 'DAILY COLLECTION AND DISPOSAL OF WASTES FROM WASTE COLLECTION CENTRE IN AYER BERKUNCHI, KAMPONG KASAT FOR A PERIOD OF THREE (03) YEARS'). Fields: id, date, modified, slug, status, link, title.rendered, content.rendered, excerpt, author, categories, tags. Detail fetch on id 8161 returned the full single post - verified. Keep per_page=20 so the root record array is unambiguously the densest.  A per-record detail endpoint was verified for this source; see the batch's detail-hops side-car. This collector fetches the list endpoint only.	no	pending-independent-probe
bn-deps-statistics-notices	https://deps.mofe.gov.bn/wp-json/wp/v2/posts?per_page=20	json-array	17	Brunei Department of Economic Planning and Statistics - Releases		bn_statistics	statistics	ms	bn,statistics,batch17,high-penetrancy	86400	DEPS release feed (statistical bulletins, census/enumeration notices such as 'Penyenaraian Tempat Kediaman 3-23 Ogos 2026'). Fields: id, date, modified, slug, status, link, title.rendered, content.rendered, author, categories.	no	pending-independent-probe
bn-jpm-pmo-notices	https://www.jpm.gov.bn/wp-json/wp/v2/posts?per_page=20	json-array	20	Brunei Prime Minister's Office (Jabatan Perdana Menteri) - Announcements		bn_government	government	ms	bn,government,batch17,high-penetrancy	86400	Brunei PMO announcement feed. Same WordPress record shape: id, date, modified, slug, status, link, title.rendered, content.rendered, author, categories, tags.	no	pending-independent-probe
kh-mptc-announcements	https://mptc.gov.kh/wp-json/wp/v2/posts?per_page=20	json-array	20	Cambodia Ministry of Post and Telecommunications - Announcements		kh_government	government	km	kh,government,batch17,high-penetrancy	86400	Khmer-language ministry feed (ministerial meetings, telecom policy, licensing news). Fields: id, date, modified, slug, status, link, title.rendered (Khmer), content.rendered, author, categories with named category objects, plus a yoast_head_json block carrying headline and author name. Keep per_page=20: at small page sizes the embedded schema @graph arrays can rival the record array.	no	pending-independent-probe
my-flood-warning-stations	https://api.data.gov.my/flood-warning	json-array	1276	Malaysia National Flood Warning Telemetry Stations		my_hazard	hazard	en	my,hazard,batch17,high-penetrancy	86400	1,276 DID telemetry stations. Fields: station_id, station_name, latitude, longitude, district, state, sub_basin, main_basin, station_type, water_level_current plus normal/alert/warning/danger thresholds, water_level_indicator (e.g. ALERT), water_level_trend, rainfall_latest_1hr, rainfall_total_today, rainfall_indicator, station_status, station_code and update timestamps. Named station with both an id-ish and a name-ish key.	no	pending-independent-probe
au-asic-company-register	https://data.gov.au/data/api/3/action/datastore_search?resource_id=5c3914e6-413e-4a2c-b890-bf8efe3eabf2&limit=100	json:result.records	4429846	ASIC — Australian company register (full)		au_registry	registry	en	au,registry,batch17,high-penetrancy,detail-hop	86400	Every company ever registered in Australia: Company Name, ACN, Type, Class, Sub Class, Status (REGD/DRGD), Date of Registration, Date of Deregistration, Previous State of Registration, State Registration number, ABN, Current Name and Current Name Start Date. 4.4M rows, and &q=<name> full-text searches it server-side.  A per-record detail endpoint was verified for this source; see the batch's detail-hops side-car. This collector fetches the list endpoint only.	no	pending-independent-probe
au-asic-business-names	https://data.gov.au/data/api/3/action/datastore_search?resource_id=55ad4b1c-5eeb-44ea-8b29-d410da431be3&limit=100	json:result.records	3305650	ASIC — Australian business names register		au_registry	registry	en	au,registry,batch17,high-penetrancy,detail-hop	86400	Every registered Australian trading name with BN_NAME, BN_STATUS, BN_REG_DT, BN_CANCEL_DT, BN_STATE_NUM, BN_STATE_OF_REG and — the pivot that matters — BN_ABN linking the trading name to the legal entity behind it.  A per-record detail endpoint was verified for this source; see the batch's detail-hops side-car. This collector fetches the list endpoint only.	no	pending-independent-probe
au-asic-banned-disqualified-persons	https://data.gov.au/data/api/3/action/datastore_search?resource_id=741da9e3-7e0c-458e-830c-c518698e1788&limit=100	json:result.records	7210	ASIC — banned and disqualified persons		au_enforcement	enforcement	en	au,enforcement,batch17,high-penetrancy,detail-hop	86400	Named individuals banned by ASIC: BD_PER_NAME, BD_PER_TYPE (Banned Securities / AFS banning / Credit banning / director disqualification), BD_PER_DOC_NUM, start and end dates of the ban, suburb, state, postcode, country and ASIC's comments.  A per-record detail endpoint was verified for this source; see the batch's detail-hops side-car. This collector fetches the list endpoint only.	no	pending-independent-probe
au-asic-banned-disqualified-organisations	https://data.gov.au/data/api/3/action/datastore_search?resource_id=ced03961-e6f7-4263-895a-0fd1d7996043&limit=100	json:result.records	15	ASIC — banned and disqualified organisations		au_enforcement	enforcement	en	au,enforcement,batch17,high-penetrancy,detail-hop	86400	Corporate entities banned by ASIC: BD_ORG_ACN, BD_ORG_NAME, BD_ORG_TYPE, ban start and end dates, an ASIC reference URL and comments. Small register but it names companies, and the ACN pivots straight into the 4.4M-row company register.  A per-record detail endpoint was verified for this source; see the batch's detail-hops side-car. This collector fetches the list endpoint only.	no	pending-independent-probe
au-asic-liquidators	https://data.gov.au/data/api/3/action/datastore_search?resource_id=02388d87-3f0b-48fd-bffa-c4a661962fc3&limit=100	json:result.records	666	ASIC — registered liquidators		au_registry	registry	en	au,registry,batch17,high-penetrancy,detail-hop	86400	Every registered and official liquidator in Australia: LIQ_NAME, LIQ_NUM, OFF_LIQ_NUM, registration start dates, LIQ_STATUS, suspension date, locality/state/postcode and LIQ_FIRM — the insolvency practitioner behind a collapse, tied to their firm.  A per-record detail endpoint was verified for this source; see the batch's detail-hops side-car. This collector fetches the list endpoint only.	no	pending-independent-probe
au-asic-registered-auditors	https://data.gov.au/data/api/3/action/datastore_search?resource_id=0f2e41ec-6f49-4d35-8e6d-ebcd4a0e3e27&limit=100	json:result.records	2979	ASIC — registered company auditors		au_registry	registry	en	au,registry,batch17,high-penetrancy,detail-hop	86400	Registered auditors and audit firms: REG_AUD_NAME, REG_AUD_NUM, REG_AUD_ACN, registration date, status, suspension date and address. The ACN links an audit firm to its own company record.  A per-record detail endpoint was verified for this source; see the batch's detail-hops side-car. This collector fetches the list endpoint only.	no	pending-independent-probe
au-asic-afs-licensees	https://data.gov.au/data/api/3/action/datastore_search?resource_id=d98a113d-6b50-40e6-b65f-2612efc877f4&limit=100	json:result.records	6510	ASIC — Australian Financial Services licensees		au_finance	finance	en	au,finance,batch17,high-penetrancy,detail-hop	86400	AFS licence holders: AFS_LIC_NUM, AFS_LIC_NAME, AFS_LIC_ABN_ACN, licence start date, pre-FSR authorisations, address, and the full AFS_LIC_CONDITION text spelling out exactly what financial products the licensee may deal in and advise on.  A per-record detail endpoint was verified for this source; see the batch's detail-hops side-car. This collector fetches the list endpoint only.	no	pending-independent-probe
au-asic-afs-authorised-representatives	https://data.gov.au/data/api/3/action/datastore_search?resource_id=5515dfcc-5266-44df-950d-7e359a83d514&limit=100	json:result.records	362694	ASIC — AFS authorised representatives		au_finance	finance	en	au,finance,batch17,high-penetrancy,detail-hop	86400	363k authorised representatives sitting under AFS licensees: AFS_REP_NAME, AFS_REP_NUM, the AFS_LIC_NUM they act for, AFS_REP_ABN/ACN, appointment and cessation dates, status, address, cross-endorsement flag and per-authorisation columns. This is the person-behind-the-licensee layer.  A per-record detail endpoint was verified for this source; see the batch's detail-hops side-car. This collector fetches the list endpoint only.	no	pending-independent-probe
au-asic-credit-licensees	https://data.gov.au/data/api/3/action/datastore_search?resource_id=35953a01-a9a8-4609-8566-c9fa7de465d3&limit=100	json:result.records	4347	ASIC — Australian credit licensees		au_finance	finance	en	au,finance,batch17,high-penetrancy,detail-hop	86400	Credit licence holders: CRED_LIC_NUM, CRED_LIC_NAME, CRED_LIC_ABN_ACN, linked AFSL number, status and status history, locality/state/postcode with latitude and longitude, external dispute resolution scheme, registered business names and the full authorisations text.  A per-record detail endpoint was verified for this source; see the batch's detail-hops side-car. This collector fetches the list endpoint only.	no	pending-independent-probe
au-asic-credit-representatives	https://data.gov.au/data/api/3/action/datastore_search?resource_id=999d9e92-df2c-4d6d-b580-321dcd205292&limit=100	json:result.records	47741	ASIC — credit representatives		au_finance	finance	en	au,finance,batch17,high-penetrancy,detail-hop	86400	Credit representatives and the licensee that appointed them: CRED_REP_NAME, CRED_REP_NUM, CRED_LIC_NUM, ABN/ACN, appointment and end dates, locality/state/postcode, EDR scheme and authorisations. Pairs with the credit-licensee register to build the appointment chain.  A per-record detail endpoint was verified for this source; see the batch's detail-hops side-car. This collector fetches the list endpoint only.	no	pending-independent-probe
au-asic-financial-advisers	https://data.gov.au/data/api/3/action/datastore_search?resource_id=91d80440-5787-46fc-99de-0c1d93e6cc9f&limit=100	json:result.records	89198	ASIC — Financial Advisers Register		au_finance	finance	en	au,finance,batch17,high-penetrancy,detail-hop	86400	Every financial adviser on ASIC's register: ADV_NAME, ADV_NUMBER, ADV_ROLE and sub-type, role status, adviser ABN, year first provided advice, LICENCE_NAME / LICENCE_NUMBER / LICENCE_ABN and LICENCE_CONTROLLED_BY, start and end dates, overall registration status and CPD failure year.  A per-record detail endpoint was verified for this source; see the batch's detail-hops side-car. This collector fetches the list endpoint only.	no	pending-independent-probe
au-asic-smsf-auditors	https://data.gov.au/data/api/3/action/datastore_search?resource_id=13b12e77-8fda-42ca-aa43-23715036836b&limit=100	json:result.records	29979	ASIC — approved SMSF auditors		au_finance	finance	en	au,finance,batch17,high-penetrancy,detail-hop	86400	Approved self-managed-super-fund auditors: SMSF_NAME, SMSF_NUM, status, person ABN, registration and suspension dates, locality/state/postcode, the firm they act through (SMSF_CAPACITY_FIRM_NAME) and any ASIC-imposed condition with its full text and condition number.  A per-record detail endpoint was verified for this source; see the batch's detail-hops side-car. This collector fetches the list endpoint only.	no	pending-independent-probe
au-acnc-charity-register	https://data.gov.au/data/api/3/action/datastore_search?resource_id=eb1e6be4-5b13-4feb-b28e-388bf7c26f93&limit=100	json:result.records	66076	ACNC — Australian charities register		au_registry	registry	en	au,registry,batch17,high-penetrancy,detail-hop	86400	Every registered Australian charity: ABN, Charity_Legal_Name, Other_Organisation_Names, full street address, Charity_Website, Registration_Date, Date_Organisation_Established, Charity_Size, Number_of_Responsible_Persons, financial year end and per-state operating flags.  A per-record detail endpoint was verified for this source; see the batch's detail-hops side-car. This collector fetches the list endpoint only.	no	pending-independent-probe
au-acnc-annual-information-statement-2024	https://data.gov.au/data/api/3/action/datastore_search?resource_id=710630ea-1202-4bbb-95f7-3973a972ddf8&limit=100	json:result.records	53857	ACNC — 2024 Annual Information Statement		au_finance	finance	en	au,finance,batch17,high-penetrancy,detail-hop	86400	The financial and activity return each Australian charity files: abn, charity name, registration status, website, size, basic-religious-charity flag, AIS due date, dates the AIS and financial report were received, whether activities were conducted, and a long block of international-activity disclosures (transferring goods or services overseas, operating overseas).  A per-record detail endpoint was verified for this source; see the batch's detail-hops side-car. This collector fetches the list endpoint only.	no	pending-independent-probe
au-gov-contracts-historical	https://data.gov.au/data/api/3/action/datastore_search?resource_id=06439664-bbcf-4118-a604-164006bffcaa&limit=100	json:result.records	72500	Australian Government historical contract notices		au_procurement	procurement	en	au,procurement,batch17,high-penetrancy,detail-hop	21600	Commonwealth contract notices with Agency Name, Parent Contract ID, Contract ID (CN number), Publish/Start/End dates, Value, amendment date and amendment value, Description, Agency Ref ID and UNSPSC code — the award trail behind a federal supplier.  A per-record detail endpoint was verified for this source; see the batch's detail-hops side-car. This collector fetches the list endpoint only.	no	pending-independent-probe
au-government-organisations-register	https://data.gov.au/data/api/3/action/datastore_search?resource_id=90b13a5b-fd2e-440c-b253-9cbf314d3da3&limit=100	json:result.records	1381	Australian Government Organisations Register		au_government	government	en	au,government,batch17,high-penetrancy,detail-hop	86400	Every Commonwealth body: Id (O-xxxxxx), Title, Portfolio, Classification (primary body / subsidiary), Type of Body (non-corporate Commonwealth entity, company, statutory authority), GFS sector classification, materiality and a prose description. Maps the federal entity graph.  A per-record detail endpoint was verified for this source; see the batch's detail-hops side-car. This collector fetches the list endpoint only.	no	pending-independent-probe
au-ndis-commission-compliance-actions	https://data.gov.au/data/api/3/action/datastore_search?resource_id=7e08bcc8-d3a0-403b-bac7-936ec4d48694&limit=100	json:result.records	3704	NDIS Quality and Safeguards Commission — compliance actions		au_enforcement	enforcement	en	au,enforcement,batch17,high-penetrancy,detail-hop	86400	Regulatory actions against NDIS providers: Type (revocation of registration, banning order, compliance notice), Date effective from, Date no longer in force, provider Name including trading name, ABN, city/state/postcode, provider number and the registration groups affected. Names companies and the sanction against them.  A per-record detail endpoint was verified for this source; see the batch's detail-hops side-car. This collector fetches the list endpoint only.	no	pending-independent-probe
au-apvma-pubcris-products	https://data.gov.au/data/api/3/action/datastore_search?resource_id=a83d500d-b47a-4f03-9d77-4c0524217855&limit=100	json:result.records	26344	APVMA PUBCRIS — registered agvet chemical products		au_regulatory	regulatory	en	au,regulatory,batch17,high-penetrancy,detail-hop	86400	Registered agricultural and veterinary chemical products with pcode, regno and regdate. Thin: only three data columns, so the emitted label is the row number rather than a product name — useful as a registration-number index, not as a browsable list.  A per-record detail endpoint was verified for this source; see the batch's detail-hops side-car. This collector fetches the list endpoint only.	no	pending-independent-probe
au-ipgod-ip-rights-2022	https://data.gov.au/data/api/3/action/datastore_search?resource_id=952d7cf9-8412-4205-80de-405a725a2017&limit=100	json:result.records	10368	IP Australia IPGOD — IP right records		au_ip	ip	en	au,ip,batch17,high-penetrancy,detail-hop	86400	Australian intellectual-property rights: ip_right_type and sub_type (pbr, patent, trade mark), application_number, status, earliest filed date, priority date, date registration and enforceable status were gained, enforceable-from and deemed-retired dates.  A per-record detail endpoint was verified for this source; see the batch's detail-hops side-car. This collector fetches the list endpoint only.	no	pending-independent-probe
au-austender-ocds-contracts-published	https://api.tenders.gov.au/ocds/findByDates/contractPublished/2025-01-01T00:00:00Z/2025-01-03T23:59:59Z	json:releases	100	AusTender — OCDS contract releases (published)		au_procurement	procurement	en	au,procurement,batch17,high-penetrancy	21600	Full Open Contracting releases for Commonwealth contracts published in a date window. Each release carries a parties[] array naming the supplier with its AU-ABN additionalIdentifier and address, plus the buyer, tender, award and contract blocks. Keyless, and the date range is the pagination handle.	no	pending-independent-probe
au-austender-ocds-contracts-modified	https://api.tenders.gov.au/ocds/findByDates/contractLastModified/2025-03-01T00:00:00Z/2025-03-02T23:59:59Z	json:releases	100	AusTender — OCDS contract amendments (last modified)		au_procurement	procurement	en	au,procurement,batch17,high-penetrancy	21600	The same OCDS release structure filtered on last-modified date, which surfaces contract AMENDMENTS — value variations and extensions that never appear in the original publication feed. Same parties[]/ABN payload. Other valid dateTypes on this endpoint are contractStart and contractEnd.	no	pending-independent-probe
au-vic-building-practitioner-register	https://discover.data.vic.gov.au/api/3/action/datastore_search?resource_id=3599fa1f-29f3-417e-8679-1842e2e6e2df&limit=100	json:result.records	48363	Victorian Building Authority — building practitioner register		au_registry	registry	en	au,registry,batch17,high-penetrancy,detail-hop	86400	Registered Victorian building practitioners: Account Name, Type (Person / Company), Accreditation ID, Accreditation Status, ABN, ACN, Limitation (e.g. Commercial Builder - Limited) and commenced/expires dates. The ABN and ACN pivot into the ASIC company register.  A per-record detail endpoint was verified for this source; see the batch's detail-hops side-car. This collector fetches the list endpoint only.	no	pending-independent-probe
au-qld-environmental-enforcement-actions	https://www.data.qld.gov.au/api/3/action/datastore_search?resource_id=7b334c2a-54dd-4ebe-a429-ad7123102cf2&limit=100	json:result.records	1797	Queensland — environmental enforcement actions register		au_enforcement	enforcement	en	au,enforcement,batch17,high-penetrancy,detail-hop	86400	Queensland environmental enforcement orders naming the recipient: Enforcement Reference, Enforcement Type (Environmental Enforcement Order, Transitional Environmental Program), Issued To (person or company), CC To, Issued Date, Status, Activities, Locations (lot/plan), related environmental authority, evaluator name and subsequent action.  A per-record detail endpoint was verified for this source; see the batch's detail-hops side-car. This collector fetches the list endpoint only.	no	pending-independent-probe
au-qld-environmental-authorities	https://www.data.qld.gov.au/api/3/action/datastore_search?resource_id=a9658145-87bd-4258-a689-5aec29d49792&limit=100	json:result.records	15141	Queensland — environmental authorities (permit holders)		au_regulatory	regulatory	en	au,regulatory,batch17,high-penetrancy,detail-hop	86400	Queensland environmental permits: Permit Reference, Permit Type, Permit Holder(s) (named company), Effective Date, Status (Granted/Surrendered), Condition Type, Industry, the specific Environmentally Relevant Activities authorised and locations. Facility-level regulatory footprint behind a corporate name.  A per-record detail endpoint was verified for this source; see the batch's detail-hops side-car. This collector fetches the list endpoint only.	no	pending-independent-probe
au-qld-contracts-awarded	https://www.data.qld.gov.au/api/3/action/datastore_search?resource_id=9a72dd9f-2e07-4ac6-bc45-a2d2ec76522a&limit=100	json:result.records	19000	Queensland Government contracts directory — awarded contracts		au_procurement	procurement	en	au,procurement,batch17,high-penetrancy,detail-hop	21600	Awarded Queensland state contracts: Agency Name and Agency Address, contract Description, Date, Value, Supplier Name and Supplier Address. Supplier addresses at street level make this unusually good for entity resolution.  A per-record detail endpoint was verified for this source; see the batch's detail-hops side-car. This collector fetches the list endpoint only.	no	pending-independent-probe
au-qld-health-grant-recipients	https://www.data.qld.gov.au/api/3/action/datastore_search?resource_id=bad2b05f-10eb-4ff0-96a4-a9651b512dac&limit=100	json:result.records	65535	Queensland Health — grant funding recipients		au_finance	finance	en	au,finance,batch17,high-penetrancy,detail-hop	86400	Organisations funded by Queensland Health: Organisation Name, Project Title, description of the funded services, Contract End Date and the funding amount per financial year. Follows public money to named non-government providers.  A per-record detail endpoint was verified for this source; see the batch's detail-hops side-car. This collector fetches the list endpoint only.	no	pending-independent-probe
au-qld-supplier-arrangements	https://www.data.qld.gov.au/api/3/action/datastore_search?resource_id=f64bdb14-0af1-43bb-9aaa-99c19cb66097&limit=100	json:result.records	250	Queensland — supplier procurement arrangements directory		au_procurement	procurement	en	au,procurement,batch17,high-penetrancy,detail-hop	21600	Standing offer arrangements: ID ref, Arrangement Number, Arrangement Name, State (Published), Categories / Subcategories / Product and Service Groups, Start and Expiry dates, Status and access permission. The panel structure suppliers sit inside.  A per-record detail endpoint was verified for this source; see the batch's detail-hops side-car. This collector fetches the list endpoint only.	no	pending-independent-probe
au-qld-water-service-providers	https://www.data.qld.gov.au/api/3/action/datastore_search?resource_id=bf61b1eb-fe8b-4c90-9699-86b35cc43fc2&limit=100	json:result.records	211	Queensland — registered water service providers		au_registry	registry	en	au,registry,batch17,high-penetrancy,detail-hop	86400	Registered drinking-water and sewerage service providers: Name (literal field), SPID, and boolean flags for drinking water provider, water service and sewerage service. Small register but the label field is an exact 'Name'.  A per-record detail endpoint was verified for this source; see the batch's detail-hops side-car. This collector fetches the list endpoint only.	no	pending-independent-probe
au-qld-resource-authority-name-changes	https://www.data.qld.gov.au/api/3/action/datastore_search?resource_id=ad42f0d7-6cb4-45b4-995b-317fbc7a74d4&limit=100	json:result.records	14	Queensland — resource authority holder name changes		au_registry	registry	en	au,registry,batch17,high-penetrancy,detail-hop	86400	Mining and petroleum permit holder renames: Permit Number, Permit Type, Activity ID, Authorised Holder, Completion Date, LGA, and Notes spelling out the old and new corporate names verbatim. Tiny but it is a direct corporate-rename ledger for resource tenements.  A per-record detail endpoint was verified for this source; see the batch's detail-hops side-car. This collector fetches the list endpoint only.	no	pending-independent-probe
nz-charities-officers	https://www.odata.charities.govt.nz/Officers?$format=json&$top=200	json:d	583300	NZ Charities Services — officers register		nz_officers	officers	en	nz,officers,batch17,high-penetrancy,detail-hop	86400	583k charity officers with FirstName/MiddleName/LastName/FullName, ContactId, OrganisationId, PositioninOrganisation (Chair, Trustee), appointment and last-day dates, OfficerStatus, and a full disqualification block: BannedDirector, IsNotDisqualified, OfficerProhibitedFromBeingDirector, OfficerUndischargedBankrupt, OfficerBeenConvicted, ConvictedOfAnOffenseRelatingToTerrorism, SubjectToBanningOrder, DisqualifiedByBoard, OfficerSubjectToPropertyOrder.  A per-record detail endpoint was verified for this source; see the batch's detail-hops side-car. This collector fetches the list endpoint only.	no	pending-independent-probe
nz-charities-officer-organisations	https://www.odata.charities.govt.nz/vOfficerOrganisations?$format=json&$top=200	json:d	583300	NZ Charities Services — officer-to-organisation join view		nz_officers	officers	en	nz,officers,batch17,high-penetrancy,detail-hop	86400	The officer record joined to its charity in one row: FullName, OfficerId, ContactId, position, appointment date and disqualification flags PLUS the organisation's Name, CharityRegistrationNumber, NZBNNumber, CharitySummaryURL, WebSiteURL, email and telephone. One request gives you person and entity together — and the NZBN pivots into the NZ business register.  A per-record detail endpoint was verified for this source; see the batch's detail-hops side-car. This collector fetches the list endpoint only.	no	pending-independent-probe
nz-charities-organisations-view	https://www.odata.charities.govt.nz/vOrganisations?$format=json&$top=200	json:d	45930	NZ Charities Services — registered charities (extended view)		nz_registry	registry	en	nz,registry,batch17,high-penetrancy,detail-hop	86400	45,930 registered NZ charities with a literal Name field, OrganisationId, AccountId GUID, CharityRegistrationNumber (CCxxxxx), NZBNNumber, CharitySummaryURL, WebSiteURL, email and phone. Distinct from the base Organisations set: this view carries the NZBN and contact columns.  A per-record detail endpoint was verified for this source; see the batch's detail-hops side-car. This collector fetches the list endpoint only.	no	pending-independent-probe
nz-charities-annual-returns	https://www.odata.charities.govt.nz/AnnualReturn?$format=json&$top=200	json:d	421740	NZ Charities Services — annual financial returns		nz_finance	finance	en	nz,finance,batch17,high-penetrancy	86400	421k charity annual returns with roughly 90 financial columns per row: OrganisationId, GroupId, AsAtDate, YearEnded, Status, all current and non-current liabilities, cash and bank balances, investments, land and buildings, GovtGrantsContracts, GrantsPaidWithinNZ and GrantsPaidOutsideNZ, SalariesAndWages, employee counts and volunteer hours. NOTE: no name field — the label is AnnualReturnId, or the AsAtDate + numeric fallback.	no	pending-independent-probe
hk-legco-voting-results	https://app.legco.gov.hk/vrdb/odata/vVotingResult?$format=json&$top=200	json:value	541840	Hong Kong LegCo — voting results database		hk_government	government	en	hk,government,batch17,high-penetrancy,detail-hop	86400	541,840 individual division records from the Legislative Council: id, start_date, committee type, term_no, vote_number, vote_date, vote_time, the motion text in Chinese and English, and the member-level vote. Shows exactly how each HK legislator voted on each motion.  A per-record detail endpoint was verified for this source; see the batch's detail-hops side-car. This collector fetches the list endpoint only.	no	pending-independent-probe
hk-legco-bills	https://app.legco.gov.hk/BillsDB/odata/Vbills?$format=json&$top=200	json:value	6879	Hong Kong LegCo — bills database		hk_legal	legal	en	hk,legal,batch17,high-penetrancy	43200	Every bill put before LegCo: internal_key, ordinance_title_eng and _chi, bill_title_eng and _chi, and ordinance_content_url_eng/_chi linking straight to the consolidated text on elegislation.gov.hk. The legislative history behind any HK ordinance.	no	pending-independent-probe
hk-legco-hansard-speeches	https://app.legco.gov.hk/OpenData/HansardDB/Speeches?$format=json&$top=200	json:value	550841	Hong Kong LegCo — Hansard speeches		hk_government	government	en	hk,government,batch17,high-penetrancy	86400	550,841 individual speeches from the LegCo record: RundownID, HansardID, MeetingDate, HansardType (English/Chinese), SectionID and SectionName, SpeakerID, SpeakerName and the full Speeches text. Every attributable utterance by a named HK legislator or official since 2001.	no	pending-independent-probe
hk-companies-registry-new-local-companies	https://www.cr.gov.hk/docs/wrpt/RNC063/RNC063L_20250303.csv	csv	3988	Hong Kong Companies Registry — newly registered local companies (weekly)		hk_registry	registry	en	hk,registry,batch17,high-penetrancy	86400	The Companies Registry's weekly drop of newly incorporated Hong Kong companies: Seq, Current Company Name in English, Current Company Name in Chinese, BR Number (business registration number), Date of Incorporation and Date of Change of name. HK gates almost everything else behind paid document purchase — this is the free incorporation firehose. URL date rotates weekly; the dated file stays served.	no	pending-independent-probe
hk-companies-registry-new-nonhk-companies	https://www.cr.gov.hk/docs/wrpt/RNC063/RNC063F_20250303.csv	csv	31	Hong Kong Companies Registry — newly registered non-Hong Kong companies (weekly)		hk_registry	registry	en	hk,registry,batch17,high-penetrancy	86400	Foreign companies newly registered to carry on business in Hong Kong: Seq, Current Corporate Name / Other Corporate Name, Current Approved Name for Carrying on Business in H.K., BR Number, Date of Registration and Date of Change of name. Each entity appears twice, once in Latin script and once in Chinese, sharing a Seq — the cross-script alias pair is itself the intel.	no	pending-independent-probe
hk-licensed-security-companies	https://www.sb.gov.hk/datagovhk/sgsia/data_en.csv	csv	1464	Hong Kong Security and Guarding Services Industry Authority — licensed security companies		hk_registry	registry	en	hk,registry,batch17,high-penetrancy	86400	Every licensed HK security company: Company name (English), other name the company may trade as, Type(s) of security work, Licence Number, full street Address and Telephone Number. Address and phone make this directly useful for entity resolution against the Companies Registry.	no	pending-independent-probe
kr-law-english-statutes	https://www.law.go.kr/DRF/lawSearch.do?OC=test&target=elaw&type=JSON&query=fair	json:LawSearch.law	20	Korea MOLEG — English-titled statute search		kr_legal	legal	ko	kr,legal,batch17,high-penetrancy,detail-hop	43200	Korean statutes with both Korean and ENGLISH names: id, 법령ID, 법령일련번호 (MST), 법령명한글, 법령명영문 (e.g. FAIR TRANSACTIONS IN FRANCHISE BUSINESS ACT), 법령구분명, 소관부처명 (competent ministry), 공포번호, 공포일자, 시행일자 and a detail link. Keyless — OC=test is the documented public demo id and it works.  A per-record detail endpoint was verified for this source; see the batch's detail-hops side-car. This collector fetches the list endpoint only.	no	pending-independent-probe
kr-supreme-court-precedents	https://www.law.go.kr/DRF/lawSearch.do?OC=test&target=prec&type=JSON&query=%ED%9A%8C%EC%82%AC	json:PrecSearch.prec	20	Korea — Supreme Court and lower court precedent search		kr_courts	courts	ko	kr,courts,batch17,high-penetrancy,detail-hop	86400	Korean court judgments matching a query: id, 사건번호 (case number, e.g. 대법원-2025-두-34754), 사건명 (case name, which names the parties), 선고일자, 법원명, 사건종류명, 판례일련번호 and 판례상세링크. The detail service returns 판시사항, 판결요지 and the full reasoning. This is Korea's case-law layer, keyless.  A per-record detail endpoint was verified for this source; see the batch's detail-hops side-car. This collector fetches the list endpoint only.	no	pending-independent-probe
kr-local-ordinances	https://www.law.go.kr/DRF/lawSearch.do?OC=test&target=ordin&type=JSON&query=%EC%84%9C%EC%9A%B8	json:OrdinSearch.law	20	Korea — municipal ordinance and rule search		kr_legal	legal	ko	kr,legal,batch17,high-penetrancy,detail-hop	43200	Local-government ordinances: id, 자치법규ID, 자치법규명, 자치법규일련번호, 지자체기관명 (the specific city/gu that enacted it, e.g. 서울특별시 송파구), 자치법규종류, 시행일자 and detail link. Ties regulatory action to a named Korean local authority.  A per-record detail endpoint was verified for this source; see the batch's detail-hops side-car. This collector fetches the list endpoint only.	no	pending-independent-probe
kr-constitutional-court-decisions	https://www.law.go.kr/DRF/lawSearch.do?OC=test&target=detc&type=JSON&query=%ED%9A%8C%EC%82%AC	json:DetcSearch.Detc	20	Korea Constitutional Court — decision search		kr_courts	courts	ko	kr,courts,batch17,high-penetrancy,detail-hop	86400	Constitutional Court rulings: id, 사건번호 (e.g. 2002헌가20), 종국일자, 사건명 naming the statute under challenge, 헌재결정례일련번호 and detail link. The detail service returns the reviewed provision text and the full reasoning.  A per-record detail endpoint was verified for this source; see the batch's detail-hops side-car. This collector fetches the list endpoint only.	no	pending-independent-probe
kr-legal-interpretations	https://www.law.go.kr/DRF/lawSearch.do?OC=test&target=expc&type=JSON&query=%ED%9A%8C%EC%82%AC	json:Expc.expc	20	Korea MOLEG — official statutory interpretations		kr_legal	legal	ko	kr,legal,batch17,high-penetrancy,detail-hop	43200	Binding legal interpretations issued by the Ministry of Government Legislation: id, 안건명 (the question asked), 안건번호, 회신기관명 and code (who answered), 질의기관명 and code (which agency asked), 회신일자 and 법령해석례일련번호. The detail service returns the full 이유 reasoning. Shows which agency was uncertain about which rule.  A per-record detail endpoint was verified for this source; see the batch's detail-hops side-car. This collector fetches the list endpoint only.	no	pending-independent-probe
kr-administrative-appeal-rulings	https://www.law.go.kr/DRF/lawSearch.do?OC=test&target=decc&type=JSON&query=%ED%9A%8C%EC%82%AC	json:Decc.decc	20	Korea — administrative appeal (행정심판) rulings		kr_legal	legal	ko	kr,legal,batch17,high-penetrancy,detail-hop	43200	Rulings on administrative appeals against government decisions: id, 재결청 (adjudicating body, e.g. 국민권익위원회), 처분청 (the agency whose decision was challenged), 사건번호, 사건명 describing the contested disposition, 의결일자, 처분일자 and 행정심판재결례일련번호. The detail service returns 청구취지 and full reasoning. Citizen-vs-agency disputes that never reach a court.  A per-record detail endpoint was verified for this source; see the batch's detail-hops side-car. This collector fetches the list endpoint only.	no	pending-independent-probe
kr-treaties	https://www.law.go.kr/DRF/lawSearch.do?OC=test&target=trty&type=JSON&query=%ED%86%B5%EC%83%81	json:TrtySearch.Trty	5	Korea — treaty register search		kr_legal	legal	ko	kr,legal,batch17,high-penetrancy	43200	Treaties Korea is party to: id, 조약명 (naming the counterparty state), 서명일자, 조약번호, 조약구분코드 (bilateral/multilateral) and 관보게제일자 (official gazette publication date). Bilateral instruments behind Korean trade and investment relationships.	no	pending-independent-probe
tw-gcis-company-by-ubn	https://data.gcis.nat.gov.tw/od/data/api/5F64D864-61CB-4D0D-8AD9-492047CC1EA6?%24format=json&%24filter=Business_Accounting_NO%20eq%20%2222099131%22&%24skip=0&%24top=5	json-array	1	Taiwan GCIS — company financial and control record by unified business number		tw_registry	registry	zh-TW	tw,registry,batch17,high-penetrancy,detail-hop	86400	The by-UBN detail record the tree's name-search row is missing: Business_Accounting_NO, Company_Name, Company_Status_Desc, Capital_Stock_Amount, Paid_In_Capital_Amount, Share_Val, Equity_Amt, Responsible_Name (the legal representative), Company_Location, Register_Organization_Desc (the registering authority), Company_Setup_Date, Change_Of_Approval_Data, Revoke_App_Date and suspension dates. Paid-in capital and the responsible person are the two fields the name-search endpoint does not return.  A per-record detail endpoint was verified for this source; see the batch's detail-hops side-car. This collector fetches the list endpoint only.	no	pending-independent-probe
tw-gcis-company-business-scope	https://data.gcis.nat.gov.tw/od/data/api/236EE382-4942-41A9-BD03-CA0709025E7C?%24format=json&%24filter=Business_Accounting_NO%20eq%20%2222099131%22&%24skip=0&%24top=5	json-array	1	Taiwan GCIS — company record with licensed business scope		tw_registry	registry	zh-TW	tw,registry,batch17,high-penetrancy,detail-hop	86400	Company record plus the nested Cmp_Business array: every licensed business item the company may legally conduct, with Business_Seq_NO, Business_Item (the MOEA code, e.g. CC01080) and Business_Item_Desc. TSMC alone returns 17 items. Reveals what a Taiwanese entity is actually permitted to do, which often contradicts its stated line of business.  A per-record detail endpoint was verified for this source; see the batch's detail-hops side-car. This collector fetches the list endpoint only.	no	pending-independent-probe
tw-gcis-ubn-name-resolver	https://data.gcis.nat.gov.tw/od/data/api/9D17AE0D-09B5-4732-A8F4-81ADED04B679?%24format=json&%24filter=Business_Accounting_NO%20eq%20%2222099131%22	json-array	1	Taiwan GCIS — unified business number to company name resolver		tw_registry	registry	zh-TW	tw,registry,batch17,high-penetrancy,detail-hop	86400	Minimal two-field lookup returning Business_Accounting_NO and Company_Name. Cheap canonical-name resolution for a Taiwanese UBN harvested from an invoice, tender award or shipping manifest, before spending a request on the fuller registry endpoints.  A per-record detail endpoint was verified for this source; see the batch's detail-hops side-car. This collector fetches the list endpoint only.	no	pending-independent-probe
pdh-microdata-catalog	https://microdata.pacificdata.org/index.php/api/catalog/search?format=json&ps=100	json:result.rows	693	Pacific Data Hub Microdata Library — survey and census catalogue		int_statistics	statistics	en	int,statistics,batch17,high-penetrancy,detail-hop	86400	693 microdata collections across the Pacific Islands from SPC's NADA catalogue: id, idno (e.g. SPC_ASM_2025_PHC_v01_M), title, nation (American Samoa, Fiji, PNG, Samoa, Vanuatu, Solomon Islands, Tonga...), authoring_entity (the national statistics office that ran it), year_start/year_end, type (survey/census), repositoryid and repo_title. The detail hop returns full study metadata including variable count. Fills the Pacific-island gap where no company registry API exists.  A per-record detail endpoint was verified for this source; see the batch's detail-hops side-car. This collector fetches the list endpoint only.	no	pending-independent-probe
ifrc-go-field-report	https://goadmin.ifrc.org/api/v2/field-report/?limit=200&format=json	json:results	200	IFRC GO — field reports (operational situation reports)		int_disaster	disaster	en	int,disaster,batch17,high-penetrancy,detail-hop	86400	Per-emergency field report: title, casualty/affected counts (num_dead, num_injured, num_missing, num_displaced, gov_ and other_ variants), epidemic case counts, DREF/appeal amounts requested, ERU deployment flags by unit type, national-society contacts, countries/districts, actions taken. The detail hop with a real id (18533) returns the same record plus full contact and action narrative.  A per-record detail endpoint was verified for this source; see the batch's detail-hops side-car. This collector fetches the list endpoint only.	no	pending-independent-probe
ifrc-go-project	https://goadmin.ifrc.org/api/v2/project/?limit=200&format=json	json:results	200	IFRC GO — 3W national-society projects		int_disaster	disaster	en	int,disaster,batch17,high-penetrancy,detail-hop	86400	Who-does-what-where: project name, reporting national society, beneficiary country and districts, sector, programme/operation type, budget_amount, actual_expenditure, target vs reached beneficiaries split by sex, start/end dates. Detail hop verified with id 2510.  A per-record detail endpoint was verified for this source; see the batch's detail-hops side-car. This collector fetches the list endpoint only.	no	pending-independent-probe
ifrc-go-personnel	https://goadmin.ifrc.org/api/v2/personnel/?limit=200&format=json	json:results	200	IFRC GO — surge personnel deployments		int_disaster	disaster	en	int,disaster,batch17,high-penetrancy	86400	Individual surge deployments: delegate name (often null in the public feed, which is why the label falls to id), role, deployment type (FACT/RDRT/ERU), country_from and country_to with national society, start/end dates, molnix roster id. Names people to operations — a rare personnel-level humanitarian record.	no	pending-independent-probe
ifrc-go-appeal-document	https://goadmin.ifrc.org/api/v2/appeal_document/?limit=200&format=json	json:results	200	IFRC GO — appeal documents		int_disaster	disaster	en	int,disaster,batch17,high-penetrancy	86400	Every DREF/emergency-appeal document with its download URL, document type, appeal code (MDRxxNNN), the parent appeal object with its event and start date, and country ISO. The document_url is a direct file link into go-api.ifrc.org.	no	pending-independent-probe
ifrc-go-country	https://goadmin.ifrc.org/api/v2/country/?limit=300&format=json	json:results	281	IFRC GO — national societies directory		int_disaster	disaster	en	int,disaster,batch17,high-penetrancy,detail-hop	86400	281 countries/territories with the Red Cross/Red Crescent national society name, society URL, IFRC directory URL, FDRS code, postal address, phone, emails, website, INFORM risk score, bbox and centroid. Detail hop (id 14) adds contacts and NSI income/expenditure/branch counts.  A per-record detail endpoint was verified for this source; see the batch's detail-hops side-car. This collector fetches the list endpoint only.	no	pending-independent-probe
ifrc-go-district	https://goadmin.ifrc.org/api/v2/district/?limit=200&format=json	json:results	200	IFRC GO — subnational districts gazetteer		int_disaster	disaster	en	int,disaster,batch17,high-penetrancy	86400	Admin-1 gazetteer used to geocode every IFRC field report and project: district name, code, parent country name/ISO/ISO3, NUTS1/2/3 codes, FIPS code, EMMA id, World Bank population and year, bbox and centroid.	no	pending-independent-probe
ifrc-go-main-contact	https://goadmin.ifrc.org/api/v2/main_contact/?limit=200&format=json	json:results	5	IFRC GO — regional focal points		int_disaster	disaster	en	int,disaster,batch17,high-penetrancy	86400	Named IFRC regional focal points with personal name, email address and the geographic extent they cover. Small but it is real named-individual contact data.	no	pending-independent-probe
ocha-fts-flow-2026	https://api.hpc.tools/v1/public/fts/flow?year=2026&limit=200	json:data.flows	200	UN OCHA FTS — humanitarian funding flows 2026		int_aid	aid	en	int,aid,batch17,high-penetrancy	86400	Donor-to-recipient money movements: amountUSD, original amount and currency, exchange rate, contribution type, flow type, earmarking, decision/first-reported dates, sourceObjects and destinationObjects (naming the donor organisation, the receiving agency, the plan, the cluster and the location), parent/child flow ids and reportDetails. Note the array is data.flows — the auto-detector would pick a metadata array instead.	no	pending-independent-probe
ocha-fts-location	https://api.hpc.tools/v1/public/location	json:data	258	UN OCHA FTS — location registry		int_aid	aid	en	int,aid,batch17,high-penetrancy	86400	258 countries/territories with FTS internal id, ISO3, pcode, admin level and isRegion flag — the join key that turns an FTS flow's destination id into a country.	no	pending-independent-probe
who-collaborating-centres	https://www.who.int/api/news/collaboratingcentres?%24top=50&%24format=json	json:value	50	WHO — collaborating centres directory		int_health	health	en	int,health,batch17,high-penetrancy,detail-hop	43200	Designated WHO Collaborating Centres worldwide: reference code (e.g. KOR-106), TitleOfTheCentre (the actual institution), host website, date of designation, last redesignation, expiry date, WHOCC portal URL. Institution-level records tying named research bodies to WHO. Detail hop verified with a real GUID.  A per-record detail endpoint was verified for this source; see the batch's detail-hops side-car. This collector fetches the list endpoint only.	no	pending-independent-probe
who-emergencies	https://www.who.int/api/news/emergencies?%24top=50&%24format=json	json:value	34	WHO — emergencies register		int_health	health	en	int,health,batch17,high-penetrancy	43200	WHO-graded emergencies: title (e.g. Ebola outbreak North Kivu/Ituri DRC), start and end dates, emergency rating, overview and summary HTML, canonical URL slug.	no	pending-independent-probe
who-emergency-events	https://www.who.int/api/news/emergencyevents?%24top=50&%24format=json	json:value	50	WHO — emergency events		int_health	health	en	int,health,batch17,high-penetrancy	43200	Event taxonomy behind the outbreak news — event title (Cholera, Mpox…), EventId, event start date. This is the key that joins WHO Disease Outbreak News items to a named event.	no	pending-independent-probe
who-countries	https://www.who.int/api/news/countries?%24top=50&%24format=json	json:value	50	WHO — member state register		int_health	health	en	int,health,batch17,high-penetrancy	43200	Country records with official name, colloquial synonyms, ISO numeric, two-letter code, WHO code, member-state flag, WHO relationship type and country overview text.	no	pending-independent-probe
who-documents	https://www.who.int/api/news/documents1?%24top=50&%24format=json	json:value	42	WHO — governing-body documents		int_health	health	en	int,health,batch17,high-penetrancy	43200	WHO document register: document title, publication year, alternate/canonical URL to the PDF, publication date, provider.	no	pending-independent-probe
who-activities	https://www.who.int/api/news/activities?%24top=50&%24format=json	json:value	50	WHO — programme activities		int_health	health	en	int,health,batch17,high-penetrancy	43200	Named WHO programme activities with title, summary, impact statistics, publication datetime and canonical URL — what WHO is actually running, country by country.	no	pending-independent-probe
who-biographies	https://www.who.int/api/news/biographies?%24top=50&%24format=json	json:value	50	WHO — official biographies		int_health	health	en	int,health,batch17,high-penetrancy	43200	Biography records for WHO officials and directors: title, biography HTML, summary, parent record id linking the person to their unit. Named-person data inside a UN agency.	no	pending-independent-probe
who-publications	https://www.who.int/api/news/publications?%24top=50&%24format=json	json:value	50	WHO — publications catalogue		int_health	health	en	int,health,batch17,high-penetrancy	43200	Publication records with title, editors, ISBN, page count, download links, overview and highlights — including weekly surveillance bulletins (dracunculiasis, meningitis) that carry live case counts.	no	pending-independent-probe
who-meeting-reports	https://www.who.int/api/news/meetingreports?%24top=50&%24format=json	json:value	50	WHO — meeting reports		int_health	health	en	int,health,batch17,high-penetrancy	43200	Reports of WHO expert meetings and weekly epidemiological bulletins: title, subtitle, ISBN, overview, publication datetime, related-item counts.	no	pending-independent-probe
who-speeches	https://www.who.int/api/news/speeches?%24top=50&%24format=json	json:value	50	WHO — Director-General and senior speeches		int_health	health	en	int,health,batch17,high-penetrancy	43200	Full speech records: title, occasion, Location (where it was delivered), publication datetime, speech duration and the complete Content body.	no	pending-independent-probe
who-organizations	https://www.who.int/api/news/organizations?%24top=50&%24format=json	json:value	50	WHO — partner organizations		int_health	health	en	int,health,batch17,high-penetrancy	43200	Organizations WHO names as partners/donors (first record: Global Environment Facility) with organization title and WebsiteURL — an org-to-org relationship list.	no	pending-independent-probe
who-indicators	https://www.who.int/api/news/indicators?%24top=50&%24format=json	json:value	50	WHO — policy indicator register		int_health	health	en	int,health,batch17,high-penetrancy	43200	Named policy/regulatory indicators (e.g. alcohol advertising restrictions on social media) with footnote, WHO priority level, IMR definition id and parent grouping.	no	pending-independent-probe
who-health-topics	https://www.who.int/api/news/healthtopics?%24top=50&%24format=json	json:value	50	WHO — health topics		int_health	health	en	int,health,batch17,high-penetrancy	43200	WHO health-topic records (including Biological weapons) with summary, three tabbed sections of body text, technical links and canonical URL.	no	pending-independent-probe
who-departments	https://www.who.int/api/news/departments?%24top=50&%24format=json	json:value	22	WHO — departments		int_health	health	en	int,health,batch17,high-penetrancy	43200	WHO internal departments (R&D Blueprint etc.) with title, external page URL and canonical slug — the org chart backing the biographies and programmes feeds.	no	pending-independent-probe
who-programmes	https://www.who.int/api/news/programs?%24top=50&%24format=json	json:value	3	WHO — programmes		int_health	health	en	int,health,batch17,high-penetrancy	43200	Named WHO programmes with title, publication date and canonical URL.	no	pending-independent-probe
who-sdg-goals	https://www.who.int/api/news/sdgs?%24top=50&%24format=json	json:value	17	WHO — SDG goal records		int_health	health	en	int,health,batch17,high-penetrancy	43200	WHO's own SDG entries: goal title, goal number, description, summary, external link and colour code.	no	pending-independent-probe
who-recommendations	https://www.who.int/api/news/recommendations?%24top=50&%24format=json	json:value	20	WHO — normative recommendations		int_health	health	en	int,health,batch17,high-penetrancy	43200	WHO guideline recommendations (e.g. insecticide-treated nets) with the full recommendation Body and the IRIS document id (IRISID) that links to the source guideline.	no	pending-independent-probe
who-country-profiles	https://www.who.int/api/news/whocountryprofiles?%24top=50&%24format=json	json:value	50	WHO — country profiles		int_health	health	en	int,health,batch17,high-penetrancy	43200	Per-country thematic profiles (e.g. Oral Health Egypt 2022) with report start and end dates and canonical URL.	no	pending-independent-probe
who-news-items	https://www.who.int/api/news/newsitems?%24top=50&%24format=json	json:value	50	WHO — news items		int_health	health	en	int,health,batch17,high-penetrancy	43200	WHO newsroom items with title, news type, provider, publication datetime and canonical URL. Distinct collection from the diseaseoutbreaknews feed already in the tree.	no	pending-independent-probe
unsd-sdg-goal-list	https://unstats.un.org/sdgapi/v1/sdg/Goal/List	json-array	17	UN Statistics — SDG goals		int_government	government	en	int,government,batch17,high-penetrancy,detail-hop	86400	The 17 SDG goals with code, title, description and API uri. Detail hop verified with code 1 — returns that goal's targets, so this is the entry point to the whole SDG tree.  A per-record detail endpoint was verified for this source; see the batch's detail-hops side-car. This collector fetches the list endpoint only.	no	pending-independent-probe
unsd-sdg-target-list	https://unstats.un.org/sdgapi/v1/sdg/Target/List	json-array	169	UN Statistics — SDG targets		int_government	government	en	int,government,batch17,high-penetrancy	86400	All 169 SDG targets with goal, code (1.1), full target text, description and the nested indicator list belonging to each target.	no	pending-independent-probe
unsd-sdg-indicator-list	https://unstats.un.org/sdgapi/v1/sdg/Indicator/List	json-array	251	UN Statistics — SDG indicators		int_government	government	en	int,government,batch17,high-penetrancy,detail-hop	86400	251 official SDG indicators: goal, target, indicator code, full description, tier classification and the nested series that measure it. Detail hop verified with code 1.1.1 — returns every data series under that indicator.  A per-record detail endpoint was verified for this source; see the batch's detail-hops side-car. This collector fetches the list endpoint only.	no	pending-independent-probe
unsd-sdg-series-list	https://unstats.un.org/sdgapi/v1/sdg/Series/List	json-array	713	UN Statistics — SDG data series		int_government	government	en	int,government,batch17,high-penetrancy	86400	713 SDG data series with series code (DC_ODA_BDVDL), the goals/targets/indicators each maps to, release version and full description — the code list you need to query Series/Data.	no	pending-independent-probe
unsd-sdg-geoarea-list	https://unstats.un.org/sdgapi/v1/sdg/GeoArea/List	json-array	460	UN Statistics — SDG geo areas		int_government	government	en	int,government,batch17,high-penetrancy	86400	460 UN M49 geographic areas (countries, regions, aggregates) with geoAreaCode and geoAreaName — the join key for every SDG observation.	no	pending-independent-probe
unsd-sdg-series-data	https://unstats.un.org/sdgapi/v1/sdg/Series/Data?seriesCode=SI_POV_DAY1&pageSize=500	json:data	500	UN Statistics — SDG observations (extreme poverty series)		int_government	government	en	int,government,batch17,high-penetrancy	86400	Actual SDG observations: geoAreaCode/geoAreaName, time period, value, upper and lower bound, base period, the named source institution, footnotes and the full attribute/dimension breakdown. 11,407 rows for this one series; swap seriesCode for any of the 713. Array is at data — the response also carries attributes and dimensions arrays that would fool the auto-detector.	no	pending-independent-probe
unhcr-population	https://api.unhcr.org/population/v1/population/?limit=1000&yearFrom=2024&yearTo=2024&coo_all=true&coa_all=true	json:items	1000	UNHCR — refugee population by origin and asylum country		int_government	government	en	int,government,batch17,high-penetrancy	86400	Origin-country x asylum-country pairs with refugees, asylum_seekers, returned_refugees, IDPs, returned_idps, stateless, others of concern and host-community counts. coo_all/coa_all are REQUIRED — without them every row collapses to '-' and the parser drops the lot.	no	pending-independent-probe
unhcr-asylum-decisions	https://api.unhcr.org/population/v1/asylum-decisions/?limit=1000&yearFrom=2024&yearTo=2024&coo_all=true&coa_all=true	json:items	1000	UNHCR — asylum decisions		int_government	government	en	int,government,batch17,high-penetrancy	86400	Asylum decision outcomes per origin/asylum pair: recognised, other outcome, rejected, closed, total, plus procedure type, decision level and protection category. 2.16 million decisions in 2024 alone.	no	pending-independent-probe
unhcr-asylum-applications	https://api.unhcr.org/population/v1/asylum-applications/?limit=1000&yearFrom=2024&yearTo=2024&coo_all=true&coa_all=true	json:items	1000	UNHCR — asylum applications		int_government	government	en	int,government,batch17,high-penetrancy	86400	New asylum applications lodged, by origin and asylum country, with procedure type, application type, decision level and protection category.	no	pending-independent-probe
unhcr-solutions	https://api.unhcr.org/population/v1/solutions/?limit=1000&yearFrom=2024&yearTo=2024&coo_all=true&coa_all=true	json:items	848	UNHCR — durable solutions		int_government	government	en	int,government,batch17,high-penetrancy	86400	Returned refugees, resettlement departures, naturalisations and returned IDPs by origin and asylum country — who actually left the caseload and how.	no	pending-independent-probe
unhcr-demographics	https://api.unhcr.org/population/v1/demographics/?limit=1000&yearFrom=2024&yearTo=2024&coa_all=true	json:items	181	UNHCR — demographics of displaced populations		int_government	government	en	int,government,batch17,high-penetrancy	86400	Age/sex disaggregation of displaced populations by asylum country: female and male counts in bands 0-4, 5-11, 12-17, 18-59, 60+, other and totals.	no	pending-independent-probe
unhcr-unrwa	https://api.unhcr.org/population/v1/unrwa/?limit=1000&yearFrom=2024&yearTo=2024&coa_all=true	json:items	4	UNHCR — UNRWA registered Palestine refugees		int_government	government	en	int,government,batch17,high-penetrancy	86400	UNRWA-registered Palestine refugee totals by field of operation (State of Palestine, Jordan, Lebanon, Syria).	no	pending-independent-probe
worldbank-debarred-firms	https://apigwext.worldbank.org/dvsvc/v1.0/json/APPLICATION/ADOBE_EXPRNCE_MGR/FIRM/SANCTIONED_FIRM?apikey=z9duUaFUiEUYSHs97CU38fcZO7ipOPvm	json:response.ZPROCSUPP	1530	World Bank — debarred and cross-debarred firms and individuals		int_sanctions	sanctions	en	int,sanctions,batch17,high-penetrancy	86400	THE World Bank sanctions list, 1,530 entries: SUPP_NAME (firm or named individual), SUPP_ID, entity type (I=individual/F=firm), full street address, city, country, ineligibility from/to dates, the grounds for debarment and cross-debarment status under the MDB agreement. The label lands on COUNTRY_NAME because country_name outranks the _NAME suffix fallback in the parser; SUPP_NAME is still in every record's props. Key is published in clear in the public debarred-firms page source, not private.	no	pending-independent-probe
worldbank-ibrd-loans	https://financesonefiles.worldbank.org/f-one/DS00047/RS00049/IBRD_Statement_of_Loans_and_Guarantees___Latest_Available_Snapshot.json	json-array	9513	World Bank — IBRD statement of loans and guarantees		int_economy	economy	en	int,economy,batch17,high-penetrancy	86400	9,513 IBRD loans: loan_number, country, named borrower entity (e.g. MINISTRY OF FINANCE), guarantor, loan type and status, interest rate, project_id and project_name, original principal, cancelled, undisbursed, disbursed, repaid, due, borrower's obligation, first/last repayment dates, agreement signing and board approval dates. 10.4 MB. Labels on region because region precedes country in the title precedence — country, borrower and project_name are all in props.	no	pending-independent-probe
worldbank-microdata-catalog	https://microdata.worldbank.org/index.php/api/catalog/search?ps=100&format=json	json:result.rows	100	World Bank — microdata survey catalogue		int_government	government	en	int,government,batch17,high-penetrancy,detail-hop	86400	Survey and census catalogue across the World Bank, UNHCR, IHSN and national statistics offices: title, idno, DOI, survey type, country, authoring entity, collection years, form model, repository. Detail hop verified with idno AFG_2024_CBPM-Q3_v01_M (note: it takes the idno string, NOT the numeric id — the numeric id returns IDNO-NOT-FOUND).  A per-record detail endpoint was verified for this source; see the batch's detail-hops side-car. This collector fetches the list endpoint only.	no	pending-independent-probe
ifc-disclosures-investment	https://disclosuresservice.ifc.org/api/searchprovider/landingPageDetails	json:investmentProjects	5	IFC — investment project disclosures		int_economy	economy	en	int,economy,batch17,high-penetrancy	86400	Newly disclosed IFC investment projects with CompanyName (the actual private counterparty, e.g. JUMIA TECHNOLOGIES AG), ProjectNumber, ProjectName, country, region, industry, environmental category, status, disclosed date, project overview, the eight IFC Performance Standard flags and MultiLatitude/MultiLongitude. Small window (5) but it is the private-sector-counterparty surface of the World Bank Group, refreshed as projects disclose.	no	pending-independent-probe
undp-transparency-projects	https://api.open.undp.org/api/project_list/?year=2024&limit=200	json:data.data	200	UNDP — transparency portal projects		int_aid	aid	en	int,aid,batch17,high-penetrancy	86400	UNDP project register: project_id, title, description, budget and expense in USD, country, sector list with codes, SDG mappings, signature solution, donor list and gender/policy markers. The year parameter is mandatory — without it the API returns 400.	no	pending-independent-probe
gcf-projects	https://api.gcfund.org/v1/projects	json-array	372	Green Climate Fund — approved projects		int_environment	environment	en	int,environment,batch17,high-penetrancy,detail-hop	10800	All 372 GCF projects: ProjectName, approved reference (FP001), board meeting, theme, sector, lifetime CO2, risk category, direct and indirect beneficiaries, total GCF funding, co-financing, total value, project URL, plus nested Countries, accredited Entities, Disbursements, Funding tranches and ResultAreas. Detail hop verified with ProjectsID 13020.  A per-record detail endpoint was verified for this source; see the batch's detail-hops side-car. This collector fetches the list endpoint only.	no	pending-independent-probe
unesco-uis-geounits	https://api.uis.unesco.org/api/public/definitions/geounits	json-array	462	UNESCO UIS — geographic units		int_government	government	en	int,government,batch17,high-penetrancy	86400	462 UIS geographic units with ISO3 id, name and type (NATIONAL/REGIONAL) — the geography codelist for UNESCO education statistics. The sibling indicators endpoint is already in the tree; the actual data endpoint is NOT returned because its records carry no name-ish or id-ish field.	no	pending-independent-probe
unicef-sdmx-dataflows	https://sdmx.data.unicef.org/ws/public/sdmxapi/rest/dataflow/UNICEF?format=sdmx-json	json:data.dataflows	42	UNICEF — SDMX dataflow catalogue		int_government	government	en	int,government,batch17,high-penetrancy	86400	42 UNICEF statistical dataflows (CAUSE_OF_DEATH, immunisation, child protection…) with id, human name, multilingual names, version, agency and the URN of the data structure behind each — the map of what UNICEF publishes and how to query it.	no	pending-independent-probe
ilostat-sdg-informal-employment	https://rplumber.ilo.org/data/indicator/?id=SDG_0111_SEX_AGE_RT_A&format=.json&lang=en&timefrom=2023	json-array	2088	ILOSTAT — SDG 1.1.1 working poverty series		int_economy	economy	en	int,economy,batch17,high-penetrancy	86400	ILO's keyless plumber API: ref_area (ISO3), named source series, indicator code, sex, age classification, time and obs_value with observation status. 2,088 observations for this one indicator from 2023; the id parameter swaps in any ILOSTAT indicator code (an unfiltered pull of EMP_TEMP_SEX_AGE_NB_A returned 54 MB, so keep timefrom set).	no	pending-independent-probe
iaticloud-activity	https://iati.cloud/api/v2/activity/?format=json&page_size=100&q=*:*&fl=id,iati_identifier,title_narrative_text	json:response.docs	10	IATI Datastore (iati.cloud) — aid activities		int_aid	aid	en	int,aid,batch17,high-penetrancy	86400	425,402 IATI activities published by every bilateral and multilateral donor — iati_identifier, title narratives, reporting org, participating orgs with role, recipient countries, sectors, budgets, planned disbursements and transactions. This is the keyless mirror of the IATI Datastore (api.iatistandard.org requires a subscription key). The q and fl parameters are BOTH required: without q the docs array is empty, and without fl=id the records carry only multi-valued arrays and every one is dropped for want of a scalar label.	no	pending-independent-probe
iaticloud-transaction	https://iati.cloud/api/v2/transaction/?format=json&page_size=100&q=*:*&fl=id,iati_identifier,transaction_value_usd,transaction_type	json:response.docs	10	IATI Datastore (iati.cloud) — aid transactions		int_aid	aid	en	int,aid,batch17,high-penetrancy	86400	Individual aid transactions under each activity: transaction_ref, type (commitment/disbursement/expenditure), date, value in original currency and USD, provider and receiver organisation refs and narratives, recipient country and sector. Money-level granularity beneath the activity. Same fl=id requirement as the activity endpoint.	no	pending-independent-probe
iaticloud-organisation	https://iati.cloud/api/v2/organisation/?format=json&page_size=100&q=*:*&fl=id,organisation_identifier,organisation_name	json:response.docs	10	IATI Datastore (iati.cloud) — publishing organisations		int_aid	aid	en	int,aid,batch17,high-penetrancy	86400	Organisation files: organisation-identifier (US-GOV-1), name narratives, reporting org ref and type, total budget with period and budget lines, recipient-country and recipient-region budgets, total expenditure with expense lines, and document links. The org-level financial statement behind every IATI publisher.	no	pending-independent-probe
iaticloud-result	https://iati.cloud/api/v2/result/?format=json&page_size=2&q=*:*	json:response.docs	10	IATI Datastore (iati.cloud) — activity results and indicators		int_aid	aid	en	int,aid,batch17,high-penetrancy	86400	Results framework attached to aid activities: result title and description, indicator measure and title, baseline, period start/end, target and actual values with location refs and comments, plus the parent activity's iati-identifier, reporting org and dataset provenance. Note the label value is the result type code ('1'), so titles are weak — result_title and the indicator narrative are in props.	no	pending-independent-probe
afdb-mapafrica-indicators	https://mapafrica.afdb.org/api/results/indicators.json	json-array	35	African Development Bank — MapAfrica results indicators		int_aid	aid	en	int,aid,batch17,high-penetrancy	86400	The 35 AfDB results indicators (people with access to better health services, etc.) with slug id and full name — the codelist behind the MapAfrica project portal. The project/activity endpoint on the same host needs a real AfDB activity id and Cloudflare began challenging before I could verify one, so only this verified endpoint is returned.	no	pending-independent-probe
