id	url	kind	items	name	name_ja	collector	category	lang	tags	interval	description	_verdict	_note
jp-jma-overview-week-011000	https://www.jma.go.jp/bosai/forecast/data/overview_week/011000.json	json-object		JMA Weekly Outlook Narrative — Souya, Hokkaido	気象庁 週間天気概況 宗谷地方	jp_prefectural	weather	ja	japan,prefecture,jma,forecast,weekly,011000	10800	Weekly forecast narrative issued by the JMA office for Souya, Hokkaido (011000): headline text, publishing office and report timestamp.	HTTP_ERR	Not Found
jp-jma-overview-week-012000	https://www.jma.go.jp/bosai/forecast/data/overview_week/012000.json	json-object		JMA Weekly Outlook Narrative — Kamikawa/Rumoi, Hokkaido	気象庁 週間天気概況 上川・留萌地方	jp_prefectural	weather	ja	japan,prefecture,jma,forecast,weekly,012000	10800	Weekly forecast narrative issued by the JMA office for Kamikawa/Rumoi, Hokkaido (012000): headline text, publishing office and report timestamp.	HTTP_ERR	Not Found
jp-jma-overview-week-013000	https://www.jma.go.jp/bosai/forecast/data/overview_week/013000.json	json-object		JMA Weekly Outlook Narrative — Abashiri/Kitami/Monbetsu, Hokkaido	気象庁 週間天気概況 網走・北見・紋別地方	jp_prefectural	weather	ja	japan,prefecture,jma,forecast,weekly,013000	10800	Weekly forecast narrative issued by the JMA office for Abashiri/Kitami/Monbetsu, Hokkaido (013000): headline text, publishing office and report timestamp.	HTTP_ERR	Not Found
jp-jma-overview-week-014100	https://www.jma.go.jp/bosai/forecast/data/overview_week/014100.json	json-object		JMA Weekly Outlook Narrative — Kushiro/Nemuro/Tokachi, Hokkaido	気象庁 週間天気概況 釧路・根室・十勝地方	jp_prefectural	weather	ja	japan,prefecture,jma,forecast,weekly,014100	10800	Weekly forecast narrative issued by the JMA office for Kushiro/Nemuro/Tokachi, Hokkaido (014100): headline text, publishing office and report timestamp.	HTTP_ERR	Not Found
jp-jma-overview-week-015000	https://www.jma.go.jp/bosai/forecast/data/overview_week/015000.json	json-object		JMA Weekly Outlook Narrative — Tokachi, Hokkaido	気象庁 週間天気概況 十勝地方	jp_prefectural	weather	ja	japan,prefecture,jma,forecast,weekly,015000	10800	Weekly forecast narrative issued by the JMA office for Tokachi, Hokkaido (015000): headline text, publishing office and report timestamp.	HTTP_ERR	Not Found
jp-jma-overview-week-016000	https://www.jma.go.jp/bosai/forecast/data/overview_week/016000.json	json-object		JMA Weekly Outlook Narrative — Ishikari/Sorachi/Shiribeshi, Hokkaido	気象庁 週間天気概況 石狩・空知・後志地方	jp_prefectural	weather	ja	japan,prefecture,jma,forecast,weekly,016000	10800	Weekly forecast narrative issued by the JMA office for Ishikari/Sorachi/Shiribeshi, Hokkaido (016000): headline text, publishing office and report timestamp.	HTTP_ERR	Not Found
jp-jma-overview-week-017000	https://www.jma.go.jp/bosai/forecast/data/overview_week/017000.json	json-object		JMA Weekly Outlook Narrative — Iburi/Hidaka, Hokkaido	気象庁 週間天気概況 胆振・日高地方	jp_prefectural	weather	ja	japan,prefecture,jma,forecast,weekly,017000	10800	Weekly forecast narrative issued by the JMA office for Iburi/Hidaka, Hokkaido (017000): headline text, publishing office and report timestamp.	HTTP_ERR	Not Found
jp-jma-overview-week-020000	https://www.jma.go.jp/bosai/forecast/data/overview_week/020000.json	json-object		JMA Weekly Outlook Narrative — Aomori Prefecture	気象庁 週間天気概況 青森県	jp_prefectural	weather	ja	japan,prefecture,jma,forecast,weekly,020000	10800	Weekly forecast narrative issued by the JMA office for Aomori Prefecture (020000): headline text, publishing office and report timestamp.	HTTP_ERR	Not Found
jp-jma-overview-week-030000	https://www.jma.go.jp/bosai/forecast/data/overview_week/030000.json	json-object		JMA Weekly Outlook Narrative — Iwate Prefecture	気象庁 週間天気概況 岩手県	jp_prefectural	weather	ja	japan,prefecture,jma,forecast,weekly,030000	10800	Weekly forecast narrative issued by the JMA office for Iwate Prefecture (030000): headline text, publishing office and report timestamp.	HTTP_ERR	Not Found
jp-jma-overview-week-040000	https://www.jma.go.jp/bosai/forecast/data/overview_week/040000.json	json-object		JMA Weekly Outlook Narrative — Miyagi Prefecture	気象庁 週間天気概況 宮城県	jp_prefectural	weather	ja	japan,prefecture,jma,forecast,weekly,040000	10800	Weekly forecast narrative issued by the JMA office for Miyagi Prefecture (040000): headline text, publishing office and report timestamp.	HTTP_ERR	Not Found
jp-jma-overview-week-050000	https://www.jma.go.jp/bosai/forecast/data/overview_week/050000.json	json-object		JMA Weekly Outlook Narrative — Akita Prefecture	気象庁 週間天気概況 秋田県	jp_prefectural	weather	ja	japan,prefecture,jma,forecast,weekly,050000	10800	Weekly forecast narrative issued by the JMA office for Akita Prefecture (050000): headline text, publishing office and report timestamp.	HTTP_ERR	Not Found
jp-jma-overview-week-060000	https://www.jma.go.jp/bosai/forecast/data/overview_week/060000.json	json-object		JMA Weekly Outlook Narrative — Yamagata Prefecture	気象庁 週間天気概況 山形県	jp_prefectural	weather	ja	japan,prefecture,jma,forecast,weekly,060000	10800	Weekly forecast narrative issued by the JMA office for Yamagata Prefecture (060000): headline text, publishing office and report timestamp.	HTTP_ERR	Not Found
jp-jma-overview-week-070000	https://www.jma.go.jp/bosai/forecast/data/overview_week/070000.json	json-object		JMA Weekly Outlook Narrative — Fukushima Prefecture	気象庁 週間天気概況 福島県	jp_prefectural	weather	ja	japan,prefecture,jma,forecast,weekly,070000	10800	Weekly forecast narrative issued by the JMA office for Fukushima Prefecture (070000): headline text, publishing office and report timestamp.	HTTP_ERR	Not Found
jp-jma-overview-week-080000	https://www.jma.go.jp/bosai/forecast/data/overview_week/080000.json	json-object		JMA Weekly Outlook Narrative — Ibaraki Prefecture	気象庁 週間天気概況 茨城県	jp_prefectural	weather	ja	japan,prefecture,jma,forecast,weekly,080000	10800	Weekly forecast narrative issued by the JMA office for Ibaraki Prefecture (080000): headline text, publishing office and report timestamp.	HTTP_ERR	Not Found
jp-jma-overview-week-090000	https://www.jma.go.jp/bosai/forecast/data/overview_week/090000.json	json-object		JMA Weekly Outlook Narrative — Tochigi Prefecture	気象庁 週間天気概況 栃木県	jp_prefectural	weather	ja	japan,prefecture,jma,forecast,weekly,090000	10800	Weekly forecast narrative issued by the JMA office for Tochigi Prefecture (090000): headline text, publishing office and report timestamp.	HTTP_ERR	Not Found
jp-jma-overview-week-100000	https://www.jma.go.jp/bosai/forecast/data/overview_week/100000.json	json-object		JMA Weekly Outlook Narrative — Gunma Prefecture	気象庁 週間天気概況 群馬県	jp_prefectural	weather	ja	japan,prefecture,jma,forecast,weekly,100000	10800	Weekly forecast narrative issued by the JMA office for Gunma Prefecture (100000): headline text, publishing office and report timestamp.	HTTP_ERR	Not Found
jp-jma-overview-week-110000	https://www.jma.go.jp/bosai/forecast/data/overview_week/110000.json	json-object		JMA Weekly Outlook Narrative — Saitama Prefecture	気象庁 週間天気概況 埼玉県	jp_prefectural	weather	ja	japan,prefecture,jma,forecast,weekly,110000	10800	Weekly forecast narrative issued by the JMA office for Saitama Prefecture (110000): headline text, publishing office and report timestamp.	HTTP_ERR	Not Found
jp-jma-overview-week-120000	https://www.jma.go.jp/bosai/forecast/data/overview_week/120000.json	json-object		JMA Weekly Outlook Narrative — Chiba Prefecture	気象庁 週間天気概況 千葉県	jp_prefectural	weather	ja	japan,prefecture,jma,forecast,weekly,120000	10800	Weekly forecast narrative issued by the JMA office for Chiba Prefecture (120000): headline text, publishing office and report timestamp.	HTTP_ERR	Not Found
jp-jma-overview-week-130000	https://www.jma.go.jp/bosai/forecast/data/overview_week/130000.json	json-object		JMA Weekly Outlook Narrative — Tokyo Metropolis	気象庁 週間天気概況 東京都	jp_prefectural	weather	ja	japan,prefecture,jma,forecast,weekly,130000	10800	Weekly forecast narrative issued by the JMA office for Tokyo Metropolis (130000): headline text, publishing office and report timestamp.	HTTP_ERR	Not Found
jp-jma-overview-week-140000	https://www.jma.go.jp/bosai/forecast/data/overview_week/140000.json	json-object		JMA Weekly Outlook Narrative — Kanagawa Prefecture	気象庁 週間天気概況 神奈川県	jp_prefectural	weather	ja	japan,prefecture,jma,forecast,weekly,140000	10800	Weekly forecast narrative issued by the JMA office for Kanagawa Prefecture (140000): headline text, publishing office and report timestamp.	HTTP_ERR	Not Found
jp-jma-overview-week-150000	https://www.jma.go.jp/bosai/forecast/data/overview_week/150000.json	json-object		JMA Weekly Outlook Narrative — Niigata Prefecture	気象庁 週間天気概況 新潟県	jp_prefectural	weather	ja	japan,prefecture,jma,forecast,weekly,150000	10800	Weekly forecast narrative issued by the JMA office for Niigata Prefecture (150000): headline text, publishing office and report timestamp.	HTTP_ERR	Not Found
jp-jma-overview-week-160000	https://www.jma.go.jp/bosai/forecast/data/overview_week/160000.json	json-object		JMA Weekly Outlook Narrative — Toyama Prefecture	気象庁 週間天気概況 富山県	jp_prefectural	weather	ja	japan,prefecture,jma,forecast,weekly,160000	10800	Weekly forecast narrative issued by the JMA office for Toyama Prefecture (160000): headline text, publishing office and report timestamp.	HTTP_ERR	Not Found
jp-jma-overview-week-170000	https://www.jma.go.jp/bosai/forecast/data/overview_week/170000.json	json-object		JMA Weekly Outlook Narrative — Ishikawa Prefecture	気象庁 週間天気概況 石川県	jp_prefectural	weather	ja	japan,prefecture,jma,forecast,weekly,170000	10800	Weekly forecast narrative issued by the JMA office for Ishikawa Prefecture (170000): headline text, publishing office and report timestamp.	HTTP_ERR	Not Found
jp-jma-overview-week-180000	https://www.jma.go.jp/bosai/forecast/data/overview_week/180000.json	json-object		JMA Weekly Outlook Narrative — Fukui Prefecture	気象庁 週間天気概況 福井県	jp_prefectural	weather	ja	japan,prefecture,jma,forecast,weekly,180000	10800	Weekly forecast narrative issued by the JMA office for Fukui Prefecture (180000): headline text, publishing office and report timestamp.	HTTP_ERR	Not Found
jp-jma-overview-week-190000	https://www.jma.go.jp/bosai/forecast/data/overview_week/190000.json	json-object		JMA Weekly Outlook Narrative — Yamanashi Prefecture	気象庁 週間天気概況 山梨県	jp_prefectural	weather	ja	japan,prefecture,jma,forecast,weekly,190000	10800	Weekly forecast narrative issued by the JMA office for Yamanashi Prefecture (190000): headline text, publishing office and report timestamp.	HTTP_ERR	Not Found
jp-jma-overview-week-200000	https://www.jma.go.jp/bosai/forecast/data/overview_week/200000.json	json-object		JMA Weekly Outlook Narrative — Nagano Prefecture	気象庁 週間天気概況 長野県	jp_prefectural	weather	ja	japan,prefecture,jma,forecast,weekly,200000	10800	Weekly forecast narrative issued by the JMA office for Nagano Prefecture (200000): headline text, publishing office and report timestamp.	HTTP_ERR	Not Found
jp-jma-overview-week-210000	https://www.jma.go.jp/bosai/forecast/data/overview_week/210000.json	json-object		JMA Weekly Outlook Narrative — Gifu Prefecture	気象庁 週間天気概況 岐阜県	jp_prefectural	weather	ja	japan,prefecture,jma,forecast,weekly,210000	10800	Weekly forecast narrative issued by the JMA office for Gifu Prefecture (210000): headline text, publishing office and report timestamp.	HTTP_ERR	Not Found
jp-jma-overview-week-220000	https://www.jma.go.jp/bosai/forecast/data/overview_week/220000.json	json-object		JMA Weekly Outlook Narrative — Shizuoka Prefecture	気象庁 週間天気概況 静岡県	jp_prefectural	weather	ja	japan,prefecture,jma,forecast,weekly,220000	10800	Weekly forecast narrative issued by the JMA office for Shizuoka Prefecture (220000): headline text, publishing office and report timestamp.	HTTP_ERR	Not Found
jp-jma-overview-week-230000	https://www.jma.go.jp/bosai/forecast/data/overview_week/230000.json	json-object		JMA Weekly Outlook Narrative — Aichi Prefecture	気象庁 週間天気概況 愛知県	jp_prefectural	weather	ja	japan,prefecture,jma,forecast,weekly,230000	10800	Weekly forecast narrative issued by the JMA office for Aichi Prefecture (230000): headline text, publishing office and report timestamp.	HTTP_ERR	Not Found
jp-jma-overview-week-240000	https://www.jma.go.jp/bosai/forecast/data/overview_week/240000.json	json-object		JMA Weekly Outlook Narrative — Mie Prefecture	気象庁 週間天気概況 三重県	jp_prefectural	weather	ja	japan,prefecture,jma,forecast,weekly,240000	10800	Weekly forecast narrative issued by the JMA office for Mie Prefecture (240000): headline text, publishing office and report timestamp.	HTTP_ERR	Not Found
jp-jma-overview-week-250000	https://www.jma.go.jp/bosai/forecast/data/overview_week/250000.json	json-object		JMA Weekly Outlook Narrative — Shiga Prefecture	気象庁 週間天気概況 滋賀県	jp_prefectural	weather	ja	japan,prefecture,jma,forecast,weekly,250000	10800	Weekly forecast narrative issued by the JMA office for Shiga Prefecture (250000): headline text, publishing office and report timestamp.	HTTP_ERR	Not Found
jp-jma-overview-week-260000	https://www.jma.go.jp/bosai/forecast/data/overview_week/260000.json	json-object		JMA Weekly Outlook Narrative — Kyoto Prefecture	気象庁 週間天気概況 京都府	jp_prefectural	weather	ja	japan,prefecture,jma,forecast,weekly,260000	10800	Weekly forecast narrative issued by the JMA office for Kyoto Prefecture (260000): headline text, publishing office and report timestamp.	HTTP_ERR	Not Found
jp-jma-overview-week-270000	https://www.jma.go.jp/bosai/forecast/data/overview_week/270000.json	json-object		JMA Weekly Outlook Narrative — Osaka Prefecture	気象庁 週間天気概況 大阪府	jp_prefectural	weather	ja	japan,prefecture,jma,forecast,weekly,270000	10800	Weekly forecast narrative issued by the JMA office for Osaka Prefecture (270000): headline text, publishing office and report timestamp.	HTTP_ERR	Not Found
jp-jma-overview-week-280000	https://www.jma.go.jp/bosai/forecast/data/overview_week/280000.json	json-object		JMA Weekly Outlook Narrative — Hyogo Prefecture	気象庁 週間天気概況 兵庫県	jp_prefectural	weather	ja	japan,prefecture,jma,forecast,weekly,280000	10800	Weekly forecast narrative issued by the JMA office for Hyogo Prefecture (280000): headline text, publishing office and report timestamp.	HTTP_ERR	Not Found
jp-jma-overview-week-290000	https://www.jma.go.jp/bosai/forecast/data/overview_week/290000.json	json-object		JMA Weekly Outlook Narrative — Nara Prefecture	気象庁 週間天気概況 奈良県	jp_prefectural	weather	ja	japan,prefecture,jma,forecast,weekly,290000	10800	Weekly forecast narrative issued by the JMA office for Nara Prefecture (290000): headline text, publishing office and report timestamp.	HTTP_ERR	Not Found
jp-jma-overview-week-300000	https://www.jma.go.jp/bosai/forecast/data/overview_week/300000.json	json-object		JMA Weekly Outlook Narrative — Wakayama Prefecture	気象庁 週間天気概況 和歌山県	jp_prefectural	weather	ja	japan,prefecture,jma,forecast,weekly,300000	10800	Weekly forecast narrative issued by the JMA office for Wakayama Prefecture (300000): headline text, publishing office and report timestamp.	HTTP_ERR	Not Found
jp-jma-overview-week-310000	https://www.jma.go.jp/bosai/forecast/data/overview_week/310000.json	json-object		JMA Weekly Outlook Narrative — Tottori Prefecture	気象庁 週間天気概況 鳥取県	jp_prefectural	weather	ja	japan,prefecture,jma,forecast,weekly,310000	10800	Weekly forecast narrative issued by the JMA office for Tottori Prefecture (310000): headline text, publishing office and report timestamp.	HTTP_ERR	Not Found
jp-jma-overview-week-320000	https://www.jma.go.jp/bosai/forecast/data/overview_week/320000.json	json-object		JMA Weekly Outlook Narrative — Shimane Prefecture	気象庁 週間天気概況 島根県	jp_prefectural	weather	ja	japan,prefecture,jma,forecast,weekly,320000	10800	Weekly forecast narrative issued by the JMA office for Shimane Prefecture (320000): headline text, publishing office and report timestamp.	HTTP_ERR	Not Found
jp-jma-overview-week-330000	https://www.jma.go.jp/bosai/forecast/data/overview_week/330000.json	json-object		JMA Weekly Outlook Narrative — Okayama Prefecture	気象庁 週間天気概況 岡山県	jp_prefectural	weather	ja	japan,prefecture,jma,forecast,weekly,330000	10800	Weekly forecast narrative issued by the JMA office for Okayama Prefecture (330000): headline text, publishing office and report timestamp.	HTTP_ERR	Not Found
jp-jma-overview-week-340000	https://www.jma.go.jp/bosai/forecast/data/overview_week/340000.json	json-object		JMA Weekly Outlook Narrative — Hiroshima Prefecture	気象庁 週間天気概況 広島県	jp_prefectural	weather	ja	japan,prefecture,jma,forecast,weekly,340000	10800	Weekly forecast narrative issued by the JMA office for Hiroshima Prefecture (340000): headline text, publishing office and report timestamp.	HTTP_ERR	Not Found
jp-jma-overview-week-350000	https://www.jma.go.jp/bosai/forecast/data/overview_week/350000.json	json-object		JMA Weekly Outlook Narrative — Yamaguchi Prefecture	気象庁 週間天気概況 山口県	jp_prefectural	weather	ja	japan,prefecture,jma,forecast,weekly,350000	10800	Weekly forecast narrative issued by the JMA office for Yamaguchi Prefecture (350000): headline text, publishing office and report timestamp.	HTTP_ERR	Not Found
jp-jma-overview-week-360000	https://www.jma.go.jp/bosai/forecast/data/overview_week/360000.json	json-object		JMA Weekly Outlook Narrative — Tokushima Prefecture	気象庁 週間天気概況 徳島県	jp_prefectural	weather	ja	japan,prefecture,jma,forecast,weekly,360000	10800	Weekly forecast narrative issued by the JMA office for Tokushima Prefecture (360000): headline text, publishing office and report timestamp.	HTTP_ERR	Not Found
jp-jma-overview-week-370000	https://www.jma.go.jp/bosai/forecast/data/overview_week/370000.json	json-object		JMA Weekly Outlook Narrative — Kagawa Prefecture	気象庁 週間天気概況 香川県	jp_prefectural	weather	ja	japan,prefecture,jma,forecast,weekly,370000	10800	Weekly forecast narrative issued by the JMA office for Kagawa Prefecture (370000): headline text, publishing office and report timestamp.	HTTP_ERR	Not Found
jp-jma-overview-week-380000	https://www.jma.go.jp/bosai/forecast/data/overview_week/380000.json	json-object		JMA Weekly Outlook Narrative — Ehime Prefecture	気象庁 週間天気概況 愛媛県	jp_prefectural	weather	ja	japan,prefecture,jma,forecast,weekly,380000	10800	Weekly forecast narrative issued by the JMA office for Ehime Prefecture (380000): headline text, publishing office and report timestamp.	HTTP_ERR	Not Found
jp-jma-overview-week-390000	https://www.jma.go.jp/bosai/forecast/data/overview_week/390000.json	json-object		JMA Weekly Outlook Narrative — Kochi Prefecture	気象庁 週間天気概況 高知県	jp_prefectural	weather	ja	japan,prefecture,jma,forecast,weekly,390000	10800	Weekly forecast narrative issued by the JMA office for Kochi Prefecture (390000): headline text, publishing office and report timestamp.	HTTP_ERR	Not Found
jp-jma-overview-week-400000	https://www.jma.go.jp/bosai/forecast/data/overview_week/400000.json	json-object		JMA Weekly Outlook Narrative — Fukuoka Prefecture	気象庁 週間天気概況 福岡県	jp_prefectural	weather	ja	japan,prefecture,jma,forecast,weekly,400000	10800	Weekly forecast narrative issued by the JMA office for Fukuoka Prefecture (400000): headline text, publishing office and report timestamp.	HTTP_ERR	Not Found
jp-jma-overview-week-410000	https://www.jma.go.jp/bosai/forecast/data/overview_week/410000.json	json-object		JMA Weekly Outlook Narrative — Saga Prefecture	気象庁 週間天気概況 佐賀県	jp_prefectural	weather	ja	japan,prefecture,jma,forecast,weekly,410000	10800	Weekly forecast narrative issued by the JMA office for Saga Prefecture (410000): headline text, publishing office and report timestamp.	HTTP_ERR	Not Found
jp-jma-overview-week-420000	https://www.jma.go.jp/bosai/forecast/data/overview_week/420000.json	json-object		JMA Weekly Outlook Narrative — Nagasaki Prefecture	気象庁 週間天気概況 長崎県	jp_prefectural	weather	ja	japan,prefecture,jma,forecast,weekly,420000	10800	Weekly forecast narrative issued by the JMA office for Nagasaki Prefecture (420000): headline text, publishing office and report timestamp.	HTTP_ERR	Not Found
jp-jma-overview-week-430000	https://www.jma.go.jp/bosai/forecast/data/overview_week/430000.json	json-object		JMA Weekly Outlook Narrative — Kumamoto Prefecture	気象庁 週間天気概況 熊本県	jp_prefectural	weather	ja	japan,prefecture,jma,forecast,weekly,430000	10800	Weekly forecast narrative issued by the JMA office for Kumamoto Prefecture (430000): headline text, publishing office and report timestamp.	HTTP_ERR	Not Found
jp-jma-overview-week-440000	https://www.jma.go.jp/bosai/forecast/data/overview_week/440000.json	json-object		JMA Weekly Outlook Narrative — Oita Prefecture	気象庁 週間天気概況 大分県	jp_prefectural	weather	ja	japan,prefecture,jma,forecast,weekly,440000	10800	Weekly forecast narrative issued by the JMA office for Oita Prefecture (440000): headline text, publishing office and report timestamp.	HTTP_ERR	Not Found
jp-jma-overview-week-450000	https://www.jma.go.jp/bosai/forecast/data/overview_week/450000.json	json-object		JMA Weekly Outlook Narrative — Miyazaki Prefecture	気象庁 週間天気概況 宮崎県	jp_prefectural	weather	ja	japan,prefecture,jma,forecast,weekly,450000	10800	Weekly forecast narrative issued by the JMA office for Miyazaki Prefecture (450000): headline text, publishing office and report timestamp.	HTTP_ERR	Not Found
jp-jma-overview-week-460100	https://www.jma.go.jp/bosai/forecast/data/overview_week/460100.json	json-object		JMA Weekly Outlook Narrative — Kagoshima Prefecture	気象庁 週間天気概況 鹿児島県	jp_prefectural	weather	ja	japan,prefecture,jma,forecast,weekly,460100	10800	Weekly forecast narrative issued by the JMA office for Kagoshima Prefecture (460100): headline text, publishing office and report timestamp.	HTTP_ERR	Not Found
jp-jma-overview-week-471000	https://www.jma.go.jp/bosai/forecast/data/overview_week/471000.json	json-object		JMA Weekly Outlook Narrative — Okinawa Main Island	気象庁 週間天気概況 沖縄本島地方	jp_prefectural	weather	ja	japan,prefecture,jma,forecast,weekly,471000	10800	Weekly forecast narrative issued by the JMA office for Okinawa Main Island (471000): headline text, publishing office and report timestamp.	HTTP_ERR	Not Found
jp-jma-overview-week-472000	https://www.jma.go.jp/bosai/forecast/data/overview_week/472000.json	json-object		JMA Weekly Outlook Narrative — Daito Islands, Okinawa	気象庁 週間天気概況 大東島地方	jp_prefectural	weather	ja	japan,prefecture,jma,forecast,weekly,472000	10800	Weekly forecast narrative issued by the JMA office for Daito Islands, Okinawa (472000): headline text, publishing office and report timestamp.	HTTP_ERR	Not Found
jp-jma-overview-week-473000	https://www.jma.go.jp/bosai/forecast/data/overview_week/473000.json	json-object		JMA Weekly Outlook Narrative — Miyakojima, Okinawa	気象庁 週間天気概況 宮古島地方	jp_prefectural	weather	ja	japan,prefecture,jma,forecast,weekly,473000	10800	Weekly forecast narrative issued by the JMA office for Miyakojima, Okinawa (473000): headline text, publishing office and report timestamp.	HTTP_ERR	Not Found
jp-jma-overview-week-474000	https://www.jma.go.jp/bosai/forecast/data/overview_week/474000.json	json-object		JMA Weekly Outlook Narrative — Yaeyama, Okinawa	気象庁 週間天気概況 八重山地方	jp_prefectural	weather	ja	japan,prefecture,jma,forecast,weekly,474000	10800	Weekly forecast narrative issued by the JMA office for Yaeyama, Okinawa (474000): headline text, publishing office and report timestamp.	HTTP_ERR	Not Found
jp-ckan-tokyo-recent-changes	https://catalog.data.metro.tokyo.lg.jp/api/3/action/recently_changed_packages_activity_list?limit=100	json:result		Tokyo Metropolitan Government Open Data — Recent Dataset Activity	東京都オープンデータカタログ 最近の更新	jp_prefectural	opendata	ja	japan,opendata,ckan,registry,tokyo	86400	The most recent create/update activity across the whole catalogue — a change feed for the portal. Source: Tokyo Metropolitan Government Open Data.	HTTP_ERR	BAD REQUEST
jp-ckan-yokohama-q-nyuusatsu	https://data.city.yokohama.lg.jp/api/3/action/package_search?rows=100&q=入札	json:result.results		City of Yokohama Open Data — Procurement And Tenders Datasets	横浜市オープンデータ 入札データセット	jp_prefectural	procurement	ja	japan,opendata,ckan,nyuusatsu,yokohama	86400	Every dataset in City of Yokohama Open Data matching '入札' (procurement and tenders), with publisher, licence, resources and update time as held in the catalogue.	EMPTY_RESULTSET	{"help": "https://data.city.yokohama.lg.jp/api/3/action/help_show?name=package_search", "success": t
jp-ckan-yokohama-q-kouzui	https://data.city.yokohama.lg.jp/api/3/action/package_search?rows=100&q=洪水	json:result.results		City of Yokohama Open Data — Flooding Datasets	横浜市オープンデータ 洪水データセット	jp_prefectural	disaster	ja	japan,opendata,ckan,kouzui,yokohama	86400	Every dataset in City of Yokohama Open Data matching '洪水' (flooding), with publisher, licence, resources and update time as held in the catalogue.	EMPTY_RESULTSET	{"help": "https://data.city.yokohama.lg.jp/api/3/action/help_show?name=package_search", "success": t
jp-ckan-yokohama-q-denryoku	https://data.city.yokohama.lg.jp/api/3/action/package_search?rows=100&q=電力	json:result.results		City of Yokohama Open Data — Electricity Datasets	横浜市オープンデータ 電力データセット	jp_prefectural	energy	ja	japan,opendata,ckan,denryoku,yokohama	86400	Every dataset in City of Yokohama Open Data matching '電力' (electricity), with publisher, licence, resources and update time as held in the catalogue.	EMPTY_RESULTSET	{"help": "https://data.city.yokohama.lg.jp/api/3/action/help_show?name=package_search", "success": t
jp-ckan-yokohama-q-kuukou	https://data.city.yokohama.lg.jp/api/3/action/package_search?rows=100&q=空港	json:result.results		City of Yokohama Open Data — Airports Datasets	横浜市オープンデータ 空港データセット	jp_prefectural	aviation	ja	japan,opendata,ckan,kuukou,yokohama	86400	Every dataset in City of Yokohama Open Data matching '空港' (airports), with publisher, licence, resources and update time as held in the catalogue.	EMPTY_RESULTSET	{"help": "https://data.city.yokohama.lg.jp/api/3/action/help_show?name=package_search", "success": t
jp-ckan-geospatial-recent-changes	https://www.geospatial.jp/ckan/api/3/action/recently_changed_packages_activity_list?limit=100	json:result		G-Spatial Information Center (Japan) — Recent Dataset Activity	G空間情報センター 最近の更新	jp_prefectural	opendata	ja	japan,opendata,ckan,registry,geospatial	86400	The most recent create/update activity across the whole catalogue — a change feed for the portal. Source: G-Spatial Information Center (Japan).	TOO_BIG	over 8MB
jp-ckan-geospatial-q-bousai	https://www.geospatial.jp/ckan/api/3/action/package_search?rows=100&q=防災	json:result.results		G-Spatial Information Center (Japan) — Disaster Preparedness Datasets	G空間情報センター 防災データセット	jp_prefectural	disaster	ja	japan,opendata,ckan,bousai,geospatial	86400	Every dataset in G-Spatial Information Center (Japan) matching '防災' (disaster preparedness), with publisher, licence, resources and update time as held in the catalogue.	TOO_BIG	over 8MB
jp-ckan-geospatial-q-zaisei	https://www.geospatial.jp/ckan/api/3/action/package_search?rows=100&q=財政	json:result.results		G-Spatial Information Center (Japan) — Public Finance Datasets	G空間情報センター 財政データセット	jp_prefectural	economy	ja	japan,opendata,ckan,zaisei,geospatial	86400	Every dataset in G-Spatial Information Center (Japan) matching '財政' (public finance), with publisher, licence, resources and update time as held in the catalogue.	EMPTY_RESULTSET	{"help": "https://www.geospatial.jp/ckan/api/3/action/help_show?name=package_search", "success": tru
jp-ckan-geospatial-q-nyuusatsu	https://www.geospatial.jp/ckan/api/3/action/package_search?rows=100&q=入札	json:result.results		G-Spatial Information Center (Japan) — Procurement And Tenders Datasets	G空間情報センター 入札データセット	jp_prefectural	procurement	ja	japan,opendata,ckan,nyuusatsu,geospatial	86400	Every dataset in G-Spatial Information Center (Japan) matching '入札' (procurement and tenders), with publisher, licence, resources and update time as held in the catalogue.	EMPTY_RESULTSET	{"help": "https://www.geospatial.jp/ckan/api/3/action/help_show?name=package_search", "success": tru
jp-ckan-geospatial-q-chiiki	https://www.geospatial.jp/ckan/api/3/action/package_search?rows=100&q=地域	json:result.results		G-Spatial Information Center (Japan) — Regional Planning Datasets	G空間情報センター 地域データセット	jp_prefectural	government	ja	japan,opendata,ckan,chiiki,geospatial	86400	Every dataset in G-Spatial Information Center (Japan) matching '地域' (regional planning), with publisher, licence, resources and update time as held in the catalogue.	TOO_BIG	over 8MB
jp-ckan-geospatial-q-jishin	https://www.geospatial.jp/ckan/api/3/action/package_search?rows=100&q=地震	json:result.results		G-Spatial Information Center (Japan) — Earthquakes Datasets	G空間情報センター 地震データセット	jp_prefectural	disaster	ja	japan,opendata,ckan,jishin,geospatial	86400	Every dataset in G-Spatial Information Center (Japan) matching '地震' (earthquakes), with publisher, licence, resources and update time as held in the catalogue.	TOO_BIG	over 8MB
jp-ckan-geospatial-q-tsunami	https://www.geospatial.jp/ckan/api/3/action/package_search?rows=100&q=津波	json:result.results		G-Spatial Information Center (Japan) — Tsunami Datasets	G空間情報センター 津波データセット	jp_prefectural	disaster	ja	japan,opendata,ckan,tsunami,geospatial	86400	Every dataset in G-Spatial Information Center (Japan) matching '津波' (tsunami), with publisher, licence, resources and update time as held in the catalogue.	TOO_BIG	over 8MB
jp-ckan-bodik-organization-list	https://data.bodik.jp/api/3/action/organization_list?all_fields=true&limit=1000	json:result		BODIK Local Government Open Data (Japan) — Publisher Registry	BODIK 自治体オープンデータ 提供組織一覧	jp_prefectural	opendata	ja	japan,opendata,ckan,registry,bodik	86400	Every publishing organisation in the portal with title, description and dataset count. Source: BODIK Local Government Open Data (Japan).	HTTP_ERR	Forbidden
jp-ckan-bodik-group-list	https://data.bodik.jp/api/3/action/group_list?all_fields=true	json:result		BODIK Local Government Open Data (Japan) — Group Registry	BODIK 自治体オープンデータ グループ一覧	jp_prefectural	opendata	ja	japan,opendata,ckan,registry,bodik	86400	Every thematic group defined in the portal, with dataset counts. Source: BODIK Local Government Open Data (Japan).	HTTP_ERR	Forbidden
jp-ckan-bodik-tag-list	https://data.bodik.jp/api/3/action/tag_list?all_fields=false	json:result		BODIK Local Government Open Data (Japan) — Tag Vocabulary	BODIK 自治体オープンデータ タグ語彙	jp_prefectural	opendata	ja	japan,opendata,ckan,registry,bodik	86400	The portal's full free-tag vocabulary — a cheap map of what the publisher covers. Source: BODIK Local Government Open Data (Japan).	HTTP_ERR	Forbidden
jp-ckan-bodik-license-list	https://data.bodik.jp/api/3/action/license_list	json:result		BODIK Local Government Open Data (Japan) — Licence Registry	BODIK 自治体オープンデータ ライセンス一覧	jp_prefectural	opendata	ja	japan,opendata,ckan,registry,bodik	86400	Licences in use across the portal's datasets. Source: BODIK Local Government Open Data (Japan).	HTTP_ERR	Forbidden
jp-ckan-bodik-recent-changes	https://data.bodik.jp/api/3/action/recently_changed_packages_activity_list?limit=100	json:result		BODIK Local Government Open Data (Japan) — Recent Dataset Activity	BODIK 自治体オープンデータ 最近の更新	jp_prefectural	opendata	ja	japan,opendata,ckan,registry,bodik	86400	The most recent create/update activity across the whole catalogue — a change feed for the portal. Source: BODIK Local Government Open Data (Japan).	HTTP_ERR	Forbidden
jp-ckan-bodik-q-bousai	https://data.bodik.jp/api/3/action/package_search?rows=100&q=防災	json:result.results		BODIK Local Government Open Data (Japan) — Disaster Preparedness Datasets	BODIK 自治体オープンデータ 防災データセット	jp_prefectural	disaster	ja	japan,opendata,ckan,bousai,bodik	86400	Every dataset in BODIK Local Government Open Data (Japan) matching '防災' (disaster preparedness), with publisher, licence, resources and update time as held in the catalogue.	HTTP_ERR	Forbidden
jp-ckan-bodik-q-jinko	https://data.bodik.jp/api/3/action/package_search?rows=100&q=人口	json:result.results		BODIK Local Government Open Data (Japan) — Population Datasets	BODIK 自治体オープンデータ 人口データセット	jp_prefectural	statistics	ja	japan,opendata,ckan,jinko,bodik	86400	Every dataset in BODIK Local Government Open Data (Japan) matching '人口' (population), with publisher, licence, resources and update time as held in the catalogue.	HTTP_ERR	Forbidden
jp-ckan-bodik-q-koutsuu	https://data.bodik.jp/api/3/action/package_search?rows=100&q=交通	json:result.results		BODIK Local Government Open Data (Japan) — Transport Datasets	BODIK 自治体オープンデータ 交通データセット	jp_prefectural	transport	ja	japan,opendata,ckan,koutsuu,bodik	86400	Every dataset in BODIK Local Government Open Data (Japan) matching '交通' (transport), with publisher, licence, resources and update time as held in the catalogue.	HTTP_ERR	Forbidden
jp-ckan-bodik-q-iryou	https://data.bodik.jp/api/3/action/package_search?rows=100&q=医療	json:result.results		BODIK Local Government Open Data (Japan) — Healthcare Datasets	BODIK 自治体オープンデータ 医療データセット	jp_prefectural	health	ja	japan,opendata,ckan,iryou,bodik	86400	Every dataset in BODIK Local Government Open Data (Japan) matching '医療' (healthcare), with publisher, licence, resources and update time as held in the catalogue.	HTTP_ERR	Forbidden
jp-ckan-bodik-q-kyouiku	https://data.bodik.jp/api/3/action/package_search?rows=100&q=教育	json:result.results		BODIK Local Government Open Data (Japan) — Education Datasets	BODIK 自治体オープンデータ 教育データセット	jp_prefectural	education	ja	japan,opendata,ckan,kyouiku,bodik	86400	Every dataset in BODIK Local Government Open Data (Japan) matching '教育' (education), with publisher, licence, resources and update time as held in the catalogue.	HTTP_ERR	Forbidden
jp-ckan-bodik-q-gakkou	https://data.bodik.jp/api/3/action/package_search?rows=100&q=学校	json:result.results		BODIK Local Government Open Data (Japan) — Schools Datasets	BODIK 自治体オープンデータ 学校データセット	jp_prefectural	education	ja	japan,opendata,ckan,gakkou,bodik	86400	Every dataset in BODIK Local Government Open Data (Japan) matching '学校' (schools), with publisher, licence, resources and update time as held in the catalogue.	HTTP_ERR	Forbidden
jp-ckan-bodik-q-shisetsu	https://data.bodik.jp/api/3/action/package_search?rows=100&q=施設	json:result.results		BODIK Local Government Open Data (Japan) — Public Facilities Datasets	BODIK 自治体オープンデータ 施設データセット	jp_prefectural	infrastructure	ja	japan,opendata,ckan,shisetsu,bodik	86400	Every dataset in BODIK Local Government Open Data (Japan) matching '施設' (public facilities), with publisher, licence, resources and update time as held in the catalogue.	HTTP_ERR	Forbidden
jp-ckan-bodik-q-kankou	https://data.bodik.jp/api/3/action/package_search?rows=100&q=観光	json:result.results		BODIK Local Government Open Data (Japan) — Tourism Datasets	BODIK 自治体オープンデータ 観光データセット	jp_prefectural	tourism	ja	japan,opendata,ckan,kankou,bodik	86400	Every dataset in BODIK Local Government Open Data (Japan) matching '観光' (tourism), with publisher, licence, resources and update time as held in the catalogue.	HTTP_ERR	Forbidden
jp-ckan-bodik-q-kankyou	https://data.bodik.jp/api/3/action/package_search?rows=100&q=環境	json:result.results		BODIK Local Government Open Data (Japan) — Environment Datasets	BODIK 自治体オープンデータ 環境データセット	jp_prefectural	environment	ja	japan,opendata,ckan,kankyou,bodik	86400	Every dataset in BODIK Local Government Open Data (Japan) matching '環境' (environment), with publisher, licence, resources and update time as held in the catalogue.	HTTP_ERR	Forbidden
jp-ckan-bodik-q-toukei	https://data.bodik.jp/api/3/action/package_search?rows=100&q=統計	json:result.results		BODIK Local Government Open Data (Japan) — Statistics Datasets	BODIK 自治体オープンデータ 統計データセット	jp_prefectural	statistics	ja	japan,opendata,ckan,toukei,bodik	86400	Every dataset in BODIK Local Government Open Data (Japan) matching '統計' (statistics), with publisher, licence, resources and update time as held in the catalogue.	HTTP_ERR	Forbidden
jp-ckan-bodik-q-zaisei	https://data.bodik.jp/api/3/action/package_search?rows=100&q=財政	json:result.results		BODIK Local Government Open Data (Japan) — Public Finance Datasets	BODIK 自治体オープンデータ 財政データセット	jp_prefectural	economy	ja	japan,opendata,ckan,zaisei,bodik	86400	Every dataset in BODIK Local Government Open Data (Japan) matching '財政' (public finance), with publisher, licence, resources and update time as held in the catalogue.	HTTP_ERR	Forbidden
jp-ckan-bodik-q-nyuusatsu	https://data.bodik.jp/api/3/action/package_search?rows=100&q=入札	json:result.results		BODIK Local Government Open Data (Japan) — Procurement And Tenders Datasets	BODIK 自治体オープンデータ 入札データセット	jp_prefectural	procurement	ja	japan,opendata,ckan,nyuusatsu,bodik	86400	Every dataset in BODIK Local Government Open Data (Japan) matching '入札' (procurement and tenders), with publisher, licence, resources and update time as held in the catalogue.	HTTP_ERR	Forbidden
jp-ckan-bodik-q-hinanjo	https://data.bodik.jp/api/3/action/package_search?rows=100&q=避難所	json:result.results		BODIK Local Government Open Data (Japan) — Evacuation Shelters Datasets	BODIK 自治体オープンデータ 避難所データセット	jp_prefectural	disaster	ja	japan,opendata,ckan,hinanjo,bodik	86400	Every dataset in BODIK Local Government Open Data (Japan) matching '避難所' (evacuation shelters), with publisher, licence, resources and update time as held in the catalogue.	HTTP_ERR	Forbidden
jp-ckan-bodik-q-suidou	https://data.bodik.jp/api/3/action/package_search?rows=100&q=水道	json:result.results		BODIK Local Government Open Data (Japan) — Water Supply Datasets	BODIK 自治体オープンデータ 水道データセット	jp_prefectural	infrastructure	ja	japan,opendata,ckan,suidou,bodik	86400	Every dataset in BODIK Local Government Open Data (Japan) matching '水道' (water supply), with publisher, licence, resources and update time as held in the catalogue.	HTTP_ERR	Forbidden
jp-ckan-bodik-q-gomi	https://data.bodik.jp/api/3/action/package_search?rows=100&q=ごみ	json:result.results		BODIK Local Government Open Data (Japan) — Waste Collection Datasets	BODIK 自治体オープンデータ ごみデータセット	jp_prefectural	environment	ja	japan,opendata,ckan,gomi,bodik	86400	Every dataset in BODIK Local Government Open Data (Japan) matching 'ごみ' (waste collection), with publisher, licence, resources and update time as held in the catalogue.	HTTP_ERR	Forbidden
jp-ckan-bodik-q-chiiki	https://data.bodik.jp/api/3/action/package_search?rows=100&q=地域	json:result.results		BODIK Local Government Open Data (Japan) — Regional Planning Datasets	BODIK 自治体オープンデータ 地域データセット	jp_prefectural	government	ja	japan,opendata,ckan,chiiki,bodik	86400	Every dataset in BODIK Local Government Open Data (Japan) matching '地域' (regional planning), with publisher, licence, resources and update time as held in the catalogue.	HTTP_ERR	Forbidden
jp-ckan-bodik-q-anzen	https://data.bodik.jp/api/3/action/package_search?rows=100&q=安全	json:result.results		BODIK Local Government Open Data (Japan) — Public Safety Datasets	BODIK 自治体オープンデータ 安全データセット	jp_prefectural	security	ja	japan,opendata,ckan,anzen,bodik	86400	Every dataset in BODIK Local Government Open Data (Japan) matching '安全' (public safety), with publisher, licence, resources and update time as held in the catalogue.	HTTP_ERR	Forbidden
jp-ckan-bodik-q-kasen	https://data.bodik.jp/api/3/action/package_search?rows=100&q=河川	json:result.results		BODIK Local Government Open Data (Japan) — Rivers And Flood Control Datasets	BODIK 自治体オープンデータ 河川データセット	jp_prefectural	disaster	ja	japan,opendata,ckan,kasen,bodik	86400	Every dataset in BODIK Local Government Open Data (Japan) matching '河川' (rivers and flood control), with publisher, licence, resources and update time as held in the catalogue.	HTTP_ERR	Forbidden
jp-ckan-bodik-q-doro	https://data.bodik.jp/api/3/action/package_search?rows=100&q=道路	json:result.results		BODIK Local Government Open Data (Japan) — Roads Datasets	BODIK 自治体オープンデータ 道路データセット	jp_prefectural	infrastructure	ja	japan,opendata,ckan,doro,bodik	86400	Every dataset in BODIK Local Government Open Data (Japan) matching '道路' (roads), with publisher, licence, resources and update time as held in the catalogue.	HTTP_ERR	Forbidden
jp-ckan-bodik-q-hoikuen	https://data.bodik.jp/api/3/action/package_search?rows=100&q=保育園	json:result.results		BODIK Local Government Open Data (Japan) — Childcare Facilities Datasets	BODIK 自治体オープンデータ 保育園データセット	jp_prefectural	education	ja	japan,opendata,ckan,hoikuen,bodik	86400	Every dataset in BODIK Local Government Open Data (Japan) matching '保育園' (childcare facilities), with publisher, licence, resources and update time as held in the catalogue.	HTTP_ERR	Forbidden
jp-ckan-bodik-q-byouin	https://data.bodik.jp/api/3/action/package_search?rows=100&q=病院	json:result.results		BODIK Local Government Open Data (Japan) — Hospitals Datasets	BODIK 自治体オープンデータ 病院データセット	jp_prefectural	health	ja	japan,opendata,ckan,byouin,bodik	86400	Every dataset in BODIK Local Government Open Data (Japan) matching '病院' (hospitals), with publisher, licence, resources and update time as held in the catalogue.	HTTP_ERR	Forbidden
jp-ckan-bodik-q-keisatsu	https://data.bodik.jp/api/3/action/package_search?rows=100&q=警察	json:result.results		BODIK Local Government Open Data (Japan) — Policing Datasets	BODIK 自治体オープンデータ 警察データセット	jp_prefectural	security	ja	japan,opendata,ckan,keisatsu,bodik	86400	Every dataset in BODIK Local Government Open Data (Japan) matching '警察' (policing), with publisher, licence, resources and update time as held in the catalogue.	HTTP_ERR	Forbidden
jp-ckan-bodik-q-shoubou	https://data.bodik.jp/api/3/action/package_search?rows=100&q=消防	json:result.results		BODIK Local Government Open Data (Japan) — Fire And Rescue Datasets	BODIK 自治体オープンデータ 消防データセット	jp_prefectural	disaster	ja	japan,opendata,ckan,shoubou,bodik	86400	Every dataset in BODIK Local Government Open Data (Japan) matching '消防' (fire and rescue), with publisher, licence, resources and update time as held in the catalogue.	HTTP_ERR	Forbidden
jp-ckan-bodik-q-jishin	https://data.bodik.jp/api/3/action/package_search?rows=100&q=地震	json:result.results		BODIK Local Government Open Data (Japan) — Earthquakes Datasets	BODIK 自治体オープンデータ 地震データセット	jp_prefectural	disaster	ja	japan,opendata,ckan,jishin,bodik	86400	Every dataset in BODIK Local Government Open Data (Japan) matching '地震' (earthquakes), with publisher, licence, resources and update time as held in the catalogue.	HTTP_ERR	Forbidden
jp-ckan-bodik-q-tsunami	https://data.bodik.jp/api/3/action/package_search?rows=100&q=津波	json:result.results		BODIK Local Government Open Data (Japan) — Tsunami Datasets	BODIK 自治体オープンデータ 津波データセット	jp_prefectural	disaster	ja	japan,opendata,ckan,tsunami,bodik	86400	Every dataset in BODIK Local Government Open Data (Japan) matching '津波' (tsunami), with publisher, licence, resources and update time as held in the catalogue.	HTTP_ERR	Forbidden
jp-ckan-bodik-q-dosha	https://data.bodik.jp/api/3/action/package_search?rows=100&q=土砂災害	json:result.results		BODIK Local Government Open Data (Japan) — Landslide Hazard Datasets	BODIK 自治体オープンデータ 土砂災害データセット	jp_prefectural	disaster	ja	japan,opendata,ckan,dosha,bodik	86400	Every dataset in BODIK Local Government Open Data (Japan) matching '土砂災害' (landslide hazard), with publisher, licence, resources and update time as held in the catalogue.	HTTP_ERR	Forbidden
jp-ckan-bodik-q-kouzui	https://data.bodik.jp/api/3/action/package_search?rows=100&q=洪水	json:result.results		BODIK Local Government Open Data (Japan) — Flooding Datasets	BODIK 自治体オープンデータ 洪水データセット	jp_prefectural	disaster	ja	japan,opendata,ckan,kouzui,bodik	86400	Every dataset in BODIK Local Government Open Data (Japan) matching '洪水' (flooding), with publisher, licence, resources and update time as held in the catalogue.	HTTP_ERR	Forbidden
jp-ckan-bodik-q-kion	https://data.bodik.jp/api/3/action/package_search?rows=100&q=気温	json:result.results		BODIK Local Government Open Data (Japan) — Temperature Datasets	BODIK 自治体オープンデータ 気温データセット	jp_prefectural	weather	ja	japan,opendata,ckan,kion,bodik	86400	Every dataset in BODIK Local Government Open Data (Japan) matching '気温' (temperature), with publisher, licence, resources and update time as held in the catalogue.	HTTP_ERR	Forbidden
jp-ckan-bodik-q-denryoku	https://data.bodik.jp/api/3/action/package_search?rows=100&q=電力	json:result.results		BODIK Local Government Open Data (Japan) — Electricity Datasets	BODIK 自治体オープンデータ 電力データセット	jp_prefectural	energy	ja	japan,opendata,ckan,denryoku,bodik	86400	Every dataset in BODIK Local Government Open Data (Japan) matching '電力' (electricity), with publisher, licence, resources and update time as held in the catalogue.	HTTP_ERR	Forbidden
jp-ckan-bodik-q-tsuushin	https://data.bodik.jp/api/3/action/package_search?rows=100&q=通信	json:result.results		BODIK Local Government Open Data (Japan) — Telecommunications Datasets	BODIK 自治体オープンデータ 通信データセット	jp_prefectural	telecom	ja	japan,opendata,ckan,tsuushin,bodik	86400	Every dataset in BODIK Local Government Open Data (Japan) matching '通信' (telecommunications), with publisher, licence, resources and update time as held in the catalogue.	HTTP_ERR	Forbidden
jp-ckan-bodik-q-joho	https://data.bodik.jp/api/3/action/package_search?rows=100&q=情報システム	json:result.results		BODIK Local Government Open Data (Japan) — Information Systems Datasets	BODIK 自治体オープンデータ 情報システムデータセット	jp_prefectural	technology	ja	japan,opendata,ckan,joho,bodik	86400	Every dataset in BODIK Local Government Open Data (Japan) matching '情報システム' (information systems), with publisher, licence, resources and update time as held in the catalogue.	HTTP_ERR	Forbidden
jp-ckan-bodik-q-dejitaru	https://data.bodik.jp/api/3/action/package_search?rows=100&q=デジタル	json:result.results		BODIK Local Government Open Data (Japan) — Digital Government Datasets	BODIK 自治体オープンデータ デジタルデータセット	jp_prefectural	technology	ja	japan,opendata,ckan,dejitaru,bodik	86400	Every dataset in BODIK Local Government Open Data (Japan) matching 'デジタル' (digital government), with publisher, licence, resources and update time as held in the catalogue.	HTTP_ERR	Forbidden
jp-ckan-bodik-q-kigyou	https://data.bodik.jp/api/3/action/package_search?rows=100&q=企業	json:result.results		BODIK Local Government Open Data (Japan) — Enterprises Datasets	BODIK 自治体オープンデータ 企業データセット	jp_prefectural	corporate	ja	japan,opendata,ckan,kigyou,bodik	86400	Every dataset in BODIK Local Government Open Data (Japan) matching '企業' (enterprises), with publisher, licence, resources and update time as held in the catalogue.	HTTP_ERR	Forbidden
jp-ckan-bodik-q-sangyou	https://data.bodik.jp/api/3/action/package_search?rows=100&q=産業	json:result.results		BODIK Local Government Open Data (Japan) — Industry Datasets	BODIK 自治体オープンデータ 産業データセット	jp_prefectural	industry	ja	japan,opendata,ckan,sangyou,bodik	86400	Every dataset in BODIK Local Government Open Data (Japan) matching '産業' (industry), with publisher, licence, resources and update time as held in the catalogue.	HTTP_ERR	Forbidden
jp-ckan-bodik-q-koujou	https://data.bodik.jp/api/3/action/package_search?rows=100&q=工場	json:result.results		BODIK Local Government Open Data (Japan) — Factories Datasets	BODIK 自治体オープンデータ 工場データセット	jp_prefectural	industry	ja	japan,opendata,ckan,koujou,bodik	86400	Every dataset in BODIK Local Government Open Data (Japan) matching '工場' (factories), with publisher, licence, resources and update time as held in the catalogue.	HTTP_ERR	Forbidden
jp-ckan-bodik-q-kouwan	https://data.bodik.jp/api/3/action/package_search?rows=100&q=港湾	json:result.results		BODIK Local Government Open Data (Japan) — Ports Datasets	BODIK 自治体オープンデータ 港湾データセット	jp_prefectural	maritime	ja	japan,opendata,ckan,kouwan,bodik	86400	Every dataset in BODIK Local Government Open Data (Japan) matching '港湾' (ports), with publisher, licence, resources and update time as held in the catalogue.	HTTP_ERR	Forbidden
jp-ckan-bodik-q-kuukou	https://data.bodik.jp/api/3/action/package_search?rows=100&q=空港	json:result.results		BODIK Local Government Open Data (Japan) — Airports Datasets	BODIK 自治体オープンデータ 空港データセット	jp_prefectural	aviation	ja	japan,opendata,ckan,kuukou,bodik	86400	Every dataset in BODIK Local Government Open Data (Japan) matching '空港' (airports), with publisher, licence, resources and update time as held in the catalogue.	HTTP_ERR	Forbidden
jp-ckan-bodik-q-tetsudou	https://data.bodik.jp/api/3/action/package_search?rows=100&q=鉄道	json:result.results		BODIK Local Government Open Data (Japan) — Railways Datasets	BODIK 自治体オープンデータ 鉄道データセット	jp_prefectural	transport	ja	japan,opendata,ckan,tetsudou,bodik	86400	Every dataset in BODIK Local Government Open Data (Japan) matching '鉄道' (railways), with publisher, licence, resources and update time as held in the catalogue.	HTTP_ERR	Forbidden
jp-ckan-bodik-q-basu	https://data.bodik.jp/api/3/action/package_search?rows=100&q=バス	json:result.results		BODIK Local Government Open Data (Japan) — Bus Services Datasets	BODIK 自治体オープンデータ バスデータセット	jp_prefectural	transport	ja	japan,opendata,ckan,basu,bodik	86400	Every dataset in BODIK Local Government Open Data (Japan) matching 'バス' (bus services), with publisher, licence, resources and update time as held in the catalogue.	HTTP_ERR	Forbidden
jp-ckan-bodik-q-chuusha	https://data.bodik.jp/api/3/action/package_search?rows=100&q=駐車場	json:result.results		BODIK Local Government Open Data (Japan) — Parking Datasets	BODIK 自治体オープンデータ 駐車場データセット	jp_prefectural	transport	ja	japan,opendata,ckan,chuusha,bodik	86400	Every dataset in BODIK Local Government Open Data (Japan) matching '駐車場' (parking), with publisher, licence, resources and update time as held in the catalogue.	HTTP_ERR	Forbidden
fr-datagouv-q-lycee	https://www.data.gouv.fr/api/1/datasets/?page_size=100&q=lycée	json:data		data.gouv.fr — High Schools Datasets	data.gouv.fr high schoolsデータセット	fr_government	education	fr	france,opendata,datagouv,lycee	86400	Datasets published on the French national open-data portal matching 'lycée' (high schools) — with publishing organisation, resources, licence, temporal coverage and quality score.	TOO_BIG	over 8MB
fr-datagouv-reuses	https://www.data.gouv.fr/api/1/reuses/?page_size=100	json:data		data.gouv.fr — Reuse Registry	data.gouv.fr 再利用事例	fr_government	registry	fr	france,opendata,datagouv,registry,reuses	86400	Applications and analyses built on French public data, linked to their source datasets.	TOO_BIG	over 8MB
fr-datagouv-topics	https://www.data.gouv.fr/api/1/topics/?page_size=100	json:data		data.gouv.fr — Topic Registry	data.gouv.fr トピック一覧	fr_government	registry	fr	france,opendata,datagouv,registry,topics	86400	Curated thematic collections on data.gouv.fr.	HTTP_ERR	NOT FOUND
fr-entreprises-petrole	https://recherche-entreprises.api.gouv.fr/search?q=pétrole&per_page=25	json:results		France Company Register — Petroleum	フランス企業登記 petroleum	fr_corporate	corporate	fr	france,corporate,sirene,registry,petrole	86400	French legal units matching 'pétrole' (petroleum) from the state SIRENE-backed company search: SIREN, SIRET, NAF activity code, legal form, headcount band, officers and establishment addresses.	HTTP_ERR	Too Many Requests
fr-entreprises-transport-maritime	https://recherche-entreprises.api.gouv.fr/search?q=transport%20maritime&per_page=25	json:results		France Company Register — Maritime Shipping	フランス企業登記 maritime shipping	fr_corporate	corporate	fr	france,corporate,sirene,registry,transport-maritime	86400	French legal units matching 'transport maritime' (maritime shipping) from the state SIRENE-backed company search: SIREN, SIRET, NAF activity code, legal form, headcount band, officers and establishment addresses.	HTTP_ERR	Too Many Requests
fr-entreprises-logistique	https://recherche-entreprises.api.gouv.fr/search?q=logistique&per_page=25	json:results		France Company Register — Logistics	フランス企業登記 logistics	fr_corporate	corporate	fr	france,corporate,sirene,registry,logistique	86400	French legal units matching 'logistique' (logistics) from the state SIRENE-backed company search: SIREN, SIRET, NAF activity code, legal form, headcount band, officers and establishment addresses.	HTTP_ERR	Too Many Requests
fr-entreprises-assurance	https://recherche-entreprises.api.gouv.fr/search?q=assurance&per_page=25	json:results		France Company Register — Insurance	フランス企業登記 insurance	fr_corporate	corporate	fr	france,corporate,sirene,registry,assurance	86400	French legal units matching 'assurance' (insurance) from the state SIRENE-backed company search: SIREN, SIRET, NAF activity code, legal form, headcount band, officers and establishment addresses.	HTTP_ERR	Too Many Requests
fr-entreprises-cryptomonnaie	https://recherche-entreprises.api.gouv.fr/search?q=cryptomonnaie&per_page=25	json:results		France Company Register — Crypto Assets	フランス企業登記 crypto assets	fr_corporate	corporate	fr	france,corporate,sirene,registry,cryptomonnaie	86400	French legal units matching 'cryptomonnaie' (crypto assets) from the state SIRENE-backed company search: SIREN, SIRET, NAF activity code, legal form, headcount band, officers and establishment addresses.	HTTP_ERR	Too Many Requests
fr-entreprises-securite-privee	https://recherche-entreprises.api.gouv.fr/search?q=sécurité%20privée&per_page=25	json:results		France Company Register — Private Security	フランス企業登記 private security	fr_corporate	corporate	fr	france,corporate,sirene,registry,securite-privee	86400	French legal units matching 'sécurité privée' (private security) from the state SIRENE-backed company search: SIREN, SIRET, NAF activity code, legal form, headcount band, officers and establishment addresses.	HTTP_ERR	Too Many Requests
fr-entreprises-intelligence-economique	https://recherche-entreprises.api.gouv.fr/search?q=intelligence%20économique&per_page=25	json:results		France Company Register — Competitive Intelligence	フランス企業登記 competitive intelligence	fr_corporate	corporate	fr	france,corporate,sirene,registry,intelligence-economique	86400	French legal units matching 'intelligence économique' (competitive intelligence) from the state SIRENE-backed company search: SIREN, SIRET, NAF activity code, legal form, headcount band, officers and establishment addresses.	HTTP_ERR	Too Many Requests
fr-entreprises-drone	https://recherche-entreprises.api.gouv.fr/search?q=drone&per_page=25	json:results		France Company Register — Unmanned Systems	フランス企業登記 unmanned systems	fr_corporate	corporate	fr	france,corporate,sirene,registry,drone	86400	French legal units matching 'drone' (unmanned systems) from the state SIRENE-backed company search: SIREN, SIRET, NAF activity code, legal form, headcount band, officers and establishment addresses.	HTTP_ERR	Too Many Requests
fr-entreprises-robotique	https://recherche-entreprises.api.gouv.fr/search?q=robotique&per_page=25	json:results		France Company Register — Robotics	フランス企業登記 robotics	fr_corporate	corporate	fr	france,corporate,sirene,registry,robotique	86400	French legal units matching 'robotique' (robotics) from the state SIRENE-backed company search: SIREN, SIRET, NAF activity code, legal form, headcount band, officers and establishment addresses.	HTTP_ERR	Too Many Requests
fr-entreprises-intelligence-artificielle	https://recherche-entreprises.api.gouv.fr/search?q=intelligence%20artificielle&per_page=25	json:results		France Company Register — Artificial Intelligence	フランス企業登記 artificial intelligence	fr_corporate	corporate	fr	france,corporate,sirene,registry,intelligence-artificielle	86400	French legal units matching 'intelligence artificielle' (artificial intelligence) from the state SIRENE-backed company search: SIREN, SIRET, NAF activity code, legal form, headcount band, officers and establishment addresses.	HTTP_ERR	Too Many Requests
fr-entreprises-ingenierie	https://recherche-entreprises.api.gouv.fr/search?q=ingénierie&per_page=25	json:results		France Company Register — Engineering	フランス企業登記 engineering	fr_corporate	corporate	fr	france,corporate,sirene,registry,ingenierie	86400	French legal units matching 'ingénierie' (engineering) from the state SIRENE-backed company search: SIREN, SIRET, NAF activity code, legal form, headcount band, officers and establishment addresses.	HTTP_ERR	Too Many Requests
fr-entreprises-construction-navale	https://recherche-entreprises.api.gouv.fr/search?q=construction%20navale&per_page=25	json:results		France Company Register — Shipbuilding	フランス企業登記 shipbuilding	fr_corporate	corporate	fr	france,corporate,sirene,registry,construction-navale	86400	French legal units matching 'construction navale' (shipbuilding) from the state SIRENE-backed company search: SIREN, SIRET, NAF activity code, legal form, headcount band, officers and establishment addresses.	HTTP_ERR	Too Many Requests
fr-entreprises-ferroviaire	https://recherche-entreprises.api.gouv.fr/search?q=ferroviaire&per_page=25	json:results		France Company Register — Rail Industry	フランス企業登記 rail industry	fr_corporate	corporate	fr	france,corporate,sirene,registry,ferroviaire	86400	French legal units matching 'ferroviaire' (rail industry) from the state SIRENE-backed company search: SIREN, SIRET, NAF activity code, legal form, headcount band, officers and establishment addresses.	HTTP_ERR	Too Many Requests
fr-ods-montpellier-catalog	https://data.montpellier3m.fr/api/explore/v2.1/catalog/datasets?limit=100	json:results		Montpellier Méditerranée Métropole Open Data — Dataset Catalogue	モンペリエ都市圏 データセット目録	fr_opendata	registry	fr	france,opendata,opendatasoft,registry,montpellier	86400	Every dataset published by Montpellier Méditerranée Métropole Open Data, with field schemas, record counts, themes, licences and modification times.	HTTP_ERR	Not Found
fr-ods-montpellier-facets	https://data.montpellier3m.fr/api/explore/v2.1/catalog/facets	json:facets		Montpellier Méditerranée Métropole Open Data — Catalogue Facets	モンペリエ都市圏 ファセット	fr_opendata	government	fr	france,opendata,opendatasoft,facets,montpellier	86400	Theme, keyword, publisher and licence facet counts across Montpellier Méditerranée Métropole Open Data — a one-request map of the portal's subject coverage.	HTTP_ERR	Not Found
fr-ods-nouvelleaquitaine-catalog	https://opendata.nouvelle-aquitaine.fr/api/explore/v2.1/catalog/datasets?limit=100	json:results		Nouvelle-Aquitaine Region Open Data — Dataset Catalogue	ヌーヴェル＝アキテーヌ地域圏 データセット目録	fr_opendata	registry	fr	france,opendata,opendatasoft,registry,nouvelleaquitaine	86400	Every dataset published by Nouvelle-Aquitaine Region Open Data, with field schemas, record counts, themes, licences and modification times.	NET_ERR	[Errno -2] Name or service not known
fr-ods-nouvelleaquitaine-facets	https://opendata.nouvelle-aquitaine.fr/api/explore/v2.1/catalog/facets	json:facets		Nouvelle-Aquitaine Region Open Data — Catalogue Facets	ヌーヴェル＝アキテーヌ地域圏 ファセット	fr_opendata	government	fr	france,opendata,opendatasoft,facets,nouvelleaquitaine	86400	Theme, keyword, publisher and licence facet counts across Nouvelle-Aquitaine Region Open Data — a one-request map of the portal's subject coverage.	NET_ERR	[Errno -2] Name or service not known
fr-ods-regionsud-catalog	https://data.regionsud.fr/api/explore/v2.1/catalog/datasets?limit=100	json:results		Provence-Alpes-Côte d'Azur Region Open Data — Dataset Catalogue	プロヴァンス地域圏 データセット目録	fr_opendata	registry	fr	france,opendata,opendatasoft,registry,regionsud	86400	Every dataset published by Provence-Alpes-Côte d'Azur Region Open Data, with field schemas, record counts, themes, licences and modification times.	NET_ERR	[Errno -3] Temporary failure in name resolution
fr-ods-regionsud-facets	https://data.regionsud.fr/api/explore/v2.1/catalog/facets	json:facets		Provence-Alpes-Côte d'Azur Region Open Data — Catalogue Facets	プロヴァンス地域圏 ファセット	fr_opendata	government	fr	france,opendata,opendatasoft,facets,regionsud	86400	Theme, keyword, publisher and licence facet counts across Provence-Alpes-Côte d'Azur Region Open Data — a one-request map of the portal's subject coverage.	NET_ERR	[Errno -3] Temporary failure in name resolution
fr-ods-normandie-catalog	https://data.normandie.fr/api/explore/v2.1/catalog/datasets?limit=100	json:results		Normandy Region Open Data — Dataset Catalogue	ノルマンディー地域圏 データセット目録	fr_opendata	registry	fr	france,opendata,opendatasoft,registry,normandie	86400	Every dataset published by Normandy Region Open Data, with field schemas, record counts, themes, licences and modification times.	NET_ERR	[Errno -2] Name or service not known
fr-ods-normandie-facets	https://data.normandie.fr/api/explore/v2.1/catalog/facets	json:facets		Normandy Region Open Data — Catalogue Facets	ノルマンディー地域圏 ファセット	fr_opendata	government	fr	france,opendata,opendatasoft,facets,normandie	86400	Theme, keyword, publisher and licence facet counts across Normandy Region Open Data — a one-request map of the portal's subject coverage.	NET_ERR	[Errno -2] Name or service not known
fr-ods-grandest-catalog	https://data.grandest.fr/api/explore/v2.1/catalog/datasets?limit=100	json:results		Grand Est Region Open Data — Dataset Catalogue	グラン・テスト地域圏 データセット目録	fr_opendata	registry	fr	france,opendata,opendatasoft,registry,grandest	86400	Every dataset published by Grand Est Region Open Data, with field schemas, record counts, themes, licences and modification times.	HTTP_ERR	Not Found
fr-ods-grandest-facets	https://data.grandest.fr/api/explore/v2.1/catalog/facets	json:facets		Grand Est Region Open Data — Catalogue Facets	グラン・テスト地域圏 ファセット	fr_opendata	government	fr	france,opendata,opendatasoft,facets,grandest	86400	Theme, keyword, publisher and licence facet counts across Grand Est Region Open Data — a one-request map of the portal's subject coverage.	HTTP_ERR	Not Found
fr-ods-ademe-catalog	https://data.ademe.fr/api/explore/v2.1/catalog/datasets?limit=100	json:results		ADEME Ecological Transition Agency Open Data — Dataset Catalogue	ADEME 環境エネルギー庁 データセット目録	fr_opendata	registry	fr	france,opendata,opendatasoft,registry,ademe	86400	Every dataset published by ADEME Ecological Transition Agency Open Data, with field schemas, record counts, themes, licences and modification times.	HTTP_ERR	Not Found
fr-ods-ademe-facets	https://data.ademe.fr/api/explore/v2.1/catalog/facets	json:facets		ADEME Ecological Transition Agency Open Data — Catalogue Facets	ADEME 環境エネルギー庁 ファセット	fr_opendata	environment	fr	france,opendata,opendatasoft,facets,ademe	86400	Theme, keyword, publisher and licence facet counts across ADEME Ecological Transition Agency Open Data — a one-request map of the portal's subject coverage.	HTTP_ERR	Not Found
fr-ods-agriculture-catalog	https://data.agriculture.gouv.fr/api/explore/v2.1/catalog/datasets?limit=100	json:results		French Ministry of Agriculture Open Data — Dataset Catalogue	フランス農業省 データセット目録	fr_opendata	registry	fr	france,opendata,opendatasoft,registry,agriculture	86400	Every dataset published by French Ministry of Agriculture Open Data, with field schemas, record counts, themes, licences and modification times.	NET_ERR	timed out
fr-ods-agriculture-facets	https://data.agriculture.gouv.fr/api/explore/v2.1/catalog/facets	json:facets		French Ministry of Agriculture Open Data — Catalogue Facets	フランス農業省 ファセット	fr_opendata	agriculture	fr	france,opendata,opendatasoft,facets,agriculture	86400	Theme, keyword, publisher and licence facet counts across French Ministry of Agriculture Open Data — a one-request map of the portal's subject coverage.	NET_ERR	timed out
fr-ods-culture-catalog	https://data.culture.gouv.fr/api/explore/v2.1/catalog/datasets?limit=100	json:results		French Ministry of Culture Open Data — Dataset Catalogue	フランス文化省 データセット目録	fr_opendata	registry	fr	france,opendata,opendatasoft,registry,culture	86400	Every dataset published by French Ministry of Culture Open Data, with field schemas, record counts, themes, licences and modification times.	UNPARSEABLE	<!doctype html><html lang="fr"><head><meta charset="UTF-8"/><link rel="icon" hre
fr-ods-culture-facets	https://data.culture.gouv.fr/api/explore/v2.1/catalog/facets	json:facets		French Ministry of Culture Open Data — Catalogue Facets	フランス文化省 ファセット	fr_opendata	culture	fr	france,opendata,opendatasoft,facets,culture	86400	Theme, keyword, publisher and licence facet counts across French Ministry of Culture Open Data — a one-request map of the portal's subject coverage.	UNPARSEABLE	<!doctype html><html lang="fr"><head><meta charset="UTF-8"/><link rel="icon" hre
fr-ods-interieur-catalog	https://www.data.gouv.fr/api/explore/v2.1/catalog/datasets?limit=100	json:results		data.gouv.fr OpenDataSoft Mirror — Dataset Catalogue	data.gouv.fr ODSミラー データセット目録	fr_opendata	registry	fr	france,opendata,opendatasoft,registry,interieur	86400	Every dataset published by data.gouv.fr OpenDataSoft Mirror, with field schemas, record counts, themes, licences and modification times.	HTTP_ERR	NOT FOUND
fr-ods-interieur-facets	https://www.data.gouv.fr/api/explore/v2.1/catalog/facets	json:facets		data.gouv.fr OpenDataSoft Mirror — Catalogue Facets	data.gouv.fr ODSミラー ファセット	fr_opendata	government	fr	france,opendata,opendatasoft,facets,interieur	86400	Theme, keyword, publisher and licence facet counts across data.gouv.fr OpenDataSoft Mirror — a one-request map of the portal's subject coverage.	HTTP_ERR	NOT FOUND
fr-ods-enedis-catalog	https://data.enedis.fr/api/explore/v2.1/catalog/datasets?limit=100	json:results		Enedis Electricity Distribution Open Data — Dataset Catalogue	Enedis 配電データ データセット目録	fr_opendata	registry	fr	france,opendata,opendatasoft,registry,enedis	86400	Every dataset published by Enedis Electricity Distribution Open Data, with field schemas, record counts, themes, licences and modification times.	HTTP_ERR	Page not found: /datasets/explore/v2.1/catalog/datasets?limi
fr-ods-enedis-facets	https://data.enedis.fr/api/explore/v2.1/catalog/facets	json:facets		Enedis Electricity Distribution Open Data — Catalogue Facets	Enedis 配電データ ファセット	fr_opendata	energy	fr	france,opendata,opendatasoft,facets,enedis	86400	Theme, keyword, publisher and licence facet counts across Enedis Electricity Distribution Open Data — a one-request map of the portal's subject coverage.	HTTP_ERR	Page not found: /datasets/explore/v2.1/catalog/facets
fr-ods-cerema-catalog	https://datalab.cerema.fr/api/explore/v2.1/catalog/datasets?limit=100	json:results		Cerema Territorial Data — Dataset Catalogue	Cerema 国土データ データセット目録	fr_opendata	registry	fr	france,opendata,opendatasoft,registry,cerema	86400	Every dataset published by Cerema Territorial Data, with field schemas, record counts, themes, licences and modification times.	NET_ERR	[Errno -2] Name or service not known
fr-ods-cerema-facets	https://datalab.cerema.fr/api/explore/v2.1/catalog/facets	json:facets		Cerema Territorial Data — Catalogue Facets	Cerema 国土データ ファセット	fr_opendata	infrastructure	fr	france,opendata,opendatasoft,facets,cerema	86400	Theme, keyword, publisher and licence facet counts across Cerema Territorial Data — a one-request map of the portal's subject coverage.	NET_ERR	[Errno -2] Name or service not known
fr-schools-annuaire-01	https://data.education.gouv.fr/api/explore/v2.1/catalog/datasets/fr-en-annuaire-education/records?limit=100&refine=code_departement%3A%2201%22	json:results		France School Directory — Department 01	フランス学校名簿 01県	fr_education	education	fr	france,school,education,directory,01	604800	Every state and private school registered in French department 01: UAI identifier, name, type, level, address, coordinates, contact details and education authority.	EMPTY_RESULTSET	{"total_count": 0, "results": []}
fr-schools-annuaire-02	https://data.education.gouv.fr/api/explore/v2.1/catalog/datasets/fr-en-annuaire-education/records?limit=100&refine=code_departement%3A%2202%22	json:results		France School Directory — Department 02	フランス学校名簿 02県	fr_education	education	fr	france,school,education,directory,02	604800	Every state and private school registered in French department 02: UAI identifier, name, type, level, address, coordinates, contact details and education authority.	EMPTY_RESULTSET	{"total_count": 0, "results": []}
fr-schools-annuaire-03	https://data.education.gouv.fr/api/explore/v2.1/catalog/datasets/fr-en-annuaire-education/records?limit=100&refine=code_departement%3A%2203%22	json:results		France School Directory — Department 03	フランス学校名簿 03県	fr_education	education	fr	france,school,education,directory,03	604800	Every state and private school registered in French department 03: UAI identifier, name, type, level, address, coordinates, contact details and education authority.	EMPTY_RESULTSET	{"total_count": 0, "results": []}
fr-schools-annuaire-04	https://data.education.gouv.fr/api/explore/v2.1/catalog/datasets/fr-en-annuaire-education/records?limit=100&refine=code_departement%3A%2204%22	json:results		France School Directory — Department 04	フランス学校名簿 04県	fr_education	education	fr	france,school,education,directory,04	604800	Every state and private school registered in French department 04: UAI identifier, name, type, level, address, coordinates, contact details and education authority.	EMPTY_RESULTSET	{"total_count": 0, "results": []}
fr-schools-annuaire-05	https://data.education.gouv.fr/api/explore/v2.1/catalog/datasets/fr-en-annuaire-education/records?limit=100&refine=code_departement%3A%2205%22	json:results		France School Directory — Department 05	フランス学校名簿 05県	fr_education	education	fr	france,school,education,directory,05	604800	Every state and private school registered in French department 05: UAI identifier, name, type, level, address, coordinates, contact details and education authority.	EMPTY_RESULTSET	{"total_count": 0, "results": []}
fr-schools-annuaire-06	https://data.education.gouv.fr/api/explore/v2.1/catalog/datasets/fr-en-annuaire-education/records?limit=100&refine=code_departement%3A%2206%22	json:results		France School Directory — Department 06	フランス学校名簿 06県	fr_education	education	fr	france,school,education,directory,06	604800	Every state and private school registered in French department 06: UAI identifier, name, type, level, address, coordinates, contact details and education authority.	EMPTY_RESULTSET	{"total_count": 0, "results": []}
fr-schools-annuaire-07	https://data.education.gouv.fr/api/explore/v2.1/catalog/datasets/fr-en-annuaire-education/records?limit=100&refine=code_departement%3A%2207%22	json:results		France School Directory — Department 07	フランス学校名簿 07県	fr_education	education	fr	france,school,education,directory,07	604800	Every state and private school registered in French department 07: UAI identifier, name, type, level, address, coordinates, contact details and education authority.	EMPTY_RESULTSET	{"total_count": 0, "results": []}
fr-schools-annuaire-08	https://data.education.gouv.fr/api/explore/v2.1/catalog/datasets/fr-en-annuaire-education/records?limit=100&refine=code_departement%3A%2208%22	json:results		France School Directory — Department 08	フランス学校名簿 08県	fr_education	education	fr	france,school,education,directory,08	604800	Every state and private school registered in French department 08: UAI identifier, name, type, level, address, coordinates, contact details and education authority.	EMPTY_RESULTSET	{"total_count": 0, "results": []}
fr-schools-annuaire-09	https://data.education.gouv.fr/api/explore/v2.1/catalog/datasets/fr-en-annuaire-education/records?limit=100&refine=code_departement%3A%2209%22	json:results		France School Directory — Department 09	フランス学校名簿 09県	fr_education	education	fr	france,school,education,directory,09	604800	Every state and private school registered in French department 09: UAI identifier, name, type, level, address, coordinates, contact details and education authority.	EMPTY_RESULTSET	{"total_count": 0, "results": []}
fr-schools-annuaire-10	https://data.education.gouv.fr/api/explore/v2.1/catalog/datasets/fr-en-annuaire-education/records?limit=100&refine=code_departement%3A%2210%22	json:results		France School Directory — Department 10	フランス学校名簿 10県	fr_education	education	fr	france,school,education,directory,10	604800	Every state and private school registered in French department 10: UAI identifier, name, type, level, address, coordinates, contact details and education authority.	EMPTY_RESULTSET	{"total_count": 0, "results": []}
fr-schools-annuaire-11	https://data.education.gouv.fr/api/explore/v2.1/catalog/datasets/fr-en-annuaire-education/records?limit=100&refine=code_departement%3A%2211%22	json:results		France School Directory — Department 11	フランス学校名簿 11県	fr_education	education	fr	france,school,education,directory,11	604800	Every state and private school registered in French department 11: UAI identifier, name, type, level, address, coordinates, contact details and education authority.	EMPTY_RESULTSET	{"total_count": 0, "results": []}
fr-schools-annuaire-12	https://data.education.gouv.fr/api/explore/v2.1/catalog/datasets/fr-en-annuaire-education/records?limit=100&refine=code_departement%3A%2212%22	json:results		France School Directory — Department 12	フランス学校名簿 12県	fr_education	education	fr	france,school,education,directory,12	604800	Every state and private school registered in French department 12: UAI identifier, name, type, level, address, coordinates, contact details and education authority.	EMPTY_RESULTSET	{"total_count": 0, "results": []}
fr-schools-annuaire-13	https://data.education.gouv.fr/api/explore/v2.1/catalog/datasets/fr-en-annuaire-education/records?limit=100&refine=code_departement%3A%2213%22	json:results		France School Directory — Department 13	フランス学校名簿 13県	fr_education	education	fr	france,school,education,directory,13	604800	Every state and private school registered in French department 13: UAI identifier, name, type, level, address, coordinates, contact details and education authority.	EMPTY_RESULTSET	{"total_count": 0, "results": []}
fr-schools-annuaire-14	https://data.education.gouv.fr/api/explore/v2.1/catalog/datasets/fr-en-annuaire-education/records?limit=100&refine=code_departement%3A%2214%22	json:results		France School Directory — Department 14	フランス学校名簿 14県	fr_education	education	fr	france,school,education,directory,14	604800	Every state and private school registered in French department 14: UAI identifier, name, type, level, address, coordinates, contact details and education authority.	EMPTY_RESULTSET	{"total_count": 0, "results": []}
fr-schools-annuaire-15	https://data.education.gouv.fr/api/explore/v2.1/catalog/datasets/fr-en-annuaire-education/records?limit=100&refine=code_departement%3A%2215%22	json:results		France School Directory — Department 15	フランス学校名簿 15県	fr_education	education	fr	france,school,education,directory,15	604800	Every state and private school registered in French department 15: UAI identifier, name, type, level, address, coordinates, contact details and education authority.	EMPTY_RESULTSET	{"total_count": 0, "results": []}
fr-schools-annuaire-16	https://data.education.gouv.fr/api/explore/v2.1/catalog/datasets/fr-en-annuaire-education/records?limit=100&refine=code_departement%3A%2216%22	json:results		France School Directory — Department 16	フランス学校名簿 16県	fr_education	education	fr	france,school,education,directory,16	604800	Every state and private school registered in French department 16: UAI identifier, name, type, level, address, coordinates, contact details and education authority.	EMPTY_RESULTSET	{"total_count": 0, "results": []}
fr-schools-annuaire-17	https://data.education.gouv.fr/api/explore/v2.1/catalog/datasets/fr-en-annuaire-education/records?limit=100&refine=code_departement%3A%2217%22	json:results		France School Directory — Department 17	フランス学校名簿 17県	fr_education	education	fr	france,school,education,directory,17	604800	Every state and private school registered in French department 17: UAI identifier, name, type, level, address, coordinates, contact details and education authority.	EMPTY_RESULTSET	{"total_count": 0, "results": []}
fr-schools-annuaire-18	https://data.education.gouv.fr/api/explore/v2.1/catalog/datasets/fr-en-annuaire-education/records?limit=100&refine=code_departement%3A%2218%22	json:results		France School Directory — Department 18	フランス学校名簿 18県	fr_education	education	fr	france,school,education,directory,18	604800	Every state and private school registered in French department 18: UAI identifier, name, type, level, address, coordinates, contact details and education authority.	EMPTY_RESULTSET	{"total_count": 0, "results": []}
fr-schools-annuaire-19	https://data.education.gouv.fr/api/explore/v2.1/catalog/datasets/fr-en-annuaire-education/records?limit=100&refine=code_departement%3A%2219%22	json:results		France School Directory — Department 19	フランス学校名簿 19県	fr_education	education	fr	france,school,education,directory,19	604800	Every state and private school registered in French department 19: UAI identifier, name, type, level, address, coordinates, contact details and education authority.	EMPTY_RESULTSET	{"total_count": 0, "results": []}
fr-schools-annuaire-2a	https://data.education.gouv.fr/api/explore/v2.1/catalog/datasets/fr-en-annuaire-education/records?limit=100&refine=code_departement%3A%222A%22	json:results		France School Directory — Department 2A	フランス学校名簿 2A県	fr_education	education	fr	france,school,education,directory,2A	604800	Every state and private school registered in French department 2A: UAI identifier, name, type, level, address, coordinates, contact details and education authority.	EMPTY_RESULTSET	{"total_count": 0, "results": []}
fr-schools-annuaire-2b	https://data.education.gouv.fr/api/explore/v2.1/catalog/datasets/fr-en-annuaire-education/records?limit=100&refine=code_departement%3A%222B%22	json:results		France School Directory — Department 2B	フランス学校名簿 2B県	fr_education	education	fr	france,school,education,directory,2B	604800	Every state and private school registered in French department 2B: UAI identifier, name, type, level, address, coordinates, contact details and education authority.	EMPTY_RESULTSET	{"total_count": 0, "results": []}
fr-schools-annuaire-21	https://data.education.gouv.fr/api/explore/v2.1/catalog/datasets/fr-en-annuaire-education/records?limit=100&refine=code_departement%3A%2221%22	json:results		France School Directory — Department 21	フランス学校名簿 21県	fr_education	education	fr	france,school,education,directory,21	604800	Every state and private school registered in French department 21: UAI identifier, name, type, level, address, coordinates, contact details and education authority.	EMPTY_RESULTSET	{"total_count": 0, "results": []}
fr-schools-annuaire-22	https://data.education.gouv.fr/api/explore/v2.1/catalog/datasets/fr-en-annuaire-education/records?limit=100&refine=code_departement%3A%2222%22	json:results		France School Directory — Department 22	フランス学校名簿 22県	fr_education	education	fr	france,school,education,directory,22	604800	Every state and private school registered in French department 22: UAI identifier, name, type, level, address, coordinates, contact details and education authority.	EMPTY_RESULTSET	{"total_count": 0, "results": []}
fr-schools-annuaire-23	https://data.education.gouv.fr/api/explore/v2.1/catalog/datasets/fr-en-annuaire-education/records?limit=100&refine=code_departement%3A%2223%22	json:results		France School Directory — Department 23	フランス学校名簿 23県	fr_education	education	fr	france,school,education,directory,23	604800	Every state and private school registered in French department 23: UAI identifier, name, type, level, address, coordinates, contact details and education authority.	EMPTY_RESULTSET	{"total_count": 0, "results": []}
fr-schools-annuaire-24	https://data.education.gouv.fr/api/explore/v2.1/catalog/datasets/fr-en-annuaire-education/records?limit=100&refine=code_departement%3A%2224%22	json:results		France School Directory — Department 24	フランス学校名簿 24県	fr_education	education	fr	france,school,education,directory,24	604800	Every state and private school registered in French department 24: UAI identifier, name, type, level, address, coordinates, contact details and education authority.	EMPTY_RESULTSET	{"total_count": 0, "results": []}
fr-schools-annuaire-25	https://data.education.gouv.fr/api/explore/v2.1/catalog/datasets/fr-en-annuaire-education/records?limit=100&refine=code_departement%3A%2225%22	json:results		France School Directory — Department 25	フランス学校名簿 25県	fr_education	education	fr	france,school,education,directory,25	604800	Every state and private school registered in French department 25: UAI identifier, name, type, level, address, coordinates, contact details and education authority.	EMPTY_RESULTSET	{"total_count": 0, "results": []}
fr-schools-annuaire-26	https://data.education.gouv.fr/api/explore/v2.1/catalog/datasets/fr-en-annuaire-education/records?limit=100&refine=code_departement%3A%2226%22	json:results		France School Directory — Department 26	フランス学校名簿 26県	fr_education	education	fr	france,school,education,directory,26	604800	Every state and private school registered in French department 26: UAI identifier, name, type, level, address, coordinates, contact details and education authority.	EMPTY_RESULTSET	{"total_count": 0, "results": []}
fr-schools-annuaire-27	https://data.education.gouv.fr/api/explore/v2.1/catalog/datasets/fr-en-annuaire-education/records?limit=100&refine=code_departement%3A%2227%22	json:results		France School Directory — Department 27	フランス学校名簿 27県	fr_education	education	fr	france,school,education,directory,27	604800	Every state and private school registered in French department 27: UAI identifier, name, type, level, address, coordinates, contact details and education authority.	EMPTY_RESULTSET	{"total_count": 0, "results": []}
fr-schools-annuaire-28	https://data.education.gouv.fr/api/explore/v2.1/catalog/datasets/fr-en-annuaire-education/records?limit=100&refine=code_departement%3A%2228%22	json:results		France School Directory — Department 28	フランス学校名簿 28県	fr_education	education	fr	france,school,education,directory,28	604800	Every state and private school registered in French department 28: UAI identifier, name, type, level, address, coordinates, contact details and education authority.	EMPTY_RESULTSET	{"total_count": 0, "results": []}
fr-schools-annuaire-29	https://data.education.gouv.fr/api/explore/v2.1/catalog/datasets/fr-en-annuaire-education/records?limit=100&refine=code_departement%3A%2229%22	json:results		France School Directory — Department 29	フランス学校名簿 29県	fr_education	education	fr	france,school,education,directory,29	604800	Every state and private school registered in French department 29: UAI identifier, name, type, level, address, coordinates, contact details and education authority.	EMPTY_RESULTSET	{"total_count": 0, "results": []}
fr-schools-annuaire-30	https://data.education.gouv.fr/api/explore/v2.1/catalog/datasets/fr-en-annuaire-education/records?limit=100&refine=code_departement%3A%2230%22	json:results		France School Directory — Department 30	フランス学校名簿 30県	fr_education	education	fr	france,school,education,directory,30	604800	Every state and private school registered in French department 30: UAI identifier, name, type, level, address, coordinates, contact details and education authority.	EMPTY_RESULTSET	{"total_count": 0, "results": []}
fr-schools-annuaire-31	https://data.education.gouv.fr/api/explore/v2.1/catalog/datasets/fr-en-annuaire-education/records?limit=100&refine=code_departement%3A%2231%22	json:results		France School Directory — Department 31	フランス学校名簿 31県	fr_education	education	fr	france,school,education,directory,31	604800	Every state and private school registered in French department 31: UAI identifier, name, type, level, address, coordinates, contact details and education authority.	EMPTY_RESULTSET	{"total_count": 0, "results": []}
fr-schools-annuaire-32	https://data.education.gouv.fr/api/explore/v2.1/catalog/datasets/fr-en-annuaire-education/records?limit=100&refine=code_departement%3A%2232%22	json:results		France School Directory — Department 32	フランス学校名簿 32県	fr_education	education	fr	france,school,education,directory,32	604800	Every state and private school registered in French department 32: UAI identifier, name, type, level, address, coordinates, contact details and education authority.	EMPTY_RESULTSET	{"total_count": 0, "results": []}
fr-schools-annuaire-33	https://data.education.gouv.fr/api/explore/v2.1/catalog/datasets/fr-en-annuaire-education/records?limit=100&refine=code_departement%3A%2233%22	json:results		France School Directory — Department 33	フランス学校名簿 33県	fr_education	education	fr	france,school,education,directory,33	604800	Every state and private school registered in French department 33: UAI identifier, name, type, level, address, coordinates, contact details and education authority.	EMPTY_RESULTSET	{"total_count": 0, "results": []}
fr-schools-annuaire-34	https://data.education.gouv.fr/api/explore/v2.1/catalog/datasets/fr-en-annuaire-education/records?limit=100&refine=code_departement%3A%2234%22	json:results		France School Directory — Department 34	フランス学校名簿 34県	fr_education	education	fr	france,school,education,directory,34	604800	Every state and private school registered in French department 34: UAI identifier, name, type, level, address, coordinates, contact details and education authority.	EMPTY_RESULTSET	{"total_count": 0, "results": []}
fr-schools-annuaire-35	https://data.education.gouv.fr/api/explore/v2.1/catalog/datasets/fr-en-annuaire-education/records?limit=100&refine=code_departement%3A%2235%22	json:results		France School Directory — Department 35	フランス学校名簿 35県	fr_education	education	fr	france,school,education,directory,35	604800	Every state and private school registered in French department 35: UAI identifier, name, type, level, address, coordinates, contact details and education authority.	EMPTY_RESULTSET	{"total_count": 0, "results": []}
fr-schools-annuaire-36	https://data.education.gouv.fr/api/explore/v2.1/catalog/datasets/fr-en-annuaire-education/records?limit=100&refine=code_departement%3A%2236%22	json:results		France School Directory — Department 36	フランス学校名簿 36県	fr_education	education	fr	france,school,education,directory,36	604800	Every state and private school registered in French department 36: UAI identifier, name, type, level, address, coordinates, contact details and education authority.	EMPTY_RESULTSET	{"total_count": 0, "results": []}
fr-schools-annuaire-37	https://data.education.gouv.fr/api/explore/v2.1/catalog/datasets/fr-en-annuaire-education/records?limit=100&refine=code_departement%3A%2237%22	json:results		France School Directory — Department 37	フランス学校名簿 37県	fr_education	education	fr	france,school,education,directory,37	604800	Every state and private school registered in French department 37: UAI identifier, name, type, level, address, coordinates, contact details and education authority.	EMPTY_RESULTSET	{"total_count": 0, "results": []}
fr-schools-annuaire-38	https://data.education.gouv.fr/api/explore/v2.1/catalog/datasets/fr-en-annuaire-education/records?limit=100&refine=code_departement%3A%2238%22	json:results		France School Directory — Department 38	フランス学校名簿 38県	fr_education	education	fr	france,school,education,directory,38	604800	Every state and private school registered in French department 38: UAI identifier, name, type, level, address, coordinates, contact details and education authority.	EMPTY_RESULTSET	{"total_count": 0, "results": []}
fr-schools-annuaire-39	https://data.education.gouv.fr/api/explore/v2.1/catalog/datasets/fr-en-annuaire-education/records?limit=100&refine=code_departement%3A%2239%22	json:results		France School Directory — Department 39	フランス学校名簿 39県	fr_education	education	fr	france,school,education,directory,39	604800	Every state and private school registered in French department 39: UAI identifier, name, type, level, address, coordinates, contact details and education authority.	EMPTY_RESULTSET	{"total_count": 0, "results": []}
fr-schools-annuaire-40	https://data.education.gouv.fr/api/explore/v2.1/catalog/datasets/fr-en-annuaire-education/records?limit=100&refine=code_departement%3A%2240%22	json:results		France School Directory — Department 40	フランス学校名簿 40県	fr_education	education	fr	france,school,education,directory,40	604800	Every state and private school registered in French department 40: UAI identifier, name, type, level, address, coordinates, contact details and education authority.	EMPTY_RESULTSET	{"total_count": 0, "results": []}
fr-schools-annuaire-41	https://data.education.gouv.fr/api/explore/v2.1/catalog/datasets/fr-en-annuaire-education/records?limit=100&refine=code_departement%3A%2241%22	json:results		France School Directory — Department 41	フランス学校名簿 41県	fr_education	education	fr	france,school,education,directory,41	604800	Every state and private school registered in French department 41: UAI identifier, name, type, level, address, coordinates, contact details and education authority.	EMPTY_RESULTSET	{"total_count": 0, "results": []}
fr-schools-annuaire-42	https://data.education.gouv.fr/api/explore/v2.1/catalog/datasets/fr-en-annuaire-education/records?limit=100&refine=code_departement%3A%2242%22	json:results		France School Directory — Department 42	フランス学校名簿 42県	fr_education	education	fr	france,school,education,directory,42	604800	Every state and private school registered in French department 42: UAI identifier, name, type, level, address, coordinates, contact details and education authority.	EMPTY_RESULTSET	{"total_count": 0, "results": []}
fr-schools-annuaire-43	https://data.education.gouv.fr/api/explore/v2.1/catalog/datasets/fr-en-annuaire-education/records?limit=100&refine=code_departement%3A%2243%22	json:results		France School Directory — Department 43	フランス学校名簿 43県	fr_education	education	fr	france,school,education,directory,43	604800	Every state and private school registered in French department 43: UAI identifier, name, type, level, address, coordinates, contact details and education authority.	EMPTY_RESULTSET	{"total_count": 0, "results": []}
fr-schools-annuaire-44	https://data.education.gouv.fr/api/explore/v2.1/catalog/datasets/fr-en-annuaire-education/records?limit=100&refine=code_departement%3A%2244%22	json:results		France School Directory — Department 44	フランス学校名簿 44県	fr_education	education	fr	france,school,education,directory,44	604800	Every state and private school registered in French department 44: UAI identifier, name, type, level, address, coordinates, contact details and education authority.	EMPTY_RESULTSET	{"total_count": 0, "results": []}
fr-schools-annuaire-45	https://data.education.gouv.fr/api/explore/v2.1/catalog/datasets/fr-en-annuaire-education/records?limit=100&refine=code_departement%3A%2245%22	json:results		France School Directory — Department 45	フランス学校名簿 45県	fr_education	education	fr	france,school,education,directory,45	604800	Every state and private school registered in French department 45: UAI identifier, name, type, level, address, coordinates, contact details and education authority.	EMPTY_RESULTSET	{"total_count": 0, "results": []}
fr-schools-annuaire-46	https://data.education.gouv.fr/api/explore/v2.1/catalog/datasets/fr-en-annuaire-education/records?limit=100&refine=code_departement%3A%2246%22	json:results		France School Directory — Department 46	フランス学校名簿 46県	fr_education	education	fr	france,school,education,directory,46	604800	Every state and private school registered in French department 46: UAI identifier, name, type, level, address, coordinates, contact details and education authority.	EMPTY_RESULTSET	{"total_count": 0, "results": []}
fr-schools-annuaire-47	https://data.education.gouv.fr/api/explore/v2.1/catalog/datasets/fr-en-annuaire-education/records?limit=100&refine=code_departement%3A%2247%22	json:results		France School Directory — Department 47	フランス学校名簿 47県	fr_education	education	fr	france,school,education,directory,47	604800	Every state and private school registered in French department 47: UAI identifier, name, type, level, address, coordinates, contact details and education authority.	EMPTY_RESULTSET	{"total_count": 0, "results": []}
fr-schools-annuaire-48	https://data.education.gouv.fr/api/explore/v2.1/catalog/datasets/fr-en-annuaire-education/records?limit=100&refine=code_departement%3A%2248%22	json:results		France School Directory — Department 48	フランス学校名簿 48県	fr_education	education	fr	france,school,education,directory,48	604800	Every state and private school registered in French department 48: UAI identifier, name, type, level, address, coordinates, contact details and education authority.	EMPTY_RESULTSET	{"total_count": 0, "results": []}
fr-schools-annuaire-49	https://data.education.gouv.fr/api/explore/v2.1/catalog/datasets/fr-en-annuaire-education/records?limit=100&refine=code_departement%3A%2249%22	json:results		France School Directory — Department 49	フランス学校名簿 49県	fr_education	education	fr	france,school,education,directory,49	604800	Every state and private school registered in French department 49: UAI identifier, name, type, level, address, coordinates, contact details and education authority.	EMPTY_RESULTSET	{"total_count": 0, "results": []}
fr-schools-annuaire-50	https://data.education.gouv.fr/api/explore/v2.1/catalog/datasets/fr-en-annuaire-education/records?limit=100&refine=code_departement%3A%2250%22	json:results		France School Directory — Department 50	フランス学校名簿 50県	fr_education	education	fr	france,school,education,directory,50	604800	Every state and private school registered in French department 50: UAI identifier, name, type, level, address, coordinates, contact details and education authority.	EMPTY_RESULTSET	{"total_count": 0, "results": []}
fr-schools-annuaire-51	https://data.education.gouv.fr/api/explore/v2.1/catalog/datasets/fr-en-annuaire-education/records?limit=100&refine=code_departement%3A%2251%22	json:results		France School Directory — Department 51	フランス学校名簿 51県	fr_education	education	fr	france,school,education,directory,51	604800	Every state and private school registered in French department 51: UAI identifier, name, type, level, address, coordinates, contact details and education authority.	EMPTY_RESULTSET	{"total_count": 0, "results": []}
fr-schools-annuaire-52	https://data.education.gouv.fr/api/explore/v2.1/catalog/datasets/fr-en-annuaire-education/records?limit=100&refine=code_departement%3A%2252%22	json:results		France School Directory — Department 52	フランス学校名簿 52県	fr_education	education	fr	france,school,education,directory,52	604800	Every state and private school registered in French department 52: UAI identifier, name, type, level, address, coordinates, contact details and education authority.	EMPTY_RESULTSET	{"total_count": 0, "results": []}
fr-schools-annuaire-53	https://data.education.gouv.fr/api/explore/v2.1/catalog/datasets/fr-en-annuaire-education/records?limit=100&refine=code_departement%3A%2253%22	json:results		France School Directory — Department 53	フランス学校名簿 53県	fr_education	education	fr	france,school,education,directory,53	604800	Every state and private school registered in French department 53: UAI identifier, name, type, level, address, coordinates, contact details and education authority.	EMPTY_RESULTSET	{"total_count": 0, "results": []}
fr-schools-annuaire-54	https://data.education.gouv.fr/api/explore/v2.1/catalog/datasets/fr-en-annuaire-education/records?limit=100&refine=code_departement%3A%2254%22	json:results		France School Directory — Department 54	フランス学校名簿 54県	fr_education	education	fr	france,school,education,directory,54	604800	Every state and private school registered in French department 54: UAI identifier, name, type, level, address, coordinates, contact details and education authority.	EMPTY_RESULTSET	{"total_count": 0, "results": []}
fr-schools-annuaire-55	https://data.education.gouv.fr/api/explore/v2.1/catalog/datasets/fr-en-annuaire-education/records?limit=100&refine=code_departement%3A%2255%22	json:results		France School Directory — Department 55	フランス学校名簿 55県	fr_education	education	fr	france,school,education,directory,55	604800	Every state and private school registered in French department 55: UAI identifier, name, type, level, address, coordinates, contact details and education authority.	EMPTY_RESULTSET	{"total_count": 0, "results": []}
fr-schools-annuaire-56	https://data.education.gouv.fr/api/explore/v2.1/catalog/datasets/fr-en-annuaire-education/records?limit=100&refine=code_departement%3A%2256%22	json:results		France School Directory — Department 56	フランス学校名簿 56県	fr_education	education	fr	france,school,education,directory,56	604800	Every state and private school registered in French department 56: UAI identifier, name, type, level, address, coordinates, contact details and education authority.	EMPTY_RESULTSET	{"total_count": 0, "results": []}
fr-schools-annuaire-57	https://data.education.gouv.fr/api/explore/v2.1/catalog/datasets/fr-en-annuaire-education/records?limit=100&refine=code_departement%3A%2257%22	json:results		France School Directory — Department 57	フランス学校名簿 57県	fr_education	education	fr	france,school,education,directory,57	604800	Every state and private school registered in French department 57: UAI identifier, name, type, level, address, coordinates, contact details and education authority.	EMPTY_RESULTSET	{"total_count": 0, "results": []}
fr-schools-annuaire-58	https://data.education.gouv.fr/api/explore/v2.1/catalog/datasets/fr-en-annuaire-education/records?limit=100&refine=code_departement%3A%2258%22	json:results		France School Directory — Department 58	フランス学校名簿 58県	fr_education	education	fr	france,school,education,directory,58	604800	Every state and private school registered in French department 58: UAI identifier, name, type, level, address, coordinates, contact details and education authority.	EMPTY_RESULTSET	{"total_count": 0, "results": []}
fr-schools-annuaire-59	https://data.education.gouv.fr/api/explore/v2.1/catalog/datasets/fr-en-annuaire-education/records?limit=100&refine=code_departement%3A%2259%22	json:results		France School Directory — Department 59	フランス学校名簿 59県	fr_education	education	fr	france,school,education,directory,59	604800	Every state and private school registered in French department 59: UAI identifier, name, type, level, address, coordinates, contact details and education authority.	EMPTY_RESULTSET	{"total_count": 0, "results": []}
fr-schools-annuaire-60	https://data.education.gouv.fr/api/explore/v2.1/catalog/datasets/fr-en-annuaire-education/records?limit=100&refine=code_departement%3A%2260%22	json:results		France School Directory — Department 60	フランス学校名簿 60県	fr_education	education	fr	france,school,education,directory,60	604800	Every state and private school registered in French department 60: UAI identifier, name, type, level, address, coordinates, contact details and education authority.	EMPTY_RESULTSET	{"total_count": 0, "results": []}
fr-schools-annuaire-61	https://data.education.gouv.fr/api/explore/v2.1/catalog/datasets/fr-en-annuaire-education/records?limit=100&refine=code_departement%3A%2261%22	json:results		France School Directory — Department 61	フランス学校名簿 61県	fr_education	education	fr	france,school,education,directory,61	604800	Every state and private school registered in French department 61: UAI identifier, name, type, level, address, coordinates, contact details and education authority.	EMPTY_RESULTSET	{"total_count": 0, "results": []}
fr-schools-annuaire-62	https://data.education.gouv.fr/api/explore/v2.1/catalog/datasets/fr-en-annuaire-education/records?limit=100&refine=code_departement%3A%2262%22	json:results		France School Directory — Department 62	フランス学校名簿 62県	fr_education	education	fr	france,school,education,directory,62	604800	Every state and private school registered in French department 62: UAI identifier, name, type, level, address, coordinates, contact details and education authority.	EMPTY_RESULTSET	{"total_count": 0, "results": []}
fr-schools-annuaire-63	https://data.education.gouv.fr/api/explore/v2.1/catalog/datasets/fr-en-annuaire-education/records?limit=100&refine=code_departement%3A%2263%22	json:results		France School Directory — Department 63	フランス学校名簿 63県	fr_education	education	fr	france,school,education,directory,63	604800	Every state and private school registered in French department 63: UAI identifier, name, type, level, address, coordinates, contact details and education authority.	EMPTY_RESULTSET	{"total_count": 0, "results": []}
fr-schools-annuaire-64	https://data.education.gouv.fr/api/explore/v2.1/catalog/datasets/fr-en-annuaire-education/records?limit=100&refine=code_departement%3A%2264%22	json:results		France School Directory — Department 64	フランス学校名簿 64県	fr_education	education	fr	france,school,education,directory,64	604800	Every state and private school registered in French department 64: UAI identifier, name, type, level, address, coordinates, contact details and education authority.	EMPTY_RESULTSET	{"total_count": 0, "results": []}
fr-schools-annuaire-65	https://data.education.gouv.fr/api/explore/v2.1/catalog/datasets/fr-en-annuaire-education/records?limit=100&refine=code_departement%3A%2265%22	json:results		France School Directory — Department 65	フランス学校名簿 65県	fr_education	education	fr	france,school,education,directory,65	604800	Every state and private school registered in French department 65: UAI identifier, name, type, level, address, coordinates, contact details and education authority.	EMPTY_RESULTSET	{"total_count": 0, "results": []}
fr-schools-annuaire-66	https://data.education.gouv.fr/api/explore/v2.1/catalog/datasets/fr-en-annuaire-education/records?limit=100&refine=code_departement%3A%2266%22	json:results		France School Directory — Department 66	フランス学校名簿 66県	fr_education	education	fr	france,school,education,directory,66	604800	Every state and private school registered in French department 66: UAI identifier, name, type, level, address, coordinates, contact details and education authority.	EMPTY_RESULTSET	{"total_count": 0, "results": []}
fr-schools-annuaire-67	https://data.education.gouv.fr/api/explore/v2.1/catalog/datasets/fr-en-annuaire-education/records?limit=100&refine=code_departement%3A%2267%22	json:results		France School Directory — Department 67	フランス学校名簿 67県	fr_education	education	fr	france,school,education,directory,67	604800	Every state and private school registered in French department 67: UAI identifier, name, type, level, address, coordinates, contact details and education authority.	EMPTY_RESULTSET	{"total_count": 0, "results": []}
fr-schools-annuaire-68	https://data.education.gouv.fr/api/explore/v2.1/catalog/datasets/fr-en-annuaire-education/records?limit=100&refine=code_departement%3A%2268%22	json:results		France School Directory — Department 68	フランス学校名簿 68県	fr_education	education	fr	france,school,education,directory,68	604800	Every state and private school registered in French department 68: UAI identifier, name, type, level, address, coordinates, contact details and education authority.	EMPTY_RESULTSET	{"total_count": 0, "results": []}
fr-schools-annuaire-69	https://data.education.gouv.fr/api/explore/v2.1/catalog/datasets/fr-en-annuaire-education/records?limit=100&refine=code_departement%3A%2269%22	json:results		France School Directory — Department 69	フランス学校名簿 69県	fr_education	education	fr	france,school,education,directory,69	604800	Every state and private school registered in French department 69: UAI identifier, name, type, level, address, coordinates, contact details and education authority.	EMPTY_RESULTSET	{"total_count": 0, "results": []}
fr-schools-annuaire-70	https://data.education.gouv.fr/api/explore/v2.1/catalog/datasets/fr-en-annuaire-education/records?limit=100&refine=code_departement%3A%2270%22	json:results		France School Directory — Department 70	フランス学校名簿 70県	fr_education	education	fr	france,school,education,directory,70	604800	Every state and private school registered in French department 70: UAI identifier, name, type, level, address, coordinates, contact details and education authority.	EMPTY_RESULTSET	{"total_count": 0, "results": []}
fr-schools-annuaire-71	https://data.education.gouv.fr/api/explore/v2.1/catalog/datasets/fr-en-annuaire-education/records?limit=100&refine=code_departement%3A%2271%22	json:results		France School Directory — Department 71	フランス学校名簿 71県	fr_education	education	fr	france,school,education,directory,71	604800	Every state and private school registered in French department 71: UAI identifier, name, type, level, address, coordinates, contact details and education authority.	EMPTY_RESULTSET	{"total_count": 0, "results": []}
fr-schools-annuaire-72	https://data.education.gouv.fr/api/explore/v2.1/catalog/datasets/fr-en-annuaire-education/records?limit=100&refine=code_departement%3A%2272%22	json:results		France School Directory — Department 72	フランス学校名簿 72県	fr_education	education	fr	france,school,education,directory,72	604800	Every state and private school registered in French department 72: UAI identifier, name, type, level, address, coordinates, contact details and education authority.	EMPTY_RESULTSET	{"total_count": 0, "results": []}
fr-schools-annuaire-73	https://data.education.gouv.fr/api/explore/v2.1/catalog/datasets/fr-en-annuaire-education/records?limit=100&refine=code_departement%3A%2273%22	json:results		France School Directory — Department 73	フランス学校名簿 73県	fr_education	education	fr	france,school,education,directory,73	604800	Every state and private school registered in French department 73: UAI identifier, name, type, level, address, coordinates, contact details and education authority.	EMPTY_RESULTSET	{"total_count": 0, "results": []}
fr-schools-annuaire-74	https://data.education.gouv.fr/api/explore/v2.1/catalog/datasets/fr-en-annuaire-education/records?limit=100&refine=code_departement%3A%2274%22	json:results		France School Directory — Department 74	フランス学校名簿 74県	fr_education	education	fr	france,school,education,directory,74	604800	Every state and private school registered in French department 74: UAI identifier, name, type, level, address, coordinates, contact details and education authority.	EMPTY_RESULTSET	{"total_count": 0, "results": []}
fr-schools-annuaire-75	https://data.education.gouv.fr/api/explore/v2.1/catalog/datasets/fr-en-annuaire-education/records?limit=100&refine=code_departement%3A%2275%22	json:results		France School Directory — Department 75	フランス学校名簿 75県	fr_education	education	fr	france,school,education,directory,75	604800	Every state and private school registered in French department 75: UAI identifier, name, type, level, address, coordinates, contact details and education authority.	EMPTY_RESULTSET	{"total_count": 0, "results": []}
fr-schools-annuaire-76	https://data.education.gouv.fr/api/explore/v2.1/catalog/datasets/fr-en-annuaire-education/records?limit=100&refine=code_departement%3A%2276%22	json:results		France School Directory — Department 76	フランス学校名簿 76県	fr_education	education	fr	france,school,education,directory,76	604800	Every state and private school registered in French department 76: UAI identifier, name, type, level, address, coordinates, contact details and education authority.	EMPTY_RESULTSET	{"total_count": 0, "results": []}
fr-schools-annuaire-77	https://data.education.gouv.fr/api/explore/v2.1/catalog/datasets/fr-en-annuaire-education/records?limit=100&refine=code_departement%3A%2277%22	json:results		France School Directory — Department 77	フランス学校名簿 77県	fr_education	education	fr	france,school,education,directory,77	604800	Every state and private school registered in French department 77: UAI identifier, name, type, level, address, coordinates, contact details and education authority.	EMPTY_RESULTSET	{"total_count": 0, "results": []}
fr-schools-annuaire-78	https://data.education.gouv.fr/api/explore/v2.1/catalog/datasets/fr-en-annuaire-education/records?limit=100&refine=code_departement%3A%2278%22	json:results		France School Directory — Department 78	フランス学校名簿 78県	fr_education	education	fr	france,school,education,directory,78	604800	Every state and private school registered in French department 78: UAI identifier, name, type, level, address, coordinates, contact details and education authority.	EMPTY_RESULTSET	{"total_count": 0, "results": []}
fr-schools-annuaire-79	https://data.education.gouv.fr/api/explore/v2.1/catalog/datasets/fr-en-annuaire-education/records?limit=100&refine=code_departement%3A%2279%22	json:results		France School Directory — Department 79	フランス学校名簿 79県	fr_education	education	fr	france,school,education,directory,79	604800	Every state and private school registered in French department 79: UAI identifier, name, type, level, address, coordinates, contact details and education authority.	EMPTY_RESULTSET	{"total_count": 0, "results": []}
fr-schools-annuaire-80	https://data.education.gouv.fr/api/explore/v2.1/catalog/datasets/fr-en-annuaire-education/records?limit=100&refine=code_departement%3A%2280%22	json:results		France School Directory — Department 80	フランス学校名簿 80県	fr_education	education	fr	france,school,education,directory,80	604800	Every state and private school registered in French department 80: UAI identifier, name, type, level, address, coordinates, contact details and education authority.	EMPTY_RESULTSET	{"total_count": 0, "results": []}
fr-schools-annuaire-81	https://data.education.gouv.fr/api/explore/v2.1/catalog/datasets/fr-en-annuaire-education/records?limit=100&refine=code_departement%3A%2281%22	json:results		France School Directory — Department 81	フランス学校名簿 81県	fr_education	education	fr	france,school,education,directory,81	604800	Every state and private school registered in French department 81: UAI identifier, name, type, level, address, coordinates, contact details and education authority.	EMPTY_RESULTSET	{"total_count": 0, "results": []}
fr-schools-annuaire-82	https://data.education.gouv.fr/api/explore/v2.1/catalog/datasets/fr-en-annuaire-education/records?limit=100&refine=code_departement%3A%2282%22	json:results		France School Directory — Department 82	フランス学校名簿 82県	fr_education	education	fr	france,school,education,directory,82	604800	Every state and private school registered in French department 82: UAI identifier, name, type, level, address, coordinates, contact details and education authority.	EMPTY_RESULTSET	{"total_count": 0, "results": []}
fr-schools-annuaire-83	https://data.education.gouv.fr/api/explore/v2.1/catalog/datasets/fr-en-annuaire-education/records?limit=100&refine=code_departement%3A%2283%22	json:results		France School Directory — Department 83	フランス学校名簿 83県	fr_education	education	fr	france,school,education,directory,83	604800	Every state and private school registered in French department 83: UAI identifier, name, type, level, address, coordinates, contact details and education authority.	EMPTY_RESULTSET	{"total_count": 0, "results": []}
fr-schools-annuaire-84	https://data.education.gouv.fr/api/explore/v2.1/catalog/datasets/fr-en-annuaire-education/records?limit=100&refine=code_departement%3A%2284%22	json:results		France School Directory — Department 84	フランス学校名簿 84県	fr_education	education	fr	france,school,education,directory,84	604800	Every state and private school registered in French department 84: UAI identifier, name, type, level, address, coordinates, contact details and education authority.	EMPTY_RESULTSET	{"total_count": 0, "results": []}
fr-schools-annuaire-85	https://data.education.gouv.fr/api/explore/v2.1/catalog/datasets/fr-en-annuaire-education/records?limit=100&refine=code_departement%3A%2285%22	json:results		France School Directory — Department 85	フランス学校名簿 85県	fr_education	education	fr	france,school,education,directory,85	604800	Every state and private school registered in French department 85: UAI identifier, name, type, level, address, coordinates, contact details and education authority.	EMPTY_RESULTSET	{"total_count": 0, "results": []}
fr-schools-annuaire-86	https://data.education.gouv.fr/api/explore/v2.1/catalog/datasets/fr-en-annuaire-education/records?limit=100&refine=code_departement%3A%2286%22	json:results		France School Directory — Department 86	フランス学校名簿 86県	fr_education	education	fr	france,school,education,directory,86	604800	Every state and private school registered in French department 86: UAI identifier, name, type, level, address, coordinates, contact details and education authority.	EMPTY_RESULTSET	{"total_count": 0, "results": []}
fr-schools-annuaire-87	https://data.education.gouv.fr/api/explore/v2.1/catalog/datasets/fr-en-annuaire-education/records?limit=100&refine=code_departement%3A%2287%22	json:results		France School Directory — Department 87	フランス学校名簿 87県	fr_education	education	fr	france,school,education,directory,87	604800	Every state and private school registered in French department 87: UAI identifier, name, type, level, address, coordinates, contact details and education authority.	EMPTY_RESULTSET	{"total_count": 0, "results": []}
fr-schools-annuaire-88	https://data.education.gouv.fr/api/explore/v2.1/catalog/datasets/fr-en-annuaire-education/records?limit=100&refine=code_departement%3A%2288%22	json:results		France School Directory — Department 88	フランス学校名簿 88県	fr_education	education	fr	france,school,education,directory,88	604800	Every state and private school registered in French department 88: UAI identifier, name, type, level, address, coordinates, contact details and education authority.	EMPTY_RESULTSET	{"total_count": 0, "results": []}
fr-schools-annuaire-89	https://data.education.gouv.fr/api/explore/v2.1/catalog/datasets/fr-en-annuaire-education/records?limit=100&refine=code_departement%3A%2289%22	json:results		France School Directory — Department 89	フランス学校名簿 89県	fr_education	education	fr	france,school,education,directory,89	604800	Every state and private school registered in French department 89: UAI identifier, name, type, level, address, coordinates, contact details and education authority.	EMPTY_RESULTSET	{"total_count": 0, "results": []}
fr-schools-annuaire-90	https://data.education.gouv.fr/api/explore/v2.1/catalog/datasets/fr-en-annuaire-education/records?limit=100&refine=code_departement%3A%2290%22	json:results		France School Directory — Department 90	フランス学校名簿 90県	fr_education	education	fr	france,school,education,directory,90	604800	Every state and private school registered in French department 90: UAI identifier, name, type, level, address, coordinates, contact details and education authority.	EMPTY_RESULTSET	{"total_count": 0, "results": []}
fr-schools-annuaire-91	https://data.education.gouv.fr/api/explore/v2.1/catalog/datasets/fr-en-annuaire-education/records?limit=100&refine=code_departement%3A%2291%22	json:results		France School Directory — Department 91	フランス学校名簿 91県	fr_education	education	fr	france,school,education,directory,91	604800	Every state and private school registered in French department 91: UAI identifier, name, type, level, address, coordinates, contact details and education authority.	EMPTY_RESULTSET	{"total_count": 0, "results": []}
fr-schools-annuaire-92	https://data.education.gouv.fr/api/explore/v2.1/catalog/datasets/fr-en-annuaire-education/records?limit=100&refine=code_departement%3A%2292%22	json:results		France School Directory — Department 92	フランス学校名簿 92県	fr_education	education	fr	france,school,education,directory,92	604800	Every state and private school registered in French department 92: UAI identifier, name, type, level, address, coordinates, contact details and education authority.	EMPTY_RESULTSET	{"total_count": 0, "results": []}
fr-schools-annuaire-93	https://data.education.gouv.fr/api/explore/v2.1/catalog/datasets/fr-en-annuaire-education/records?limit=100&refine=code_departement%3A%2293%22	json:results		France School Directory — Department 93	フランス学校名簿 93県	fr_education	education	fr	france,school,education,directory,93	604800	Every state and private school registered in French department 93: UAI identifier, name, type, level, address, coordinates, contact details and education authority.	EMPTY_RESULTSET	{"total_count": 0, "results": []}
fr-schools-annuaire-94	https://data.education.gouv.fr/api/explore/v2.1/catalog/datasets/fr-en-annuaire-education/records?limit=100&refine=code_departement%3A%2294%22	json:results		France School Directory — Department 94	フランス学校名簿 94県	fr_education	education	fr	france,school,education,directory,94	604800	Every state and private school registered in French department 94: UAI identifier, name, type, level, address, coordinates, contact details and education authority.	EMPTY_RESULTSET	{"total_count": 0, "results": []}
fr-schools-annuaire-95	https://data.education.gouv.fr/api/explore/v2.1/catalog/datasets/fr-en-annuaire-education/records?limit=100&refine=code_departement%3A%2295%22	json:results		France School Directory — Department 95	フランス学校名簿 95県	fr_education	education	fr	france,school,education,directory,95	604800	Every state and private school registered in French department 95: UAI identifier, name, type, level, address, coordinates, contact details and education authority.	EMPTY_RESULTSET	{"total_count": 0, "results": []}
fr-highered-etablissements-11	https://data.enseignementsup-recherche.gouv.fr/api/explore/v2.1/catalog/datasets/fr-esr-principaux-etablissements-enseignement-superieur/records?limit=100&refine=code_region%3A%2211%22	json:results		France Higher Education Establishments — Île-de-France	フランス高等教育機関 Île-de-France	fr_education	education	fr	france,university,education,research,11	604800	Universities, grandes écoles and research establishments in the Île-de-France region: UAI identifier, official name, type, parent institution, address, coordinates and sector.	HTTP_ERR	Bad Request
fr-highered-etablissements-24	https://data.enseignementsup-recherche.gouv.fr/api/explore/v2.1/catalog/datasets/fr-esr-principaux-etablissements-enseignement-superieur/records?limit=100&refine=code_region%3A%2224%22	json:results		France Higher Education Establishments — Centre-Val de Loire	フランス高等教育機関 Centre-Val de Loire	fr_education	education	fr	france,university,education,research,24	604800	Universities, grandes écoles and research establishments in the Centre-Val de Loire region: UAI identifier, official name, type, parent institution, address, coordinates and sector.	HTTP_ERR	Bad Request
fr-highered-etablissements-27	https://data.enseignementsup-recherche.gouv.fr/api/explore/v2.1/catalog/datasets/fr-esr-principaux-etablissements-enseignement-superieur/records?limit=100&refine=code_region%3A%2227%22	json:results		France Higher Education Establishments — Bourgogne-Franche-Comté	フランス高等教育機関 Bourgogne-Franche-Comté	fr_education	education	fr	france,university,education,research,27	604800	Universities, grandes écoles and research establishments in the Bourgogne-Franche-Comté region: UAI identifier, official name, type, parent institution, address, coordinates and sector.	HTTP_ERR	Bad Request
fr-highered-etablissements-28	https://data.enseignementsup-recherche.gouv.fr/api/explore/v2.1/catalog/datasets/fr-esr-principaux-etablissements-enseignement-superieur/records?limit=100&refine=code_region%3A%2228%22	json:results		France Higher Education Establishments — Normandie	フランス高等教育機関 Normandie	fr_education	education	fr	france,university,education,research,28	604800	Universities, grandes écoles and research establishments in the Normandie region: UAI identifier, official name, type, parent institution, address, coordinates and sector.	HTTP_ERR	Bad Request
fr-highered-etablissements-32	https://data.enseignementsup-recherche.gouv.fr/api/explore/v2.1/catalog/datasets/fr-esr-principaux-etablissements-enseignement-superieur/records?limit=100&refine=code_region%3A%2232%22	json:results		France Higher Education Establishments — Hauts-de-France	フランス高等教育機関 Hauts-de-France	fr_education	education	fr	france,university,education,research,32	604800	Universities, grandes écoles and research establishments in the Hauts-de-France region: UAI identifier, official name, type, parent institution, address, coordinates and sector.	HTTP_ERR	Bad Request
fr-highered-etablissements-44	https://data.enseignementsup-recherche.gouv.fr/api/explore/v2.1/catalog/datasets/fr-esr-principaux-etablissements-enseignement-superieur/records?limit=100&refine=code_region%3A%2244%22	json:results		France Higher Education Establishments — Grand Est	フランス高等教育機関 Grand Est	fr_education	education	fr	france,university,education,research,44	604800	Universities, grandes écoles and research establishments in the Grand Est region: UAI identifier, official name, type, parent institution, address, coordinates and sector.	HTTP_ERR	Bad Request
fr-highered-etablissements-52	https://data.enseignementsup-recherche.gouv.fr/api/explore/v2.1/catalog/datasets/fr-esr-principaux-etablissements-enseignement-superieur/records?limit=100&refine=code_region%3A%2252%22	json:results		France Higher Education Establishments — Pays de la Loire	フランス高等教育機関 Pays de la Loire	fr_education	education	fr	france,university,education,research,52	604800	Universities, grandes écoles and research establishments in the Pays de la Loire region: UAI identifier, official name, type, parent institution, address, coordinates and sector.	HTTP_ERR	Bad Request
fr-highered-etablissements-53	https://data.enseignementsup-recherche.gouv.fr/api/explore/v2.1/catalog/datasets/fr-esr-principaux-etablissements-enseignement-superieur/records?limit=100&refine=code_region%3A%2253%22	json:results		France Higher Education Establishments — Bretagne	フランス高等教育機関 Bretagne	fr_education	education	fr	france,university,education,research,53	604800	Universities, grandes écoles and research establishments in the Bretagne region: UAI identifier, official name, type, parent institution, address, coordinates and sector.	HTTP_ERR	Bad Request
fr-highered-etablissements-75	https://data.enseignementsup-recherche.gouv.fr/api/explore/v2.1/catalog/datasets/fr-esr-principaux-etablissements-enseignement-superieur/records?limit=100&refine=code_region%3A%2275%22	json:results		France Higher Education Establishments — Nouvelle-Aquitaine	フランス高等教育機関 Nouvelle-Aquitaine	fr_education	education	fr	france,university,education,research,75	604800	Universities, grandes écoles and research establishments in the Nouvelle-Aquitaine region: UAI identifier, official name, type, parent institution, address, coordinates and sector.	HTTP_ERR	Bad Request
fr-highered-etablissements-76	https://data.enseignementsup-recherche.gouv.fr/api/explore/v2.1/catalog/datasets/fr-esr-principaux-etablissements-enseignement-superieur/records?limit=100&refine=code_region%3A%2276%22	json:results		France Higher Education Establishments — Occitanie	フランス高等教育機関 Occitanie	fr_education	education	fr	france,university,education,research,76	604800	Universities, grandes écoles and research establishments in the Occitanie region: UAI identifier, official name, type, parent institution, address, coordinates and sector.	HTTP_ERR	Bad Request
fr-highered-etablissements-84	https://data.enseignementsup-recherche.gouv.fr/api/explore/v2.1/catalog/datasets/fr-esr-principaux-etablissements-enseignement-superieur/records?limit=100&refine=code_region%3A%2284%22	json:results		France Higher Education Establishments — Auvergne-Rhône-Alpes	フランス高等教育機関 Auvergne-Rhône-Alpes	fr_education	education	fr	france,university,education,research,84	604800	Universities, grandes écoles and research establishments in the Auvergne-Rhône-Alpes region: UAI identifier, official name, type, parent institution, address, coordinates and sector.	HTTP_ERR	Bad Request
fr-highered-etablissements-93	https://data.enseignementsup-recherche.gouv.fr/api/explore/v2.1/catalog/datasets/fr-esr-principaux-etablissements-enseignement-superieur/records?limit=100&refine=code_region%3A%2293%22	json:results		France Higher Education Establishments — Provence-Alpes-Côte d'Azur	フランス高等教育機関 Provence-Alpes-Côte d'Azur	fr_education	education	fr	france,university,education,research,93	604800	Universities, grandes écoles and research establishments in the Provence-Alpes-Côte d'Azur region: UAI identifier, official name, type, parent institution, address, coordinates and sector.	HTTP_ERR	Bad Request
fr-highered-etablissements-94	https://data.enseignementsup-recherche.gouv.fr/api/explore/v2.1/catalog/datasets/fr-esr-principaux-etablissements-enseignement-superieur/records?limit=100&refine=code_region%3A%2294%22	json:results		France Higher Education Establishments — Corse	フランス高等教育機関 Corse	fr_education	education	fr	france,university,education,research,94	604800	Universities, grandes écoles and research establishments in the Corse region: UAI identifier, official name, type, parent institution, address, coordinates and sector.	HTTP_ERR	Bad Request
fr-highered-etablissements-01	https://data.enseignementsup-recherche.gouv.fr/api/explore/v2.1/catalog/datasets/fr-esr-principaux-etablissements-enseignement-superieur/records?limit=100&refine=code_region%3A%2201%22	json:results		France Higher Education Establishments — Guadeloupe	フランス高等教育機関 Guadeloupe	fr_education	education	fr	france,university,education,research,01	604800	Universities, grandes écoles and research establishments in the Guadeloupe region: UAI identifier, official name, type, parent institution, address, coordinates and sector.	HTTP_ERR	Bad Request
fr-highered-etablissements-02	https://data.enseignementsup-recherche.gouv.fr/api/explore/v2.1/catalog/datasets/fr-esr-principaux-etablissements-enseignement-superieur/records?limit=100&refine=code_region%3A%2202%22	json:results		France Higher Education Establishments — Martinique	フランス高等教育機関 Martinique	fr_education	education	fr	france,university,education,research,02	604800	Universities, grandes écoles and research establishments in the Martinique region: UAI identifier, official name, type, parent institution, address, coordinates and sector.	HTTP_ERR	Bad Request
fr-highered-etablissements-03	https://data.enseignementsup-recherche.gouv.fr/api/explore/v2.1/catalog/datasets/fr-esr-principaux-etablissements-enseignement-superieur/records?limit=100&refine=code_region%3A%2203%22	json:results		France Higher Education Establishments — Guyane	フランス高等教育機関 Guyane	fr_education	education	fr	france,university,education,research,03	604800	Universities, grandes écoles and research establishments in the Guyane region: UAI identifier, official name, type, parent institution, address, coordinates and sector.	HTTP_ERR	Bad Request
fr-highered-etablissements-04	https://data.enseignementsup-recherche.gouv.fr/api/explore/v2.1/catalog/datasets/fr-esr-principaux-etablissements-enseignement-superieur/records?limit=100&refine=code_region%3A%2204%22	json:results		France Higher Education Establishments — La Réunion	フランス高等教育機関 La Réunion	fr_education	education	fr	france,university,education,research,04	604800	Universities, grandes écoles and research establishments in the La Réunion region: UAI identifier, official name, type, parent institution, address, coordinates and sector.	HTTP_ERR	Bad Request
fr-highered-etablissements-06	https://data.enseignementsup-recherche.gouv.fr/api/explore/v2.1/catalog/datasets/fr-esr-principaux-etablissements-enseignement-superieur/records?limit=100&refine=code_region%3A%2206%22	json:results		France Higher Education Establishments — Mayotte	フランス高等教育機関 Mayotte	fr_education	education	fr	france,university,education,research,06	604800	Universities, grandes écoles and research establishments in the Mayotte region: UAI identifier, official name, type, parent institution, address, coordinates and sector.	HTTP_ERR	Bad Request
us-datagov-q-cybersecurity	https://catalog.data.gov/api/3/action/package_search?rows=100&q=cybersecurity	json:result.results		data.gov — Cybersecurity Datasets	data.gov cybersecurity データセット	us_government	cyber	en	usa,opendata,ckan,datagov,cybersecurity	86400	Federal, state and local datasets on the US national catalogue matching 'cybersecurity', with publishing agency, distribution resources, licence and update cadence.	HTTP_ERR	Not Found
us-datagov-q-critical-infrastructure	https://catalog.data.gov/api/3/action/package_search?rows=100&q=critical%20infrastructure	json:result.results		data.gov — Critical Infrastructure Datasets	data.gov critical infrastructure データセット	us_government	infrastructure	en	usa,opendata,ckan,datagov,critical-infrastructure	86400	Federal, state and local datasets on the US national catalogue matching 'critical infrastructure', with publishing agency, distribution resources, licence and update cadence.	HTTP_ERR	Not Found
us-datagov-q-telecommunications	https://catalog.data.gov/api/3/action/package_search?rows=100&q=telecommunications	json:result.results		data.gov — Telecommunications Datasets	data.gov telecommunications データセット	us_government	telecom	en	usa,opendata,ckan,datagov,telecommunications	86400	Federal, state and local datasets on the US national catalogue matching 'telecommunications', with publishing agency, distribution resources, licence and update cadence.	HTTP_ERR	Not Found
us-datagov-q-broadband	https://catalog.data.gov/api/3/action/package_search?rows=100&q=broadband	json:result.results		data.gov — Broadband Datasets	data.gov broadband データセット	us_government	telecom	en	usa,opendata,ckan,datagov,broadband	86400	Federal, state and local datasets on the US national catalogue matching 'broadband', with publishing agency, distribution resources, licence and update cadence.	HTTP_ERR	Not Found
us-datagov-q-spectrum	https://catalog.data.gov/api/3/action/package_search?rows=100&q=radio%20spectrum	json:result.results		data.gov — Radio Spectrum Datasets	data.gov radio spectrum データセット	us_government	telecom	en	usa,opendata,ckan,datagov,spectrum	86400	Federal, state and local datasets on the US national catalogue matching 'radio spectrum', with publishing agency, distribution resources, licence and update cadence.	HTTP_ERR	Not Found
us-datagov-q-satellite	https://catalog.data.gov/api/3/action/package_search?rows=100&q=satellite	json:result.results		data.gov — Satellite Datasets	data.gov satellite データセット	us_government	space	en	usa,opendata,ckan,datagov,satellite	86400	Federal, state and local datasets on the US national catalogue matching 'satellite', with publishing agency, distribution resources, licence and update cadence.	HTTP_ERR	Not Found
us-datagov-q-surveillance	https://catalog.data.gov/api/3/action/package_search?rows=100&q=surveillance	json:result.results		data.gov — Surveillance Datasets	data.gov surveillance データセット	us_government	security	en	usa,opendata,ckan,datagov,surveillance	86400	Federal, state and local datasets on the US national catalogue matching 'surveillance', with publishing agency, distribution resources, licence and update cadence.	HTTP_ERR	Not Found
us-datagov-q-law-enforcement	https://catalog.data.gov/api/3/action/package_search?rows=100&q=law%20enforcement	json:result.results		data.gov — Law Enforcement Datasets	data.gov law enforcement データセット	us_government	security	en	usa,opendata,ckan,datagov,law-enforcement	86400	Federal, state and local datasets on the US national catalogue matching 'law enforcement', with publishing agency, distribution resources, licence and update cadence.	HTTP_ERR	Not Found
us-datagov-q-crime	https://catalog.data.gov/api/3/action/package_search?rows=100&q=crime%20statistics	json:result.results		data.gov — Crime Statistics Datasets	data.gov crime statistics データセット	us_government	crime	en	usa,opendata,ckan,datagov,crime	86400	Federal, state and local datasets on the US national catalogue matching 'crime statistics', with publishing agency, distribution resources, licence and update cadence.	HTTP_ERR	Not Found
us-datagov-q-corrections	https://catalog.data.gov/api/3/action/package_search?rows=100&q=corrections	json:result.results		data.gov — Corrections Datasets	data.gov corrections データセット	us_government	legal	en	usa,opendata,ckan,datagov,corrections	86400	Federal, state and local datasets on the US national catalogue matching 'corrections', with publishing agency, distribution resources, licence and update cadence.	HTTP_ERR	Not Found
us-datagov-q-courts	https://catalog.data.gov/api/3/action/package_search?rows=100&q=courts	json:result.results		data.gov — Courts Datasets	data.gov courts データセット	us_government	legal	en	usa,opendata,ckan,datagov,courts	86400	Federal, state and local datasets on the US national catalogue matching 'courts', with publishing agency, distribution resources, licence and update cadence.	HTTP_ERR	Not Found
us-datagov-q-immigration	https://catalog.data.gov/api/3/action/package_search?rows=100&q=immigration	json:result.results		data.gov — Immigration Datasets	data.gov immigration データセット	us_government	government	en	usa,opendata,ckan,datagov,immigration	86400	Federal, state and local datasets on the US national catalogue matching 'immigration', with publishing agency, distribution resources, licence and update cadence.	HTTP_ERR	Not Found
us-datagov-q-border	https://catalog.data.gov/api/3/action/package_search?rows=100&q=border%20security	json:result.results		data.gov — Border Security Datasets	data.gov border security データセット	us_government	security	en	usa,opendata,ckan,datagov,border	86400	Federal, state and local datasets on the US national catalogue matching 'border security', with publishing agency, distribution resources, licence and update cadence.	HTTP_ERR	Not Found
us-datagov-q-defense	https://catalog.data.gov/api/3/action/package_search?rows=100&q=defense	json:result.results		data.gov — Defense Datasets	data.gov defense データセット	us_government	security	en	usa,opendata,ckan,datagov,defense	86400	Federal, state and local datasets on the US national catalogue matching 'defense', with publishing agency, distribution resources, licence and update cadence.	HTTP_ERR	Not Found
us-datagov-q-veterans	https://catalog.data.gov/api/3/action/package_search?rows=100&q=veterans	json:result.results		data.gov — Veterans Datasets	data.gov veterans データセット	us_government	government	en	usa,opendata,ckan,datagov,veterans	86400	Federal, state and local datasets on the US national catalogue matching 'veterans', with publishing agency, distribution resources, licence and update cadence.	HTTP_ERR	Not Found
us-datagov-q-procurement	https://catalog.data.gov/api/3/action/package_search?rows=100&q=federal%20procurement	json:result.results		data.gov — Federal Procurement Datasets	data.gov federal procurement データセット	us_government	procurement	en	usa,opendata,ckan,datagov,procurement	86400	Federal, state and local datasets on the US national catalogue matching 'federal procurement', with publishing agency, distribution resources, licence and update cadence.	HTTP_ERR	Not Found
us-datagov-q-contracts	https://catalog.data.gov/api/3/action/package_search?rows=100&q=government%20contracts	json:result.results		data.gov — Government Contracts Datasets	data.gov government contracts データセット	us_government	procurement	en	usa,opendata,ckan,datagov,contracts	86400	Federal, state and local datasets on the US national catalogue matching 'government contracts', with publishing agency, distribution resources, licence and update cadence.	HTTP_ERR	Not Found
us-datagov-q-grants	https://catalog.data.gov/api/3/action/package_search?rows=100&q=federal%20grants	json:result.results		data.gov — Federal Grants Datasets	data.gov federal grants データセット	us_government	procurement	en	usa,opendata,ckan,datagov,grants	86400	Federal, state and local datasets on the US national catalogue matching 'federal grants', with publishing agency, distribution resources, licence and update cadence.	HTTP_ERR	Not Found
us-datagov-q-lobbying	https://catalog.data.gov/api/3/action/package_search?rows=100&q=lobbying	json:result.results		data.gov — Lobbying Datasets	data.gov lobbying データセット	us_government	transparency	en	usa,opendata,ckan,datagov,lobbying	86400	Federal, state and local datasets on the US national catalogue matching 'lobbying', with publishing agency, distribution resources, licence and update cadence.	HTTP_ERR	Not Found
us-datagov-q-campaign-finance	https://catalog.data.gov/api/3/action/package_search?rows=100&q=campaign%20finance	json:result.results		data.gov — Campaign Finance Datasets	data.gov campaign finance データセット	us_government	transparency	en	usa,opendata,ckan,datagov,campaign-finance	86400	Federal, state and local datasets on the US national catalogue matching 'campaign finance', with publishing agency, distribution resources, licence and update cadence.	HTTP_ERR	Not Found
us-datagov-q-education	https://catalog.data.gov/api/3/action/package_search?rows=100&q=education	json:result.results		data.gov — Education Datasets	data.gov education データセット	us_government	education	en	usa,opendata,ckan,datagov,education	86400	Federal, state and local datasets on the US national catalogue matching 'education', with publishing agency, distribution resources, licence and update cadence.	HTTP_ERR	Not Found
us-datagov-q-schools	https://catalog.data.gov/api/3/action/package_search?rows=100&q=public%20schools	json:result.results		data.gov — Public Schools Datasets	data.gov public schools データセット	us_government	education	en	usa,opendata,ckan,datagov,schools	86400	Federal, state and local datasets on the US national catalogue matching 'public schools', with publishing agency, distribution resources, licence and update cadence.	HTTP_ERR	Not Found
us-datagov-q-universities	https://catalog.data.gov/api/3/action/package_search?rows=100&q=universities	json:result.results		data.gov — Universities Datasets	data.gov universities データセット	us_government	education	en	usa,opendata,ckan,datagov,universities	86400	Federal, state and local datasets on the US national catalogue matching 'universities', with publishing agency, distribution resources, licence and update cadence.	HTTP_ERR	Not Found
us-datagov-q-student-loans	https://catalog.data.gov/api/3/action/package_search?rows=100&q=student%20loans	json:result.results		data.gov — Student Loans Datasets	data.gov student loans データセット	us_government	education	en	usa,opendata,ckan,datagov,student-loans	86400	Federal, state and local datasets on the US national catalogue matching 'student loans', with publishing agency, distribution resources, licence and update cadence.	HTTP_ERR	Not Found
us-datagov-q-workforce	https://catalog.data.gov/api/3/action/package_search?rows=100&q=workforce	json:result.results		data.gov — Workforce Datasets	data.gov workforce データセット	us_government	economy	en	usa,opendata,ckan,datagov,workforce	86400	Federal, state and local datasets on the US national catalogue matching 'workforce', with publishing agency, distribution resources, licence and update cadence.	HTTP_ERR	Not Found
us-datagov-q-employment	https://catalog.data.gov/api/3/action/package_search?rows=100&q=employment	json:result.results		data.gov — Employment Datasets	data.gov employment データセット	us_government	economy	en	usa,opendata,ckan,datagov,employment	86400	Federal, state and local datasets on the US national catalogue matching 'employment', with publishing agency, distribution resources, licence and update cadence.	HTTP_ERR	Not Found
us-datagov-q-census	https://catalog.data.gov/api/3/action/package_search?rows=100&q=census	json:result.results		data.gov — Census Datasets	data.gov census データセット	us_government	statistics	en	usa,opendata,ckan,datagov,census	86400	Federal, state and local datasets on the US national catalogue matching 'census', with publishing agency, distribution resources, licence and update cadence.	HTTP_ERR	Not Found
us-datagov-q-housing	https://catalog.data.gov/api/3/action/package_search?rows=100&q=housing	json:result.results		data.gov — Housing Datasets	data.gov housing データセット	us_government	geospatial	en	usa,opendata,ckan,datagov,housing	86400	Federal, state and local datasets on the US national catalogue matching 'housing', with publishing agency, distribution resources, licence and update cadence.	HTTP_ERR	Not Found
us-datagov-q-transportation	https://catalog.data.gov/api/3/action/package_search?rows=100&q=transportation	json:result.results		data.gov — Transportation Datasets	data.gov transportation データセット	us_government	transport	en	usa,opendata,ckan,datagov,transportation	86400	Federal, state and local datasets on the US national catalogue matching 'transportation', with publishing agency, distribution resources, licence and update cadence.	HTTP_ERR	Not Found
us-datagov-q-aviation	https://catalog.data.gov/api/3/action/package_search?rows=100&q=aviation%20safety	json:result.results		data.gov — Aviation Safety Datasets	data.gov aviation safety データセット	us_government	aviation	en	usa,opendata,ckan,datagov,aviation	86400	Federal, state and local datasets on the US national catalogue matching 'aviation safety', with publishing agency, distribution resources, licence and update cadence.	HTTP_ERR	Not Found
us-datagov-q-railroad	https://catalog.data.gov/api/3/action/package_search?rows=100&q=railroad	json:result.results		data.gov — Railroad Datasets	data.gov railroad データセット	us_government	transport	en	usa,opendata,ckan,datagov,railroad	86400	Federal, state and local datasets on the US national catalogue matching 'railroad', with publishing agency, distribution resources, licence and update cadence.	HTTP_ERR	Not Found
us-datagov-q-maritime	https://catalog.data.gov/api/3/action/package_search?rows=100&q=maritime	json:result.results		data.gov — Maritime Datasets	data.gov maritime データセット	us_government	maritime	en	usa,opendata,ckan,datagov,maritime	86400	Federal, state and local datasets on the US national catalogue matching 'maritime', with publishing agency, distribution resources, licence and update cadence.	HTTP_ERR	Not Found
us-datagov-q-pipeline	https://catalog.data.gov/api/3/action/package_search?rows=100&q=pipeline%20safety	json:result.results		data.gov — Pipeline Safety Datasets	data.gov pipeline safety データセット	us_government	infrastructure	en	usa,opendata,ckan,datagov,pipeline	86400	Federal, state and local datasets on the US national catalogue matching 'pipeline safety', with publishing agency, distribution resources, licence and update cadence.	HTTP_ERR	Not Found
us-datagov-q-energy	https://catalog.data.gov/api/3/action/package_search?rows=100&q=energy	json:result.results		data.gov — Energy Datasets	data.gov energy データセット	us_government	energy	en	usa,opendata,ckan,datagov,energy	86400	Federal, state and local datasets on the US national catalogue matching 'energy', with publishing agency, distribution resources, licence and update cadence.	HTTP_ERR	Not Found
us-datagov-q-electric-grid	https://catalog.data.gov/api/3/action/package_search?rows=100&q=electric%20grid	json:result.results		data.gov — Electric Grid Datasets	data.gov electric grid データセット	us_government	energy	en	usa,opendata,ckan,datagov,electric-grid	86400	Federal, state and local datasets on the US national catalogue matching 'electric grid', with publishing agency, distribution resources, licence and update cadence.	HTTP_ERR	Not Found
us-datagov-q-nuclear	https://catalog.data.gov/api/3/action/package_search?rows=100&q=nuclear	json:result.results		data.gov — Nuclear Datasets	data.gov nuclear データセット	us_government	energy	en	usa,opendata,ckan,datagov,nuclear	86400	Federal, state and local datasets on the US national catalogue matching 'nuclear', with publishing agency, distribution resources, licence and update cadence.	HTTP_ERR	Not Found
us-datagov-q-oil-gas	https://catalog.data.gov/api/3/action/package_search?rows=100&q=oil%20and%20gas	json:result.results		data.gov — Oil And Gas Datasets	data.gov oil and gas データセット	us_government	energy	en	usa,opendata,ckan,datagov,oil-gas	86400	Federal, state and local datasets on the US national catalogue matching 'oil and gas', with publishing agency, distribution resources, licence and update cadence.	HTTP_ERR	Not Found
us-datagov-q-emissions	https://catalog.data.gov/api/3/action/package_search?rows=100&q=greenhouse%20gas%20emissions	json:result.results		data.gov — Greenhouse Gas Emissions Datasets	data.gov greenhouse gas emissions データセット	us_government	environment	en	usa,opendata,ckan,datagov,emissions	86400	Federal, state and local datasets on the US national catalogue matching 'greenhouse gas emissions', with publishing agency, distribution resources, licence and update cadence.	HTTP_ERR	Not Found
us-datagov-q-water-quality	https://catalog.data.gov/api/3/action/package_search?rows=100&q=water%20quality	json:result.results		data.gov — Water Quality Datasets	data.gov water quality データセット	us_government	environment	en	usa,opendata,ckan,datagov,water-quality	86400	Federal, state and local datasets on the US national catalogue matching 'water quality', with publishing agency, distribution resources, licence and update cadence.	HTTP_ERR	Not Found
us-datagov-q-air-quality	https://catalog.data.gov/api/3/action/package_search?rows=100&q=air%20quality	json:result.results		data.gov — Air Quality Datasets	data.gov air quality データセット	us_government	environment	en	usa,opendata,ckan,datagov,air-quality	86400	Federal, state and local datasets on the US national catalogue matching 'air quality', with publishing agency, distribution resources, licence and update cadence.	HTTP_ERR	Not Found
us-datagov-q-toxic-release	https://catalog.data.gov/api/3/action/package_search?rows=100&q=toxic%20release	json:result.results		data.gov — Toxic Release Datasets	data.gov toxic release データセット	us_government	environment	en	usa,opendata,ckan,datagov,toxic-release	86400	Federal, state and local datasets on the US national catalogue matching 'toxic release', with publishing agency, distribution resources, licence and update cadence.	HTTP_ERR	Not Found
us-datagov-q-superfund	https://catalog.data.gov/api/3/action/package_search?rows=100&q=superfund	json:result.results		data.gov — Superfund Datasets	data.gov superfund データセット	us_government	environment	en	usa,opendata,ckan,datagov,superfund	86400	Federal, state and local datasets on the US national catalogue matching 'superfund', with publishing agency, distribution resources, licence and update cadence.	HTTP_ERR	Not Found
us-datagov-q-wildfire	https://catalog.data.gov/api/3/action/package_search?rows=100&q=wildfire	json:result.results		data.gov — Wildfire Datasets	data.gov wildfire データセット	us_government	disaster	en	usa,opendata,ckan,datagov,wildfire	86400	Federal, state and local datasets on the US national catalogue matching 'wildfire', with publishing agency, distribution resources, licence and update cadence.	HTTP_ERR	Not Found
us-datagov-q-flood	https://catalog.data.gov/api/3/action/package_search?rows=100&q=flood	json:result.results		data.gov — Flood Datasets	data.gov flood データセット	us_government	disaster	en	usa,opendata,ckan,datagov,flood	86400	Federal, state and local datasets on the US national catalogue matching 'flood', with publishing agency, distribution resources, licence and update cadence.	HTTP_ERR	Not Found
us-datagov-q-earthquake	https://catalog.data.gov/api/3/action/package_search?rows=100&q=earthquake	json:result.results		data.gov — Earthquake Datasets	data.gov earthquake データセット	us_government	disaster	en	usa,opendata,ckan,datagov,earthquake	86400	Federal, state and local datasets on the US national catalogue matching 'earthquake', with publishing agency, distribution resources, licence and update cadence.	HTTP_ERR	Not Found
us-datagov-q-hurricane	https://catalog.data.gov/api/3/action/package_search?rows=100&q=hurricane	json:result.results		data.gov — Hurricane Datasets	data.gov hurricane データセット	us_government	disaster	en	usa,opendata,ckan,datagov,hurricane	86400	Federal, state and local datasets on the US national catalogue matching 'hurricane', with publishing agency, distribution resources, licence and update cadence.	HTTP_ERR	Not Found
us-datagov-q-emergency-management	https://catalog.data.gov/api/3/action/package_search?rows=100&q=emergency%20management	json:result.results		data.gov — Emergency Management Datasets	data.gov emergency management データセット	us_government	disaster	en	usa,opendata,ckan,datagov,emergency-management	86400	Federal, state and local datasets on the US national catalogue matching 'emergency management', with publishing agency, distribution resources, licence and update cadence.	HTTP_ERR	Not Found
us-datagov-q-public-health	https://catalog.data.gov/api/3/action/package_search?rows=100&q=public%20health	json:result.results		data.gov — Public Health Datasets	data.gov public health データセット	us_government	health	en	usa,opendata,ckan,datagov,public-health	86400	Federal, state and local datasets on the US national catalogue matching 'public health', with publishing agency, distribution resources, licence and update cadence.	HTTP_ERR	Not Found
us-datagov-q-hospitals	https://catalog.data.gov/api/3/action/package_search?rows=100&q=hospitals	json:result.results		data.gov — Hospitals Datasets	data.gov hospitals データセット	us_government	health	en	usa,opendata,ckan,datagov,hospitals	86400	Federal, state and local datasets on the US national catalogue matching 'hospitals', with publishing agency, distribution resources, licence and update cadence.	HTTP_ERR	Not Found
us-datagov-q-opioid	https://catalog.data.gov/api/3/action/package_search?rows=100&q=opioid	json:result.results		data.gov — Opioid Datasets	data.gov opioid データセット	us_government	health	en	usa,opendata,ckan,datagov,opioid	86400	Federal, state and local datasets on the US national catalogue matching 'opioid', with publishing agency, distribution resources, licence and update cadence.	HTTP_ERR	Not Found
us-datagov-q-food-safety	https://catalog.data.gov/api/3/action/package_search?rows=100&q=food%20safety	json:result.results		data.gov — Food Safety Datasets	data.gov food safety データセット	us_government	health	en	usa,opendata,ckan,datagov,food-safety	86400	Federal, state and local datasets on the US national catalogue matching 'food safety', with publishing agency, distribution resources, licence and update cadence.	HTTP_ERR	Not Found
us-datagov-q-agriculture	https://catalog.data.gov/api/3/action/package_search?rows=100&q=agriculture	json:result.results		data.gov — Agriculture Datasets	data.gov agriculture データセット	us_government	agriculture	en	usa,opendata,ckan,datagov,agriculture	86400	Federal, state and local datasets on the US national catalogue matching 'agriculture', with publishing agency, distribution resources, licence and update cadence.	HTTP_ERR	Not Found
us-datagov-q-wildlife	https://catalog.data.gov/api/3/action/package_search?rows=100&q=wildlife	json:result.results		data.gov — Wildlife Datasets	data.gov wildlife データセット	us_government	environment	en	usa,opendata,ckan,datagov,wildlife	86400	Federal, state and local datasets on the US national catalogue matching 'wildlife', with publishing agency, distribution resources, licence and update cadence.	HTTP_ERR	Not Found
us-datagov-q-land-use	https://catalog.data.gov/api/3/action/package_search?rows=100&q=land%20use	json:result.results		data.gov — Land Use Datasets	data.gov land use データセット	us_government	geospatial	en	usa,opendata,ckan,datagov,land-use	86400	Federal, state and local datasets on the US national catalogue matching 'land use', with publishing agency, distribution resources, licence and update cadence.	HTTP_ERR	Not Found
us-datagov-q-parcels	https://catalog.data.gov/api/3/action/package_search?rows=100&q=parcels	json:result.results		data.gov — Parcels Datasets	data.gov parcels データセット	us_government	geospatial	en	usa,opendata,ckan,datagov,parcels	86400	Federal, state and local datasets on the US national catalogue matching 'parcels', with publishing agency, distribution resources, licence and update cadence.	HTTP_ERR	Not Found
us-datagov-q-elevation	https://catalog.data.gov/api/3/action/package_search?rows=100&q=elevation	json:result.results		data.gov — Elevation Datasets	data.gov elevation データセット	us_government	geospatial	en	usa,opendata,ckan,datagov,elevation	86400	Federal, state and local datasets on the US national catalogue matching 'elevation', with publishing agency, distribution resources, licence and update cadence.	HTTP_ERR	Not Found
us-datagov-q-imagery	https://catalog.data.gov/api/3/action/package_search?rows=100&q=aerial%20imagery	json:result.results		data.gov — Aerial Imagery Datasets	data.gov aerial imagery データセット	us_government	geospatial	en	usa,opendata,ckan,datagov,imagery	86400	Federal, state and local datasets on the US national catalogue matching 'aerial imagery', with publishing agency, distribution resources, licence and update cadence.	HTTP_ERR	Not Found
us-datagov-q-weather	https://catalog.data.gov/api/3/action/package_search?rows=100&q=weather	json:result.results		data.gov — Weather Datasets	data.gov weather データセット	us_government	weather	en	usa,opendata,ckan,datagov,weather	86400	Federal, state and local datasets on the US national catalogue matching 'weather', with publishing agency, distribution resources, licence and update cadence.	HTTP_ERR	Not Found
us-datagov-q-climate	https://catalog.data.gov/api/3/action/package_search?rows=100&q=climate	json:result.results		data.gov — Climate Datasets	data.gov climate データセット	us_government	environment	en	usa,opendata,ckan,datagov,climate	86400	Federal, state and local datasets on the US national catalogue matching 'climate', with publishing agency, distribution resources, licence and update cadence.	HTTP_ERR	Not Found
us-datagov-q-banking	https://catalog.data.gov/api/3/action/package_search?rows=100&q=banking	json:result.results		data.gov — Banking Datasets	data.gov banking データセット	us_government	finance	en	usa,opendata,ckan,datagov,banking	86400	Federal, state and local datasets on the US national catalogue matching 'banking', with publishing agency, distribution resources, licence and update cadence.	HTTP_ERR	Not Found
us-datagov-q-securities	https://catalog.data.gov/api/3/action/package_search?rows=100&q=securities	json:result.results		data.gov — Securities Datasets	data.gov securities データセット	us_government	finance	en	usa,opendata,ckan,datagov,securities	86400	Federal, state and local datasets on the US national catalogue matching 'securities', with publishing agency, distribution resources, licence and update cadence.	HTTP_ERR	Not Found
us-datagov-q-consumer-complaints	https://catalog.data.gov/api/3/action/package_search?rows=100&q=consumer%20complaints	json:result.results		data.gov — Consumer Complaints Datasets	data.gov consumer complaints データセット	us_government	transparency	en	usa,opendata,ckan,datagov,consumer-complaints	86400	Federal, state and local datasets on the US national catalogue matching 'consumer complaints', with publishing agency, distribution resources, licence and update cadence.	HTTP_ERR	Not Found
us-datagov-q-sanctions	https://catalog.data.gov/api/3/action/package_search?rows=100&q=sanctions	json:result.results		data.gov — Sanctions Datasets	data.gov sanctions データセット	us_government	sanctions	en	usa,opendata,ckan,datagov,sanctions	86400	Federal, state and local datasets on the US national catalogue matching 'sanctions', with publishing agency, distribution resources, licence and update cadence.	HTTP_ERR	Not Found
us-datagov-q-trade	https://catalog.data.gov/api/3/action/package_search?rows=100&q=international%20trade	json:result.results		data.gov — International Trade Datasets	data.gov international trade データセット	us_government	economy	en	usa,opendata,ckan,datagov,trade	86400	Federal, state and local datasets on the US national catalogue matching 'international trade', with publishing agency, distribution resources, licence and update cadence.	HTTP_ERR	Not Found
us-datagov-q-tariffs	https://catalog.data.gov/api/3/action/package_search?rows=100&q=tariffs	json:result.results		data.gov — Tariffs Datasets	data.gov tariffs データセット	us_government	economy	en	usa,opendata,ckan,datagov,tariffs	86400	Federal, state and local datasets on the US national catalogue matching 'tariffs', with publishing agency, distribution resources, licence and update cadence.	HTTP_ERR	Not Found
us-datagov-q-supply-chain	https://catalog.data.gov/api/3/action/package_search?rows=100&q=supply%20chain	json:result.results		data.gov — Supply Chain Datasets	data.gov supply chain データセット	us_government	economy	en	usa,opendata,ckan,datagov,supply-chain	86400	Federal, state and local datasets on the US national catalogue matching 'supply chain', with publishing agency, distribution resources, licence and update cadence.	HTTP_ERR	Not Found
us-datagov-q-semiconductors	https://catalog.data.gov/api/3/action/package_search?rows=100&q=semiconductors	json:result.results		data.gov — Semiconductors Datasets	data.gov semiconductors データセット	us_government	industry	en	usa,opendata,ckan,datagov,semiconductors	86400	Federal, state and local datasets on the US national catalogue matching 'semiconductors', with publishing agency, distribution resources, licence and update cadence.	HTTP_ERR	Not Found
us-datagov-q-manufacturing	https://catalog.data.gov/api/3/action/package_search?rows=100&q=manufacturing	json:result.results		data.gov — Manufacturing Datasets	data.gov manufacturing データセット	us_government	industry	en	usa,opendata,ckan,datagov,manufacturing	86400	Federal, state and local datasets on the US national catalogue matching 'manufacturing', with publishing agency, distribution resources, licence and update cadence.	HTTP_ERR	Not Found
us-datagov-q-mining	https://catalog.data.gov/api/3/action/package_search?rows=100&q=mining	json:result.results		data.gov — Mining Datasets	data.gov mining データセット	us_government	industry	en	usa,opendata,ckan,datagov,mining	86400	Federal, state and local datasets on the US national catalogue matching 'mining', with publishing agency, distribution resources, licence and update cadence.	HTTP_ERR	Not Found
us-datagov-q-chemicals	https://catalog.data.gov/api/3/action/package_search?rows=100&q=chemical%20facilities	json:result.results		data.gov — Chemical Facilities Datasets	data.gov chemical facilities データセット	us_government	industry	en	usa,opendata,ckan,datagov,chemicals	86400	Federal, state and local datasets on the US national catalogue matching 'chemical facilities', with publishing agency, distribution resources, licence and update cadence.	HTTP_ERR	Not Found
us-datagov-q-ports	https://catalog.data.gov/api/3/action/package_search?rows=100&q=seaports	json:result.results		data.gov — Seaports Datasets	data.gov seaports データセット	us_government	maritime	en	usa,opendata,ckan,datagov,ports	86400	Federal, state and local datasets on the US national catalogue matching 'seaports', with publishing agency, distribution resources, licence and update cadence.	HTTP_ERR	Not Found
us-datagov-q-shipping	https://catalog.data.gov/api/3/action/package_search?rows=100&q=shipping	json:result.results		data.gov — Shipping Datasets	data.gov shipping データセット	us_government	maritime	en	usa,opendata,ckan,datagov,shipping	86400	Federal, state and local datasets on the US national catalogue matching 'shipping', with publishing agency, distribution resources, licence and update cadence.	HTTP_ERR	Not Found
us-datagov-q-airports	https://catalog.data.gov/api/3/action/package_search?rows=100&q=airports	json:result.results		data.gov — Airports Datasets	data.gov airports データセット	us_government	aviation	en	usa,opendata,ckan,datagov,airports	86400	Federal, state and local datasets on the US national catalogue matching 'airports', with publishing agency, distribution resources, licence and update cadence.	HTTP_ERR	Not Found
us-datagov-q-air-traffic	https://catalog.data.gov/api/3/action/package_search?rows=100&q=air%20traffic	json:result.results		data.gov — Air Traffic Datasets	data.gov air traffic データセット	us_government	aviation	en	usa,opendata,ckan,datagov,air-traffic	86400	Federal, state and local datasets on the US national catalogue matching 'air traffic', with publishing agency, distribution resources, licence and update cadence.	HTTP_ERR	Not Found
us-datagov-q-drones	https://catalog.data.gov/api/3/action/package_search?rows=100&q=unmanned%20aircraft	json:result.results		data.gov — Unmanned Aircraft Datasets	data.gov unmanned aircraft データセット	us_government	aviation	en	usa,opendata,ckan,datagov,drones	86400	Federal, state and local datasets on the US national catalogue matching 'unmanned aircraft', with publishing agency, distribution resources, licence and update cadence.	HTTP_ERR	Not Found
us-datagov-q-space	https://catalog.data.gov/api/3/action/package_search?rows=100&q=space%20launch	json:result.results		data.gov — Space Launch Datasets	data.gov space launch データセット	us_government	space	en	usa,opendata,ckan,datagov,space	86400	Federal, state and local datasets on the US national catalogue matching 'space launch', with publishing agency, distribution resources, licence and update cadence.	HTTP_ERR	Not Found
us-datagov-q-gps	https://catalog.data.gov/api/3/action/package_search?rows=100&q=global%20positioning	json:result.results		data.gov — Global Positioning Datasets	data.gov global positioning データセット	us_government	space	en	usa,opendata,ckan,datagov,gps	86400	Federal, state and local datasets on the US national catalogue matching 'global positioning', with publishing agency, distribution resources, licence and update cadence.	HTTP_ERR	Not Found
us-datagov-q-radio	https://catalog.data.gov/api/3/action/package_search?rows=100&q=radio%20licenses	json:result.results		data.gov — Radio Licenses Datasets	data.gov radio licenses データセット	us_government	telecom	en	usa,opendata,ckan,datagov,radio	86400	Federal, state and local datasets on the US national catalogue matching 'radio licenses', with publishing agency, distribution resources, licence and update cadence.	HTTP_ERR	Not Found
us-datagov-q-wireless	https://catalog.data.gov/api/3/action/package_search?rows=100&q=wireless%20facilities	json:result.results		data.gov — Wireless Facilities Datasets	data.gov wireless facilities データセット	us_government	telecom	en	usa,opendata,ckan,datagov,wireless	86400	Federal, state and local datasets on the US national catalogue matching 'wireless facilities', with publishing agency, distribution resources, licence and update cadence.	HTTP_ERR	Not Found
us-datagov-q-fiber	https://catalog.data.gov/api/3/action/package_search?rows=100&q=fiber%20optic	json:result.results		data.gov — Fiber Optic Datasets	data.gov fiber optic データセット	us_government	telecom	en	usa,opendata,ckan,datagov,fiber	86400	Federal, state and local datasets on the US national catalogue matching 'fiber optic', with publishing agency, distribution resources, licence and update cadence.	HTTP_ERR	Not Found
us-datagov-q-data-centers	https://catalog.data.gov/api/3/action/package_search?rows=100&q=data%20centers	json:result.results		data.gov — Data Centers Datasets	data.gov data centers データセット	us_government	technology	en	usa,opendata,ckan,datagov,data-centers	86400	Federal, state and local datasets on the US national catalogue matching 'data centers', with publishing agency, distribution resources, licence and update cadence.	HTTP_ERR	Not Found
us-datagov-q-cloud	https://catalog.data.gov/api/3/action/package_search?rows=100&q=cloud%20services	json:result.results		data.gov — Cloud Services Datasets	data.gov cloud services データセット	us_government	technology	en	usa,opendata,ckan,datagov,cloud	86400	Federal, state and local datasets on the US national catalogue matching 'cloud services', with publishing agency, distribution resources, licence and update cadence.	HTTP_ERR	Not Found
us-datagov-q-artificial-intelligence	https://catalog.data.gov/api/3/action/package_search?rows=100&q=artificial%20intelligence	json:result.results		data.gov — Artificial Intelligence Datasets	data.gov artificial intelligence データセット	us_government	technology	en	usa,opendata,ckan,datagov,artificial-intelligence	86400	Federal, state and local datasets on the US national catalogue matching 'artificial intelligence', with publishing agency, distribution resources, licence and update cadence.	HTTP_ERR	Not Found
us-datagov-q-software	https://catalog.data.gov/api/3/action/package_search?rows=100&q=software%20inventory	json:result.results		data.gov — Software Inventory Datasets	data.gov software inventory データセット	us_government	technology	en	usa,opendata,ckan,datagov,software	86400	Federal, state and local datasets on the US national catalogue matching 'software inventory', with publishing agency, distribution resources, licence and update cadence.	HTTP_ERR	Not Found
us-datagov-q-it-spending	https://catalog.data.gov/api/3/action/package_search?rows=100&q=information%20technology%20spending	json:result.results		data.gov — Information Technology Spending Datasets	data.gov information technology spending データセット	us_government	technology	en	usa,opendata,ckan,datagov,it-spending	86400	Federal, state and local datasets on the US national catalogue matching 'information technology spending', with publishing agency, distribution resources, licence and update cadence.	HTTP_ERR	Not Found
us-datagov-q-privacy	https://catalog.data.gov/api/3/action/package_search?rows=100&q=privacy%20impact%20assessment	json:result.results		data.gov — Privacy Impact Assessment Datasets	data.gov privacy impact assessment データセット	us_government	transparency	en	usa,opendata,ckan,datagov,privacy	86400	Federal, state and local datasets on the US national catalogue matching 'privacy impact assessment', with publishing agency, distribution resources, licence and update cadence.	HTTP_ERR	Not Found
us-datagov-q-foia	https://catalog.data.gov/api/3/action/package_search?rows=100&q=freedom%20of%20information	json:result.results		data.gov — Freedom Of Information Datasets	data.gov freedom of information データセット	us_government	transparency	en	usa,opendata,ckan,datagov,foia	86400	Federal, state and local datasets on the US national catalogue matching 'freedom of information', with publishing agency, distribution resources, licence and update cadence.	HTTP_ERR	Not Found
us-datagov-q-inspector-general	https://catalog.data.gov/api/3/action/package_search?rows=100&q=inspector%20general	json:result.results		data.gov — Inspector General Datasets	data.gov inspector general データセット	us_government	transparency	en	usa,opendata,ckan,datagov,inspector-general	86400	Federal, state and local datasets on the US national catalogue matching 'inspector general', with publishing agency, distribution resources, licence and update cadence.	HTTP_ERR	Not Found
us-datagov-q-audit	https://catalog.data.gov/api/3/action/package_search?rows=100&q=audit%20reports	json:result.results		data.gov — Audit Reports Datasets	data.gov audit reports データセット	us_government	transparency	en	usa,opendata,ckan,datagov,audit	86400	Federal, state and local datasets on the US national catalogue matching 'audit reports', with publishing agency, distribution resources, licence and update cadence.	HTTP_ERR	Not Found
us-datagov-q-enforcement	https://catalog.data.gov/api/3/action/package_search?rows=100&q=enforcement%20actions	json:result.results		data.gov — Enforcement Actions Datasets	data.gov enforcement actions データセット	us_government	legal	en	usa,opendata,ckan,datagov,enforcement	86400	Federal, state and local datasets on the US national catalogue matching 'enforcement actions', with publishing agency, distribution resources, licence and update cadence.	HTTP_ERR	Not Found
us-datagov-q-debarment	https://catalog.data.gov/api/3/action/package_search?rows=100&q=debarment	json:result.results		data.gov — Debarment Datasets	data.gov debarment データセット	us_government	sanctions	en	usa,opendata,ckan,datagov,debarment	86400	Federal, state and local datasets on the US national catalogue matching 'debarment', with publishing agency, distribution resources, licence and update cadence.	HTTP_ERR	Not Found
us-datagov-q-export-control	https://catalog.data.gov/api/3/action/package_search?rows=100&q=export%20control	json:result.results		data.gov — Export Control Datasets	data.gov export control データセット	us_government	sanctions	en	usa,opendata,ckan,datagov,export-control	86400	Federal, state and local datasets on the US national catalogue matching 'export control', with publishing agency, distribution resources, licence and update cadence.	HTTP_ERR	Not Found
us-datagov-q-money-laundering	https://catalog.data.gov/api/3/action/package_search?rows=100&q=money%20laundering	json:result.results		data.gov — Money Laundering Datasets	data.gov money laundering データセット	us_government	finance	en	usa,opendata,ckan,datagov,money-laundering	86400	Federal, state and local datasets on the US national catalogue matching 'money laundering', with publishing agency, distribution resources, licence and update cadence.	HTTP_ERR	Not Found
us-datagov-q-fraud	https://catalog.data.gov/api/3/action/package_search?rows=100&q=fraud	json:result.results		data.gov — Fraud Datasets	data.gov fraud データセット	us_government	crime	en	usa,opendata,ckan,datagov,fraud	86400	Federal, state and local datasets on the US national catalogue matching 'fraud', with publishing agency, distribution resources, licence and update cadence.	HTTP_ERR	Not Found
us-datagov-q-human-trafficking	https://catalog.data.gov/api/3/action/package_search?rows=100&q=human%20trafficking	json:result.results		data.gov — Human Trafficking Datasets	data.gov human trafficking データセット	us_government	crime	en	usa,opendata,ckan,datagov,human-trafficking	86400	Federal, state and local datasets on the US national catalogue matching 'human trafficking', with publishing agency, distribution resources, licence and update cadence.	HTTP_ERR	Not Found
us-datagov-q-firearms	https://catalog.data.gov/api/3/action/package_search?rows=100&q=firearms	json:result.results		data.gov — Firearms Datasets	data.gov firearms データセット	us_government	security	en	usa,opendata,ckan,datagov,firearms	86400	Federal, state and local datasets on the US national catalogue matching 'firearms', with publishing agency, distribution resources, licence and update cadence.	HTTP_ERR	Not Found
us-datagov-q-hazmat	https://catalog.data.gov/api/3/action/package_search?rows=100&q=hazardous%20materials	json:result.results		data.gov — Hazardous Materials Datasets	data.gov hazardous materials データセット	us_government	disaster	en	usa,opendata,ckan,datagov,hazmat	86400	Federal, state and local datasets on the US national catalogue matching 'hazardous materials', with publishing agency, distribution resources, licence and update cadence.	HTTP_ERR	Not Found
us-datagov-q-radiation	https://catalog.data.gov/api/3/action/package_search?rows=100&q=radiation%20monitoring	json:result.results		data.gov — Radiation Monitoring Datasets	data.gov radiation monitoring データセット	us_government	environment	en	usa,opendata,ckan,datagov,radiation	86400	Federal, state and local datasets on the US national catalogue matching 'radiation monitoring', with publishing agency, distribution resources, licence and update cadence.	HTTP_ERR	Not Found
us-datagov-q-seismic	https://catalog.data.gov/api/3/action/package_search?rows=100&q=seismic%20monitoring	json:result.results		data.gov — Seismic Monitoring Datasets	data.gov seismic monitoring データセット	us_government	disaster	en	usa,opendata,ckan,datagov,seismic	86400	Federal, state and local datasets on the US national catalogue matching 'seismic monitoring', with publishing agency, distribution resources, licence and update cadence.	HTTP_ERR	Not Found
us-datagov-q-tsunami	https://catalog.data.gov/api/3/action/package_search?rows=100&q=tsunami	json:result.results		data.gov — Tsunami Datasets	data.gov tsunami データセット	us_government	disaster	en	usa,opendata,ckan,datagov,tsunami	86400	Federal, state and local datasets on the US national catalogue matching 'tsunami', with publishing agency, distribution resources, licence and update cadence.	HTTP_ERR	Not Found
us-datagov-q-drought	https://catalog.data.gov/api/3/action/package_search?rows=100&q=drought	json:result.results		data.gov — Drought Datasets	data.gov drought データセット	us_government	environment	en	usa,opendata,ckan,datagov,drought	86400	Federal, state and local datasets on the US national catalogue matching 'drought', with publishing agency, distribution resources, licence and update cadence.	HTTP_ERR	Not Found
us-datagov-q-groundwater	https://catalog.data.gov/api/3/action/package_search?rows=100&q=groundwater	json:result.results		data.gov — Groundwater Datasets	data.gov groundwater データセット	us_government	environment	en	usa,opendata,ckan,datagov,groundwater	86400	Federal, state and local datasets on the US national catalogue matching 'groundwater', with publishing agency, distribution resources, licence and update cadence.	HTTP_ERR	Not Found
us-datagov-q-coastal	https://catalog.data.gov/api/3/action/package_search?rows=100&q=coastal%20zone	json:result.results		data.gov — Coastal Zone Datasets	data.gov coastal zone データセット	us_government	maritime	en	usa,opendata,ckan,datagov,coastal	86400	Federal, state and local datasets on the US national catalogue matching 'coastal zone', with publishing agency, distribution resources, licence and update cadence.	HTTP_ERR	Not Found
us-datagov-q-fisheries	https://catalog.data.gov/api/3/action/package_search?rows=100&q=fisheries	json:result.results		data.gov — Fisheries Datasets	data.gov fisheries データセット	us_government	maritime	en	usa,opendata,ckan,datagov,fisheries	86400	Federal, state and local datasets on the US national catalogue matching 'fisheries', with publishing agency, distribution resources, licence and update cadence.	HTTP_ERR	Not Found
us-datagov-organization-list	https://catalog.data.gov/api/3/action/organization_list?all_fields=true&limit=1000	json:result		data.gov — Publisher Registry	data.gov 提供組織一覧	us_government	registry	en	usa,opendata,ckan,registry,organization-list	86400	Every publishing organisation in the portal with title, description and dataset count. Source: the US national open-data catalogue.	HTTP_ERR	Not Found
us-datagov-group-list	https://catalog.data.gov/api/3/action/group_list?all_fields=true	json:result		data.gov — Group Registry	data.gov グループ一覧	us_government	registry	en	usa,opendata,ckan,registry,group-list	86400	Every thematic group defined in the portal, with dataset counts. Source: the US national open-data catalogue.	HTTP_ERR	Not Found
us-datagov-tag-list	https://catalog.data.gov/api/3/action/tag_list?all_fields=false	json:result		data.gov — Tag Vocabulary	data.gov タグ語彙	us_government	registry	en	usa,opendata,ckan,registry,tag-list	86400	The portal's full free-tag vocabulary — a cheap map of what the publisher covers. Source: the US national open-data catalogue.	HTTP_ERR	Not Found
us-datagov-license-list	https://catalog.data.gov/api/3/action/license_list	json:result		data.gov — Licence Registry	data.gov ライセンス一覧	us_government	registry	en	usa,opendata,ckan,registry,license-list	86400	Licences in use across the portal's datasets. Source: the US national open-data catalogue.	HTTP_ERR	Not Found
us-datagov-recent-changes	https://catalog.data.gov/api/3/action/recently_changed_packages_activity_list?limit=100	json:result		data.gov — Recent Dataset Activity	data.gov 最近の更新	us_government	registry	en	usa,opendata,ckan,registry,recent-changes	86400	The most recent create/update activity across the whole catalogue — a change feed for the portal. Source: the US national open-data catalogue.	HTTP_ERR	Not Found
us-socrata-metadata-cook	https://datacatalog.cookcountyil.gov/api/views/metadata/v1?limit=100	json-array		Cook County Open Data — Asset Metadata	クック郡 メタデータ	us_state	opendata	en	usa,opendata,socrata,metadata,cook	86400	Portal-side metadata for the assets hosted on datacatalog.cookcountyil.gov: name, description, category, tags, attribution, licence, owner and provenance for each view.	HTTP_ERR	Server Error
us-socrata-discovery-california	https://api.us.socrata.com/api/catalog/v1?limit=100&domains=data.ca.gov	json:results		State of California Open Data — Asset Discovery	カリフォルニア州 データ資産一覧	us_state	registry	en	usa,opendata,socrata,discovery,california	86400	Every dataset, chart, map, filtered view and file published on data.ca.gov, via the Socrata federated discovery API: identifier, owner, category, column schema and update time.	HTTP_ERR	Not Found
us-socrata-metadata-california	https://data.ca.gov/api/views/metadata/v1?limit=100	json-array		State of California Open Data — Asset Metadata	カリフォルニア州 メタデータ	us_state	opendata	en	usa,opendata,socrata,metadata,california	86400	Portal-side metadata for the assets hosted on data.ca.gov: name, description, category, tags, attribution, licence, owner and provenance for each view.	HTTP_ERR	Not Found
us-socrata-discovery-sandiego	https://api.us.socrata.com/api/catalog/v1?limit=100&domains=data.sandiego.gov	json:results		City of San Diego Open Data — Asset Discovery	サンディエゴ市 データ資産一覧	us_state	registry	en	usa,opendata,socrata,discovery,sandiego	86400	Every dataset, chart, map, filtered view and file published on data.sandiego.gov, via the Socrata federated discovery API: identifier, owner, category, column schema and update time.	HTTP_ERR	Not Found
us-socrata-metadata-sandiego	https://data.sandiego.gov/api/views/metadata/v1?limit=100	json-array		City of San Diego Open Data — Asset Metadata	サンディエゴ市 メタデータ	us_state	opendata	en	usa,opendata,socrata,metadata,sandiego	86400	Portal-side metadata for the assets hosted on data.sandiego.gov: name, description, category, tags, attribution, licence, owner and provenance for each view.	HTTP_ERR	Not Found
us-socrata-discovery-utah	https://api.us.socrata.com/api/catalog/v1?limit=100&domains=opendata.utah.gov	json:results		State of Utah Open Data — Asset Discovery	ユタ州 データ資産一覧	us_state	registry	en	usa,opendata,socrata,discovery,utah	86400	Every dataset, chart, map, filtered view and file published on opendata.utah.gov, via the Socrata federated discovery API: identifier, owner, category, column schema and update time.	HTTP_ERR	Not Found
us-socrata-metadata-utah	https://opendata.utah.gov/api/views/metadata/v1?limit=100	json-array		State of Utah Open Data — Asset Metadata	ユタ州 メタデータ	us_state	opendata	en	usa,opendata,socrata,metadata,utah	86400	Portal-side metadata for the assets hosted on opendata.utah.gov: name, description, category, tags, attribution, licence, owner and provenance for each view.	HTTP_ERR	Not Found
us-socrata-discovery-hawaii	https://api.us.socrata.com/api/catalog/v1?limit=100&domains=data.hawaii.gov	json:results		State of Hawaii Open Data — Asset Discovery	ハワイ州 データ資産一覧	us_state	registry	en	usa,opendata,socrata,discovery,hawaii	86400	Every dataset, chart, map, filtered view and file published on data.hawaii.gov, via the Socrata federated discovery API: identifier, owner, category, column schema and update time.	HTTP_ERR	Not Found
us-socrata-metadata-hawaii	https://data.hawaii.gov/api/views/metadata/v1?limit=100	json-array		State of Hawaii Open Data — Asset Metadata	ハワイ州 メタデータ	us_state	opendata	en	usa,opendata,socrata,metadata,hawaii	86400	Portal-side metadata for the assets hosted on data.hawaii.gov: name, description, category, tags, attribution, licence, owner and provenance for each view.	HTTP_ERR	Not Found
us-socrata-discovery-baltimore	https://api.us.socrata.com/api/catalog/v1?limit=100&domains=data.baltimorecity.gov	json:results		City of Baltimore Open Data — Asset Discovery	ボルチモア市 データ資産一覧	us_state	registry	en	usa,opendata,socrata,discovery,baltimore	86400	Every dataset, chart, map, filtered view and file published on data.baltimorecity.gov, via the Socrata federated discovery API: identifier, owner, category, column schema and update time.	HTTP_ERR	Not Found
us-socrata-metadata-baltimore	https://data.baltimorecity.gov/api/views/metadata/v1?limit=100	json-array		City of Baltimore Open Data — Asset Metadata	ボルチモア市 メタデータ	us_state	opendata	en	usa,opendata,socrata,metadata,baltimore	86400	Portal-side metadata for the assets hosted on data.baltimorecity.gov: name, description, category, tags, attribution, licence, owner and provenance for each view.	HTTP_ERR	Not Found
us-socrata-discovery-virginia	https://api.us.socrata.com/api/catalog/v1?limit=100&domains=data.virginia.gov	json:results		Commonwealth of Virginia Open Data — Asset Discovery	バージニア州 データ資産一覧	us_state	registry	en	usa,opendata,socrata,discovery,virginia	86400	Every dataset, chart, map, filtered view and file published on data.virginia.gov, via the Socrata federated discovery API: identifier, owner, category, column schema and update time.	HTTP_ERR	Not Found
us-socrata-metadata-virginia	https://data.virginia.gov/api/views/metadata/v1?limit=100	json-array		Commonwealth of Virginia Open Data — Asset Metadata	バージニア州 メタデータ	us_state	opendata	en	usa,opendata,socrata,metadata,virginia	86400	Portal-side metadata for the assets hosted on data.virginia.gov: name, description, category, tags, attribution, licence, owner and provenance for each view.	HTTP_ERR	Not Found
us-socrata-metadata-delaware	https://data.delaware.gov/api/views/metadata/v1?limit=100	json-array		State of Delaware Open Data — Asset Metadata	デラウェア州 メタデータ	us_state	opendata	en	usa,opendata,socrata,metadata,delaware	86400	Portal-side metadata for the assets hosted on data.delaware.gov: name, description, category, tags, attribution, licence, owner and provenance for each view.	HTTP_ERR	Server Error
us-socrata-discovery-iowa	https://api.us.socrata.com/api/catalog/v1?limit=100&domains=data.iowa.gov	json:results		State of Iowa Open Data — Asset Discovery	アイオワ州 データ資産一覧	us_state	registry	en	usa,opendata,socrata,discovery,iowa	86400	Every dataset, chart, map, filtered view and file published on data.iowa.gov, via the Socrata federated discovery API: identifier, owner, category, column schema and update time.	HTTP_ERR	Not Found
us-socrata-metadata-iowa	https://data.iowa.gov/api/views/metadata/v1?limit=100	json-array		State of Iowa Open Data — Asset Metadata	アイオワ州 メタデータ	us_state	opendata	en	usa,opendata,socrata,metadata,iowa	86400	Portal-side metadata for the assets hosted on data.iowa.gov: name, description, category, tags, attribution, licence, owner and provenance for each view.	HTTP_ERR	Not Found
us-socrata-discovery-nashville	https://api.us.socrata.com/api/catalog/v1?limit=100&domains=data.nashville.gov	json:results		Metro Nashville Open Data — Asset Discovery	ナッシュビル市 データ資産一覧	us_state	registry	en	usa,opendata,socrata,discovery,nashville	86400	Every dataset, chart, map, filtered view and file published on data.nashville.gov, via the Socrata federated discovery API: identifier, owner, category, column schema and update time.	HTTP_ERR	Not Found
us-socrata-metadata-nashville	https://data.nashville.gov/api/views/metadata/v1?limit=100	json-array		Metro Nashville Open Data — Asset Metadata	ナッシュビル市 メタデータ	us_state	opendata	en	usa,opendata,socrata,metadata,nashville	86400	Portal-side metadata for the assets hosted on data.nashville.gov: name, description, category, tags, attribution, licence, owner and provenance for each view.	HTTP_ERR	Not Found
us-socrata-discovery-louisville	https://api.us.socrata.com/api/catalog/v1?limit=100&domains=data.louisvilleky.gov	json:results		Louisville Metro Open Data — Asset Discovery	ルイビル市 データ資産一覧	us_state	registry	en	usa,opendata,socrata,discovery,louisville	86400	Every dataset, chart, map, filtered view and file published on data.louisvilleky.gov, via the Socrata federated discovery API: identifier, owner, category, column schema and update time.	HTTP_ERR	Not Found
us-socrata-metadata-louisville	https://data.louisvilleky.gov/api/views/metadata/v1?limit=100	json-array		Louisville Metro Open Data — Asset Metadata	ルイビル市 メタデータ	us_state	opendata	en	usa,opendata,socrata,metadata,louisville	86400	Portal-side metadata for the assets hosted on data.louisvilleky.gov: name, description, category, tags, attribution, licence, owner and provenance for each view.	HTTP_ERR	Not Found
us-socrata-discovery-boston	https://api.us.socrata.com/api/catalog/v1?limit=100&domains=data.boston.gov	json:results		City of Boston Open Data — Asset Discovery	ボストン市 データ資産一覧	us_state	registry	en	usa,opendata,socrata,discovery,boston	86400	Every dataset, chart, map, filtered view and file published on data.boston.gov, via the Socrata federated discovery API: identifier, owner, category, column schema and update time.	HTTP_ERR	Not Found
us-socrata-metadata-boston	https://data.boston.gov/api/views/metadata/v1?limit=100	json-array		City of Boston Open Data — Asset Metadata	ボストン市 メタデータ	us_state	opendata	en	usa,opendata,socrata,metadata,boston	86400	Portal-side metadata for the assets hosted on data.boston.gov: name, description, category, tags, attribution, licence, owner and provenance for each view.	HTTP_ERR	Not Found
us-socrata-discovery-medicare	https://api.us.socrata.com/api/catalog/v1?limit=100&domains=data.cms.gov	json:results		US Centers for Medicare and Medicaid Data — Asset Discovery	米国CMS データ資産一覧	us_state	registry	en	usa,opendata,socrata,discovery,medicare	86400	Every dataset, chart, map, filtered view and file published on data.cms.gov, via the Socrata federated discovery API: identifier, owner, category, column schema and update time.	HTTP_ERR	Not Found
us-socrata-metadata-medicare	https://data.cms.gov/api/views/metadata/v1?limit=100	json-array		US Centers for Medicare and Medicaid Data — Asset Metadata	米国CMS メタデータ	us_state	opendata	en	usa,opendata,socrata,metadata,medicare	86400	Portal-side metadata for the assets hosted on data.cms.gov: name, description, category, tags, attribution, licence, owner and provenance for each view.	UNPARSEABLE	<!DOCTYPE html> <html lang="en"> <head> <title>Centers for Medicare & Medi
us-socrata-discovery-energy	https://api.us.socrata.com/api/catalog/v1?limit=100&domains=data.openei.org	json:results		US Open Energy Information — Asset Discovery	米国エネルギー情報 データ資産一覧	us_state	registry	en	usa,opendata,socrata,discovery,energy	86400	Every dataset, chart, map, filtered view and file published on data.openei.org, via the Socrata federated discovery API: identifier, owner, category, column schema and update time.	HTTP_ERR	Not Found
us-socrata-metadata-energy	https://data.openei.org/api/views/metadata/v1?limit=100	json-array		US Open Energy Information — Asset Metadata	米国エネルギー情報 メタデータ	us_state	opendata	en	usa,opendata,socrata,metadata,energy	86400	Portal-side metadata for the assets hosted on data.openei.org: name, description, category, tags, attribution, licence, owner and provenance for each view.	HTTP_ERR	Not Found
us-socrata-discovery-ojp	https://api.us.socrata.com/api/catalog/v1?limit=100&domains=data.ojp.usdoj.gov	json:results		US Office of Justice Programs Data — Asset Discovery	米国司法プログラム局 データ資産一覧	us_state	registry	en	usa,opendata,socrata,discovery,ojp	86400	Every dataset, chart, map, filtered view and file published on data.ojp.usdoj.gov, via the Socrata federated discovery API: identifier, owner, category, column schema and update time.	HTTP_ERR	Not Found
us-socrata-metadata-ojp	https://data.ojp.usdoj.gov/api/views/metadata/v1?limit=100	json-array		US Office of Justice Programs Data — Asset Metadata	米国司法プログラム局 メタデータ	us_state	opendata	en	usa,opendata,socrata,metadata,ojp	86400	Portal-side metadata for the assets hosted on data.ojp.usdoj.gov: name, description, category, tags, attribution, licence, owner and provenance for each view.	NET_ERR	[Errno -5] No address associated with hostname
us-socrata-discovery-hrsa	https://api.us.socrata.com/api/catalog/v1?limit=100&domains=data.hrsa.gov	json:results		US Health Resources and Services Data — Asset Discovery	米国HRSA データ資産一覧	us_state	registry	en	usa,opendata,socrata,discovery,hrsa	86400	Every dataset, chart, map, filtered view and file published on data.hrsa.gov, via the Socrata federated discovery API: identifier, owner, category, column schema and update time.	HTTP_ERR	Not Found
us-socrata-metadata-hrsa	https://data.hrsa.gov/api/views/metadata/v1?limit=100	json-array		US Health Resources and Services Data — Asset Metadata	米国HRSA メタデータ	us_state	opendata	en	usa,opendata,socrata,metadata,hrsa	86400	Portal-side metadata for the assets hosted on data.hrsa.gov: name, description, category, tags, attribution, licence, owner and provenance for each view.	UNPARSEABLE	<!DOCTYPE html> <html lang="en-US"> <head> <meta charset="utf-8"> 
us-socrata-discovery-performance	https://api.us.socrata.com/api/catalog/v1?limit=100&domains=performance.gov	json:results		US Federal Performance Data — Asset Discovery	米国政府実績データ データ資産一覧	us_state	registry	en	usa,opendata,socrata,discovery,performance	86400	Every dataset, chart, map, filtered view and file published on performance.gov, via the Socrata federated discovery API: identifier, owner, category, column schema and update time.	HTTP_ERR	Not Found
us-socrata-metadata-performance	https://performance.gov/api/views/metadata/v1?limit=100	json-array		US Federal Performance Data — Asset Metadata	米国政府実績データ メタデータ	us_state	opendata	en	usa,opendata,socrata,metadata,performance	86400	Portal-side metadata for the assets hosted on performance.gov: name, description, category, tags, attribution, licence, owner and provenance for each view.	HTTP_ERR	Not Found
us-caltrans-lcs-d07	https://cwwp2.dot.ca.gov/data/d7/lcs/lcsStatusD07.json	json:data		Caltrans Lane Closures — District 07 (Los Angeles / Ventura)	カリフォルニア州車線規制 第07管区	us_cameras	transport	en	usa,california,roadway,closure,d07	1800	Active and planned lane closures in Caltrans District 07 (Los Angeles / Ventura): route, postmile range, work type, schedule and the closure's coordinates.	TOO_BIG	over 8MB
