# Batch 32 candidates fetched, probed and run through the binary that are NOT shipped, with why. "reserve" rows are
# verified and can be promoted as-is (the last column is the full manifest line); the others are dead or would go stale.
id	beat	reason	manifest_line
JO32_JPS_MADB_GAME	jpsearch2	lowest-yield static row in the pool (1688 records per run); verified, kept as reserve	JO32_JPS_MADB_GAME|json|any|archive|digital-archive-record|japan,jpsearch,digital-archive|https://jpsearch.go.jp/database|Japan Search — Media Arts Database (Game area) (madb_game)|ジャパンサーチ — メディア芸術データベース（ゲーム分野）|https://jpsearch.go.jp/api/item/search/jps-cross?keyword=&f-db=madb_game&size=500&from=0|https://jpsearch.go.jp/api/item/search/jps-cross?keyword=&f-db=madb_game&size=500&from=0|Japan Search jps-cross item API filtered to database madb_game (メディア芸術データベース（ゲーム分野）, category game) with an empty keyword. Fetched 2026-09-30 with UA JapanOSINT/1.0: hit=49,684, the first page (size=500) returned 500 records with 500 distinct ids, first record '討鬼伝 極. 株式会社コーエーテクモゲームス. 2014-08-28. プレイステーション Vita. コンピュータ・チ'. Each record carries a top-level id (madb_game-...), common.title, common.database/provider/ownerOrg, common.linkUrl into the source viewer (500 of 500), common.lastUpdatedDate (epoch ms). The filter is honoured: the unfiltered query answers hit=32,846,684. The upstream refuses from+size>2000 (from=1949&size=500 and size=1000 both answer hit=0, measured 2026-09-30), so the 4 pages of 500 declared here reach 2,000 of the 49,684 records: a bounded view of an upstream ceiling, stated here. Measured through the real binary 2026-09-30: emitted 2000, stored 1688 distinct. The upstream's from-paging has no stable order (no sort parameter is documented, and a repeat call of page 1 of madb_game returned a disjoint set), so the same record can come back on two pages of one walk and the sink keeps it once; the 312 not stored are repeats of records already written, not distinct records lost to a key collision.|interval=604800;array_path=list;id_keys=id;title_keys=common.title;date_keys=common.lastUpdatedDate;link_keys=common.linkUrl;page_param=from;page_size=500;page_zero_based=1;page_max=4;header1=User-Agent: JapanOSINT/1.0;timeout_ms=90000
JO32_JPS_MADB_MEDIAART	jpsearch2	lowest-yield static row in the pool (1033 records per run); verified, kept as reserve	JO32_JPS_MADB_MEDIAART|json|any|archive|digital-archive-record|japan,jpsearch,digital-archive|https://jpsearch.go.jp/database|Japan Search — Media Arts Database (Media art area) (madb_mediaart)|ジャパンサーチ — メディア芸術データベース（メディアアート分野）|https://jpsearch.go.jp/api/item/search/jps-cross?keyword=&f-db=madb_mediaart&size=500&from=0|https://jpsearch.go.jp/api/item/search/jps-cross?keyword=&f-db=madb_mediaart&size=500&from=0|Japan Search jps-cross item API filtered to database madb_mediaart (メディア芸術データベース（メディアアート分野）, category media) with an empty keyword. Fetched 2026-09-30 with UA JapanOSINT/1.0: hit=16,670, the first page (size=500) returned 500 records with 500 distinct ids, first record '夕暮（「送別の組曲」シリーズ）'. Each record carries a top-level id (madb_mediaart-...), common.title, common.database/provider/ownerOrg, common.linkUrl into the source viewer (500 of 500), common.lastUpdatedDate (epoch ms). The filter is honoured: the unfiltered query answers hit=32,846,684. The upstream refuses from+size>2000 (from=1949&size=500 and size=1000 both answer hit=0, measured 2026-09-30), so the 4 pages of 500 declared here reach 2,000 of the 16,670 records: a bounded view of an upstream ceiling, stated here. Measured through the real binary 2026-09-30: emitted 2000, stored 1033 distinct. The upstream's from-paging has no stable order (no sort parameter is documented, and a repeat call of page 1 of madb_game returned a disjoint set), so the same record can come back on two pages of one walk and the sink keeps it once; the 967 not stored are repeats of records already written, not distinct records lost to a key collision.|interval=604800;array_path=list;id_keys=id;title_keys=common.title;date_keys=common.lastUpdatedDate;link_keys=common.linkUrl;page_param=from;page_size=500;page_zero_based=1;page_max=4;header1=User-Agent: JapanOSINT/1.0;timeout_ms=90000
JO32_JPS_NME_MOVCAT	jpsearch2	lowest-yield static row in the pool (1506 records per run); verified, kept as reserve	JO32_JPS_NME_MOVCAT|json|any|archive|digital-archive-record|japan,jpsearch,digital-archive|https://jpsearch.go.jp/database|Japan Search — Visual Materials Catalog (nme_movcat)|ジャパンサーチ — 映像資料目録|https://jpsearch.go.jp/api/item/search/jps-cross?keyword=&f-db=nme_movcat&size=500&from=0|https://jpsearch.go.jp/api/item/search/jps-cross?keyword=&f-db=nme_movcat&size=500&from=0|Japan Search jps-cross item API filtered to database nme_movcat (映像資料目録, category humanities) with an empty keyword. Fetched 2026-09-30 with UA JapanOSINT/1.0: hit=8,487, the first page (size=500) returned 500 records with 500 distinct ids, first record '映像でつづる20世紀世界の記録 ; 30 ; 地球時代の幕開け ; 1987〜1990'. Each record carries a top-level id (nme_movcat-...), common.title, common.database/provider/ownerOrg, common.linkUrl into the source viewer (500 of 500), common.lastUpdatedDate (epoch ms). The filter is honoured: the unfiltered query answers hit=32,846,684. The upstream refuses from+size>2000 (from=1949&size=500 and size=1000 both answer hit=0, measured 2026-09-30), so the 4 pages of 500 declared here reach 2,000 of the 8,487 records: a bounded view of an upstream ceiling, stated here. Measured through the real binary 2026-09-30: emitted 2000, stored 1506 distinct. The upstream's from-paging has no stable order (no sort parameter is documented, and a repeat call of page 1 of madb_game returned a disjoint set), so the same record can come back on two pages of one walk and the sink keeps it once; the 494 not stored are repeats of records already written, not distinct records lost to a key collision.|interval=604800;array_path=list;id_keys=id;title_keys=common.title;date_keys=common.lastUpdatedDate;link_keys=common.linkUrl;page_param=from;page_size=500;page_zero_based=1;page_max=4;header1=User-Agent: JapanOSINT/1.0;timeout_ms=90000
JO32_JPS_NFAD	jpsearch2	lowest-yield static row in the pool (1604 records per run); verified, kept as reserve	JO32_JPS_NFAD|json|any|archive|digital-archive-record|japan,jpsearch,digital-archive|https://jpsearch.go.jp/database|Japan Search — Film Collection: National Film Archive of Japan (nfad)|ジャパンサーチ — 国立映画アーカイブ所蔵映画フィルム検索システム|https://jpsearch.go.jp/api/item/search/jps-cross?keyword=&f-db=nfad&size=500&from=0|https://jpsearch.go.jp/api/item/search/jps-cross?keyword=&f-db=nfad&size=500&from=0|Japan Search jps-cross item API filtered to database nfad (国立映画アーカイブ所蔵映画フィルム検索システム, category movie) with an empty keyword. Fetched 2026-09-30 with UA JapanOSINT/1.0: hit=8,305, the first page (size=500) returned 500 records with 500 distinct ids, first record '『ウォーターボーイズ』, 35mm, カラー, 91分, 上映用ポジ'. Each record carries a top-level id (nfad-...), common.title, common.database/provider/ownerOrg, common.linkUrl into the source viewer (500 of 500), common.lastUpdatedDate (epoch ms). The filter is honoured: the unfiltered query answers hit=32,846,684. The upstream refuses from+size>2000 (from=1949&size=500 and size=1000 both answer hit=0, measured 2026-09-30), so the 4 pages of 500 declared here reach 2,000 of the 8,305 records: a bounded view of an upstream ceiling, stated here. Measured through the real binary 2026-09-30: emitted 2000, stored 1604 distinct. The upstream's from-paging has no stable order (no sort parameter is documented, and a repeat call of page 1 of madb_game returned a disjoint set), so the same record can come back on two pages of one walk and the sink keeps it once; the 396 not stored are repeats of records already written, not distinct records lost to a key collision.|interval=604800;array_path=list;id_keys=id;title_keys=common.title;date_keys=common.lastUpdatedDate;link_keys=common.linkUrl;page_param=from;page_size=500;page_zero_based=1;page_max=4;header1=User-Agent: JapanOSINT/1.0;timeout_ms=90000
JO32_JPS_SF004	jpsearch2	lowest-yield static row in the pool (1651 records per run); verified, kept as reserve	JO32_JPS_SF004|json|any|archive|digital-archive-record|japan,jpsearch,digital-archive|https://jpsearch.go.jp/database|Japan Search — Shibusawa Shashi Database (sf004)|ジャパンサーチ — 渋沢社史データベース|https://jpsearch.go.jp/api/item/search/jps-cross?keyword=&f-db=sf004&size=500&from=0|https://jpsearch.go.jp/api/item/search/jps-cross?keyword=&f-db=sf004&size=500&from=0|Japan Search jps-cross item API filtered to database sf004 (渋沢社史データベース, category humanities) with an empty keyword. Fetched 2026-09-30 with UA JapanOSINT/1.0: hit=1,650, the first page (size=500) returned 500 records with 500 distinct ids, first record '四国地方電気事業史 : 経済社会の発展を通じて'. Each record carries a top-level id (sf004-...), common.title, common.database/provider/ownerOrg, common.linkUrl into the source viewer (500 of 500), common.lastUpdatedDate (epoch ms), common.description (500 of 500). The filter is honoured: the unfiltered query answers hit=32,846,684. hit=1,650 fits inside the 2,000-record window the upstream allows (from+size<=2000, size<=500), so the walk of 4 page(s) of 500 is the complete set.|interval=604800;array_path=list;id_keys=id;title_keys=common.title;date_keys=common.lastUpdatedDate;link_keys=common.linkUrl;body_keys=common.description;page_param=from;page_size=500;page_zero_based=1;page_max=4;header1=User-Agent: JapanOSINT/1.0;timeout_ms=90000
JO32_JPS_GYOSEI	jpsearch2	lowest-yield static row in the pool (1689 records per run); verified, kept as reserve	JO32_JPS_GYOSEI|json|any|archive|digital-archive-record|japan,jpsearch,digital-archive|https://jpsearch.go.jp/database|Japan Search — Administrative Records (gyosei)|ジャパンサーチ — 三重県行政資料|https://jpsearch.go.jp/api/item/search/jps-cross?keyword=&f-db=gyosei&size=500&from=0|https://jpsearch.go.jp/api/item/search/jps-cross?keyword=&f-db=gyosei&size=500&from=0|Japan Search jps-cross item API filtered to database gyosei (三重県行政資料, category book,regional) with an empty keyword. Fetched 2026-09-30 with UA JapanOSINT/1.0: hit=1,828, the first page (size=500) returned 500 records with 500 distinct ids, first record '港湾統計（流動表）令和３年（２０２１年）'. Each record carries a top-level id (gyosei-...), common.title, common.database/provider/ownerOrg, common.linkUrl into the source viewer (500 of 500), common.lastUpdatedDate (epoch ms). The filter is honoured: the unfiltered query answers hit=32,846,684. hit=1,828 fits inside the 2,000-record window the upstream allows (from+size<=2000, size<=500), so the walk of 4 page(s) of 500 is the complete set. Measured through the real binary 2026-09-30: emitted 1828, stored 1689 distinct. The upstream's from-paging has no stable order (no sort parameter is documented, and a repeat call of page 1 of madb_game returned a disjoint set), so the same record can come back on two pages of one walk and the sink keeps it once; the 139 not stored are repeats of records already written, not distinct records lost to a key collision.|interval=604800;array_path=list;id_keys=id;title_keys=common.title;date_keys=common.lastUpdatedDate;link_keys=common.linkUrl;page_param=from;page_size=500;page_zero_based=1;page_max=4;header1=User-Agent: JapanOSINT/1.0;timeout_ms=90000
JO32_JPS_BUNKAZAI_VIDEO	jpsearch2	lowest-yield static row in the pool (1683 records per run); verified, kept as reserve	JO32_JPS_BUNKAZAI_VIDEO|json|any|archive|digital-archive-record|japan,jpsearch,digital-archive,geo|https://jpsearch.go.jp/database|Japan Search — Cultural Heritage Video Library / ReelJapan (bunkazai_video)|ジャパンサーチ — 文化財動画ライブラリー|https://jpsearch.go.jp/api/item/search/jps-cross?keyword=&f-db=bunkazai_video&size=500&from=0|https://jpsearch.go.jp/api/item/search/jps-cross?keyword=&f-db=bunkazai_video&size=500&from=0|Japan Search jps-cross item API filtered to database bunkazai_video (文化財動画ライブラリー, category humanities,cultural,broadcast) with an empty keyword. Fetched 2026-09-30 with UA JapanOSINT/1.0: hit=1,695, the first page (size=500) returned 500 records with 500 distinct ids, first record '発見！前橋城大手門石垣'. Each record carries a top-level id (bunkazai_video-...), common.title, common.database/provider/ownerOrg, common.linkUrl into the source viewer (500 of 500), common.lastUpdatedDate (epoch ms), common.description (500 of 500), common.coordinates {lat,lon} (485 of 500). The filter is honoured: the unfiltered query answers hit=32,846,684. hit=1,695 fits inside the 2,000-record window the upstream allows (from+size<=2000, size<=500), so the walk of 4 page(s) of 500 is the complete set. Measured through the real binary 2026-09-30: emitted 1695, stored 1683 distinct. The upstream's from-paging has no stable order (no sort parameter is documented, and a repeat call of page 1 of madb_game returned a disjoint set), so the same record can come back on two pages of one walk and the sink keeps it once; the 12 not stored are repeats of records already written, not distinct records lost to a key collision.|interval=604800;array_path=list;id_keys=id;title_keys=common.title;date_keys=common.lastUpdatedDate;link_keys=common.linkUrl;body_keys=common.description;lat_key=common.coordinates.lat;lon_key=common.coordinates.lon;page_param=from;page_size=500;page_zero_based=1;page_max=4;header1=User-Agent: JapanOSINT/1.0;timeout_ms=90000
JO32_JPS_KOCHIZU_COLLECTION	jpsearch2	lowest-yield static row in the pool (1415 records per run); verified, kept as reserve	JO32_JPS_KOCHIZU_COLLECTION|json|any|archive|digital-archive-record|japan,jpsearch,digital-archive,geo|https://jpsearch.go.jp/database|Japan Search — Collection of Old Maps (kochizu_collection)|ジャパンサーチ — 古地図コレクション|https://jpsearch.go.jp/api/item/search/jps-cross?keyword=&f-db=kochizu_collection&size=500&from=0|https://jpsearch.go.jp/api/item/search/jps-cross?keyword=&f-db=kochizu_collection&size=500&from=0|Japan Search jps-cross item API filtered to database kochizu_collection (古地図コレクション, category map) with an empty keyword. Fetched 2026-09-30 with UA JapanOSINT/1.0: hit=1,525, the first page (size=500) returned 500 records with 500 distinct ids, first record '新鐫 長崎之図'. Each record carries a top-level id (kochizu_collection-...), common.title, common.database/provider/ownerOrg, common.linkUrl into the source viewer (500 of 500), common.lastUpdatedDate (epoch ms), common.coordinates {lat,lon} (64 of 500). The filter is honoured: the unfiltered query answers hit=32,846,684. hit=1,525 fits inside the 2,000-record window the upstream allows (from+size<=2000, size<=500), so the walk of 4 page(s) of 500 is the complete set. Measured through the real binary 2026-09-30: emitted 1525, stored 1415 distinct. The upstream's from-paging has no stable order (no sort parameter is documented, and a repeat call of page 1 of madb_game returned a disjoint set), so the same record can come back on two pages of one walk and the sink keeps it once; the 110 not stored are repeats of records already written, not distinct records lost to a key collision.|interval=604800;array_path=list;id_keys=id;title_keys=common.title;date_keys=common.lastUpdatedDate;link_keys=common.linkUrl;lat_key=common.coordinates.lat;lon_key=common.coordinates.lon;page_param=from;page_size=500;page_zero_based=1;page_max=4;header1=User-Agent: JapanOSINT/1.0;timeout_ms=90000
JO32_JPS_MIEBUNKAZAI	jpsearch2	lowest-yield static row in the pool (1245 records per run); verified, kept as reserve	JO32_JPS_MIEBUNKAZAI|json|any|archive|digital-archive-record|japan,jpsearch,digital-archive,geo|https://jpsearch.go.jp/database|Japan Search — Designated Cultural Properties in Mie Prefecture (miebunkazai)|ジャパンサーチ — 三重県内の指定文化財|https://jpsearch.go.jp/api/item/search/jps-cross?keyword=&f-db=miebunkazai&size=500&from=0|https://jpsearch.go.jp/api/item/search/jps-cross?keyword=&f-db=miebunkazai&size=500&from=0|Japan Search jps-cross item API filtered to database miebunkazai (三重県内の指定文化財, category cultural,regional) with an empty keyword. Fetched 2026-09-30 with UA JapanOSINT/1.0: hit=1,244, the first page (size=500) returned 500 records with 500 distinct ids, first record '絹本著色禅源大済禅師像'. Each record carries a top-level id (miebunkazai-...), common.title, common.database/provider/ownerOrg, common.linkUrl into the source viewer (500 of 500), common.lastUpdatedDate (epoch ms), common.description (500 of 500), common.coordinates {lat,lon} (500 of 500). The filter is honoured: the unfiltered query answers hit=32,846,684. hit=1,244 fits inside the 2,000-record window the upstream allows (from+size<=2000, size<=500), so the walk of 3 page(s) of 500 is the complete set.|interval=604800;array_path=list;id_keys=id;title_keys=common.title;date_keys=common.lastUpdatedDate;link_keys=common.linkUrl;body_keys=common.description;lat_key=common.coordinates.lat;lon_key=common.coordinates.lon;page_param=from;page_size=500;page_zero_based=1;page_max=3;header1=User-Agent: JapanOSINT/1.0;timeout_ms=90000
JO32_JPS_SHOWA_CHART	jpsearch2	lowest-yield static row in the pool (1248 records per run); verified, kept as reserve	JO32_JPS_SHOWA_CHART|json|any|archive|digital-archive-record|japan,jpsearch,digital-archive,geo|https://jpsearch.go.jp/database|Japan Search — Showa-kan Digital Archive : nautical charts (Showa_chart)|ジャパンサーチ — 昭和館デジタルアーカイブ ： 海図目録|https://jpsearch.go.jp/api/item/search/jps-cross?keyword=&f-db=Showa_chart&size=500&from=0|https://jpsearch.go.jp/api/item/search/jps-cross?keyword=&f-db=Showa_chart&size=500&from=0|Japan Search jps-cross item API filtered to database Showa_chart (昭和館デジタルアーカイブ ： 海図目録, category map) with an empty keyword. Fetched 2026-09-30 with UA JapanOSINT/1.0: hit=1,247, the first page (size=500) returned 500 records with 500 distinct ids, first record 'シトカ港及附近'. Each record carries a top-level id (Showa_chart-...), common.title, common.database/provider/ownerOrg, common.lastUpdatedDate (epoch ms), common.coordinates {lat,lon} (272 of 500). The filter is honoured: the unfiltered query answers hit=32,846,684. hit=1,247 fits inside the 2,000-record window the upstream allows (from+size<=2000, size<=500), so the walk of 3 page(s) of 500 is the complete set.|interval=604800;array_path=list;id_keys=id;title_keys=common.title;date_keys=common.lastUpdatedDate;lat_key=common.coordinates.lat;lon_key=common.coordinates.lon;page_param=from;page_size=500;page_zero_based=1;page_max=3;header1=User-Agent: JapanOSINT/1.0;timeout_ms=90000
JO32_JPS_HPMM_TESTIMONY	jpsearch2	lowest-yield static row in the pool (681 records per run); verified, kept as reserve	JO32_JPS_HPMM_TESTIMONY|json|any|archive|digital-archive-record|japan,jpsearch,digital-archive,geo|https://jpsearch.go.jp/database|Japan Search — Hiroshima Peace Memorial Museum Peace Database (Survivor Testimonies) (hpmm_testimony)|ジャパンサーチ — 広島平和記念資料館平和データベース（被爆者証言ビデオ）|https://jpsearch.go.jp/api/item/search/jps-cross?keyword=&f-db=hpmm_testimony&size=500&from=0|https://jpsearch.go.jp/api/item/search/jps-cross?keyword=&f-db=hpmm_testimony&size=500&from=0|Japan Search jps-cross item API filtered to database hpmm_testimony (広島平和記念資料館平和データベース（被爆者証言ビデオ）, category humanities) with an empty keyword. Fetched 2026-09-30 with UA JapanOSINT/1.0: hit=680, the first page (size=500) returned 500 records with 500 distinct ids, first record '松尾　一夫'. Each record carries a top-level id (hpmm_testimony-...), common.title, common.database/provider/ownerOrg, common.linkUrl into the source viewer (500 of 500), common.lastUpdatedDate (epoch ms), common.coordinates {lat,lon} (438 of 500). The filter is honoured: the unfiltered query answers hit=32,846,684. hit=680 fits inside the 2,000-record window the upstream allows (from+size<=2000, size<=500), so the walk of 2 page(s) of 500 is the complete set.|interval=604800;array_path=list;id_keys=id;title_keys=common.title;date_keys=common.lastUpdatedDate;link_keys=common.linkUrl;lat_key=common.coordinates.lat;lon_key=common.coordinates.lon;page_param=from;page_size=500;page_zero_based=1;page_max=2;header1=User-Agent: JapanOSINT/1.0;timeout_ms=90000
JO32_REPO_NAKAMURA_U_OAI	jprepo2	repository family capped at 75 for diversity; this is one of the 25 smallest (3146 records); verified, kept as reserve	JO32_REPO_NAKAMURA_U_OAI|xml|any|research|repository-record|japan,academic,repository,oai-pmh,thesis,university|https://nakamura-u.repo.nii.ac.jp|中村学園大学学術リポジトリ — OAI-PMH repository|中村学園大学 機関リポジトリ|https://nakamura-u.repo.nii.ac.jp/oai?verb=ListRecords&metadataPrefix=oai_dc|https://nakamura-u.repo.nii.ac.jp/oai?verb=ListRecords&metadataPrefix=oai_dc|The complete deposited output of 中村学園大学学術リポジトリ (中村学園大学), read through the repository's own JAIRO Cloud OAI-PMH interface. Fetched 2026-09-30: ListIdentifiers reported completeListSize=3,146 and ListRecords page 1 returned 100 oai_dc records, each with a header identifier (oai:nakamura-u.repo.nii.ac.jp:NNNNNNNN), datestamp, dc:title, every dc:creator, dc:publisher, dc:type (departmental bulletin paper, journal article, doctoral thesis ...), dc:identifier (handle and /records/ URL) and dc:rights; earliest datestamp 2012-05-31. Pages are 100 records joined by resumptionToken (about 50 s each from this host), so page_max=37 reaches the end of the 3,146 records with headroom; the first full walk is long and runs on the weekly clock. It links named Japanese researchers to bulletin papers, theses and reports that often reach no commercial index.|interval=604800;timeout_ms=150000;page_max=37;array_path=record;title_keys=dc:title;id_keys=identifier,dc:identifier;date_keys=datestamp,dc:date;next_path=resumptionToken;next_tmpl=https://nakamura-u.repo.nii.ac.jp/oai?verb=ListRecords&resumptionToken={v}
JO32_REPO_SERVE_OAI	jprepo2	repository family capped at 75 for diversity; this is one of the 25 smallest (3144 records); verified, kept as reserve	JO32_REPO_SERVE_OAI|xml|any|research|repository-record|japan,academic,repository,oai-pmh,thesis,university|https://serve.repo.nii.ac.jp|Seigakuin Repository for Academic Archive — OAI-PMH repository|聖学院大学 機関リポジトリ|https://serve.repo.nii.ac.jp/oai?verb=ListRecords&metadataPrefix=oai_dc|https://serve.repo.nii.ac.jp/oai?verb=ListRecords&metadataPrefix=oai_dc|The complete deposited output of Seigakuin Repository for Academic Archive (聖学院大学), read through the repository's own JAIRO Cloud OAI-PMH interface. Fetched 2026-09-30: ListIdentifiers reported completeListSize=3,144 and ListRecords page 1 returned 100 oai_dc records, each with a header identifier (oai:serve.repo.nii.ac.jp:NNNNNNNN), datestamp, dc:title, every dc:creator, dc:publisher, dc:type (departmental bulletin paper, journal article, doctoral thesis ...), dc:identifier (handle and /records/ URL) and dc:rights; earliest datestamp 2016-08-22. Pages are 100 records joined by resumptionToken (about 50 s each from this host), so page_max=37 reaches the end of the 3,144 records with headroom; the first full walk is long and runs on the weekly clock. It links named Japanese researchers to bulletin papers, theses and reports that often reach no commercial index.|interval=604800;timeout_ms=150000;page_max=37;array_path=record;title_keys=dc:title;id_keys=identifier,dc:identifier;date_keys=datestamp,dc:date;next_path=resumptionToken;next_tmpl=https://serve.repo.nii.ac.jp/oai?verb=ListRecords&resumptionToken={v}
JO32_REPO_OUC_OAI	jprepo2	repository family capped at 75 for diversity; this is one of the 25 smallest (3120 records); verified, kept as reserve	JO32_REPO_OUC_OAI|xml|any|research|repository-record|japan,academic,repository,oai-pmh,thesis,university|https://ouc.repo.nii.ac.jp|Osaka University of Commerce Repository — OAI-PMH repository|大阪商業大学 機関リポジトリ|https://ouc.repo.nii.ac.jp/oai?verb=ListRecords&metadataPrefix=oai_dc|https://ouc.repo.nii.ac.jp/oai?verb=ListRecords&metadataPrefix=oai_dc|The complete deposited output of Osaka University of Commerce Repository (大阪商業大学), read through the repository's own JAIRO Cloud OAI-PMH interface. Fetched 2026-09-30: ListIdentifiers reported completeListSize=3,120 and ListRecords page 1 returned 100 oai_dc records, each with a header identifier (oai:ouc.repo.nii.ac.jp:NNNNNNNN), datestamp, dc:title, every dc:creator, dc:publisher, dc:type (departmental bulletin paper, journal article, doctoral thesis ...), dc:identifier (handle and /records/ URL) and dc:rights; earliest datestamp 2014-10-10. Pages are 100 records joined by resumptionToken (about 50 s each from this host), so page_max=37 reaches the end of the 3,120 records with headroom; the first full walk is long and runs on the weekly clock. It links named Japanese researchers to bulletin papers, theses and reports that often reach no commercial index.|interval=604800;timeout_ms=150000;page_max=37;array_path=record;title_keys=dc:title;id_keys=identifier,dc:identifier;date_keys=datestamp,dc:date;next_path=resumptionToken;next_tmpl=https://ouc.repo.nii.ac.jp/oai?verb=ListRecords&resumptionToken={v}
JO32_REPO_SHUDO_U_OAI	jprepo2	repository family capped at 75 for diversity; this is one of the 25 smallest (3114 records); verified, kept as reserve	JO32_REPO_SHUDO_U_OAI|xml|any|research|repository-record|japan,academic,repository,oai-pmh,thesis,university|https://shudo-u.repo.nii.ac.jp|Hiroshima Shudo University Academic Repository — OAI-PMH repository|広島修道大学 機関リポジトリ|https://shudo-u.repo.nii.ac.jp/oai?verb=ListRecords&metadataPrefix=oai_dc|https://shudo-u.repo.nii.ac.jp/oai?verb=ListRecords&metadataPrefix=oai_dc|The complete deposited output of Hiroshima Shudo University Academic Repository (広島修道大学), read through the repository's own JAIRO Cloud OAI-PMH interface. Fetched 2026-09-30: ListIdentifiers reported completeListSize=3,114 and ListRecords page 1 returned 100 oai_dc records, each with a header identifier (oai:shudo-u.repo.nii.ac.jp:NNNNNNNN), datestamp, dc:title, every dc:creator, dc:publisher, dc:type (departmental bulletin paper, journal article, doctoral thesis ...), dc:identifier (handle and /records/ URL) and dc:rights; earliest datestamp 2012-04-30. Pages are 100 records joined by resumptionToken (about 50 s each from this host), so page_max=37 reaches the end of the 3,114 records with headroom; the first full walk is long and runs on the weekly clock. It links named Japanese researchers to bulletin papers, theses and reports that often reach no commercial index.|interval=604800;timeout_ms=150000;page_max=37;array_path=record;title_keys=dc:title;id_keys=identifier,dc:identifier;date_keys=datestamp,dc:date;next_path=resumptionToken;next_tmpl=https://shudo-u.repo.nii.ac.jp/oai?verb=ListRecords&resumptionToken={v}
JO32_REPO_LUKE_OAI	jprepo2	repository family capped at 75 for diversity; this is one of the 25 smallest (3095 records); verified, kept as reserve	JO32_REPO_LUKE_OAI|xml|any|research|repository-record|japan,academic,repository,oai-pmh,thesis,university|https://luke.repo.nii.ac.jp|St. Luke's International University Repository — OAI-PMH repository|聖路加国際大学 機関リポジトリ|https://luke.repo.nii.ac.jp/oai?verb=ListRecords&metadataPrefix=oai_dc|https://luke.repo.nii.ac.jp/oai?verb=ListRecords&metadataPrefix=oai_dc|The complete deposited output of St. Luke's International University Repository (聖路加国際大学), read through the repository's own JAIRO Cloud OAI-PMH interface. Fetched 2026-09-30: ListIdentifiers reported completeListSize=3,095 and ListRecords page 1 returned 100 oai_dc records, each with a header identifier (oai:luke.repo.nii.ac.jp:NNNNNNNN), datestamp, dc:title, every dc:creator, dc:publisher, dc:type (departmental bulletin paper, journal article, doctoral thesis ...), dc:identifier (handle and /records/ URL) and dc:rights; earliest datestamp 2019-10-30. Pages are 100 records joined by resumptionToken (about 50 s each from this host), so page_max=36 reaches the end of the 3,095 records with headroom; the first full walk is long and runs on the weekly clock. It links named Japanese researchers to bulletin papers, theses and reports that often reach no commercial index.|interval=604800;timeout_ms=150000;page_max=36;array_path=record;title_keys=dc:title;id_keys=identifier,dc:identifier;date_keys=datestamp,dc:date;next_path=resumptionToken;next_tmpl=https://luke.repo.nii.ac.jp/oai?verb=ListRecords&resumptionToken={v}
JO32_REPO_SGUL_OAI	jprepo2	repository family capped at 75 for diversity; this is one of the 25 smallest (3062 records); verified, kept as reserve	JO32_REPO_SGUL_OAI|xml|any|research|repository-record|japan,academic,repository,oai-pmh,thesis,university|https://sgul.repo.nii.ac.jp|Sapporo Gakuin University Repository — OAI-PMH repository|札幌学院大学 機関リポジトリ|https://sgul.repo.nii.ac.jp/oai?verb=ListRecords&metadataPrefix=oai_dc|https://sgul.repo.nii.ac.jp/oai?verb=ListRecords&metadataPrefix=oai_dc|The complete deposited output of Sapporo Gakuin University Repository (札幌学院大学), read through the repository's own JAIRO Cloud OAI-PMH interface. Fetched 2026-09-30: ListIdentifiers reported completeListSize=3,062 and ListRecords page 1 returned 100 oai_dc records, each with a header identifier (oai:sgul.repo.nii.ac.jp:NNNNNNNN), datestamp, dc:title, every dc:creator, dc:publisher, dc:type (departmental bulletin paper, journal article, doctoral thesis ...), dc:identifier (handle and /records/ URL) and dc:rights; earliest datestamp 2016-10-14. Pages are 100 records joined by resumptionToken (about 50 s each from this host), so page_max=36 reaches the end of the 3,062 records with headroom; the first full walk is long and runs on the weekly clock. It links named Japanese researchers to bulletin papers, theses and reports that often reach no commercial index.|interval=604800;timeout_ms=150000;page_max=36;array_path=record;title_keys=dc:title;id_keys=identifier,dc:identifier;date_keys=datestamp,dc:date;next_path=resumptionToken;next_tmpl=https://sgul.repo.nii.ac.jp/oai?verb=ListRecords&resumptionToken={v}
JO32_REPO_NFU_OAI	jprepo2	repository family capped at 75 for diversity; this is one of the 25 smallest (3051 records); verified, kept as reserve	JO32_REPO_NFU_OAI|xml|any|research|repository-record|japan,academic,repository,oai-pmh,thesis,university|https://nfu.repo.nii.ac.jp|Nihon Fukushi University Institutional Repository — OAI-PMH repository|日本福祉大学 機関リポジトリ|https://nfu.repo.nii.ac.jp/oai?verb=ListRecords&metadataPrefix=oai_dc|https://nfu.repo.nii.ac.jp/oai?verb=ListRecords&metadataPrefix=oai_dc|The complete deposited output of Nihon Fukushi University Institutional Repository (日本福祉大学), read through the repository's own JAIRO Cloud OAI-PMH interface. Fetched 2026-09-30: ListIdentifiers reported completeListSize=3,051 and ListRecords page 1 returned 100 oai_dc records, each with a header identifier (oai:nfu.repo.nii.ac.jp:NNNNNNNN), datestamp, dc:title, every dc:creator, dc:publisher, dc:type (departmental bulletin paper, journal article, doctoral thesis ...), dc:identifier (handle and /records/ URL) and dc:rights; earliest datestamp 2014-06-01. Pages are 100 records joined by resumptionToken (about 50 s each from this host), so page_max=36 reaches the end of the 3,051 records with headroom; the first full walk is long and runs on the weekly clock. It links named Japanese researchers to bulletin papers, theses and reports that often reach no commercial index.|interval=604800;timeout_ms=150000;page_max=36;array_path=record;title_keys=dc:title;id_keys=identifier,dc:identifier;date_keys=datestamp,dc:date;next_path=resumptionToken;next_tmpl=https://nfu.repo.nii.ac.jp/oai?verb=ListRecords&resumptionToken={v}
JO32_REPO_TOKOHA_U_OAI	jprepo2	repository family capped at 75 for diversity; this is one of the 25 smallest (3030 records); verified, kept as reserve	JO32_REPO_TOKOHA_U_OAI|xml|any|research|repository-record|japan,academic,repository,oai-pmh,thesis,university|https://tokoha-u.repo.nii.ac.jp|Tokoha　University　 Repository — OAI-PMH repository|常葉大学 機関リポジトリ|https://tokoha-u.repo.nii.ac.jp/oai?verb=ListRecords&metadataPrefix=oai_dc|https://tokoha-u.repo.nii.ac.jp/oai?verb=ListRecords&metadataPrefix=oai_dc|The complete deposited output of Tokoha　University　 Repository (常葉大学), read through the repository's own JAIRO Cloud OAI-PMH interface. Fetched 2026-09-30: ListIdentifiers reported completeListSize=3,030 and ListRecords page 1 returned 100 oai_dc records, each with a header identifier (oai:tokoha-u.repo.nii.ac.jp:NNNNNNNN), datestamp, dc:title, every dc:creator, dc:publisher, dc:type (departmental bulletin paper, journal article, doctoral thesis ...), dc:identifier (handle and /records/ URL) and dc:rights; earliest datestamp 2025-06-30. Pages are 100 records joined by resumptionToken (about 50 s each from this host), so page_max=36 reaches the end of the 3,030 records with headroom; the first full walk is long and runs on the weekly clock. It links named Japanese researchers to bulletin papers, theses and reports that often reach no commercial index.|interval=604800;timeout_ms=150000;page_max=36;array_path=record;title_keys=dc:title;id_keys=identifier,dc:identifier;date_keys=datestamp,dc:date;next_path=resumptionToken;next_tmpl=https://tokoha-u.repo.nii.ac.jp/oai?verb=ListRecords&resumptionToken={v}
JO32_REPO_DMU_OAI	jprepo2	repository family capped at 75 for diversity; this is one of the 25 smallest (3030 records); verified, kept as reserve	JO32_REPO_DMU_OAI|xml|any|research|repository-record|japan,academic,repository,oai-pmh,thesis,university|https://dmu.repo.nii.ac.jp|Dokkyo Medical University Repository — OAI-PMH repository|獨協医科大学 機関リポジトリ|https://dmu.repo.nii.ac.jp/oai?verb=ListRecords&metadataPrefix=oai_dc|https://dmu.repo.nii.ac.jp/oai?verb=ListRecords&metadataPrefix=oai_dc|The complete deposited output of Dokkyo Medical University Repository (獨協医科大学), read through the repository's own JAIRO Cloud OAI-PMH interface. Fetched 2026-09-30: ListIdentifiers reported completeListSize=3,030 and ListRecords page 1 returned 100 oai_dc records, each with a header identifier (oai:dmu.repo.nii.ac.jp:NNNNNNNN), datestamp, dc:title, every dc:creator, dc:publisher, dc:type (departmental bulletin paper, journal article, doctoral thesis ...), dc:identifier (handle and /records/ URL) and dc:rights; earliest datestamp 2007-03-01. Pages are 100 records joined by resumptionToken (about 50 s each from this host), so page_max=36 reaches the end of the 3,030 records with headroom; the first full walk is long and runs on the weekly clock. It links named Japanese researchers to bulletin papers, theses and reports that often reach no commercial index.|interval=604800;timeout_ms=150000;page_max=36;array_path=record;title_keys=dc:title;id_keys=identifier,dc:identifier;date_keys=datestamp,dc:date;next_path=resumptionToken;next_tmpl=https://dmu.repo.nii.ac.jp/oai?verb=ListRecords&resumptionToken={v}
JO32_REPO_OIST_OAI	jprepo2	repository family capped at 75 for diversity; this is one of the 25 smallest (3017 records); verified, kept as reserve	JO32_REPO_OIST_OAI|xml|any|research|repository-record|japan,academic,repository,oai-pmh,thesis,university|https://oist.repo.nii.ac.jp|OIST Repository — OAI-PMH repository|沖縄科学技術大学院大学 機関リポジトリ|https://oist.repo.nii.ac.jp/oai?verb=ListRecords&metadataPrefix=oai_dc|https://oist.repo.nii.ac.jp/oai?verb=ListRecords&metadataPrefix=oai_dc|The complete deposited output of OIST Repository (沖縄科学技術大学院大学), read through the repository's own JAIRO Cloud OAI-PMH interface. Fetched 2026-09-30: ListIdentifiers reported completeListSize=3,017 and ListRecords page 1 returned 100 oai_dc records, each with a header identifier (oai:oist.repo.nii.ac.jp:NNNNNNNN), datestamp, dc:title, every dc:creator, dc:publisher, dc:type (departmental bulletin paper, journal article, doctoral thesis ...), dc:identifier (handle and /records/ URL) and dc:rights; earliest datestamp 2015-12-04. Pages are 100 records joined by resumptionToken (about 50 s each from this host), so page_max=36 reaches the end of the 3,017 records with headroom; the first full walk is long and runs on the weekly clock. It links named Japanese researchers to bulletin papers, theses and reports that often reach no commercial index.|interval=604800;timeout_ms=150000;page_max=36;array_path=record;title_keys=dc:title;id_keys=identifier,dc:identifier;date_keys=datestamp,dc:date;next_path=resumptionToken;next_tmpl=https://oist.repo.nii.ac.jp/oai?verb=ListRecords&resumptionToken={v}
JO32_REPO_ASAHI_U_OAI	jprepo2	repository family capped at 75 for diversity; this is one of the 25 smallest (3014 records); verified, kept as reserve	JO32_REPO_ASAHI_U_OAI|xml|any|research|repository-record|japan,academic,repository,oai-pmh,thesis,university|https://asahi-u.repo.nii.ac.jp|Asahi University Institutional Repository — OAI-PMH repository|朝日大学 機関リポジトリ|https://asahi-u.repo.nii.ac.jp/oai?verb=ListRecords&metadataPrefix=oai_dc|https://asahi-u.repo.nii.ac.jp/oai?verb=ListRecords&metadataPrefix=oai_dc|The complete deposited output of Asahi University Institutional Repository (朝日大学), read through the repository's own JAIRO Cloud OAI-PMH interface. Fetched 2026-09-30: ListIdentifiers reported completeListSize=3,014 and ListRecords page 1 returned 100 oai_dc records, each with a header identifier (oai:asahi-u.repo.nii.ac.jp:NNNNNNNN), datestamp, dc:title, every dc:creator, dc:publisher, dc:type (departmental bulletin paper, journal article, doctoral thesis ...), dc:identifier (handle and /records/ URL) and dc:rights; earliest datestamp 2013-01-11. Pages are 100 records joined by resumptionToken (about 50 s each from this host), so page_max=36 reaches the end of the 3,014 records with headroom; the first full walk is long and runs on the weekly clock. It links named Japanese researchers to bulletin papers, theses and reports that often reach no commercial index.|interval=604800;timeout_ms=150000;page_max=36;array_path=record;title_keys=dc:title;id_keys=identifier,dc:identifier;date_keys=datestamp,dc:date;next_path=resumptionToken;next_tmpl=https://asahi-u.repo.nii.ac.jp/oai?verb=ListRecords&resumptionToken={v}
JO32_REPO_MEISEI_OAI	jprepo2	repository family capped at 75 for diversity; this is one of the 25 smallest (3008 records); verified, kept as reserve	JO32_REPO_MEISEI_OAI|xml|any|research|repository-record|japan,academic,repository,oai-pmh,thesis,university|https://meisei.repo.nii.ac.jp|Meisei University Academic Institutional Repository — OAI-PMH repository|明星大学 機関リポジトリ|https://meisei.repo.nii.ac.jp/oai?verb=ListRecords&metadataPrefix=oai_dc|https://meisei.repo.nii.ac.jp/oai?verb=ListRecords&metadataPrefix=oai_dc|The complete deposited output of Meisei University Academic Institutional Repository (明星大学), read through the repository's own JAIRO Cloud OAI-PMH interface. Fetched 2026-09-30: ListIdentifiers reported completeListSize=3,008 and ListRecords page 1 returned 100 oai_dc records, each with a header identifier (oai:meisei.repo.nii.ac.jp:NNNNNNNN), datestamp, dc:title, every dc:creator, dc:publisher, dc:type (departmental bulletin paper, journal article, doctoral thesis ...), dc:identifier (handle and /records/ URL) and dc:rights; earliest datestamp 2013-11-01. Pages are 100 records joined by resumptionToken (about 50 s each from this host), so page_max=36 reaches the end of the 3,008 records with headroom; the first full walk is long and runs on the weekly clock. It links named Japanese researchers to bulletin papers, theses and reports that often reach no commercial index.|interval=604800;timeout_ms=150000;page_max=36;array_path=record;title_keys=dc:title;id_keys=identifier,dc:identifier;date_keys=datestamp,dc:date;next_path=resumptionToken;next_tmpl=https://meisei.repo.nii.ac.jp/oai?verb=ListRecords&resumptionToken={v}
JO32_REPO_HAKUOH_OAI	jprepo2	repository family capped at 75 for diversity; this is one of the 25 smallest (2988 records); verified, kept as reserve	JO32_REPO_HAKUOH_OAI|xml|any|research|repository-record|japan,academic,repository,oai-pmh,thesis,university|https://hakuoh.repo.nii.ac.jp|Hakuoh University Repository — OAI-PMH repository|白鴎大学 機関リポジトリ|https://hakuoh.repo.nii.ac.jp/oai?verb=ListRecords&metadataPrefix=oai_dc|https://hakuoh.repo.nii.ac.jp/oai?verb=ListRecords&metadataPrefix=oai_dc|The complete deposited output of Hakuoh University Repository (白鴎大学), read through the repository's own JAIRO Cloud OAI-PMH interface. Fetched 2026-09-30: ListIdentifiers reported completeListSize=2,988 and ListRecords page 1 returned 100 oai_dc records, each with a header identifier (oai:hakuoh.repo.nii.ac.jp:NNNNNNNN), datestamp, dc:title, every dc:creator, dc:publisher, dc:type (departmental bulletin paper, journal article, doctoral thesis ...), dc:identifier (handle and /records/ URL) and dc:rights; earliest datestamp 2016-10-31. Pages are 100 records joined by resumptionToken (about 50 s each from this host), so page_max=35 reaches the end of the 2,988 records with headroom; the first full walk is long and runs on the weekly clock. It links named Japanese researchers to bulletin papers, theses and reports that often reach no commercial index.|interval=604800;timeout_ms=150000;page_max=35;array_path=record;title_keys=dc:title;id_keys=identifier,dc:identifier;date_keys=datestamp,dc:date;next_path=resumptionToken;next_tmpl=https://hakuoh.repo.nii.ac.jp/oai?verb=ListRecords&resumptionToken={v}
JO32_REPO_MATSUYAMA_U_R_OAI	jprepo2	repository family capped at 75 for diversity; this is one of the 25 smallest (2947 records); verified, kept as reserve	JO32_REPO_MATSUYAMA_U_R_OAI|xml|any|research|repository-record|japan,academic,repository,oai-pmh,thesis,university|https://matsuyama-u-r.repo.nii.ac.jp|Matsuyama University Repository — OAI-PMH repository|松山大学 機関リポジトリ|https://matsuyama-u-r.repo.nii.ac.jp/oai?verb=ListRecords&metadataPrefix=oai_dc|https://matsuyama-u-r.repo.nii.ac.jp/oai?verb=ListRecords&metadataPrefix=oai_dc|The complete deposited output of Matsuyama University Repository (松山大学), read through the repository's own JAIRO Cloud OAI-PMH interface. Fetched 2026-09-30: ListIdentifiers reported completeListSize=2,947 and ListRecords page 1 returned 100 oai_dc records, each with a header identifier (oai:matsuyama-u-r.repo.nii.ac.jp:NNNNNNNN), datestamp, dc:title, every dc:creator, dc:publisher, dc:type (departmental bulletin paper, journal article, doctoral thesis ...), dc:identifier (handle and /records/ URL) and dc:rights; earliest datestamp 2014-02-07. Pages are 100 records joined by resumptionToken (about 50 s each from this host), so page_max=35 reaches the end of the 2,947 records with headroom; the first full walk is long and runs on the weekly clock. It links named Japanese researchers to bulletin papers, theses and reports that often reach no commercial index.|interval=604800;timeout_ms=150000;page_max=35;array_path=record;title_keys=dc:title;id_keys=identifier,dc:identifier;date_keys=datestamp,dc:date;next_path=resumptionToken;next_tmpl=https://matsuyama-u-r.repo.nii.ac.jp/oai?verb=ListRecords&resumptionToken={v}
JO32_REPO_SHOTOKU_OAI	jprepo2	repository family capped at 75 for diversity; this is one of the 25 smallest (2937 records); verified, kept as reserve	JO32_REPO_SHOTOKU_OAI|xml|any|research|repository-record|japan,academic,repository,oai-pmh,thesis,university|https://shotoku.repo.nii.ac.jp|Gifu Shotoku Gakuen University repository — OAI-PMH repository|岐阜聖徳学園大学 機関リポジトリ|https://shotoku.repo.nii.ac.jp/oai?verb=ListRecords&metadataPrefix=oai_dc|https://shotoku.repo.nii.ac.jp/oai?verb=ListRecords&metadataPrefix=oai_dc|The complete deposited output of Gifu Shotoku Gakuen University repository (岐阜聖徳学園大学), read through the repository's own JAIRO Cloud OAI-PMH interface. Fetched 2026-09-30: ListIdentifiers reported completeListSize=2,937 and ListRecords page 1 returned 100 oai_dc records, each with a header identifier (oai:shotoku.repo.nii.ac.jp:NNNNNNNN), datestamp, dc:title, every dc:creator, dc:publisher, dc:type (departmental bulletin paper, journal article, doctoral thesis ...), dc:identifier (handle and /records/ URL) and dc:rights; earliest datestamp 2017-01-24. Pages are 100 records joined by resumptionToken (about 50 s each from this host), so page_max=35 reaches the end of the 2,937 records with headroom; the first full walk is long and runs on the weekly clock. It links named Japanese researchers to bulletin papers, theses and reports that often reach no commercial index.|interval=604800;timeout_ms=150000;page_max=35;array_path=record;title_keys=dc:title;id_keys=identifier,dc:identifier;date_keys=datestamp,dc:date;next_path=resumptionToken;next_tmpl=https://shotoku.repo.nii.ac.jp/oai?verb=ListRecords&resumptionToken={v}
JO32_REPO_GINMU_OAI	jprepo2	repository family capped at 75 for diversity; this is one of the 25 smallest (2844 records); verified, kept as reserve	JO32_REPO_GINMU_OAI|xml|any|research|repository-record|japan,academic,repository,oai-pmh,thesis,university|https://ginmu.repo.nii.ac.jp|GINMU : Global Institutional repository of Nara Medical University — OAI-PMH repository|奈良県立医科大学 機関リポジトリ|https://ginmu.repo.nii.ac.jp/oai?verb=ListRecords&metadataPrefix=oai_dc|https://ginmu.repo.nii.ac.jp/oai?verb=ListRecords&metadataPrefix=oai_dc|The complete deposited output of GINMU : Global Institutional repository of Nara Medical University (奈良県立医科大学), read through the repository's own JAIRO Cloud OAI-PMH interface. Fetched 2026-09-30: ListIdentifiers reported completeListSize=2,844 and ListRecords page 1 returned 100 oai_dc records, each with a header identifier (oai:ginmu.repo.nii.ac.jp:NNNNNNNN), datestamp, dc:title, every dc:creator, dc:publisher, dc:type (departmental bulletin paper, journal article, doctoral thesis ...), dc:identifier (handle and /records/ URL) and dc:rights; earliest datestamp 2026-06-22. Pages are 100 records joined by resumptionToken (about 50 s each from this host), so page_max=34 reaches the end of the 2,844 records with headroom; the first full walk is long and runs on the weekly clock. It links named Japanese researchers to bulletin papers, theses and reports that often reach no commercial index.|interval=604800;timeout_ms=150000;page_max=34;array_path=record;title_keys=dc:title;id_keys=identifier,dc:identifier;date_keys=datestamp,dc:date;next_path=resumptionToken;next_tmpl=https://ginmu.repo.nii.ac.jp/oai?verb=ListRecords&resumptionToken={v}
JO32_REPO_SHOKEI_OAI	jprepo2	repository family capped at 75 for diversity; this is one of the 25 smallest (2827 records); verified, kept as reserve	JO32_REPO_SHOKEI_OAI|xml|any|research|repository-record|japan,academic,repository,oai-pmh,thesis,university|https://shokei.repo.nii.ac.jp|Shokei Gakuin University — OAI-PMH repository|尚絅学院大学 機関リポジトリ|https://shokei.repo.nii.ac.jp/oai?verb=ListRecords&metadataPrefix=oai_dc|https://shokei.repo.nii.ac.jp/oai?verb=ListRecords&metadataPrefix=oai_dc|The complete deposited output of Shokei Gakuin University (尚絅学院大学), read through the repository's own JAIRO Cloud OAI-PMH interface. Fetched 2026-09-30: ListIdentifiers reported completeListSize=2,827 and ListRecords page 1 returned 100 oai_dc records, each with a header identifier (oai:shokei.repo.nii.ac.jp:NNNNNNNN), datestamp, dc:title, every dc:creator, dc:publisher, dc:type (departmental bulletin paper, journal article, doctoral thesis ...), dc:identifier (handle and /records/ URL) and dc:rights; earliest datestamp 2017-07-11. Pages are 100 records joined by resumptionToken (about 50 s each from this host), so page_max=34 reaches the end of the 2,827 records with headroom; the first full walk is long and runs on the weekly clock. It links named Japanese researchers to bulletin papers, theses and reports that often reach no commercial index.|interval=604800;timeout_ms=150000;page_max=34;array_path=record;title_keys=dc:title;id_keys=identifier,dc:identifier;date_keys=datestamp,dc:date;next_path=resumptionToken;next_tmpl=https://shokei.repo.nii.ac.jp/oai?verb=ListRecords&resumptionToken={v}
JO32_REPO_MINOBU_OAI	jprepo2	repository family capped at 75 for diversity; this is one of the 25 smallest (2791 records); verified, kept as reserve	JO32_REPO_MINOBU_OAI|xml|any|research|repository-record|japan,academic,repository,oai-pmh,thesis,university|https://minobu.repo.nii.ac.jp|Minobusan University Repository — OAI-PMH repository|身延山大学 機関リポジトリ|https://minobu.repo.nii.ac.jp/oai?verb=ListRecords&metadataPrefix=oai_dc|https://minobu.repo.nii.ac.jp/oai?verb=ListRecords&metadataPrefix=oai_dc|The complete deposited output of Minobusan University Repository (身延山大学), read through the repository's own JAIRO Cloud OAI-PMH interface. Fetched 2026-09-30: ListIdentifiers reported completeListSize=2,791 and ListRecords page 1 returned 100 oai_dc records, each with a header identifier (oai:minobu.repo.nii.ac.jp:NNNNNNNN), datestamp, dc:title, every dc:creator, dc:publisher, dc:type (departmental bulletin paper, journal article, doctoral thesis ...), dc:identifier (handle and /records/ URL) and dc:rights; earliest datestamp 2015-09-18. Pages are 100 records joined by resumptionToken (about 50 s each from this host), so page_max=33 reaches the end of the 2,791 records with headroom; the first full walk is long and runs on the weekly clock. It links named Japanese researchers to bulletin papers, theses and reports that often reach no commercial index.|interval=604800;timeout_ms=150000;page_max=33;array_path=record;title_keys=dc:title;id_keys=identifier,dc:identifier;date_keys=datestamp,dc:date;next_path=resumptionToken;next_tmpl=https://minobu.repo.nii.ac.jp/oai?verb=ListRecords&resumptionToken={v}
JO32_REPO_K_KENTAN_OAI	jprepo2	repository family capped at 75 for diversity; this is one of the 25 smallest (2740 records); verified, kept as reserve	JO32_REPO_K_KENTAN_OAI|xml|any|research|repository-record|japan,academic,repository,oai-pmh,thesis,university|https://k-kentan.repo.nii.ac.jp|Kagoshima Prefectural College Repository — OAI-PMH repository|鹿児島県立短期大学 機関リポジトリ|https://k-kentan.repo.nii.ac.jp/oai?verb=ListRecords&metadataPrefix=oai_dc|https://k-kentan.repo.nii.ac.jp/oai?verb=ListRecords&metadataPrefix=oai_dc|The complete deposited output of Kagoshima Prefectural College Repository (鹿児島県立短期大学), read through the repository's own JAIRO Cloud OAI-PMH interface. Fetched 2026-09-30: ListIdentifiers reported completeListSize=2,740 and ListRecords page 1 returned 100 oai_dc records, each with a header identifier (oai:k-kentan.repo.nii.ac.jp:NNNNNNNN), datestamp, dc:title, every dc:creator, dc:publisher, dc:type (departmental bulletin paper, journal article, doctoral thesis ...), dc:identifier (handle and /records/ URL) and dc:rights; earliest datestamp 2016-03-28. Pages are 100 records joined by resumptionToken (about 50 s each from this host), so page_max=33 reaches the end of the 2,740 records with headroom; the first full walk is long and runs on the weekly clock. It links named Japanese researchers to bulletin papers, theses and reports that often reach no commercial index.|interval=604800;timeout_ms=150000;page_max=33;array_path=record;title_keys=dc:title;id_keys=identifier,dc:identifier;date_keys=datestamp,dc:date;next_path=resumptionToken;next_tmpl=https://k-kentan.repo.nii.ac.jp/oai?verb=ListRecords&resumptionToken={v}
JO32_REPO_MU_OAI	jprepo2	repository family capped at 75 for diversity; this is one of the 25 smallest (2703 records); verified, kept as reserve	JO32_REPO_MU_OAI|xml|any|research|repository-record|japan,academic,repository,oai-pmh,thesis,university|https://mu.repo.nii.ac.jp|Musashino University Institutional Repository — OAI-PMH repository|武蔵野大学 機関リポジトリ|https://mu.repo.nii.ac.jp/oai?verb=ListRecords&metadataPrefix=oai_dc|https://mu.repo.nii.ac.jp/oai?verb=ListRecords&metadataPrefix=oai_dc|The complete deposited output of Musashino University Institutional Repository (武蔵野大学), read through the repository's own JAIRO Cloud OAI-PMH interface. Fetched 2026-09-30: ListIdentifiers reported completeListSize=2,703 and ListRecords page 1 returned 100 oai_dc records, each with a header identifier (oai:mu.repo.nii.ac.jp:NNNNNNNN), datestamp, dc:title, every dc:creator, dc:publisher, dc:type (departmental bulletin paper, journal article, doctoral thesis ...), dc:identifier (handle and /records/ URL) and dc:rights; earliest datestamp 2016-02-23. Pages are 100 records joined by resumptionToken (about 50 s each from this host), so page_max=33 reaches the end of the 2,703 records with headroom; the first full walk is long and runs on the weekly clock. It links named Japanese researchers to bulletin papers, theses and reports that often reach no commercial index.|interval=604800;timeout_ms=150000;page_max=33;array_path=record;title_keys=dc:title;id_keys=identifier,dc:identifier;date_keys=datestamp,dc:date;next_path=resumptionToken;next_tmpl=https://mu.repo.nii.ac.jp/oai?verb=ListRecords&resumptionToken={v}
JO32_REPO_OSU_OAI	jprepo2	repository family capped at 75 for diversity; this is one of the 25 smallest (2649 records); verified, kept as reserve	JO32_REPO_OSU_OAI|xml|any|research|repository-record|japan,academic,repository,oai-pmh,thesis,university|https://osu.repo.nii.ac.jp|Osaka Sangyo University Repository — OAI-PMH repository|大阪産業大学 機関リポジトリ|https://osu.repo.nii.ac.jp/oai?verb=ListRecords&metadataPrefix=oai_dc|https://osu.repo.nii.ac.jp/oai?verb=ListRecords&metadataPrefix=oai_dc|The complete deposited output of Osaka Sangyo University Repository (大阪産業大学), read through the repository's own JAIRO Cloud OAI-PMH interface. Fetched 2026-09-30: ListIdentifiers reported completeListSize=2,649 and ListRecords page 1 returned 100 oai_dc records, each with a header identifier (oai:osu.repo.nii.ac.jp:NNNNNNNN), datestamp, dc:title, every dc:creator, dc:publisher, dc:type (departmental bulletin paper, journal article, doctoral thesis ...), dc:identifier (handle and /records/ URL) and dc:rights; earliest datestamp 2015-05-01. Pages are 100 records joined by resumptionToken (about 50 s each from this host), so page_max=32 reaches the end of the 2,649 records with headroom; the first full walk is long and runs on the weekly clock. It links named Japanese researchers to bulletin papers, theses and reports that often reach no commercial index.|interval=604800;timeout_ms=150000;page_max=32;array_path=record;title_keys=dc:title;id_keys=identifier,dc:identifier;date_keys=datestamp,dc:date;next_path=resumptionToken;next_tmpl=https://osu.repo.nii.ac.jp/oai?verb=ListRecords&resumptionToken={v}
JO32_REPO_NITTAIDAI_OAI	jprepo2	repository family capped at 75 for diversity; this is one of the 25 smallest (2622 records); verified, kept as reserve	JO32_REPO_NITTAIDAI_OAI|xml|any|research|repository-record|japan,academic,repository,oai-pmh,thesis,university|https://nittaidai.repo.nii.ac.jp|NITTAIDAI Repository — OAI-PMH repository|日本体育大学 機関リポジトリ|https://nittaidai.repo.nii.ac.jp/oai?verb=ListRecords&metadataPrefix=oai_dc|https://nittaidai.repo.nii.ac.jp/oai?verb=ListRecords&metadataPrefix=oai_dc|The complete deposited output of NITTAIDAI Repository (日本体育大学), read through the repository's own JAIRO Cloud OAI-PMH interface. Fetched 2026-09-30: ListIdentifiers reported completeListSize=2,622 and ListRecords page 1 returned 100 oai_dc records, each with a header identifier (oai:nittaidai.repo.nii.ac.jp:NNNNNNNN), datestamp, dc:title, every dc:creator, dc:publisher, dc:type (departmental bulletin paper, journal article, doctoral thesis ...), dc:identifier (handle and /records/ URL) and dc:rights; earliest datestamp 2016-05-27. Pages are 100 records joined by resumptionToken (about 50 s each from this host), so page_max=32 reaches the end of the 2,622 records with headroom; the first full walk is long and runs on the weekly clock. It links named Japanese researchers to bulletin papers, theses and reports that often reach no commercial index.|interval=604800;timeout_ms=150000;page_max=32;array_path=record;title_keys=dc:title;id_keys=identifier,dc:identifier;date_keys=datestamp,dc:date;next_path=resumptionToken;next_tmpl=https://nittaidai.repo.nii.ac.jp/oai?verb=ListRecords&resumptionToken={v}
JO32_REPO_AZ_OAI	jprepo2	repository family capped at 75 for diversity; this is one of the 25 smallest (2582 records); verified, kept as reserve	JO32_REPO_AZ_OAI|xml|any|research|repository-record|japan,academic,repository,oai-pmh,thesis,university|https://az.repo.nii.ac.jp|Azabu University Science Information Repository — OAI-PMH repository|麻布大学 機関リポジトリ|https://az.repo.nii.ac.jp/oai?verb=ListRecords&metadataPrefix=oai_dc|https://az.repo.nii.ac.jp/oai?verb=ListRecords&metadataPrefix=oai_dc|The complete deposited output of Azabu University Science Information Repository (麻布大学), read through the repository's own JAIRO Cloud OAI-PMH interface. Fetched 2026-09-30: ListIdentifiers reported completeListSize=2,582 and ListRecords page 1 returned 100 oai_dc records, each with a header identifier (oai:az.repo.nii.ac.jp:NNNNNNNN), datestamp, dc:title, every dc:creator, dc:publisher, dc:type (departmental bulletin paper, journal article, doctoral thesis ...), dc:identifier (handle and /records/ URL) and dc:rights; earliest datestamp 2012-06-30. Pages are 100 records joined by resumptionToken (about 50 s each from this host), so page_max=31 reaches the end of the 2,582 records with headroom; the first full walk is long and runs on the weekly clock. It links named Japanese researchers to bulletin papers, theses and reports that often reach no commercial index.|interval=604800;timeout_ms=150000;page_max=31;array_path=record;title_keys=dc:title;id_keys=identifier,dc:identifier;date_keys=datestamp,dc:date;next_path=resumptionToken;next_tmpl=https://az.repo.nii.ac.jp/oai?verb=ListRecords&resumptionToken={v}
JO32_REPO_HANNAN_U_OAI	jprepo2	repository family capped at 75 for diversity; this is one of the 25 smallest (2577 records); verified, kept as reserve	JO32_REPO_HANNAN_U_OAI|xml|any|research|repository-record|japan,academic,repository,oai-pmh,thesis,university|https://hannan-u.repo.nii.ac.jp|阪南大学学術リポジトリ — OAI-PMH repository|阪南大学 機関リポジトリ|https://hannan-u.repo.nii.ac.jp/oai?verb=ListRecords&metadataPrefix=oai_dc|https://hannan-u.repo.nii.ac.jp/oai?verb=ListRecords&metadataPrefix=oai_dc|The complete deposited output of 阪南大学学術リポジトリ (阪南大学), read through the repository's own JAIRO Cloud OAI-PMH interface. Fetched 2026-09-30: ListIdentifiers reported completeListSize=2,577 and ListRecords page 1 returned 100 oai_dc records, each with a header identifier (oai:hannan-u.repo.nii.ac.jp:NNNNNNNN), datestamp, dc:title, every dc:creator, dc:publisher, dc:type (departmental bulletin paper, journal article, doctoral thesis ...), dc:identifier (handle and /records/ URL) and dc:rights; earliest datestamp 2012-06-30. Pages are 100 records joined by resumptionToken (about 50 s each from this host), so page_max=31 reaches the end of the 2,577 records with headroom; the first full walk is long and runs on the weekly clock. It links named Japanese researchers to bulletin papers, theses and reports that often reach no commercial index.|interval=604800;timeout_ms=150000;page_max=31;array_path=record;title_keys=dc:title;id_keys=identifier,dc:identifier;date_keys=datestamp,dc:date;next_path=resumptionToken;next_tmpl=https://hannan-u.repo.nii.ac.jp/oai?verb=ListRecords&resumptionToken={v}
JO32_REPO_FMU_OAI	jprepo2	repository family capped at 75 for diversity; this is one of the 25 smallest (2574 records); verified, kept as reserve	JO32_REPO_FMU_OAI|xml|any|research|repository-record|japan,academic,repository,oai-pmh,thesis,university|https://fmu.repo.nii.ac.jp|Fukushima Medical University Repository — OAI-PMH repository|福島県立医科大学 機関リポジトリ|https://fmu.repo.nii.ac.jp/oai?verb=ListRecords&metadataPrefix=oai_dc|https://fmu.repo.nii.ac.jp/oai?verb=ListRecords&metadataPrefix=oai_dc|The complete deposited output of Fukushima Medical University Repository (福島県立医科大学), read through the repository's own JAIRO Cloud OAI-PMH interface. Fetched 2026-09-30: ListIdentifiers reported completeListSize=2,574 and ListRecords page 1 returned 100 oai_dc records, each with a header identifier (oai:fmu.repo.nii.ac.jp:NNNNNNNN), datestamp, dc:title, every dc:creator, dc:publisher, dc:type (departmental bulletin paper, journal article, doctoral thesis ...), dc:identifier (handle and /records/ URL) and dc:rights; earliest datestamp 2024-10-15. Pages are 100 records joined by resumptionToken (about 50 s each from this host), so page_max=31 reaches the end of the 2,574 records with headroom; the first full walk is long and runs on the weekly clock. It links named Japanese researchers to bulletin papers, theses and reports that often reach no commercial index.|interval=604800;timeout_ms=150000;page_max=31;array_path=record;title_keys=dc:title;id_keys=identifier,dc:identifier;date_keys=datestamp,dc:date;next_path=resumptionToken;next_tmpl=https://fmu.repo.nii.ac.jp/oai?verb=ListRecords&resumptionToken={v}
JO32_FEED_YAHOO_SAITAMA	jpfeeds	feed adds 9.0 new items/day (measured 2026-10-02), under the 10/day floor	JO32_FEED_YAHOO_SAITAMA|xml|any|regional|news-article|japan,news,rss,regional,newspaper,saitama|https://news.yahoo.co.jp/media/saitama|Saitama Shimbun - article feed via Yahoo! News|埼玉新聞（Yahoo!ニュース配信）RSS|https://news.yahoo.co.jp/rss/media/saitama/all.xml|https://news.yahoo.co.jp/rss/media/saitama/all.xml|Saitama Shimbun (埼玉県), a regional daily for Saitama, as distributed through its Yahoo! News provider feed. Fetched 2026-09-30: 50 articles, newest 2026-09-30 01:53 +0000, oldest 2026-09-25 00:34 +0000; fields title, link, pubDate, image, description. Link distinct for all 50. Local police, disaster, municipal and business news that national outlets do not carry; the tree has no feed or list for this paper.|interval=3600;array_path=channel.item;title_keys=title;id_keys=link;date_keys=pubDate;link_keys=link;pagination_ok=one RSS document of the provider's newest 50 articles and the URL takes no page parameter
JO32_FEED_YAHOO_AT_S	jpfeeds	feed adds 6.1 new items/day (measured 2026-10-02), under the 10/day floor	JO32_FEED_YAHOO_AT_S|xml|any|regional|news-article|japan,news,rss,regional,newspaper,at_s|https://news.yahoo.co.jp/media/at_s|Shizuoka Shimbun - article feed via Yahoo! News|静岡新聞（Yahoo!ニュース配信）RSS|https://news.yahoo.co.jp/rss/media/at_s/all.xml|https://news.yahoo.co.jp/rss/media/at_s/all.xml|Shizuoka Shimbun (静岡県), a regional daily for Shizuoka, as distributed through its Yahoo! News provider feed. Fetched 2026-09-30: 50 articles, newest 2026-09-30 03:30 +0000, oldest 2026-09-22 05:45 +0000; fields title, link, pubDate, image, description. Link distinct for all 50. Local police, disaster, municipal and business news that national outlets do not carry; the tree has no feed or list for this paper.|interval=3600;array_path=channel.item;title_keys=title;id_keys=link;date_keys=pubDate;link_keys=link;pagination_ok=one RSS document of the provider's newest 50 articles and the URL takes no page parameter
JO32_FEED_YAHOO_NAGASAKI	jpfeeds	feed adds 5.3 new items/day (measured 2026-10-02), under the 10/day floor	JO32_FEED_YAHOO_NAGASAKI|xml|any|regional|news-article|japan,news,rss,regional,newspaper,nagasaki|https://news.yahoo.co.jp/media/nagasaki|Nagasaki Shimbun - article feed via Yahoo! News|長崎新聞（Yahoo!ニュース配信）RSS|https://news.yahoo.co.jp/rss/media/nagasaki/all.xml|https://news.yahoo.co.jp/rss/media/nagasaki/all.xml|Nagasaki Shimbun (長崎県), a regional daily for Nagasaki, as distributed through its Yahoo! News provider feed. Fetched 2026-09-30: 50 articles, newest 2026-09-30 03:30 +0000, oldest 2026-09-21 03:00 +0000; fields title, link, pubDate, image, description. Link distinct for all 50. Local police, disaster, municipal and business news that national outlets do not carry; the tree has no feed or list for this paper.|interval=3600;array_path=channel.item;title_keys=title;id_keys=link;date_keys=pubDate;link_keys=link;pagination_ok=one RSS document of the provider's newest 50 articles and the URL takes no page parameter
JO32_FEED_YAHOO_SHINMAI	jpfeeds	feed adds 1.0 new items/day (measured 2026-10-02), under the 10/day floor	JO32_FEED_YAHOO_SHINMAI|xml|any|regional|news-article|japan,news,rss,regional,newspaper,shinmai|https://news.yahoo.co.jp/media/shinmai|Shinano Mainichi Shimbun - article feed via Yahoo! News|信濃毎日新聞（Yahoo!ニュース配信）RSS|https://news.yahoo.co.jp/rss/media/shinmai/all.xml|https://news.yahoo.co.jp/rss/media/shinmai/all.xml|Shinano Mainichi Shimbun (長野県), a regional daily for Nagano, as distributed through its Yahoo! News provider feed. Fetched 2026-09-30: 50 articles, newest 2026-09-29 21:10 +0000, oldest 2026-08-12 21:20 +0000; fields title, link, pubDate, image, description. Link distinct for all 50. Local police, disaster, municipal and business news that national outlets do not carry; the tree has no feed or list for this paper.|interval=10800;array_path=channel.item;title_keys=title;id_keys=link;date_keys=pubDate;link_keys=link;pagination_ok=one RSS document of the provider's newest 50 articles and the URL takes no page parameter
JO32_FEED_YAHOO_NARANP	jpfeeds	feed adds 1.1 new items/day (measured 2026-10-02), under the 10/day floor	JO32_FEED_YAHOO_NARANP|xml|any|regional|news-article|japan,news,rss,regional,newspaper,naranp|https://news.yahoo.co.jp/media/naranp|Nara Shimbun - article feed via Yahoo! News|奈良新聞（Yahoo!ニュース配信）RSS|https://news.yahoo.co.jp/rss/media/naranp/all.xml|https://news.yahoo.co.jp/rss/media/naranp/all.xml|Nara Shimbun (奈良県), a regional daily for Nara, as distributed through its Yahoo! News provider feed. Fetched 2026-09-30: 31 articles, newest 2026-09-28 21:11 +0000, oldest 2026-08-31 21:10 +0000; fields title, link, pubDate, image, description. Link distinct for all 31. Local police, disaster, municipal and business news that national outlets do not carry; the tree has no feed or list for this paper.|interval=10800;array_path=channel.item;title_keys=title;id_keys=link;date_keys=pubDate;link_keys=link;pagination_ok=one RSS document of the provider's newest 31 articles and the URL takes no page parameter
JO32_FEED_YAHOO_MJIKENBO	jpfeeds	feed adds 3.1 new items/day (measured 2026-10-02), under the 10/day floor	JO32_FEED_YAHOO_MJIKENBO|xml|any|regional|news-article|japan,news,rss,regional,newspaper,mjikenbo|https://news.yahoo.co.jp/media/mjikenbo|Oita Godo Shimbun - article feed via Yahoo! News|大分合同新聞（Yahoo!ニュース配信）RSS|https://news.yahoo.co.jp/rss/media/mjikenbo/all.xml|https://news.yahoo.co.jp/rss/media/mjikenbo/all.xml|Oita Godo Shimbun (大分県), a regional daily for Oita, as distributed through its Yahoo! News provider feed. Fetched 2026-09-30: 50 articles, newest 2026-09-30 02:01 +0000, oldest 2026-09-13 00:40 +0000; fields title, link, pubDate, image, description. Link distinct for all 50. Local police, disaster, municipal and business news that national outlets do not carry; the tree has no feed or list for this paper.|interval=10800;array_path=channel.item;title_keys=title;id_keys=link;date_keys=pubDate;link_keys=link;pagination_ok=one RSS document of the provider's newest 50 articles and the URL takes no page parameter
JO32_FEED_YAHOO_IWANICHI	jpfeeds	feed adds 4.7 new items/day (measured 2026-10-02), under the 10/day floor	JO32_FEED_YAHOO_IWANICHI|xml|any|regional|news-article|japan,news,rss,regional,newspaper,iwanichi|https://news.yahoo.co.jp/media/iwanichi|Iwate Nichinichi Shimbun - article feed via Yahoo! News|岩手日日新聞（Yahoo!ニュース配信）RSS|https://news.yahoo.co.jp/rss/media/iwanichi/all.xml|https://news.yahoo.co.jp/rss/media/iwanichi/all.xml|Iwate Nichinichi Shimbun (岩手県), a regional daily for Iwate, as distributed through its Yahoo! News provider feed. Fetched 2026-09-30: 50 articles, newest 2026-09-29 20:40 +0000, oldest 2026-09-18 20:50 +0000; fields title, link, pubDate, image, description. Link distinct for all 50. Local police, disaster, municipal and business news that national outlets do not carry; the tree has no feed or list for this paper.|interval=3600;array_path=channel.item;title_keys=title;id_keys=link;date_keys=pubDate;link_keys=link;pagination_ok=one RSS document of the provider's newest 50 articles and the URL takes no page parameter
JO32_FEED_YAHOO_MUTSUSHIM	jpfeeds	feed adds 6.5 new items/day (measured 2026-10-02), under the 10/day floor	JO32_FEED_YAHOO_MUTSUSHIM|xml|any|regional|news-article|japan,news,rss,regional,newspaper,mutsushim|https://news.yahoo.co.jp/media/mutsushim|Mutsu Shimpo - article feed via Yahoo! News|陸奥新報（Yahoo!ニュース配信）RSS|https://news.yahoo.co.jp/rss/media/mutsushim/all.xml|https://news.yahoo.co.jp/rss/media/mutsushim/all.xml|Mutsu Shimpo (青森県津軽地方), a regional daily for Aomori (Tsugaru), as distributed through its Yahoo! News provider feed. Fetched 2026-09-30: 50 articles, newest 2026-09-30 01:15 +0000, oldest 2026-09-22 01:43 +0000; fields title, link, pubDate, image, description. Link distinct for all 50. Local police, disaster, municipal and business news that national outlets do not carry; the tree has no feed or list for this paper.|interval=3600;array_path=channel.item;title_keys=title;id_keys=link;date_keys=pubDate;link_keys=link;pagination_ok=one RSS document of the provider's newest 50 articles and the URL takes no page parameter
JO32_FEED_YAHOO_DTOHOKU	jpfeeds	feed adds 2.2 new items/day (measured 2026-10-02), under the 10/day floor	JO32_FEED_YAHOO_DTOHOKU|xml|any|regional|news-article|japan,news,rss,regional,newspaper,dtohoku|https://news.yahoo.co.jp/media/dtohoku|Daily Tohoku - article feed via Yahoo! News|デーリー東北（Yahoo!ニュース配信）RSS|https://news.yahoo.co.jp/rss/media/dtohoku/all.xml|https://news.yahoo.co.jp/rss/media/dtohoku/all.xml|Daily Tohoku (青森県八戸・岩手県北), a regional daily for Aomori (Hachinohe) and northern Iwate, as distributed through its Yahoo! News provider feed. Fetched 2026-09-30: 50 articles, newest 2026-09-30 01:01 +0000, oldest 2026-09-05 11:32 +0000; fields title, link, pubDate, image, description. Link distinct for all 50. Local police, disaster, municipal and business news that national outlets do not carry; the tree has no feed or list for this paper.|interval=10800;array_path=channel.item;title_keys=title;id_keys=link;date_keys=pubDate;link_keys=link;pagination_ok=one RSS document of the provider's newest 50 articles and the URL takes no page parameter
JO32_FEED_YAHOO_HAKOSHIN	jpfeeds	feed adds 1.8 new items/day (measured 2026-10-02), under the 10/day floor	JO32_FEED_YAHOO_HAKOSHIN|xml|any|regional|news-article|japan,news,rss,regional,newspaper,hakoshin|https://news.yahoo.co.jp/media/hakoshin|Hakodate Shimbun - article feed via Yahoo! News|函館新聞（Yahoo!ニュース配信）RSS|https://news.yahoo.co.jp/rss/media/hakoshin/all.xml|https://news.yahoo.co.jp/rss/media/hakoshin/all.xml|Hakodate Shimbun (北海道函館), a regional daily for Hokkaido (Hakodate), as distributed through its Yahoo! News provider feed. Fetched 2026-09-30: 50 articles, newest 2026-09-30 00:55 +0000, oldest 2026-09-02 01:52 +0000; fields title, link, pubDate, image, description. Link distinct for all 50. Local police, disaster, municipal and business news that national outlets do not carry; the tree has no feed or list for this paper.|interval=10800;array_path=channel.item;title_keys=title;id_keys=link;date_keys=pubDate;link_keys=link;pagination_ok=one RSS document of the provider's newest 50 articles and the URL takes no page parameter
JO32_FEED_YAHOO_KUSHIRONW	jpfeeds	feed adds 1.5 new items/day (measured 2026-10-02), under the 10/day floor	JO32_FEED_YAHOO_KUSHIRONW|xml|any|regional|news-article|japan,news,rss,regional,newspaper,kushironw|https://news.yahoo.co.jp/media/kushironw|Kushiro Shimbun - article feed via Yahoo! News|釧路新聞（Yahoo!ニュース配信）RSS|https://news.yahoo.co.jp/rss/media/kushironw/all.xml|https://news.yahoo.co.jp/rss/media/kushironw/all.xml|Kushiro Shimbun (北海道釧路), a regional daily for Hokkaido (Kushiro), as distributed through its Yahoo! News provider feed. Fetched 2026-09-30: 50 articles, newest 2026-09-29 23:01 +0000, oldest 2026-08-27 00:00 +0000; fields title, link, pubDate, image, description. Link distinct for all 50. Local police, disaster, municipal and business news that national outlets do not carry; the tree has no feed or list for this paper.|interval=10800;array_path=channel.item;title_keys=title;id_keys=link;date_keys=pubDate;link_keys=link;pagination_ok=one RSS document of the provider's newest 50 articles and the URL takes no page parameter
JO32_FEED_YAHOO_NIHONKAI	jpfeeds	feed adds 2.1 new items/day (measured 2026-10-02), under the 10/day floor	JO32_FEED_YAHOO_NIHONKAI|xml|any|regional|news-article|japan,news,rss,regional,newspaper,nihonkai|https://news.yahoo.co.jp/media/nihonkai|Nihonkai Shimbun - article feed via Yahoo! News|日本海新聞（Yahoo!ニュース配信）RSS|https://news.yahoo.co.jp/rss/media/nihonkai/all.xml|https://news.yahoo.co.jp/rss/media/nihonkai/all.xml|Nihonkai Shimbun (鳥取県), a regional daily for Tottori, as distributed through its Yahoo! News provider feed. Fetched 2026-09-30: 28 articles, newest 2026-09-29 23:35 +0000, oldest 2026-09-16 23:10 +0000; fields title, link, pubDate, image, description. Link distinct for all 28. Local police, disaster, municipal and business news that national outlets do not carry; the tree has no feed or list for this paper.|interval=3600;array_path=channel.item;title_keys=title;id_keys=link;date_keys=pubDate;link_keys=link;pagination_ok=one RSS document of the provider's newest 28 articles and the URL takes no page parameter
JO32_FEED_YAHOO_YMGCNW	jpfeeds	feed adds 1.0 new items/day (measured 2026-10-02), under the 10/day floor	JO32_FEED_YAHOO_YMGCNW|xml|any|regional|news-article|japan,news,rss,regional,newspaper,ymgcnw|https://news.yahoo.co.jp/media/ymgcnw|Yamaguchi Shimbun - article feed via Yahoo! News|山口新聞（Yahoo!ニュース配信）RSS|https://news.yahoo.co.jp/rss/media/ymgcnw/all.xml|https://news.yahoo.co.jp/rss/media/ymgcnw/all.xml|Yamaguchi Shimbun (山口県), a regional daily for Yamaguchi, as distributed through its Yahoo! News provider feed. Fetched 2026-09-30: 50 articles, newest 2026-09-29 06:25 +0000, oldest 2026-08-13 02:43 +0000; fields title, link, pubDate, image, description. Link distinct for all 50. Local police, disaster, municipal and business news that national outlets do not carry; the tree has no feed or list for this paper.|interval=10800;array_path=channel.item;title_keys=title;id_keys=link;date_keys=pubDate;link_keys=link;pagination_ok=one RSS document of the provider's newest 50 articles and the URL takes no page parameter
JO32_FEED_YAHOO_NANKAINN	jpfeeds	feed adds 4.1 new items/day (measured 2026-10-02), under the 10/day floor	JO32_FEED_YAHOO_NANKAINN|xml|any|regional|news-article|japan,news,rss,regional,newspaper,nankainn|https://news.yahoo.co.jp/media/nankainn|Nankai Nichinichi Shimbun - article feed via Yahoo! News|南海日日新聞（Yahoo!ニュース配信）RSS|https://news.yahoo.co.jp/rss/media/nankainn/all.xml|https://news.yahoo.co.jp/rss/media/nankainn/all.xml|Nankai Nichinichi Shimbun (鹿児島県奄美群島), a regional daily for Kagoshima (Amami islands), as distributed through its Yahoo! News provider feed. Fetched 2026-09-30: 50 articles, newest 2026-09-29 04:00 +0000, oldest 2026-09-17 04:01 +0000; fields title, link, pubDate, image, description. Link distinct for all 50. Local police, disaster, municipal and business news that national outlets do not carry; the tree has no feed or list for this paper.|interval=3600;array_path=channel.item;title_keys=title;id_keys=link;date_keys=pubDate;link_keys=link;pagination_ok=one RSS document of the provider's newest 50 articles and the URL takes no page parameter
JO32_FEED_YAHOO_CHUKEI	jpfeeds	feed adds 3.7 new items/day (measured 2026-10-02), under the 10/day floor	JO32_FEED_YAHOO_CHUKEI|xml|any|regional|news-article|japan,news,rss,regional,newspaper,chukei|https://news.yahoo.co.jp/media/chukei|Chubu Keizai Shimbun - article feed via Yahoo! News|中部経済新聞（Yahoo!ニュース配信）RSS|https://news.yahoo.co.jp/rss/media/chukei/all.xml|https://news.yahoo.co.jp/rss/media/chukei/all.xml|Chubu Keizai Shimbun (愛知県・中部経済圏), a regional daily for Aichi / Chubu region business, as distributed through its Yahoo! News provider feed. Fetched 2026-09-30: 50 articles, newest 2026-09-30 00:45 +0000, oldest 2026-09-17 20:15 +0000; fields title, link, pubDate, image, description. Link distinct for all 50. Local police, disaster, municipal and business news that national outlets do not carry; the tree has no feed or list for this paper.|interval=3600;array_path=channel.item;title_keys=title;id_keys=link;date_keys=pubDate;link_keys=link;pagination_ok=one RSS document of the provider's newest 50 articles and the URL takes no page parameter
JO32_FEED_YAHOO_TV_TVI	jpfeeds	feed adds 8.1 new items/day (measured 2026-10-02), under the 10/day floor	JO32_FEED_YAHOO_TV_TVI|xml|any|regional|news-article|japan,news,rss,regional,television,nnn,tvi|https://news.yahoo.co.jp/media/tvi|Television Iwate - local TV news feed via Yahoo! News|テレビ岩手 ニュース（Yahoo!ニュース配信）RSS|https://news.yahoo.co.jp/rss/media/tvi/all.xml|https://news.yahoo.co.jp/rss/media/tvi/all.xml|Television Iwate, the NNN affiliate in Iwate, local news as published to its Yahoo! News provider feed. Fetched 2026-09-30: 50 items over about 5 days, newest 2026-09-29 09:53 +0000; fields title, link, pubDate, image, description. Link distinct for all 50. The tree covers this prefecture's JNN and FNN stations but had no NNN station feed for Iwate; items are local incidents, arrests, court cases and weather.|interval=3600;array_path=channel.item;title_keys=title;id_keys=link;date_keys=pubDate;link_keys=link;pagination_ok=one RSS document of the station's newest 50 items and the URL takes no page parameter
JO32_FEED_YAHOO_TV_HOMETVV	jpfeeds	feed adds 5.4 new items/day (measured 2026-10-02), under the 10/day floor	JO32_FEED_YAHOO_TV_HOMETVV|xml|any|regional|news-article|japan,news,rss,regional,television,ann,hometvv|https://news.yahoo.co.jp/media/hometvv|Hiroshima Home Television - local TV news feed via Yahoo! News|広島ホームテレビ ニュース（Yahoo!ニュース配信）RSS|https://news.yahoo.co.jp/rss/media/hometvv/all.xml|https://news.yahoo.co.jp/rss/media/hometvv/all.xml|Hiroshima Home Television, the ANN affiliate in Hiroshima, local news as published to its Yahoo! News provider feed. Fetched 2026-09-30: 50 items over about 12 days, newest 2026-09-30 03:41 +0000; fields title, link, pubDate, image, description. Link distinct for all 50. The tree covers this prefecture's JNN and FNN stations but had no ANN station feed for Hiroshima; items are local incidents, arrests, court cases and weather.|interval=3600;array_path=channel.item;title_keys=title;id_keys=link;date_keys=pubDate;link_keys=link;pagination_ok=one RSS document of the station's newest 50 items and the URL takes no page parameter
JO32_FEED_IZA_SANKEI	jpfeeds	feed adds 0.0 new items/day (measured 2026-10-02), under the 10/day floor	JO32_FEED_IZA_SANKEI|xml|any|news|news-article|japan,news,rss,sankei,iza|https://www.iza.ne.jp/|iza! (Sankei digital) - latest articles RSS|iza!（イザ！産経デジタル）新着 RSS|https://www.iza.ne.jp/arc/outboundfeeds/rss/?outputType=xml|https://www.iza.ne.jp/arc/outboundfeeds/rss/?outputType=xml|iza!, Sankei Digital's news portal, latest articles (Arc RSS 2.0). Fetched 2026-09-30: 100 items, newest 2026-09-30 03:33 +0000, oldest 2026-09-29 00:12 +0000; fields title, link, guid, pubDate, description, content:encoded (full text) and media:content. guid distinct for all 100. Links and guids are site-relative paths (/article/...).|interval=1800;array_path=channel.item;title_keys=title;id_keys=guid,link;date_keys=pubDate;link_keys=link;pagination_ok=one document of the newest 100 items and the URL takes no page parameter
JO32_FEED_ITMEDIA_TECHTARGET	jpfeeds	feed adds 8.0 new items/day (measured 2026-10-02), under the 10/day floor	JO32_FEED_ITMEDIA_TECHTARGET|xml|any|technology|news-article|japan,news,rss,itmedia,technology,techtarget|https://corp.itmedia.co.jp/media/rss_list/|TechTarget Japan (ITmedia) RSS|TechTargetジャパン RSS|https://rss.itmedia.co.jp/rss/2.0/techtarget.xml|https://rss.itmedia.co.jp/rss/2.0/techtarget.xml|TechTarget Japan (ITmedia) feed. Fetched 2026-09-30: 30 items, newest 2026-09-30 05:00 +0900, oldest 2026-09-28 05:00 +0900; fields title, link, pubDate, description. Link distinct for all 30. Enterprise IT procurement and case studies naming Japanese organisations.|interval=3600;array_path=channel.item;title_keys=title;id_keys=guid,link;date_keys=pubDate;link_keys=link;pagination_ok=one document of the newest 30 items and the URL takes no page parameter
JO32_FEED_GIHYO	jpfeeds	feed adds 2.2 new items/day (measured 2026-10-02), under the 10/day floor	JO32_FEED_GIHYO|xml|any|technology|news-article|japan,news,rss,technology,developer,gihyo|https://gihyo.jp/|gihyo.jp (Gijutsu-Hyoron) - all articles RSS|gihyo.jp（技術評論社）全記事 RSS|https://gihyo.jp/feed/rss2|https://gihyo.jp/feed/rss2|gihyo.jp (Gijutsu-Hyoron) all-articles RSS: one document carries its whole archive window. Fetched 2026-09-30: 869 items, newest 2026-09-30 09:23 +0900, oldest 2025-09-04 09:07 +0900; fields title, link, guid, pubDate, description. guid distinct for all 869. Developer, Linux and infrastructure articles and book notices.|interval=21600;array_path=channel.item;title_keys=title;id_keys=guid,link;date_keys=pubDate;link_keys=link;pagination_ok=one document of the newest 869 items and the URL takes no page parameter
JO32_FEED_SECURITY_NEXT_ALL	jpfeeds	feed adds 7.7 new items/day (measured 2026-10-02), under the 10/day floor	JO32_FEED_SECURITY_NEXT_ALL|xml|any|cyber|security-news|japan,news,rss,security,cyber,incident|https://www.security-next.com/|Security NEXT - all articles RSS|Security NEXT 全記事 RSS|https://www.security-next.com/feed|https://www.security-next.com/feed|Security NEXT all-articles feed. Fetched 2026-09-30: 20 items, newest 2026-09-30 02:30 +0000, oldest 2026-09-27 15:01 +0000; fields title, link, guid, pubDate, category, dc:creator, description. guid distinct for all 20. Japanese breach, incident and vulnerability reporting; the tree has only this site's cat191 feed, a single category.|interval=3600;array_path=channel.item;title_keys=title;id_keys=guid,link;date_keys=pubDate;link_keys=link;pagination_ok=one document of the newest 20 items and the URL takes no page parameter
JO32_FEED_PIYOLOG	jpfeeds	feed adds 0.8 new items/day (measured 2026-10-02), under the 10/day floor	JO32_FEED_PIYOLOG|xml|any|cyber|security-incident-writeup|japan,rss,security,cyber,incident,breach|https://piyolog.hatenadiary.jp/|piyolog - Japanese security incident write-ups RSS|piyolog（セキュリティインシデントまとめ）RSS|https://piyolog.hatenadiary.jp/rss|https://piyolog.hatenadiary.jp/rss|piyolog, the long-running Japanese security-incident blog, RSS 2.0. Fetched 2026-09-30: 30 posts, newest 2026-09-30 08:01 +0900, oldest 2026-08-22 03:33 +0900; fields title, link, guid, pubDate, category, description (full post HTML). guid distinct for all 30. Each post is a sourced timeline of a breach, attack or exploited vulnerability affecting Japanese organisations.|interval=21600;array_path=channel.item;title_keys=title;id_keys=guid,link;date_keys=pubDate;link_keys=link;pagination_ok=one document of the newest 30 items and the URL takes no page parameter
JO32_ARC_MIYAGI_POLICE_SCRAMBLE	jparcgis	lowest-yield static row in the pool (214 records per run); verified, kept as reserve	JO32_ARC_MIYAGI_POLICE_SCRAMBLE|json|any|public-safety|traffic-signal|japan,miyagi,police,traffic-signal,road-safety|https://www.arcgis.com/home/item.html?id=599fb518348a482793912038f93574fe|Miyagi Prefectural Police: pedestrian-separated signal intersections|宮城県警察 歩車分離式信号機整備箇所|https://services6.arcgis.com/OhXN0ZmojCx1em6O/arcgis/rest/services/%E3%80%8C%E6%AD%A9%E8%BB%8A%E5%88%86%E9%9B%A2%E5%BC%8F%E4%BF%A1%E5%8F%B7%E6%A9%9F%E3%80%8D%E6%95%B4%E5%82%99%E7%AE%87%E6%89%80MAP/FeatureServer/0/query?where=1%3D1&outFields=*&outSR=4326&f=json&orderByFields=ObjectId&resultRecordCount=1000&resultOffset=0|https://services6.arcgis.com/OhXN0ZmojCx1em6O/arcgis/rest/services/%E3%80%8C%E6%AD%A9%E8%BB%8A%E5%88%86%E9%9B%A2%E5%BC%8F%E4%BF%A1%E5%8F%B7%E6%A9%9F%E3%80%8D%E6%95%B4%E5%82%99%E7%AE%87%E6%89%80MAP/FeatureServer/0/query?where=1%3D1&outFields=*&outSR=4326&f=json&orderByFields=ObjectId&resultRecordCount=1000&resultOffset=0|Intersections where Miyagi Prefectural Police operate pedestrian-separated (歩車分離式) traffic signals: intersection name, street address, operating scheme (scramble etc.) and coordinates. Fetched 2026-09-30: the layer reports 214 features and one request at resultRecordCount=1000 returned all 214, with 214 distinct ObjectId values. Layer last edited 2025-07-23.|array_path=features;id_keys=attributes.ObjectId;title_keys=attributes.交差点名;lat_key=geometry.y;lon_key=geometry.x;page_param=resultOffset;page_size=1000;page_zero_based=1;page_max=3;interval=604800;timeout_ms=60000
JO32_ARC_URAYASU_CRIME2024	jparcgis	lowest-yield static row in the pool (502 records per run); verified, kept as reserve	JO32_ARC_URAYASU_CRIME2024|json|any|public-safety|crime-incident|japan,chiba,urayasu,crime,theft|https://www.arcgis.com/home/item.html?id=e76694359afe4c84914f8070fba3184e|Urayasu City individual crime incidents 2024|浦安市 犯罪発生個別（2024）|https://services2.arcgis.com/tgYSvsRXvVD2Ic84/arcgis/rest/services/%E6%B5%A6%E5%AE%89%E5%B8%82%E7%8A%AF%E7%BD%AA%E7%99%BA%E7%94%9F%E5%80%8B%E5%88%A52024/FeatureServer/0/query?where=1%3D1&outFields=*&outSR=4326&f=json&orderByFields=ObjectId&resultRecordCount=1000&resultOffset=0|https://services2.arcgis.com/tgYSvsRXvVD2Ic84/arcgis/rest/services/%E6%B5%A6%E5%AE%89%E5%B8%82%E7%8A%AF%E7%BD%AA%E7%99%BA%E7%94%9F%E5%80%8B%E5%88%A52024/FeatureServer/0/query?where=1%3D1&outFields=*&outSR=4326&f=json&orderByFields=ObjectId&resultRecordCount=1000&resultOffset=0|Individual crimes recorded in Urayasu City (Chiba) during 2024 from the city's URA-CIMA GIS: method (手口, e.g. 自転車盗), block-level address, 丁目, date, hour and a note such as whether the bicycle was locked. Fetched 2026-09-30: the layer reports 502 features and one request at resultRecordCount=1000 returned all 502, with 502 distinct ObjectId values. Newest day 2024-12-26; layer last edited 2025-09-18.|array_path=features;id_keys=attributes.ObjectId;title_keys=attributes.adress+attributes.teguchi;date_keys=attributes.day;lat_key=geometry.y;lon_key=geometry.x;page_param=resultOffset;page_size=1000;page_zero_based=1;page_max=3;interval=604800;timeout_ms=60000
JO32_ARC_MIE_POLICE_SAFESHOP	jparcgis	lowest-yield static row in the pool (1447 records per run); verified, kept as reserve	JO32_ARC_MIE_POLICE_SAFESHOP|json|any|public-safety|child-safety-shop|japan,mie,police,child-safety|https://www.arcgis.com/home/item.html?id=b53e74b24a6743d294ec51b9c8ec1b96|Mie Prefectural Police certified child safety shops|三重県警察認定「子ども安全・安心の店」認定事業所|https://services5.arcgis.com/tkvkIlp1M2KOKx34/arcgis/rest/services/poi1711_v01/FeatureServer/0/query?where=1%3D1&outFields=*&outSR=4326&f=json&orderByFields=OID&resultRecordCount=1000&resultOffset=0|https://services5.arcgis.com/tkvkIlp1M2KOKx34/arcgis/rest/services/poi1711_v01/FeatureServer/0/query?where=1%3D1&outFields=*&outSR=4326&f=json&orderByFields=OID&resultRecordCount=1000&resultOffset=0|Businesses certified by Mie Prefectural Police as 子ども安全・安心の店 (child refuge shops): business name, police station, certification date and number, street address, the elementary school they watch over and business class. Fetched 2026-09-30: the layer reports 1,447 features (returnCountOnly, maxRecordCount 2000); page 1 at resultRecordCount=1000 returned 1000 records with 1000 distinct OID values and page 2 (resultOffset=1000) returned 447 further records with no overlap. Layer last edited 2026-09-08.|array_path=features;id_keys=attributes.OID;title_keys=attributes.タイトル;lat_key=geometry.y;lon_key=geometry.x;page_param=resultOffset;page_size=1000;page_zero_based=1;page_max=4;interval=604800;timeout_ms=60000
JO32_ARC_MIE_NURSERY	jparcgis	lowest-yield static row in the pool (829 records per run); verified, kept as reserve	JO32_ARC_MIE_NURSERY|json|any|government|childcare-facility|japan,mie,nursery,kindergarten,childcare|https://www.arcgis.com/home/item.html?id=579cee94227d448ba86276ebc23a4fe5|Mie Prefecture: nurseries, kindergartens and certified child centres|三重県 保育所・幼稚園・認定こども園等|https://services5.arcgis.com/tkvkIlp1M2KOKx34/arcgis/rest/services/poi0208_v01/FeatureServer/0/query?where=1%3D1&outFields=*&outSR=4326&f=json&orderByFields=OID&resultRecordCount=1000&resultOffset=0|https://services5.arcgis.com/tkvkIlp1M2KOKx34/arcgis/rest/services/poi0208_v01/FeatureServer/0/query?where=1%3D1&outFields=*&outSR=4326&f=json&orderByFields=OID&resultRecordCount=1000&resultOffset=0|Mie Prefecture's register of nurseries, kindergartens and certified centres: facility name, address, operator name, telephone, public or private and municipality code. Fetched 2026-09-30: the layer reports 829 features and one request at resultRecordCount=1000 returned all 829, with 829 distinct OID values. Layer last edited 2023-03-10.|array_path=features;id_keys=attributes.OID;title_keys=attributes.施設名;lat_key=geometry.y;lon_key=geometry.x;page_param=resultOffset;page_size=1000;page_zero_based=1;page_max=3;interval=604800;timeout_ms=60000
JO32_ARC_TOKYO_BEAR	jparcgis	lowest-yield static row in the pool (703 records per run); verified, kept as reserve	JO32_ARC_TOKYO_BEAR|json|any|environment|bear-sighting|japan,tokyo,bear,wildlife,sighting|https://www.arcgis.com/home/item.html?id=47007cbb0ea24b1a8f6c17533f1521ae|Tokyo bear map (Tokyo Kumappu) sighting points|Tokyoくまっぷ クマ目撃情報|https://services2.arcgis.com/jJHjiOA0Q38mQvGF/arcgis/rest/services/Tokyo%E3%81%8F%E3%81%BE%E3%81%A3%E3%81%B720250924/FeatureServer/0/query?where=1%3D1&outFields=*&outSR=4326&f=json&orderByFields=ObjectId&resultRecordCount=1000&resultOffset=0|https://services2.arcgis.com/jJHjiOA0Q38mQvGF/arcgis/rest/services/Tokyo%E3%81%8F%E3%81%BE%E3%81%A3%E3%81%B720250924/FeatureServer/0/query?where=1%3D1&outFields=*&outSR=4326&f=json&orderByFields=ObjectId&resultRecordCount=1000&resultOffset=0|Bear sightings and traces in western Tokyo (Okutama, Akiruno and neighbouring municipalities) behind Tokyo くまっぷ: record number, date and time, municipality and place (romanised), adult, cub and unknown counts, sighting or trace, accuracy and listing date. Fetched 2026-09-30: the layer reports 703 features and one request at resultRecordCount=1000 returned all 703, with 703 distinct ObjectId values. Newest date 2025-09-21; layer last edited 2025-11-04. page_max carries 50% headroom over the measured 1 pages because the layer grows.|array_path=features;id_keys=attributes.ObjectId;title_keys=attributes.cities+attributes.place;date_keys=attributes.date;lat_key=geometry.y;lon_key=geometry.x;page_param=resultOffset;page_size=1000;page_zero_based=1;page_max=4;interval=86400;timeout_ms=60000
JO32_ARC_NAGANO_BOSAIBASE	jparcgis	lowest-yield static row in the pool (421 records per run); verified, kept as reserve	JO32_ARC_NAGANO_BOSAIBASE|json|any|government|disaster-base|japan,nagano,disaster,logistics|https://www.arcgis.com/home/item.html?id=ca9cb9db89854c7f8cf42e90751c4106|Nagano Prefecture disaster-response bases (2025)|長野県 防災拠点2025|https://services5.arcgis.com/PZeNMNQU2CU59YeG/arcgis/rest/services/%E9%98%B2%E7%81%BD%E6%8B%A0%E7%82%B92025/FeatureServer/1/query?where=1%3D1&outFields=*&outSR=4326&f=json&orderByFields=OBJECTID&resultRecordCount=1000&resultOffset=0|https://services5.arcgis.com/PZeNMNQU2CU59YeG/arcgis/rest/services/%E9%98%B2%E7%81%BD%E6%8B%A0%E7%82%B92025/FeatureServer/1/query?where=1%3D1&outFields=*&outSR=4326&f=json&orderByFields=OBJECTID&resultRecordCount=1000&resultOffset=0|Nagano Prefecture's designated disaster-response bases: facility number, class (prefectural office, regional office, logistics base), wide area, name, address, logistics-base flag and tier. Fetched 2026-09-30: the layer reports 421 features and one request at resultRecordCount=1000 returned all 421, with 421 distinct OBJECTID values. Layer last edited 2025-03-05.|array_path=features;id_keys=attributes.OBJECTID;title_keys=attributes.名称;lat_key=geometry.y;lon_key=geometry.x;page_param=resultOffset;page_size=1000;page_zero_based=1;page_max=3;interval=604800;timeout_ms=60000
JO32_ARC_SHIBUYA_TREATMENT	jparcgis	lowest-yield static row in the pool (1538 records per run); verified, kept as reserve	JO32_ARC_SHIBUYA_TREATMENT|json|any|health|treatment-facility|japan,tokyo,shibuya,acupuncture,judo-therapy,registry|https://www.arcgis.com/home/item.html?id=05da8a93f34642cc923016cf620761cb|Shibuya City register of massage, acupuncture and judo-therapy premises|渋谷区 施術所（あん摩・はり・きゅう、柔道整復）一覧|https://services3.arcgis.com/UtdeFTavkHfI94t2/arcgis/rest/services/131130_treatment_facilities/FeatureServer/0/query?where=1%3D1&outFields=*&outSR=4326&f=json&orderByFields=ObjectId&resultRecordCount=1000&resultOffset=0|https://services3.arcgis.com/UtdeFTavkHfI94t2/arcgis/rest/services/131130_treatment_facilities/FeatureServer/0/query?where=1%3D1&outFields=*&outSR=4326&f=json&orderByFields=ObjectId&resultRecordCount=1000&resultOffset=0|Shibuya City's register of あん摩・はり・きゅう and 柔道整復 treatment premises: class, status, name, address, telephone, operator name, notification date and number, opening, suspension and closure dates. No coordinates in the layer. Fetched 2026-09-30: the layer reports 1,538 features (returnCountOnly, maxRecordCount 1000); page 1 at resultRecordCount=1000 returned 1000 records with 1000 distinct ObjectId values and page 2 (resultOffset=1000) returned 538 further records with no overlap. Layer last edited 2026-09-10.|array_path=features;id_keys=attributes.ObjectId;title_keys=attributes.施設名称;page_param=resultOffset;page_size=1000;page_zero_based=1;page_max=4;interval=604800;timeout_ms=60000
JO32_ARC_SHIBUYA_MEDDEVICE	jparcgis	lowest-yield static row in the pool (882 records per run); verified, kept as reserve	JO32_ARC_SHIBUYA_MEDDEVICE|json|any|health|pharmaceutical-business|japan,tokyo,shibuya,medical-device,drugstore,registry|https://www.arcgis.com/home/item.html?id=bb6dc7fc49c945239ad9fa66ea5fdf6b|Shibuya City register of drugstores and high-risk medical device sellers|渋谷区 店舗販売業、高度管理医療機器販売業・貸与業一覧|https://services3.arcgis.com/UtdeFTavkHfI94t2/arcgis/rest/services/131130_sales_rental_medical_business/FeatureServer/0/query?where=1%3D1&outFields=*&outSR=4326&f=json&orderByFields=ObjectId&resultRecordCount=1000&resultOffset=0|https://services3.arcgis.com/UtdeFTavkHfI94t2/arcgis/rest/services/131130_sales_rental_medical_business/FeatureServer/0/query?where=1%3D1&outFields=*&outSR=4326&f=json&orderByFields=ObjectId&resultRecordCount=1000&resultOffset=0|Shibuya City's register of drugstore (店舗販売業) and high-risk medical-device sales or leasing licences: business type, facility name, address, telephone, operator, status, permit number, first-permit and start dates, suspension and closure dates. No coordinates in the layer. Fetched 2026-09-30: the layer reports 882 features and one request at resultRecordCount=1000 returned all 882, with 882 distinct ObjectId values. Layer last edited 2026-09-10.|array_path=features;id_keys=attributes.ObjectId;title_keys=attributes.施設名称;page_param=resultOffset;page_size=1000;page_zero_based=1;page_max=3;interval=604800;timeout_ms=60000
JO32_ARC_SHIBUYA_PHARMACY	jparcgis	lowest-yield static row in the pool (261 records per run); verified, kept as reserve	JO32_ARC_SHIBUYA_PHARMACY|json|any|health|pharmacy|japan,tokyo,shibuya,pharmacy,registry|https://www.arcgis.com/home/item.html?id=654f6eccaf7142b19d424dd8e318b450|Shibuya City register of pharmacies|渋谷区 薬局一覧|https://services3.arcgis.com/UtdeFTavkHfI94t2/arcgis/rest/services/131130_pharmacies/FeatureServer/0/query?where=1%3D1&outFields=*&outSR=4326&f=json&orderByFields=ObjectId&resultRecordCount=1000&resultOffset=0|https://services3.arcgis.com/UtdeFTavkHfI94t2/arcgis/rest/services/131130_pharmacies/FeatureServer/0/query?where=1%3D1&outFields=*&outSR=4326&f=json&orderByFields=ObjectId&resultRecordCount=1000&resultOffset=0|Shibuya City's pharmacy register: facility name, address, telephone, operator, administrator (管理者氏名), status, permit number and first-permit, start, suspension and closure dates. No coordinates in the layer. Fetched 2026-09-30: the layer reports 261 features and one request at resultRecordCount=1000 returned all 261, with 261 distinct ObjectId values. Layer last edited 2026-09-10.|array_path=features;id_keys=attributes.ObjectId;title_keys=attributes.施設名称;page_param=resultOffset;page_size=1000;page_zero_based=1;page_max=3;interval=604800;timeout_ms=60000
JO32_ARC_TOKYO_LONGCOVID_CLINIC	jparcgis	lowest-yield static row in the pool (761 records per run); verified, kept as reserve	JO32_ARC_TOKYO_LONGCOVID_CLINIC|json|any|health|medical-facility|japan,tokyo,long-covid,clinic,health|https://services3.arcgis.com/wzLTflfyROao54L4/arcgis/rest/services/%E6%9D%B1%E4%BA%AC%E9%83%BD%E5%BE%8C%E9%81%BA%E7%97%87%E5%AF%BE%E5%BF%9C%E5%8C%BB%E7%99%82%E6%A9%9F%E9%96%A2%E3%83%9E%E3%83%83%E3%83%97_v2/FeatureServer|Tokyo Metropolitan Government long-COVID clinics map|東京都後遺症対応医療機関マップ|https://services3.arcgis.com/wzLTflfyROao54L4/arcgis/rest/services/%E6%9D%B1%E4%BA%AC%E9%83%BD%E5%BE%8C%E9%81%BA%E7%97%87%E5%AF%BE%E5%BF%9C%E5%8C%BB%E7%99%82%E6%A9%9F%E9%96%A2%E3%83%9E%E3%83%83%E3%83%97_v2/FeatureServer/0/query?where=1%3D1&outFields=*&outSR=4326&f=json&orderByFields=ObjectId&resultRecordCount=1000&resultOffset=0|https://services3.arcgis.com/wzLTflfyROao54L4/arcgis/rest/services/%E6%9D%B1%E4%BA%AC%E9%83%BD%E5%BE%8C%E9%81%BA%E7%97%87%E5%AF%BE%E5%BF%9C%E5%8C%BB%E7%99%82%E6%A9%9F%E9%96%A2%E3%83%9E%E3%83%83%E3%83%97_v2/FeatureServer/0/query?where=1%3D1&outFields=*&outSR=4326&f=json&orderByFields=ObjectId&resultRecordCount=1000&resultOffset=0|Clinics registered with the Tokyo Metropolitan Government as treating COVID-19 after-effects: name, municipality, address, telephone, departments, symptoms handled, age limits, booking method, referral requirement, tests available and homepage link, with coordinates. Fetched 2026-09-30: the layer reports 761 features and one request at resultRecordCount=1000 returned all 761, with 761 distinct ObjectId values. Layer last edited 2026-08-12.|array_path=features;id_keys=attributes.ObjectId;title_keys=attributes.医療機関名;lat_key=geometry.y;lon_key=geometry.x;page_param=resultOffset;page_size=1000;page_zero_based=1;page_max=3;interval=604800;timeout_ms=60000
JO32_MKT_MOF_JGB_YIELDS_MONTH	jpmarket	lowest-yield static row in the pool (19 records per run); verified, kept as reserve	JO32_MKT_MOF_JGB_YIELDS_MONTH|csv|any|finance|jgb-yield-curve-day|japan,finance,jgb,interest-rate,yield-curve,mof,time-series|https://www.mof.go.jp/jgbs/reference/interest_rate/index.htm|MOF JGB benchmark yield curve (current month, daily)|国債金利情報（当月分）|https://www.mof.go.jp/jgbs/reference/interest_rate/jgbcm.csv|https://www.mof.go.jp/jgbs/reference/interest_rate/jgbcm.csv|The current-month companion to jgbcm_all.csv, rewritten every business day: on 2026-09-30 it held 18 daily rows R8.9.1 to R8.9.29 with the same 15 tenors, unique on 基準日. The file ends with one blank row and one Japanese note row (cache advice), which arrive as a record whose 基準日 is that note. Together with the _ALL row it gives the full curve up to yesterday.|charset=shift_jis;csv_skip_lines=1;title_keys=基準日;id_keys=基準日;date_keys=基準日;interval=86400;pagination_ok=one small file holding the whole current month
JO32_MKT_MOF_ITS_WEEKLY	jpmarket	lowest-yield static row in the pool (1138 records per run); verified, kept as reserve	JO32_MKT_MOF_ITS_WEEKLY|csv|any|finance|portfolio-flow-week|japan,finance,portfolio-investment,foreign-investors,securities,mof,time-series|https://www.mof.go.jp/policy/international_policy/reference/itn_transactions_in_securities/data.htm|MOF international transactions in securities (weekly, designated major investors)|対外及び対内証券売買契約等の状況（週次・指定報告機関ベース）|https://www.mof.go.jp/policy/international_policy/reference/itn_transactions_in_securities/week.csv|https://www.mof.go.jp/policy/international_policy/reference/itn_transactions_in_securities/week.csv|The weekly MOF series on residents' purchases of foreign securities and non-residents' purchases of Japanese stocks and bonds (acquisition, disposition, net; equity, long-term debt, short-term debt), 100 million yen. 1,132 weekly rows from 2005.1.2-1.8 to 2026.9.6-9.12 (final update 2026-09-17) plus a blank row and four note rows at the foot. The header is four stacked rows, so the file is read headerless: col0 is the week label (unique on all 1,132 weeks), col1-col11 the outward block and col12-col22 the inward block in the order printed in the file.|charset=shift_jis;csv_skip_lines=15;csv_no_header=1;title_keys=col0;id_keys=col0;interval=86400;pagination_ok=the full 2005-onwards weekly history is one 256 KB file
JO32_MKT_NIKKEI225_DAILY	jpmarket	lowest-yield static row in the pool (914 records per run); verified, kept as reserve	JO32_MKT_NIKKEI225_DAILY|csv|any|finance|stock-index-day|japan,finance,equities,stock-index,nikkei225,time-series|https://indexes.nikkei.co.jp/nkave/archives/data|Nikkei 225 daily OHLC history|日経平均株価 日次データ|https://indexes.nikkei.co.jp/nkave/historical/nikkei_stock_average_daily_jp.csv|https://indexes.nikkei.co.jp/nkave/historical/nikkei_stock_average_daily_jp.csv|Daily close, open, high and low of the Nikkei Stock Average from 2023/01/04 to 2026/09/29: 913 trading days, unique on データ日付. The last line is Nikkei's copyright notice, which arrives as one record whose データ日付 is that text.|charset=shift_jis;title_keys=データ日付;id_keys=データ日付;date_keys=データ日付;interval=86400;pagination_ok=one file holds the whole published window
JO32_MKT_NIKKEI500_DAILY	jpmarket	lowest-yield static row in the pool (914 records per run); verified, kept as reserve	JO32_MKT_NIKKEI500_DAILY|csv|any|finance|stock-index-day|japan,finance,equities,stock-index,nikkei500,sector-index,time-series|https://indexes.nikkei.co.jp/nkave/archives/data|Nikkei 500 daily history with 36 sector closes|日経500種平均株価 日次データ（業種別終値付き）|https://indexes.nikkei.co.jp/nkave/historical/nikkei_500_stock_average_daily_jp.csv|https://indexes.nikkei.co.jp/nkave/historical/nikkei_500_stock_average_daily_jp.csv|913 trading days (2023/01/04-2026/09/29) of the Nikkei 500 close/open/high/low plus the close of each of its 36 industry sub-indices (水産, 鉱業, 建設 … サービス), 41 columns per day, unique on データ日付. Last line is the copyright notice (one record).|charset=shift_jis;title_keys=データ日付;id_keys=データ日付;date_keys=データ日付;interval=86400;pagination_ok=one file holds the whole published window
JO32_MKT_NIKKEI_VI_DAILY	jpmarket	lowest-yield static row in the pool (914 records per run); verified, kept as reserve	JO32_MKT_NIKKEI_VI_DAILY|csv|any|finance|volatility-index-day|japan,finance,volatility,nikkei-vi,derivatives,time-series|https://indexes.nikkei.co.jp/nkave/archives/data|Nikkei Stock Average Volatility Index daily history|日経平均ボラティリティー・インデックス 日次データ|https://indexes.nikkei.co.jp/nkave/historical/nikkei_stock_average_vi_daily_jp.csv|https://indexes.nikkei.co.jp/nkave/historical/nikkei_stock_average_vi_daily_jp.csv|Daily close/open/high/low of the Nikkei VI (implied volatility of Nikkei 225 options), 913 days from 2023/01/04 to 2026/09/29 (last close 27.74), unique on データ日付. Last line is the copyright notice (one record).|charset=shift_jis;title_keys=データ日付;id_keys=データ日付;date_keys=データ日付;interval=86400;pagination_ok=one file holds the whole published window
JO32_MKT_JPXNIKKEI400_DAILY	jpmarket	lowest-yield static row in the pool (731 records per run); verified, kept as reserve	JO32_MKT_JPXNIKKEI400_DAILY|csv|any|finance|stock-index-day|japan,finance,equities,stock-index,jpx-nikkei-400,time-series|https://indexes.nikkei.co.jp/nkave/archives/data|JPX-Nikkei Index 400 daily history|JPX日経インデックス400 日次データ|https://indexes.nikkei.co.jp/nkave/historical/jpx_nikkei_index_400_daily_jp.csv|https://indexes.nikkei.co.jp/nkave/historical/jpx_nikkei_index_400_daily_jp.csv|730 trading days (2023/09/29-2026/09/29) of the JPX-Nikkei 400 close/open/high/low plus its gross and net total-return closes, unique on データ日付. Last line is the joint Nikkei/JPX copyright notice (one record).|charset=shift_jis;title_keys=データ日付;id_keys=データ日付;date_keys=データ日付;interval=86400;pagination_ok=one file holds the whole published window
JO32_MKT_NIKKEI300_DAILY	jpmarket	lowest-yield static row in the pool (914 records per run); verified, kept as reserve	JO32_MKT_NIKKEI300_DAILY|csv|any|finance|stock-index-day|japan,finance,equities,stock-index,nikkei300,time-series|https://indexes.nikkei.co.jp/nkave/archives/data|Nikkei Stock Index 300 daily history|日経株価指数300 日次データ|https://indexes.nikkei.co.jp/nkave/historical/nikkei_stock_index_300_daily_jp.csv|https://indexes.nikkei.co.jp/nkave/historical/nikkei_stock_index_300_daily_jp.csv|913 trading days (2023/01/04-2026/09/29, last close 844.31) of the Nikkei 300 close/open/high/low, unique on データ日付. Last line is the copyright notice (one record).|charset=shift_jis;title_keys=データ日付;id_keys=データ日付;date_keys=データ日付;interval=86400;pagination_ok=one file holds the whole published window
JO32_MKT_NIKKEI_HDY50_DAILY	jpmarket	lowest-yield static row in the pool (914 records per run); verified, kept as reserve	JO32_MKT_NIKKEI_HDY50_DAILY|csv|any|finance|stock-index-day|japan,finance,equities,stock-index,dividend,time-series|https://indexes.nikkei.co.jp/nkave/archives/data|Nikkei 225 High Dividend Yield Stock 50 Index daily history|日経平均高配当株50指数 日次データ|https://indexes.nikkei.co.jp/nkave/historical/nikkei_high_dividend_yield_50_daily_jp.csv|https://indexes.nikkei.co.jp/nkave/historical/nikkei_high_dividend_yield_50_daily_jp.csv|913 trading days (2023/01/04-2026/09/29) of the index close with its total-return and net-total-return closes, unique on データ日付. Last line is the copyright notice (one record).|charset=shift_jis;title_keys=データ日付;id_keys=データ日付;date_keys=データ日付;interval=86400;pagination_ok=one file holds the whole published window
JO32_MKT_NIKKEI_ESGREIT_DAILY	jpmarket	lowest-yield static row in the pool (731 records per run); verified, kept as reserve	JO32_MKT_NIKKEI_ESGREIT_DAILY|csv|any|finance|reit-index-day|japan,finance,reit,esg,stock-index,time-series|https://indexes.nikkei.co.jp/nkave/archives/data|Nikkei ESG-REIT Index daily history|日経ESG-REIT指数 日次データ|https://indexes.nikkei.co.jp/nkave/historical/nikkei_esg_reit_daily_jp.csv|https://indexes.nikkei.co.jp/nkave/historical/nikkei_esg_reit_daily_jp.csv|730 trading days (2023/09/29-2026/09/29) of the J-REIT ESG index close/open/high/low with total-return and net-total-return closes, unique on データ日付. Last line is the copyright notice (one record).|charset=shift_jis;title_keys=データ日付;id_keys=データ日付;date_keys=データ日付;interval=86400;pagination_ok=one file holds the whole published window
JO32_MKT_JSF_LENDING_FEES	jpmarket	lowest-yield static row in the pool (867 records per run); verified, kept as reserve	JO32_MKT_JSF_LENDING_FEES|csv|any|finance|stock-lending-fee|japan,finance,short-selling,securities-lending,jsf,backwardation|https://www.taisyaku.jp/download/|JSF daily stock-lending fee (hinashiryo) rates|品貸料率一覧|https://www.taisyaku.jp/data/shina.csv|https://www.taisyaku.jp/data/shina.csv|The daily list of issues where stock borrowing exceeded lending and a premium fee (品貸料, backwardation) was set: 867 rows for 2026/09/29 with settlement date, exchange, lending price, excess shares, maximum and applied fee rates and the tender bid-ratio rank. 貸借申込日+コード+取引所区分 is unique on all 867 rows; three banner lines above the header are skipped.|charset=shift_jis;csv_skip_lines=3;title_keys=銘柄名;id_keys=貸借申込日+コード+取引所区分;date_keys=貸借申込日;interval=86400;pagination_ok=one daily file covering every issue with a fee
JO32_MKT_JSF_RESTRICTIONS	jpmarket	lowest-yield static row in the pool (497 records per run); verified, kept as reserve	JO32_MKT_JSF_RESTRICTIONS|csv|any|finance|lending-restriction|japan,finance,short-selling,margin-trading,jsf,regulation|https://www.taisyaku.jp/download/|JSF per-issue lending restrictions and alerts|貸借取引銘柄別制限措置等一覧|https://www.taisyaku.jp/data/seigenichiran.csv|https://www.taisyaku.jp/data/seigenichiran.csv|Every issue currently under a JSF caution notice (注意喚起), application restriction or suspension (申込停止, e.g. new short sales stopped), with the measure, its content and the notice/start date: 494 issues plus 3 summary rows at the foot (118 cautions, 375 suspensions, 230 of them new-short-only). 銘柄コード is unique on all 497 rows (each issue carries one current measure; the three foot rows hold their counts in that column); four banner/note lines are skipped.|charset=shift_jis;csv_skip_lines=4;title_keys=銘柄名;id_keys=銘柄コード;date_keys=通知日・実施日;interval=86400;pagination_ok=one file holding every current measure
JO32_MKT_JPX_TOPIX_WEIGHTS	jpmarket	lowest-yield static row in the pool (1653 records per run); verified, kept as reserve	JO32_MKT_JPX_TOPIX_WEIGHTS|csv|any|finance|index-constituent|japan,finance,equities,topix,index-weights,jpx|https://www.jpx.co.jp/markets/indices/topix/index.html|TOPIX constituent weights|TOPIX構成銘柄別ウエイト一覧|https://www.jpx.co.jp/automation/markets/indices/topix/files/topixweight_j.csv|https://www.jpx.co.jp/automation/markets/indices/topix/files/topixweight_j.csv|Every TOPIX constituent with its weight in the index, sector and New Index Series size bucket (Core30, Large70, Mid400, Small 1/2) as of 20260731: 1,637 constituents, unique on コード, followed by 18 disclaimer lines at the foot which arrive as records without a code.|charset=shift_jis;title_keys=銘柄名;id_keys=コード;date_keys=日付;interval=604800;pagination_ok=one 101 KB file holding every constituent
JO32_MKT_BOJ_USDJPY_MONTHLY	jpmarket	lowest-yield static row in the pool (565 records per run); verified, kept as reserve	JO32_MKT_BOJ_USDJPY_MONTHLY|csv|any|finance|fx-rate-month|japan,finance,boj,fx,usdjpy,exchange-rate,time-series|https://www.stat-search.boj.or.jp/ssi/mtshtml/fm08_m_1.html|BOJ Tokyo interbank USD/JPY (monthly end, average, high, low)|為替相場（東京インターバンク相場）（月次）|https://www.stat-search.boj.or.jp/ssi/mtshtml/csv/fm08_m_1.csv|https://www.stat-search.boj.or.jp/ssi/mtshtml/csv/fm08_m_1.csv|Six monthly dollar/yen series (17:00 month-end and monthly average, central-rate month-end and average, monthly high and low) from 1980/01 to 2026/08: 560 monthly rows plus five metadata rows, unique on 系列名称.|charset=shift_jis;csv_skip_lines=3;title_keys=系列名称;id_keys=系列名称;date_keys=系列名称;interval=86400;pagination_ok=the full monthly history is one CSV
JO32_MKT_BOJ_EFFECTIVE_FX	jpmarket	lowest-yield static row in the pool (565 records per run); verified, kept as reserve	JO32_MKT_BOJ_EFFECTIVE_FX|csv|any|finance|effective-exchange-rate-month|japan,finance,boj,fx,effective-exchange-rate,time-series|https://www.stat-search.boj.or.jp/ssi/mtshtml/fm09_m_1.html|BOJ nominal and real effective exchange rate of the yen (monthly)|実効為替レート（月次）|https://www.stat-search.boj.or.jp/ssi/mtshtml/csv/fm09_m_1.csv|https://www.stat-search.boj.or.jp/ssi/mtshtml/csv/fm09_m_1.csv|Nominal and real effective exchange rate indices of the yen from 1980/01 to 2026/08 (68.46 / 66.02): 560 monthly rows plus five metadata rows, unique on 系列名称.|charset=shift_jis;csv_skip_lines=3;title_keys=系列名称;id_keys=系列名称;date_keys=系列名称;interval=86400;pagination_ok=the full monthly history is one CSV
JO32_MKT_BOJ_MONETARY_BASE	jpmarket	lowest-yield static row in the pool (565 records per run); verified, kept as reserve	JO32_MKT_BOJ_MONETARY_BASE|csv|any|finance|monetary-aggregate-month|japan,finance,boj,monetary-base,time-series|https://www.stat-search.boj.or.jp/ssi/mtshtml/md01_m_1.html|BOJ monetary base average outstanding (monthly)|マネタリーベース平均残高（月次）|https://www.stat-search.boj.or.jp/ssi/mtshtml/csv/md01_m_1.csv|https://www.stat-search.boj.or.jp/ssi/mtshtml/csv/md01_m_1.csv|Monetary base average outstanding and its components (banknotes, coins, BOJ current-account deposits), levels and year-on-year change, 8 series from 1980/01 to 2026/08 (5,430,070 hundred-million yen total on the last row): 560 monthly rows plus five metadata rows, unique on 系列名称.|charset=shift_jis;csv_skip_lines=3;title_keys=系列名称;id_keys=系列名称;date_keys=系列名称;interval=86400;pagination_ok=the full monthly history is one CSV
JO32_MKT_BOJ_MONEY_STOCK	jpmarket	lowest-yield static row in the pool (565 records per run); verified, kept as reserve	JO32_MKT_BOJ_MONEY_STOCK|csv|any|finance|monetary-aggregate-month|japan,finance,boj,money-stock,m2,m3,time-series|https://www.stat-search.boj.or.jp/ssi/mtshtml/md02_m_1.html|BOJ money stock M1/M2/M3/L (monthly)|マネーストック（月次）|https://www.stat-search.boj.or.jp/ssi/mtshtml/csv/md02_m_1.csv|https://www.stat-search.boj.or.jp/ssi/mtshtml/csv/md02_m_1.csv|16 money-stock series (M1, M2, M3, broadly-defined liquidity, currency, deposit money, quasi-money, CDs; average levels and year-on-year change) from 1980/01 to 2026/08: 560 monthly rows plus five metadata rows, unique on 系列名称.|charset=shift_jis;csv_skip_lines=3;title_keys=系列名称;id_keys=系列名称;date_keys=系列名称;interval=86400;pagination_ok=the full monthly history is one CSV
JO32_MKT_BOJ_CGPI	jpmarket	lowest-yield static row in the pool (565 records per run); verified, kept as reserve	JO32_MKT_BOJ_CGPI|csv|any|finance|price-index-month|japan,finance,boj,cgpi,producer-prices,inflation,time-series|https://www.stat-search.boj.or.jp/ssi/mtshtml/pr01_m_1.html|BOJ corporate goods price index (monthly)|企業物価指数（月次）|https://www.stat-search.boj.or.jp/ssi/mtshtml/csv/pr01_m_1.csv|https://www.stat-search.boj.or.jp/ssi/mtshtml/csv/pr01_m_1.csv|Domestic, export and import (yen basis) corporate goods price indices, the chain-linked domestic index and the summer-electricity-adjusted reference, levels and year-on-year change, 9 series from 1980/01 to 2026/08: 560 monthly rows plus five metadata rows, unique on 系列名称.|charset=shift_jis;csv_skip_lines=3;title_keys=系列名称;id_keys=系列名称;date_keys=系列名称;interval=86400;pagination_ok=the full monthly history is one CSV
JO32_MKT_BOJ_SPPI	jpmarket	lowest-yield static row in the pool (505 records per run); verified, kept as reserve	JO32_MKT_BOJ_SPPI|csv|any|finance|price-index-month|japan,finance,boj,sppi,services-prices,inflation,time-series|https://www.stat-search.boj.or.jp/ssi/mtshtml/pr02_m_1.html|BOJ services producer price index (monthly)|企業向けサービス価格指数（月次）|https://www.stat-search.boj.or.jp/ssi/mtshtml/csv/pr02_m_1.csv|https://www.stat-search.boj.or.jp/ssi/mtshtml/csv/pr02_m_1.csv|Services producer price index (all items, excluding international transportation, high- and low-labour-cost services), levels and year-on-year change, 8 series from 1985/01 to 2026/08: 500 monthly rows plus five metadata rows, unique on 系列名称.|charset=shift_jis;csv_skip_lines=3;title_keys=系列名称;id_keys=系列名称;date_keys=系列名称;interval=86400;pagination_ok=the full monthly history is one CSV
JO32_MKT_BOJ_TANKAN_DI	jpmarket	lowest-yield static row in the pool (242 records per run); verified, kept as reserve	JO32_MKT_BOJ_TANKAN_DI|csv|any|finance|business-survey-quarter|japan,finance,boj,tankan,business-conditions,time-series|https://www.stat-search.boj.or.jp/ssi/mtshtml/co_q_1.html|BOJ Tankan business conditions DI (quarterly)|全国短観・判断項目（業況）（四半期）|https://www.stat-search.boj.or.jp/ssi/mtshtml/csv/co_q_1.csv|https://www.stat-search.boj.or.jp/ssi/mtshtml/csv/co_q_1.csv|Tankan business-conditions diffusion index, actual and forecast, for large, medium and small manufacturers and non-manufacturers (12 series) from 1967/09 to 2026/09 (the 2026/09 row carries the forecasts): 237 quarterly rows plus five metadata rows, unique on 系列名称.|charset=shift_jis;csv_skip_lines=3;title_keys=系列名称;id_keys=系列名称;date_keys=系列名称;interval=86400;pagination_ok=the full quarterly history is one CSV
JO32_MKT_BOJ_BANK_LENDING	jpmarket	lowest-yield static row in the pool (427 records per run); verified, kept as reserve	JO32_MKT_BOJ_BANK_LENDING|csv|any|finance|bank-lending-month|japan,finance,boj,bank-lending,credit,time-series|https://www.stat-search.boj.or.jp/ssi/mtshtml/md13_m_1.html|BOJ loans and deposits of banks and shinkin (monthly)|貸出・預金動向（月次）|https://www.stat-search.boj.or.jp/ssi/mtshtml/csv/md13_m_1.csv|https://www.stat-search.boj.or.jp/ssi/mtshtml/csv/md13_m_1.csv|Average outstanding total lending of banks and shinkin banks split into city, regional, second-tier regional banks, shinkin and foreign banks' yen loans (9 series) from 1991/07 to 2026/08: 422 monthly rows plus five metadata rows, unique on 系列名称.|charset=shift_jis;csv_skip_lines=3;title_keys=系列名称;id_keys=系列名称;date_keys=系列名称;interval=86400;pagination_ok=the full monthly history is one CSV
JO32_MKT_BOJ_LOAN_RATES	jpmarket	lowest-yield static row in the pool (399 records per run); verified, kept as reserve	JO32_MKT_BOJ_LOAN_RATES|csv|any|finance|lending-rate-month|japan,finance,boj,lending-rate,interest-rate,time-series|https://www.stat-search.boj.or.jp/ssi/mtshtml/ir04_m_1.html|BOJ average contract interest rates on loans (monthly)|貸出約定平均金利（月次）|https://www.stat-search.boj.or.jp/ssi/mtshtml/csv/ir04_m_1.csv|https://www.stat-search.boj.or.jp/ssi/mtshtml/csv/ir04_m_1.csv|Average contract interest rates of domestic banks on new short-term, new long-term, new total, outstanding short-term and outstanding long-term loans from 1993/10 to 2026/07: 394 monthly rows plus five metadata rows, unique on 系列名称.|charset=shift_jis;csv_skip_lines=3;title_keys=系列名称;id_keys=系列名称;date_keys=系列名称;interval=86400;pagination_ok=the full monthly history is one CSV
JO32_MKT_CPI_GROUPS_MONTHLY	jpmarket	lowest-yield static row in the pool (685 records per run); verified, kept as reserve	JO32_MKT_CPI_GROUPS_MONTHLY|csv|any|economy|price-index-month|japan,economy,cpi,inflation,statistics-bureau,e-stat,time-series|https://www.e-stat.go.jp/stat-search/files?stat_infid=000032103842|Consumer price index, 78 group indices, monthly since 1970 (2020 base)|2020年基準消費者物価指数 長期時系列 中分類指数（1970年1月～最新月）|https://www.e-stat.go.jp/stat-search/file-download?statInfId=000032103842&fileKind=1|https://www.e-stat.go.jp/stat-search/file-download?statInfId=000032103842&fileKind=1|National CPI for all items, the core measures (less fresh food, less fresh food and energy …) and every middle-level group (78 index columns), one row per month from 197001 to 202608 (published 2026-09-18): 680 month rows plus 5 leading rows giving the English labels, group codes, serial numbers and weights. 類・品目 (the month or row label) is unique on all 685 rows.|charset=shift_jis;title_keys=類・品目;id_keys=類・品目;date_keys=類・品目;interval=604800;pagination_ok=the full 1970-onwards table is one 287 KB CSV
JO32_MKT_CPI_ITEMS_MONTHLY	jpmarket	lowest-yield static row in the pool (685 records per run); verified, kept as reserve	JO32_MKT_CPI_ITEMS_MONTHLY|csv|any|economy|price-index-month|japan,economy,cpi,inflation,item-prices,statistics-bureau,e-stat,time-series|https://www.e-stat.go.jp/stat-search/files?stat_infid=000032103844|Consumer price index, 744 item indices, monthly since 1970 (2020 base)|2020年基準消費者物価指数 長期時系列 品目別価格指数（1970年1月～最新月）|https://www.e-stat.go.jp/stat-search/file-download?statInfId=000032103844&fileKind=1|https://www.e-stat.go.jp/stat-search/file-download?statInfId=000032103844&fileKind=1|The item-level national CPI: 744 index columns (every priced item from rice to mobile phone charges) per month from 197001 to 202608, 680 month rows plus the same 5 label/code/weight rows (2.24 MB). 類・品目 is unique on all 685 rows.|charset=shift_jis;title_keys=類・品目;id_keys=類・品目;date_keys=類・品目;interval=604800;pagination_ok=the full 1970-onwards table is one 2.2 MB CSV
JO32_MKT_CPI_HEADLINE_SINCE1946	jpmarket	lowest-yield static row in the pool (973 records per run); verified, kept as reserve	JO32_MKT_CPI_HEADLINE_SINCE1946|csv|any|economy|price-index-month|japan,economy,cpi,inflation,statistics-bureau,e-stat,time-series|https://www.e-stat.go.jp/stat-search/files?stat_infid=000032103843|Consumer price index less imputed rent, monthly since 1946 (2020 base)|2020年基準消費者物価指数 長期時系列 持家の帰属家賃を除く総合指数（1946年8月～最新月）|https://www.e-stat.go.jp/stat-search/file-download?statInfId=000032103843&fileKind=1|https://www.e-stat.go.jp/stat-search/file-download?statInfId=000032103843&fileKind=1|The longest Japanese CPI series, all items less imputed rent, one row per month from 194601 to 202608 (116.8 on the last row): 968 month rows plus 5 label/code/weight rows, unique on 類・品目.|charset=shift_jis;title_keys=類・品目;id_keys=類・品目;date_keys=類・品目;interval=604800;pagination_ok=the full 1946-onwards series is one CSV
JO32_MKT_CUSTOMS_ASIA_BY_COUNTRY	jpmarket	lowest-yield static row in the pool (577 records per run); verified, kept as reserve	JO32_MKT_CUSTOMS_ASIA_BY_COUNTRY|csv|any|economy|trade-flow-month|japan,economy,trade,exports,imports,customs,asia,time-series|https://www.customs.go.jp/toukei/suii/html/time.htm|Japan exports and imports with Asia by country (monthly since 1979)|輸出入額の推移（地域（国）別） アジア 月別|https://www.customs.go.jp/toukei/suii/html/data/d42ma001.csv|https://www.customs.go.jp/toukei/suii/html/data/d42ma001.csv|Monthly export and import values (thousand yen) between Japan and Asia in total and with each of 26 Asian countries (R Korea, China, Taiwan, Hong Kong, Vietnam, Thailand, Singapore, India …; columns Exp-<country code>/Imp-<country code>), 1979/01 to 2026/12: 577 records = one country-name row plus 576 months, of which 2026/09-2026/12 are the zero placeholders the file carries until those months are published (last real month 2026/08). Years/Months is unique on all 577.|charset=shift_jis;csv_skip_lines=2;title_keys=Years/Months;id_keys=Years/Months;date_keys=Years/Months;interval=604800;pagination_ok=the whole 1979-onwards series is one 286 KB CSV
JO32_MKT_CUSTOMS_WEUROPE_BY_COUNTRY	jpmarket	lowest-yield static row in the pool (577 records per run); verified, kept as reserve	JO32_MKT_CUSTOMS_WEUROPE_BY_COUNTRY|csv|any|economy|trade-flow-month|japan,economy,trade,exports,imports,customs,europe,time-series|https://www.customs.go.jp/toukei/suii/html/time.htm|Japan exports and imports with Western Europe by country (monthly since 1979)|輸出入額の推移（地域（国）別） 西欧 月別|https://www.customs.go.jp/toukei/suii/html/data/d42ma005.csv|https://www.customs.go.jp/toukei/suii/html/data/d42ma005.csv|Monthly export and import values (thousand yen) with Western Europe in total and with each of 35 Western European countries (72 value columns), 1979/01 to 2026/12: 577 records = one country-name row plus 576 months, 2026/09-12 being zero placeholders (last real month 2026/08). Years/Months is unique on all 577.|charset=shift_jis;csv_skip_lines=2;title_keys=Years/Months;id_keys=Years/Months;date_keys=Years/Months;interval=604800;pagination_ok=the whole 1979-onwards series is one CSV
JO32_MKT_CUSTOMS_NAMERICA_BY_COUNTRY	jpmarket	lowest-yield static row in the pool (577 records per run); verified, kept as reserve	JO32_MKT_CUSTOMS_NAMERICA_BY_COUNTRY|csv|any|economy|trade-flow-month|japan,economy,trade,exports,imports,customs,north-america,usa,time-series|https://www.customs.go.jp/toukei/suii/html/time.htm|Japan exports and imports with North America by country (monthly since 1979)|輸出入額の推移（地域（国）別） 北米 月別|https://www.customs.go.jp/toukei/suii/html/data/d42ma003.csv|https://www.customs.go.jp/toukei/suii/html/data/d42ma003.csv|Monthly export and import values (thousand yen) with North America in total and with the USA, Canada, Greenland and St Pierre and Miquelon (10 value columns), 1979/01 to 2026/12: 577 records = one country-name row plus 576 months, 2026/09-12 being zero placeholders (last real month 2026/08). Years/Months is unique on all 577.|charset=shift_jis;csv_skip_lines=2;title_keys=Years/Months;id_keys=Years/Months;date_keys=Years/Months;interval=604800;pagination_ok=the whole 1979-onwards series is one CSV
JO32_MKT_CUSTOMS_MIDEAST_BY_COUNTRY	jpmarket	lowest-yield static row in the pool (577 records per run); verified, kept as reserve	JO32_MKT_CUSTOMS_MIDEAST_BY_COUNTRY|csv|any|economy|trade-flow-month|japan,economy,trade,exports,imports,customs,middle-east,energy,time-series|https://www.customs.go.jp/toukei/suii/html/time.htm|Japan exports and imports with the Middle East by country (monthly since 1979)|輸出入額の推移（地域（国）別） 中東 月別|https://www.customs.go.jp/toukei/suii/html/data/d42ma007.csv|https://www.customs.go.jp/toukei/suii/html/data/d42ma007.csv|Monthly export and import values (thousand yen) with the Middle East in total and with each of 17 country codes (Iran, Iraq, Saudi Arabia, Kuwait, Qatar, Oman, UAE, Israel, Jordan, Syria, Lebanon …, including the former P. Yemen code), 1979/01 to 2026/12: 577 records = one country-name row plus 576 months, 2026/09-12 being zero placeholders (last real month 2026/08). Years/Months is unique on all 577.|charset=shift_jis;csv_skip_lines=2;title_keys=Years/Months;id_keys=Years/Months;date_keys=Years/Months;interval=604800;pagination_ok=the whole 1979-onwards series is one CSV
JO32_MKT_CUSTOMS_EXPORTS_BY_COMMODITY	jpmarket	lowest-yield static row in the pool (473 records per run); verified, kept as reserve	JO32_MKT_CUSTOMS_EXPORTS_BY_COMMODITY|csv|any|economy|trade-flow-month|japan,economy,trade,exports,customs,commodities,time-series|https://www.customs.go.jp/toukei/suii/html/time.htm|Japan exports to the world by principal commodity (monthly since 1988)|輸出入額の推移（主要商品別） 世界 月別（輸出）|https://www.customs.go.jp/toukei/suii/html/data/d51ma.csv|https://www.customs.go.jp/toukei/suii/html/data/d51ma.csv|Monthly value (thousand yen) and quantity of Japan's exports for the total and 58 principal commodity groups (food, fuels, chemicals, iron and steel, semiconductor equipment, ICs, cars …), 117 value/quantity columns, 1988/01 to 2026/12 with 2026/09-12 as dash placeholders (last real month 2026/08). The header is four stacked rows (press item name, commodity name, commodity code, value/quantity), so the file is read headerless: those four rows arrive as the first records and col0 is the month on the 468 month records. col0 is unique on all 472 labelled rows.|charset=shift_jis;csv_skip_lines=2;csv_no_header=1;title_keys=col0;id_keys=col0;interval=604800;pagination_ok=the whole 1988-onwards series is one 419 KB CSV
JO32_MKT_CUSTOMS_IMPORTS_BY_COMMODITY	jpmarket	lowest-yield static row in the pool (473 records per run); verified, kept as reserve	JO32_MKT_CUSTOMS_IMPORTS_BY_COMMODITY|csv|any|economy|trade-flow-month|japan,economy,trade,imports,customs,commodities,time-series|https://www.customs.go.jp/toukei/suii/html/time.htm|Japan imports from the world by principal commodity (monthly since 1988)|輸出入額の推移（主要商品別） 世界 月別（輸入）|https://www.customs.go.jp/toukei/suii/html/data/d61ma.csv|https://www.customs.go.jp/toukei/suii/html/data/d61ma.csv|Monthly value (thousand yen) and quantity of Japan's imports for the total and 57 principal commodity groups (fish, meat, grain, crude oil, LNG, coal, pharmaceuticals, computers, ICs …), 115 value/quantity columns, 1988/01 to 2026/12 with 2026/09-12 as dash placeholders (last real month 2026/08). Read headerless like the export file: the four stacked header rows arrive as the first records and col0 is the month on the 468 month records.|charset=shift_jis;csv_skip_lines=2;csv_no_header=1;title_keys=col0;id_keys=col0;interval=604800;pagination_ok=the whole 1988-onwards series is one 426 KB CSV
JO32_TEL_NICT_SPACE_WEATHER_NOW	jptelemetry	tiny: 3-17 records per run	JO32_TEL_NICT_SPACE_WEATHER_NOW|json|any|science|space-weather-indicator|japan,space-weather,nict,ionosphere,geomagnetic,solar,telemetry|https://swc.nict.go.jp/|NICT Space Weather Forecast Center current activity levels|NICT 宇宙天気予報センター 現在の宇宙天気|https://swc.nict.go.jp/cgi-bin/201805100008/swc/spaceWeather.pl?type=spaceweather&lang=ja|https://swc.nict.go.jp/cgi-bin/201805100008/swc/spaceWeather.pl?type=spaceweather&lang=ja|JSON behind the swc.nict.go.jp gauges (updated 2026-09-30T12:34:01+09:00 when fetched): 11 items, each key, name and level {score, name, description} - 地磁気擾乱, デリンジャー現象, スポラディックE層 at 稚内/国分寺/山川/沖縄, プロトン現象, 放射線帯電子, 太陽フレア, プラズマバブル, 電離圏嵐 (e.g. 太陽フレア score 2 やや活発). Keyed on the indicator key, so each run refreshes the 11 current levels.|array_path=items;title_keys=name;id_keys=key;interval=1800;pagination_ok=fixed list of 11 indicators
JO32_TEL_NICT_SPACE_WEATHER_DAILY	jptelemetry	lowest-yield static row in the pool (20 records per run); verified, kept as reserve	JO32_TEL_NICT_SPACE_WEATHER_DAILY|json|any|science|space-weather-report|japan,space-weather,nict,forecast,report|https://swc.nict.go.jp/report/|NICT Space Weather daily reports (latest 20)|NICT 宇宙天気 日報（最新20件）|https://swc.nict.go.jp/cgi-bin/201805100008/report/report.pl?lang=ja&type=daily&latest=20|https://swc.nict.go.jp/cgi-bin/201805100008/report/report.pl?lang=ja&type=daily&latest=20|The report API the NICT site uses; latest=20 is the largest value it accepts (25 and above return error 602). Fetched 2026-09-30: 20 twice-daily reports d2026263_12 ... d2026273_00 (newest 2026-09-30T09:00+09:00), each with id, updated, a summary sentence on solar/geomagnetic/ionospheric activity and outlook, previous/next ids and the full-text body URL. id unique over 20; a 6-hour interval keeps well inside the 10-day window.|array_path=items;title_keys=summary,id;id_keys=id;date_keys=updated;link_keys=body;interval=21600;pagination_ok=latest=20 is the API maximum and covers 10 days, runs every 6 h so nothing falls out between runs
JO32_TEL_HANSHIN_EXPWY_CLOSURES_ARCHIVE	jptelemetry	tiny: 3-17 records per run	JO32_TEL_HANSHIN_EXPWY_CLOSURES_ARCHIVE|json|any|infrastructure|road-closure|japan,road,expressway,hanshin,closure,roadworks,osaka,kobe|https://www.hanshin-exp.co.jp/drivers/|Hanshin Expressway closure works notices, older page|阪神高速 通行止め工事のお知らせ（過去分）|https://www.hanshin-exp.co.jp/drivers/douro/include/driver_entry_list_2.json|https://www.hanshin-exp.co.jp/drivers/douro/include/driver_entry_list_2.json|Second file named in driver_entry_json_list.json: 17 older closure notices posted 2022-06-01 to 2025-02-27 with the same fields (id, s/e period, route, place, work type, restriction such as 夜間通行止め 12, PDF link). id unique over 17 and disjoint from the current list. Weekly re-fetch.|title_keys=t;id_keys=id;date_keys=s,d_t;link_keys=l;interval=604800;pagination_ok=second and last file of the two-file list
JO32_TEL_FUKUSHIMA_ROAD_OTHER_CLOSURES	jptelemetry	tiny: 3-17 records per run	JO32_TEL_FUKUSHIMA_ROAD_OTHER_CLOSURES|json|any|infrastructure|road-closure|japan,road,closure,fukushima,nuclear,exclusion-zone|http://www.pref.fukushima.jp/douro/kisei/kisei-list.htm|Fukushima Prefecture road closures for other reasons (difficult-to-return zone)|福島県道路通行規制情報（その他の規制）|http://www.pref.fukushima.jp/douro/kisei/json/listOTHERS.json|http://www.pref.fukushima.jp/douro/kisei/json/listOTHERS.json|Third list: 3 regulations when fetched 2026-09-30, all closures of prefectural roads inside the 帰還困難区域 (difficult-to-return zone) around Fukushima Daiichi, e.g. 22B1700007 小良ケ浜野上線 富岡町大字小良ヶ浜-大熊町大字小入野 4.4 km 全面通行止 since 2012/12/10. Same fields as the other lists, kanrinum unique. The fourth list (listTOUKI, winter closures) was empty and is not registered.|title_keys=rosenmei,sectionstart;id_keys=kanrinum;date_keys=kiseistartdate;interval=86400;pagination_ok=bare JSON array (3)
JO32_TEL_GIFU_ROAD_RAIN_GAUGES	jptelemetry	lowest-yield static row in the pool (74 records per run); verified, kept as reserve	JO32_TEL_GIFU_ROAD_RAIN_GAUGES|json|any|infrastructure|rain-gauge|japan,road,gifu,prefecture,rain,station-registry|https://douro.pref.gifu.lg.jp/|Gifu Prefecture road rain gauge master (sections, coordinates, closure thresholds)|岐阜県 道路雨量計 観測所マスタ|https://douro.pref.gifu.lg.jp/api/getRainMaster|https://douro.pref.gifu.lg.jp/api/getRainMaster|JSON API behind douro.pref.gifu.lg.jp (岐阜県 道の情報), found in the site's _app.js (fetch of https://douro.pref.gifu.lg.jp/api/<name>), keyless GET, records under vals. 74 gauges, each id (matches the live readings row), routeNo/route, the controlled section (e.g. 国道157号 温見峠～本巣市根尾能郷, 21.8 km), longitude/latitude, alertRainLevel and stopRainLevel thresholds (mm), area and civil-engineering office. id unique over 74.|array_path=vals;title_keys=section,route;id_keys=id;lat_key=latitude;lon_key=longitude;interval=604800;pagination_ok=one response holds all 74 gauges
JO32_TEL_GIFU_ROAD_FREEZE_SENSORS	jptelemetry	lowest-yield static row in the pool (130 records per run); verified, kept as reserve	JO32_TEL_GIFU_ROAD_FREEZE_SENSORS|json|any|infrastructure|road-weather-station|japan,road,gifu,prefecture,road-weather,freeze,station-registry|https://douro.pref.gifu.lg.jp/|Gifu Prefecture road-surface freeze sensor master|岐阜県 路面凍結センサー 観測地点マスタ|https://douro.pref.gifu.lg.jp/api/getFreezeMaster|https://douro.pref.gifu.lg.jp/api/getFreezeMaster|JSON API behind douro.pref.gifu.lg.jp (岐阜県 道の情報), found in the site's _app.js (fetch of https://douro.pref.gifu.lg.jp/api/<name>), keyless GET, records under vals. 130 sensor sites, each id (matches the live row), pointName (e.g. 薮川橋), route, longitude/latitude, area, office and routeNo. id unique over 130.|array_path=vals;title_keys=pointName;id_keys=id;lat_key=latitude;lon_key=longitude;interval=604800;pagination_ok=one response holds all 130 sites
JO32_TEL_GIFU_ROAD_SNOW_GAUGES	jptelemetry	lowest-yield static row in the pool (43 records per run); verified, kept as reserve	JO32_TEL_GIFU_ROAD_SNOW_GAUGES|json|any|infrastructure|snow-gauge|japan,road,gifu,prefecture,snow,station-registry|https://douro.pref.gifu.lg.jp/|Gifu Prefecture road snow gauge master|岐阜県 道路積雪計 観測地点マスタ|https://douro.pref.gifu.lg.jp/api/getSnowMaster|https://douro.pref.gifu.lg.jp/api/getSnowMaster|JSON API behind douro.pref.gifu.lg.jp (岐阜県 道の情報), found in the site's _app.js (fetch of https://douro.pref.gifu.lg.jp/api/<name>), keyless GET, records under vals. 43 snow-gauge sites, each id, pointName (e.g. 根尾奥谷), route, longitude/latitude, area, office and sort order. id unique over 43.|array_path=vals;title_keys=pointName;id_keys=id;lat_key=latitude;lon_key=longitude;interval=604800;pagination_ok=one response holds all 43 sites
JO32_TEL_GIFU_UNDERPASS_SITES	jptelemetry	lowest-yield static row in the pool (19 records per run); verified, kept as reserve	JO32_TEL_GIFU_UNDERPASS_SITES|json|any|infrastructure|underpass|japan,road,gifu,prefecture,flood,underpass,station-registry|https://douro.pref.gifu.lg.jp/|Gifu Prefecture monitored underpass master|岐阜県 アンダーパス 監視地点マスタ|https://douro.pref.gifu.lg.jp/api/getUnderpathMaster|https://douro.pref.gifu.lg.jp/api/getUnderpathMaster|JSON API behind douro.pref.gifu.lg.jp (岐阜県 道の情報), found in the site's _app.js (fetch of https://douro.pref.gifu.lg.jp/api/<name>), keyless GET, records under vals. 19 monitored underpasses, each id, pointName (e.g. 室本町アンダーパス), route, lineClass, crossBuilding (the railway overhead, e.g. 東海道本線・養老鉄道), longitude/latitude, area and office. id unique over 19.|array_path=vals;title_keys=pointName;id_keys=id;lat_key=latitude;lon_key=longitude;interval=604800;pagination_ok=one response holds all 19 sites
JO32_TEL_GIFU_ROAD_CAMERAS	jptelemetry	lowest-yield static row in the pool (351 records per run); verified, kept as reserve	JO32_TEL_GIFU_ROAD_CAMERAS|json|any|infrastructure|road-camera|japan,road,gifu,prefecture,camera,cctv,station-registry|https://douro.pref.gifu.lg.jp/|Gifu Prefecture road camera master|岐阜県 道路監視カメラ 地点マスタ|https://douro.pref.gifu.lg.jp/api/getCameraMaster|https://douro.pref.gifu.lg.jp/api/getCameraMaster|JSON API behind douro.pref.gifu.lg.jp (岐阜県 道の情報), found in the site's _app.js (fetch of https://douro.pref.gifu.lg.jp/api/<name>), keyless GET, records under vals. 351 road cameras, each id, type, routeNo/route, pointName (e.g. 山県市佐野), longitude/latitude, area, office and sort order (the separate live list getCamera carried 200 of them with 202609301310 frames). id unique over 351.|array_path=vals;title_keys=pointName;id_keys=id;lat_key=latitude;lon_key=longitude;interval=604800;pagination_ok=one response holds all 351 cameras
JO32_TEL_JRW_POS_AKO2	jptelemetry	stream: 1-17 trains per snapshot, the lowest-yield telemetry family	JO32_TEL_JRW_POS_AKO2|json|any|transport|train-position|japan,jr-west,rail,train-position,live,telemetry|https://www.train-guide.westjr.co.jp/|JR West train positions - Ako Line (Banshu-Ako - Okayama)|JR西日本 列車走行位置 赤穂線（播州赤穂～岡山）|https://www.train-guide.westjr.co.jp/api/v3/ako2.json|https://www.train-guide.westjr.co.jp/api/v3/ako2.json|Live train list for JR West's 赤穂線 (播州赤穂～岡山), a line listed in the okayama area master (area_okayama_master.json) but not among the 28 train-guide lines already registered - batch 30 guessed area names and got 404s. Fetched 2026-09-30 13:09 JST (update 2026-09-30T04:09:26.404Z): 6 trains, each no, pos (station-pair code), direction, type/displayType, dest, delayMinutes, nickname, notice, stopTime, e.g. 1316M 普通 to 相生 at 0245_#### with delay 0 min. no+pos unique over all 6, the count follows the timetable.|array_path=trains;title_keys=no;id_keys=no+pos;date_keys=stopTime;interval=900;pagination_ok=snapshot of all trains on the line, no paging
JO32_TEL_JRW_POS_FUKUEN1	jptelemetry	stream: 1-17 trains per snapshot, the lowest-yield telemetry family	JO32_TEL_JRW_POS_FUKUEN1|json|any|transport|train-position|japan,jr-west,rail,train-position,live,telemetry|https://www.train-guide.westjr.co.jp/|JR West train positions - Fukuen Line (Fukuyama - Fuchu)|JR西日本 列車走行位置 福塩線（福山〜府中）|https://www.train-guide.westjr.co.jp/api/v3/fukuen1.json|https://www.train-guide.westjr.co.jp/api/v3/fukuen1.json|Live train list for JR West's 福塩線 (福山〜府中), a line listed in the okayama area master (area_okayama_master.json) but not among the 28 train-guide lines already registered - batch 30 guessed area names and got 404s. Fetched 2026-09-30 13:09 JST (update 2026-09-30T04:09:26.404Z): 3 trains, each no, pos (station-pair code), direction, type/displayType, dest, delayMinutes, nickname, notice, stopTime, e.g. 246M 普通 to 福山 at 0696_0697 with delay 0 min. no+pos unique over all 3, the count follows the timetable.|array_path=trains;title_keys=no;id_keys=no+pos;date_keys=stopTime;interval=900;pagination_ok=snapshot of all trains on the line, no paging
JO32_TEL_JRW_POS_GEIBI1	jptelemetry	stream: 1-17 trains per snapshot, the lowest-yield telemetry family	JO32_TEL_JRW_POS_GEIBI1|json|any|transport|train-position|japan,jr-west,rail,train-position,live,telemetry|https://www.train-guide.westjr.co.jp/|JR West train positions - Geibi Line (Miyoshi - Hiroshima)|JR西日本 列車走行位置 芸備線（三次〜広島）|https://www.train-guide.westjr.co.jp/api/v3/geibi1.json|https://www.train-guide.westjr.co.jp/api/v3/geibi1.json|Live train list for JR West's 芸備線 (三次〜広島), a line listed in the hiroshima area master (area_hiroshima_master.json) but not among the 28 train-guide lines already registered - batch 30 guessed area names and got 404s. Fetched 2026-09-30 13:09 JST (update 2026-09-30T04:09:26.404Z): 5 trains, each no, pos (station-pair code), direction, type/displayType, dest, delayMinutes, nickname, notice, stopTime, e.g. 5845D 快速 to 広島 at 0645_0646 with delay 0 min. no+pos unique over all 5, the count follows the timetable.|array_path=trains;title_keys=no;id_keys=no+pos;date_keys=stopTime;interval=900;pagination_ok=snapshot of all trains on the line, no paging
JO32_TEL_JRW_POS_HAKUBI1	jptelemetry	stream: 1-17 trains per snapshot, the lowest-yield telemetry family	JO32_TEL_JRW_POS_HAKUBI1|json|any|transport|train-position|japan,jr-west,rail,train-position,live,telemetry|https://www.train-guide.westjr.co.jp/|JR West train positions - Hakubi Line (Kurashiki - Niizato)|JR西日本 列車走行位置 伯備線（倉敷～新郷）|https://www.train-guide.westjr.co.jp/api/v3/hakubi1.json|https://www.train-guide.westjr.co.jp/api/v3/hakubi1.json|Live train list for JR West's 伯備線 (倉敷～新郷), a line listed in the okayama area master (area_okayama_master.json) but not among the 28 train-guide lines already registered - batch 30 guessed area names and got 404s. Fetched 2026-09-30 13:09 JST (update 2026-09-30T04:09:26.404Z): 8 trains, each no, pos (station-pair code), direction, type/displayType, dest, delayMinutes, nickname, notice, stopTime, e.g. 443D 普通 to 備後落合 at 0091_#### with delay 0 min. no+pos unique over all 8, the count follows the timetable.|array_path=trains;title_keys=no;id_keys=no+pos;date_keys=stopTime;interval=900;pagination_ok=snapshot of all trains on the line, no paging
JO32_TEL_JRW_POS_HAKUBI2	jptelemetry	stream: 1-17 trains per snapshot, the lowest-yield telemetry family	JO32_TEL_JRW_POS_HAKUBI2|json|any|transport|train-position|japan,jr-west,rail,train-position,live,telemetry|https://www.train-guide.westjr.co.jp/|JR West train positions - Hakubi Line (Niizato - Hoki-Daisen)|JR西日本 列車走行位置 伯備線（新郷～伯耆大山）|https://www.train-guide.westjr.co.jp/api/v3/hakubi2.json|https://www.train-guide.westjr.co.jp/api/v3/hakubi2.json|Live train list for JR West's 伯備線 (新郷～伯耆大山), a line listed in the sanin area master (area_sanin_master.json) but not among the 28 train-guide lines already registered - batch 30 guessed area names and got 404s. Fetched 2026-09-30 13:09 JST (update 2026-09-30T04:09:26.404Z): 2 trains, each no, pos (station-pair code), direction, type/displayType, dest, delayMinutes, nickname, notice, stopTime, e.g. 1016M 特急 to 岡山 at 0098_#### with delay 0 min. no+pos unique over all 2, the count follows the timetable.|array_path=trains;title_keys=no;id_keys=no+pos;date_keys=stopTime;interval=900;pagination_ok=snapshot of all trains on the line, no paging
JO32_TEL_JRW_POS_IMBI1	jptelemetry	stream: 1-17 trains per snapshot, the lowest-yield telemetry family	JO32_TEL_JRW_POS_IMBI1|json|any|transport|train-position|japan,jr-west,rail,train-position,live,telemetry|https://www.train-guide.westjr.co.jp/|JR West train positions - Imbi Line (Chizu - Tottori)|JR西日本 列車走行位置 因美線（智頭～鳥取）|https://www.train-guide.westjr.co.jp/api/v3/imbi1.json|https://www.train-guide.westjr.co.jp/api/v3/imbi1.json|Live train list for JR West's 因美線 (智頭～鳥取), a line listed in the sanin area master (area_sanin_master.json) but not among the 28 train-guide lines already registered - batch 30 guessed area names and got 404s. Fetched 2026-09-30 13:09 JST (update 2026-09-30T04:09:26.404Z): 3 trains, each no, pos (station-pair code), direction, type/displayType, dest, delayMinutes, nickname, notice, stopTime, e.g. 1337D 普通 to 若桜 at 0615_#### with delay 2 min. no+pos unique over all 3, the count follows the timetable.|array_path=trains;title_keys=no;id_keys=no+pos;date_keys=stopTime;interval=900;pagination_ok=snapshot of all trains on the line, no paging
JO32_TEL_JRW_POS_SANIN1	jptelemetry	stream: 1-17 trains per snapshot, the lowest-yield telemetry family	JO32_TEL_JRW_POS_SANIN1|json|any|transport|train-position|japan,jr-west,rail,train-position,live,telemetry|https://www.train-guide.westjr.co.jp/|JR West train positions - San-in Line (Sonobe - Fukuchiyama)|JR西日本 列車走行位置 山陰線（園部～福知山）|https://www.train-guide.westjr.co.jp/api/v3/sanin1.json|https://www.train-guide.westjr.co.jp/api/v3/sanin1.json|Live train list for JR West's 山陰線 (園部～福知山), a line listed in the kinki area master (area_kinki_master.json) but not among the 28 train-guide lines already registered - batch 30 guessed area names and got 404s. Fetched 2026-09-30 13:09 JST (update 2026-09-30T04:09:26.404Z): 6 trains, each no, pos (station-pair code), direction, type/displayType, dest, delayMinutes, nickname, notice, stopTime, e.g. 850M 普通 to 園部 at 0244_#### with delay 0 min. no+pos unique over all 6, the count follows the timetable.|array_path=trains;title_keys=no;id_keys=no+pos;date_keys=stopTime;interval=900;pagination_ok=snapshot of all trains on the line, no paging
JO32_TEL_JRW_POS_SANIN2	jptelemetry	stream: 1-17 trains per snapshot, the lowest-yield telemetry family	JO32_TEL_JRW_POS_SANIN2|json|any|transport|train-position|japan,jr-west,rail,train-position,live,telemetry|https://www.train-guide.westjr.co.jp/|JR West train positions - San-in Line (Fukuchiyama - Igumi)|JR西日本 列車走行位置 山陰線（福知山～居組）|https://www.train-guide.westjr.co.jp/api/v3/sanin2.json|https://www.train-guide.westjr.co.jp/api/v3/sanin2.json|Live train list for JR West's 山陰線 (福知山～居組), a line listed in the kinki area master (area_kinki_master.json) but not among the 28 train-guide lines already registered - batch 30 guessed area names and got 404s. Fetched 2026-09-30 13:09 JST (update 2026-09-30T04:09:26.404Z): 9 trains, each no, pos (station-pair code), direction, type/displayType, dest, delayMinutes, nickname, notice, stopTime, e.g. 855M 普通 to 城崎温泉 at 0386_0387 with delay 0 min. no+pos unique over all 9, the count follows the timetable.|array_path=trains;title_keys=no;id_keys=no+pos;date_keys=stopTime;interval=900;pagination_ok=snapshot of all trains on the line, no paging
JO32_TEL_JRW_POS_SANIN3	jptelemetry	stream: 1-17 trains per snapshot, the lowest-yield telemetry family	JO32_TEL_JRW_POS_SANIN3|json|any|transport|train-position|japan,jr-west,rail,train-position,live,telemetry|https://www.train-guide.westjr.co.jp/|JR West train positions - San-in Line (Moroyose - Yonago)|JR西日本 列車走行位置 山陰線（諸寄～米子）|https://www.train-guide.westjr.co.jp/api/v3/sanin3.json|https://www.train-guide.westjr.co.jp/api/v3/sanin3.json|Live train list for JR West's 山陰線 (諸寄～米子), a line listed in the sanin area master (area_sanin_master.json) but not among the 28 train-guide lines already registered - batch 30 guessed area names and got 404s. Fetched 2026-09-30 13:09 JST (update 2026-09-30T04:09:26.404Z): 8 trains, each no, pos (station-pair code), direction, type/displayType, dest, delayMinutes, nickname, notice, stopTime, e.g. 531D 普通 to 鳥取 at 0000_#### with delay 0 min. no+pos unique over all 8, the count follows the timetable.|array_path=trains;title_keys=no;id_keys=no+pos;date_keys=stopTime;interval=900;pagination_ok=snapshot of all trains on the line, no paging
JO32_TEL_JRW_POS_SANIN4	jptelemetry	stream: 1-17 trains per snapshot, the lowest-yield telemetry family	JO32_TEL_JRW_POS_SANIN4|json|any|transport|train-position|japan,jr-west,rail,train-position,live,telemetry|https://www.train-guide.westjr.co.jp/|JR West train positions - San-in Line (Yonago - Masuda)|JR西日本 列車走行位置 山陰線（米子～益田）|https://www.train-guide.westjr.co.jp/api/v3/sanin4.json|https://www.train-guide.westjr.co.jp/api/v3/sanin4.json|Live train list for JR West's 山陰線 (米子～益田), a line listed in the sanin area master (area_sanin_master.json) but not among the 28 train-guide lines already registered - batch 30 guessed area names and got 404s. Fetched 2026-09-30 13:09 JST (update 2026-09-30T04:09:26.404Z): 14 trains, each no, pos (station-pair code), direction, type/displayType, dest, delayMinutes, nickname, notice, stopTime, e.g. 826M 普通 to 新見 at 0029_#### with delay 0 min. no+pos unique over all 14, the count follows the timetable.|array_path=trains;title_keys=no;id_keys=no+pos;date_keys=stopTime;interval=900;pagination_ok=snapshot of all trains on the line, no paging
JO32_TEL_JRW_POS_SANYO1	jptelemetry	stream: 1-17 trains per snapshot, the lowest-yield telemetry family	JO32_TEL_JRW_POS_SANYO1|json|any|transport|train-position|japan,jr-west,rail,train-position,live,telemetry|https://www.train-guide.westjr.co.jp/|JR West train positions - Sanyo Line (Kamigori - Mihara)|JR西日本 列車走行位置 山陽線（上郡～三原）|https://www.train-guide.westjr.co.jp/api/v3/sanyo1.json|https://www.train-guide.westjr.co.jp/api/v3/sanyo1.json|Live train list for JR West's 山陽線 (上郡～三原), a line listed in the okayama area master (area_okayama_master.json) but not among the 28 train-guide lines already registered - batch 30 guessed area names and got 404s. Fetched 2026-09-30 13:09 JST (update 2026-09-30T04:09:26.404Z): 14 trains, each no, pos (station-pair code), direction, type/displayType, dest, delayMinutes, nickname, notice, stopTime, e.g. 1733M 普通 to 糸崎 at 0279_0075 with delay 0 min. no+pos unique over all 14, the count follows the timetable.|array_path=trains;title_keys=no;id_keys=no+pos;date_keys=stopTime;interval=900;pagination_ok=snapshot of all trains on the line, no paging
JO32_TEL_JRW_POS_SANYO2	jptelemetry	stream: 1-17 trains per snapshot, the lowest-yield telemetry family	JO32_TEL_JRW_POS_SANYO2|json|any|transport|train-position|japan,jr-west,rail,train-position,live,telemetry|https://www.train-guide.westjr.co.jp/|JR West train positions - Sanyo Line (Itozaki - Minami-Iwakuni)|JR西日本 列車走行位置 山陽線（糸崎～南岩国）|https://www.train-guide.westjr.co.jp/api/v3/sanyo2.json|https://www.train-guide.westjr.co.jp/api/v3/sanyo2.json|Live train list for JR West's 山陽線 (糸崎～南岩国), a line listed in the hiroshima area master (area_hiroshima_master.json) but not among the 28 train-guide lines already registered - batch 30 guessed area names and got 404s. Fetched 2026-09-30 13:09 JST (update 2026-09-30T04:09:26.404Z): 18 trains, each no, pos (station-pair code), direction, type/displayType, dest, delayMinutes, nickname, notice, stopTime, e.g. 318M 普通 to 糸崎 at 0106_0107 with delay 0 min. no+pos unique over all 18, the count follows the timetable.|array_path=trains;title_keys=no;id_keys=no+pos;date_keys=stopTime;interval=900;pagination_ok=snapshot of all trains on the line, no paging
JO32_TEL_JRW_POS_SANYO3	jptelemetry	stream: 1-17 trains per snapshot, the lowest-yield telemetry family	JO32_TEL_JRW_POS_SANYO3|json|any|transport|train-position|japan,jr-west,rail,train-position,live,telemetry|https://www.train-guide.westjr.co.jp/|JR West train positions - Sanyo Line (Iwakuni - Shimonoseki)|JR西日本 列車走行位置 山陽線（岩国～下関）|https://www.train-guide.westjr.co.jp/api/v3/sanyo3.json|https://www.train-guide.westjr.co.jp/api/v3/sanyo3.json|Live train list for JR West's 山陽線 (岩国～下関), a line listed in the hiroshima area master (area_hiroshima_master.json) but not among the 28 train-guide lines already registered - batch 30 guessed area names and got 404s. Fetched 2026-09-30 13:09 JST (update 2026-09-30T04:09:26.404Z): 11 trains, each no, pos (station-pair code), direction, type/displayType, dest, delayMinutes, nickname, notice, stopTime, e.g. 3324M 普通 to 岩国 at 0140_#### with delay 0 min. no+pos unique over all 11, the count follows the timetable.|array_path=trains;title_keys=no;id_keys=no+pos;date_keys=stopTime;interval=900;pagination_ok=snapshot of all trains on the line, no paging
JO32_TEL_JRW_POS_TSUYAMA	jptelemetry	stream: 1-17 trains per snapshot, the lowest-yield telemetry family	JO32_TEL_JRW_POS_TSUYAMA|json|any|transport|train-position|japan,jr-west,rail,train-position,live,telemetry|https://www.train-guide.westjr.co.jp/|JR West train positions - Tsuyama Line (Okayama - Tsuyama)|JR西日本 列車走行位置 津山線（岡山〜津山）|https://www.train-guide.westjr.co.jp/api/v3/tsuyama.json|https://www.train-guide.westjr.co.jp/api/v3/tsuyama.json|Live train list for JR West's 津山線 (岡山〜津山), a line listed in the okayama area master (area_okayama_master.json) but not among the 28 train-guide lines already registered - batch 30 guessed area names and got 404s. Fetched 2026-09-30 13:09 JST (update 2026-09-30T04:09:26.404Z): 3 trains, each no, pos (station-pair code), direction, type/displayType, dest, delayMinutes, nickname, notice, stopTime, e.g. 950D 普通 to 津山 at 0672_#### with delay 0 min. no+pos unique over all 3, the count follows the timetable.|array_path=trains;title_keys=no;id_keys=no+pos;date_keys=stopTime;interval=900;pagination_ok=snapshot of all trains on the line, no paging
JO32_TEL_JRW_POS_WAKAYAMA1	jptelemetry	stream: 1-17 trains per snapshot, the lowest-yield telemetry family	JO32_TEL_JRW_POS_WAKAYAMA1|json|any|transport|train-position|japan,jr-west,rail,train-position,live,telemetry|https://www.train-guide.westjr.co.jp/|JR West train positions - Wakayama Line (Gojo - Wakayama)|JR西日本 列車走行位置 和歌山線（五条～和歌山）|https://www.train-guide.westjr.co.jp/api/v3/wakayama1.json|https://www.train-guide.westjr.co.jp/api/v3/wakayama1.json|Live train list for JR West's 和歌山線 (五条～和歌山), a line listed in the kinki area master (area_kinki_master.json) but not among the 28 train-guide lines already registered - batch 30 guessed area names and got 404s. Fetched 2026-09-30 13:09 JST (update 2026-09-30T04:09:26.404Z): 4 trains, each no, pos (station-pair code), direction, type/displayType, dest, delayMinutes, nickname, notice, stopTime, e.g. 457M 普通 to 和歌山 at 0544_#### with delay 0 min. no+pos unique over all 4, the count follows the timetable.|array_path=trains;title_keys=no;id_keys=no+pos;date_keys=stopTime;interval=900;pagination_ok=snapshot of all trains on the line, no paging
JO32_TEL_JRW_POS_WAKAYAMA2	jptelemetry	stream: 1-17 trains per snapshot, the lowest-yield telemetry family	JO32_TEL_JRW_POS_WAKAYAMA2|json|any|transport|train-position|japan,jr-west,rail,train-position,live,telemetry|https://www.train-guide.westjr.co.jp/|JR West train positions - Wakayama Line (Oji - Gojo)|JR西日本 列車走行位置 和歌山線（王寺〜五条）|https://www.train-guide.westjr.co.jp/api/v3/wakayama2.json|https://www.train-guide.westjr.co.jp/api/v3/wakayama2.json|Live train list for JR West's 和歌山線 (王寺〜五条), a line listed in the kinki area master (area_kinki_master.json) but not among the 28 train-guide lines already registered - batch 30 guessed area names and got 404s. Fetched 2026-09-30 13:09 JST (update 2026-09-30T04:09:26.404Z): 3 trains, each no, pos (station-pair code), direction, type/displayType, dest, delayMinutes, nickname, notice, stopTime, e.g. 444M 普通 to 王寺 at 0601_#### with delay 0 min. no+pos unique over all 3, the count follows the timetable.|array_path=trains;title_keys=no;id_keys=no+pos;date_keys=stopTime;interval=900;pagination_ok=snapshot of all trains on the line, no paging
JO32_TEL_JRW_POS_YAMAGUCHI	jptelemetry	stream: 1-17 trains per snapshot, the lowest-yield telemetry family	JO32_TEL_JRW_POS_YAMAGUCHI|json|any|transport|train-position|japan,jr-west,rail,train-position,live,telemetry|https://www.train-guide.westjr.co.jp/|JR West train positions - Yamaguchi Line (Shin-Yamaguchi - Masuda)|JR西日本 列車走行位置 山口線（新山口〜益田）|https://www.train-guide.westjr.co.jp/api/v3/yamaguchi.json|https://www.train-guide.westjr.co.jp/api/v3/yamaguchi.json|Live train list for JR West's 山口線 (新山口〜益田), a line listed in the hiroshima area master (area_hiroshima_master.json) but not among the 28 train-guide lines already registered - batch 30 guessed area names and got 404s. Fetched 2026-09-30 13:09 JST (update 2026-09-30T04:09:26.404Z): 4 trains, each no, pos (station-pair code), direction, type/displayType, dest, delayMinutes, nickname, notice, stopTime, e.g. 666D 普通 to 新山口 at 0355_#### with delay 0 min. no+pos unique over all 4, the count follows the timetable.|array_path=trains;title_keys=no;id_keys=no+pos;date_keys=stopTime;interval=900;pagination_ok=snapshot of all trains on the line, no paging
JO32_TEL_JRKYUSHU_DISRUPTIONS	jptelemetry	stream: empty whenever trains run normally (1 record at audit)	JO32_TEL_JRKYUSHU_DISRUPTIONS|xml|any|transport|rail-disruption|japan,jr-kyushu,rail,disruption,operations,live|https://www.jrkyushu.co.jp/trains/info/|JR Kyushu service disruption notices (all areas)|JR九州 運行情報（全エリア）|https://www.jrkyushu.co.jp/trains/info/data/IDS2Web.xml|https://www.jrkyushu.co.jp/trains/info/data/IDS2Web.xml|XML read by jrkyushu.co.jp/trains/info: a <time> stamp, then eight <aif> area blocks (Fukuoka-Kitakyushu, Oita, Saga-Nagasaki, Kumamoto, Miyazaki, Kagoshima, both Shinkansen) whose <eif> children are the live disruption notices. Fetched 2026-09-30 12:48 JST: 4 <eif> records - each time (YYYYMMDDhhmmss), lin id and name, and the full notice text (cause, place, affected section, restart estimate), e.g. 後藤寺線 signal fault, 新飯塚-田川後藤寺 suspended. The Oita and Miyazaki blocks carried the same 日豊本線 notice, so lin.id+time is shared and those two collapse to one (byte-identical text). Empty when the network runs normally.|array_path=eif;title_keys=lin.nm,txt;id_keys=lin.id+time;date_keys=time;interval=900;pagination_ok=single XML of all current notices
JO32_REG_OTIT_SUPERVISING_ORGS_GENERAL	jpregister	weekly per-edition file name (upload/docs/260929_2.xlsx); the previous week's file already 404s	JO32_REG_OTIT_SUPERVISING_ORGS_GENERAL|xlsx|any|registry|supervising-organization|japan,technical-intern,otit,registry,labour,licence|https://www.otit.go.jp/search_kanri/|OTIT - licensed supervising organizations (general supervision) for Technical Intern Training|外国人技能実習機構 許可監理団体一覧（一般監理事業）|https://www.otit.go.jp/upload/docs/260929_2.xlsx|https://www.otit.go.jp/upload/docs/260929_2.xlsx|All organisations licensed for general (excellent-tier) supervision of technical interns, as of 2026-09-29: 2,268 organisations with name, address, phone, licence date, licence expiry, sending countries (ISO codes), eligible job categories and care-work flag. There is no licence number column; name plus address is unique over all 2,268 (28 names recur at different addresses). OTIT republishes under a dated file name roughly weekly and earlier editions stay online.|interval=604800;xlsx_sheet_index=0;csv_skip_lines=2;title_keys=監理団体名;id_keys=監理団体名+住所;timeout_ms=60000;pagination_ok=one workbook sheet holds the whole general-supervision list
JO32_REG_OTIT_SUPERVISING_ORGS_SPECIFIC	jpregister	weekly per-edition file name (upload/docs/260929_4.xlsx); the previous week's file already 404s	JO32_REG_OTIT_SUPERVISING_ORGS_SPECIFIC|xlsx|any|registry|supervising-organization|japan,technical-intern,otit,registry,labour,licence|https://www.otit.go.jp/search_kanri/|OTIT - licensed supervising organizations (specific supervision) for Technical Intern Training|外国人技能実習機構 許可監理団体一覧（特定監理事業）|https://www.otit.go.jp/upload/docs/260929_4.xlsx|https://www.otit.go.jp/upload/docs/260929_4.xlsx|All organisations licensed for specific (normal-tier) supervision of technical interns, as of 2026-09-29: 1,449 organisations with name, address, phone, licence date and expiry, sending countries, eligible job categories and care-work flag. Name plus address is unique over all 1,449. Companion of the general-supervision list; together they are the complete OTIT supervising-organisation register.|interval=604800;xlsx_sheet_index=0;csv_skip_lines=2;title_keys=監理団体名;id_keys=監理団体名+住所;timeout_ms=60000;pagination_ok=one workbook sheet holds the whole specific-supervision list
JO32_REG_MOF_ASSET_FREEZE_CSV	jpregister	dated snapshot (shisantouketsu20260929.csv): MOF keeps old files online, so the row would silently freeze on the 2026-09-29 designations while the real list moves	JO32_REG_MOF_ASSET_FREEZE_CSV|csv|any|government|sanctions-designation|japan,mof,sanctions,asset-freeze,fefta|https://www.mof.go.jp/policy/international_policy/gaitame_kawase/gaitame/economic_sanctions/list.html|Ministry of Finance - asset-freeze designations (primary CSV)|財務省 資産凍結等対象者一覧（CSV形式）|https://www.mof.go.jp/policy/international_policy/gaitame_kawase/gaitame/economic_sanctions/shisantouketsu20260929.csv|https://www.mof.go.jp/policy/international_policy/gaitame_kawase/gaitame/economic_sanctions/shisantouketsu20260929.csv|The ministry's own machine-readable list of persons and entities subject to asset freezes under the Foreign Exchange Act: 2,850 designations (2,016 individuals, 834 entities), each with a unique list number, regime code, gazette date and number, Japanese and English names, aliases, former names, titles, dates and places of birth, nationality, passport and ID numbers, addresses, UN reference number and listing date. Newest gazette date seen 2026-06-05. The tree reads the same list only through the OpenSanctions export (CC-BY-NC) and an anchor scrape of the index page; this is the primary file with every column.|interval=86400;title_keys=氏名（日本語）,氏名（英語）;id_keys=番号;date_keys=告示日付;timeout_ms=60000;pagination_ok=one CSV holds the whole list (3.2 MB)
JO32_REG_CAA_FOSHU_APPROVALS	jpregister	monthly per-edition file name (..._260901_02.xlsx)	JO32_REG_CAA_FOSHU_APPROVALS|xlsx|any|registry|foshu-approval|japan,caa,food,health-claim,approval,registry|https://www.caa.go.jp/policies/policy/food_labeling/foods_for_specified_health_uses/|Consumer Affairs Agency - approved Foods for Specified Health Uses (FOSHU) permits|消費者庁 特定保健用食品許可品目一覧|https://www.caa.go.jp/policies/policy/food_labeling/health_promotion/assets/food_labeling_cms206_260901_02.xlsx|https://www.caa.go.jp/policies/policy/food_labeling/health_promotion/assets/food_labeling_cms206_260901_02.xlsx|Every product holding a FOSHU permit, updated 2026-09-01: 1,023 permits with serial, product name, applicant, applicant corporate number, food type, functional ingredient, approved claim text, cautions, daily intake, category, permit date (newest 2026-09-01) and permit number; a footnote line follows. Permit numbers are unique. The file name carries the edition date.|interval=604800;xlsx_sheet_index=0;csv_skip_lines=0;title_keys=商品名;id_keys=許可番号;timeout_ms=60000;pagination_ok=one workbook sheet holds the whole permit list
JO32_REG_OSAKA_TRAVEL_AGENCIES	jpregister	lowest-yield static row in the pool (1326 records per run); verified, kept as reserve	JO32_REG_OSAKA_TRAVEL_AGENCIES|xlsx|any|registry|travel-agency|japan,osaka,travel-agency,tourism,licence,registry|https://www.pref.osaka.lg.jp/o070070/toshimiryoku/tourokujigyousya/index.html|Osaka Prefecture - travel agencies, agency agents and travel service arrangers registered by the governor|大阪府知事登録旅行業者等情報|https://www.pref.osaka.lg.jp/documents/11129/20260630.xlsx|https://www.pref.osaka.lg.jp/documents/11129/20260630.xlsx|Every business on the Osaka governor's travel registers as of 2026-06-30: 1,326 registrations (600 travel service arrangers, 448 third-class and 223 second-class agencies, 39 agency agents, 16 regional-limited) with registration date, trade association, class, registration number, trade name and legal person. Registration numbers are unique across all 1,326. The file name carries the edition date.|interval=604800;xlsx_sheet_index=0;csv_skip_lines=1;title_keys=商号;id_keys=種別+登録番号;timeout_ms=60000;pagination_ok=one workbook sheet holds the whole register
JO32_REG_SAITAMA_PHARMACIES	jpregister	monthly per-edition file name (20260831...); the previous month's file already 404s	JO32_REG_SAITAMA_PHARMACIES|xlsx|any|registry|pharmacy-licence|japan,saitama,pharmacy,pmd-act,licence,registry|https://www.pref.saitama.lg.jp/a0707/yakkyoku-iyakuhinhanbai.html|Saitama Prefecture - licensed pharmacies|埼玉県 薬局 許可施設一覧|https://www.pref.saitama.lg.jp/documents/127645/20260831yakkyoku.xlsx|https://www.pref.saitama.lg.jp/documents/127645/20260831yakkyoku.xlsx|Pharmacies holding a Saitama governor licence under the PMD Act, as of 2026-08-31: 2,046 pharmacies with licence number, validity start and end, pharmacy name, address and the operating company or person. Licence numbers are unique across all 2,046. Cities with their own public health centres keep separate lists.|interval=604800;xlsx_sheet_index=0;csv_skip_lines=0;title_keys=店舗または営業所名称;id_keys=許可番号;timeout_ms=60000;pagination_ok=one workbook sheet holds the whole list
JO32_REG_SAITAMA_MEDICAL_DEVICE_SELLERS	jpregister	monthly per-edition file name (20260831...); the previous month's file already 404s	JO32_REG_SAITAMA_MEDICAL_DEVICE_SELLERS|xlsx|any|registry|medical-device-seller-licence|japan,saitama,medical-device,pmd-act,licence,registry|https://www.pref.saitama.lg.jp/a0707/yakkyoku-iyakuhinhanbai.html|Saitama Prefecture - licensed sellers and lessors of specially controlled medical devices|埼玉県 高度管理医療機器等販売業・貸与業 許可施設一覧|https://www.pref.saitama.lg.jp/documents/127645/20260831koudokannrikiki.xlsx|https://www.pref.saitama.lg.jp/documents/127645/20260831koudokannrikiki.xlsx|Businesses licensed by Saitama to sell or lease specially controlled medical devices, as of 2026-08-31: 2,320 premises with licence number, validity period, premises name, address and licence holder. Licence numbers are unique across all 2,320.|interval=604800;xlsx_sheet_index=0;csv_skip_lines=0;title_keys=店舗または営業所名称;id_keys=許可番号;timeout_ms=60000;pagination_ok=one workbook sheet holds the whole list
JO32_REG_SAITAMA_DRUGSTORES	jpregister	monthly per-edition file name (20260831...); the previous month's file already 404s	JO32_REG_SAITAMA_DRUGSTORES|xlsx|any|registry|drugstore-licence|japan,saitama,drugstore,pmd-act,licence,registry|https://www.pref.saitama.lg.jp/a0707/yakkyoku-iyakuhinhanbai.html|Saitama Prefecture - licensed drug stores (store-based drug sales)|埼玉県 店舗販売業 許可施設一覧|https://www.pref.saitama.lg.jp/documents/127645/20260831tennpo.xlsx|https://www.pref.saitama.lg.jp/documents/127645/20260831tennpo.xlsx|Drug stores licensed by Saitama for store-based sale of pharmaceuticals, as of 2026-08-31: 1,026 stores with licence number, validity period, store name, address and operator (chains such as DCM appear store by store). Licence numbers are unique across all 1,026.|interval=604800;xlsx_sheet_index=0;csv_skip_lines=0;title_keys=店舗または営業所名称;id_keys=許可番号;timeout_ms=60000;pagination_ok=one workbook sheet holds the whole list
JO32_REG_AICHI_INDUSTRIAL_WASTE_TRANSPORT	jpregister	dead: attachment/628853.xlsx returned 404 on 2026-10-02, two days after it was probed (file replaced)	JO32_REG_AICHI_INDUSTRIAL_WASTE_TRANSPORT|xlsx|any|registry|industrial-waste-licensee|japan,aichi,industrial-waste,licence,registry,environment|https://www.pref.aichi.jp/site/kankyo/sigen-ka-gyousya.html|Aichi Prefecture - industrial waste collection and transport licensees|愛知県 産業廃棄物収集運搬業者一覧|https://www.pref.aichi.jp/uploaded/attachment/628853.xlsx|https://www.pref.aichi.jp/uploaded/attachment/628853.xlsx|Sheet 1 of Aichi's industrial waste handler list: 10,732 collection and transport licence lines (10,307 distinct licence numbers) with licence number, name and kana, representative, postcode, address, phone, first and current licence dates, expiry, licence-class flags and one pair of columns per waste category. The 425 repeated licence numbers differ only in waste-category conditions and are kept apart by the engine's in-page content-hash guard.|interval=604800;xlsx_sheet=産業廃棄物収集運搬業;csv_skip_lines=0;title_keys=業者氏名;id_keys=許可番号;timeout_ms=90000;pagination_ok=one sheet of a single workbook - each licence class is its own row
JO32_REG_AICHI_INDUSTRIAL_WASTE_DISPOSAL	jpregister	dead: attachment/628853.xlsx returned 404 on 2026-10-02, two days after it was probed (file replaced)	JO32_REG_AICHI_INDUSTRIAL_WASTE_DISPOSAL|xlsx|any|registry|industrial-waste-facility|japan,aichi,industrial-waste,licence,registry,environment,facility|https://www.pref.aichi.jp/site/kankyo/sigen-ka-gyousya.html|Aichi Prefecture - industrial waste disposal licensees and their facilities|愛知県 産業廃棄物処分業者一覧|https://www.pref.aichi.jp/uploaded/attachment/628853.xlsx#disposal|https://www.pref.aichi.jp/uploaded/attachment/628853.xlsx#disposal|Sheet 2 of the same Aichi workbook: 1,477 disposal licence lines (524 licensees, 478 lines flagged as certified excellent operators) with licence data, waste categories, disposal method (crushing 497, sorting 235, compaction 197...), facility address, daily and hourly capacity, landfill area and volume and the supervising office. Licence number+method+facility address is unique for 1,239 lines; the rest are separate capacity lines kept apart by the in-page content-hash guard.|interval=604800;xlsx_sheet=産業廃棄物処分業;csv_skip_lines=0;title_keys=業者氏名;id_keys=許可番号+処分方法+施設の所在地;timeout_ms=90000;pagination_ok=one sheet of a single workbook (URL fragment distinguishes it and is not sent)
JO32_REG_TOYAMA_PHARMA_MANUFACTURERS	jpregister	lowest-yield static row in the pool (471 records per run); verified, kept as reserve	JO32_REG_TOYAMA_PHARMA_MANUFACTURERS|xlsx|any|registry|pharmaceutical-licence|japan,toyama,pharmaceutical,manufacturing,pmd-act,licence,registry|http://opendata.pref.toyama.jp/dataset/pf01124386|Toyama Prefecture - register of pharmaceutical and medical device manufacturers and marketing authorisation holders|富山県 医薬品等製造販売・製造業者等名簿|https://toyama-pref.box.com/shared/static/0o25ebzhyu31lmh9ugup2j5wpoiyxwju.xlsx|https://toyama-pref.box.com/shared/static/0o25ebzhyu31lmh9ugup2j5wpoiyxwju.xlsx|Toyama's register of PMD Act licences for making and marketing drugs, quasi-drugs, cosmetics and devices, as of 2026-01-01 (Toyama is Japan's pharmaceutical manufacturing hub): 471 licences (110 drug manufacturing sites, 67 drug marketing authorisation holders, 55 device manufacturers, 52 cosmetics makers, 42 device repairers...) with site name, address, licence type and class, licence or registration number, date and holder. Licence numbers are unique. Served from the prefecture's Box share, which redirects to a signed download.|interval=604800;xlsx_sheet=名簿;csv_skip_lines=1;title_keys=事務所等名称;id_keys=許可登録番号;timeout_ms=60000;pagination_ok=one workbook sheet holds the whole register
JO32_REG_NAGANO_FLUOROCARBON_RECOVERY	jpregister	lowest-yield static row in the pool (1238 records per run); verified, kept as reserve	JO32_REG_NAGANO_FLUOROCARBON_RECOVERY|xlsx|any|registry|fluorocarbon-recovery-registrant|japan,nagano,fluorocarbon,environment,licence,registry|https://www.pref.nagano.lg.jp/haikibut/kurashi/recycling/furon/furon/1shu.html|Nagano Prefecture - registered first-class fluorocarbon charging and recovery operators|長野県 第一種フロン類充塡回収業者登録名簿|https://www.pref.nagano.lg.jp/haikibut/kurashi/recycling/furon/furon/documents/080703_furonjuten.xlsx|https://www.pref.nagano.lg.jp/haikibut/kurashi/recycling/furon/furon/documents/080703_furonjuten.xlsx|Nagano's register under the Fluorocarbon Emissions Control Act as of 2026-07-03: 1,240 office lines for 1,037 registration numbers, each with registration number, operator, representative, head-office address, office name, office address and phone, registration and expiry dates and flags per equipment class and refrigerant. Registration number+office+office address is unique for 1,238 lines.|interval=604800;xlsx_sheet_index=0;csv_skip_lines=1;title_keys=事業者名;id_keys=登録番号+事業所名称+事業所住所;timeout_ms=60000;pagination_ok=one workbook sheet holds the whole register
JO32_REG_HOKKAIDO_INTRACTABLE_DISEASE_PROVIDERS	jpregister	monthly per-edition file name (R8.9...xlsx); stored 3,233 on 2026-09-30, the link hung on 2026-10-02 after the October edition	JO32_REG_HOKKAIDO_INTRACTABLE_DISEASE_PROVIDERS|xlsx|any|registry|designated-medical-provider|japan,hokkaido,medical,designation,registry,intractable-disease|https://www.harp.lg.jp/opendata/dataset/746.html|Hokkaido - medical providers designated for intractable diseases and pediatric chronic diseases|北海道 難病及び小児慢性特定疾病の指定医療機関一覧|https://www.harp.lg.jp/opendata/dataset/746/resource/9183/(%20HP%E5%85%AC%E8%A1%A8%20)R8.9%E6%8C%87%E5%AE%9A%E5%8C%BB%E7%99%82%E6%A9%9F%E9%96%A2.xlsx|https://www.harp.lg.jp/opendata/dataset/746/resource/9183/(%20HP%E5%85%AC%E8%A1%A8%20)R8.9%E6%8C%87%E5%AE%9A%E5%8C%BB%E7%99%82%E6%A9%9F%E9%96%A2.xlsx|Every provider Hokkaido has designated under the Intractable Disease Act and the pediatric chronic disease programme (edition R8.9): 3,233 designations (1,389 pharmacies, 1,346 hospitals and clinics, 369 home-nursing stations, 129 dental) with health-centre code, provider type, name, flags for each of the two designations, postcode, address, phone and validity end date. Name+address+the two designation flags is unique across all 3,233.|interval=604800;xlsx_sheet_index=0;csv_skip_lines=1;title_keys=機関等名称;id_keys=機関等名称+住所+区分（難）+区分（小）;timeout_ms=60000;pagination_ok=one workbook sheet holds the whole list
JO32_REG_AICHI_DENTAL_CLINICS	jpregister	lowest-yield static row in the pool (1590 records per run); verified, kept as reserve	JO32_REG_AICHI_DENTAL_CLINICS|xlsx|any|registry|dental-clinic|japan,aichi,medical,dental,registry|https://www.pref.aichi.jp/soshiki/imu/0000079467.html|Aichi Prefecture - register of dental clinics under prefectural health centres|愛知県 歯科診療所名簿（県保健所所管分）|https://www.pref.aichi.jp/uploaded/attachment/597762.xlsx|https://www.pref.aichi.jp/uploaded/attachment/597762.xlsx|Dental clinics under Aichi's prefectural health centres, as of 2025-10-01: 1,590 clinics with health centre, municipality, per-centre number, name, postcode, address, phone, founder, administrator, opening date and specialties. Health centre plus number is unique across all 1,590.|interval=604800;xlsx_sheet_index=0;csv_skip_lines=1;title_keys=名称;id_keys=保健所名+番号;timeout_ms=60000;pagination_ok=one workbook sheet holds the whole register
JO32_REG_KANAGAWA_CONSTRUCTION	jpregister	monthly per-edition file name (r0808_bango.xlsx); the previous month's file already 404s	JO32_REG_KANAGAWA_CONSTRUCTION|xlsx|any|registry|construction-licensee|japan,kanagawa,construction,licence,registry|https://www.pref.kanagawa.jp/docs/u2h/kensetumeibo.html|Kanagawa Prefecture - construction business licensees (governor licence)|神奈川県建設業許可業者名簿（許可番号順）|https://www.pref.kanagawa.jp/documents/83685/r0808_bango.xlsx|https://www.pref.kanagawa.jp/documents/83685/r0808_bango.xlsx|Kanagawa's governor-licence construction register as of 2026-08-31 (monthly edition, file name carries the month): 29,206 licensees with licence number, trade name in kanji and kana, representative, postcode, address, phone and one column per trade (0 none, 1 general, 2 special). Licence numbers are unique across all 29,206.|interval=604800;xlsx_sheet_index=0;csv_skip_lines=1;title_keys=《商号名称（漢字）》;id_keys=《許可番号》;timeout_ms=120000;pagination_ok=one workbook sheet holds the whole register (7 MB)
JO32_REG_HOKKAIDO_INDUSTRIAL_WASTE_DISPOSAL	jpregister	lowest-yield static row in the pool (692 records per run); verified, kept as reserve	JO32_REG_HOKKAIDO_INDUSTRIAL_WASTE_DISPOSAL|xlsx|any|registry|industrial-waste-facility|japan,hokkaido,industrial-waste,licence,registry,environment,facility|https://www.pref.hokkaido.lg.jp/ks/jss/sanpai_1/meibo01/meibo_main.html|Hokkaido - industrial waste disposal licensees and their processing scope|北海道 産業廃棄物処分業者名簿|https://www.pref.hokkaido.lg.jp/fs/1/3/1/8/3/6/1/4/_/02(2026.3.31%E7%8F%BE%E5%9C%A8)%E7%94%A3%E5%BB%83%E5%87%A6%E5%88%86%E6%A5%AD_%E5%85%AC%E9%96%8B%E7%89%88.xlsx|https://www.pref.hokkaido.lg.jp/fs/1/3/1/8/3/6/1/4/_/02(2026.3.31%E7%8F%BE%E5%9C%A8)%E7%94%A3%E5%BB%83%E5%87%A6%E5%88%86%E6%A5%AD_%E5%85%AC%E9%96%8B%E7%89%88.xlsx|Hokkaido governor licences for industrial-waste disposal as of 2026-03-31: 692 licensees with subprefecture, name and reading, postcode, head-office address and phone, site phone, licence and expiry dates, licence number and the licensed scope written out per process (e.g. crushing of plastics, wood and rubble, sun-drying of sludge, melting, compaction) for intermediate treatment and landfill. Licence numbers are unique across all 692.|interval=604800;xlsx_sheet_index=0;csv_skip_lines=0;title_keys=処理業者;id_keys=許可番号;timeout_ms=60000;pagination_ok=one workbook sheet holds the whole register
JO32_REG_OSAKA_SPECIAL_WASTE_TRANSPORT	jpregister	lowest-yield static row in the pool (848 records per run); verified, kept as reserve	JO32_REG_OSAKA_SPECIAL_WASTE_TRANSPORT|xlsx|any|registry|industrial-waste-licensee|japan,osaka,industrial-waste,hazardous-waste,licence,registry,environment|https://www.pref.osaka.lg.jp/o120060/sangyohaiki/gyousyameibo/index.html|Osaka Prefecture - specially controlled industrial waste collection and transport licensees|大阪府 産業廃棄物処理業者名簿（特管収運）|https://www.pref.osaka.lg.jp/documents/602/tokkan_tyokusou_r080331.xlsx|https://www.pref.osaka.lg.jp/documents/602/tokkan_tyokusou_r080331.xlsx|Osaka governor licences for collecting and transporting specially controlled (hazardous) industrial waste, as of 2026-03-31: 848 licensees with serial, licence number, company, trade name, representative, postcode, address, phone, licence date, expiry, excellent-operator mark, one column per hazardous category (infectious waste, waste asbestos, PCB waste and PCB-contaminated material, waste mercury, specified toxic sludge, oil, acids and alkalis, dust) and licence conditions. Licence numbers are unique across all 848.|interval=604800;xlsx_sheet_index=0;csv_skip_lines=1;title_keys=業者名;id_keys=許可番号;timeout_ms=60000;pagination_ok=one workbook sheet holds the whole register
JO32_MUNI_GIFU_POLITICAL_ORGS	jpmuni3	lowest-yield static row in the pool (1106 records per run); verified, kept as reserve	JO32_MUNI_GIFU_POLITICAL_ORGS|json|any|politics|political-organisation|japan,gifu,politics,election,registry|https://gifu-opendata.pref.gifu.lg.jp/dataset/b0539da1-e09c-48a5-b104-b261454467ce|Gifu Prefecture - register of political organisations|岐阜県 政治団体名簿（その他の政治団体）|https://gifu-opendata.pref.gifu.lg.jp/api/3/action/datastore_search?resource_id=f354985c-1b01-43d2-9d51-ac8eebebef2e&limit=1000&offset=0&sort=_id|https://gifu-opendata.pref.gifu.lg.jp/api/3/action/datastore_search?resource_id=f354985c-1b01-43d2-9d51-ac8eebebef2e&limit=1000&offset=0&sort=_id|The Gifu election commission's register of political organisations (R6, other organisations): 1,106 rows naming each organisation, its representative, its treasurer, its main office address and flags for fund-management bodies (181) and Diet-member-related bodies (9). 番号 is unique per row.|array_path=result.records;id_keys=番号;title_keys=政治団体の名称;page_param=offset;page_size=1000;page_zero_based=1;page_max=4;timeout_ms=60000;interval=604800
JO32_MUNI_TAKAYAMA_AED	jpmuni3	lowest-yield static row in the pool (270 records per run); verified, kept as reserve	JO32_MUNI_TAKAYAMA_AED|csv|any|health|aed|japan,gifu,takayama,aed,health,geo|https://gifu-opendata.pref.gifu.lg.jp/dataset/3f9428a5-c660-4409-9bb4-8dc9cc7c33c8|Takayama City - AED locations|高山市 AED設置個所一覧|https://gifu-opendata.pref.gifu.lg.jp/dataset/3f9428a5-c660-4409-9bb4-8dc9cc7c33c8/resource/c3aa3c8a-cd84-42b1-94a2-500ba5618730/download/aed_202603_takayama.csv|https://gifu-opendata.pref.gifu.lg.jp/dataset/3f9428a5-c660-4409-9bb4-8dc9cc7c33c8/resource/c3aa3c8a-cd84-42b1-94a2-500ba5618730/download/aed_202603_takayama.csv|Takayama's AED list, 202603 edition published 2026-04-17: 270 rows with a unique NO, facility name and kana, address, lat/lon, placement inside the building, operating body and availability notes.|id_keys=NO;title_keys=名称;lat_key=緯度;lon_key=経度;charset=shift_jis;pagination_ok=one CP932 CSV holding all 270 rows of the 202603 edition;timeout_ms=60000;interval=604800
JO32_MUNI_KANAZAWA_BEAR_SIGHTINGS	jpmuni3	lowest-yield static row in the pool (754 records per run); verified, kept as reserve	JO32_MUNI_KANAZAWA_BEAR_SIGHTINGS|json|any|environment|bear-sighting|japan,ishikawa,kanazawa,bear,wildlife,incident|https://catalog-data.city.kanazawa.ishikawa.jp/dataset/7f334e8e-49f2-4e29-98fa-b4cd6f7567c2|Kanazawa City - bear sightings and signs|金沢市 ツキノワグマ目撃痕跡情報|https://catalog-data.city.kanazawa.ishikawa.jp/api/3/action/datastore_search?resource_id=30664c52-a73e-4545-9fb6-8280584bcb48&limit=1000&offset=0&sort=_id|https://catalog-data.city.kanazawa.ishikawa.jp/api/3/action/datastore_search?resource_id=30664c52-a73e-4545-9fb6-8280584bcb48&limit=1000&offset=0&sort=_id|Kanazawa's log of bear sightings and traces from 2020-04-05 to 2026-01-19: 754 rows with date, time, town and report type. Date plus time plus town is unique over all 754 rows.|array_path=result.records;id_keys=確認年月日+確認時刻+確認地;title_keys=確認地;date_keys=確認年月日;page_param=offset;page_size=1000;page_zero_based=1;page_max=3;timeout_ms=60000;interval=86400
JO32_MUNI_SAPPORO_ANIMAL_DEALERS	jpmuni3	lowest-yield static row in the pool (903 records per run); verified, kept as reserve	JO32_MUNI_SAPPORO_ANIMAL_DEALERS|json|any|registry|animal-business-registration|japan,hokkaido,sapporo,animal,business,registry|https://ckan.pf-sapporo.jp/dataset/93300815-9410-436b-9b7d-79e092e02f4f|Sapporo City - registered first-class animal handling businesses|札幌市 第一種動物取扱業者登録名簿|https://ckan.pf-sapporo.jp/api/3/action/datastore_search?resource_id=10d04cc6-d862-4a89-b94e-e835b4e5bd8e&limit=1000&offset=0&sort=_id|https://ckan.pf-sapporo.jp/api/3/action/datastore_search?resource_id=10d04cc6-d862-4a89-b94e-e835b4e5bd8e&limit=1000&offset=0&sort=_id|Sapporo's register of pet shops, boarding, breeding and other animal businesses as of 2026-09-01: 903 rows with a unique 登録番号, registration date (newest 2026-08-27), the operating company and its representative, facility name and address, business type, responsible handler and the animals kept. The resource has been replaced in place monthly since 2019.|array_path=result.records;id_keys=登録番号;title_keys=事業所名称;date_keys=登録年月日;page_param=offset;page_size=1000;page_zero_based=1;page_max=3;timeout_ms=60000;interval=604800
JO32_MUNI_FUKUYAMA_CARE_SERVICES	jpmuni3	lowest-yield static row in the pool (1109 records per run); verified, kept as reserve	JO32_MUNI_FUKUYAMA_CARE_SERVICES|json|any|health|care-service-office|japan,hiroshima,fukuyama,care,welfare,geo|https://data.city.fukuyama.hiroshima.jp/dataset/654fcf47-772e-40e1-8ef3-b55f9b26ef46|Fukuyama City - long-term care service offices|福山市 介護サービス事業所一覧|https://data.city.fukuyama.hiroshima.jp/api/3/action/datastore_search?resource_id=b1536c76-e48a-4887-8554-8f2c6415c533&limit=1000&offset=0&sort=_id|https://data.city.fukuyama.hiroshima.jp/api/3/action/datastore_search?resource_id=b1536c76-e48a-4887-8554-8f2c6415c533&limit=1000&offset=0&sort=_id|Fukuyama's care-office list updated 2026-08-31: 1,109 rows, matching the source CSV, with office name, service type, address, daily-life area, lat/lon, phone, operating corporation, care-insurance office number, capacity and suspension notes. Office number plus service repeats 5 times, so rows key on _id.|array_path=result.records;id_keys=_id;title_keys=介護サービス事業所名称;lat_key=緯度;lon_key=経度;page_param=offset;page_size=1000;page_zero_based=1;page_max=4;timeout_ms=60000;interval=604800
JO32_MUNI_DATE_GARBAGE_STATIONS	jpmuni3	lowest-yield static row in the pool (1368 records per run); verified, kept as reserve	JO32_MUNI_DATE_GARBAGE_STATIONS|json|any|infrastructure|garbage-station|japan,hokkaido,date,waste,geo|https://hkdate.maps.arcgis.com|Date City (Hokkaido) - garbage and recycling collection stations|伊達市 ごみステーション|https://services.arcgis.com/4gJK83cSMdlrv6II/arcgis/rest/services/%E3%81%94%E3%81%BF%E3%82%B9%E3%83%86%E3%83%BC%E3%82%B7%E3%83%A7%E3%83%B3/FeatureServer/8/query?where=1%3D1&outFields=*&outSR=4326&f=json&resultRecordCount=1000&resultOffset=0|https://services.arcgis.com/4gJK83cSMdlrv6II/arcgis/rest/services/%E3%81%94%E3%81%BF%E3%82%B9%E3%83%86%E3%83%BC%E3%82%B7%E3%83%A7%E3%83%B3/FeatureServer/8/query?where=1%3D1&outFields=*&outSR=4326&f=json&resultRecordCount=1000&resultOffset=0|Date city's collection-station register: 1,368 points with GIS key, district and number, address, road name, land type, station and recycling flags, construction type, signage, subsidy and abolition dates and remarks.|array_path=features;id_keys=attributes.OBJECTID;title_keys=attributes.所在地;lat_key=geometry.y;lon_key=geometry.x;page_param=resultOffset;page_size=1000;page_zero_based=1;page_max=4;timeout_ms=60000;interval=604800
JO32_MUNI_KANAZAWA_MEDICAL_INSTITUTIONS	jpmuni3	lowest-yield static row in the pool (685 records per run); verified, kept as reserve	JO32_MUNI_KANAZAWA_MEDICAL_INSTITUTIONS|json|any|health|medical-institution|japan,ishikawa,kanazawa,hospital,clinic,health,geo|https://catalog-data.city.kanazawa.ishikawa.jp/dataset/1c2c98e3-58f4-4e6d-851e-e07de25615c0|Kanazawa City - hospitals and clinics|金沢市 医療機関一覧|https://catalog-data.city.kanazawa.ishikawa.jp/api/3/action/datastore_search?resource_id=b943bdf2-2057-457c-8b3a-04208a761ff2&limit=1000&offset=0&sort=_id|https://catalog-data.city.kanazawa.ishikawa.jp/api/3/action/datastore_search?resource_id=b943bdf2-2057-457c-8b3a-04208a761ff2&limit=1000&offset=0&sort=_id|Kanazawa's standard-format medical institution list updated 2026-05-13: 685 hospitals and clinics with a unique ID, name and kana, institution type, address, lat/lon, phone, operating corporation, medical-institution code, consulting hours, departments, bed count and disaster-base class.|array_path=result.records;id_keys=ID;title_keys=名称;lat_key=緯度;lon_key=経度;page_param=offset;page_size=1000;page_zero_based=1;page_max=3;timeout_ms=60000;interval=604800
JO32_MUNI_ISHIKAWA_CENTRAL_AED	jpmuni3	lowest-yield static row in the pool (736 records per run); verified, kept as reserve	JO32_MUNI_ISHIKAWA_CENTRAL_AED|json|any|health|aed|japan,ishikawa,kanazawa,hakusan,nonoichi,aed,geo|https://catalog-data.city.kanazawa.ishikawa.jp/dataset/6561bce2-c7c4-4cc9-b328-ba880ca9e603|Ishikawa Central Metropolitan Area - AED locations|石川中央都市圏 AED設置箇所一覧|https://catalog-data.city.kanazawa.ishikawa.jp/api/3/action/datastore_search?resource_id=189fb767-5394-457f-9998-f21595dd9cae&limit=1000&offset=0&sort=_id|https://catalog-data.city.kanazawa.ishikawa.jp/api/3/action/datastore_search?resource_id=189fb767-5394-457f-9998-f21595dd9cae&limit=1000&offset=0&sort=_id|AEDs registered by the six municipalities of the Ishikawa central metropolitan area: 736 rows, matching the source CSV, with a unique ID, facility name, full address, lat/lon, placement, phone, operating body, availability days and hours and paediatric-pad flag.|array_path=result.records;id_keys=ID;title_keys=名称;lat_key=緯度;lon_key=経度;page_param=offset;page_size=1000;page_zero_based=1;page_max=3;timeout_ms=60000;interval=604800
JO32_MUNI_GIFU_CITY_FOOD_NOTIFICATIONS	jpmuni3	lowest-yield static row in the pool (1093 records per run); verified, kept as reserve	JO32_MUNI_GIFU_CITY_FOOD_NOTIFICATIONS|json|any|permits|food-business-notification|japan,gifu,food,business,registry|https://gifu-opendata.pref.gifu.lg.jp/dataset/2f9f1b1c-be25-4a27-96c6-47b597f1a0bd|Gifu City - food business notifications|岐阜市 食品等営業届出施設一覧|https://gifu-opendata.pref.gifu.lg.jp/api/3/action/datastore_search?resource_id=6c758a77-694e-46bd-8d08-f67530532d5a&limit=1000&offset=0&sort=_id|https://gifu-opendata.pref.gifu.lg.jp/api/3/action/datastore_search?resource_id=6c758a77-694e-46bd-8d08-f67530532d5a&limit=1000&offset=0&sort=_id|Food businesses that only need to notify rather than hold a permit in Gifu city, R7.6.1 edition: 1,093 rows, matching the source CSV, with premises name and address, phone, business type, operator, representative, operator address and notification date.|array_path=result.records;id_keys=_id;title_keys=営業所名称;date_keys=届出年月日;page_param=offset;page_size=1000;page_zero_based=1;page_max=4;timeout_ms=60000;interval=604800
JO32_MUNI_GIFU_CITY_BEAUTY_SALONS	jpmuni3	lowest-yield static row in the pool (1177 records per run); verified, kept as reserve	JO32_MUNI_GIFU_CITY_BEAUTY_SALONS|json|any|registry|beauty-salon|japan,gifu,business,registry,salon|https://gifu-opendata.pref.gifu.lg.jp/dataset/0e989e17-7093-4cbd-b931-6a24cf93fdb2|Gifu City - notified beauty salons|岐阜市 美容所届出施設一覧|https://gifu-opendata.pref.gifu.lg.jp/api/3/action/datastore_search?resource_id=0030e554-51b5-47ca-9bec-5724fb0dc617&limit=1000&offset=0&sort=_id|https://gifu-opendata.pref.gifu.lg.jp/api/3/action/datastore_search?resource_id=0030e554-51b5-47ca-9bec-5724fb0dc617&limit=1000&offset=0&sort=_id|All beauty salons notified to Gifu city's health centre as of 2025-03-31: 1,177 rows with inspection date (S54 to R7), salon name, address, phone and the name of the person who filed. Rows key on _id; the source has no identifier column.|array_path=result.records;id_keys=_id;title_keys=施設名称;date_keys=確認日;page_param=offset;page_size=1000;page_zero_based=1;page_max=4;timeout_ms=60000;interval=604800
JO32_MUNI_AKITA_OUTDOOR_AD_REGISTRY	jpmuni3	lowest-yield static row in the pool (302 records per run); verified, kept as reserve	JO32_MUNI_AKITA_OUTDOOR_AD_REGISTRY|json|any|registry|outdoor-advertising-registration|japan,akita,advertising,company,registry|https://ckan.pref.akita.lg.jp/dataset/c7e195da-380e-4aa9-a750-c7b9756aa44a|Akita Prefecture - registered outdoor advertising businesses|秋田県 屋外広告業登録業者一覧|https://ckan.pref.akita.lg.jp/api/3/action/datastore_search?resource_id=c289f8f8-ff02-434c-9342-5a5f49a8d2f1&limit=1000&offset=0&sort=_id|https://ckan.pref.akita.lg.jp/api/3/action/datastore_search?resource_id=c289f8f8-ff02-434c-9342-5a5f49a8d2f1&limit=1000&offset=0&sort=_id|Companies registered to do outdoor-advertising work in Akita as of 2026-03-27: 302 rows, matching the source CSV, with company name, prefecture and address (many are based in Miyagi, Tokyo and elsewhere), registration date, registration number (unique) and the validity window.|array_path=result.records;id_keys=登録番号;title_keys=登録業者名;date_keys=登録年月日;page_param=offset;page_size=1000;page_zero_based=1;page_max=3;timeout_ms=60000;interval=604800
JO32_MUNI_KUNITACHI_POPULATION	jpmuni3	lowest-yield static row in the pool (800 records per run); verified, kept as reserve	JO32_MUNI_KUNITACHI_POPULATION|csv|any|demographics|population-by-area|japan,tokyo,kunitachi,population|https://catalog.data.metro.tokyo.lg.jp/dataset/t132152d0000000013|Kunitachi City - population by chome and age band (monthly series)|国立市 町丁別・年齢別人口|https://www.opendata.metro.tokyo.lg.jp/kunitachi/132152_population.csv|https://www.opendata.metro.tokyo.lg.jp/kunitachi/132152_population.csv|Kunitachi's standard-format population table accumulated monthly: 800 rows, 32 chome over 25 snapshots from 2023-07-03 to 2025-07-01, each with total, male and female counts in five-year bands. Survey date plus district name is unique over all 800 rows.|id_keys=調査年月日+地域名;title_keys=地域名;date_keys=調査年月日;pagination_ok=one UTF-8 CSV holding all 800 rows (32 districts x 25 monthly snapshots);timeout_ms=60000;interval=604800
JO32_MUNI_TOTTORI_CARE_SERVICES	jpmuni3	lowest-yield static row in the pool (1189 records per run); verified, kept as reserve	JO32_MUNI_TOTTORI_CARE_SERVICES|csv|any|health|care-service-office|japan,tottori,care,welfare,geo|https://odp-pref-tottori.tori-info.co.jp/dataset/1888|Tottori Prefecture - long-term care service offices|鳥取県 介護サービス事業所一覧|https://odp-pref-tottori.tori-info.co.jp/dataset/1888/resource/9618/310000_care_service.csv|https://odp-pref-tottori.tori-info.co.jp/dataset/1888/resource/9618/310000_care_service.csv|Tottori's prefecture-wide standard dataset of care offices updated 2026-09-09: 1,189 rows in CP932 with a unique ID (TP3100000010 onward), office name and kana, service type, full address split to town and lot, lat/lon, phone, operating corporation and care-insurance office number.|id_keys=ID;title_keys=介護サービス事業所名称;lat_key=緯度;lon_key=経度;charset=shift_jis;pagination_ok=one CP932 CSV holding all 1189 offices;timeout_ms=60000;interval=604800
JO32_MUNI_TOTTORI_MEDICAL_INSTITUTIONS	jpmuni3	lowest-yield static row in the pool (621 records per run); verified, kept as reserve	JO32_MUNI_TOTTORI_MEDICAL_INSTITUTIONS|csv|any|health|medical-institution|japan,tottori,hospital,clinic,health,geo|https://odp-pref-tottori.tori-info.co.jp/dataset/1878|Tottori Prefecture - hospitals and clinics|鳥取県 医療機関一覧|https://odp-pref-tottori.tori-info.co.jp/dataset/1878/resource/9592/310000_hospital.csv|https://odp-pref-tottori.tori-info.co.jp/dataset/1878/resource/9592/310000_hospital.csv|Tottori's prefecture-wide medical institution list updated 2026-06-10: 621 rows in CP932 with a unique ID, name, kana and English name, type, address, lat/lon, phone, operating corporation, institution code, hours, departments, bed count and disaster-base class.|id_keys=ID;title_keys=名称;lat_key=緯度;lon_key=経度;charset=shift_jis;pagination_ok=one CP932 CSV holding all 621 institutions;timeout_ms=60000;interval=604800
JO32_MUNI_TOTTORI_CULTURAL_PROPERTIES	jpmuni3	lowest-yield static row in the pool (555 records per run); verified, kept as reserve	JO32_MUNI_TOTTORI_CULTURAL_PROPERTIES|csv|any|culture|cultural-property|japan,tottori,heritage,cultural-property,geo|https://odp-pref-tottori.tori-info.co.jp/dataset/1881|Tottori Prefecture - designated cultural properties|鳥取県 文化財一覧|https://odp-pref-tottori.tori-info.co.jp/dataset/1881/resource/9600/310000_cultural_property.csv|https://odp-pref-tottori.tori-info.co.jp/dataset/1881/resource/9600/310000_cultural_property.csv|National and prefectural designated and registered cultural properties in Tottori, updated 2026-06-29: 555 rows with a unique ID, name with kana and romanisation, class (国宝, 登録 and others), type, address, lat/lon, owner and designation date.|id_keys=ID;title_keys=名称;date_keys=文化財指定日;lat_key=緯度;lon_key=経度;pagination_ok=one UTF-8 CSV holding all 555 properties;timeout_ms=60000;interval=604800
JO32_MUNI_TOTTORI_CITY_POPULATION	jpmuni3	lowest-yield static row in the pool (535 records per run); verified, kept as reserve	JO32_MUNI_TOTTORI_CITY_POPULATION|csv|any|demographics|population-by-area|japan,tottori,population|https://odp-pref-tottori.tori-info.co.jp/dataset/1661|Tottori City - population by district and age band|鳥取市 地域・年齢別人口|https://odp-pref-tottori.tori-info.co.jp/dataset/1661/resource/9555/312011_population.csv|https://odp-pref-tottori.tori-info.co.jp/dataset/1661/resource/9555/312011_population.csv|Tottori city's resident population per town district as of 2025-12-31: 535 rows, one per district, with total, male and female counts and five-year age bands. District name is unique within the file; survey date plus name keys each row.|id_keys=dateOfSurvey+areaName;title_keys=areaName;date_keys=dateOfSurvey;pagination_ok=one UTF-8 CSV holding all 535 districts of the 2025-12-31 survey;timeout_ms=60000;interval=604800
JO32_MUNI_MACHIDA_DESIGNATED_WORKSHOPS	jpmuni3	lowest-yield static row in the pool (1419 records per run); verified, kept as reserve	JO32_MUNI_MACHIDA_DESIGNATED_WORKSHOPS|csv|any|environment|designated-workshop|japan,tokyo,machida,environment,business,registry|https://opendata.city.machida.tokyo.jp/dataset/c1313ba1-ab62-4d23-82a1-f03a04b0fde3|Machida City - designated workshops under the Tokyo environmental ordinance|町田市 環境確保条例に基づく指定作業場名簿|https://www.city.machida.tokyo.jp/shisei/opendata/gomi-kankyou/koujyoumeibo.files/siteisagyoujyoumeibo.csv|https://www.city.machida.tokyo.jp/shisei/opendata/gomi-kankyou/koujyoumeibo.files/siteisagyoujyoumeibo.csv|Every site Machida has registered as a designated workshop under the Tokyo environmental security ordinance, updated 2026-06-03: 1,419 rows with name, address, building, business type (livestock sheds, fuel stations, car parks, laundries and more) and an abolished flag (457 abolished). Name plus address is unique over all rows.|id_keys=名称+所在地（町名：50音順）;title_keys=名称;pagination_ok=one UTF-8 CSV holding all 1419 workshops;timeout_ms=60000;interval=604800
JO32_MUNI_MACHIDA_FACTORIES	jpmuni3	lowest-yield static row in the pool (1267 records per run); verified, kept as reserve	JO32_MUNI_MACHIDA_FACTORIES|csv|any|environment|registered-factory|japan,tokyo,machida,factory,environment,registry|https://opendata.city.machida.tokyo.jp/dataset/c1313ba1-ab62-4d23-82a1-f03a04b0fde3|Machida City - factories registered under the Tokyo environmental ordinance|町田市 環境確保条例に基づく工場名簿|https://www.city.machida.tokyo.jp/shisei/opendata/gomi-kankyou/koujyoumeibo.files/koujyoumeibo.csv|https://www.city.machida.tokyo.jp/shisei/opendata/gomi-kankyou/koujyoumeibo.files/koujyoumeibo.csv|Factories registered with Machida under the Tokyo environmental security ordinance, updated 2026-06-03: 1,267 rows with company name, address, building, trade (joinery, auto-parts machining and others) and an abolished flag (377 abolished). Two name-address pairs recur with a different abolished flag, so the key adds that flag and is unique over all rows.|id_keys=名称+所在地(町名：50音順)+廃止済み工場;title_keys=名称;pagination_ok=one UTF-8 CSV holding all 1267 factories;timeout_ms=60000;interval=604800
JO32_MUNI_HACHIOJI_STANDARD_LAND_PRICES	jpmuni3	lowest-yield static row in the pool (1287 records per run); verified, kept as reserve	JO32_MUNI_HACHIOJI_STANDARD_LAND_PRICES|json|any|finance|land-valuation-point|japan,tokyo,hachioji,land,valuation,tax,geo|https://hachiojicity.maps.arcgis.com|Hachioji City - standard residential land valuation points|八王子市 標準宅地|https://services7.arcgis.com/yoDYEe9aP5MsSkEP/arcgis/rest/services/%E6%A8%99%E6%BA%96%E5%AE%85%E5%9C%B0_%E8%A1%A8%E7%A4%BA/FeatureServer/0/query?where=1%3D1&outFields=*&outSR=4326&f=json&resultRecordCount=1000&resultOffset=0|https://services7.arcgis.com/yoDYEe9aP5MsSkEP/arcgis/rest/services/%E6%A8%99%E6%BA%96%E5%AE%85%E5%9C%B0_%E8%A1%A8%E7%A4%BA/FeatureServer/0/query?where=1%3D1&outFields=*&outSR=4326&f=json&resultRecordCount=1000&resultOffset=0|The standard residential sites Hachioji uses for fixed-asset tax valuation: 1,287 points with site number, parcel address (e.g. 初沢町1277番2), use code, the standard land price per square metre (e.g. 165000) and adjustment factors.|array_path=features;id_keys=attributes.FID;title_keys=attributes.SYOZAI;lat_key=geometry.y;lon_key=geometry.x;page_param=resultOffset;page_size=1000;page_zero_based=1;page_max=4;timeout_ms=60000;interval=604800
JO32_MUNI_TOTTORI_PRESCHOOLS	jpmuni3	lowest-yield static row in the pool (451 records per run); verified, kept as reserve	JO32_MUNI_TOTTORI_PRESCHOOLS|csv|any|education|childcare-facility|japan,tottori,childcare,nursery,geo|https://odp-pref-tottori.tori-info.co.jp/dataset/1882|Tottori Prefecture - nurseries, kindergartens and childcare facilities|鳥取県 子育て施設一覧|https://odp-pref-tottori.tori-info.co.jp/dataset/1882/resource/9607/310000_preschool.csv|https://odp-pref-tottori.tori-info.co.jp/dataset/1882/resource/9607/310000_preschool.csv|Tottori's prefecture-wide childcare facility list updated 2026-08-13: 451 rows in CP932 with a unique ID, name, kana and English name, facility type, full address, lat/lon, access and parking notes, phone and operator details.|id_keys=ID;title_keys=名称;lat_key=緯度;lon_key=経度;charset=shift_jis;pagination_ok=one CP932 CSV holding all 451 facilities;timeout_ms=60000;interval=604800
JO32_MUNI_KURASHIKI_AED	jpmuni3	lowest-yield static row in the pool (273 records per run); verified, kept as reserve	JO32_MUNI_KURASHIKI_AED|csv|any|health|aed|japan,okayama,kurashiki,aed,health,geo|https://www.okayama-opendata.jp|Kurashiki City - AED locations|倉敷市 AED設置箇所一覧（2026年3月）|https://kurashiki.dataeye.jp/resource_download/17585|https://kurashiki.dataeye.jp/resource_download/17585|Kurashiki's standard-format AED list, March 2026 edition: 273 rows with a unique ID, facility name and kana, full address, lat/lon, placement inside the building, phone, operating body and availability.|id_keys=ID;title_keys=名称;lat_key=緯度;lon_key=経度;pagination_ok=one UTF-8 CSV holding all 273 AED sites of the March 2026 edition;timeout_ms=60000;interval=604800
