id	url	kind	items	name	name_ja	collector	category	lang	tags	interval	description
lat-amandala-bz	https://amandala.com.bz/news/feed/	rss	10	Amandala - Belizean news	ベリーズ：ニュース - Amandala - Belizean news	latam_news	news	en	blz,news,news	3600	Publisher-own news feed from Amandala; article headlines, timestamps, links and summaries.
lat-aneel-recent	https://dadosabertos.aneel.gov.br/api/3/action/current_package_list_with_resources?limit=100	json:result	71	ANEEL Dados Abertos - recently updated datasets	ブラジル：オープンデータ - ANEEL Dados Abertos - recently updated datasets	latam_data	opendata	pt	bra,opendata,data	21600	CKAN current_package_list_with_resources: most recently modified datasets with their full resource list and download URLs.
lat-anvisa-rss	https://www.gov.br/anvisa/pt-br/assuntos/noticias-anvisa/RSS	rss	15	ANVISA - health regulator announcements	ブラジル：保健 - ANVISA - health regulator announcements	latam_gov	health	pt	bra,health,gov	3600	Brazilian health surveillance agency notices: product recalls, registrations and enforcement actions.
lat-ar-ckan-agro	https://datos.gob.ar/api/3/action/package_search?q=agricultura&rows=100	json:result.results	100	Datos Argentina - agriculture datasets	アルゼンチン：オープンデータ - Datos Argentina - agriculture datasets	latam_data	opendata	es	arg,opendata,data	43200	CKAN package_search filtered to 'agricultura': matching dataset titles, organisations and resource download URLs.
lat-ar-ckan-ambiente	https://datos.gob.ar/api/3/action/package_search?q=ambiente&rows=100	json:result.results	82	Datos Argentina - environment datasets	アルゼンチン：オープンデータ - Datos Argentina - environment datasets	latam_data	opendata	es	arg,opendata,data	43200	CKAN package_search filtered to 'ambiente': matching dataset titles, organisations and resource download URLs.
lat-ar-ckan-covid	https://datos.gob.ar/api/3/action/package_search?q=presupuesto&rows=100	json:result.results	54	Datos Argentina - budget datasets	アルゼンチン：オープンデータ - Datos Argentina - budget datasets	latam_data	opendata	es	arg,opendata,data	43200	CKAN package_search filtered to 'presupuesto': matching dataset titles, organisations and resource download URLs.
lat-ar-ckan-economia	https://datos.gob.ar/api/3/action/package_search?q=economia&rows=100	json:result.results	100	Datos Argentina - economy datasets	アルゼンチン：オープンデータ - Datos Argentina - economy datasets	latam_data	opendata	es	arg,opendata,data	43200	CKAN package_search filtered to 'economia': matching dataset titles, organisations and resource download URLs.
lat-ar-ckan-energia	https://datos.gob.ar/api/3/action/package_search?q=energia&rows=100	json:result.results	100	Datos Argentina - energy datasets	アルゼンチン：オープンデータ - Datos Argentina - energy datasets	latam_data	opendata	es	arg,opendata,data	43200	CKAN package_search filtered to 'energia': matching dataset titles, organisations and resource download URLs.
lat-ar-ckan-justicia	https://datos.gob.ar/api/3/action/package_search?q=justicia&rows=100	json:result.results	75	Datos Argentina - justice datasets	アルゼンチン：オープンデータ - Datos Argentina - justice datasets	latam_data	opendata	es	arg,opendata,data	43200	CKAN package_search filtered to 'justicia': matching dataset titles, organisations and resource download URLs.
lat-ar-ckan-recent	https://datos.gob.ar/api/3/action/current_package_list_with_resources?limit=100	json:result	100	Datos Argentina - recently updated datasets	アルゼンチン：オープンデータ - Datos Argentina - recently updated datasets	latam_data	opendata	es	arg,opendata,data	21600	CKAN current_package_list_with_resources: most recently modified datasets with their full resource list and download URLs.
lat-ar-ckan-salud	https://datos.gob.ar/api/3/action/package_search?q=salud&rows=100	json:result.results	100	Datos Argentina - health datasets	アルゼンチン：オープンデータ - Datos Argentina - health datasets	latam_data	opendata	es	arg,opendata,data	43200	CKAN package_search filtered to 'salud': matching dataset titles, organisations and resource download URLs.
lat-ar-ckan-seguridad	https://datos.gob.ar/api/3/action/package_search?q=seguridad&rows=100	json:result.results	100	Datos Argentina - public-security datasets	アルゼンチン：オープンデータ - Datos Argentina - public-security datasets	latam_data	opendata	es	arg,opendata,data	43200	CKAN package_search filtered to 'seguridad': matching dataset titles, organisations and resource download URLs.
lat-ar-ckan-transporte	https://datos.gob.ar/api/3/action/package_search?q=transporte&rows=100	json:result.results	100	Datos Argentina - transport datasets	アルゼンチン：オープンデータ - Datos Argentina - transport datasets	latam_data	opendata	es	arg,opendata,data	43200	CKAN package_search filtered to 'transporte': matching dataset titles, organisations and resource download URLs.
lat-ar-perfil	https://www.perfil.com/feed	rss	50	Perfil - Argentine news	アルゼンチン：ニュース - Perfil - Argentine news	latam_news	news	es	arg,news,news	3600	Publisher-own news feed from Perfil; article headlines, timestamps, links and summaries.
lat-ar-tiempoar	https://www.tiempoar.com.ar/feed/	rss	10	Tiempo Argentino - news	アルゼンチン：ニュース - Tiempo Argentino - news	latam_news	news	es	arg,news,news	3600	Publisher-own news feed from Tiempo Argentino; article headlines, timestamps, links and summaries.
lat-banrep-rss	https://www.banrep.gov.co/rss.xml	rss	10	Banco de la Republica de Colombia - announcements	コロンビア：経済 - Banco de la Republica de Colombia - announcements	latam_gov	economy	es	col,economy,gov	21600	Colombian central bank policy decisions, inflation reports and statistical releases.
lat-bcb-ptax	https://olinda.bcb.gov.br/olinda/servico/PTAX/versao/v1/odata/Moedas?%24format=json	json:value	10	Banco Central do Brasil - PTAX currency register	ブラジル：経済 - Banco Central do Brasil - PTAX currency register	latam_data	economy	pt	bra,economy,data	21600	Currencies quoted in the BCB PTAX exchange-rate service with symbol, name and type.
lat-belize-breaking	https://www.breakingbelizenews.com/feed/	rss	10	Breaking Belize News - news	ベリーズ：ニュース - Breaking Belize News - news	latam_news	news	en	blz,news,news	3600	Publisher-own news feed from Breaking Belize News; article headlines, timestamps, links and summaries.
lat-bo-eldeber2	https://eldeber.com.bo/rss/portada.xml	rss	25	El Deber - Bolivian news	ボリビア：ニュース - El Deber - Bolivian news	latam_news	news	es	bol,news,news	3600	Publisher-own news feed from El Deber; article headlines, timestamps, links and summaries.
lat-bo-eldiario	https://www.eldiario.net/portal/feed/	rss	10	El Diario - Bolivian news	ボリビア：ニュース - El Diario - Bolivian news	latam_news	news	es	bol,news,news	3600	Publisher-own news feed from El Diario; article headlines, timestamps, links and summaries.
lat-bo-lostiempos3	https://www.lostiempos.com/rss/portada	rss	10	Los Tiempos - Bolivian news	ボリビア：ニュース - Los Tiempos - Bolivian news	latam_news	news	es	bol,news,news	3600	Publisher-own news feed from Los Tiempos; article headlines, timestamps, links and summaries.
lat-bo-oxigeno	https://oxigeno.bo/rss.xml	rss	50	Oxigeno - Bolivian political news	ボリビア：ニュース - Oxigeno - Bolivian political news	latam_news	news	es	bol,news,news	3600	Publisher-own news feed from Oxigeno; article headlines, timestamps, links and summaries.
lat-br-camara-grupos	https://dadosabertos.camara.leg.br/api/v2/grupos?itens=100&formato=json	json:dados	100	Camara dos Deputados - inter-parliamentary groups	ブラジル：司法 - Camara dos Deputados - inter-parliamentary groups	latam_gov	legal	pt	bra,legal,gov	86400	Bilateral inter-parliamentary friendship groups and their counterpart countries.
lat-br-camara-legislaturas	https://dadosabertos.camara.leg.br/api/v2/legislaturas?itens=100&formato=json	json:dados	57	Camara dos Deputados - legislatures	ブラジル：司法 - Camara dos Deputados - legislatures	latam_gov	legal	pt	bra,legal,gov	86400	Every legislature of the Brazilian Chamber with start and end dates.
lat-br-camara-referencias	https://dadosabertos.camara.leg.br/api/v2/referencias/proposicoes/siglaTipo?formato=json	json:dados	544	Camara dos Deputados - proposition type reference	ブラジル：基礎データ - Camara dos Deputados - proposition type reference	latam_gov	reference	pt	bra,reference,gov	86400	Controlled vocabulary of proposition types used by the Chamber API, needed to decode bill records.
lat-br-cnnbrasil	https://www.cnnbrasil.com.br/feed/	rss	60	CNN Brasil - news	ブラジル：ニュース - CNN Brasil - news	latam_news	news	pt	bra,news,news	3600	Publisher-own news feed from CNN Brasil; article headlines, timestamps, links and summaries.
lat-br-congresso-focus	https://www.congressoemfoco.com.br/feed/	rss	20	Congresso em Foco - Brazilian legislature coverage	ブラジル：ニュース - Congresso em Foco - Brazilian legislature coverage	latam_news	news	pt	bra,news,news	3600	Publisher-own news feed from Congresso em Foco; article headlines, timestamps, links and summaries.
lat-br-cvm-rss	https://www.gov.br/cvm/pt-br/assuntos/noticias/RSS	rss	15	CVM - securities regulator announcements	ブラジル：経済 - CVM - securities regulator announcements	latam_gov	economy	pt	bra,economy,gov	3600	Brazilian securities commission notices: sanctions, rule changes and market warnings.
lat-br-dados-es	https://dados.es.gov.br/api/3/action/package_search?rows=100	json:result.results	100	Espirito Santo Dados Abertos - dataset catalogue	ブラジル：オープンデータ - Espirito Santo Dados Abertos - dataset catalogue	latam_data	opendata	pt	bra,opendata,data	43200	CKAN package_search: dataset titles, publishing organisation, licence, resource URLs and last-modified dates.
lat-br-dados-go	https://dadosabertos.go.gov.br/api/3/action/package_search?rows=100	json:result.results	100	Goias Dados Abertos - dataset catalogue	ブラジル：オープンデータ - Goias Dados Abertos - dataset catalogue	latam_data	opendata	pt	bra,opendata,data	43200	CKAN package_search: dataset titles, publishing organisation, licence, resource URLs and last-modified dates.
lat-br-dados-pbh	https://ckan.pbh.gov.br/api/3/action/package_search?rows=100	json:result.results	100	Belo Horizonte Dados Abertos - dataset catalogue	ブラジル：オープンデータ - Belo Horizonte Dados Abertos - dataset catalogue	latam_data	opendata	pt	bra,opendata,data	43200	CKAN package_search: dataset titles, publishing organisation, licence, resource URLs and last-modified dates.
lat-br-dados-poa	https://dadosabertos.poa.br/api/3/action/package_search?rows=100	json:result.results	55	Porto Alegre Dados Abertos - dataset catalogue	ブラジル：オープンデータ - Porto Alegre Dados Abertos - dataset catalogue	latam_data	opendata	pt	bra,opendata,data	43200	CKAN package_search: dataset titles, publishing organisation, licence, resource URLs and last-modified dates.
lat-br-dados-sc	https://dados.sc.gov.br/api/3/action/package_search?rows=100	json:result.results	100	Santa Catarina Dados Abertos - dataset catalogue	ブラジル：オープンデータ - Santa Catarina Dados Abertos - dataset catalogue	latam_data	opendata	pt	bra,opendata,data	43200	CKAN package_search: dataset titles, publishing organisation, licence, resource URLs and last-modified dates.
lat-br-data-rio	https://www.data.rio/api/feed/dcat-us/1.1.json	json:dataset	2020	Prefeitura do Rio de Janeiro - open data catalogue (DCAT)	ブラジル：オープンデータ - Prefeitura do Rio de Janeiro - open data catalogue (DCAT)	latam_data	opendata	pt	bra,opendata,data	43200	DCAT-US feed of the Rio de Janeiro ArcGIS Hub: dataset titles, publishers, themes and distribution URLs.
lat-br-intercept	https://www.intercept.com.br/feed/	rss	40	The Intercept Brasil - investigations	ブラジル：ニュース - The Intercept Brasil - investigations	latam_news	news	pt	bra,news,news	3600	Publisher-own news feed from The Intercept Brasil; article headlines, timestamps, links and summaries.
lat-br-metropoles	https://www.metropoles.com/feed	rss	20	Metropoles - Brasilia and national news	ブラジル：ニュース - Metropoles - Brasilia and national news	latam_news	news	pt	bra,news,news	3600	Publisher-own news feed from Metropoles; article headlines, timestamps, links and summaries.
lat-br-tse-ckan	https://dadosabertos.tse.jus.br/api/3/action/package_search?rows=100	json:result.results	100	Tribunal Superior Eleitoral Dados Abertos - electoral dataset catalogue	ブラジル：オープンデータ - Tribunal Superior Eleitoral Dados Abertos - electoral dataset catalogue	latam_data	opendata	pt	bra,opendata,data	43200	CKAN package_search: dataset titles, publishing organisation, licence, resource URLs and last-modified dates.
lat-br-uol	https://rss.uol.com.br/feed/noticias.xml	rss	15	UOL - breaking news	ブラジル：ニュース - UOL - breaking news	latam_news	news	pt	bra,news,news	3600	Publisher-own news feed from UOL; article headlines, timestamps, links and summaries.
lat-brasilapi-banks	https://brasilapi.com.br/api/banks/v1	json-array	481	BrasilAPI - Brazilian bank register	ブラジル：経済 - BrasilAPI - Brazilian bank register	latam_data	economy	pt	bra,economy,data	86400	Every bank and payment institution with COMPE code, ISPB, full name and short name.
lat-brasilapi-cambio	https://brasilapi.com.br/api/cambio/v1/moedas	json-array	10	BrasilAPI - quoted currencies	ブラジル：経済 - BrasilAPI - quoted currencies	latam_data	economy	pt	bra,economy,data	21600	Currency list available from the Brazilian central bank exchange-rate service.
lat-brasilapi-corretoras	https://brasilapi.com.br/api/cvm/corretoras/v1	json-array	375	BrasilAPI - CVM registered brokerages	ブラジル：経済 - BrasilAPI - CVM registered brokerages	latam_data	economy	pt	bra,economy,data	86400	CVM-registered securities brokerages with CNPJ, trade name, address and registration status.
lat-brasilapi-ddd	https://brasilapi.com.br/api/ddd/v1/11	json:cities	64	BrasilAPI - DDD 11 city coverage	ブラジル：基礎データ - BrasilAPI - DDD 11 city coverage	latam_data	reference	pt	bra,reference,data	86400	Cities covered by Brazilian area code 11, used to geolocate phone numbers.
lat-brasilapi-ncm	https://brasilapi.com.br/api/ncm/v1	json-array	15042	BrasilAPI - NCM customs tariff codes	ブラジル：基礎データ - BrasilAPI - NCM customs tariff codes	latam_data	reference	pt	bra,reference,data	86400	Full Mercosur NCM tariff nomenclature with code, description and validity dates.
lat-brasilapi-pix	https://brasilapi.com.br/api/pix/v1/participants	json-array	895	BrasilAPI - Pix participant directory	ブラジル：経済 - BrasilAPI - Pix participant directory	latam_data	economy	pt	bra,economy,data	86400	Institutions participating in Brazil's Pix instant-payment scheme with ISPB, name and start date.
lat-brasilapi-taxas	https://brasilapi.com.br/api/taxas/v1	json-array	3	BrasilAPI - Brazilian reference rates	ブラジル：経済 - BrasilAPI - Brazilian reference rates	latam_data	economy	pt	bra,economy,data	21600	Current SELIC, CDI and IPCA reference rates as published by BCB and IBGE.
lat-bz-reporter	https://www.reporter.bz/feed/	rss	10	The Reporter Belize - news	ベリーズ：ニュース - The Reporter Belize - news	latam_news	news	en	blz,news,news	3600	Publisher-own news feed from The Reporter Belize; article headlines, timestamps, links and summaries.
lat-camara-blocos-json	https://dadosabertos.camara.leg.br/api/v2/blocos?itens=100&formato=json	json:dados	4	Camara dos Deputados - parliamentary blocs	ブラジル：司法 - Camara dos Deputados - parliamentary blocs	latam_gov	legal	pt	bra,legal,gov	86400	Formal party blocs in the current legislature and their member parties.
lat-camara-eventos-json	https://dadosabertos.camara.leg.br/api/v2/eventos?itens=100&formato=json	json:dados	50	Camara dos Deputados - scheduled events	ブラジル：司法 - Camara dos Deputados - scheduled events	latam_gov	legal	pt	bra,legal,gov	3600	Committee sittings, hearings and plenary events with date, body and agenda link.
lat-camara-frentes-json	https://dadosabertos.camara.leg.br/api/v2/frentes?itens=100&formato=json	json:dados	100	Camara dos Deputados - parliamentary fronts	ブラジル：司法 - Camara dos Deputados - parliamentary fronts	latam_gov	legal	pt	bra,legal,gov	86400	Cross-party parliamentary fronts (lobby caucuses) with title and coordinator.
lat-camara-orgaos-json	https://dadosabertos.camara.leg.br/api/v2/orgaos?itens=100&formato=json	json:dados	100	Camara dos Deputados - bodies and committees	ブラジル：司法 - Camara dos Deputados - bodies and committees	latam_gov	legal	pt	bra,legal,gov	86400	Committees, commissions and other Chamber bodies with type, name and activity dates.
lat-camara-partidos-json	https://dadosabertos.camara.leg.br/api/v2/partidos?itens=100&formato=json	json:dados	22	Camara dos Deputados - parties	ブラジル：司法 - Camara dos Deputados - parties	latam_gov	legal	pt	bra,legal,gov	86400	Parties with representation in the Chamber, with acronym, name and leadership links.
lat-camara-props-json	https://dadosabertos.camara.leg.br/api/v2/proposicoes?itens=100&ordem=DESC&ordenarPor=id&formato=json	json:dados	100	Camara dos Deputados - bills and motions	ブラジル：司法 - Camara dos Deputados - bills and motions	latam_gov	legal	pt	bra,legal,gov	3600	Newest legislative propositions in Brazil's lower house with type, number, year, author link and subject.
lat-camara-votacoes-json	https://dadosabertos.camara.leg.br/api/v2/votacoes?itens=100&ordem=DESC&ordenarPor=dataHoraRegistro&formato=json	json:dados	100	Camara dos Deputados - recorded votes	ブラジル：司法 - Camara dos Deputados - recorded votes	latam_gov	legal	pt	bra,legal,gov	3600	Most recent recorded votes with body, date, subject and approval outcome.
lat-cemaden-rss	http://www2.cemaden.gov.br/feed/	rss	10	CEMADEN - natural disaster monitoring bulletin	ブラジル：防災 - CEMADEN - natural disaster monitoring bulletin	latam_hazard	hazard	pt	bra,hazard,hazard	1800	Brazil's national disaster monitoring and early warning centre publishing situation notes and alerts.
lat-ckan-aneel	https://dadosabertos.aneel.gov.br/api/3/action/package_search?rows=100	json:result.results	71	ANEEL Dados Abertos - dataset catalogue	ブラジル：オープンデータ - ANEEL Dados Abertos - dataset catalogue	latam_data	opendata	pt	bra,opendata,data	43200	CKAN package_search: dataset titles, publishing organisation, licence, resource URLs and last-modified dates.
lat-ckan-datos-ar	https://datos.gob.ar/api/3/action/package_search?rows=100	json:result.results	100	Datos Argentina - national dataset catalogue	アルゼンチン：オープンデータ - Datos Argentina - national dataset catalogue	latam_data	opendata	es	arg,opendata,data	43200	CKAN package_search: dataset titles, publishing organisation, licence, resource URLs and last-modified dates.
lat-ckan-datos-cl	https://datos.gob.cl/api/3/action/package_search?rows=100	json:result.results	100	Datos.gob.cl - national dataset catalogue	チリ：オープンデータ - Datos.gob.cl - national dataset catalogue	latam_data	opendata	es	chl,opendata,data	43200	CKAN package_search: dataset titles, publishing organisation, licence, resource URLs and last-modified dates.
lat-ckan-datos-do	https://datos.gob.do/api/3/action/package_search?rows=100	json:result.results	100	Datos Abiertos Republica Dominicana - national dataset catalogue	ドミニカ共和国：オープンデータ - Datos Abiertos Republica Dominicana - national dataset catalogue	latam_data	opendata	es	dom,opendata,data	43200	CKAN package_search: dataset titles, publishing organisation, licence, resource URLs and last-modified dates.
lat-ckan-datos-pa	https://www.datosabiertos.gob.pa/api/3/action/package_search?rows=100	json:result.results	100	Datos Abiertos Panama - national dataset catalogue	パナマ：オープンデータ - Datos Abiertos Panama - national dataset catalogue	latam_data	opendata	es	pan,opendata,data	43200	CKAN package_search: dataset titles, publishing organisation, licence, resource URLs and last-modified dates.
lat-ckan-datos-uy	https://catalogodatos.gub.uy/api/3/action/package_search?rows=100	json:result.results	100	Catalogo de Datos Abiertos de Uruguay - national dataset catalogue	ウルグアイ：オープンデータ - Catalogo de Datos Abiertos de Uruguay - national dataset catalogue	latam_data	opendata	es	ury,opendata,data	43200	CKAN package_search: dataset titles, publishing organisation, licence, resource URLs and last-modified dates.
lat-ckan-fortaleza	https://dados.fortaleza.ce.gov.br/api/3/action/package_search?rows=100	json:result.results	100	Prefeitura de Fortaleza Dados Abertos - dataset catalogue	ブラジル：オープンデータ - Prefeitura de Fortaleza Dados Abertos - dataset catalogue	latam_data	opendata	pt	bra,opendata,data	43200	CKAN package_search: dataset titles, publishing organisation, licence, resource URLs and last-modified dates.
lat-ckan-hcdn-ar	https://datos.hcdn.gob.ar/api/3/action/package_search?rows=100	json:result.results	29	Camara de Diputados de Argentina Datos Abiertos - dataset catalogue	アルゼンチン：オープンデータ - Camara de Diputados de Argentina Datos Abiertos - dataset catalogue	latam_data	opendata	es	arg,opendata,data	43200	CKAN package_search: dataset titles, publishing organisation, licence, resource URLs and last-modified dates.
lat-ckan-ibama	https://dadosabertos.ibama.gov.br/api/3/action/package_search?rows=100	json:result.results	76	IBAMA Dados Abertos - dataset catalogue	ブラジル：オープンデータ - IBAMA Dados Abertos - dataset catalogue	latam_data	opendata	pt	bra,opendata,data	43200	CKAN package_search: dataset titles, publishing organisation, licence, resource URLs and last-modified dates.
lat-ckan-mg-br	https://dados.mg.gov.br/api/3/action/package_search?rows=100	json:result.results	94	Minas Gerais Dados Abertos - dataset catalogue	ブラジル：オープンデータ - Minas Gerais Dados Abertos - dataset catalogue	latam_data	opendata	pt	bra,opendata,data	43200	CKAN package_search: dataset titles, publishing organisation, licence, resource URLs and last-modified dates.
lat-ckan-mma-cl	https://datosretc.mma.gob.cl/api/3/action/package_search?rows=100	json:result.results	17	Chile RETC (Ministerio del Medio Ambiente) - pollutant-register datasets	チリ：オープンデータ - Chile RETC (Ministerio del Medio Ambiente) - pollutant-register datasets	latam_data	opendata	es	chl,opendata,data	43200	CKAN package_search: dataset titles, publishing organisation, licence, resource URLs and last-modified dates.
lat-ckan-recife	http://dados.recife.pe.gov.br/api/3/action/package_search?rows=100	json:result.results	100	Prefeitura do Recife Dados Abertos - dataset catalogue	ブラジル：オープンデータ - Prefeitura do Recife Dados Abertos - dataset catalogue	latam_data	opendata	pt	bra,opendata,data	43200	CKAN package_search: dataset titles, publishing organisation, licence, resource URLs and last-modified dates.
lat-ckan-rs-br	https://dados.rs.gov.br/api/3/action/package_search?rows=100	json:result.results	100	Rio Grande do Sul Dados Abertos - dataset catalogue	ブラジル：オープンデータ - Rio Grande do Sul Dados Abertos - dataset catalogue	latam_data	opendata	pt	bra,opendata,data	43200	CKAN package_search: dataset titles, publishing organisation, licence, resource URLs and last-modified dates.
lat-ckan-sp-br	https://dados.prefeitura.sp.gov.br/api/3/action/package_search?rows=100	json:result.results	100	Prefeitura de Sao Paulo Dados Abertos - dataset catalogue	ブラジル：オープンデータ - Prefeitura de Sao Paulo Dados Abertos - dataset catalogue	latam_data	opendata	pt	bra,opendata,data	43200	CKAN package_search: dataset titles, publishing organisation, licence, resource URLs and last-modified dates.
lat-cl-ciperchile	https://www.ciperchile.cl/feed/	rss	16	CIPER Chile - investigative journalism	チリ：ニュース - CIPER Chile - investigative journalism	latam_news	news	es	chl,news,news	3600	Publisher-own news feed from CIPER Chile; article headlines, timestamps, links and summaries.
lat-cl-ckan-agua	https://datos.gob.cl/api/3/action/package_search?q=agua&rows=100	json:result.results	55	Datos.gob.cl - water datasets	チリ：オープンデータ - Datos.gob.cl - water datasets	latam_data	opendata	es	chl,opendata,data	43200	CKAN package_search filtered to 'agua': matching dataset titles, organisations and resource download URLs.
lat-cl-ckan-ambiente	https://datos.gob.cl/api/3/action/package_search?q=medio+ambiente&rows=100	json:result.results	100	Datos.gob.cl - environment datasets	チリ：オープンデータ - Datos.gob.cl - environment datasets	latam_data	opendata	es	chl,opendata,data	43200	CKAN package_search filtered to 'medio ambiente': matching dataset titles, organisations and resource download URLs.
lat-cl-ckan-educacion	https://datos.gob.cl/api/3/action/package_search?q=educacion&rows=100	json:result.results	100	Datos.gob.cl - education datasets	チリ：オープンデータ - Datos.gob.cl - education datasets	latam_data	opendata	es	chl,opendata,data	43200	CKAN package_search filtered to 'educacion': matching dataset titles, organisations and resource download URLs.
lat-cl-ckan-energia	https://datos.gob.cl/api/3/action/package_search?q=energia&rows=100	json:result.results	32	Datos.gob.cl - energy datasets	チリ：オープンデータ - Datos.gob.cl - energy datasets	latam_data	opendata	es	chl,opendata,data	43200	CKAN package_search filtered to 'energia': matching dataset titles, organisations and resource download URLs.
lat-cl-ckan-mineria	https://datos.gob.cl/api/3/action/package_search?q=mineria&rows=100	json:result.results	77	Datos.gob.cl - mining datasets	チリ：オープンデータ - Datos.gob.cl - mining datasets	latam_data	opendata	es	chl,opendata,data	43200	CKAN package_search filtered to 'mineria': matching dataset titles, organisations and resource download URLs.
lat-cl-ckan-orgs2	https://datos.gob.cl/api/3/action/package_search?q=covid&rows=100	json:result.results	100	Datos.gob.cl - COVID datasets	チリ：オープンデータ - Datos.gob.cl - COVID datasets	latam_data	opendata	es	chl,opendata,data	43200	CKAN package_search filtered to 'covid': matching dataset titles, organisations and resource download URLs.
lat-cl-ckan-recent	https://datos.gob.cl/api/3/action/current_package_list_with_resources?limit=100	json:result	100	Datos.gob.cl - recently updated datasets	チリ：オープンデータ - Datos.gob.cl - recently updated datasets	latam_data	opendata	es	chl,opendata,data	21600	CKAN current_package_list_with_resources: most recently modified datasets with their full resource list and download URLs.
lat-cl-ckan-salud	https://datos.gob.cl/api/3/action/package_search?q=salud&rows=100	json:result.results	100	Datos.gob.cl - health datasets	チリ：オープンデータ - Datos.gob.cl - health datasets	latam_data	opendata	es	chl,opendata,data	43200	CKAN package_search filtered to 'salud': matching dataset titles, organisations and resource download URLs.
lat-cl-ckan-seguridad	https://datos.gob.cl/api/3/action/package_search?q=seguridad&rows=100	json:result.results	100	Datos.gob.cl - public-security datasets	チリ：オープンデータ - Datos.gob.cl - public-security datasets	latam_data	opendata	es	chl,opendata,data	43200	CKAN package_search filtered to 'seguridad': matching dataset titles, organisations and resource download URLs.
lat-cl-ckan-sismo	https://datos.gob.cl/api/3/action/package_search?q=emergencia&rows=100	json:result.results	55	Datos.gob.cl - emergency datasets	チリ：オープンデータ - Datos.gob.cl - emergency datasets	latam_data	opendata	es	chl,opendata,data	43200	CKAN package_search filtered to 'emergencia': matching dataset titles, organisations and resource download URLs.
lat-cl-ckan-transporte	https://datos.gob.cl/api/3/action/package_search?q=transporte&rows=100	json:result.results	100	Datos.gob.cl - transport datasets	チリ：オープンデータ - Datos.gob.cl - transport datasets	latam_data	opendata	es	chl,opendata,data	43200	CKAN package_search filtered to 'transporte': matching dataset titles, organisations and resource download URLs.
lat-cl-ckan-vivienda	https://datos.gob.cl/api/3/action/package_search?q=vivienda&rows=100	json:result.results	35	Datos.gob.cl - housing datasets	チリ：オープンデータ - Datos.gob.cl - housing datasets	latam_data	opendata	es	chl,opendata,data	43200	CKAN package_search filtered to 'vivienda': matching dataset titles, organisations and resource download URLs.
lat-cl-gael-clima	https://api.gael.cloud/general/public/clima	json-array	23	Chile - current weather by station	チリ：防災 - Chile - current weather by station	latam_hazard	hazard	es	chl,hazard,hazard	1800	Current observed conditions at Chilean weather stations: temperature, humidity, wind and pressure.
lat-cl-gael-monedas	https://api.gael.cloud/general/public/monedas	json-array	61	Chile - currency and index quotations	チリ：経済 - Chile - currency and index quotations	latam_data	economy	es	chl,economy,data	21600	Daily quotations for currencies and Chilean reference units published by the central bank.
lat-cl-interferencia	https://interferencia.cl/rss.xml	rss	10	Interferencia - Chilean investigative journalism	チリ：ニュース - Interferencia - Chilean investigative journalism	latam_news	news	es	chl,news,news	3600	Publisher-own news feed from Interferencia; article headlines, timestamps, links and summaries.
lat-cl-mindicador-dolar	https://mindicador.cl/api/dolar	json:serie	31	Chile - USD observed exchange rate series	チリ：経済 - Chile - USD observed exchange rate series	latam_data	economy	es	chl,economy,data	21600	Daily observed CLP/USD rate series for the current year.
lat-cl-mindicador-ipc	https://mindicador.cl/api/ipc	json:serie	31	Chile - consumer price index series	チリ：経済 - Chile - consumer price index series	latam_data	economy	es	chl,economy,data	86400	Monthly Chilean CPI variation series.
lat-cl-mindicador-uf	https://mindicador.cl/api/uf	json:serie	31	Chile - Unidad de Fomento series	チリ：経済 - Chile - Unidad de Fomento series	latam_data	economy	es	chl,economy,data	21600	Daily Unidad de Fomento (inflation-indexed unit) values, the basis for most Chilean contracts.
lat-cl-xor-sismo	https://api.xor.cl/sismo/recent	json:events	27	Chile - recent earthquakes (sismologia mirror)	チリ：防災 - Chile - recent earthquakes (sismologia mirror)	latam_hazard	hazard	es	chl,hazard,hazard	900	Recent Chilean earthquakes with origin time, magnitude, depth and epicentre coordinates.
lat-cnc3-tt	https://www.cnc3.co.tt/feed/	rss	10	CNC3 - Trinidad and Tobago news	トリニダード・トバゴ：ニュース - CNC3 - Trinidad and Tobago news	latam_news	news	en	tto,news,news	3600	Publisher-own news feed from CNC3; article headlines, timestamps, links and summaries.
lat-co-banrep-feed	https://www.banrep.gov.co/es/rss.xml	rss	10	Banco de la Republica de Colombia - news feed	コロンビア：経済 - Banco de la Republica de Colombia - news feed	latam_gov	economy	es	col,economy,gov	21600	Alternate RSS channel for Colombian central bank publications and rate decisions.
lat-co-beneficio-animal	https://www.datos.gov.co/resource/g5gy-3pge.json?$limit=500&$order=:id	json-array	500	Datos Abiertos Colombia - Registered animal slaughter plants	コロンビア：保健 - Datos Abiertos Colombia - Registered animal slaughter plants	latam_data	health	es	col,health,data	86400	Authorised slaughterhouses with location, species handled and authorisation status.
lat-co-cartera	https://www.datos.gov.co/resource/rvii-eis8.json?$limit=500&$order=:id	json-array	500	Datos Abiertos Colombia - Loan portfolio by product	コロンビア：経済 - Datos Abiertos Colombia - Loan portfolio by product	latam_data	economy	es	col,economy,data	86400	Aggregate outstanding loan portfolio split by product line across supervised lenders.
lat-co-cobertura-movil	https://www.datos.gov.co/resource/9mey-c8s8.json?$limit=500&$order=:id	json-array	500	Datos Abiertos Colombia - Mobile coverage by technology and municipality	コロンビア：政府 - Datos Abiertos Colombia - Mobile coverage by technology and municipality	latam_data	gov	es	col,gov,data	86400	Operator-reported 2G/3G/4G/5G coverage per municipality, useful for connectivity gap analysis.
lat-co-cod-postal	https://www.datos.gov.co/resource/ixig-z8b5.json?$limit=500&$order=:id	json-array	500	Datos Abiertos Colombia - National postal codes	コロンビア：基礎データ - Datos Abiertos Colombia - National postal codes	latam_data	reference	es	col,reference,data	86400	Colombian postal code table mapped to municipalities and urban zones.
lat-co-covid	https://www.datos.gov.co/resource/gt2j-8ykr.json?$limit=500&$order=:id	json-array	500	Datos Abiertos Colombia - COVID-19 confirmed cases	コロンビア：保健 - Datos Abiertos Colombia - COVID-19 confirmed cases	latam_data	health	es	col,health,data	86400	Case-level national COVID-19 register with date, municipality, age, sex and outcome.
lat-co-cuadrantes-policia	https://www.datos.gov.co/resource/jwvi-unqh.json?$limit=500&$order=:id	json-array	500	Datos Abiertos Colombia - National Police quadrant directory	コロンビア：治安 - Datos Abiertos Colombia - National Police quadrant directory	latam_data	security	es	col,security,data	86400	Police quadrant boundaries and contact points for metropolitan and departmental commands.
lat-co-datos-cat	https://api.us.socrata.com/api/catalog/v1?domains=www.datos.gov.co&limit=100&offset=100	json:results	100	Datos Abiertos Colombia - Socrata catalogue (page 2)	コロンビア：オープンデータ - Datos Abiertos Colombia - Socrata catalogue (page 2)	latam_data	opendata	es	col,opendata,data	43200	Second page of the Socrata discovery catalogue for datos.gov.co, extending dataset discovery beyond the first 100.
lat-co-datos-cat2	https://www.datos.gov.co/api/views.json?limit=100&page=2	json-array	100	Datos Abiertos Colombia - dataset view metadata (page 2)	コロンビア：オープンデータ - Datos Abiertos Colombia - dataset view metadata (page 2)	latam_data	opendata	es	col,opendata,data	86400	Second page of Socrata view metadata for datos.gov.co.
lat-co-detenidos-ext	https://www.datos.gov.co/resource/e97j-vuf7.json?$limit=500&$order=:id	json-array	500	Datos Abiertos Colombia - Colombians detained abroad	コロンビア：治安 - Datos Abiertos Colombia - Colombians detained abroad	latam_data	security	es	col,security,data	86400	Consular register of Colombian nationals detained overseas, by country and cause category.
lat-co-dispositivos-med	https://www.datos.gov.co/resource/y4qt-w6tk.json?$limit=500&$order=:id	json-array	500	Datos Abiertos Colombia - Sanitary registrations of medical devices	コロンビア：保健 - Datos Abiertos Colombia - Sanitary registrations of medical devices	latam_data	health	es	col,health,data	86400	INVIMA sanitary registrations for medical devices and other health technologies.
lat-co-divipola	https://www.datos.gov.co/resource/gdxc-w37w.json?$limit=500&$order=:id	json-array	500	Datos Abiertos Colombia - DIVIPOLA municipality codes	コロンビア：基礎データ - Datos Abiertos Colombia - DIVIPOLA municipality codes	latam_data	reference	es	col,reference,data	86400	Official Colombian department and municipality codes, the join key for most national datasets.
lat-co-empresas-grandes	https://www.datos.gov.co/resource/6cat-2gcs.json?$limit=500&$order=:id	json-array	500	Datos Abiertos Colombia - 10,000 largest companies in Colombia	コロンビア：経済 - Datos Abiertos Colombia - 10,000 largest companies in Colombia	latam_data	economy	es	col,economy,data	86400	Supersociedades ranking of the largest Colombian companies with revenue, assets and sector.
lat-co-eva-agro	https://www.datos.gov.co/resource/2pnw-mmge.json?$limit=500&$order=:id	json-array	500	Datos Abiertos Colombia - Municipal agricultural evaluations (EVA)	コロンビア：環境 - Datos Abiertos Colombia - Municipal agricultural evaluations (EVA)	latam_data	environment	es	col,environment,data	86400	Crop area, production and yield per municipality and crop from the national agricultural survey.
lat-co-extranjeros	https://www.datos.gov.co/resource/96sh-4v8d.json?$limit=500&$order=:id	json-array	500	Datos Abiertos Colombia - Foreign national entries to Colombia	コロンビア：治安 - Datos Abiertos Colombia - Foreign national entries to Colombia	latam_data	security	es	col,security,data	86400	Migracion Colombia entry records aggregated by nationality, port of entry and period.
lat-co-fic	https://www.datos.gov.co/resource/qhpu-8ixx.json?$limit=500&$order=:id	json-array	500	Datos Abiertos Colombia - Collective investment fund returns	コロンビア：経済 - Datos Abiertos Colombia - Collective investment fund returns	latam_data	economy	es	col,economy,data	86400	Reported returns for Colombian collective investment funds (FIC) by fund and period.
lat-co-ideam-estaciones	https://www.datos.gov.co/resource/hp9r-jxuu.json?$limit=500&$order=:id	json-array	500	Datos Abiertos Colombia - IDEAM national weather station catalogue	コロンビア：環境 - Datos Abiertos Colombia - IDEAM national weather station catalogue	latam_data	environment	es	col,environment,data	86400	IDEAM's national hydro-meteorological station register with coordinates, altitude, status and operator.
lat-co-ideam-precip	https://www.datos.gov.co/resource/s54a-sgyg.json?$limit=500&$order=:id	json-array	500	Datos Abiertos Colombia - IDEAM precipitation observations	コロンビア：防災 - Datos Abiertos Colombia - IDEAM precipitation observations	latam_hazard	hazard	es	col,hazard,hazard	86400	Station-level rainfall observations from the IDEAM network, with station id, date and measured value.
lat-co-ideam-presion	https://www.datos.gov.co/resource/62tk-nxj5.json?$limit=500&$order=:id	json-array	500	Datos Abiertos Colombia - IDEAM atmospheric pressure observations	コロンビア：防災 - Datos Abiertos Colombia - IDEAM atmospheric pressure observations	latam_hazard	hazard	es	col,hazard,hazard	86400	Station-level barometric pressure readings from the IDEAM network.
lat-co-ideam-temp	https://www.datos.gov.co/resource/sbwg-7ju4.json?$limit=500&$order=:id	json-array	500	Datos Abiertos Colombia - IDEAM air temperature observations	コロンビア：防災 - Datos Abiertos Colombia - IDEAM air temperature observations	latam_hazard	hazard	es	col,hazard,hazard	86400	Station-level ambient air temperature readings from the IDEAM network.
lat-co-inspeccion-sanitaria	https://www.datos.gov.co/resource/qu3n-jbd7.json?$limit=500&$order=:id	json-array	500	Datos Abiertos Colombia - Sanitary inspection certificates	コロンビア：保健 - Datos Abiertos Colombia - Sanitary inspection certificates	latam_data	health	es	col,health,data	86400	Import/export sanitary inspection certificates issued by INVIMA.
lat-co-ips-nivel	https://www.datos.gov.co/resource/ugc5-acjp.json?$limit=500&$order=:id	json-array	500	Datos Abiertos Colombia - Health institutions by complexity level	コロンビア：保健 - Datos Abiertos Colombia - Health institutions by complexity level	latam_data	health	es	col,health,data	86400	Colombian IPS health institutions classified by care-complexity level and territory.
lat-co-labs-ambientales	https://www.datos.gov.co/resource/2waz-acaa.json?$limit=500&$order=:id	json-array	500	Datos Abiertos Colombia - Accredited environmental laboratories	コロンビア：環境 - Datos Abiertos Colombia - Accredited environmental laboratories	latam_data	environment	es	col,environment,data	86400	IDEAM-accredited environmental testing laboratories with accreditation scope and validity.
lat-co-medicamentos	https://www.datos.gov.co/resource/i7cb-raxc.json?$limit=500&$order=:id	json-array	500	Datos Abiertos Colombia - Unique code of authorised medicines	コロンビア：保健 - Datos Abiertos Colombia - Unique code of authorised medicines	latam_data	health	es	col,health,data	86400	INVIMA's register of medicines with a currently valid unique medicine code (CUM).
lat-co-pdet	https://www.datos.gov.co/resource/idrk-ba8y.json?$limit=500&$order=:id	json-array	170	Datos Abiertos Colombia - PDET priority municipalities	コロンビア：データ - Datos Abiertos Colombia - PDET priority municipalities	latam_data	conflict	es	col,conflict,data	86400	The 170 municipalities designated for post-conflict development programmes.
lat-co-pep	https://www.datos.gov.co/resource/3qxn-uc22.json?$limit=500&$order=:id	json-array	500	Datos Abiertos Colombia - Politically exposed persons (PEP) register	コロンビア：治安 - Datos Abiertos Colombia - Politically exposed persons (PEP) register	latam_data	security	es	col,security,data	86400	Colombian officials classified as politically exposed persons, with post and entity.
lat-co-precio-max-medic	https://www.datos.gov.co/resource/nauz-qkjw.json?$limit=500&$order=:id	json-array	500	Datos Abiertos Colombia - Regulated maximum medicine prices	コロンビア：保健 - Datos Abiertos Colombia - Regulated maximum medicine prices	latam_data	health	es	col,health,data	86400	Maximum sale price per commercial presentation set by the medicine price regulator.
lat-co-precios-medic	https://www.datos.gov.co/resource/n4dj-8r7k.json?$limit=500&$order=:id	json-array	500	Datos Abiertos Colombia - Clicsalud medicine price thermometer	コロンビア：保健 - Datos Abiertos Colombia - Clicsalud medicine price thermometer	latam_data	health	es	col,health,data	86400	Reported transaction prices for medicines across Colombian purchasers, used to spot price outliers.
lat-co-procuraduria	https://www.datos.gov.co/resource/actn-47cb.json?$limit=500&$order=:id	json-array	500	Datos Abiertos Colombia - Procuraduria General staff directory	コロンビア：政府 - Datos Abiertos Colombia - Procuraduria General staff directory	latam_data	gov	es	col,gov,data	86400	Named officials of Colombia's Inspector General office with post and duty station.
lat-co-reps	https://www.datos.gov.co/resource/c36g-9fc2.json?$limit=500&$order=:id	json-array	500	Datos Abiertos Colombia - Special register of health providers and sites (REPS)	コロンビア：保健 - Datos Abiertos Colombia - Special register of health providers and sites (REPS)	latam_data	health	es	col,health,data	86400	Every registered Colombian health provider and service location with services enabled and status.
lat-co-runt-actores	https://www.datos.gov.co/resource/epfm-5fhb.json?$limit=500&$order=:id	json-array	500	Datos Abiertos Colombia - RUNT transport actors by municipality	コロンビア：交通 - Datos Abiertos Colombia - RUNT transport actors by municipality	latam_data	transport	es	col,transport,data	86400	Registered transport-system actors (drivers, operators, centres) per municipality and department.
lat-co-rups	https://www.datos.gov.co/resource/4qkq-csdn.json?$limit=500&$order=:id	json-array	500	Datos Abiertos Colombia - Register of public-utility providers (RUPS)	コロンビア：政府 - Datos Abiertos Colombia - Register of public-utility providers (RUPS)	latam_data	gov	es	col,gov,data	86400	Companies registered as providers of water, energy, gas or waste services, with service and area.
lat-co-secop-integrado	https://www.datos.gov.co/resource/rpmr-utcd.json?$limit=500&$order=:id	json-array	500	Datos Abiertos Colombia - SECOP integrated procurement register	コロンビア：経済 - Datos Abiertos Colombia - SECOP integrated procurement register	latam_data	economy	es	col,economy,data	86400	Consolidated view across SECOP I, SECOP II and the Tienda Virtual, one row per procurement operation.
lat-co-secop1-multas	https://www.datos.gov.co/resource/4n4q-k399.json?$limit=500&$order=:id	json-array	500	Datos Abiertos Colombia - SECOP I fines and sanctions	コロンビア：司法 - Datos Abiertos Colombia - SECOP I fines and sanctions	latam_data	legal	es	col,legal,data	86400	Fines, penalties and sanctions imposed on contractors under SECOP I, with entity and cause.
lat-co-secop1-procesos	https://www.datos.gov.co/resource/f789-7hwg.json?$limit=500&$order=:id	json-array	500	Datos Abiertos Colombia - SECOP I procurement processes	コロンビア：経済 - Datos Abiertos Colombia - SECOP I procurement processes	latam_data	economy	es	col,economy,data	86400	Legacy SECOP I tender records, still the only source for older Colombian contracting.
lat-co-secop2-contratos	https://www.datos.gov.co/resource/jbjy-vk9h.json?$limit=500&$order=:id	json-array	500	Datos Abiertos Colombia - SECOP II electronic contracts	コロンビア：経済 - Datos Abiertos Colombia - SECOP II electronic contracts	latam_data	economy	es	col,economy,data	86400	Every contract awarded through Colombia's SECOP II e-procurement platform: buying entity, supplier, value, dates and contract object.
lat-co-secop2-procesos	https://www.datos.gov.co/resource/p6dx-8zbt.json?$limit=500&$order=:id	json-array	500	Datos Abiertos Colombia - SECOP II procurement processes	コロンビア：経済 - Datos Abiertos Colombia - SECOP II procurement processes	latam_data	economy	es	col,economy,data	86400	Open and closed SECOP II tender processes with entity, estimated value, modality and status.
lat-co-secop2-proveedores	https://www.datos.gov.co/resource/qmzu-gj57.json?$limit=500&$order=:id	json-array	500	Datos Abiertos Colombia - SECOP II registered suppliers	コロンビア：経済 - Datos Abiertos Colombia - SECOP II registered suppliers	latam_data	economy	es	col,economy,data	86400	Suppliers registered on SECOP II with tax id, legal form, size and registration state.
lat-co-simit	https://www.datos.gov.co/resource/72nf-y4v3.json?$limit=500&$order=:id	json-array	500	Datos Abiertos Colombia - SIMIT traffic fines register	コロンビア：交通 - Datos Abiertos Colombia - SIMIT traffic fines register	latam_data	transport	es	col,transport,data	86400	Traffic fines recorded in the national SIMIT system by infraction code and territory.
lat-co-siri	https://www.datos.gov.co/resource/iaeu-rcn6.json?$limit=500&$order=:id	json-array	500	Datos Abiertos Colombia - SIRI disciplinary records	コロンビア：司法 - Datos Abiertos Colombia - SIRI disciplinary records	latam_data	legal	es	col,legal,data	86400	Disciplinary sanctions and disqualifications recorded in the Procuraduria's SIRI system.
lat-co-superfin-vigiladas	https://www.datos.gov.co/resource/sr9n-792w.json?$limit=500&$order=:id	json-array	454	Datos Abiertos Colombia - Entities supervised by the Superintendencia Financiera	コロンビア：経済 - Datos Abiertos Colombia - Entities supervised by the Superintendencia Financiera	latam_data	economy	es	col,economy,data	86400	Directory of banks, insurers, funds and other entities under Colombian financial supervision.
lat-co-tarifas-gas	https://www.datos.gov.co/resource/ek3f-5wn4.json?$limit=500&$order=:id	json-array	500	Datos Abiertos Colombia - Applied natural gas tariffs	コロンビア：経済 - Datos Abiertos Colombia - Applied natural gas tariffs	latam_data	economy	es	col,economy,data	86400	Natural gas tariffs actually applied by distributor, market and user class.
lat-co-tarjetas	https://www.datos.gov.co/resource/h2jg-r3zg.json?$limit=500&$order=:id	json-array	500	Datos Abiertos Colombia - Credit and debit card statistics	コロンビア：経済 - Datos Abiertos Colombia - Credit and debit card statistics	latam_data	economy	es	col,economy,data	86400	Card issuance and transaction volumes reported by Colombian financial institutions.
lat-co-tasas-activas	https://www.datos.gov.co/resource/w9zh-vetq.json?$limit=500&$order=:id	json-array	500	Datos Abiertos Colombia - Lending interest rates by credit type	コロンビア：経済 - Datos Abiertos Colombia - Lending interest rates by credit type	latam_data	economy	es	col,economy,data	86400	Historical lending rates reported by supervised institutions, broken down by credit product.
lat-co-tasas-captacion	https://www.datos.gov.co/resource/axk9-g2nh.json?$limit=500&$order=:id	json-array	500	Datos Abiertos Colombia - Deposit and money-market rates	コロンビア：経済 - Datos Abiertos Colombia - Deposit and money-market rates	latam_data	economy	es	col,economy,data	86400	Deposit-taking rates and money-market operation rates reported to the financial supervisor.
lat-co-tienda-virtual	https://www.datos.gov.co/resource/rgxm-mmea.json?$limit=500&$order=:id	json-array	500	Datos Abiertos Colombia - Tienda Virtual del Estado Colombiano orders	コロンビア：経済 - Datos Abiertos Colombia - Tienda Virtual del Estado Colombiano orders	latam_data	economy	es	col,economy,data	86400	Framework-agreement purchase orders placed through the state virtual store.
lat-co-trafico-portuario	https://www.datos.gov.co/resource/5r3g-zv5z.json?$limit=500&$order=:id	json-array	500	Datos Abiertos Colombia - Maritime port traffic	コロンビア：交通 - Datos Abiertos Colombia - Maritime port traffic	latam_data	transport	es	col,transport,data	86400	Cargo and vessel movements through Colombian ports by port, cargo type and period.
lat-co-tratados	https://www.datos.gov.co/resource/fdir-hk5z.json?$limit=500&$order=:id	json-array	500	Datos Abiertos Colombia - International treaties of Colombia	コロンビア：政府 - Datos Abiertos Colombia - International treaties of Colombia	latam_data	gov	es	col,gov,data	86400	Treaty register with counterpart, subject, signature and entry-into-force dates.
lat-co-trm	https://www.datos.gov.co/resource/32sa-8pi3.json?$limit=500&$order=:id	json-array	500	Datos Abiertos Colombia - Representative market exchange rate (TRM)	コロンビア：経済 - Datos Abiertos Colombia - Representative market exchange rate (TRM)	latam_data	economy	es	col,economy,data	86400	Daily COP/USD representative market rate as certified by the Superintendencia Financiera.
lat-co-turismo-rnt	https://www.datos.gov.co/resource/thwd-ivmp.json?$limit=500&$order=:id	json-array	500	Datos Abiertos Colombia - National tourism register (RNT)	コロンビア：経済 - Datos Abiertos Colombia - National tourism register (RNT)	latam_data	economy	es	col,economy,data	86400	Registered tourism operators, hotels and agencies with category, municipality and status.
lat-co-vacunas	https://www.datos.gov.co/resource/ctct-gh6w.json?$limit=500&$order=:id	json-array	47	Datos Abiertos Colombia - Vaccines with valid sanitary registration	コロンビア：保健 - Datos Abiertos Colombia - Vaccines with valid sanitary registration	latam_data	health	es	col,health,data	86400	Vaccines currently holding a valid Colombian sanitary registration, with holder and expiry.
lat-co-vehiculos-recuperados	https://www.datos.gov.co/resource/dhy3-732k.json?$limit=500&$order=:id	json-array	500	Datos Abiertos Colombia - Vehicles recovered by the National Police	コロンビア：治安 - Datos Abiertos Colombia - Vehicles recovered by the National Police	latam_data	security	es	col,security,data	86400	Recovered stolen vehicles with plate, make, place and date of recovery.
lat-co-verdadabierta	https://verdadabierta.com/feed/	rss	15	VerdadAbierta - Colombian conflict reporting	コロンビア：ニュース - VerdadAbierta - Colombian conflict reporting	latam_news	news	es	col,news,news	3600	Publisher-own news feed from VerdadAbierta; article headlines, timestamps, links and summaries.
lat-co-zonas-militares	https://www.datos.gov.co/resource/ii2p-naes.json?$limit=500&$order=:id	json-array	72	Datos Abiertos Colombia - Army zones and military districts	コロンビア：データ - Datos Abiertos Colombia - Army zones and military districts	latam_data	conflict	es	col,conflict,data	86400	Colombian Army zone and military district boundaries with headquarters designation.
lat-cr-delfino	https://delfino.cr/feed	rss	21	Delfino.cr - Costa Rican news	コスタリカ：ニュース - Delfino.cr - Costa Rican news	latam_news	news	es	cri,news,news	3600	Publisher-own news feed from Delfino.cr; article headlines, timestamps, links and summaries.
lat-cr-elobservador	https://observador.cr/feed/	rss	12	El Observador CR - Costa Rican news	コスタリカ：ニュース - El Observador CR - Costa Rican news	latam_news	news	es	cri,news,news	3600	Publisher-own news feed from El Observador CR; article headlines, timestamps, links and summaries.
lat-cr-semanario	https://semanariouniversidad.com/feed/	rss	10	Semanario Universidad - Costa Rican investigative weekly	コスタリカ：ニュース - Semanario Universidad - Costa Rican investigative weekly	latam_news	news	es	cri,news,news	3600	Publisher-own news feed from Semanario Universidad; article headlines, timestamps, links and summaries.
lat-cu-14ymedio	https://www.14ymedio.com/rss/	rss	126	14ymedio - Cuban independent news	キューバ：ニュース - 14ymedio - Cuban independent news	latam_news	news	es	cub,news,news	3600	Publisher-own news feed from 14ymedio; article headlines, timestamps, links and summaries.
lat-cu-diariodecuba	https://diariodecuba.com/rss.xml	rss	10	Diario de Cuba - Cuban independent news	キューバ：ニュース - Diario de Cuba - Cuban independent news	latam_news	news	es	cub,news,news	3600	Publisher-own news feed from Diario de Cuba; article headlines, timestamps, links and summaries.
lat-cu-periodismobarrio	https://periodismodebarrio.org/feed/	rss	10	Periodismo de Barrio - Cuban community and disaster reporting	キューバ：ニュース - Periodismo de Barrio - Cuban community and disaster reporting	latam_news	news	es	cub,news,news	3600	Publisher-own news feed from Periodismo de Barrio; article headlines, timestamps, links and summaries.
lat-datos-ar-series	https://apis.datos.gob.ar/series/api/search?limit=100	json:data	100	Datos Argentina - time series search	アルゼンチン：経済 - Datos Argentina - time series search	latam_data	economy	es	arg,economy,data	21600	Searchable index of Argentine official time series with id, title, publisher, frequency and units.
lat-diariolibre-do	https://www.diariolibre.com/rss/portada.xml	rss	66	Diario Libre - Dominican news	ドミニカ共和国：ニュース - Diario Libre - Dominican news	latam_news	news	es	dom,news,news	3600	Publisher-own news feed from Diario Libre; article headlines, timestamps, links and summaries.
lat-do-ckan-economia	https://datos.gob.do/api/3/action/package_search?q=economia&rows=100	json:result.results	100	Datos Abiertos Republica Dominicana - economy datasets	ドミニカ共和国：オープンデータ - Datos Abiertos Republica Dominicana - economy datasets	latam_data	opendata	es	dom,opendata,data	43200	CKAN package_search filtered to 'economia': matching dataset titles, organisations and resource download URLs.
lat-do-ckan-educacion	https://datos.gob.do/api/3/action/package_search?q=educacion&rows=100	json:result.results	100	Datos Abiertos Republica Dominicana - education datasets	ドミニカ共和国：オープンデータ - Datos Abiertos Republica Dominicana - education datasets	latam_data	opendata	es	dom,opendata,data	43200	CKAN package_search filtered to 'educacion': matching dataset titles, organisations and resource download URLs.
lat-do-ckan-recent	https://datos.gob.do/api/3/action/current_package_list_with_resources?limit=100	json:result	100	Datos Abiertos Republica Dominicana - recently updated datasets	ドミニカ共和国：オープンデータ - Datos Abiertos Republica Dominicana - recently updated datasets	latam_data	opendata	es	dom,opendata,data	21600	CKAN current_package_list_with_resources: most recently modified datasets with their full resource list and download URLs.
lat-do-ckan-salud	https://datos.gob.do/api/3/action/package_search?q=salud&rows=100	json:result.results	100	Datos Abiertos Republica Dominicana - health datasets	ドミニカ共和国：オープンデータ - Datos Abiertos Republica Dominicana - health datasets	latam_data	opendata	es	dom,opendata,data	43200	CKAN package_search filtered to 'salud': matching dataset titles, organisations and resource download URLs.
lat-do-ckan-seguridad	https://datos.gob.do/api/3/action/package_search?q=seguridad&rows=100	json:result.results	100	Datos Abiertos Republica Dominicana - public-security datasets	ドミニカ共和国：オープンデータ - Datos Abiertos Republica Dominicana - public-security datasets	latam_data	opendata	es	dom,opendata,data	43200	CKAN package_search filtered to 'seguridad': matching dataset titles, organisations and resource download URLs.
lat-do-elnuevodiario	https://elnuevodiario.com.do/feed/	rss	10	El Nuevo Diario RD - Dominican news	ドミニカ共和国：ニュース - El Nuevo Diario RD - Dominican news	latam_news	news	es	dom,news,news	3600	Publisher-own news feed from El Nuevo Diario RD; article headlines, timestamps, links and summaries.
lat-ec-eluniverso	https://www.eluniverso.com/arc/outboundfeeds/rss/?outputType=xml	rss	100	El Universo - Ecuadorian news	エクアドル：ニュース - El Universo - Ecuadorian news	latam_news	news	es	ecu,news,news	3600	Publisher-own news feed from El Universo; article headlines, timestamps, links and summaries.
lat-ec-expreso	https://www.expreso.ec/rss.xml	rss	84	Expreso - Ecuadorian news	エクアドル：ニュース - Expreso - Ecuadorian news	latam_news	news	es	ecu,news,news	3600	Publisher-own news feed from Expreso; article headlines, timestamps, links and summaries.
lat-ec-inec	https://www.ecuadorencifras.gob.ec/feed/	rss	10	INEC Ecuador - statistics institute news	エクアドル：基礎データ - INEC Ecuador - statistics institute news	latam_gov	reference	es	ecu,reference,gov	21600	Ecuador's national statistics institute announcing survey results and methodology changes.
lat-ec-larepublica	https://www.larepublica.ec/feed/	rss	10	La Republica Ecuador - news	エクアドル：ニュース - La Republica Ecuador - news	latam_news	news	es	ecu,news,news	3600	Publisher-own news feed from La Republica Ecuador; article headlines, timestamps, links and summaries.
lat-efectococuyo-ve	https://efectococuyo.com/feed/	rss	10	Efecto Cocuyo - Venezuelan independent news	ベネズエラ：ニュース - Efecto Cocuyo - Venezuelan independent news	latam_news	news	es	ven,news,news	3600	Publisher-own news feed from Efecto Cocuyo; article headlines, timestamps, links and summaries.
lat-elcomercio-ec	https://www.elcomercio.com/feed/	rss	20	El Comercio Ecuador - news	エクアドル：ニュース - El Comercio Ecuador - news	latam_news	news	es	ecu,news,news	3600	Publisher-own news feed from El Comercio Ecuador; article headlines, timestamps, links and summaries.
lat-elsalvador-com	https://www.elsalvador.com/feed/	rss	16	El Salvador.com - Salvadoran news	エルサルバドル：ニュース - El Salvador.com - Salvadoran news	latam_news	news	es	slv,news,news	3600	Publisher-own news feed from El Salvador.com; article headlines, timestamps, links and summaries.
lat-eltiempo-rss	https://www.eltiempo.com/rss/colombia.xml	rss	10	El Tiempo - Colombia section	コロンビア：ニュース - El Tiempo - Colombia section	latam_news	news	es	col,news,news	3600	Publisher-own news feed from El Tiempo; article headlines, timestamps, links and summaries.
lat-es-ckan-recent	https://dados.es.gov.br/api/3/action/current_package_list_with_resources?limit=100	json:result	100	Espirito Santo Dados Abertos - recently updated datasets	ブラジル：オープンデータ - Espirito Santo Dados Abertos - recently updated datasets	latam_data	opendata	pt	bra,opendata,data	21600	CKAN current_package_list_with_resources: most recently modified datasets with their full resource list and download URLs.
lat-folha-rss	https://feeds.folha.uol.com.br/mundo/rss091.xml	rss	100	Folha de S.Paulo - world section	ブラジル：ニュース - Folha de S.Paulo - world section	latam_news	news	pt	bra,news,news	3600	Publisher-own news feed from Folha de S.Paulo; article headlines, timestamps, links and summaries.
lat-fortaleza-ckan-recent	https://dados.fortaleza.ce.gov.br/api/3/action/current_package_list_with_resources?limit=100	json:result	100	Prefeitura de Fortaleza Dados Abertos - recently updated datasets	ブラジル：オープンデータ - Prefeitura de Fortaleza Dados Abertos - recently updated datasets	latam_data	opendata	pt	bra,opendata,data	21600	CKAN current_package_list_with_resources: most recently modified datasets with their full resource list and download URLs.
lat-fortaleza-ckan-search	https://dados.fortaleza.ce.gov.br/api/3/action/package_search?q=mobilidade&rows=100	json:result.results	13	Prefeitura de Fortaleza Dados Abertos - urban-mobility datasets	ブラジル：オープンデータ - Prefeitura de Fortaleza Dados Abertos - urban-mobility datasets	latam_data	opendata	pt	bra,opendata,data	43200	CKAN package_search filtered to 'mobilidade': matching dataset titles, organisations and resource download URLs.
lat-g1-brasil	https://g1.globo.com/rss/g1/brasil/	rss	100	G1 - Brazil national news	ブラジル：ニュース - G1 - Brazil national news	latam_news	news	pt	bra,news,news	3600	Publisher-own news feed from G1; article headlines, timestamps, links and summaries.
lat-g1-mundo	https://g1.globo.com/rss/g1/mundo/	rss	100	G1 - world news	ブラジル：ニュース - G1 - world news	latam_news	news	pt	bra,news,news	3600	Publisher-own news feed from G1; article headlines, timestamps, links and summaries.
lat-gaz-boletin-cl	https://www.diariooficial.interior.gob.cl/rss/	rss	10	Diario Oficial de Chile - publication feed	チリ：官報 - Diario Oficial de Chile - publication feed	latam_gov	gazette	es	chl,gazette,gov	21600	Chile's official gazette announcing laws, decrees and regulatory acts as they are published.
lat-gaz-dca-gt	https://dca.gob.gt/feed/	rss	10	Diario de Centro America - Guatemala official gazette	グアテマラ：官報 - Diario de Centro America - Guatemala official gazette	latam_gov	gazette	es	gtm,gazette,gov	21600	Guatemala's official gazette carrying decrees, ministerial accords and legal notices.
lat-gaz-impo-uy2	https://www.impo.com.uy/rss/	rss	10	IMPO Uruguay - official gazette feed	ウルグアイ：官報 - IMPO Uruguay - official gazette feed	latam_gov	gazette	es	ury,gazette,gov	21600	Uruguay's official publications body announcing new laws, decrees and resolutions.
lat-geo-arcgis-sgc	https://srvags.sgc.gov.co/arcgis/rest/services?f=json	json:folders	53	Servicio Geologico Colombiano - ArcGIS service directory	コロンビア：地理空間 - Servicio Geologico Colombiano - ArcGIS service directory	latam_hazard	geo	es	col,geo,hazard	86400	Directory of SGC ArcGIS map and feature services covering Colombian seismicity, volcanoes and geohazards.
lat-geo-arcgis-snirh	https://www.snirh.gov.br/arcgis/rest/services?f=json	json:folders	26	ANA Brazil - SNIRH ArcGIS service directory	ブラジル：地理空間 - ANA Brazil - SNIRH ArcGIS service directory	latam_hazard	geo	pt	bra,geo,hazard	86400	Directory of Brazilian National Water Agency ArcGIS services for hydrology, reservoirs and drought.
lat-geo-hub-rio2	https://www.data.rio/api/search/v1/collections/dataset/items?limit=100	geojson	100	Prefeitura do Rio de Janeiro - dataset items (OGC)	ブラジル：地理空間 - Prefeitura do Rio de Janeiro - dataset items (OGC)	latam_data	geo	pt	bra,geo,data	43200	OGC API Features listing of Rio de Janeiro's open geospatial datasets with metadata records.
lat-go-ckan-recent	https://dadosabertos.go.gov.br/api/3/action/current_package_list_with_resources?limit=100	json:result	100	Goias Dados Abertos - recently updated datasets	ブラジル：オープンデータ - Goias Dados Abertos - recently updated datasets	latam_data	opendata	pt	bra,opendata,data	21600	CKAN current_package_list_with_resources: most recently modified datasets with their full resource list and download URLs.
lat-govbr-defesa	https://www.gov.br/defesa/pt-br/centrais-de-conteudo/noticias/RSS	rss	100	Ministerio da Defesa - press releases	ブラジル：政府 - Ministerio da Defesa - press releases	latam_gov	gov	pt	bra,gov,gov	3600	Brazilian Ministry of Defence announcements on operations, deployments and procurement.
lat-govbr-receita	https://www.gov.br/receitafederal/pt-br/assuntos/noticias/RSS	rss	10	Receita Federal - tax authority announcements	ブラジル：経済 - Receita Federal - tax authority announcements	latam_gov	economy	pt	bra,economy,gov	3600	Brazilian federal tax and customs authority notices on rules, operations and seizures.
lat-gt-lahora	https://lahora.gt/feed/	rss	10	La Hora - Guatemalan news	グアテマラ：ニュース - La Hora - Guatemalan news	latam_news	news	es	gtm,news,news	3600	Publisher-own news feed from La Hora; article headlines, timestamps, links and summaries.
lat-gt-republica	https://republica.gt/feed	rss	25	Republica GT - Guatemalan news	グアテマラ：ニュース - Republica GT - Guatemalan news	latam_news	news	es	gtm,news,news	3600	Publisher-own news feed from Republica GT; article headlines, timestamps, links and summaries.
lat-guyana-chronicle	https://guyanachronicle.com/feed/	rss	10	Guyana Chronicle - state daily	ガイアナ：ニュース - Guyana Chronicle - state daily	latam_news	news	en	guy,news,news	3600	Publisher-own news feed from Guyana Chronicle; article headlines, timestamps, links and summaries.
lat-gy-dpi-feed	https://dpi.gov.gy/feed/	rss	12	Department of Public Information Guyana - news feed	ガイアナ：政府 - Department of Public Information Guyana - news feed	latam_gov	gov	en	guy,gov,gov	3600	RSS feed of Guyanese government press releases.
lat-gy-inews	https://www.inewsguyana.com/feed/	rss	10	iNews Guyana - news	ガイアナ：ニュース - iNews Guyana - news	latam_news	news	en	guy,news,news	3600	Publisher-own news feed from iNews Guyana; article headlines, timestamps, links and summaries.
lat-hcdn-recent	https://datos.hcdn.gob.ar/api/3/action/current_package_list_with_resources?limit=100	json:result	29	Camara de Diputados de Argentina Datos Abiertos - recently updated datasets	アルゼンチン：オープンデータ - Camara de Diputados de Argentina Datos Abiertos - recently updated datasets	latam_data	opendata	es	arg,opendata,data	21600	CKAN current_package_list_with_resources: most recently modified datasets with their full resource list and download URLs.
lat-hn-contracorriente	https://contracorriente.red/feed/	rss	15	Contracorriente - Honduran investigative journalism	ホンジュラス：ニュース - Contracorriente - Honduran investigative journalism	latam_news	news	es	hnd,news,news	3600	Publisher-own news feed from Contracorriente; article headlines, timestamps, links and summaries.
lat-hn-elpais	https://www.elpais.hn/feed/	rss	10	El Pais Honduras - news	ホンジュラス：ニュース - El Pais Honduras - news	latam_news	news	es	hnd,news,news	3600	Publisher-own news feed from El Pais Honduras; article headlines, timestamps, links and summaries.
lat-hn-hondudiario	https://hondudiario.com/feed/	rss	10	HonduDiario - Honduran news	ホンジュラス：ニュース - HonduDiario - Honduran news	latam_news	news	es	hnd,news,news	3600	Publisher-own news feed from HonduDiario; article headlines, timestamps, links and summaries.
lat-hn-proceso	https://proceso.hn/feed/	rss	100	Proceso Digital - Honduran news	ホンジュラス：ニュース - Proceso Digital - Honduran news	latam_news	news	es	hnd,news,news	3600	Publisher-own news feed from Proceso Digital; article headlines, timestamps, links and summaries.
lat-ht-alterpresse	https://www.alterpresse.org/spip.php?page=backend	rss	21	AlterPresse - Haitian independent news	ハイチ：ニュース - AlterPresse - Haitian independent news	latam_news	news	fr	hti,news,news	3600	Publisher-own news feed from AlterPresse; article headlines, timestamps, links and summaries.
lat-ht-gazette	https://gazettehaiti.com/rss.xml	rss	10	Gazette Haiti - Haitian news	ハイチ：ニュース - Gazette Haiti - Haitian news	latam_news	news	fr	hti,news,news	3600	Publisher-own news feed from Gazette Haiti; article headlines, timestamps, links and summaries.
lat-ht-juno7	https://juno7.ht/feed/	rss	10	Juno7 - Haitian news	ハイチ：ニュース - Juno7 - Haitian news	latam_news	news	fr	hti,news,news	3600	Publisher-own news feed from Juno7; article headlines, timestamps, links and summaries.
lat-ibama-recent	https://dadosabertos.ibama.gov.br/api/3/action/current_package_list_with_resources?limit=100	json:result	76	IBAMA Dados Abertos - recently updated datasets	ブラジル：オープンデータ - IBAMA Dados Abertos - recently updated datasets	latam_data	opendata	pt	bra,opendata,data	21600	CKAN current_package_list_with_resources: most recently modified datasets with their full resource list and download URLs.
lat-ibge-agregados	https://servicodados.ibge.gov.br/api/v3/agregados	json-array	70	IBGE - SIDRA aggregate table index	ブラジル：基礎データ - IBGE - SIDRA aggregate table index	latam_data	reference	pt	bra,reference,data	86400	Index of IBGE SIDRA statistical aggregates with table ids and survey linkage, the entry point for Brazilian official statistics.
lat-ibge-calendario	https://servicodados.ibge.gov.br/api/v3/calendario/?qtd=100	json:items	100	IBGE - statistical release calendar	ブラジル：基礎データ - IBGE - statistical release calendar	latam_data	reference	pt	bra,reference,data	21600	Forthcoming and just-published IBGE statistical releases with product, date and description.
lat-ibge-cnae	https://servicodados.ibge.gov.br/api/v2/cnae/classes	json-array	673	IBGE - CNAE economic activity classes	ブラジル：基礎データ - IBGE - CNAE economic activity classes	latam_data	reference	pt	bra,reference,data	86400	Full CNAE class list, the activity code used on every Brazilian company registration.
lat-ibge-cnae-divisoes	https://servicodados.ibge.gov.br/api/v2/cnae/divisoes	json-array	87	IBGE - CNAE divisions	ブラジル：基礎データ - IBGE - CNAE divisions	latam_data	reference	pt	bra,reference,data	86400	CNAE division level of the Brazilian economic activity classification.
lat-ibge-cnae-grupos	https://servicodados.ibge.gov.br/api/v2/cnae/grupos	json-array	285	IBGE - CNAE groups	ブラジル：基礎データ - IBGE - CNAE groups	latam_data	reference	pt	bra,reference,data	86400	CNAE group level of the Brazilian economic activity classification.
lat-ibge-cnae-secoes	https://servicodados.ibge.gov.br/api/v2/cnae/secoes	json-array	21	IBGE - CNAE sections	ブラジル：基礎データ - IBGE - CNAE sections	latam_data	reference	pt	bra,reference,data	86400	Top-level CNAE sections for classifying Brazilian economic activity.
lat-ibge-distritos	https://servicodados.ibge.gov.br/api/v1/localidades/distritos	json-array	10751	IBGE - districts	ブラジル：基礎データ - IBGE - districts	latam_data	reference	pt	bra,reference,data	86400	Every Brazilian district with code and parent municipality, the finest official administrative unit.
lat-ibge-imediatas	https://servicodados.ibge.gov.br/api/v1/localidades/regioes-imediatas	json-array	510	IBGE - immediate geographic regions	ブラジル：基礎データ - IBGE - immediate geographic regions	latam_data	reference	pt	bra,reference,data	86400	Immediate geographic regions, IBGE's current functional regionalisation of Brazil.
lat-ibge-intermediarias	https://servicodados.ibge.gov.br/api/v1/localidades/regioes-intermediarias	json-array	133	IBGE - intermediate geographic regions	ブラジル：基礎データ - IBGE - intermediate geographic regions	latam_data	reference	pt	bra,reference,data	86400	Intermediate geographic regions used by IBGE for regional statistics.
lat-ibge-meso	https://servicodados.ibge.gov.br/api/v1/localidades/mesorregioes	json-array	137	IBGE - mesoregions	ブラジル：基礎データ - IBGE - mesoregions	latam_data	reference	pt	bra,reference,data	86400	All Brazilian mesoregions with codes and parent state, used to aggregate municipal statistics.
lat-ibge-metadados	https://servicodados.ibge.gov.br/api/v3/agregados/1419/metadados	json:variaveis	4	IBGE - IPCA aggregate metadata	ブラジル：経済 - IBGE - IPCA aggregate metadata	latam_data	economy	pt	bra,economy,data	86400	Variable and classification metadata for the IPCA consumer price aggregate, needed to read the series correctly.
lat-ibge-micro	https://servicodados.ibge.gov.br/api/v1/localidades/microrregioes	json-array	558	IBGE - microregions	ブラジル：基礎データ - IBGE - microregions	latam_data	reference	pt	bra,reference,data	86400	All Brazilian microregions with codes and parent mesoregion.
lat-ibge-noticias	https://servicodados.ibge.gov.br/api/v3/noticias/?qtd=100	json:items	30	IBGE - news and release notes	ブラジル：基礎データ - IBGE - news and release notes	latam_news	reference	pt	bra,reference,news	3600	IBGE newsroom items announcing statistical results, methodology changes and census updates.
lat-ibge-paises	https://servicodados.ibge.gov.br/api/v1/paises	json-array	193	IBGE - country reference table	ブラジル：基礎データ - IBGE - country reference table	latam_data	reference	pt	bra,reference,data	86400	IBGE country register with ISO codes, names in Portuguese and regional groupings.
lat-ibge-pesquisas	https://servicodados.ibge.gov.br/api/v1/pesquisas	json-array	94	IBGE - survey register	ブラジル：基礎データ - IBGE - survey register	latam_data	reference	pt	bra,reference,data	86400	Register of IBGE surveys and their periodicity, linking survey ids to published indicators.
lat-ibge-regioes	https://servicodados.ibge.gov.br/api/v1/localidades/regioes	json-array	5	IBGE - macro regions	ブラジル：基礎データ - IBGE - macro regions	latam_data	reference	pt	bra,reference,data	86400	Brazil's five macro-regions with IBGE codes, the top level of the territorial hierarchy.
lat-ibge-ufs	https://servicodados.ibge.gov.br/api/v1/localidades/estados	json-array	27	IBGE - federative units	ブラジル：基礎データ - IBGE - federative units	latam_data	reference	pt	bra,reference,data	86400	The 27 Brazilian states and federal district with IBGE codes and region membership.
lat-insivumeh-gt	https://insivumeh.gob.gt/feed/	rss	10	INSIVUMEH Guatemala - volcano and weather bulletins	グアテマラ：防災 - INSIVUMEH Guatemala - volcano and weather bulletins	latam_hazard	hazard	es	gtm,hazard,hazard	1800	Guatemala's volcanology, meteorology and hydrology institute: volcanic activity and weather bulletins.
lat-jm-jis-feed	https://jis.gov.jm/feed/	rss	10	Jamaica Information Service - government news	ジャマイカ：政府 - Jamaica Information Service - government news	latam_gov	gov	en	jam,gov,gov	3600	Official Jamaican government news service covering policy, disasters and public safety.
lat-jornada-rss	https://www.jornada.com.mx/rss/edicion.xml	rss	94	La Jornada - front page	メキシコ：ニュース - La Jornada - front page	latam_news	news	es	mex,news,news	3600	Publisher-own news feed from La Jornada; article headlines, timestamps, links and summaries.
lat-kaieteur-gy	https://www.kaieteurnewsonline.com/feed/	rss	25	Kaieteur News - Guyanese news	ガイアナ：ニュース - Kaieteur News - Guyanese news	latam_news	news	en	guy,news,news	3600	Publisher-own news feed from Kaieteur News; article headlines, timestamps, links and summaries.
lat-lasillavacia	https://www.lasillavacia.com/feed/	rss	10	La Silla Vacia - Colombian political analysis	コロンビア：ニュース - La Silla Vacia - Colombian political analysis	latam_news	news	es	col,news,news	3600	Publisher-own news feed from La Silla Vacia; article headlines, timestamps, links and summaries.
lat-latercera2	https://www.latercera.com/arc/outboundfeeds/rss/?outputType=xml	rss	100	La Tercera - Chilean news	チリ：ニュース - La Tercera - Chilean news	latam_news	news	es	chl,news,news	3600	Publisher-own news feed from La Tercera; article headlines, timestamps, links and summaries.
lat-lenouvelliste-ht	https://lenouvelliste.com/rss	rss	27	Le Nouvelliste - Haitian daily	ハイチ：ニュース - Le Nouvelliste - Haitian daily	latam_news	news	fr	hti,news,news	3600	Publisher-own news feed from Le Nouvelliste; article headlines, timestamps, links and summaries.
lat-mercosur-rss	https://www.mercosur.int/feed/	rss	10	MERCOSUR - institutional announcements	ラテンアメリカ・カリブ：政府 - MERCOSUR - institutional announcements	latam_gov	gov	es	lac,gov,gov	21600	MERCOSUR secretariat communiques on summits, tariff decisions and bloc agreements.
lat-mg-ckan-recent	https://dados.mg.gov.br/api/3/action/current_package_list_with_resources?limit=100	json:result	94	Minas Gerais Dados Abertos - recently updated datasets	ブラジル：オープンデータ - Minas Gerais Dados Abertos - recently updated datasets	latam_data	opendata	pt	bra,opendata,data	21600	CKAN current_package_list_with_resources: most recently modified datasets with their full resource list and download URLs.
lat-mg-ckan-search	https://dados.mg.gov.br/api/3/action/package_search?q=saude&rows=100	json:result.results	46	Minas Gerais Dados Abertos - health datasets	ブラジル：オープンデータ - Minas Gerais Dados Abertos - health datasets	latam_data	opendata	pt	bra,opendata,data	43200	CKAN package_search filtered to 'saude': matching dataset titles, organisations and resource download URLs.
lat-montevideo-uy	https://www.montevideo.com.uy/anxml.aspx?58	rss	52	Montevideo Portal - Uruguayan news	ウルグアイ：ニュース - Montevideo Portal - Uruguayan news	latam_news	news	es	ury,news,news	3600	Publisher-own news feed from Montevideo Portal; article headlines, timestamps, links and summaries.
lat-mx-elfinanciero	https://www.elfinanciero.com.mx/arc/outboundfeeds/rss/?outputType=xml	rss	100	El Financiero - Mexican business news	メキシコ：ニュース - El Financiero - Mexican business news	latam_news	news	es	mex,news,news	3600	Publisher-own news feed from El Financiero; article headlines, timestamps, links and summaries.
lat-mx-expansion	https://expansion.mx/rss	rss	45	Expansion - Mexican business news	メキシコ：ニュース - Expansion - Mexican business news	latam_news	news	es	mex,news,news	3600	Publisher-own news feed from Expansion; article headlines, timestamps, links and summaries.
lat-mx-jornada-estados	https://www.jornada.com.mx/rss/estados.xml	rss	9	La Jornada - states section	メキシコ：ニュース - La Jornada - states section	latam_news	news	es	mex,news,news	3600	Publisher-own news feed from La Jornada; article headlines, timestamps, links and summaries.
lat-mx-jornada-mundo	https://www.jornada.com.mx/rss/mundo.xml	rss	13	La Jornada - world section	メキシコ：ニュース - La Jornada - world section	latam_news	news	es	mex,news,news	3600	Publisher-own news feed from La Jornada; article headlines, timestamps, links and summaries.
lat-mx-jornada-politica	https://www.jornada.com.mx/rss/politica.xml	rss	30	La Jornada - politics section	メキシコ：ニュース - La Jornada - politics section	latam_news	news	es	mex,news,news	3600	Publisher-own news feed from La Jornada; article headlines, timestamps, links and summaries.
lat-mx-mexiconews	https://mexiconewsdaily.com/feed/	rss	10	Mexico News Daily - English-language Mexico coverage	メキシコ：ニュース - Mexico News Daily - English-language Mexico coverage	latam_news	news	en	mex,news,news	3600	Publisher-own news feed from Mexico News Daily; article headlines, timestamps, links and summaries.
lat-mx-quinto	https://www.quintoelab.org/feed	rss	3	Quinto Elemento Lab - Mexican investigative journalism	メキシコ：ニュース - Quinto Elemento Lab - Mexican investigative journalism	latam_news	news	es	mex,news,news	3600	Publisher-own news feed from Quinto Elemento Lab; article headlines, timestamps, links and summaries.
lat-mx-wscatgeo-estados	https://gaia.inegi.org.mx/wscatgeo/mgee/	json:datos	32	INEGI - state boundaries and codes	メキシコ：基礎データ - INEGI - state boundaries and codes	latam_data	reference	es	mex,reference,data	86400	INEGI catalogue of Mexican states with official codes, names and geographic extent.
lat-mx-wscatgeo-mun	https://gaia.inegi.org.mx/wscatgeo/mgem/09	json:datos	16	INEGI - municipalities of Mexico City	メキシコ：基礎データ - INEGI - municipalities of Mexico City	latam_data	reference	es	mex,reference,data	86400	INEGI municipality (alcaldia) catalogue for Mexico City with codes and extents.
lat-mx-wscatgeo-mun2	https://gaia.inegi.org.mx/wscatgeo/mgem/14	json:datos	125	INEGI - municipalities of Guerrero	メキシコ：基礎データ - INEGI - municipalities of Guerrero	latam_data	reference	es	mex,reference,data	86400	INEGI municipality catalogue for Guerrero state with codes and geographic extents.
lat-mx-wscatgeo-mun3	https://gaia.inegi.org.mx/wscatgeo/mgem/15	json:datos	125	INEGI - municipalities of Mexico State	メキシコ：基礎データ - INEGI - municipalities of Mexico State	latam_data	reference	es	mex,reference,data	86400	INEGI municipality catalogue for Estado de Mexico with codes and geographic extents.
lat-mx-wscatgeo-mun4	https://gaia.inegi.org.mx/wscatgeo/mgem/19	json:datos	51	INEGI - municipalities of Nuevo Leon	メキシコ：基礎データ - INEGI - municipalities of Nuevo Leon	latam_data	reference	es	mex,reference,data	86400	INEGI municipality catalogue for Nuevo Leon with codes and geographic extents.
lat-mx-wscatgeo-mun5	https://gaia.inegi.org.mx/wscatgeo/mgem/30	json:datos	212	INEGI - municipalities of Veracruz	メキシコ：基礎データ - INEGI - municipalities of Veracruz	latam_data	reference	es	mex,reference,data	86400	INEGI municipality catalogue for Veracruz with codes and geographic extents.
lat-mx-zetatijuana	https://zetatijuana.com/feed/	rss	10	Zeta Tijuana - border and organised crime reporting	メキシコ：ニュース - Zeta Tijuana - border and organised crime reporting	latam_news	news	es	mex,news,news	3600	Publisher-own news feed from Zeta Tijuana; article headlines, timestamps, links and summaries.
lat-ni-bcn	https://www.bcn.gob.ni/rss.xml	rss	10	Banco Central de Nicaragua - announcements	ニカラグア：経済 - Banco Central de Nicaragua - announcements	latam_gov	economy	es	nic,economy,gov	21600	Nicaraguan central bank publications on monetary statistics, reserves and exchange policy.
lat-ni-canal10	https://www.canal10.com.ni/feed/	rss	20	Canal 10 Nicaragua - news	ニカラグア：ニュース - Canal 10 Nicaragua - news	latam_news	news	es	nic,news,news	3600	Publisher-own news feed from Canal 10 Nicaragua; article headlines, timestamps, links and summaries.
lat-ni-despacho505	https://www.despacho505.com/feed/	rss	10	Despacho 505 - Nicaraguan independent news	ニカラグア：ニュース - Despacho 505 - Nicaraguan independent news	latam_news	news	es	nic,news,news	3600	Publisher-own news feed from Despacho 505; article headlines, timestamps, links and summaries.
lat-ni-investiga	https://nicaraguainvestiga.com/feed/	rss	13	Nicaragua Investiga - independent news	ニカラグア：ニュース - Nicaragua Investiga - independent news	latam_news	news	es	nic,news,news	3600	Publisher-own news feed from Nicaragua Investiga; article headlines, timestamps, links and summaries.
lat-pa-canal	https://pancanal.com/feed/	rss	12	Panama Canal Authority - news feed	パナマ：交通 - Panama Canal Authority - news feed	latam_gov	transport	es	pan,transport,gov	3600	RSS feed of Panama Canal Authority announcements including advisories to shipping.
lat-pa-ckan-economia	https://www.datosabiertos.gob.pa/api/3/action/package_search?q=economia&rows=100	json:result.results	100	Datos Abiertos Panama - economy datasets	パナマ：オープンデータ - Datos Abiertos Panama - economy datasets	latam_data	opendata	es	pan,opendata,data	43200	CKAN package_search filtered to 'economia': matching dataset titles, organisations and resource download URLs.
lat-pa-ckan-recent	https://www.datosabiertos.gob.pa/api/3/action/current_package_list_with_resources?limit=100	json:result	100	Datos Abiertos Panama - recently updated datasets	パナマ：オープンデータ - Datos Abiertos Panama - recently updated datasets	latam_data	opendata	es	pan,opendata,data	21600	CKAN current_package_list_with_resources: most recently modified datasets with their full resource list and download URLs.
lat-pa-ckan-salud	https://www.datosabiertos.gob.pa/api/3/action/package_search?q=salud&rows=100	json:result.results	100	Datos Abiertos Panama - health datasets	パナマ：オープンデータ - Datos Abiertos Panama - health datasets	latam_data	opendata	es	pan,opendata,data	43200	CKAN package_search filtered to 'salud': matching dataset titles, organisations and resource download URLs.
lat-pa-ckan-seguridad	https://www.datosabiertos.gob.pa/api/3/action/package_search?q=seguridad&rows=100	json:result.results	75	Datos Abiertos Panama - public-security datasets	パナマ：オープンデータ - Datos Abiertos Panama - public-security datasets	latam_data	opendata	es	pan,opendata,data	43200	CKAN package_search filtered to 'seguridad': matching dataset titles, organisations and resource download URLs.
lat-pa-ckan-transporte	https://www.datosabiertos.gob.pa/api/3/action/package_search?q=transporte&rows=100	json:result.results	100	Datos Abiertos Panama - transport datasets	パナマ：オープンデータ - Datos Abiertos Panama - transport datasets	latam_data	opendata	es	pan,opendata,data	43200	CKAN package_search filtered to 'transporte': matching dataset titles, organisations and resource download URLs.
lat-pa-sinaproc-feed	https://www.sinaproc.gob.pa/feed/	rss	10	SINAPROC Panama - civil protection bulletin	パナマ：防災 - SINAPROC Panama - civil protection bulletin	latam_hazard	hazard	es	pan,hazard,hazard	1800	RSS bulletin from Panama's national civil protection system.
lat-pbh-ckan-recent	https://ckan.pbh.gov.br/api/3/action/current_package_list_with_resources?limit=100	json:result	100	Belo Horizonte Dados Abertos - recently updated datasets	ブラジル：オープンデータ - Belo Horizonte Dados Abertos - recently updated datasets	latam_data	opendata	pt	bra,opendata,data	21600	CKAN current_package_list_with_resources: most recently modified datasets with their full resource list and download URLs.
lat-pe-bcrp-ipc	https://estadisticas.bcrp.gob.pe/estadisticas/series/api/PN01270PM/json	json:periods	60	Banco Central de Reserva del Peru - consumer price index	ペルー：経済 - Banco Central de Reserva del Peru - consumer price index	latam_data	economy	es	per,economy,data	86400	Monthly Lima consumer price index series from the BCRP statistics API.
lat-pe-bcrp-pbi	https://estadisticas.bcrp.gob.pe/estadisticas/series/api/PN01770AM/json	json:periods	60	Banco Central de Reserva del Peru - GDP series	ペルー：経済 - Banco Central de Reserva del Peru - GDP series	latam_data	economy	es	per,economy,data	86400	Monthly Peruvian GDP series from the BCRP statistics API.
lat-pe-bcrp-reservas	https://estadisticas.bcrp.gob.pe/estadisticas/series/api/PN00026MM/json	json:periods	60	Banco Central de Reserva del Peru - international reserves	ペルー：経済 - Banco Central de Reserva del Peru - international reserves	latam_data	economy	es	per,economy,data	86400	Net international reserves held by the Peruvian central bank, monthly series.
lat-pe-bcrp-tc	https://estadisticas.bcrp.gob.pe/estadisticas/series/api/PD04640PD/json	json:periods	98	Banco Central de Reserva del Peru - exchange rate series	ペルー：経済 - Banco Central de Reserva del Peru - exchange rate series	latam_data	economy	es	per,economy,data	21600	Daily PEN/USD interbank exchange rate series from the BCRP statistics API.
lat-pe-elcomercio-politica	https://elcomercio.pe/arc/outboundfeeds/rss/category/politica/?outputType=xml	rss	26	El Comercio Peru - politics section	ペルー：ニュース - El Comercio Peru - politics section	latam_news	news	es	per,news,news	3600	Publisher-own news feed from El Comercio Peru; article headlines, timestamps, links and summaries.
lat-pe-gestion-economia	https://gestion.pe/arc/outboundfeeds/rss/category/economia/?outputType=xml	rss	57	Gestion - Peruvian economy section	ペルー：ニュース - Gestion - Peruvian economy section	latam_news	news	es	per,news,news	3600	Publisher-own news feed from Gestion; article headlines, timestamps, links and summaries.
lat-pe-idl	https://www.idl-reporteros.pe/feed/	rss	10	IDL-Reporteros - Peruvian investigative journalism	ペルー：ニュース - IDL-Reporteros - Peruvian investigative journalism	latam_news	news	es	per,news,news	3600	Publisher-own news feed from IDL-Reporteros; article headlines, timestamps, links and summaries.
lat-py-abc-politica	https://www.abc.com.py/arc/outboundfeeds/rss/category/politica/?outputType=xml	rss	25	ABC Color - Paraguayan politics section	パラグアイ：ニュース - ABC Color - Paraguayan politics section	latam_news	news	es	pry,news,news	3600	Publisher-own news feed from ABC Color; article headlines, timestamps, links and summaries.
lat-py-ip-paraguay	https://www.ip.gov.py/ip/feed/	rss	10	Informacion Publica Paraguay - government news	パラグアイ：政府 - Informacion Publica Paraguay - government news	latam_gov	gov	es	pry,gov,gov	3600	Paraguayan state news agency covering government decisions, security and infrastructure.
lat-recife-ckan-recent	http://dados.recife.pe.gov.br/api/3/action/current_package_list_with_resources?limit=100	json:result	100	Prefeitura do Recife Dados Abertos - recently updated datasets	ブラジル：オープンデータ - Prefeitura do Recife Dados Abertos - recently updated datasets	latam_data	opendata	pt	bra,opendata,data	21600	CKAN current_package_list_with_resources: most recently modified datasets with their full resource list and download URLs.
lat-reg-americas-quarterly	https://www.americasquarterly.org/feed/	rss	10	Americas Quarterly - regional policy analysis	ラテンアメリカ・カリブ：ニュース - Americas Quarterly - regional policy analysis	latam_news	news	en	lac,news,news	3600	Publisher-own news feed from Americas Quarterly; article headlines, timestamps, links and summaries.
lat-reg-dominica-news	https://dominicanewsonline.com/news/feed/	rss	10	Dominica News Online - news	ラテンアメリカ・カリブ：ニュース - Dominica News Online - news	latam_news	news	en	lac,news,news	3600	Publisher-own news feed from Dominica News Online; article headlines, timestamps, links and summaries.
lat-reg-elpais-america	https://feeds.elpais.com/mrss-s/pages/ep/site/elpais.com/section/america/portada	rss	95	El Pais America - regional coverage	ラテンアメリカ・カリブ：ニュース - El Pais America - regional coverage	latam_news	news	es	lac,news,news	3600	Publisher-own news feed from El Pais America; article headlines, timestamps, links and summaries.
lat-reg-grenada-now	https://www.nowgrenada.com/feed/	rss	10	NOW Grenada - news	ラテンアメリカ・カリブ：ニュース - NOW Grenada - news	latam_news	news	en	lac,news,news	3600	Publisher-own news feed from NOW Grenada; article headlines, timestamps, links and summaries.
lat-reg-idbinvest	https://idbinvest.org/en/rss.xml	rss	10	IDB Invest - private sector operations news	ラテンアメリカ・カリブ：経済 - IDB Invest - private sector operations news	latam_gov	economy	en	lac,economy,gov	21600	IDB Invest announcements of financing operations across Latin America and the Caribbean.
lat-reg-latinnews	https://www.latinamericanpost.com/feed	rss	20	Latin American Post - regional news	ラテンアメリカ・カリブ：ニュース - Latin American Post - regional news	latam_news	news	en	lac,news,news	3600	Publisher-own news feed from Latin American Post; article headlines, timestamps, links and summaries.
lat-reg-paho-es	https://www.paho.org/es/rss.xml	rss	10	PAHO/OPS - regional health news (Spanish)	ラテンアメリカ・カリブ：保健 - PAHO/OPS - regional health news (Spanish)	latam_gov	health	es	lac,health,gov	3600	Pan American Health Organization outbreak notices, emergency updates and country health bulletins.
lat-reg-panampost	https://panampost.com/feed/	rss	10	PanAm Post - regional news	ラテンアメリカ・カリブ：ニュース - PanAm Post - regional news	latam_news	news	en	lac,news,news	3600	Publisher-own news feed from PanAm Post; article headlines, timestamps, links and summaries.
lat-reg-r4v	https://www.r4v.info/en/rss.xml	rss	10	R4V - Venezuela refugee and migrant response	ラテンアメリカ・カリブ：データ - R4V - Venezuela refugee and migrant response	latam_gov	conflict	en	lac,conflict,gov	21600	Inter-agency coordination platform reporting on Venezuelan displacement across the region.
lat-reg-stluciatimes	https://stluciatimes.com/feed/	rss	10	St Lucia Times - Eastern Caribbean news	ラテンアメリカ・カリブ：ニュース - St Lucia Times - Eastern Caribbean news	latam_news	news	en	lac,news,news	3600	Publisher-own news feed from St Lucia Times; article headlines, timestamps, links and summaries.
lat-reg-svg-searchlight	https://searchlight.vc/feed/	rss	91	Searchlight - St Vincent and the Grenadines news	ラテンアメリカ・カリブ：ニュース - Searchlight - St Vincent and the Grenadines news	latam_news	news	en	lac,news,news	3600	Publisher-own news feed from Searchlight; article headlines, timestamps, links and summaries.
lat-retc-recent	https://datosretc.mma.gob.cl/api/3/action/current_package_list_with_resources?limit=100	json:result	17	Chile RETC (Ministerio del Medio Ambiente) - recently updated datasets	チリ：オープンデータ - Chile RETC (Ministerio del Medio Ambiente) - recently updated datasets	latam_data	opendata	es	chl,opendata,data	21600	CKAN current_package_list_with_resources: most recently modified datasets with their full resource list and download URLs.
lat-rs-ckan-recent	https://dados.rs.gov.br/api/3/action/current_package_list_with_resources?limit=100	json:result	100	Rio Grande do Sul Dados Abertos - recently updated datasets	ブラジル：オープンデータ - Rio Grande do Sul Dados Abertos - recently updated datasets	latam_data	opendata	pt	bra,opendata,data	21600	CKAN current_package_list_with_resources: most recently modified datasets with their full resource list and download URLs.
lat-rs-ckan-search	https://dados.rs.gov.br/api/3/action/package_search?q=seguranca&rows=100	json:result.results	35	Rio Grande do Sul Dados Abertos - public-security datasets	ブラジル：オープンデータ - Rio Grande do Sul Dados Abertos - public-security datasets	latam_data	opendata	pt	bra,opendata,data	43200	CKAN package_search filtered to 'seguranca': matching dataset titles, organisations and resource download URLs.
lat-sc-ckan-recent	https://dados.sc.gov.br/api/3/action/current_package_list_with_resources?limit=100	json:result	100	Santa Catarina Dados Abertos - recently updated datasets	ブラジル：オープンデータ - Santa Catarina Dados Abertos - recently updated datasets	latam_data	opendata	pt	bra,opendata,data	21600	CKAN current_package_list_with_resources: most recently modified datasets with their full resource list and download URLs.
lat-semana-rss	https://www.semana.com/arc/outboundfeeds/rss/?outputType=xml	rss	100	Semana - Colombian news	コロンビア：ニュース - Semana - Colombian news	latam_news	news	es	col,news,news	3600	Publisher-own news feed from Semana; article headlines, timestamps, links and summaries.
lat-socrata-co-cat	https://api.us.socrata.com/api/catalog/v1?domains=www.datos.gov.co&limit=100	json:results	100	Datos Abiertos Colombia - Socrata catalogue (page 1)	コロンビア：オープンデータ - Datos Abiertos Colombia - Socrata catalogue (page 1)	latam_data	opendata	es	col,opendata,data	43200	Socrata discovery API listing datasets published on datos.gov.co with dataset id, owner and update time.
lat-socrata-co-views	https://www.datos.gov.co/api/views.json?limit=100	json-array	100	Datos Abiertos Colombia - dataset view metadata	コロンビア：オープンデータ - Datos Abiertos Colombia - dataset view metadata	latam_data	opendata	es	col,opendata,data	86400	Socrata views metadata for datos.gov.co: dataset name, description, owner, column schema and row counts.
lat-sp-ckan-recent	https://dados.prefeitura.sp.gov.br/api/3/action/current_package_list_with_resources?limit=100	json:result	100	Prefeitura de Sao Paulo Dados Abertos - recently updated datasets	ブラジル：オープンデータ - Prefeitura de Sao Paulo Dados Abertos - recently updated datasets	latam_data	opendata	pt	bra,opendata,data	21600	CKAN current_package_list_with_resources: most recently modified datasets with their full resource list and download URLs.
lat-sp-ckan-search	https://dados.prefeitura.sp.gov.br/api/3/action/package_search?q=saude&rows=100	json:result.results	21	Prefeitura de Sao Paulo Dados Abertos - health datasets	ブラジル：オープンデータ - Prefeitura de Sao Paulo Dados Abertos - health datasets	latam_data	opendata	pt	bra,opendata,data	43200	CKAN package_search filtered to 'saude': matching dataset titles, organisations and resource download URLs.
lat-sr-dwt	https://dwtonline.com/feed/atom/	atom	10	De Ware Tijd - Surinamese daily	スリナム：ニュース - De Ware Tijd - Surinamese daily	latam_news	news	nl	sur,news,news	3600	Publisher-own news feed from De Ware Tijd; article headlines, timestamps, links and summaries.
lat-sr-suriname-herald	https://www.srherald.com/feed/	rss	10	Suriname Herald - news	スリナム：ニュース - Suriname Herald - news	latam_news	news	nl	sur,news,news	3600	Publisher-own news feed from Suriname Herald; article headlines, timestamps, links and summaries.
lat-starbroek-sr	https://dwtonline.com/feed/	rss	10	De Ware Tijd - Surinamese daily (main feed)	スリナム：ニュース - De Ware Tijd - Surinamese daily (main feed)	latam_news	news	nl	sur,news,news	3600	Publisher-own news feed from De Ware Tijd; article headlines, timestamps, links and summaries.
lat-sv-bcr	https://www.bcr.gob.sv/feed/	rss	3	Banco Central de Reserva de El Salvador - announcements	エルサルバドル：経済 - Banco Central de Reserva de El Salvador - announcements	latam_gov	economy	es	slv,economy,gov	21600	Salvadoran central bank releases on macroeconomic statistics and financial system indicators.
lat-sv-contrapunto	https://www.contrapunto.com.sv/feed/	rss	25	ContraPunto - Salvadoran news	エルサルバドル：ニュース - ContraPunto - Salvadoran news	latam_news	news	es	slv,news,news	3600	Publisher-own news feed from ContraPunto; article headlines, timestamps, links and summaries.
lat-sv-gatoencerrado	https://gatoencerrado.news/feed/	rss	10	GatoEncerrado - Salvadoran investigative journalism	エルサルバドル：ニュース - GatoEncerrado - Salvadoran investigative journalism	latam_news	news	es	slv,news,news	3600	Publisher-own news feed from GatoEncerrado; article headlines, timestamps, links and summaries.
lat-sv-lapagina	https://www.lapagina.com.sv/feed/	rss	10	La Pagina - Salvadoran news	エルサルバドル：ニュース - La Pagina - Salvadoran news	latam_news	news	es	slv,news,news	3600	Publisher-own news feed from La Pagina; article headlines, timestamps, links and summaries.
lat-talcualdigital-ve	https://talcualdigital.com/feed/	rss	20	Tal Cual - Venezuelan independent news	ベネズエラ：ニュース - Tal Cual - Venezuelan independent news	latam_news	news	es	ven,news,news	3600	Publisher-own news feed from Tal Cual; article headlines, timestamps, links and summaries.
lat-tse-ckan-recent	https://dadosabertos.tse.jus.br/api/3/action/current_package_list_with_resources?limit=100	json:result	100	Tribunal Superior Eleitoral Dados Abertos - recently updated datasets	ブラジル：オープンデータ - Tribunal Superior Eleitoral Dados Abertos - recently updated datasets	latam_data	opendata	pt	bra,opendata,data	21600	CKAN current_package_list_with_resources: most recently modified datasets with their full resource list and download URLs.
lat-uy-ckan-ambiente	https://catalogodatos.gub.uy/api/3/action/package_search?q=ambiente&rows=100	json:result.results	100	Catalogo de Datos Abiertos de Uruguay - environment datasets	ウルグアイ：オープンデータ - Catalogo de Datos Abiertos de Uruguay - environment datasets	latam_data	opendata	es	ury,opendata,data	43200	CKAN package_search filtered to 'ambiente': matching dataset titles, organisations and resource download URLs.
lat-uy-ckan-economia	https://catalogodatos.gub.uy/api/3/action/package_search?q=economia&rows=100	json:result.results	100	Catalogo de Datos Abiertos de Uruguay - economy datasets	ウルグアイ：オープンデータ - Catalogo de Datos Abiertos de Uruguay - economy datasets	latam_data	opendata	es	ury,opendata,data	43200	CKAN package_search filtered to 'economia': matching dataset titles, organisations and resource download URLs.
lat-uy-ckan-educacion	https://catalogodatos.gub.uy/api/3/action/package_search?q=educacion&rows=100	json:result.results	100	Catalogo de Datos Abiertos de Uruguay - education datasets	ウルグアイ：オープンデータ - Catalogo de Datos Abiertos de Uruguay - education datasets	latam_data	opendata	es	ury,opendata,data	43200	CKAN package_search filtered to 'educacion': matching dataset titles, organisations and resource download URLs.
lat-uy-ckan-recent	https://catalogodatos.gub.uy/api/3/action/current_package_list_with_resources?limit=100	json:result	100	Catalogo de Datos Abiertos de Uruguay - recently updated datasets	ウルグアイ：オープンデータ - Catalogo de Datos Abiertos de Uruguay - recently updated datasets	latam_data	opendata	es	ury,opendata,data	21600	CKAN current_package_list_with_resources: most recently modified datasets with their full resource list and download URLs.
lat-uy-ckan-salud	https://catalogodatos.gub.uy/api/3/action/package_search?q=salud&rows=100	json:result.results	100	Catalogo de Datos Abiertos de Uruguay - health datasets	ウルグアイ：オープンデータ - Catalogo de Datos Abiertos de Uruguay - health datasets	latam_data	opendata	es	ury,opendata,data	43200	CKAN package_search filtered to 'salud': matching dataset titles, organisations and resource download URLs.
lat-uy-ckan-seguridad	https://catalogodatos.gub.uy/api/3/action/package_search?q=seguridad&rows=100	json:result.results	100	Catalogo de Datos Abiertos de Uruguay - public-security datasets	ウルグアイ：オープンデータ - Catalogo de Datos Abiertos de Uruguay - public-security datasets	latam_data	opendata	es	ury,opendata,data	43200	CKAN package_search filtered to 'seguridad': matching dataset titles, organisations and resource download URLs.
lat-uy-ckan-transporte	https://catalogodatos.gub.uy/api/3/action/package_search?q=transporte&rows=100	json:result.results	51	Catalogo de Datos Abiertos de Uruguay - transport datasets	ウルグアイ：オープンデータ - Catalogo de Datos Abiertos de Uruguay - transport datasets	latam_data	opendata	es	ury,opendata,data	43200	CKAN package_search filtered to 'transporte': matching dataset titles, organisations and resource download URLs.
lat-uy-labdiaria	https://ladiaria.com.uy/feeds/articulos/	rss	371	la diaria - Uruguayan news	ウルグアイ：ニュース - la diaria - Uruguayan news	latam_news	news	es	ury,news,news	3600	Publisher-own news feed from la diaria; article headlines, timestamps, links and summaries.
lat-ve-armando	https://armando.info/feed	rss	6	Armando.info - Venezuelan corruption investigations	ベネズエラ：ニュース - Armando.info - Venezuelan corruption investigations	latam_news	news	es	ven,news,news	3600	Publisher-own news feed from Armando.info; article headlines, timestamps, links and summaries.
lat-ve-cronica-uno	https://cronica.uno/feed/	rss	10	Cronica Uno - Venezuelan community reporting	ベネズエラ：ニュース - Cronica Uno - Venezuelan community reporting	latam_news	news	es	ven,news,news	3600	Publisher-own news feed from Cronica Uno; article headlines, timestamps, links and summaries.
lat-ve-elnacional	https://www.elnacional.com/feed/	rss	100	El Nacional - Venezuelan news	ベネズエラ：ニュース - El Nacional - Venezuelan news	latam_news	news	es	ven,news,news	3600	Publisher-own news feed from El Nacional; article headlines, timestamps, links and summaries.
lat-ve-elpitazo	https://elpitazo.net/feed/	rss	10	El Pitazo - Venezuelan investigative news	ベネズエラ：ニュース - El Pitazo - Venezuelan investigative news	latam_news	news	es	ven,news,news	3600	Publisher-own news feed from El Pitazo; article headlines, timestamps, links and summaries.
lat-ve-runrunes	https://runrun.es/feed/	rss	8	Runrunes - Venezuelan investigative journalism	ベネズエラ：ニュース - Runrunes - Venezuelan investigative journalism	latam_news	news	es	ven,news,news	3600	Publisher-own news feed from Runrunes; article headlines, timestamps, links and summaries.
lat-ve-tal-cual2	https://talcualdigital.com/feed/atom/	atom	20	Tal Cual - Venezuelan news (Atom)	ベネズエラ：ニュース - Tal Cual - Venezuelan news (Atom)	latam_news	news	es	ven,news,news	3600	Publisher-own news feed from Tal Cual; article headlines, timestamps, links and summaries.
lat-wp-conred-gt	https://conred.gob.gt/wp-json/wp/v2/posts?per_page=50	json-array	50	CONRED Guatemala - disaster agency posts	グアテマラ：防災 - CONRED Guatemala - disaster agency posts	latam_hazard	hazard	es	gtm,hazard,hazard	1800	Guatemala's national disaster coordination agency: alerts, evacuations and incident reports.
lat-wp-dpi-gy	https://dpi.gov.gy/wp-json/wp/v2/posts?per_page=50	json-array	50	Department of Public Information Guyana - posts	ガイアナ：政府 - Department of Public Information Guyana - posts	latam_gov	gov	en	guy,gov,gov	3600	Guyanese government information department releases on policy, security and infrastructure.
lat-wp-elcomercio-ec	https://www.elcomercio.com/wp-json/wp/v2/posts?per_page=50	json-array	50	El Comercio Ecuador - article API	エクアドル：ニュース - El Comercio Ecuador - article API	latam_news	news	es	ecu,news,news	3600	Publisher-own news feed from El Comercio Ecuador; article headlines, timestamps, links and summaries.
lat-wp-odpm-tt	https://odpm.gov.tt/wp-json/wp/v2/posts?per_page=50	json-array	50	ODPM Trinidad and Tobago - disaster management posts	トリニダード・トバゴ：防災 - ODPM Trinidad and Tobago - disaster management posts	latam_hazard	hazard	en	tto,hazard,hazard	1800	Trinidad and Tobago's Office of Disaster Preparedness and Management: alerts and advisories.
lat-wp-pancanal	https://pancanal.com/wp-json/wp/v2/posts?per_page=50	json-array	50	Panama Canal Authority - announcements	パナマ：交通 - Panama Canal Authority - announcements	latam_gov	transport	es	pan,transport,gov	3600	Panama Canal Authority notices on transit conditions, draft restrictions, tolls and water levels.
lat-wp-sinaproc-pa	https://www.sinaproc.gob.pa/wp-json/wp/v2/posts?per_page=50	json-array	50	SINAPROC Panama - civil protection posts	パナマ：防災 - SINAPROC Panama - civil protection posts	latam_hazard	hazard	es	pan,hazard,hazard	1800	Panama's civil protection system: weather warnings, incidents and response operations.
afr-za-sabcnews	https://www.sabcnews.com/sabcnews/feed/	rss	10	SABC News — Latest	SABC News — Latest	africa_news	news	en	zaf,news,africa	3600	Publisher-own headline feed from SABC News; current reporting for ZAF.
afr-za-moneyweb	https://www.moneyweb.co.za/feed/	rss	10	Moneyweb — South African business and markets	Moneyweb — South African business and markets	africa_news	economy	en	zaf,news,africa	3600	Publisher-own headline feed from Moneyweb; current reporting for ZAF.
afr-za-thesouthafrican	https://www.thesouthafrican.com/feed/	rss	100	The South African — News	The South African — News	africa_news	news	en	zaf,news,africa	5400	Publisher-own headline feed from The South African; current reporting for ZAF.
afr-za-sanews	https://www.sanews.gov.za/rss.xml	rss	10	SAnews — South African Government News Agency	SAnews — South African Government News Agency	africa_news	gov	en	zaf,news,africa	3600	Publisher-own headline feed from SAnews; current reporting for ZAF.
afr-za-iol-c	https://www.iol.co.za/rss	rss	30	Independent Online (IOL) — News	Independent Online (IOL) — News	africa_news	news	en	zaf,news,africa	5400	Publisher-own headline feed from Independent Online (IOL); current reporting for ZAF.
afr-ng-dailytrust	https://dailytrust.com/feed/	rss	14	Daily Trust — Nigeria news	Daily Trust — Nigeria news	africa_news	news	en	nga,news,africa	3600	Publisher-own headline feed from Daily Trust; current reporting for NGA.
afr-ng-leadership	https://leadership.ng/feed/	rss	10	Leadership — Nigeria news	Leadership — Nigeria news	africa_news	news	en	nga,news,africa	3600	Publisher-own headline feed from Leadership; current reporting for NGA.
afr-ng-thisday	https://www.thisdaylive.com/index.php/feed/	rss	25	THISDAY Live — Nigeria news	THISDAY Live — Nigeria news	africa_news	news	en	nga,news,africa	3600	Publisher-own headline feed from THISDAY Live; current reporting for NGA.
afr-ng-dailypost	https://dailypost.ng/feed/	rss	20	Daily Post Nigeria — News	Daily Post Nigeria — News	africa_news	news	en	nga,news,africa	3600	Publisher-own headline feed from Daily Post Nigeria; current reporting for NGA.
afr-ng-saharareporters-b	https://saharareporters.com/rss.xml	rss	10	Sahara Reporters — Nigeria accountability reporting	Sahara Reporters — Nigeria accountability reporting	africa_news	news	en	nga,news,africa	3600	Publisher-own headline feed from Sahara Reporters; current reporting for NGA.
afr-ke-kenyans	https://www.kenyans.co.ke/feeds/news	rss	20	Kenyans.co.ke — Kenya news	Kenyans.co.ke — Kenya news	africa_news	news	en	ken,news,africa	5400	Publisher-own headline feed from Kenyans.co.ke; current reporting for KEN.
afr-gh-3news	https://3news.com/feed/	rss	50	3News Ghana — News	3News Ghana — News	africa_news	news	en	gha,news,africa	3600	Publisher-own headline feed from 3News Ghana; current reporting for GHA.
afr-gh-graphic-b	https://www.graphic.com.gh/news.feed?type=rss	rss	25	Graphic Online — Ghana news	Graphic Online — Ghana news	africa_news	news	en	gha,news,africa	5400	Publisher-own headline feed from Graphic Online; current reporting for GHA.
afr-et-addisfortune	https://addisfortune.news/feed/	rss	12	Addis Fortune — Ethiopian business weekly	Addis Fortune — Ethiopian business weekly	africa_news	economy	en	eth,news,africa	3600	Publisher-own headline feed from Addis Fortune; current reporting for ETH.
afr-so-radiodalsan	https://www.radiodalsan.com/feed/	rss	12	Radio Dalsan — Somalia news	Radio Dalsan — Somalia news	africa_news	conflict	en	som,news,africa	3600	Publisher-own headline feed from Radio Dalsan; current reporting for SOM.
afr-tz-dailynews	https://dailynews.co.tz/feed/	rss	10	Daily News Tanzania — News	Daily News Tanzania — News	africa_news	news	en	tza,news,africa	5400	Publisher-own headline feed from Daily News Tanzania; current reporting for TZA.
afr-rw-ktpress	https://www.ktpress.rw/feed/	rss	10	KT Press — Rwanda news	KT Press — Rwanda news	africa_news	news	en	rwa,news,africa	3600	Publisher-own headline feed from KT Press; current reporting for RWA.
afr-sn-aps	https://aps.sn/feed/	rss	10	Agence de Presse Senegalaise — Depeches	Agence de Presse Senegalaise — Depeches	africa_news	news	fr	sen,news,africa	3600	Publisher-own headline feed from Agence de Presse Senegalaise; current reporting for SEN.
afr-sn-lesoleil	https://lesoleil.sn/feed/	rss	24	Le Soleil — Senegal daily	Le Soleil — Senegal daily	africa_news	news	fr	sen,news,africa	5400	Publisher-own headline feed from Le Soleil; current reporting for SEN.
afr-ci-aip	https://www.aip.ci/feed/	rss	10	Agence Ivoirienne de Presse — Depeches	Agence Ivoirienne de Presse — Depeches	africa_news	news	fr	civ,news,africa	3600	Publisher-own headline feed from Agence Ivoirienne de Presse; current reporting for CIV.
afr-bj-lanouvelletribune	https://lanouvelletribune.info/feed/	rss	80	La Nouvelle Tribune — Benin news	La Nouvelle Tribune — Benin news	africa_news	news	fr	ben,news,africa	5400	Publisher-own headline feed from La Nouvelle Tribune; current reporting for BEN.
afr-gn-guineenews	https://guineenews.org/feed/	rss	31	Guineenews — Guinea news	Guineenews — Guinea news	africa_news	news	fr	gin,news,africa	3600	Publisher-own headline feed from Guineenews; current reporting for GIN.
afr-bw-sundaystandard	https://www.sundaystandard.info/feed/	rss	10	Sunday Standard — Botswana news	Sunday Standard — Botswana news	africa_news	news	en	bwa,news,africa	3600	Publisher-own headline feed from Sunday Standard; current reporting for BWA.
afr-na-newera	https://neweralive.na/feed/	rss	10	New Era — Namibia national daily	New Era — Namibia national daily	africa_news	news	en	nam,news,africa	3600	Publisher-own headline feed from New Era; current reporting for NAM.
afr-mu-lemauricien	https://www.lemauricien.com/feed/	rss	10	Le Mauricien — Mauritius daily	Le Mauricien — Mauritius daily	africa_news	news	fr	mus,news,africa	3600	Publisher-own headline feed from Le Mauricien; current reporting for MUS.
afr-mu-defimedia	https://defimedia.info/rss.xml	rss	105	Defi Media — Mauritius news	Defi Media — Mauritius news	africa_news	news	fr	mus,news,africa	3600	Publisher-own headline feed from Defi Media; current reporting for MUS.
afr-mw-times	https://times.mw/feed/	rss	10	Times Group Malawi — News	Times Group Malawi — News	africa_news	news	en	mwi,news,africa	3600	Publisher-own headline feed from Times Group Malawi; current reporting for MWI.
afr-ma-yabiladi	https://www.yabiladi.com/rss/rss.xml	rss	3	Yabiladi — Morocco news	Yabiladi — Morocco news	africa_news	news	fr	mar,news,africa	3600	Publisher-own headline feed from Yabiladi; current reporting for MAR.
afr-dz-tsa	https://www.tsa-algerie.com/feed/	rss	10	TSA — Tout sur l'Algerie	TSA — Tout sur l'Algerie	africa_news	news	fr	dza,news,africa	5400	Publisher-own headline feed from TSA; current reporting for DZA.
afr-dz-echorouk	https://www.echoroukonline.com/feed	rss	10	Echorouk Online — Algeria news	Echorouk Online — Algeria news	africa_news	news	ar	dza,news,africa	3600	Publisher-own headline feed from Echorouk Online; current reporting for DZA.
afr-tn-kapitalis	https://kapitalis.com/tunisie/feed/	rss	10	Kapitalis — Tunisia news	Kapitalis — Tunisia news	africa_news	news	fr	tun,news,africa	3600	Publisher-own headline feed from Kapitalis; current reporting for TUN.
afr-eg-egyptindependent	https://www.egyptindependent.com/feed/	rss	10	Egypt Independent — News	Egypt Independent — News	africa_news	news	en	egy,news,africa	5400	Publisher-own headline feed from Egypt Independent; current reporting for EGY.
afr-eg-madamasr	https://www.madamasr.com/en/feed/	rss	10	Mada Masr — Egypt independent reporting	Mada Masr — Egypt independent reporting	africa_news	news	en	egy,news,africa	3600	Publisher-own headline feed from Mada Masr; current reporting for EGY.
afr-ly-libyaherald	https://libyaherald.com/feed/	rss	50	Libya Herald — News	Libya Herald — News	africa_news	conflict	en	lby,news,africa	5400	Publisher-own headline feed from Libya Herald; current reporting for LBY.
afr-sd-dabanga	https://www.dabangasudan.org/en/all-news/feed	rss	12	Radio Dabanga — Sudan news	Radio Dabanga — Sudan news	africa_news	conflict	en	sdn,news,africa	3600	Publisher-own headline feed from Radio Dabanga; current reporting for SDN.
afr-ss-radiotamazuj	https://www.radiotamazuj.org/en/rss	rss	12	Radio Tamazuj — South Sudan news	Radio Tamazuj — South Sudan news	africa_news	conflict	en	ssd,news,africa	3600	Publisher-own headline feed from Radio Tamazuj; current reporting for SSD.
afr-ss-eyeradio	https://www.eyeradio.org/feed/	rss	10	Eye Radio — South Sudan news	Eye Radio — South Sudan news	africa_news	conflict	en	ssd,news,africa	5400	Publisher-own headline feed from Eye Radio; current reporting for SSD.
afr-cg-adiac	https://www.adiac-congo.com/rss.xml	rss	10	Les Depeches de Brazzaville — Congo news	Les Depeches de Brazzaville — Congo news	africa_news	news	fr	cog,news,africa	3600	Publisher-own headline feed from Les Depeches de Brazzaville; current reporting for COG.
afr-ga-gabonreview	https://www.gabonreview.com/feed/	rss	30	Gabon Review — News	Gabon Review — News	africa_news	news	fr	gab,news,africa	3600	Publisher-own headline feed from Gabon Review; current reporting for GAB.
afr-gm-standard	https://standard.gm/feed/	rss	10	The Standard — Gambia news	The Standard — Gambia news	africa_news	news	en	gmb,news,africa	5400	Publisher-own headline feed from The Standard; current reporting for GMB.
afr-lr-frontpageafrica	https://frontpageafricaonline.com/feed/	rss	10	FrontPage Africa — Liberia news	FrontPage Africa — Liberia news	africa_news	news	en	lbr,news,africa	3600	Publisher-own headline feed from FrontPage Africa; current reporting for LBR.
afr-bi-iwacu	https://www.iwacu-burundi.org/feed/	rss	10	Iwacu — Burundi news	Iwacu — Burundi news	africa_news	news	fr	bdi,news,africa	3600	Publisher-own headline feed from Iwacu; current reporting for BDI.
afr-st-telanon	https://www.telanon.info/feed/	rss	10	Tela Non — Sao Tome and Principe news	Tela Non — Sao Tome and Principe news	africa_news	news	pt	stp,news,africa	5400	Publisher-own headline feed from Tela Non; current reporting for STP.
afr-sz-times	https://www.times.co.sz/feed/	rss	10	Times of Eswatini — News	Times of Eswatini — News	africa_news	news	en	swz,news,africa	3600	Publisher-own headline feed from Times of Eswatini; current reporting for SWZ.
afr-dw-africa	https://rss.dw.com/rdf/rss-en-africa	rss	5	Deutsche Welle — Africa	Deutsche Welle — Africa	africa_news	news	en	africa,news,africa	5400	Publisher-own headline feed from Deutsche Welle; current reporting for AFRICA.
afr-bbc-africa	https://feeds.bbci.co.uk/news/world/africa/rss.xml	rss	52	BBC News — Africa	BBC News — Africa	africa_news	news	en	africa,news,africa	3600	Publisher-own headline feed from BBC News; current reporting for AFRICA.
afr-zm-mwebantu	https://mwebantu.com/feed/	rss	10	Mwebantu — Zambia news	Mwebantu — Zambia news	africa_news	news	en	zmb,news,africa	3600	Publisher-own headline feed from Mwebantu; current reporting for ZMB.
afr-cm-237online	https://237online.com/feed/	rss	25	237online — Cameroon news	237online — Cameroon news	africa_news	news	fr	cmr,news,africa	5400	Publisher-own headline feed from 237online; current reporting for CMR.
afr-mz-jornalnoticias	https://www.jornalnoticias.co.mz/feed/	rss	10	Jornal Noticias — Mozambique daily	Jornal Noticias — Mozambique daily	africa_news	news	pt	moz,news,africa	3600	Publisher-own headline feed from Jornal Noticias; current reporting for MOZ.
afr-mz-opais	https://opais.co.mz/feed/	rss	5	O Pais — Mozambique news	O Pais — Mozambique news	africa_news	news	pt	moz,news,africa	3600	Publisher-own headline feed from O Pais; current reporting for MOZ.
afr-ke-ntv	https://ntvkenya.co.ke/feed/	rss	100	NTV Kenya — News	NTV Kenya — News	africa_news	news	en	ken,news,africa	5400	Publisher-own headline feed from NTV Kenya; current reporting for KEN.
afr-ke-president	https://www.president.go.ke/feed/	rss	10	Executive Office of the President of Kenya — News	Executive Office of the President of Kenya — News	africa_news	gov	en	ken,news,africa	3600	Publisher-own headline feed from Executive Office of the President of Kenya; current reporting for KEN.
afr-zw-zimeye	https://www.zimeye.net/feed/	rss	10	ZimEye — Zimbabwe news	ZimEye — Zimbabwe news	africa_news	news	en	zwe,news,africa	3600	Publisher-own headline feed from ZimEye; current reporting for ZWE.
afr-ug-eagle	https://eagle.co.ug/feed/	rss	10	Eagle Online — Uganda news	Eagle Online — Uganda news	africa_news	news	en	uga,news,africa	5400	Publisher-own headline feed from Eagle Online; current reporting for UGA.
afr-ug-softpower	https://www.softpower.ug/feed/	rss	10	SoftPower News — Uganda	SoftPower News — Uganda	africa_news	news	en	uga,news,africa	3600	Publisher-own headline feed from SoftPower News; current reporting for UGA.
afr-ng-tribuneonline	https://tribuneonlineng.com/feed/	rss	20	Nigerian Tribune — News	Nigerian Tribune — News	africa_news	news	en	nga,news,africa	3600	Publisher-own headline feed from Nigerian Tribune; current reporting for NGA.
afr-ng-arise	https://www.arise.tv/feed/	rss	20	Arise News — Nigeria	Arise News — Nigeria	africa_news	news	en	nga,news,africa	5400	Publisher-own headline feed from Arise News; current reporting for NGA.
afr-sl-sierraloaded	https://sierraloaded.sl/feed/	rss	10	Sierraloaded — Sierra Leone news	Sierraloaded — Sierra Leone news	africa_news	news	en	sle,news,africa	3600	Publisher-own headline feed from Sierraloaded; current reporting for SLE.
afr-mr-lecalame	https://lecalame.info/?q=rss.xml	rss	10	Le Calame — Mauritania news	Le Calame — Mauritania news	africa_news	news	fr	mrt,news,africa	3600	Publisher-own headline feed from Le Calame; current reporting for MRT.
afr-sn-pressafrik	https://www.pressafrik.com/xml/syndication.rss	rss	20	PressAfrik — Senegal news	PressAfrik — Senegal news	africa_news	news	fr	sen,news,africa	5400	Publisher-own headline feed from PressAfrik; current reporting for SEN.
afr-sn-dakaractu	https://www.dakaractu.com/xml/syndication.rss	rss	20	Dakaractu — Senegal news	Dakaractu — Senegal news	africa_news	news	fr	sen,news,africa	3600	Publisher-own headline feed from Dakaractu; current reporting for SEN.
afr-mg-madagascartribune	https://www.madagascar-tribune.com/spip.php?page=backend	rss	10	Madagascar Tribune — News	Madagascar Tribune — News	africa_news	news	fr	mdg,news,africa	3600	Publisher-own headline feed from Madagascar Tribune; current reporting for MDG.
afr-ly-libyareview	https://libyareview.com/feed/	rss	10	Libya Review — News	Libya Review — News	africa_news	conflict	en	lby,news,africa	5400	Publisher-own headline feed from Libya Review; current reporting for LBY.
afr-dz-elkhabar	https://www.elkhabar.com/feed	rss	15	El Khabar — Algeria news	El Khabar — Algeria news	africa_news	news	ar	dza,news,africa	3600	Publisher-own headline feed from El Khabar; current reporting for DZA.
afr-tn-mosaique	https://www.mosaiquefm.net/rss	rss	40	Mosaique FM — Tunisia news	Mosaique FM — Tunisia news	africa_news	news	ar	tun,news,africa	3600	Publisher-own headline feed from Mosaique FM; current reporting for TUN.
afr-ma-lnt	https://lnt.ma/feed/	rss	50	La Nouvelle Tribune Maroc — News	La Nouvelle Tribune Maroc — News	africa_news	news	fr	mar,news,africa	5400	Publisher-own headline feed from La Nouvelle Tribune Maroc; current reporting for MAR.
afr-il-jpost-israel	https://www.jpost.com/rss/rssfeedsisraelnews.aspx	rss	30	The Jerusalem Post — Israel news	The Jerusalem Post — Israel news	mena_news	news	en	isr,news,mena	3600	Publisher-own headline feed from The Jerusalem Post; current reporting for ISR.
afr-il-jpost-mideast	https://www.jpost.com/rss/rssfeedsmiddleeastnews.aspx	rss	30	The Jerusalem Post — Middle East	The Jerusalem Post — Middle East	mena_news	news	en	isr,news,mena	3600	Publisher-own headline feed from The Jerusalem Post; current reporting for ISR.
afr-il-ynetnews	https://www.ynetnews.com/Integration/StoryRss3082.xml	rss	30	Ynetnews — Israel news	Ynetnews — Israel news	mena_news	news	en	isr,news,mena	5400	Publisher-own headline feed from Ynetnews; current reporting for ISR.
afr-il-globes-en	https://www.globes.co.il/webservice/rss/rssfeeder.asmx/FeederNode?iID=1725	rss	93	Globes English — Israeli business and markets	Globes English — Israeli business and markets	mena_news	economy	en	isr,news,mena	3600	Publisher-own headline feed from Globes English; current reporting for ISR.
afr-il-arutzsheva	https://www.israelnationalnews.com/Rss.aspx	rss	10	Arutz Sheva (Israel National News)	Arutz Sheva (Israel National News)	mena_news	news	en	isr,news,mena	3600	Publisher-own headline feed from Arutz Sheva (Israel National News); current reporting for ISR.
afr-tr-trthaber	https://www.trthaber.com/sondakika.rss	rss	50	TRT Haber — Son dakika	TRT Haber — Son dakika	mena_news	news	tr	tur,news,mena	3600	Publisher-own headline feed from TRT Haber; current reporting for TUR.
afr-tr-cumhuriyet	https://www.cumhuriyet.com.tr/rss/son_dakika.xml	rss	100	Cumhuriyet — Son dakika	Cumhuriyet — Son dakika	mena_news	news	tr	tur,news,mena	3600	Publisher-own headline feed from Cumhuriyet; current reporting for TUR.
afr-tr-hurriyet	https://www.hurriyet.com.tr/rss/anasayfa	rss	71	Hurriyet — Anasayfa	Hurriyet — Anasayfa	mena_news	news	tr	tur,news,mena	5400	Publisher-own headline feed from Hurriyet; current reporting for TUR.
afr-tr-milliyet	https://www.milliyet.com.tr/rss/rssnew/gundemrss.xml	rss	20	Milliyet — Gundem	Milliyet — Gundem	mena_news	news	tr	tur,news,mena	3600	Publisher-own headline feed from Milliyet; current reporting for TUR.
afr-tr-ntv	https://www.ntv.com.tr/gundem.rss	atom	20	NTV — Gundem	NTV — Gundem	mena_news	news	tr	tur,news,mena	3600	Publisher-own headline feed from NTV; current reporting for TUR.
afr-tr-haberturk	https://www.haberturk.com/rss	rss	85	Haberturk — Son dakika	Haberturk — Son dakika	mena_news	news	tr	tur,news,mena	5400	Publisher-own headline feed from Haberturk; current reporting for TUR.
afr-tr-evrensel	https://www.evrensel.net/rss/haber.xml	rss	100	Evrensel — Haber	Evrensel — Haber	mena_news	news	tr	tur,news,mena	3600	Publisher-own headline feed from Evrensel; current reporting for TUR.
afr-lb-nna-en	https://www.nna-leb.gov.lb/en/rss	rss	20	Lebanon National News Agency — English	Lebanon National News Agency — English	mena_news	gov	en	lbn,news,mena	5400	Publisher-own headline feed from Lebanon National News Agency; current reporting for LBN.
afr-sy-sana-en	https://sana.sy/en/?feed=rss2	rss	10	SANA — Syrian Arab News Agency (English)	SANA — Syrian Arab News Agency (English)	mena_news	gov	en	syr,news,mena	3600	Publisher-own headline feed from SANA; current reporting for SYR.
afr-ir-irna-en	https://en.irna.ir/rss	rss	30	IRNA English — Islamic Republic News Agency	IRNA English — Islamic Republic News Agency	mena_news	gov	en	irn,news,mena	5400	Publisher-own headline feed from IRNA English; current reporting for IRN.
afr-sa-saudigazette	https://saudigazette.com.sa/rssFeed/74	rss	50	Saudi Gazette — News	Saudi Gazette — News	mena_news	news	en	sau,news,mena	3600	Publisher-own headline feed from Saudi Gazette; current reporting for SAU.
afr-ye-yemenonline	https://yemenonline.info/feed/	rss	20	Yemen Online — News	Yemen Online — News	mena_news	conflict	en	yem,news,mena	3600	Publisher-own headline feed from Yemen Online; current reporting for YEM.
afr-mena-middleeastmonitor	https://www.middleeastmonitor.com/feed/	rss	50	Middle East Monitor — News	Middle East Monitor — News	mena_news	news	en	mena,news,mena	3600	Publisher-own headline feed from Middle East Monitor; current reporting for MENA.
afr-bbc-me	https://feeds.bbci.co.uk/news/world/middle_east/rss.xml	rss	35	BBC News — Middle East	BBC News — Middle East	mena_news	news	en	mena,news,mena	5400	Publisher-own headline feed from BBC News; current reporting for MENA.
afr-rfi-mo	https://www.rfi.fr/fr/moyen-orient/rss	rss	30	RFI — Moyen-Orient	RFI — Moyen-Orient	mena_news	news	fr	mena,news,mena	3600	Publisher-own headline feed from RFI; current reporting for MENA.
afr-qa-dohanews	https://dohanews.co/feed/	rss	9	Doha News — Qatar	Doha News — Qatar	mena_news	news	en	qat,news,mena	3600	Publisher-own headline feed from Doha News; current reporting for QAT.
afr-iq-iraqinews	https://www.iraqinews.com/feed/	rss	10	Iraqi News — English	Iraqi News — English	mena_news	conflict	en	irq,news,mena	5400	Publisher-own headline feed from Iraqi News; current reporting for IRQ.
afr-sy-syriahr	https://www.syriahr.com/en/feed/	rss	10	Syrian Observatory for Human Rights — English	Syrian Observatory for Human Rights — English	mena_news	conflict	en	syr,news,mena	3600	Publisher-own headline feed from Syrian Observatory for Human Rights; current reporting for SYR.
afr-il-israelhayom	https://www.israelhayom.com/feed/	rss	10	Israel Hayom — English	Israel Hayom — English	mena_news	news	en	isr,news,mena	3600	Publisher-own headline feed from Israel Hayom; current reporting for ISR.
afr-il-maariv	https://www.maariv.co.il/Rss/RssFeedsHadashot	rss	20	Maariv — Hadashot	Maariv — Hadashot	mena_news	news	he	isr,news,mena	5400	Publisher-own headline feed from Maariv; current reporting for ISR.
afr-ir-isna-en	https://en.isna.ir/rss	rss	30	ISNA English — Iranian Students News Agency	ISNA English — Iranian Students News Agency	mena_news	news	en	irn,news,mena	3600	Publisher-own headline feed from ISNA English; current reporting for IRN.
afr-ecowas-news	https://ecowas.int/feed/	rss	20	ECOWAS — Commission news	ECOWAS — Commission news	africa_gov	gov	en	africa,ecowas	7200	Official communiques and summit decisions from the Economic Community of West African States.
afr-igad-news	https://igad.int/feed/	rss	10	IGAD — Intergovernmental Authority on Development news	IGAD — Intergovernmental Authority on Development news	africa_gov	gov	en	africa,igad	7200	Horn of Africa regional bloc statements, drought and peace-process updates.
afr-comesa-news	https://www.comesa.int/feed/	rss	10	COMESA — Common Market for Eastern and Southern Africa news	COMESA — Common Market for Eastern and Southern Africa news	africa_gov	economy	en	africa,comesa	7200	Trade-bloc announcements covering tariffs, summits and member-state economic policy.
afr-uneca-news	https://www.uneca.org/rss.xml	rss	10	UN Economic Commission for Africa — News	UN Economic Commission for Africa — News	africa_gov	economy	en	africa,uneca	7200	UNECA statistics releases, policy briefs and regional economic analysis.
afr-nicd-za	https://www.nicd.ac.za/feed/	rss	10	NICD South Africa — Communicable disease updates	NICD South Africa — Communicable disease updates	africa_gov	health	en	zaf,health	7200	National Institute for Communicable Diseases outbreak notices and surveillance reports.
afr-moh-gh	https://www.moh.gov.gh/feed/	rss	10	Ghana Ministry of Health — News	Ghana Ministry of Health — News	africa_gov	health	en	gha,health	10800	Ghanaian health ministry announcements, outbreak statements and programme updates.
afr-eskom-news	https://www.eskom.co.za/feed/	rss	10	Eskom — Media statements	Eskom — Media statements	africa_gov	energy	en	zaf,energy	3600	South African grid operator statements including load-shedding stage changes and plant outages.
afr-p-sarb-rates	https://custom.resbank.co.za/SarbWebApi/WebIndicators/HomePageRates	json-array	13	South African Reserve Bank — Home page rates	South African Reserve Bank — Home page rates	africa_gov	economy	en	zaf,centralbank	21600	Current SARB policy, prime and repo rates plus headline macro indicators as JSON.
afr-p-sarb-cur	https://custom.resbank.co.za/SarbWebApi/WebIndicators/CurrentMarketRates	json-array	25	South African Reserve Bank — Current market rates	South African Reserve Bank — Current market rates	africa_gov	economy	en	zaf,centralbank	21600	Live ZAR exchange rates and money-market rates published by the SARB web indicators API.
afr-p-boi-rates	https://boi.org.il/PublicApi/GetExchangeRates?asJson=true	json:exchangeRates	14	Bank of Israel — Official exchange rates	Bank of Israel — Official exchange rates	mena_gov	economy	he	isr,centralbank	21600	Daily representative ILS exchange rates for all quoted currencies from the Bank of Israel API.
afr-gdacs-eq	https://www.gdacs.org/xml/rss_eq_24h.xml	rss	12	GDACS — Earthquake alerts (24h)	GDACS — Earthquake alerts (24h)	africa_hazard	hazard	en	africa,mena,earthquake	1800	Global Disaster Alert and Coordination System earthquake alerts with magnitude, location and alert colour.
afr-za-cgs-eq	https://www.geoscience.org.za/feed/	rss	10	Council for Geoscience South Africa — News and seismic notices	Council for Geoscience South Africa — News and seismic notices	africa_hazard	hazard	en	zaf,seismic	21600	CGS bulletins covering South African seismic events, mine tremors and geohazard studies.
afr-hdx-ago	https://data.humdata.org/api/3/action/package_search?fq=groups:ago&rows=50	json:result.results	50	Humanitarian Data Exchange — Angola datasets	Humanitarian Data Exchange — Angola datasets	africa_gov	opendata	en	ago,hdx,humanitarian	43200	Newest OCHA HDX datasets tagged to Angola: displacement, food security, admin boundaries, health and conflict data with resource links.
afr-hdx-bfa	https://data.humdata.org/api/3/action/package_search?fq=groups:bfa&rows=25	json:result.results	25	Humanitarian Data Exchange — Burkina Faso datasets	Humanitarian Data Exchange — Burkina Faso datasets	africa_gov	opendata	en	bfa,hdx,humanitarian	64800	Newest OCHA HDX datasets tagged to Burkina Faso: displacement, food security, admin boundaries, health and conflict data with resource links.
afr-hdx-bwa	https://data.humdata.org/api/3/action/package_search?fq=groups:bwa&rows=50	json:result.results	50	Humanitarian Data Exchange — Botswana datasets	Humanitarian Data Exchange — Botswana datasets	africa_gov	opendata	en	bwa,hdx,humanitarian	86400	Newest OCHA HDX datasets tagged to Botswana: displacement, food security, admin boundaries, health and conflict data with resource links.
afr-hdx-caf	https://data.humdata.org/api/3/action/package_search?fq=groups:caf&rows=50	json:result.results	50	Humanitarian Data Exchange — Central African Republic datasets	Humanitarian Data Exchange — Central African Republic datasets	africa_gov	opendata	en	caf,hdx,humanitarian	43200	Newest OCHA HDX datasets tagged to Central African Republic: displacement, food security, admin boundaries, health and conflict data with resource links.
afr-hdx-civ	https://data.humdata.org/api/3/action/package_search?fq=groups:civ&rows=50	json:result.results	50	Humanitarian Data Exchange — Cote d'Ivoire datasets	Humanitarian Data Exchange — Cote d'Ivoire datasets	africa_gov	opendata	en	civ,hdx,humanitarian	64800	Newest OCHA HDX datasets tagged to Cote d'Ivoire: displacement, food security, admin boundaries, health and conflict data with resource links.
afr-hdx-cmr	https://data.humdata.org/api/3/action/package_search?fq=groups:cmr&rows=25	json:result.results	25	Humanitarian Data Exchange — Cameroon datasets	Humanitarian Data Exchange — Cameroon datasets	africa_gov	opendata	en	cmr,hdx,humanitarian	86400	Newest OCHA HDX datasets tagged to Cameroon: displacement, food security, admin boundaries, health and conflict data with resource links.
afr-hdx-dza	https://data.humdata.org/api/3/action/package_search?fq=groups:dza&rows=50	json:result.results	50	Humanitarian Data Exchange — Algeria datasets	Humanitarian Data Exchange — Algeria datasets	africa_gov	opendata	en	dza,hdx,humanitarian	43200	Newest OCHA HDX datasets tagged to Algeria: displacement, food security, admin boundaries, health and conflict data with resource links.
afr-hdx-eri	https://data.humdata.org/api/3/action/package_search?fq=groups:eri&rows=50	json:result.results	50	Humanitarian Data Exchange — Eritrea datasets	Humanitarian Data Exchange — Eritrea datasets	africa_gov	opendata	en	eri,hdx,humanitarian	64800	Newest OCHA HDX datasets tagged to Eritrea: displacement, food security, admin boundaries, health and conflict data with resource links.
afr-hdx-gha	https://data.humdata.org/api/3/action/package_search?fq=groups:gha&rows=50	json:result.results	50	Humanitarian Data Exchange — Ghana datasets	Humanitarian Data Exchange — Ghana datasets	africa_gov	opendata	en	gha,hdx,humanitarian	86400	Newest OCHA HDX datasets tagged to Ghana: displacement, food security, admin boundaries, health and conflict data with resource links.
afr-hdx-mar	https://data.humdata.org/api/3/action/package_search?fq=groups:mar&rows=50	json:result.results	50	Humanitarian Data Exchange — Morocco datasets	Humanitarian Data Exchange — Morocco datasets	africa_gov	opendata	en	mar,hdx,humanitarian	43200	Newest OCHA HDX datasets tagged to Morocco: displacement, food security, admin boundaries, health and conflict data with resource links.
afr-hdx-mdg	https://data.humdata.org/api/3/action/package_search?fq=groups:mdg&rows=50	json:result.results	50	Humanitarian Data Exchange — Madagascar datasets	Humanitarian Data Exchange — Madagascar datasets	africa_gov	opendata	en	mdg,hdx,humanitarian	64800	Newest OCHA HDX datasets tagged to Madagascar: displacement, food security, admin boundaries, health and conflict data with resource links.
afr-hdx-mli	https://data.humdata.org/api/3/action/package_search?fq=groups:mli&rows=25	json:result.results	25	Humanitarian Data Exchange — Mali datasets	Humanitarian Data Exchange — Mali datasets	africa_gov	opendata	en	mli,hdx,humanitarian	86400	Newest OCHA HDX datasets tagged to Mali: displacement, food security, admin boundaries, health and conflict data with resource links.
afr-hdx-mwi	https://data.humdata.org/api/3/action/package_search?fq=groups:mwi&rows=50	json:result.results	50	Humanitarian Data Exchange — Malawi datasets	Humanitarian Data Exchange — Malawi datasets	africa_gov	opendata	en	mwi,hdx,humanitarian	43200	Newest OCHA HDX datasets tagged to Malawi: displacement, food security, admin boundaries, health and conflict data with resource links.
afr-hdx-nam	https://data.humdata.org/api/3/action/package_search?fq=groups:nam&rows=50	json:result.results	50	Humanitarian Data Exchange — Namibia datasets	Humanitarian Data Exchange — Namibia datasets	africa_gov	opendata	en	nam,hdx,humanitarian	64800	Newest OCHA HDX datasets tagged to Namibia: displacement, food security, admin boundaries, health and conflict data with resource links.
afr-hdx-ner	https://data.humdata.org/api/3/action/package_search?fq=groups:ner&rows=25	json:result.results	25	Humanitarian Data Exchange — Niger datasets	Humanitarian Data Exchange — Niger datasets	africa_gov	opendata	en	ner,hdx,humanitarian	86400	Newest OCHA HDX datasets tagged to Niger: displacement, food security, admin boundaries, health and conflict data with resource links.
afr-hdx-nga	https://data.humdata.org/api/3/action/package_search?fq=groups:nga&rows=25	json:result.results	25	Humanitarian Data Exchange — Nigeria datasets	Humanitarian Data Exchange — Nigeria datasets	africa_gov	opendata	en	nga,hdx,humanitarian	43200	Newest OCHA HDX datasets tagged to Nigeria: displacement, food security, admin boundaries, health and conflict data with resource links.
afr-hdx-rwa	https://data.humdata.org/api/3/action/package_search?fq=groups:rwa&rows=50	json:result.results	50	Humanitarian Data Exchange — Rwanda datasets	Humanitarian Data Exchange — Rwanda datasets	africa_gov	opendata	en	rwa,hdx,humanitarian	64800	Newest OCHA HDX datasets tagged to Rwanda: displacement, food security, admin boundaries, health and conflict data with resource links.
afr-hdx-sen	https://data.humdata.org/api/3/action/package_search?fq=groups:sen&rows=50	json:result.results	50	Humanitarian Data Exchange — Senegal datasets	Humanitarian Data Exchange — Senegal datasets	africa_gov	opendata	en	sen,hdx,humanitarian	86400	Newest OCHA HDX datasets tagged to Senegal: displacement, food security, admin boundaries, health and conflict data with resource links.
afr-hdx-tcd	https://data.humdata.org/api/3/action/package_search?fq=groups:tcd&rows=25	json:result.results	25	Humanitarian Data Exchange — Chad datasets	Humanitarian Data Exchange — Chad datasets	africa_gov	opendata	en	tcd,hdx,humanitarian	43200	Newest OCHA HDX datasets tagged to Chad: displacement, food security, admin boundaries, health and conflict data with resource links.
afr-hdx-tun	https://data.humdata.org/api/3/action/package_search?fq=groups:tun&rows=50	json:result.results	50	Humanitarian Data Exchange — Tunisia datasets	Humanitarian Data Exchange — Tunisia datasets	africa_gov	opendata	en	tun,hdx,humanitarian	64800	Newest OCHA HDX datasets tagged to Tunisia: displacement, food security, admin boundaries, health and conflict data with resource links.
afr-hdx-tza	https://data.humdata.org/api/3/action/package_search?fq=groups:tza&rows=50	json:result.results	50	Humanitarian Data Exchange — Tanzania datasets	Humanitarian Data Exchange — Tanzania datasets	africa_gov	opendata	en	tza,hdx,humanitarian	86400	Newest OCHA HDX datasets tagged to Tanzania: displacement, food security, admin boundaries, health and conflict data with resource links.
afr-hdx-uga	https://data.humdata.org/api/3/action/package_search?fq=groups:uga&rows=50	json:result.results	50	Humanitarian Data Exchange — Uganda datasets	Humanitarian Data Exchange — Uganda datasets	africa_gov	opendata	en	uga,hdx,humanitarian	43200	Newest OCHA HDX datasets tagged to Uganda: displacement, food security, admin boundaries, health and conflict data with resource links.
afr-hdx-yem	https://data.humdata.org/api/3/action/package_search?fq=groups:yem&rows=25	json:result.results	25	Humanitarian Data Exchange — Yemen datasets	Humanitarian Data Exchange — Yemen datasets	africa_gov	opendata	en	yem,hdx,humanitarian	64800	Newest OCHA HDX datasets tagged to Yemen: displacement, food security, admin boundaries, health and conflict data with resource links.
afr-hdx-zmb	https://data.humdata.org/api/3/action/package_search?fq=groups:zmb&rows=50	json:result.results	50	Humanitarian Data Exchange — Zambia datasets	Humanitarian Data Exchange — Zambia datasets	africa_gov	opendata	en	zmb,hdx,humanitarian	86400	Newest OCHA HDX datasets tagged to Zambia: displacement, food security, admin boundaries, health and conflict data with resource links.
afr-hdx-cod	https://data.humdata.org/api/3/action/package_search?fq=groups:cod&rows=100	json:result.results	100	Humanitarian Data Exchange — DR Congo datasets	Humanitarian Data Exchange — DR Congo datasets	africa_gov	opendata	en	cod,hdx,humanitarian	43200	Newest OCHA HDX datasets tagged to DR Congo: displacement, food security, admin boundaries, health and conflict data with resource links.
afr-hdx-egy	https://data.humdata.org/api/3/action/package_search?fq=groups:egy&rows=100	json:result.results	100	Humanitarian Data Exchange — Egypt datasets	Humanitarian Data Exchange — Egypt datasets	africa_gov	opendata	en	egy,hdx,humanitarian	64800	Newest OCHA HDX datasets tagged to Egypt: displacement, food security, admin boundaries, health and conflict data with resource links.
afr-hdx-eth	https://data.humdata.org/api/3/action/package_search?fq=groups:eth&rows=100	json:result.results	100	Humanitarian Data Exchange — Ethiopia datasets	Humanitarian Data Exchange — Ethiopia datasets	africa_gov	opendata	en	eth,hdx,humanitarian	86400	Newest OCHA HDX datasets tagged to Ethiopia: displacement, food security, admin boundaries, health and conflict data with resource links.
afr-hdx-ken	https://data.humdata.org/api/3/action/package_search?fq=groups:ken&rows=100	json:result.results	100	Humanitarian Data Exchange — Kenya datasets	Humanitarian Data Exchange — Kenya datasets	africa_gov	opendata	en	ken,hdx,humanitarian	43200	Newest OCHA HDX datasets tagged to Kenya: displacement, food security, admin boundaries, health and conflict data with resource links.
afr-hdx-lby	https://data.humdata.org/api/3/action/package_search?fq=groups:lby&rows=100	json:result.results	100	Humanitarian Data Exchange — Libya datasets	Humanitarian Data Exchange — Libya datasets	africa_gov	opendata	en	lby,hdx,humanitarian	64800	Newest OCHA HDX datasets tagged to Libya: displacement, food security, admin boundaries, health and conflict data with resource links.
afr-hdx-moz	https://data.humdata.org/api/3/action/package_search?fq=groups:moz&rows=100	json:result.results	100	Humanitarian Data Exchange — Mozambique datasets	Humanitarian Data Exchange — Mozambique datasets	africa_gov	opendata	en	moz,hdx,humanitarian	86400	Newest OCHA HDX datasets tagged to Mozambique: displacement, food security, admin boundaries, health and conflict data with resource links.
afr-hdx-sdn	https://data.humdata.org/api/3/action/package_search?fq=groups:sdn&rows=100	json:result.results	100	Humanitarian Data Exchange — Sudan datasets	Humanitarian Data Exchange — Sudan datasets	africa_gov	opendata	en	sdn,hdx,humanitarian	43200	Newest OCHA HDX datasets tagged to Sudan: displacement, food security, admin boundaries, health and conflict data with resource links.
afr-hdx-som	https://data.humdata.org/api/3/action/package_search?fq=groups:som&rows=100	json:result.results	100	Humanitarian Data Exchange — Somalia datasets	Humanitarian Data Exchange — Somalia datasets	africa_gov	opendata	en	som,hdx,humanitarian	64800	Newest OCHA HDX datasets tagged to Somalia: displacement, food security, admin boundaries, health and conflict data with resource links.
afr-hdx-ssd	https://data.humdata.org/api/3/action/package_search?fq=groups:ssd&rows=100	json:result.results	100	Humanitarian Data Exchange — South Sudan datasets	Humanitarian Data Exchange — South Sudan datasets	africa_gov	opendata	en	ssd,hdx,humanitarian	86400	Newest OCHA HDX datasets tagged to South Sudan: displacement, food security, admin boundaries, health and conflict data with resource links.
afr-hdx-zaf	https://data.humdata.org/api/3/action/package_search?fq=groups:zaf&rows=100	json:result.results	100	Humanitarian Data Exchange — South Africa datasets	Humanitarian Data Exchange — South Africa datasets	africa_gov	opendata	en	zaf,hdx,humanitarian	43200	Newest OCHA HDX datasets tagged to South Africa: displacement, food security, admin boundaries, health and conflict data with resource links.
afr-hdx-zwe	https://data.humdata.org/api/3/action/package_search?fq=groups:zwe&rows=100	json:result.results	100	Humanitarian Data Exchange — Zimbabwe datasets	Humanitarian Data Exchange — Zimbabwe datasets	africa_gov	opendata	en	zwe,hdx,humanitarian	64800	Newest OCHA HDX datasets tagged to Zimbabwe: displacement, food security, admin boundaries, health and conflict data with resource links.
afr-hdx-irn	https://data.humdata.org/api/3/action/package_search?fq=groups:irn&rows=50	json:result.results	50	Humanitarian Data Exchange — Iran datasets	Humanitarian Data Exchange — Iran datasets	mena_gov	opendata	en	irn,hdx,humanitarian	43200	Newest OCHA HDX datasets tagged to Iran: displacement, food security, admin boundaries, health and conflict data with resource links.
afr-hdx-jor	https://data.humdata.org/api/3/action/package_search?fq=groups:jor&rows=50	json:result.results	50	Humanitarian Data Exchange — Jordan datasets	Humanitarian Data Exchange — Jordan datasets	mena_gov	opendata	en	jor,hdx,humanitarian	64800	Newest OCHA HDX datasets tagged to Jordan: displacement, food security, admin boundaries, health and conflict data with resource links.
afr-hdx-lbn	https://data.humdata.org/api/3/action/package_search?fq=groups:lbn&rows=50	json:result.results	50	Humanitarian Data Exchange — Lebanon datasets	Humanitarian Data Exchange — Lebanon datasets	mena_gov	opendata	en	lbn,hdx,humanitarian	86400	Newest OCHA HDX datasets tagged to Lebanon: displacement, food security, admin boundaries, health and conflict data with resource links.
afr-hdx-pse	https://data.humdata.org/api/3/action/package_search?fq=groups:pse&rows=50	json:result.results	50	Humanitarian Data Exchange — Palestine datasets	Humanitarian Data Exchange — Palestine datasets	mena_gov	opendata	en	pse,hdx,humanitarian	43200	Newest OCHA HDX datasets tagged to Palestine: displacement, food security, admin boundaries, health and conflict data with resource links.
afr-hdx-sau	https://data.humdata.org/api/3/action/package_search?fq=groups:sau&rows=50	json:result.results	50	Humanitarian Data Exchange — Saudi Arabia datasets	Humanitarian Data Exchange — Saudi Arabia datasets	mena_gov	opendata	en	sau,hdx,humanitarian	64800	Newest OCHA HDX datasets tagged to Saudi Arabia: displacement, food security, admin boundaries, health and conflict data with resource links.
afr-hdx-tur	https://data.humdata.org/api/3/action/package_search?fq=groups:tur&rows=50	json:result.results	50	Humanitarian Data Exchange — Turkiye datasets	Humanitarian Data Exchange — Turkiye datasets	mena_gov	opendata	en	tur,hdx,humanitarian	86400	Newest OCHA HDX datasets tagged to Turkiye: displacement, food security, admin boundaries, health and conflict data with resource links.
afr-hdx-irq	https://data.humdata.org/api/3/action/package_search?fq=groups:irq&rows=100	json:result.results	100	Humanitarian Data Exchange — Iraq datasets	Humanitarian Data Exchange — Iraq datasets	mena_gov	opendata	en	irq,hdx,humanitarian	43200	Newest OCHA HDX datasets tagged to Iraq: displacement, food security, admin boundaries, health and conflict data with resource links.
afr-hdx-syr	https://data.humdata.org/api/3/action/package_search?fq=groups:syr&rows=100	json:result.results	100	Humanitarian Data Exchange — Syria datasets	Humanitarian Data Exchange — Syria datasets	mena_gov	opendata	en	syr,hdx,humanitarian	64800	Newest OCHA HDX datasets tagged to Syria: displacement, food security, admin boundaries, health and conflict data with resource links.
afr-hdx-org-fao	https://data.humdata.org/api/3/action/package_search?fq=organization:fao&rows=50	json:result.results	50	Humanitarian Data Exchange — FAO datasets	Humanitarian Data Exchange — FAO datasets	africa_gov	opendata	en	africa,hdx,humanitarian	43200	FAO agricultural, livestock and food-balance datasets published on HDX.
afr-hdx-org-fews	https://data.humdata.org/api/3/action/package_search?fq=organization:fewsnet&rows=50	json:result.results	50	Humanitarian Data Exchange — FEWS NET datasets	Humanitarian Data Exchange — FEWS NET datasets	africa_gov	opendata	en	africa,hdx,humanitarian	64800	Famine Early Warning Systems Network food-security datasets and IPC-equivalent phase classifications.
afr-hdx-org-iom	https://data.humdata.org/api/3/action/package_search?fq=organization:international-organization-for-migration&rows=50	json:result.results	50	Humanitarian Data Exchange — IOM datasets	Humanitarian Data Exchange — IOM datasets	africa_gov	opendata	en	africa,hdx,humanitarian	86400	IOM Displacement Tracking Matrix datasets on population movement and returns.
afr-hdx-org-ocha-roswa	https://data.humdata.org/api/3/action/package_search?fq=organization:ocha-rowca&rows=50	json:result.results	50	Humanitarian Data Exchange — OCHA West and Central Africa datasets	Humanitarian Data Exchange — OCHA West and Central Africa datasets	africa_gov	opendata	en	africa,hdx,humanitarian	43200	OCHA regional office datasets for West and Central Africa: 3W, access constraints and humanitarian needs.
afr-hdx-org-wfp	https://data.humdata.org/api/3/action/package_search?fq=organization:wfp&rows=50	json:result.results	50	Humanitarian Data Exchange — WFP datasets	Humanitarian Data Exchange — WFP datasets	africa_gov	opendata	en	africa,hdx,humanitarian	64800	World Food Programme datasets: market food prices, assessments and operational coverage.
afr-magov-grp-agriculture	https://www.data.gov.ma/data/api/3/action/package_search?fq=groups:agriculture&rows=50	json:result.results	10	data.gov.ma — Agriculture theme datasets	data.gov.ma — Agriculture theme datasets	africa_gov	opendata	fr	mar,opendata,ckan	21600	CKAN dataset listing for Agriculture theme on Morocco's national open-data portal, with resource URLs and update timestamps.
afr-magov-grp-cartographie	https://www.data.gov.ma/data/api/3/action/package_search?fq=groups:cartographie&rows=50	json:result.results	20	data.gov.ma — Cartography theme datasets	data.gov.ma — Cartography theme datasets	africa_gov	opendata	fr	mar,opendata,ckan	28800	CKAN dataset listing for Cartography theme on Morocco's national open-data portal, with resource URLs and update timestamps.
afr-magov-grp-emploi	https://www.data.gov.ma/data/api/3/action/package_search?fq=groups:emploi&rows=50	json:result.results	50	data.gov.ma — Employment theme datasets	data.gov.ma — Employment theme datasets	africa_gov	opendata	fr	mar,opendata,ckan	43200	CKAN dataset listing for Employment theme on Morocco's national open-data portal, with resource URLs and update timestamps.
afr-magov-grp-finance	https://www.data.gov.ma/data/api/3/action/package_search?fq=groups:finance&rows=50	json:result.results	50	data.gov.ma — Public finance theme datasets	data.gov.ma — Public finance theme datasets	africa_gov	opendata	fr	mar,opendata,ckan	64800	CKAN dataset listing for Public finance theme on Morocco's national open-data portal, with resource URLs and update timestamps.
afr-magov-grp-sante	https://www.data.gov.ma/data/api/3/action/package_search?fq=groups:sante&rows=50	json:result.results	18	data.gov.ma — Health theme datasets	data.gov.ma — Health theme datasets	africa_gov	opendata	fr	mar,opendata,ckan	86400	CKAN dataset listing for Health theme on Morocco's national open-data portal, with resource URLs and update timestamps.
afr-magov-grp-securite-routiere	https://www.data.gov.ma/data/api/3/action/package_search?fq=groups:securite-routiere&rows=50	json:result.results	4	data.gov.ma — Road-safety theme datasets	data.gov.ma — Road-safety theme datasets	africa_gov	opendata	fr	mar,opendata,ckan	21600	CKAN dataset listing for Road-safety theme on Morocco's national open-data portal, with resource URLs and update timestamps.
afr-magov-grp-transparence	https://www.data.gov.ma/data/api/3/action/package_search?fq=groups:transparence&rows=50	json:result.results	15	data.gov.ma — Transparency theme datasets	data.gov.ma — Transparency theme datasets	africa_gov	opendata	fr	mar,opendata,ckan	28800	CKAN dataset listing for Transparency theme on Morocco's national open-data portal, with resource URLs and update timestamps.
afr-magov-grp-transport	https://www.data.gov.ma/data/api/3/action/package_search?fq=groups:transport&rows=50	json:result.results	3	data.gov.ma — Transport theme datasets	data.gov.ma — Transport theme datasets	africa_gov	opendata	fr	mar,opendata,ckan	43200	CKAN dataset listing for Transport theme on Morocco's national open-data portal, with resource URLs and update timestamps.
afr-magov-org-agence-du-bassin-hydraulique-de-so	https://www.data.gov.ma/data/api/3/action/package_search?fq=organization:agence-du-bassin-hydraulique-de-souss-massa&rows=50	json:result.results	7	data.gov.ma — Souss-Massa Hydraulic Basin Agency datasets	data.gov.ma — Souss-Massa Hydraulic Basin Agency datasets	africa_gov	opendata	fr	mar,opendata,ckan	64800	CKAN dataset listing for Souss-Massa Hydraulic Basin Agency on Morocco's national open-data portal, with resource URLs and update timestamps.
afr-magov-org-ammc	https://www.data.gov.ma/data/api/3/action/package_search?fq=organization:ammc&rows=50	json:result.results	11	data.gov.ma — AMMC (capital markets authority) datasets	data.gov.ma — AMMC (capital markets authority) datasets	africa_gov	opendata	fr	mar,opendata,ckan	86400	CKAN dataset listing for AMMC (capital markets authority) on Morocco's national open-data portal, with resource URLs and update timestamps.
afr-magov-org-anrt	https://www.data.gov.ma/data/api/3/action/package_search?fq=organization:anrt&rows=50	json:result.results	16	data.gov.ma — ANRT (telecoms regulator) datasets	data.gov.ma — ANRT (telecoms regulator) datasets	africa_gov	opendata	fr	mar,opendata,ckan	21600	CKAN dataset listing for ANRT (telecoms regulator) on Morocco's national open-data portal, with resource URLs and update timestamps.
afr-magov-org-autorite-de-controle-des-assurance	https://www.data.gov.ma/data/api/3/action/package_search?fq=organization:autorite-de-controle-des-assurances-et-de-la-prevoyance-sociale&rows=50	json:result.results	8	data.gov.ma — Insurance and Social Welfare Supervisory Authority datasets	data.gov.ma — Insurance and Social Welfare Supervisory Authority datasets	africa_gov	opendata	fr	mar,opendata,ckan	28800	CKAN dataset listing for Insurance and Social Welfare Supervisory Authority on Morocco's national open-data portal, with resource URLs and update timestamps.
afr-magov-org-bank-al-maghrib	https://www.data.gov.ma/data/api/3/action/package_search?fq=organization:bank-al-maghrib&rows=50	json:result.results	43	data.gov.ma — Bank Al-Maghrib (central bank) datasets	data.gov.ma — Bank Al-Maghrib (central bank) datasets	africa_gov	opendata	fr	mar,opendata,ckan	43200	CKAN dataset listing for Bank Al-Maghrib (central bank) on Morocco's national open-data portal, with resource URLs and update timestamps.
afr-magov-org-cnss	https://www.data.gov.ma/data/api/3/action/package_search?fq=organization:cnss&rows=50	json:result.results	12	data.gov.ma — CNSS (social security fund) datasets	data.gov.ma — CNSS (social security fund) datasets	africa_gov	opendata	fr	mar,opendata,ckan	64800	CKAN dataset listing for CNSS (social security fund) on Morocco's national open-data portal, with resource URLs and update timestamps.
afr-magov-org-departement-de-la-peche-maritime	https://www.data.gov.ma/data/api/3/action/package_search?fq=organization:departement-de-la-peche-maritime&rows=50	json:result.results	9	data.gov.ma — Department of Maritime Fisheries datasets	data.gov.ma — Department of Maritime Fisheries datasets	africa_gov	opendata	fr	mar,opendata,ckan	86400	CKAN dataset listing for Department of Maritime Fisheries on Morocco's national open-data portal, with resource URLs and update timestamps.
afr-magov-org-haut-commissariat-au-plan	https://www.data.gov.ma/data/api/3/action/package_search?fq=organization:haut-commissariat-au-plan&rows=50	json:result.results	50	data.gov.ma — Haut-Commissariat au Plan (national statistics) datasets	data.gov.ma — Haut-Commissariat au Plan (national statistics) datasets	africa_gov	opendata	fr	mar,opendata,ckan	21600	CKAN dataset listing for Haut-Commissariat au Plan (national statistics) on Morocco's national open-data portal, with resource URLs and update timestamps.
afr-magov-org-l-instance-nationale-de-la-probite	https://www.data.gov.ma/data/api/3/action/package_search?fq=organization:l-instance-nationale-de-la-probite-de-la-prevention-et-de-la-lutte-contre-la-corruption&rows=50	json:result.results	15	data.gov.ma — National Anti-Corruption Authority datasets	data.gov.ma — National Anti-Corruption Authority datasets	africa_gov	opendata	fr	mar,opendata,ckan	28800	CKAN dataset listing for National Anti-Corruption Authority on Morocco's national open-data portal, with resource URLs and update timestamps.
afr-magov-org-ministere-de-l-economie-et-des-fin	https://www.data.gov.ma/data/api/3/action/package_search?fq=organization:ministere-de-l-economie-et-des-finances&rows=50	json:result.results	50	data.gov.ma — Ministry of Economy and Finance datasets	data.gov.ma — Ministry of Economy and Finance datasets	africa_gov	opendata	fr	mar,opendata,ckan	43200	CKAN dataset listing for Ministry of Economy and Finance on Morocco's national open-data portal, with resource URLs and update timestamps.
afr-magov-org-ministere-de-l-industrie-du-commer	https://www.data.gov.ma/data/api/3/action/package_search?fq=organization:ministere-de-l-industrie-du-commerce-de-l-investissement-et-de-l-economie-numerique&rows=50	json:result.results	10	data.gov.ma — Ministry of Industry and Trade datasets	data.gov.ma — Ministry of Industry and Trade datasets	africa_gov	opendata	fr	mar,opendata,ckan	64800	CKAN dataset listing for Ministry of Industry and Trade on Morocco's national open-data portal, with resource URLs and update timestamps.
afr-magov-org-ministere-de-la-justice-et-des-lib	https://www.data.gov.ma/data/api/3/action/package_search?fq=organization:ministere-de-la-justice-et-des-libertes&rows=50	json:result.results	50	data.gov.ma — Ministry of Justice datasets	data.gov.ma — Ministry of Justice datasets	africa_gov	opendata	fr	mar,opendata,ckan	86400	CKAN dataset listing for Ministry of Justice on Morocco's national open-data portal, with resource URLs and update timestamps.
afr-magov-org-ministere-de-la-reforme-de-l-admin	https://www.data.gov.ma/data/api/3/action/package_search?fq=organization:ministere-de-la-reforme-de-l-administration-et-de-la-fonction-publique&rows=50	json:result.results	20	data.gov.ma — Ministry of Administrative Reform datasets	data.gov.ma — Ministry of Administrative Reform datasets	africa_gov	opendata	fr	mar,opendata,ckan	21600	CKAN dataset listing for Ministry of Administrative Reform on Morocco's national open-data portal, with resource URLs and update timestamps.
afr-magov-org-ministere-de-la-sante	https://www.data.gov.ma/data/api/3/action/package_search?fq=organization:ministere-de-la-sante&rows=50	json:result.results	8	data.gov.ma — Ministry of Health datasets	data.gov.ma — Ministry of Health datasets	africa_gov	opendata	fr	mar,opendata,ckan	28800	CKAN dataset listing for Ministry of Health on Morocco's national open-data portal, with resource URLs and update timestamps.
afr-magov-org-narsa	https://www.data.gov.ma/data/api/3/action/package_search?fq=organization:narsa&rows=50	json:result.results	7	data.gov.ma — NARSA (road safety agency) datasets	data.gov.ma — NARSA (road safety agency) datasets	africa_gov	opendata	fr	mar,opendata,ckan	43200	CKAN dataset listing for NARSA (road safety agency) on Morocco's national open-data portal, with resource URLs and update timestamps.
afr-magov-org-parlement	https://www.data.gov.ma/data/api/3/action/package_search?fq=organization:parlement&rows=50	json:result.results	11	data.gov.ma — Parliament of Morocco datasets	data.gov.ma — Parliament of Morocco datasets	africa_gov	opendata	fr	mar,opendata,ckan	64800	CKAN dataset listing for Parliament of Morocco on Morocco's national open-data portal, with resource URLs and update timestamps.
afr-ilgov-org-airport-authority	https://data.gov.il/api/3/action/package_search?fq=organization:airport_authority&rows=50	json:result.results	4	data.gov.il — Israel Airports Authority datasets	data.gov.il — Israel Airports Authority datasets	mena_gov	transport	he	isr,opendata,ckan	21600	CKAN dataset listing published by Israel Airports Authority on Israel's national open-data portal.
afr-ilgov-org-bank-israel	https://data.gov.il/api/3/action/package_search?fq=organization:bank_israel&rows=50	json:result.results	30	data.gov.il — Bank of Israel datasets	data.gov.il — Bank of Israel datasets	mena_gov	economy	he	isr,opendata,ckan	28800	CKAN dataset listing published by Bank of Israel on Israel's national open-data portal.
afr-ilgov-org-central-election-committee	https://data.gov.il/api/3/action/package_search?fq=organization:central-election-committee&rows=50	json:result.results	2	data.gov.il — Central Elections Committee datasets	data.gov.il — Central Elections Committee datasets	mena_gov	elections	he	isr,opendata,ckan	43200	CKAN dataset listing published by Central Elections Committee on Israel's national open-data portal.
afr-ilgov-org-cma	https://data.gov.il/api/3/action/package_search?fq=organization:cma&rows=50	json:result.results	9	data.gov.il — Capital Market, Insurance and Savings Authority datasets	data.gov.il — Capital Market, Insurance and Savings Authority datasets	mena_gov	economy	he	isr,opendata,ckan	64800	CKAN dataset listing published by Capital Market, Insurance and Savings Authority on Israel's national open-data portal.
afr-ilgov-org-energy-and-water	https://data.gov.il/api/3/action/package_search?fq=organization:energy_and_water&rows=50	json:result.results	8	data.gov.il — Ministry of Energy and Water datasets	data.gov.il — Ministry of Energy and Water datasets	mena_gov	energy	he	isr,opendata,ckan	86400	CKAN dataset listing published by Ministry of Energy and Water on Israel's national open-data portal.
afr-ilgov-org-firefightingcommission	https://data.gov.il/api/3/action/package_search?fq=organization:firefightingcommission&rows=50	json:result.results	9	data.gov.il — National Fire and Rescue Authority datasets	data.gov.il — National Fire and Rescue Authority datasets	africa_hazard	hazard	he	isr,opendata,ckan	21600	CKAN dataset listing published by National Fire and Rescue Authority on Israel's national open-data portal.
afr-ilgov-org-interior-affairs	https://data.gov.il/api/3/action/package_search?fq=organization:interior_affairs&rows=50	json:result.results	13	data.gov.il — Ministry of Interior datasets	data.gov.il — Ministry of Interior datasets	mena_gov	gov	he	isr,opendata,ckan	28800	CKAN dataset listing published by Ministry of Interior on Israel's national open-data portal.
afr-ilgov-org-iplan	https://data.gov.il/api/3/action/package_search?fq=organization:iplan&rows=50	json:result.results	13	data.gov.il — National Planning Administration datasets	data.gov.il — National Planning Administration datasets	mena_gov	gov	he	isr,opendata,ckan	43200	CKAN dataset listing published by National Planning Administration on Israel's national open-data portal.
afr-ilgov-org-israel-mapping-center	https://data.gov.il/api/3/action/package_search?fq=organization:israel_mapping_center&rows=50	json:result.results	50	data.gov.il — Survey of Israel (mapping centre) datasets	data.gov.il — Survey of Israel (mapping centre) datasets	mena_gov	opendata	he	isr,opendata,ckan	64800	CKAN dataset listing published by Survey of Israel (mapping centre) on Israel's national open-data portal.
afr-ilgov-org-israel-police	https://data.gov.il/api/3/action/package_search?fq=organization:israel-police&rows=50	json:result.results	4	data.gov.il — Israel Police datasets	data.gov.il — Israel Police datasets	mena_gov	security	he	isr,opendata,ckan	86400	CKAN dataset listing published by Israel Police on Israel's national open-data portal.
afr-ilgov-org-knesset	https://data.gov.il/api/3/action/package_search?fq=organization:knesset&rows=50	json:result.results	8	data.gov.il — Knesset datasets	data.gov.il — Knesset datasets	mena_gov	gov	he	isr,opendata,ckan	21600	CKAN dataset listing published by Knesset on Israel's national open-data portal.
afr-ilgov-org-lamas	https://data.gov.il/api/3/action/package_search?fq=organization:lamas&rows=50	json:result.results	14	data.gov.il — Central Bureau of Statistics datasets	data.gov.il — Central Bureau of Statistics datasets	mena_gov	economy	he	isr,opendata,ckan	28800	CKAN dataset listing published by Central Bureau of Statistics on Israel's national open-data portal.
afr-ilgov-org-meteorological-service	https://data.gov.il/api/3/action/package_search?fq=organization:meteorological_service&rows=50	json:result.results	5	data.gov.il — Israel Meteorological Service datasets	data.gov.il — Israel Meteorological Service datasets	africa_hazard	hazard	he	isr,opendata,ckan	43200	CKAN dataset listing published by Israel Meteorological Service on Israel's national open-data portal.
afr-ilgov-org-ministry-health	https://data.gov.il/api/3/action/package_search?fq=organization:ministry-health&rows=50	json:result.results	50	data.gov.il — Ministry of Health datasets	data.gov.il — Ministry of Health datasets	mena_gov	health	he	isr,opendata,ckan	64800	CKAN dataset listing published by Ministry of Health on Israel's national open-data portal.
afr-ilgov-org-ministry-of-agriculture	https://data.gov.il/api/3/action/package_search?fq=organization:ministry_of_agriculture&rows=50	json:result.results	18	data.gov.il — Ministry of Agriculture datasets	data.gov.il — Ministry of Agriculture datasets	mena_gov	environment	he	isr,opendata,ckan	86400	CKAN dataset listing published by Ministry of Agriculture on Israel's national open-data portal.
afr-ilgov-org-ministry-of-justice	https://data.gov.il/api/3/action/package_search?fq=organization:ministry_of_justice&rows=50	json:result.results	50	data.gov.il — Ministry of Justice datasets	data.gov.il — Ministry of Justice datasets	mena_gov	gov	he	isr,opendata,ckan	21600	CKAN dataset listing published by Ministry of Justice on Israel's national open-data portal.
afr-ilgov-org-ministry-of-the-environment	https://data.gov.il/api/3/action/package_search?fq=organization:ministry_of_the_environment&rows=50	json:result.results	50	data.gov.il — Ministry of Environmental Protection datasets	data.gov.il — Ministry of Environmental Protection datasets	mena_gov	environment	he	isr,opendata,ckan	28800	CKAN dataset listing published by Ministry of Environmental Protection on Israel's national open-data portal.
afr-ilgov-org-ministry-of-transport	https://data.gov.il/api/3/action/package_search?fq=organization:ministry_of_transport&rows=50	json:result.results	50	data.gov.il — Ministry of Transport datasets	data.gov.il — Ministry of Transport datasets	mena_gov	transport	he	isr,opendata,ckan	43200	CKAN dataset listing published by Ministry of Transport on Israel's national open-data portal.
afr-ilgov-org-mof	https://data.gov.il/api/3/action/package_search?fq=organization:mof&rows=50	json:result.results	50	data.gov.il — Ministry of Finance datasets	data.gov.il — Ministry of Finance datasets	mena_gov	economy	he	isr,opendata,ckan	64800	CKAN dataset listing published by Ministry of Finance on Israel's national open-data portal.
afr-ilgov-org-population-authority	https://data.gov.il/api/3/action/package_search?fq=organization:population_authority&rows=50	json:result.results	9	data.gov.il — Population and Immigration Authority datasets	data.gov.il — Population and Immigration Authority datasets	mena_gov	gov	he	isr,opendata,ckan	86400	CKAN dataset listing published by Population and Immigration Authority on Israel's national open-data portal.
afr-ilgov-org-social-security	https://data.gov.il/api/3/action/package_search?fq=organization:social_security&rows=50	json:result.results	21	data.gov.il — National Insurance Institute datasets	data.gov.il — National Insurance Institute datasets	mena_gov	economy	he	isr,opendata,ckan	21600	CKAN dataset listing published by National Insurance Institute on Israel's national open-data portal.
afr-ilgov-org-the-israel-lands-administration	https://data.gov.il/api/3/action/package_search?fq=organization:the_israel_lands_administration&rows=50	json:result.results	3	data.gov.il — Israel Land Authority datasets	data.gov.il — Israel Land Authority datasets	mena_gov	gov	he	isr,opendata,ckan	28800	CKAN dataset listing published by Israel Land Authority on Israel's national open-data portal.
afr-ilgov-ds-batei-esek-42e73a	https://data.gov.il/api/3/action/datastore_search?resource_id=42e73a60-7acc-4c5d-b4ec-b0e468a73c51&limit=100	json:result.records	100	data.gov.il — Ministry of Transport — licensed vehicle businesses	data.gov.il — Ministry of Transport — licensed vehicle businesses	mena_gov	economy	he	isr,opendata,datastore	21600	Register of licensed garages and vehicle-service businesses with location and licence class.
afr-ilgov-ds-database-of-doctors-licenses-9c64c5	https://data.gov.il/api/3/action/datastore_search?resource_id=9c64c522-bbc2-48fe-96fb-3b2a8626f59e&limit=100	json:result.records	100	data.gov.il — Ministry of Health — licensed physicians register	data.gov.il — Ministry of Health — licensed physicians register	mena_gov	health	he	isr,opendata,datastore	28800	Register of licensed physicians in Israel with licence number, speciality and issue date.
afr-ilgov-ds-driving-shcool-3f06e2	https://data.gov.il/api/3/action/datastore_search?resource_id=3f06e2f2-e2ad-41ac-9665-37d0625537f2&limit=100	json:result.records	100	data.gov.il — Ministry of Transport — licensed driving schools	data.gov.il — Ministry of Transport — licensed driving schools	mena_gov	transport	he	isr,opendata,datastore	43200	Register of licensed driving schools with address and licence status.
afr-ilgov-ds-flydata-e83f76	https://data.gov.il/api/3/action/datastore_search?resource_id=e83f763b-b7d7-479e-b172-ae981ddc6de5&limit=100	json:result.records	100	data.gov.il — Israel Airports Authority — flight schedule and status	data.gov.il — Israel Airports Authority — flight schedule and status	mena_gov	transport	he	isr,opendata,datastore	64800	Live arrivals and departures for Israeli airports: flight number, airline, origin, scheduled and actual times.
afr-ilgov-ds-gemelnet-91c849	https://data.gov.il/api/3/action/datastore_search?resource_id=91c849ed-ddc4-472b-bd09-0f5486cea35c&limit=100	json:result.records	100	data.gov.il — Capital Market Authority — provident fund returns (Gemelnet)	data.gov.il — Capital Market Authority — provident fund returns (Gemelnet)	mena_gov	economy	he	isr,opendata,datastore	86400	Monthly provident-fund performance, assets and fee data for Israeli funds.
afr-ilgov-ds-goverment-domesticdebt-c92fdd	https://data.gov.il/api/3/action/datastore_search?resource_id=c92fdda2-0939-4110-8ebc-edfcf35e8723&limit=100	json:result.records	100	data.gov.il — Ministry of Finance — government domestic debt series	data.gov.il — Ministry of Finance — government domestic debt series	mena_gov	economy	he	isr,opendata,datastore	21600	Israeli government domestic debt issuance and outstanding balances by instrument.
afr-ilgov-ds-insurance-584e6b	https://data.gov.il/api/3/action/datastore_search?resource_id=584e6b69-174f-46c9-b8db-03925b4c68c6&limit=100	json:result.records	100	data.gov.il — Capital Market Authority — insurance market statistics	data.gov.il — Capital Market Authority — insurance market statistics	mena_gov	economy	he	isr,opendata,datastore	28800	Insurer-level premium, claims and portfolio statistics from Israel's capital market regulator.
afr-ilgov-ds-kli-rechev-ciburiim-cf2986	https://data.gov.il/api/3/action/datastore_search?resource_id=cf29862d-ca25-4691-84f6-1be60dcb4a1e&limit=100	json:result.records	100	data.gov.il — Ministry of Transport — public-service vehicles register	data.gov.il — Ministry of Transport — public-service vehicles register	mena_gov	transport	he	isr,opendata,datastore	43200	Registry of buses and public-service vehicles licensed in Israel with operator and model detail.
afr-ilgov-ds-list-measles-vaccination-sta-545337	https://data.gov.il/api/3/action/datastore_search?resource_id=54533763-9edb-4fff-bc9b-1952f1ae66d0&limit=100	json:result.records	100	data.gov.il — Ministry of Health — measles vaccination stations	data.gov.il — Ministry of Health — measles vaccination stations	mena_gov	health	he	isr,opendata,datastore	64800	Locations and opening hours of measles vaccination stations operated by the Israeli health ministry.
afr-ilgov-ds-pensia-net-a66926	https://data.gov.il/api/3/action/datastore_search?resource_id=a66926f3-e396-4984-a4db-75486751c2f7&limit=100	json:result.records	100	data.gov.il — Capital Market Authority — pension fund returns (Pensianet)	data.gov.il — Capital Market Authority — pension fund returns (Pensianet)	mena_gov	economy	he	isr,opendata,datastore	86400	Pension-fund yields, assets under management and fee schedules.
afr-ilgov-ds-private-and-commercial-vehic-053cea	https://data.gov.il/api/3/action/datastore_search?resource_id=053cea08-09bc-40ec-8f7a-156f0677aff3&limit=100	json:result.records	100	data.gov.il — Ministry of Transport — private and commercial vehicle register	data.gov.il — Ministry of Transport — private and commercial vehicle register	mena_gov	transport	he	isr,opendata,datastore	21600	Vehicle registration records with make, model, year, fuel type and ownership category.
afr-ilgov-ds-recall-2c3352	https://data.gov.il/api/3/action/datastore_search?resource_id=2c33523f-87aa-44ec-a736-edbb0a82975e&limit=100	json:result.records	100	data.gov.il — Ministry of Transport — vehicle safety recalls	data.gov.il — Ministry of Transport — vehicle safety recalls	mena_gov	transport	he	isr,opendata,datastore	28800	Vehicle recall notices with manufacturer, model, defect description and remedy.
afr-ibb-grp-cevre-hizmetleri	https://data.ibb.gov.tr/api/3/action/package_search?fq=groups:cevre-hizmetleri&rows=50	json:result.results	50	Istanbul Metropolitan Municipality open data — environmental services theme	Istanbul Metropolitan Municipality open data — environmental services theme	mena_gov	environment	tr	tur,opendata,ckan,istanbul	21600	CKAN dataset listing for the environmental services theme on Istanbul's municipal open-data portal.
afr-ibb-grp-ekonomi	https://data.ibb.gov.tr/api/3/action/package_search?fq=groups:ekonomi&rows=50	json:result.results	44	Istanbul Metropolitan Municipality open data — economy theme	Istanbul Metropolitan Municipality open data — economy theme	mena_gov	economy	tr	tur,opendata,ckan,istanbul	28800	CKAN dataset listing for the economy theme on Istanbul's municipal open-data portal.
afr-ibb-grp-enerji-hizmetleri	https://data.ibb.gov.tr/api/3/action/package_search?fq=groups:enerji-hizmetleri&rows=50	json:result.results	34	Istanbul Metropolitan Municipality open data — energy services theme	Istanbul Metropolitan Municipality open data — energy services theme	mena_gov	energy	tr	tur,opendata,ckan,istanbul	43200	CKAN dataset listing for the energy services theme on Istanbul's municipal open-data portal.
afr-ibb-grp-guvenlik	https://data.ibb.gov.tr/api/3/action/package_search?fq=groups:guvenlik&rows=50	json:result.results	28	Istanbul Metropolitan Municipality open data — safety and security theme	Istanbul Metropolitan Municipality open data — safety and security theme	mena_gov	security	tr	tur,opendata,ckan,istanbul	64800	CKAN dataset listing for the safety and security theme on Istanbul's municipal open-data portal.
afr-ibb-grp-ulasim-hizmetleri	https://data.ibb.gov.tr/api/3/action/package_search?fq=groups:ulasim-hizmetleri&rows=50	json:result.results	50	Istanbul Metropolitan Municipality open data — transport services theme	Istanbul Metropolitan Municipality open data — transport services theme	mena_gov	transport	tr	tur,opendata,ckan,istanbul	86400	CKAN dataset listing for the transport services theme on Istanbul's municipal open-data portal.
afr-ibb-org-afet-isleri-dairesi-baskanligi	https://data.ibb.gov.tr/api/3/action/package_search?fq=organization:afet-isleri-dairesi-baskanligi&rows=50	json:result.results	1	Istanbul Metropolitan Municipality open data — Disaster Affairs Department	Istanbul Metropolitan Municipality open data — Disaster Affairs Department	africa_hazard	hazard	tr	tur,opendata,ckan,istanbul	21600	CKAN dataset listing for the Disaster Affairs Department on Istanbul's municipal open-data portal.
afr-ibb-org-cevre-koruma-ve-kontrol-daire-bask	https://data.ibb.gov.tr/api/3/action/package_search?fq=organization:cevre-koruma-ve-kontrol-daire-baskanligi&rows=50	json:result.results	20	Istanbul Metropolitan Municipality open data — Environmental Protection and Control Department	Istanbul Metropolitan Municipality open data — Environmental Protection and Control Department	mena_gov	environment	tr	tur,opendata,ckan,istanbul	28800	CKAN dataset listing for the Environmental Protection and Control Department on Istanbul's municipal open-data portal.
afr-ibb-org-deprem-risk-yonetimi-ve-kentsel-iy	https://data.ibb.gov.tr/api/3/action/package_search?fq=organization:deprem-risk-yonetimi-ve-kentsel-iyilestirme-daire-baskanligi&rows=50	json:result.results	2	Istanbul Metropolitan Municipality open data — Earthquake Risk Management and Urban Improvement Department	Istanbul Metropolitan Municipality open data — Earthquake Risk Management and Urban Improvement Department	africa_hazard	hazard	tr	tur,opendata,ckan,istanbul	43200	CKAN dataset listing for the Earthquake Risk Management and Urban Improvement Department on Istanbul's municipal open-data portal.
afr-ibb-org-i-s-k-i	https://data.ibb.gov.tr/api/3/action/package_search?fq=organization:i-s-k-i&rows=50	json:result.results	18	Istanbul Metropolitan Municipality open data — ISKI (water and sewerage authority)	Istanbul Metropolitan Municipality open data — ISKI (water and sewerage authority)	mena_gov	environment	tr	tur,opendata,ckan,istanbul	64800	CKAN dataset listing for the ISKI (water and sewerage authority) on Istanbul's municipal open-data portal.
afr-ibb-org-iett-genel-mudurlugu	https://data.ibb.gov.tr/api/3/action/package_search?fq=organization:iett-genel-mudurlugu&rows=50	json:result.results	12	Istanbul Metropolitan Municipality open data — IETT (bus authority)	Istanbul Metropolitan Municipality open data — IETT (bus authority)	mena_gov	transport	tr	tur,opendata,ckan,istanbul	86400	CKAN dataset listing for the IETT (bus authority) on Istanbul's municipal open-data portal.
afr-ibb-org-igdas	https://data.ibb.gov.tr/api/3/action/package_search?fq=organization:igdas&rows=50	json:result.results	7	Istanbul Metropolitan Municipality open data — IGDAS (gas distribution)	Istanbul Metropolitan Municipality open data — IGDAS (gas distribution)	mena_gov	energy	tr	tur,opendata,ckan,istanbul	21600	CKAN dataset listing for the IGDAS (gas distribution) on Istanbul's municipal open-data portal.
afr-ibb-org-istanbul-enerji-a-s	https://data.ibb.gov.tr/api/3/action/package_search?fq=organization:istanbul-enerji-a-s&rows=50	json:result.results	6	Istanbul Metropolitan Municipality open data — Istanbul Enerji	Istanbul Metropolitan Municipality open data — Istanbul Enerji	mena_gov	energy	tr	tur,opendata,ckan,istanbul	28800	CKAN dataset listing for the Istanbul Enerji on Istanbul's municipal open-data portal.
afr-ibb-org-istanbul-istatistik-ofisi	https://data.ibb.gov.tr/api/3/action/package_search?fq=organization:istanbul-istatistik-ofisi&rows=50	json:result.results	13	Istanbul Metropolitan Municipality open data — Istanbul Statistics Office	Istanbul Metropolitan Municipality open data — Istanbul Statistics Office	mena_gov	economy	tr	tur,opendata,ckan,istanbul	43200	CKAN dataset listing for the Istanbul Statistics Office on Istanbul's municipal open-data portal.
afr-ibb-org-itfaiye-daire-baskanligi	https://data.ibb.gov.tr/api/3/action/package_search?fq=organization:itfaiye-daire-baskanligi&rows=50	json:result.results	19	Istanbul Metropolitan Municipality open data — Istanbul Fire Brigade	Istanbul Metropolitan Municipality open data — Istanbul Fire Brigade	africa_hazard	hazard	tr	tur,opendata,ckan,istanbul	64800	CKAN dataset listing for the Istanbul Fire Brigade on Istanbul's municipal open-data portal.
afr-ibb-org-metro-istanbul-a-s	https://data.ibb.gov.tr/api/3/action/package_search?fq=organization:metro-istanbul-a-s&rows=50	json:result.results	37	Istanbul Metropolitan Municipality open data — Metro Istanbul	Istanbul Metropolitan Municipality open data — Metro Istanbul	mena_gov	transport	tr	tur,opendata,ckan,istanbul	86400	CKAN dataset listing for the Metro Istanbul on Istanbul's municipal open-data portal.
afr-ibb-org-rayli-sistem-daire-baskanligi	https://data.ibb.gov.tr/api/3/action/package_search?fq=organization:rayli-sistem-daire-baskanligi&rows=50	json:result.results	25	Istanbul Metropolitan Municipality open data — Rail Systems Department	Istanbul Metropolitan Municipality open data — Rail Systems Department	mena_gov	transport	tr	tur,opendata,ckan,istanbul	21600	CKAN dataset listing for the Rail Systems Department on Istanbul's municipal open-data portal.
afr-ibb-org-saglik-daire-baskanligi	https://data.ibb.gov.tr/api/3/action/package_search?fq=organization:saglik-daire-baskanligi&rows=50	json:result.results	10	Istanbul Metropolitan Municipality open data — Health Department	Istanbul Metropolitan Municipality open data — Health Department	mena_gov	health	tr	tur,opendata,ckan,istanbul	28800	CKAN dataset listing for the Health Department on Istanbul's municipal open-data portal.
afr-ibb-org-tuik	https://data.ibb.gov.tr/api/3/action/package_search?fq=organization:tuik&rows=50	json:result.results	31	Istanbul Metropolitan Municipality open data — TurkStat series republished by Istanbul	Istanbul Metropolitan Municipality open data — TurkStat series republished by Istanbul	mena_gov	economy	tr	tur,opendata,ckan,istanbul	43200	CKAN dataset listing for the TurkStat series republished by Istanbul on Istanbul's municipal open-data portal.
afr-ibb-org-ulasim-daire-baskanligi	https://data.ibb.gov.tr/api/3/action/package_search?fq=organization:ulasim-daire-baskanligi&rows=50	json:result.results	46	Istanbul Metropolitan Municipality open data — Transport Department	Istanbul Metropolitan Municipality open data — Transport Department	mena_gov	transport	tr	tur,opendata,ckan,istanbul	64800	CKAN dataset listing for the Transport Department on Istanbul's municipal open-data portal.
afr-ibb-org-zabita-daire-baskanligi	https://data.ibb.gov.tr/api/3/action/package_search?fq=organization:zabita-daire-baskanligi&rows=50	json:result.results	6	Istanbul Metropolitan Municipality open data — Municipal Police Department	Istanbul Metropolitan Municipality open data — Municipal Police Department	mena_gov	security	tr	tur,opendata,ckan,istanbul	86400	CKAN dataset listing for the Municipal Police Department on Istanbul's municipal open-data portal.
afr-ibb-ds-cankurtaran-verisi-aebcd2	https://data.ibb.gov.tr/api/3/action/datastore_search?resource_id=aebcd207-3dbe-4637-875f-11695451e527&limit=100	json:result.records	51	Istanbul open data — lifeguard intervention records	Istanbul open data — lifeguard intervention records	africa_hazard	hazard	tr	tur,opendata,datastore,istanbul	21600	Beach lifeguard rescue and intervention counts across Istanbul coastal districts.
afr-ibb-ds-cozum-merkezi-konumlari-c2f23d	https://data.ibb.gov.tr/api/3/action/datastore_search?resource_id=c2f23d69-ab98-4fc5-b409-f267c7b528f3&limit=100	json:result.records	54	Istanbul open data — citizen solution-centre locations	Istanbul open data — citizen solution-centre locations	mena_gov	gov	tr	tur,opendata,datastore,istanbul	28800	Addresses and coordinates of Istanbul municipal citizen service centres.
afr-ibb-ds-istanbul-ili-balikci-bulunma-c80b92	https://data.ibb.gov.tr/api/3/action/datastore_search?resource_id=c80b921a-ef74-49c6-b1dc-a6fe1b73c67c&limit=100	json:result.records	73	Istanbul open data — fishing shelters and landing sites	Istanbul open data — fishing shelters and landing sites	mena_gov	environment	tr	tur,opendata,datastore,istanbul	43200	Locations of fishing shelters and landing points along the Istanbul coastline.
afr-ibb-ds-itfai-istatistikler-yangin-794a5d	https://data.ibb.gov.tr/api/3/action/datastore_search?resource_id=794a5d20-915d-4b63-9a94-6b56ecf03de3&limit=100	json:result.records	100	Istanbul open data — fire incident statistics	Istanbul open data — fire incident statistics	africa_hazard	hazard	tr	tur,opendata,datastore,istanbul	64800	Istanbul fire-brigade incident counts by district and cause.
afr-ibb-ds-muzelerimiz-ve-ziyaretci-say-66753e	https://data.ibb.gov.tr/api/3/action/datastore_search?resource_id=66753e91-4493-4aff-add3-4c78f966366c&limit=100	json:result.records	39	Istanbul open data — museum visitor counts	Istanbul open data — museum visitor counts	mena_gov	gov	tr	tur,opendata,datastore,istanbul	21600	Visitor numbers for museums operated by Istanbul Metropolitan Municipality.
afr-ibb-ds-sehir-hatlari-a-s-denizyolu-dbe63c	https://data.ibb.gov.tr/api/3/action/datastore_search?resource_id=dbe63c15-e49a-4b49-b3bd-308e4e0a5d87&limit=100	json:result.records	31	Istanbul open data — Sehir Hatlari ferry services	Istanbul open data — Sehir Hatlari ferry services	mena_gov	transport	tr	tur,opendata,datastore,istanbul	28800	Istanbul city-lines ferry route and passenger statistics.
afr-izmir-ds-afet-ve-acil-durum-toplanma-e62687	https://acikveri.bizizmir.com/api/3/action/datastore_search?resource_id=e626876b-f121-4101-90c2-b6db03b13d6b&limit=100	json:result.records	100	Izmir Metropolitan Municipality open data — disaster assembly areas	Izmir Metropolitan Municipality open data — disaster assembly areas	africa_hazard	hazard	tr	tur,opendata,ckan,izmir	21600	Izmir municipal open-data records for disaster assembly areas, published as CKAN JSON.
afr-izmir-ds-co2-emisyon-degerleri-ton-ve-d2ec44	https://acikveri.bizizmir.com/api/3/action/datastore_search?resource_id=d2ec448e-f225-430e-9e26-2a7b51e539b6&limit=100	json:result.records	78	Izmir Metropolitan Municipality open data — CO2 emission values	Izmir Metropolitan Municipality open data — CO2 emission values	mena_gov	environment	tr	tur,opendata,ckan,izmir	43200	Izmir municipal open-data records for CO2 emission values, published as CKAN JSON.
afr-izmir-ds-eshot-otobus-hat-listesi-bd6c84	https://acikveri.bizizmir.com/api/3/action/datastore_search?resource_id=bd6c84f8-49ba-4cf4-81f8-81a0fbb5caa3&limit=100	json:result.records	100	Izmir Metropolitan Municipality open data — ESHOT bus route list	Izmir Metropolitan Municipality open data — ESHOT bus route list	mena_gov	transport	tr	tur,opendata,ckan,izmir	64800	Izmir municipal open-data records for ESHOT bus route list, published as CKAN JSON.
afr-izmir-ds-izmir-ili-arizali-kazali-ara-e48328	https://acikveri.bizizmir.com/api/3/action/datastore_search?resource_id=e4832801-ccfe-4e29-8a14-5c7d63545984&limit=100	json:result.records	100	Izmir Metropolitan Municipality open data — breakdown and accident vehicle records	Izmir Metropolitan Municipality open data — breakdown and accident vehicle records	mena_gov	transport	tr	tur,opendata,ckan,izmir	86400	Izmir municipal open-data records for breakdown and accident vehicle records, published as CKAN JSON.
afr-izmir-ds-taksi-durak-bilgileri-64a725	https://acikveri.bizizmir.com/api/3/action/datastore_search?resource_id=64a72577-5f4c-404c-8842-780d88f351df&limit=100	json:result.records	100	Izmir Metropolitan Municipality open data — taxi rank locations	Izmir Metropolitan Municipality open data — taxi rank locations	mena_gov	transport	tr	tur,opendata,ckan,izmir	21600	Izmir municipal open-data records for taxi rank locations, published as CKAN JSON.
afr-izmir-grp-afet-ve-acil-durum-yonetimi	https://acikveri.bizizmir.com/api/3/action/package_search?fq=groups:afet-ve-acil-durum-yonetimi&rows=50	json:result.results	15	Izmir Metropolitan Municipality open data — disaster and emergency management theme	Izmir Metropolitan Municipality open data — disaster and emergency management theme	africa_hazard	hazard	tr	tur,opendata,ckan,izmir	28800	Izmir municipal open-data records for disaster and emergency management theme, published as CKAN JSON.
afr-izmir-grp-altyapi	https://acikveri.bizizmir.com/api/3/action/package_search?fq=groups:altyapi&rows=50	json:result.results	50	Izmir Metropolitan Municipality open data — infrastructure theme	Izmir Metropolitan Municipality open data — infrastructure theme	mena_gov	environment	tr	tur,opendata,ckan,izmir	43200	Izmir municipal open-data records for infrastructure theme, published as CKAN JSON.
afr-izmir-grp-cografi-bilgi-sistemleri	https://acikveri.bizizmir.com/api/3/action/package_search?fq=groups:cografi-bilgi-sistemleri&rows=50	json:result.results	50	Izmir Metropolitan Municipality open data — geographic information systems theme	Izmir Metropolitan Municipality open data — geographic information systems theme	mena_gov	opendata	tr	tur,opendata,ckan,izmir	64800	Izmir municipal open-data records for geographic information systems theme, published as CKAN JSON.
afr-izmir-org-afet-isleri-daires	https://acikveri.bizizmir.com/api/3/action/package_search?fq=organization:afet-isleri-daires&rows=50	json:result.results	3	Izmir Metropolitan Municipality open data — Disaster Affairs Department	Izmir Metropolitan Municipality open data — Disaster Affairs Department	africa_hazard	hazard	tr	tur,opendata,ckan,izmir	86400	Izmir municipal open-data records for Disaster Affairs Department, published as CKAN JSON.
afr-izmir-org-eshot	https://acikveri.bizizmir.com/api/3/action/package_search?fq=organization:eshot&rows=50	json:result.results	12	Izmir Metropolitan Municipality open data — ESHOT (bus authority)	Izmir Metropolitan Municipality open data — ESHOT (bus authority)	mena_gov	transport	tr	tur,opendata,ckan,izmir	21600	Izmir municipal open-data records for ESHOT (bus authority), published as CKAN JSON.
afr-izmir-org-iklim-degisikligi-ve-sifir-atik-da	https://acikveri.bizizmir.com/api/3/action/package_search?fq=organization:iklim-degisikligi-ve-sifir-atik-dairesi-baskanligi&rows=50	json:result.results	13	Izmir Metropolitan Municipality open data — Climate Change and Zero Waste Department	Izmir Metropolitan Municipality open data — Climate Change and Zero Waste Department	mena_gov	environment	tr	tur,opendata,ckan,izmir	28800	Izmir municipal open-data records for Climate Change and Zero Waste Department, published as CKAN JSON.
afr-izmir-org-itfaiye-dairesi-baskanligi	https://acikveri.bizizmir.com/api/3/action/package_search?fq=organization:itfaiye-dairesi-baskanligi&rows=50	json:result.results	6	Izmir Metropolitan Municipality open data — Izmir Fire Brigade	Izmir Metropolitan Municipality open data — Izmir Fire Brigade	africa_hazard	hazard	tr	tur,opendata,ckan,izmir	43200	Izmir municipal open-data records for Izmir Fire Brigade, published as CKAN JSON.
afr-izmir-org-izmir-metro-a-s	https://acikveri.bizizmir.com/api/3/action/package_search?fq=organization:izmir-metro-a-s&rows=50	json:result.results	9	Izmir Metropolitan Municipality open data — Izmir Metro	Izmir Metropolitan Municipality open data — Izmir Metro	mena_gov	transport	tr	tur,opendata,ckan,izmir	64800	Izmir municipal open-data records for Izmir Metro, published as CKAN JSON.
afr-izmir-org-izsu	https://acikveri.bizizmir.com/api/3/action/package_search?fq=organization:izsu&rows=50	json:result.results	25	Izmir Metropolitan Municipality open data — IZSU (water and sewerage)	Izmir Metropolitan Municipality open data — IZSU (water and sewerage)	mena_gov	environment	tr	tur,opendata,ckan,izmir	86400	Izmir municipal open-data records for IZSU (water and sewerage), published as CKAN JSON.
afr-izmir-org-kentbilgi-dairesi-baskanligi	https://acikveri.bizizmir.com/api/3/action/package_search?fq=organization:kentbilgi-dairesi-baskanligi&rows=50	json:result.results	17	Izmir Metropolitan Municipality open data — City Information Department	Izmir Metropolitan Municipality open data — City Information Department	mena_gov	opendata	tr	tur,opendata,ckan,izmir	21600	Izmir municipal open-data records for City Information Department, published as CKAN JSON.
afr-izmir-org-ulasim-dairesi-baskanligi	https://acikveri.bizizmir.com/api/3/action/package_search?fq=organization:ulasim-dairesi-baskanligi&rows=50	json:result.results	12	Izmir Metropolitan Municipality open data — Transport Department	Izmir Metropolitan Municipality open data — Transport Department	mena_gov	transport	tr	tur,opendata,ckan,izmir	28800	Izmir municipal open-data records for Transport Department, published as CKAN JSON.
afr-qa-average-monthly-of-the-air-pollutants-	https://www.data.gov.qa/api/explore/v2.1/catalog/datasets/average-monthly-of-the-air-pollutants-indicator-aspire-zone/records?limit=50	json:results	50	data.gov.qa — monthly air pollutant concentrations	data.gov.qa — monthly air pollutant concentrations	mena_gov	environment	en	qat,opendata,opendatasoft	21600	Qatar national open-data records for monthly air pollutant concentrations, served as Opendatasoft JSON.
afr-qa-cargo-and-mail-activity-at-doha-intern	https://www.data.gov.qa/api/explore/v2.1/catalog/datasets/cargo-and-mail-activity-at-doha-international-airport-by-type-and-year/records?limit=50	json:results	10	data.gov.qa — cargo and mail activity at Doha International Airport	data.gov.qa — cargo and mail activity at Doha International Airport	mena_gov	transport	en	qat,opendata,opendatasoft	28800	Qatar national open-data records for cargo and mail activity at Doha International Airport, served as Opendatasoft JSON.
afr-qa-crude-birth-rate-crude-death-rates-and	https://www.data.gov.qa/api/explore/v2.1/catalog/datasets/crude-birth-rate-crude-death-rates-and-rate-of-natural-increase/records?limit=50	json:results	20	data.gov.qa — crude birth and death rates	data.gov.qa — crude birth and death rates	mena_gov	health	en	qat,opendata,opendatasoft	43200	Qatar national open-data records for crude birth and death rates, served as Opendatasoft JSON.
afr-qa-deaths-and-injuries-in-traffic-acciden	https://www.data.gov.qa/api/explore/v2.1/catalog/datasets/deaths-and-injuries-in-traffic-accidents-by-age-group-gender-and-role-of-injured/records?limit=50	json:results	39	data.gov.qa — deaths and injuries in traffic accidents	data.gov.qa — deaths and injuries in traffic accidents	africa_hazard	hazard	en	qat,opendata,opendatasoft	64800	Qatar national open-data records for deaths and injuries in traffic accidents, served as Opendatasoft JSON.
afr-qa-deposits-at-commercial-banks	https://www.data.gov.qa/api/explore/v2.1/catalog/datasets/deposits-at-commercial-banks/records?limit=50	json:results	50	data.gov.qa — deposits at commercial banks	data.gov.qa — deposits at commercial banks	mena_gov	economy	en	qat,opendata,opendatasoft	86400	Qatar national open-data records for deposits at commercial banks, served as Opendatasoft JSON.
afr-qa-economically-active-population-15-year	https://www.data.gov.qa/api/explore/v2.1/catalog/datasets/economically-active-population-15-years-and-above-by-nationality-gender-and-educational-status/records?limit=50	json:results	50	data.gov.qa — economically active population aged 15+	data.gov.qa — economically active population aged 15+	mena_gov	economy	en	qat,opendata,opendatasoft	21600	Qatar national open-data records for economically active population aged 15+, served as Opendatasoft JSON.
afr-qa-education-statistics-number-of-student	https://www.data.gov.qa/api/explore/v2.1/catalog/datasets/education-statistics-number-of-students-by-level-of-education-gender-type-of-education-and/records?limit=50	json:results	50	data.gov.qa — education statistics: student numbers	data.gov.qa — education statistics: student numbers	mena_gov	gov	en	qat,opendata,opendatasoft	28800	Qatar national open-data records for education statistics: student numbers, served as Opendatasoft JSON.
afr-qa-health-statistics-number-of-paramedics	https://www.data.gov.qa/api/explore/v2.1/catalog/datasets/health-statistics-number-of-paramedics-patients-by-gender/records?limit=50	json:results	6	data.gov.qa — health statistics: paramedic workforce	data.gov.qa — health statistics: paramedic workforce	mena_gov	health	en	qat,opendata,opendatasoft	43200	Qatar national open-data records for health statistics: paramedic workforce, served as Opendatasoft JSON.
afr-qa-number-of-arrivals-departures-and-tran	https://www.data.gov.qa/api/explore/v2.1/catalog/datasets/number-of-arrivals-departures-and-transient-via-doha-international-airport-by-month-and-year/records?limit=50	json:results	50	data.gov.qa — air passenger arrivals, departures and transits	data.gov.qa — air passenger arrivals, departures and transits	mena_gov	transport	en	qat,opendata,opendatasoft	64800	Qatar national open-data records for air passenger arrivals, departures and transits, served as Opendatasoft JSON.
afr-qa-phcc-patient-visits-by-health-center-a	https://www.data.gov.qa/api/explore/v2.1/catalog/datasets/phcc-patient-visits-by-health-center-and-region/records?limit=50	json:results	35	data.gov.qa — primary health-care patient visits by centre	data.gov.qa — primary health-care patient visits by centre	mena_gov	health	en	qat,opendata,opendatasoft	86400	Qatar national open-data records for primary health-care patient visits by centre, served as Opendatasoft JSON.
afr-qa-poultry-and-eggs-production	https://www.data.gov.qa/api/explore/v2.1/catalog/datasets/poultry-and-eggs-production/records?limit=50	json:results	48	data.gov.qa — poultry and egg production	data.gov.qa — poultry and egg production	mena_gov	environment	en	qat,opendata,opendatasoft	21600	Qatar national open-data records for poultry and egg production, served as Opendatasoft JSON.
afr-qa-qatar-exchange0	https://www.data.gov.qa/api/explore/v2.1/catalog/datasets/qatar-exchange0/records?limit=50	json:results	24	data.gov.qa — Qatar Exchange market indicators	data.gov.qa — Qatar Exchange market indicators	mena_gov	economy	en	qat,opendata,opendatasoft	28800	Qatar national open-data records for Qatar Exchange market indicators, served as Opendatasoft JSON.
afr-qa-registered-live-births-by-month-gender	https://www.data.gov.qa/api/explore/v2.1/catalog/datasets/registered-live-births-by-month-gender-and-municipality-non-qataris/records?limit=50	json:results	50	data.gov.qa — registered live births by month and gender	data.gov.qa — registered live births by month and gender	mena_gov	health	en	qat,opendata,opendatasoft	43200	Qatar national open-data records for registered live births by month and gender, served as Opendatasoft JSON.
afr-qa-sdg-11-5-3-damage-to-critical-infrastr	https://www.data.gov.qa/api/explore/v2.1/catalog/datasets/sdg-11-5-3-damage-to-critical-infrastructure-and-number-of-disruptions-to-basic-services-attributed/records?limit=50	json:results	48	data.gov.qa — SDG 11.5.3 damage to critical infrastructure from disasters	data.gov.qa — SDG 11.5.3 damage to critical infrastructure from disasters	africa_hazard	hazard	en	qat,opendata,opendatasoft	64800	Qatar national open-data records for SDG 11.5.3 damage to critical infrastructure from disasters, served as Opendatasoft JSON.
afr-qa-sdg-7-2-1-renewable-energy-share-in-to	https://www.data.gov.qa/api/explore/v2.1/catalog/datasets/sdg-7-2-1-renewable-energy-share-in-total-final-energy-consumption/records?limit=50	json:results	34	data.gov.qa — SDG 7.2.1 renewable energy share	data.gov.qa — SDG 7.2.1 renewable energy share	mena_gov	energy	en	qat,opendata,opendatasoft	86400	Qatar national open-data records for SDG 7.2.1 renewable energy share, served as Opendatasoft JSON.
afr-qa-sectoral-report-for-national-greenhous	https://www.data.gov.qa/api/explore/v2.1/catalog/datasets/sectoral-report-for-national-greenhouse-gas-inventories-for-energy/records?limit=50	json:results	25	data.gov.qa — national greenhouse gas inventory by sector	data.gov.qa — national greenhouse gas inventory by sector	mena_gov	environment	en	qat,opendata,opendatasoft	21600	Qatar national open-data records for national greenhouse gas inventory by sector, served as Opendatasoft JSON.
afr-qa-special-needs-statistics-number-of-peo	https://www.data.gov.qa/api/explore/v2.1/catalog/datasets/special-needs-statistics-number-of-people-registered-at-disabled-centers-by-nationality-gender-and0/records?limit=50	json:results	50	data.gov.qa — special-needs population statistics	data.gov.qa — special-needs population statistics	mena_gov	health	en	qat,opendata,opendatasoft	28800	Qatar national open-data records for special-needs population statistics, served as Opendatasoft JSON.
afr-grid3-grid3-ago-settlement-extents-v3-0-grid3-ago--0	https://services3.arcgis.com/BU6Aadhn6tbBEdyk/arcgis/rest/services/GRID3_AGO_Settlement_Extents_v3_0/FeatureServer/0/query?where=1%3D1&outFields=*&outSR=4326&resultRecordCount=500&f=geojson	geojson	500	GRID3 — Angola settlement extents	GRID3 — Angola settlement extents	africa_gov	opendata	en	ago,settlements,geospatial,grid3	64800	Polygon settlement extents for Angola (built-up areas classified as urban, small settlement or hamlet) with real geometry for map layers.
afr-grid3-grid3-bdi-settlement-extents-v3-0-grid3-bdi--0	https://services3.arcgis.com/BU6Aadhn6tbBEdyk/arcgis/rest/services/GRID3_BDI_Settlement_Extents_v3_0/FeatureServer/0/query?where=1%3D1&outFields=*&outSR=4326&resultRecordCount=500&f=geojson	geojson	500	GRID3 — Burundi settlement extents	GRID3 — Burundi settlement extents	africa_gov	opendata	en	bdi,settlements,geospatial,grid3	86400	Polygon settlement extents for Burundi (built-up areas classified as urban, small settlement or hamlet) with real geometry for map layers.
afr-grid3-grid3-ben-settlement-extents-v3-0-grid3-ben--0	https://services3.arcgis.com/BU6Aadhn6tbBEdyk/arcgis/rest/services/GRID3_BEN_Settlement_Extents_v3_0/FeatureServer/0/query?where=1%3D1&outFields=*&outSR=4326&resultRecordCount=500&f=geojson	geojson	500	GRID3 — Benin settlement extents	GRID3 — Benin settlement extents	africa_gov	opendata	en	ben,settlements,geospatial,grid3	64800	Polygon settlement extents for Benin (built-up areas classified as urban, small settlement or hamlet) with real geometry for map layers.
afr-grid3-grid3-bfa-settlement-extents-v3-0-grid3-bfa--0	https://services3.arcgis.com/BU6Aadhn6tbBEdyk/arcgis/rest/services/GRID3_BFA_Settlement_Extents_v3_0/FeatureServer/0/query?where=1%3D1&outFields=*&outSR=4326&resultRecordCount=500&f=geojson	geojson	500	GRID3 — Burkina Faso settlement extents	GRID3 — Burkina Faso settlement extents	africa_gov	opendata	en	bfa,settlements,geospatial,grid3	86400	Polygon settlement extents for Burkina Faso (built-up areas classified as urban, small settlement or hamlet) with real geometry for map layers.
afr-grid3-grid3-bwa-settlement-extents-v3-0-grid3-bwa--0	https://services3.arcgis.com/BU6Aadhn6tbBEdyk/arcgis/rest/services/GRID3_BWA_Settlement_Extents_v3_0/FeatureServer/0/query?where=1%3D1&outFields=*&outSR=4326&resultRecordCount=500&f=geojson	geojson	500	GRID3 — Botswana settlement extents	GRID3 — Botswana settlement extents	africa_gov	opendata	en	bwa,settlements,geospatial,grid3	64800	Polygon settlement extents for Botswana (built-up areas classified as urban, small settlement or hamlet) with real geometry for map layers.
afr-grid3-grid3-caf-settlement-extents-v3-0-grid3-caf--0	https://services3.arcgis.com/BU6Aadhn6tbBEdyk/arcgis/rest/services/GRID3_CAF_Settlement_Extents_v3_0/FeatureServer/0/query?where=1%3D1&outFields=*&outSR=4326&resultRecordCount=500&f=geojson	geojson	500	GRID3 — Central African Republic settlement extents	GRID3 — Central African Republic settlement extents	africa_gov	opendata	en	caf,settlements,geospatial,grid3	86400	Polygon settlement extents for Central African Republic (built-up areas classified as urban, small settlement or hamlet) with real geometry for map layers.
afr-grid3-grid3-civ-settlement-extents-v3-0-grid3-civ--0	https://services3.arcgis.com/BU6Aadhn6tbBEdyk/arcgis/rest/services/GRID3_CIV_Settlement_Extents_v3_0/FeatureServer/0/query?where=1%3D1&outFields=*&outSR=4326&resultRecordCount=500&f=geojson	geojson	500	GRID3 — Cote d'Ivoire settlement extents	GRID3 — Cote d'Ivoire settlement extents	africa_gov	opendata	en	civ,settlements,geospatial,grid3	64800	Polygon settlement extents for Cote d'Ivoire (built-up areas classified as urban, small settlement or hamlet) with real geometry for map layers.
afr-grid3-grid3-cmr-settlement-extents-v3-0-grid3-cmr--0	https://services3.arcgis.com/BU6Aadhn6tbBEdyk/arcgis/rest/services/GRID3_CMR_Settlement_Extents_v3_0/FeatureServer/0/query?where=1%3D1&outFields=*&outSR=4326&resultRecordCount=500&f=geojson	geojson	500	GRID3 — Cameroon settlement extents	GRID3 — Cameroon settlement extents	africa_gov	opendata	en	cmr,settlements,geospatial,grid3	86400	Polygon settlement extents for Cameroon (built-up areas classified as urban, small settlement or hamlet) with real geometry for map layers.
afr-grid3-grid3-cog-settlement-extents-v3-0-grid3-cog--0	https://services3.arcgis.com/BU6Aadhn6tbBEdyk/arcgis/rest/services/GRID3_COG_Settlement_Extents_v3_0/FeatureServer/0/query?where=1%3D1&outFields=*&outSR=4326&resultRecordCount=500&f=geojson	geojson	500	GRID3 — Republic of the Congo settlement extents	GRID3 — Republic of the Congo settlement extents	africa_gov	opendata	en	cog,settlements,geospatial,grid3	64800	Polygon settlement extents for Republic of the Congo (built-up areas classified as urban, small settlement or hamlet) with real geometry for map layers.
afr-grid3-grid3-com-settlement-extents-v3-0-grid3-com--0	https://services3.arcgis.com/BU6Aadhn6tbBEdyk/arcgis/rest/services/GRID3_COM_Settlement_Extents_v3_0/FeatureServer/0/query?where=1%3D1&outFields=*&outSR=4326&resultRecordCount=500&f=geojson	geojson	500	GRID3 — Comoros settlement extents	GRID3 — Comoros settlement extents	africa_gov	opendata	en	com,settlements,geospatial,grid3	86400	Polygon settlement extents for Comoros (built-up areas classified as urban, small settlement or hamlet) with real geometry for map layers.
afr-grid3-grid3-cpv-settlement-extents-v3-0-grid3-cpv--0	https://services3.arcgis.com/BU6Aadhn6tbBEdyk/arcgis/rest/services/GRID3_CPV_Settlement_Extents_v3_0/FeatureServer/0/query?where=1%3D1&outFields=*&outSR=4326&resultRecordCount=500&f=geojson	geojson	500	GRID3 — Cabo Verde settlement extents	GRID3 — Cabo Verde settlement extents	africa_gov	opendata	en	cpv,settlements,geospatial,grid3	64800	Polygon settlement extents for Cabo Verde (built-up areas classified as urban, small settlement or hamlet) with real geometry for map layers.
afr-grid3-grid3-dji-settlement-extents-v3-0-grid3-dji--0	https://services3.arcgis.com/BU6Aadhn6tbBEdyk/arcgis/rest/services/GRID3_DJI_Settlement_Extents_v3_0/FeatureServer/0/query?where=1%3D1&outFields=*&outSR=4326&resultRecordCount=500&f=geojson	geojson	500	GRID3 — Djibouti settlement extents	GRID3 — Djibouti settlement extents	africa_gov	opendata	en	dji,settlements,geospatial,grid3	86400	Polygon settlement extents for Djibouti (built-up areas classified as urban, small settlement or hamlet) with real geometry for map layers.
afr-grid3-grid3-eri-settlement-extents-v3-0-grid3-eri--0	https://services3.arcgis.com/BU6Aadhn6tbBEdyk/arcgis/rest/services/GRID3_ERI_Settlement_Extents_v3_0/FeatureServer/0/query?where=1%3D1&outFields=*&outSR=4326&resultRecordCount=500&f=geojson	geojson	500	GRID3 — Eritrea settlement extents	GRID3 — Eritrea settlement extents	africa_gov	opendata	en	eri,settlements,geospatial,grid3	64800	Polygon settlement extents for Eritrea (built-up areas classified as urban, small settlement or hamlet) with real geometry for map layers.
afr-grid3-grid3-eth-settlement-extents-v3-0-grid3-eth--0	https://services3.arcgis.com/BU6Aadhn6tbBEdyk/arcgis/rest/services/GRID3_ETH_Settlement_Extents_v3_0/FeatureServer/0/query?where=1%3D1&outFields=*&outSR=4326&resultRecordCount=500&f=geojson	geojson	500	GRID3 — Ethiopia settlement extents	GRID3 — Ethiopia settlement extents	africa_gov	opendata	en	eth,settlements,geospatial,grid3	86400	Polygon settlement extents for Ethiopia (built-up areas classified as urban, small settlement or hamlet) with real geometry for map layers.
afr-grid3-grid3-gab-settlement-extents-v3-0-grid3-gab--0	https://services3.arcgis.com/BU6Aadhn6tbBEdyk/arcgis/rest/services/GRID3_GAB_Settlement_Extents_v3_0/FeatureServer/0/query?where=1%3D1&outFields=*&outSR=4326&resultRecordCount=500&f=geojson	geojson	500	GRID3 — Gabon settlement extents	GRID3 — Gabon settlement extents	africa_gov	opendata	en	gab,settlements,geospatial,grid3	64800	Polygon settlement extents for Gabon (built-up areas classified as urban, small settlement or hamlet) with real geometry for map layers.
afr-grid3-grid3-gha-settlement-extents-v3-0-grid3-gha--0	https://services3.arcgis.com/BU6Aadhn6tbBEdyk/arcgis/rest/services/GRID3_GHA_Settlement_Extents_v3_0/FeatureServer/0/query?where=1%3D1&outFields=*&outSR=4326&resultRecordCount=500&f=geojson	geojson	500	GRID3 — Ghana settlement extents	GRID3 — Ghana settlement extents	africa_gov	opendata	en	gha,settlements,geospatial,grid3	86400	Polygon settlement extents for Ghana (built-up areas classified as urban, small settlement or hamlet) with real geometry for map layers.
afr-grid3-grid3-gin-settlement-extents-v3-0-grid3-gin--0	https://services3.arcgis.com/BU6Aadhn6tbBEdyk/arcgis/rest/services/GRID3_GIN_Settlement_Extents_v3_0/FeatureServer/0/query?where=1%3D1&outFields=*&outSR=4326&resultRecordCount=500&f=geojson	geojson	500	GRID3 — Guinea settlement extents	GRID3 — Guinea settlement extents	africa_gov	opendata	en	gin,settlements,geospatial,grid3	64800	Polygon settlement extents for Guinea (built-up areas classified as urban, small settlement or hamlet) with real geometry for map layers.
afr-grid3-grid3-gmb-settlement-extents-v3-0-grid3-gmb--0	https://services3.arcgis.com/BU6Aadhn6tbBEdyk/arcgis/rest/services/GRID3_GMB_Settlement_Extents_v3_0/FeatureServer/0/query?where=1%3D1&outFields=*&outSR=4326&resultRecordCount=500&f=geojson	geojson	500	GRID3 — Gambia settlement extents	GRID3 — Gambia settlement extents	africa_gov	opendata	en	gmb,settlements,geospatial,grid3	86400	Polygon settlement extents for Gambia (built-up areas classified as urban, small settlement or hamlet) with real geometry for map layers.
afr-grid3-grid3-gnb-settlement-extents-v3-0-grid3-gnb--0	https://services3.arcgis.com/BU6Aadhn6tbBEdyk/arcgis/rest/services/GRID3_GNB_Settlement_Extents_v3_0/FeatureServer/0/query?where=1%3D1&outFields=*&outSR=4326&resultRecordCount=500&f=geojson	geojson	500	GRID3 — Guinea-Bissau settlement extents	GRID3 — Guinea-Bissau settlement extents	africa_gov	opendata	en	gnb,settlements,geospatial,grid3	64800	Polygon settlement extents for Guinea-Bissau (built-up areas classified as urban, small settlement or hamlet) with real geometry for map layers.
afr-grid3-grid3-gnq-settlement-extents-v3-0-grid3-gnq--0	https://services3.arcgis.com/BU6Aadhn6tbBEdyk/arcgis/rest/services/GRID3_GNQ_Settlement_Extents_v3_0/FeatureServer/0/query?where=1%3D1&outFields=*&outSR=4326&resultRecordCount=500&f=geojson	geojson	500	GRID3 — Equatorial Guinea settlement extents	GRID3 — Equatorial Guinea settlement extents	africa_gov	opendata	en	gnq,settlements,geospatial,grid3	86400	Polygon settlement extents for Equatorial Guinea (built-up areas classified as urban, small settlement or hamlet) with real geometry for map layers.
afr-grid3-grid3-ken-settlement-extents-v3-0-grid3-ken--0	https://services3.arcgis.com/BU6Aadhn6tbBEdyk/arcgis/rest/services/GRID3_KEN_Settlement_Extents_v3_0/FeatureServer/0/query?where=1%3D1&outFields=*&outSR=4326&resultRecordCount=500&f=geojson	geojson	500	GRID3 — Kenya settlement extents	GRID3 — Kenya settlement extents	africa_gov	opendata	en	ken,settlements,geospatial,grid3	64800	Polygon settlement extents for Kenya (built-up areas classified as urban, small settlement or hamlet) with real geometry for map layers.
afr-grid3-grid3-lbr-settlement-extents-v3-0-grid3-lbr--0	https://services3.arcgis.com/BU6Aadhn6tbBEdyk/arcgis/rest/services/GRID3_LBR_Settlement_Extents_v3_0/FeatureServer/0/query?where=1%3D1&outFields=*&outSR=4326&resultRecordCount=500&f=geojson	geojson	500	GRID3 — Liberia settlement extents	GRID3 — Liberia settlement extents	africa_gov	opendata	en	lbr,settlements,geospatial,grid3	86400	Polygon settlement extents for Liberia (built-up areas classified as urban, small settlement or hamlet) with real geometry for map layers.
afr-grid3-grid3-lso-settlement-extents-v3-0-grid3-lso--0	https://services3.arcgis.com/BU6Aadhn6tbBEdyk/arcgis/rest/services/GRID3_LSO_Settlement_Extents_v3_0/FeatureServer/0/query?where=1%3D1&outFields=*&outSR=4326&resultRecordCount=500&f=geojson	geojson	500	GRID3 — Lesotho settlement extents	GRID3 — Lesotho settlement extents	africa_gov	opendata	en	lso,settlements,geospatial,grid3	64800	Polygon settlement extents for Lesotho (built-up areas classified as urban, small settlement or hamlet) with real geometry for map layers.
afr-grid3-grid3-mdg-settlement-extents-v3-0-grid3-mdg--0	https://services3.arcgis.com/BU6Aadhn6tbBEdyk/arcgis/rest/services/GRID3_MDG_Settlement_Extents_v3_0/FeatureServer/0/query?where=1%3D1&outFields=*&outSR=4326&resultRecordCount=500&f=geojson	geojson	500	GRID3 — Madagascar settlement extents	GRID3 — Madagascar settlement extents	africa_gov	opendata	en	mdg,settlements,geospatial,grid3	86400	Polygon settlement extents for Madagascar (built-up areas classified as urban, small settlement or hamlet) with real geometry for map layers.
afr-grid3-grid3-mli-settlement-extents-v3-0-grid3-mli--0	https://services3.arcgis.com/BU6Aadhn6tbBEdyk/arcgis/rest/services/GRID3_MLI_Settlement_Extents_v3_0/FeatureServer/0/query?where=1%3D1&outFields=*&outSR=4326&resultRecordCount=500&f=geojson	geojson	500	GRID3 — Mali settlement extents	GRID3 — Mali settlement extents	africa_gov	opendata	en	mli,settlements,geospatial,grid3	64800	Polygon settlement extents for Mali (built-up areas classified as urban, small settlement or hamlet) with real geometry for map layers.
afr-grid3-grid3-moz-settlement-extents-v3-0-grid3-moz--0	https://services3.arcgis.com/BU6Aadhn6tbBEdyk/arcgis/rest/services/GRID3_MOZ_Settlement_Extents_v3_0/FeatureServer/0/query?where=1%3D1&outFields=*&outSR=4326&resultRecordCount=500&f=geojson	geojson	500	GRID3 — Mozambique settlement extents	GRID3 — Mozambique settlement extents	africa_gov	opendata	en	moz,settlements,geospatial,grid3	86400	Polygon settlement extents for Mozambique (built-up areas classified as urban, small settlement or hamlet) with real geometry for map layers.
afr-grid3-grid3-mrt-settlement-extents-v3-0-grid3-mrt--0	https://services3.arcgis.com/BU6Aadhn6tbBEdyk/arcgis/rest/services/GRID3_MRT_Settlement_Extents_v3_0/FeatureServer/0/query?where=1%3D1&outFields=*&outSR=4326&resultRecordCount=500&f=geojson	geojson	500	GRID3 — Mauritania settlement extents	GRID3 — Mauritania settlement extents	africa_gov	opendata	en	mrt,settlements,geospatial,grid3	64800	Polygon settlement extents for Mauritania (built-up areas classified as urban, small settlement or hamlet) with real geometry for map layers.
afr-grid3-grid3-mus-settlement-extents-v3-0-grid3-mus--0	https://services3.arcgis.com/BU6Aadhn6tbBEdyk/arcgis/rest/services/GRID3_MUS_Settlement_Extents_v3_0/FeatureServer/0/query?where=1%3D1&outFields=*&outSR=4326&resultRecordCount=500&f=geojson	geojson	500	GRID3 — Mauritius settlement extents	GRID3 — Mauritius settlement extents	africa_gov	opendata	en	mus,settlements,geospatial,grid3	86400	Polygon settlement extents for Mauritius (built-up areas classified as urban, small settlement or hamlet) with real geometry for map layers.
afr-grid3-grid3-mwi-settlement-extents-v3-0-grid3-mwi--0	https://services3.arcgis.com/BU6Aadhn6tbBEdyk/arcgis/rest/services/GRID3_MWI_Settlement_Extents_v3_0/FeatureServer/0/query?where=1%3D1&outFields=*&outSR=4326&resultRecordCount=500&f=geojson	geojson	500	GRID3 — Malawi settlement extents	GRID3 — Malawi settlement extents	africa_gov	opendata	en	mwi,settlements,geospatial,grid3	64800	Polygon settlement extents for Malawi (built-up areas classified as urban, small settlement or hamlet) with real geometry for map layers.
afr-grid3-grid3-nam-settlement-extents-v3-0-grid3-nam--0	https://services3.arcgis.com/BU6Aadhn6tbBEdyk/arcgis/rest/services/GRID3_NAM_Settlement_Extents_v3_0/FeatureServer/0/query?where=1%3D1&outFields=*&outSR=4326&resultRecordCount=500&f=geojson	geojson	500	GRID3 — Namibia settlement extents	GRID3 — Namibia settlement extents	africa_gov	opendata	en	nam,settlements,geospatial,grid3	86400	Polygon settlement extents for Namibia (built-up areas classified as urban, small settlement or hamlet) with real geometry for map layers.
afr-grid3-grid3-ner-settlement-extents-v3-0-grid3-ner--0	https://services3.arcgis.com/BU6Aadhn6tbBEdyk/arcgis/rest/services/GRID3_NER_Settlement_Extents_v3_0/FeatureServer/0/query?where=1%3D1&outFields=*&outSR=4326&resultRecordCount=500&f=geojson	geojson	500	GRID3 — Niger settlement extents	GRID3 — Niger settlement extents	africa_gov	opendata	en	ner,settlements,geospatial,grid3	64800	Polygon settlement extents for Niger (built-up areas classified as urban, small settlement or hamlet) with real geometry for map layers.
afr-grid3-accessibility-profile-by-lga-health-faciliti-0	https://services3.arcgis.com/BU6Aadhn6tbBEdyk/arcgis/rest/services/Accessibility_Profile_by_LGA/FeatureServer/0/query?where=1%3D1&outFields=*&outSR=4326&resultRecordCount=500&f=geojson	geojson	500	GRID3 — Nigeria health-facility accessibility by LGA	GRID3 — Nigeria health-facility accessibility by LGA	africa_gov	health	en	nga,cod,geospatial,grid3	43200	Travel-time accessibility to health facilities aggregated to Nigerian local government areas.
afr-grid3-africa-country-boundary-africa-country-bound-35	https://services3.arcgis.com/BU6Aadhn6tbBEdyk/arcgis/rest/services/Africa_Country_Boundary/FeatureServer/35/query?where=1%3D1&outFields=*&outSR=4326&resultRecordCount=500&f=geojson	geojson	57	GRID3 — Africa country boundaries	GRID3 — Africa country boundaries	africa_gov	opendata	en	nga,cod,geospatial,grid3	86400	Continental Africa country boundary polygons for base mapping.
afr-grid3-churches-in-nigeria-fc-poi-church-0	https://services3.arcgis.com/BU6Aadhn6tbBEdyk/arcgis/rest/services/Churches_in_Nigeria/FeatureServer/0/query?where=1%3D1&outFields=*&outSR=4326&resultRecordCount=500&f=geojson	geojson	500	GRID3 — Nigeria places of worship (churches)	GRID3 — Nigeria places of worship (churches)	africa_gov	gov	en	nga,cod,geospatial,grid3	43200	Geolocated churches in Nigeria, used for settlement and population-distribution work.
afr-grid3-cod-grid3-health-facilities-v8-0-cod-grid3-h-0	https://services3.arcgis.com/BU6Aadhn6tbBEdyk/arcgis/rest/services/COD_GRID3_health_facilities_v8_0/FeatureServer/0/query?where=1%3D1&outFields=*&outSR=4326&resultRecordCount=500&f=geojson	geojson	500	GRID3 — DR Congo health facilities	GRID3 — DR Congo health facilities	africa_gov	health	en	nga,cod,geospatial,grid3	86400	Geolocated health facilities across the Democratic Republic of the Congo.
afr-grid3-communications-lga-communications-access-ris-0	https://services3.arcgis.com/BU6Aadhn6tbBEdyk/arcgis/rest/services/communications_LGA/FeatureServer/0/query?where=1%3D1&outFields=*&outSR=4326&resultRecordCount=500&f=geojson	geojson	500	GRID3 — Nigeria communications access risk by LGA	GRID3 — Nigeria communications access risk by LGA	africa_gov	gov	en	nga,cod,geospatial,grid3	43200	LGA-level mobile and communications access risk indicators for Nigeria.
afr-grid3-comorbidities-risk-profile-profile-by-lga-co-0	https://services3.arcgis.com/BU6Aadhn6tbBEdyk/arcgis/rest/services/Comorbidities_Risk_Profile_Profile_by_LGA/FeatureServer/0/query?where=1%3D1&outFields=*&outSR=4326&resultRecordCount=500&f=geojson	geojson	500	GRID3 — Nigeria comorbidity risk profile by LGA	GRID3 — Nigeria comorbidity risk profile by LGA	africa_gov	health	en	nga,cod,geospatial,grid3	86400	LGA-level comorbidity risk indicators for Nigerian health planning.
afr-grid3-energy-and-electricity-substations-in-nigeri-0	https://services3.arcgis.com/BU6Aadhn6tbBEdyk/arcgis/rest/services/Energy_and_electricity_substations_in_Nigeria/FeatureServer/0/query?where=1%3D1&outFields=*&outSR=4326&resultRecordCount=500&f=geojson	geojson	500	GRID3 — Nigeria electricity substations	GRID3 — Nigeria electricity substations	africa_gov	energy	en	nga,cod,geospatial,grid3	43200	Locations of Nigerian electricity substations for grid and outage analysis.
afr-grid3-exposure-profile-by-state-nga-exposure-profi-0	https://services3.arcgis.com/BU6Aadhn6tbBEdyk/arcgis/rest/services/Exposure_Profile_by_state/FeatureServer/0/query?where=1%3D1&outFields=*&outSR=4326&resultRecordCount=500&f=geojson	geojson	37	GRID3 — Nigeria exposure risk profile by state	GRID3 — Nigeria exposure risk profile by state	africa_hazard	hazard	en	nga,cod,geospatial,grid3	86400	State-level exposure risk indicators used in Nigerian epidemic and disaster preparedness planning.
afr-grid3-factories-and-industrial-sites-in-nigeria-gr-0	https://services3.arcgis.com/BU6Aadhn6tbBEdyk/arcgis/rest/services/Factories_and_industrial_sites_in_Nigeria/FeatureServer/0/query?where=1%3D1&outFields=*&outSR=4326&resultRecordCount=500&f=geojson	geojson	500	GRID3 — Nigeria factories and industrial sites	GRID3 — Nigeria factories and industrial sites	africa_gov	economy	en	nga,cod,geospatial,grid3	43200	Geolocated Nigerian factories and industrial sites.
afr-grid3-farms-in-nigeria-grid3-nga-poi-farm-0	https://services3.arcgis.com/BU6Aadhn6tbBEdyk/arcgis/rest/services/Farms_in_Nigeria/FeatureServer/0/query?where=1%3D1&outFields=*&outSR=4326&resultRecordCount=500&f=geojson	geojson	500	GRID3 — Nigeria farm points	GRID3 — Nigeria farm points	africa_gov	environment	en	nga,cod,geospatial,grid3	86400	Geolocated farm sites across Nigeria from the GRID3 points-of-interest database.
afr-grid3-grid3-admin-0-global-admin-0-0	https://services3.arcgis.com/BU6Aadhn6tbBEdyk/arcgis/rest/services/GRID3_Admin_0/FeatureServer/0/query?where=1%3D1&outFields=*&outSR=4326&resultRecordCount=500&f=geojson	geojson	53	GRID3 — GRID3 admin level 0 boundaries	GRID3 — GRID3 admin level 0 boundaries	africa_gov	opendata	en	nga,cod,geospatial,grid3	43200	National boundary polygons used as the reference admin-0 layer across GRID3 African datasets.
afr-grid3-grid3-bfa-preeas-v1-grid3-bfa-preeas-v1-0	https://services3.arcgis.com/BU6Aadhn6tbBEdyk/arcgis/rest/services/GRID3_BFA_preEAs_v1/FeatureServer/0/query?where=1%3D1&outFields=*&outSR=4326&resultRecordCount=500&f=geojson	geojson	500	GRID3 — Burkina Faso pre-census enumeration areas	GRID3 — Burkina Faso pre-census enumeration areas	africa_gov	gov	en	nga,cod,geospatial,grid3	86400	Pre-census enumeration-area polygons for Burkina Faso.
afr-grid3-grid3-cod-religious-centers-v1-0-grid3-cod-r-0	https://services3.arcgis.com/BU6Aadhn6tbBEdyk/arcgis/rest/services/GRID3_COD_religious_centers_v1_0/FeatureServer/0/query?where=1%3D1&outFields=*&outSR=4326&resultRecordCount=500&f=geojson	geojson	500	GRID3 — DR Congo religious centres	GRID3 — DR Congo religious centres	africa_gov	gov	en	nga,cod,geospatial,grid3	43200	Geolocated churches and religious centres in the Democratic Republic of the Congo.
afr-grid3-grid3-cod-roads-v1-0-main-grid3-cod-roads-v1-0	https://services3.arcgis.com/BU6Aadhn6tbBEdyk/arcgis/rest/services/GRID3_COD_roads_v1_0/FeatureServer/0/query?where=1%3D1&outFields=*&outSR=4326&resultRecordCount=500&f=geojson	geojson	500	GRID3 — DR Congo road network	GRID3 — DR Congo road network	africa_gov	transport	en	nga,cod,geospatial,grid3	86400	Road centrelines for the Democratic Republic of the Congo with surface and class attributes.
afr-grid3-grid3-cod-schools-v1-0-grid3-cod-schools-v1--0	https://services3.arcgis.com/BU6Aadhn6tbBEdyk/arcgis/rest/services/GRID3_COD_schools_v1_0/FeatureServer/0/query?where=1%3D1&outFields=*&outSR=4326&resultRecordCount=500&f=geojson	geojson	500	GRID3 — DR Congo schools	GRID3 — DR Congo schools	africa_gov	gov	en	nga,cod,geospatial,grid3	43200	Geolocated schools across the Democratic Republic of the Congo.
afr-grid3-grid3-cod-settlement-extents-v4-main-grid3-c-0	https://services3.arcgis.com/BU6Aadhn6tbBEdyk/arcgis/rest/services/grid3_cod_settlement_extents_v4/FeatureServer/0/query?where=1%3D1&outFields=*&outSR=4326&resultRecordCount=500&f=geojson	geojson	500	GRID3 — DR Congo settlement extents	GRID3 — DR Congo settlement extents	africa_gov	opendata	en	nga,cod,geospatial,grid3	86400	Settlement extent polygons for the Democratic Republic of the Congo.
afr-grid3-grid3-nga-ambulances-ambulances-70	https://services3.arcgis.com/BU6Aadhn6tbBEdyk/arcgis/rest/services/GRID3_NGA_Ambulances/FeatureServer/70/query?where=1%3D1&outFields=*&outSR=4326&resultRecordCount=500&f=geojson	geojson	34	GRID3 — Nigeria ambulance points	GRID3 — Nigeria ambulance points	africa_gov	health	en	nga,cod,geospatial,grid3	43200	Ambulance station locations recorded in the GRID3 Nigeria points-of-interest database.
afr-grid3-grid3-nga-fire-stations-nga-fire-stations-gr-0	https://services3.arcgis.com/BU6Aadhn6tbBEdyk/arcgis/rest/services/GRID3_NGA_Fire_Stations/FeatureServer/0/query?where=1%3D1&outFields=*&outSR=4326&resultRecordCount=500&f=geojson	geojson	44	GRID3 — Nigeria fire stations	GRID3 — Nigeria fire stations	africa_hazard	hazard	en	nga,cod,geospatial,grid3	86400	Geolocated Nigerian fire stations, useful for emergency-response coverage analysis.
afr-grid3-grid3-nga-government-buildings-grid3-nga-poi-0	https://services3.arcgis.com/BU6Aadhn6tbBEdyk/arcgis/rest/services/GRID3_NGA_Government_Buildings/FeatureServer/0/query?where=1%3D1&outFields=*&outSR=4326&resultRecordCount=500&f=geojson	geojson	500	GRID3 — Nigeria government buildings	GRID3 — Nigeria government buildings	africa_gov	gov	en	nga,cod,geospatial,grid3	43200	Geolocated Nigerian government buildings and administrative offices.
afr-grid3-grid3-nga-health-facilities-v2-0-grid3-nga-h-0	https://services3.arcgis.com/BU6Aadhn6tbBEdyk/arcgis/rest/services/GRID3_NGA_health_facilities_v2_0/FeatureServer/0/query?where=1%3D1&outFields=*&outSR=4326&resultRecordCount=500&f=geojson	geojson	500	GRID3 — Nigeria health facilities	GRID3 — Nigeria health facilities	africa_gov	health	en	nga,cod,geospatial,grid3	86400	Geolocated Nigerian health facilities with name, ownership, level of care and LGA.
afr-grid3-grid3-nga-hiv-statistics-by-state-hiv-statis-0	https://services3.arcgis.com/BU6Aadhn6tbBEdyk/arcgis/rest/services/GRID3_NGA_HIV_Statistics_by_State/FeatureServer/0/query?where=1%3D1&outFields=*&outSR=4326&resultRecordCount=500&f=geojson	geojson	37	GRID3 — Nigeria HIV statistics by state	GRID3 — Nigeria HIV statistics by state	africa_gov	health	en	nga,cod,geospatial,grid3	43200	State-level HIV prevalence and programme statistics joined to Nigerian state boundaries.
afr-grid3-grid3-nga-police-stations-grid3-nga-poi-poli-0	https://services3.arcgis.com/BU6Aadhn6tbBEdyk/arcgis/rest/services/GRID3_NGA_Police_Stations/FeatureServer/0/query?where=1%3D1&outFields=*&outSR=4326&resultRecordCount=500&f=geojson	geojson	500	GRID3 — Nigeria police stations	GRID3 — Nigeria police stations	africa_gov	security	en	nga,cod,geospatial,grid3	86400	Geolocated Nigerian police stations with name and administrative unit.
afr-grid3-grid3-nga-post-offices-grid3-nga-poi-post-of-0	https://services3.arcgis.com/BU6Aadhn6tbBEdyk/arcgis/rest/services/GRID3_NGA_Post_Offices/FeatureServer/0/query?where=1%3D1&outFields=*&outSR=4326&resultRecordCount=500&f=geojson	geojson	225	GRID3 — Nigeria post offices	GRID3 — Nigeria post offices	africa_gov	gov	en	nga,cod,geospatial,grid3	43200	Geolocated Nigerian post offices from the GRID3 points-of-interest layer.
afr-grid3-grid3-nga-prisons-grid3-nga-poi-prison-0	https://services3.arcgis.com/BU6Aadhn6tbBEdyk/arcgis/rest/services/GRID3_NGA_Prisons/FeatureServer/0/query?where=1%3D1&outFields=*&outSR=4326&resultRecordCount=500&f=geojson	geojson	34	GRID3 — Nigeria correctional facilities	GRID3 — Nigeria correctional facilities	africa_gov	security	en	nga,cod,geospatial,grid3	86400	Locations of Nigerian prisons and correctional facilities.
afr-cpt-background-maps-base-data-terrain-ext-dams-1	https://citymaps.capetown.gov.za/agsext/rest/services/Background_Maps/Base_Data_Terrain_Ext/MapServer/1/query?where=1%3D1&outFields=*&outSR=4326&resultRecordCount=500&f=geojson	geojson	17	City of Cape Town — dams	City of Cape Town — dams	africa_gov	environment	en	zaf,capetown,geospatial,municipal	43200	Dam polygons in the City of Cape Town area, relevant to water-supply monitoring.
afr-cpt-background-maps-base-data-terrain-ext-wetlan-0	https://citymaps.capetown.gov.za/agsext/rest/services/Background_Maps/Base_Data_Terrain_Ext/MapServer/0/query?where=1%3D1&outFields=*&outSR=4326&resultRecordCount=500&f=geojson	geojson	500	City of Cape Town — wetlands	City of Cape Town — wetlands	africa_gov	environment	en	zaf,capetown,geospatial,municipal	86400	Wetland polygons within the City of Cape Town municipal area.
afr-cpt-hosted-odp-split-1-electricity-public-lighti-1	https://citymaps.capetown.gov.za/agsext/rest/services/Hosted/ODP_SPLIT_1/FeatureServer/1/query?where=1%3D1&outFields=*&outSR=4326&resultRecordCount=500&f=geojson	geojson	500	City of Cape Town — public lighting network	City of Cape Town — public lighting network	africa_gov	energy	en	zaf,capetown,geospatial,municipal	43200	Public street-lighting assets in the City of Cape Town electricity network.
afr-cpt-layers-sl-film-srvc-area-film-service-areas-0	https://citymaps.capetown.gov.za/agsext/rest/services/Layers/SL_FILM_SRVC_AREA/MapServer/0/query?where=1%3D1&outFields=*&outSR=4326&resultRecordCount=500&f=geojson	geojson	9	City of Cape Town — film service areas	City of Cape Town — film service areas	africa_gov	gov	en	zaf,capetown,geospatial,municipal	86400	Film permit service areas across the City of Cape Town.
afr-cpt-search-layers-esmsfeatureupdate-lines-events-0	https://citymaps.capetown.gov.za/agsext/rest/services/Search_Layers/ESMSFeatureUpdate_Lines/MapServer/0/query?where=1%3D1&outFields=*&outSR=4326&resultRecordCount=500&f=geojson	geojson	427	City of Cape Town — event support line features	City of Cape Town — event support line features	africa_gov	gov	en	zaf,capetown,geospatial,municipal	43200	Event support and management line features maintained by Cape Town's events unit.
afr-cpt-search-layers-gen-property-info-servitude-3	https://citymaps.capetown.gov.za/agsext/rest/services/Search_Layers/Gen_Property_Info/MapServer/3/query?where=1%3D1&outFields=*&outSR=4326&resultRecordCount=500&f=geojson	geojson	500	City of Cape Town — property servitudes	City of Cape Town — property servitudes	africa_gov	gov	en	zaf,capetown,geospatial,municipal	86400	Registered servitudes over Cape Town properties.
afr-cpt-search-layers-sl-cgis-sub-cncl-sub-council-0	https://citymaps.capetown.gov.za/agsext/rest/services/Search_Layers/SL_CGIS_SUB_CNCL/MapServer/0/query?where=1%3D1&outFields=*&outSR=4326&resultRecordCount=500&f=geojson	geojson	20	City of Cape Town — sub-council boundaries	City of Cape Town — sub-council boundaries	africa_gov	gov	en	zaf,capetown,geospatial,municipal	43200	City of Cape Town sub-council boundary polygons.
afr-cpt-search-layers-sl-evnt-prmt-line-events-permi-0	https://citymaps.capetown.gov.za/agsext/rest/services/Search_Layers/SL_EVNT_PRMT_LINE/MapServer/0/query?where=1%3D1&outFields=*&outSR=4326&resultRecordCount=500&f=geojson	geojson	427	City of Cape Town — permitted event routes	City of Cape Town — permitted event routes	africa_gov	gov	en	zaf,capetown,geospatial,municipal	86400	Routes for events permitted by the City of Cape Town, with permit metadata.
afr-cpt-search-layers-sl-fclt-bkng-community-centres-0	https://citymaps.capetown.gov.za/agsext/rest/services/Search_Layers/SL_FCLT_BKNG/MapServer/0/query?where=1%3D1&outFields=*&outSR=4326&resultRecordCount=500&f=geojson	geojson	202	City of Cape Town — community centres	City of Cape Town — community centres	africa_gov	gov	en	zaf,capetown,geospatial,municipal	43200	Bookable community centres operated by the City of Cape Town with location and facility detail.
afr-cpt-search-layers-sl-fclt-bkng-resorts-1	https://citymaps.capetown.gov.za/agsext/rest/services/Search_Layers/SL_FCLT_BKNG/MapServer/1/query?where=1%3D1&outFields=*&outSR=4326&resultRecordCount=500&f=geojson	geojson	14	City of Cape Town — municipal resorts	City of Cape Town — municipal resorts	africa_gov	gov	en	zaf,capetown,geospatial,municipal	86400	City of Cape Town municipal resorts and camping facilities.
afr-cpt-search-layers-sl-hrtg-inv-un-heritage-invent-0	https://citymaps.capetown.gov.za/agsext/rest/services/Search_Layers/SL_HRTG_INV_UN/MapServer/0/query?where=1%3D1&outFields=*&outSR=4326&resultRecordCount=500&f=geojson	geojson	500	City of Cape Town — heritage inventory	City of Cape Town — heritage inventory	africa_gov	gov	en	zaf,capetown,geospatial,municipal	43200	Cape Town heritage inventory sites with grading and protection status.
afr-cpt-search-layers-sl-hrtg-prsd-area-proposed-her-0	https://citymaps.capetown.gov.za/agsext/rest/services/Search_Layers/SL_HRTG_PRSD_AREA/MapServer/0/query?where=1%3D1&outFields=*&outSR=4326&resultRecordCount=500&f=geojson	geojson	38	City of Cape Town — proposed heritage areas	City of Cape Town — proposed heritage areas	africa_gov	gov	en	zaf,capetown,geospatial,municipal	86400	Proposed heritage protection overlay areas in Cape Town.
afr-cpt-search-layers-sl-mjr-sbrb-major-suburbs-0	https://citymaps.capetown.gov.za/agsext/rest/services/Search_Layers/SL_MJR_SBRB/MapServer/0/query?where=1%3D1&outFields=*&outSR=4326&resultRecordCount=500&f=geojson	geojson	79	City of Cape Town — major suburbs	City of Cape Town — major suburbs	africa_gov	gov	en	zaf,capetown,geospatial,municipal	43200	Major suburb polygons for the City of Cape Town.
afr-cpt-search-layers-sl-pbdm-rgn-planning-and-build-0	https://citymaps.capetown.gov.za/agsext/rest/services/Search_Layers/SL_PBDM_RGN/MapServer/0/query?where=1%3D1&outFields=*&outSR=4326&resultRecordCount=500&f=geojson	geojson	8	City of Cape Town — planning and building districts	City of Cape Town — planning and building districts	africa_gov	gov	en	zaf,capetown,geospatial,municipal	86400	Planning and building management district boundaries for Cape Town.
afr-cpt-search-layers-sl-rgdb-ward-tm-wards-0	https://citymaps.capetown.gov.za/agsext/rest/services/Search_Layers/SL_RGDB_WARD_TM/MapServer/0/query?where=1%3D1&outFields=*&outSR=4326&resultRecordCount=500&f=geojson	geojson	116	City of Cape Town — ward boundaries	City of Cape Town — ward boundaries	africa_gov	gov	en	zaf,capetown,geospatial,municipal	43200	City of Cape Town municipal ward boundaries used for election and service-delivery analysis.
afr-cpt-search-layers-sl-wgdb-ofc-sbrb-official-subu-0	https://citymaps.capetown.gov.za/agsext/rest/services/Search_Layers/SL_WGDB_OFC_SBRB/MapServer/0/query?where=1%3D1&outFields=*&outSR=4326&resultRecordCount=500&f=geojson	geojson	500	City of Cape Town — official suburbs	City of Cape Town — official suburbs	africa_gov	gov	en	zaf,capetown,geospatial,municipal	86400	Official suburb boundary polygons maintained by the City of Cape Town.
afr-ekur-cif-procap-procapman-masterlist-0	https://gis.ekurhuleni.gov.za/arcgis/rest/services/CIF/ProCAP/MapServer/0/query?where=1%3D1&outFields=*&outSR=4326&resultRecordCount=500&f=geojson	geojson	227	City of Ekurhuleni — capital project masterlist	City of Ekurhuleni — capital project masterlist	africa_gov	gov	en	zaf,ekurhuleni,geospatial,municipal	43200	Ekurhuleni capital investment framework project locations and status.
afr-ekur-covid19-coe-covid-data-cases-per-suburb-0	https://gis.ekurhuleni.gov.za/arcgis/rest/services/Covid19/CoE_Covid_data/MapServer/0/query?where=1%3D1&outFields=*&outSR=4326&resultRecordCount=500&f=geojson	geojson	482	City of Ekurhuleni — COVID-19 cases per suburb	City of Ekurhuleni — COVID-19 cases per suburb	africa_gov	health	en	zaf,ekurhuleni,geospatial,municipal	86400	Suburb-level COVID-19 case counts recorded by the City of Ekurhuleni.
afr-ekur-covid19-coe-covid-data-cases-per-ward-1	https://gis.ekurhuleni.gov.za/arcgis/rest/services/Covid19/CoE_Covid_data/MapServer/1/query?where=1%3D1&outFields=*&outSR=4326&resultRecordCount=500&f=geojson	geojson	112	City of Ekurhuleni — COVID-19 cases per ward	City of Ekurhuleni — COVID-19 cases per ward	africa_gov	health	en	zaf,ekurhuleni,geospatial,municipal	43200	Ward-level COVID-19 case counts recorded by the City of Ekurhuleni.
afr-ekur-ekurhuleni-ekurhuleni-firehydrants-fire-hydr-0	https://gis.ekurhuleni.gov.za/arcgis/rest/services/Ekurhuleni/Ekurhuleni_FireHydrants/MapServer/0/query?where=1%3D1&outFields=*&outSR=4326&resultRecordCount=500&f=geojson	geojson	500	City of Ekurhuleni — fire hydrants	City of Ekurhuleni — fire hydrants	africa_hazard	hazard	en	zaf,ekurhuleni,geospatial,municipal	86400	Fire hydrant asset locations across the City of Ekurhuleni.
afr-ekur-ekurhuleni-ekurhuleni-poi-map-nature-1	https://gis.ekurhuleni.gov.za/arcgis/rest/services/Ekurhuleni/Ekurhuleni_POI_Map/MapServer/1/query?where=1%3D1&outFields=*&outSR=4326&resultRecordCount=500&f=geojson	geojson	45	City of Ekurhuleni — nature points of interest	City of Ekurhuleni — nature points of interest	africa_gov	environment	en	zaf,ekurhuleni,geospatial,municipal	43200	Nature reserves and environmental points of interest in Ekurhuleni.
afr-ekur-ekurhuleni-ekurhuleni-propety-data-map-stand-1	https://gis.ekurhuleni.gov.za/arcgis/rest/services/Ekurhuleni/Ekurhuleni_Propety_Data_Map/MapServer/1/query?where=1%3D1&outFields=*&outSR=4326&resultRecordCount=500&f=geojson	geojson	500	City of Ekurhuleni — cadastral stands	City of Ekurhuleni — cadastral stands	africa_gov	gov	en	zaf,ekurhuleni,geospatial,municipal	86400	Cadastral stand (erf) polygons for the City of Ekurhuleni with property identifiers.
afr-ekur-ekurhuleni-ekurhuleni-transportation-map-v1--0	https://gis.ekurhuleni.gov.za/arcgis/rest/services/Ekurhuleni/Ekurhuleni_Transportation_Map_v1/MapServer/0/query?where=1%3D1&outFields=*&outSR=4326&resultRecordCount=500&f=geojson	geojson	500	City of Ekurhuleni — transportation network	City of Ekurhuleni — transportation network	africa_gov	transport	en	zaf,ekurhuleni,geospatial,municipal	43200	Ekurhuleni transportation network features including roads and transit infrastructure.
afr-ekur-ekurhuleni-gridlayout-current-tile-layout-0	https://gis.ekurhuleni.gov.za/arcgis/rest/services/Ekurhuleni/GRIDLayout/MapServer/0/query?where=1%3D1&outFields=*&outSR=4326&resultRecordCount=500&f=geojson	geojson	279	City of Ekurhuleni — map tile grid layout	City of Ekurhuleni — map tile grid layout	africa_gov	gov	en	zaf,ekurhuleni,geospatial,municipal	86400	Current map-sheet tile grid used by the City of Ekurhuleni GIS for cadastral sheet referencing.
afr-ekur-ekurhuleni-servitudes-servitude-area-1	https://gis.ekurhuleni.gov.za/arcgis/rest/services/Ekurhuleni/Servitudes/MapServer/1/query?where=1%3D1&outFields=*&outSR=4326&resultRecordCount=500&f=geojson	geojson	500	City of Ekurhuleni — servitude areas	City of Ekurhuleni — servitude areas	africa_gov	gov	en	zaf,ekurhuleni,geospatial,municipal	43200	Registered servitude areas across the City of Ekurhuleni.
afr-ekur-engineering-services-stormwater-network-stor-0	https://gis.ekurhuleni.gov.za/arcgis/rest/services/Engineering_Services/Stormwater_Network/MapServer/0/query?where=1%3D1&outFields=*&outSR=4326&resultRecordCount=500&f=geojson	geojson	500	City of Ekurhuleni — stormwater network	City of Ekurhuleni — stormwater network	africa_gov	environment	en	zaf,ekurhuleni,geospatial,municipal	86400	Stormwater drainage network assets for the City of Ekurhuleni.
afr-ekur-enviromental-final-cba-draft3-gauteng-reserv-0	https://gis.ekurhuleni.gov.za/arcgis/rest/services/Enviromental/FINAL_CBA_DRAFT3/MapServer/0/query?where=1%3D1&outFields=*&outSR=4326&resultRecordCount=500&f=geojson	geojson	372	City of Ekurhuleni — Gauteng reserves and critical biodiversity areas	City of Ekurhuleni — Gauteng reserves and critical biodiversity areas	africa_gov	environment	en	zaf,ekurhuleni,geospatial,municipal	43200	Protected reserves and critical biodiversity areas mapped across Gauteng.
afr-ekur-mdb-map-mil1-wards-2021-0	https://gis.ekurhuleni.gov.za/arcgis/rest/services/MDB_Map_MIL1/MapServer/0/query?where=1%3D1&outFields=*&outSR=4326&resultRecordCount=500&f=geojson	geojson	112	City of Ekurhuleni — ward boundaries (2021)	City of Ekurhuleni — ward boundaries (2021)	africa_gov	gov	en	zaf,ekurhuleni,geospatial,municipal	86400	Ekurhuleni municipal ward boundaries as demarcated for the 2021 local elections.
sas-ckan-datagovau	https://data.gov.au/data/api/3/action/package_search?rows=100	json:result.results	100	data.gov.au — national dataset catalogue	data.gov.au — national dataset catalogue	oceania_data	opendata	en	aus,opendata,catalogue	86400	Latest 100 datasets published to the Australian federal open-data catalogue, with publisher, licence and resource URLs.
sas-ckan-datansw	https://data.nsw.gov.au/data/api/3/action/package_search?rows=100	json:result.results	100	NSW Government — open-data catalogue	NSW Government — open-data catalogue	oceania_data	opendata	en	aus,nsw,opendata	86400	Latest 100 datasets published by New South Wales agencies.
sas-ckan-dataqld	https://www.data.qld.gov.au/api/3/action/package_search?rows=100	json:result.results	100	Queensland Government — open-data catalogue	Queensland Government — open-data catalogue	oceania_data	opendata	en	aus,qld,opendata	86400	Latest 100 datasets published by Queensland agencies.
sas-ckan-datasa	https://data.sa.gov.au/data/api/3/action/package_search?rows=100	json:result.results	100	South Australia — open-data catalogue	South Australia — open-data catalogue	oceania_data	opendata	en	aus,sa,opendata	86400	Latest 100 datasets published by South Australian agencies.
sas-ckan-datavic	https://discover.data.vic.gov.au/api/3/action/package_search?rows=100	json:result.results	100	Victoria — open-data catalogue	Victoria — open-data catalogue	oceania_data	opendata	en	aus,vic,opendata	86400	Latest 100 datasets published by Victorian agencies.
sas-ckan-datawa	https://catalogue.data.wa.gov.au/api/3/action/package_search?rows=100	json:result.results	100	Western Australia — open-data catalogue	Western Australia — open-data catalogue	oceania_data	opendata	en	aus,wa,opendata	86400	Latest 100 datasets published by Western Australian agencies.
sas-ckan-datant	https://data.nt.gov.au/api/3/action/package_search?rows=100	json:result.results	100	Northern Territory — open-data catalogue	Northern Territory — open-data catalogue	oceania_data	opendata	en	aus,nt,opendata	86400	Latest 100 datasets published by Northern Territory agencies.
sas-ckan-odc-kh	https://data.opendevelopmentcambodia.net/api/3/action/package_search?rows=100	json:result.results	100	Open Development Cambodia — dataset catalogue	Open Development Cambodia — dataset catalogue	seasia_gov	opendata	en	khm,opendata,catalogue	86400	Latest 100 datasets on Cambodian land concessions, infrastructure, forestry and governance.
sas-ckan-odc-mekong	https://data.opendevelopmentmekong.net/api/3/action/package_search?rows=100	json:result.results	100	Open Development Mekong — dataset catalogue	Open Development Mekong — dataset catalogue	seasia_gov	opendata	en	khm,lao,vnm,mmr,tha,opendata	86400	Latest 100 datasets spanning the five Lower Mekong countries: land, energy, infrastructure.
sas-ckan-odc-mm	https://data.opendevelopmentmyanmar.net/api/3/action/package_search?rows=100	json:result.results	100	Open Development Myanmar — dataset catalogue	Open Development Myanmar — dataset catalogue	seasia_gov	opendata	en	mmr,opendata,catalogue	86400	Latest 100 datasets on Myanmar land, conflict, infrastructure and public services.
sas-socrata-act	https://api.us.socrata.com/api/catalog/v1?domains=www.data.act.gov.au&limit=100	json:results	100	ACT Government — Socrata dataset catalogue	ACT Government — Socrata dataset catalogue	oceania_data	opendata	en	aus,act,opendata	86400	Catalogue of Australian Capital Territory open datasets with owner, category and API endpoints.
sas-socrata-actb	https://www.data.act.gov.au/api/views.json?limit=100	json-array	100	ACT Government — dataset views index	ACT Government — dataset views index	oceania_data	opendata	en	aus,act,opendata	86400	Raw Socrata view index for the ACT open-data portal, giving dataset ids for direct API access.
sas-ods-nc	https://data.gouv.nc/api/explore/v2.1/catalog/datasets?limit=100	json:results	100	Government of New Caledonia — open-data catalogue	Gouvernement de Nouvelle-Caledonie — catalogue de donnees	oceania_data	opendata	fr	ncl,opendata,catalogue	86400	First 100 datasets on the New Caledonian government Opendatasoft portal.
sas-ckan-datagovau-flood	https://data.gov.au/data/api/3/action/package_search?q=flood&rows=100	json:result.results	100	data.gov.au — flood datasets	data.gov.au — flood datasets	oceania_data	hazard	en	aus,flood,opendata	86400	Federal open-data catalogue slice covering flood mapping, gauges and inundation studies.
sas-ckan-datansw-hazard	https://data.nsw.gov.au/data/api/3/action/package_search?q=hazard&rows=100	json:result.results	100	NSW Government — hazard datasets	NSW Government — hazard datasets	oceania_data	hazard	en	aus,nsw,hazard	86400	NSW catalogue slice for bushfire, flood and other natural-hazard datasets.
sas-ckan-dataqld-flood	https://www.data.qld.gov.au/api/3/action/package_search?q=flood&rows=100	json:result.results	100	Queensland Government — flood datasets	Queensland Government — flood datasets	oceania_data	hazard	en	aus,qld,flood	86400	Queensland catalogue slice for flood studies, gauge networks and historic inundation.
sas-ckan-datasa-fire	https://data.sa.gov.au/data/api/3/action/package_search?q=bushfire&rows=100	json:result.results	100	South Australia — bushfire datasets	South Australia — bushfire datasets	oceania_data	hazard	en	aus,sa,bushfire	86400	South Australian catalogue slice for bushfire risk and CFS incident datasets.
sas-ckan-datawa-fire	https://catalogue.data.wa.gov.au/api/3/action/package_search?q=fire&rows=100	json:result.results	100	Western Australia — fire datasets	Western Australia — fire datasets	oceania_data	hazard	en	aus,wa,bushfire	86400	Western Australian catalogue slice for bushfire-prone areas, fire history and DFES data.
sas-geonet-quake1	https://api.geonet.org.nz/quake?MMI=4	geojson	100	GeoNet — earthquakes MMI 4 and above	GeoNet — earthquakes MMI 4 and above	oceania_data	hazard	en	nzl,earthquake,seismic	900	New Zealand earthquakes felt at modified Mercalli intensity 4 or greater, with location and depth.
sas-geonet-quake5	https://api.geonet.org.nz/quake?MMI=5	geojson	31	GeoNet — earthquakes MMI 5 and above	GeoNet — earthquakes MMI 5 and above	oceania_data	hazard	en	nzl,earthquake,seismic	1800	Moderate and larger New Zealand earthquakes likely to have caused damage.
sas-geonet-stats	https://api.geonet.org.nz/quake/stats	json-object	1	GeoNet — earthquake statistics	GeoNet — earthquake statistics	oceania_data	hazard	en	nzl,earthquake,seismic	21600	Rolling counts of New Zealand earthquakes by magnitude band over recent days, weeks and months.
sas-bmkg-cuaca-31	https://cuaca.bmkg.go.id/api/df/v1/forecast/adm?adm1=31	json:data	6	BMKG — weather forecast for DKI Jakarta	BMKG — DKI Jakartaの気象予報	seasia_hazard	hazard	id	idn,weather,forecast	10800	Indonesian meteorological agency short-range weather forecast for DKI Jakarta administrative areas.
sas-bmkg-cuaca-32	https://cuaca.bmkg.go.id/api/df/v1/forecast/adm?adm1=32	json:data	27	BMKG — weather forecast for Jawa Barat	BMKG — Jawa Baratの気象予報	seasia_hazard	hazard	id	idn,weather,forecast	10800	Indonesian meteorological agency short-range weather forecast for Jawa Barat administrative areas.
sas-tmd-eq-rss	https://earthquake.tmd.go.th/feed/rss_tmd.xml	rss	10	Thai Meteorological Department — earthquake reports	Thai Meteorological Department — earthquake reports	seasia_hazard	hazard	th	tha,earthquake,seismic	1800	Earthquakes located by the Thai Meteorological Department seismic network, regional and global.
sas-tmd-eq-inside	https://earthquake.tmd.go.th/feed/rss_inside.xml	rss	10	Thai Meteorological Department — domestic earthquakes	Thai Meteorological Department — domestic earthquakes	seasia_hazard	hazard	th	tha,earthquake,seismic	1800	Earthquakes located inside Thailand by the Thai Meteorological Department.
sas-rbi-press	https://www.rbi.org.in/pressreleases_rss.xml	rss	10	Reserve Bank of India — press releases	Reserve Bank of India — press releases	sasia_gov	economy	en	ind,centralbank,economy	3600	Official Reserve Bank of India press releases on monetary policy, banking and regulation.
sas-rbi-notif	https://www.rbi.org.in/notifications_rss.xml	rss	10	Reserve Bank of India — notifications	Reserve Bank of India — notifications	sasia_gov	economy	en	ind,centralbank,regulation	3600	Regulatory notifications and circulars issued to Indian banks and financial institutions.
sas-rbi-speeches	https://www.rbi.org.in/Speeches_rss.xml	rss	10	Reserve Bank of India — speeches	Reserve Bank of India — speeches	sasia_gov	economy	en	ind,centralbank,speeches	21600	Speeches by RBI governors and deputy governors signalling policy direction.
sas-cbsl-rss	https://www.cbsl.gov.lk/rss.xml	rss	10	Central Bank of Sri Lanka — announcements	Central Bank of Sri Lanka — announcements	sasia_gov	economy	en	lka,centralbank,economy	3600	Central Bank of Sri Lanka press releases, policy decisions and statistical announcements.
sas-nrb-np	https://www.nrb.org.np/feed/	rss	5	Nepal Rastra Bank — notices	Nepal Rastra Bank — notices	sasia_gov	economy	en	npl,centralbank,economy	21600	Nepal Rastra Bank notices, circulars and monetary policy announcements.
sas-sg-2hr	https://api-open.data.gov.sg/v2/real-time/api/two-hr-forecast	json:data.area_metadata	47	Singapore NEA — two-hour weather forecast	Singapore NEA — two-hour weather forecast	seasia_gov	hazard	en	sgp,weather,forecast	1800	Two-hour nowcast of weather conditions for every Singapore forecast area with coordinates.
sas-sg-24hr	https://api-open.data.gov.sg/v2/real-time/api/twenty-four-hr-forecast	json:data.records	1	Singapore NEA — 24-hour weather forecast	Singapore NEA — 24-hour weather forecast	seasia_gov	hazard	en	sgp,weather,forecast	3600	Twenty-four hour Singapore weather outlook by region with temperature and humidity ranges.
sas-sg-airtemp	https://api-open.data.gov.sg/v2/real-time/api/air-temperature	json:data.stations	16	Singapore NEA — air temperature stations	Singapore NEA — air temperature stations	seasia_gov	environment	en	sgp,weather,sensors	1800	Live air-temperature readings from Singapore's weather station network with station coordinates.
sas-sg-rainfall	https://api-open.data.gov.sg/v2/real-time/api/rainfall	json:data.stations	77	Singapore NEA — rainfall stations	Singapore NEA — rainfall stations	seasia_gov	hazard	en	sgp,rainfall,sensors	900	Live five-minute rainfall readings from Singapore's rain-gauge network.
sas-sg-humidity	https://api-open.data.gov.sg/v2/real-time/api/relative-humidity	json:data.stations	16	Singapore NEA — relative humidity stations	Singapore NEA — relative humidity stations	seasia_gov	environment	en	sgp,weather,sensors	1800	Live relative-humidity readings from Singapore's weather station network.
sas-sg-windspeed	https://api-open.data.gov.sg/v2/real-time/api/wind-speed	json:data.stations	17	Singapore NEA — wind speed stations	Singapore NEA — wind speed stations	seasia_gov	environment	en	sgp,weather,sensors	1800	Live wind-speed readings from Singapore's weather station network.
sas-sg-datasets2	https://api-production.data.gov.sg/v2/public/api/datasets?page=2	json:data.datasets	10	data.gov.sg — dataset catalogue page 2	data.gov.sg — dataset catalogue page 2	seasia_gov	opendata	en	sgp,opendata,catalogue	86400	Second page of the Singapore government open-data catalogue with dataset ids and metadata.
sas-sg-datasets3	https://api-production.data.gov.sg/v2/public/api/datasets?page=3	json:data.datasets	10	data.gov.sg — dataset catalogue page 3	data.gov.sg — dataset catalogue page 3	seasia_gov	opendata	en	sgp,opendata,catalogue	86400	Third page of the Singapore government open-data catalogue.
sas-nz-linz-ogc	https://data.linz.govt.nz/services/api/v1.x/layers/	json-array	100	LINZ Data Service — layer catalogue	LINZ Data Service — layer catalogue	oceania_data	opendata	en	nzl,gis,catalogue	86400	Catalogue of Land Information New Zealand geospatial layers with titles, licences and metadata.
sas-news-toi-india	https://timesofindia.indiatimes.com/rssfeeds/-2128936835.cms	rss	20	Times of India — India news	Times of India — India news	sasia_gov	news	en	ind,news	3600	Publisher-own news feed; headline, link and timestamp for each item.
sas-news-ndtv	https://feeds.feedburner.com/ndtvnews-india-news	rss	20	NDTV — India news	NDTV — India news	sasia_gov	news	en	ind,news	3600	Publisher-own news feed; headline, link and timestamp for each item.
sas-news-hindustantimes	https://www.hindustantimes.com/feeds/rss/india-news/rssfeed.xml	rss	100	Hindustan Times — India news	Hindustan Times — India news	sasia_gov	news	en	ind,news	3600	Publisher-own news feed; headline, link and timestamp for each item.
sas-news-livemint	https://www.livemint.com/rss/news	rss	35	Mint — business and economy	Mint — business and economy	sasia_gov	economy	en	ind,news,business	3600	Publisher-own economy feed; headline, link and timestamp for each item.
sas-news-tribunepk	https://tribune.com.pk/feed/home	rss	74	The Express Tribune — Pakistan news	The Express Tribune — Pakistan news	sasia_gov	news	en	pak,news	3600	Publisher-own news feed; headline, link and timestamp for each item.
sas-news-arynews	https://arynews.tv/feed/	rss	211	ARY News — Pakistan news	ARY News — Pakistan news	sasia_gov	news	en	pak,news	3600	Publisher-own news feed; headline, link and timestamp for each item.
sas-news-onlinekhabar	https://www.onlinekhabar.com/feed	rss	55	Onlinekhabar — Nepal news	Onlinekhabar — Nepal news	sasia_gov	news	ne	npl,news	3600	Publisher-own news feed; headline, link and timestamp for each item.
sas-news-tolonews	https://tolonews.com/rss.xml	rss	30	TOLOnews — Afghanistan news	TOLOnews — Afghanistan news	sasia_gov	news	en	afg,news	3600	Publisher-own news feed; headline, link and timestamp for each item.
sas-news-antara	https://www.antaranews.com/rss/terkini	rss	50	ANTARA — Indonesia latest news	ANTARA — Indonesia latest news	seasia_gov	news	id	idn,news,wire	3600	Publisher-own news feed; headline, link and timestamp for each item.
sas-news-antara-en	https://en.antaranews.com/rss/news	rss	50	ANTARA English — Indonesia news wire	ANTARA English — Indonesia news wire	seasia_gov	news	en	idn,news,wire	3600	Publisher-own news feed; headline, link and timestamp for each item.
sas-news-cnnindonesia	https://www.cnnindonesia.com/nasional/rss	rss	100	CNN Indonesia — national news	CNN Indonesia — national news	seasia_gov	news	id	idn,news	3600	Publisher-own news feed; headline, link and timestamp for each item.
sas-news-nstmy	https://www.nst.com.my/feed	rss	50	New Straits Times — Malaysia news	New Straits Times — Malaysia news	seasia_gov	news	en	mys,news	3600	Publisher-own news feed; headline, link and timestamp for each item.
sas-news-businesstimes-sg	https://www.businesstimes.com.sg/rss/singapore	rss	32	The Business Times — Singapore business news	The Business Times — Singapore business news	seasia_gov	economy	en	sgp,news,business	3600	Publisher-own economy feed; headline, link and timestamp for each item.
sas-news-prachatai	https://prachatai.com/rss.xml	rss	10	Prachatai — Thailand rights and politics	Prachatai — Thailand rights and politics	seasia_gov	news	th	tha,news,rights	3600	Publisher-own news feed; headline, link and timestamp for each item.
sas-news-vnexpress-int	https://e.vnexpress.net/rss/news.rss	rss	60	VnExpress International — Vietnam news	VnExpress International — Vietnam news	seasia_gov	news	en	vnm,news	3600	Publisher-own news feed; headline, link and timestamp for each item.
sas-news-tuoitre	https://tuoitre.vn/rss/tin-moi-nhat.rss	rss	50	Tuoi Tre — Vietnam news	Tuoi Tre — Vietnam news	seasia_gov	news	vi	vnm,news	3600	Publisher-own news feed; headline, link and timestamp for each item.
sas-news-thanhnien	https://thanhnien.vn/rss/home.rss	rss	60	Thanh Nien — Vietnam news	Thanh Nien — Vietnam news	seasia_gov	news	vi	vnm,news	3600	Publisher-own news feed; headline, link and timestamp for each item.
sas-news-vietnamnet	https://vietnamnet.vn/rss/thoi-su.rss	rss	1000	VietNamNet — Vietnam current affairs	VietNamNet — Vietnam current affairs	seasia_gov	news	vi	vnm,news	3600	Publisher-own news feed; headline, link and timestamp for each item.
sas-news-inquirer	https://www.inquirer.net/fullfeed	rss	20	Philippine Daily Inquirer — full feed	Philippine Daily Inquirer — full feed	seasia_gov	news	en	phl,news	3600	Publisher-own news feed; headline, link and timestamp for each item.
sas-news-gmanetwork	https://data.gmanetwork.com/gno/rss/news/feed.xml	rss	15	GMA News — Philippines news	GMA News — Philippines news	seasia_gov	news	en	phl,news	3600	Publisher-own news feed; headline, link and timestamp for each item.
sas-news-abc-au-just	https://www.abc.net.au/news/feed/45910/rss.xml	rss	25	ABC News — Australian justice and courts	ABC News — Australian justice and courts	oceania_data	news	en	aus,news,legal	3600	Publisher-own news feed; headline, link and timestamp for each item.
sas-news-theage	https://www.theage.com.au/rss/feed.xml	rss	20	The Age — Melbourne news	The Age — Melbourne news	oceania_data	news	en	aus,vic,news	3600	Publisher-own news feed; headline, link and timestamp for each item.
sas-news-sbs	https://www.sbs.com.au/news/topic/latest/feed	rss	25	SBS News — Australia latest	SBS News — Australia latest	oceania_data	news	en	aus,news	3600	Publisher-own news feed; headline, link and timestamp for each item.
sas-news-afr	https://www.afr.com/rss/feed.xml	rss	20	Australian Financial Review — business news	Australian Financial Review — business news	oceania_data	economy	en	aus,news,business	3600	Publisher-own economy feed; headline, link and timestamp for each item.
sas-news-crikey	https://www.crikey.com.au/feed/	rss	10	Crikey — Australian politics and media	Crikey — Australian politics and media	oceania_data	news	en	aus,news,politics	3600	Publisher-own news feed; headline, link and timestamp for each item.
sas-news-stuffnz	https://www.stuff.co.nz/rss	atom	85	Stuff — New Zealand news	Stuff — New Zealand news	oceania_data	news	en	nzl,news	3600	Publisher-own news feed; headline, link and timestamp for each item.
sas-news-newsroomnz	https://www.newsroom.co.nz/feed	rss	10	Newsroom — New Zealand investigations	Newsroom — New Zealand investigations	oceania_data	news	en	nzl,news	3600	Publisher-own news feed; headline, link and timestamp for each item.
sas-ckan-au-emerg	https://data.gov.au/data/api/3/action/package_search?q=emergency&rows=100	json:result.results	100	data.gov.au — emergency management datasets	data.gov.au — emergency management datasets	oceania_data	hazard	en	aus,emergency,opendata	86400	Federal catalogue slice for emergency-management datasets: incidents, response boundaries, risk layers.
sas-ckan-au-health	https://data.gov.au/data/api/3/action/package_search?q=health&rows=100	json:result.results	100	data.gov.au — health datasets	data.gov.au — health datasets	oceania_data	health	en	aus,health,opendata	86400	Federal catalogue slice for health datasets including facilities, workforce and outcomes.
sas-ckan-au-transport	https://data.gov.au/data/api/3/action/package_search?q=transport&rows=100	json:result.results	100	data.gov.au — transport datasets	data.gov.au — transport datasets	oceania_data	transport	en	aus,transport,opendata	86400	Federal catalogue slice for transport datasets: road, rail, aviation and maritime networks.
sas-ckan-au-env	https://data.gov.au/data/api/3/action/package_search?q=environment&rows=100	json:result.results	100	data.gov.au — environment datasets	data.gov.au — environment datasets	oceania_data	environment	en	aus,environment,opendata	86400	Federal catalogue slice for environmental monitoring, biodiversity and land-cover datasets.
sas-ckan-au-recent	https://data.gov.au/data/api/3/action/current_package_list_with_resources?limit=50	json:result	50	data.gov.au — recently changed datasets with resources	data.gov.au — recently changed datasets with resources	oceania_data	opendata	en	aus,opendata,changes	43200	Most recently updated federal datasets including their downloadable resource URLs.
sas-ckan-nsw-flood	https://data.nsw.gov.au/data/api/3/action/package_search?q=flood&rows=100	json:result.results	100	NSW Government — flood datasets	NSW Government — flood datasets	oceania_data	hazard	en	aus,nsw,flood	86400	NSW catalogue slice for flood studies, gauges and inundation extents.
sas-ckan-nsw-transport	https://data.nsw.gov.au/data/api/3/action/package_search?q=transport&rows=100	json:result.results	100	NSW Government — transport datasets	NSW Government — transport datasets	oceania_data	transport	en	aus,nsw,transport	86400	NSW catalogue slice for road, rail and public-transport datasets.
sas-ckan-nsw-crime	https://data.nsw.gov.au/data/api/3/action/package_search?q=crime&rows=100	json:result.results	80	NSW Government — crime datasets	NSW Government — crime datasets	oceania_data	crime	en	aus,nsw,crime	86400	NSW catalogue slice for BOCSAR crime statistics and police-reported incident data.
sas-ckan-nsw-recent	https://data.nsw.gov.au/data/api/3/action/current_package_list_with_resources?limit=50	json:result	50	NSW Government — recently changed datasets	NSW Government — recently changed datasets	oceania_data	opendata	en	aus,nsw,changes	43200	Most recently updated NSW datasets including resource download URLs.
sas-ckan-qld-fire	https://www.data.qld.gov.au/api/3/action/package_search?q=bushfire&rows=100	json:result.results	40	Queensland Government — bushfire datasets	Queensland Government — bushfire datasets	oceania_data	hazard	en	aus,qld,bushfire	86400	Queensland catalogue slice for bushfire risk, fire scars and hazard mapping.
sas-ckan-qld-health	https://www.data.qld.gov.au/api/3/action/package_search?q=health&rows=100	json:result.results	100	Queensland Government — health datasets	Queensland Government — health datasets	oceania_data	health	en	aus,qld,health	86400	Queensland catalogue slice for hospital activity and public-health datasets.
sas-ckan-qld-coast	https://www.data.qld.gov.au/api/3/action/package_search?q=coastal&rows=100	json:result.results	100	Queensland Government — coastal datasets	Queensland Government — coastal datasets	oceania_data	environment	en	aus,qld,coastal	86400	Queensland catalogue slice for coastal hazard, erosion and marine-park datasets.
sas-ckan-qld-recent	https://www.data.qld.gov.au/api/3/action/current_package_list_with_resources?limit=50	json:result	50	Queensland Government — recently changed datasets	Queensland Government — recently changed datasets	oceania_data	opendata	en	aus,qld,changes	43200	Most recently updated Queensland datasets with resource URLs.
sas-ckan-sa-water	https://data.sa.gov.au/data/api/3/action/package_search?q=water&rows=100	json:result.results	100	South Australia — water datasets	South Australia — water datasets	oceania_data	environment	en	aus,sa,water	86400	South Australian catalogue slice for surface water, groundwater and water-quality monitoring.
sas-ckan-sa-env	https://data.sa.gov.au/data/api/3/action/package_search?q=environment&rows=100	json:result.results	100	South Australia — environment datasets	South Australia — environment datasets	oceania_data	environment	en	aus,sa,environment	86400	South Australian catalogue slice for vegetation, biodiversity and land-condition datasets.
sas-ckan-sa-recent	https://data.sa.gov.au/data/api/3/action/current_package_list_with_resources?limit=50	json:result	50	South Australia — recently changed datasets	South Australia — recently changed datasets	oceania_data	opendata	en	aus,sa,changes	43200	Most recently updated South Australian datasets with resource URLs.
sas-ckan-vic-flood	https://discover.data.vic.gov.au/api/3/action/package_search?q=flood&rows=100	json:result.results	22	Victoria — flood datasets	Victoria — flood datasets	oceania_data	hazard	en	aus,vic,flood	86400	Victorian catalogue slice for flood extents, studies and gauge networks.
sas-ckan-vic-fire	https://discover.data.vic.gov.au/api/3/action/package_search?q=bushfire&rows=100	json:result.results	33	Victoria — bushfire datasets	Victoria — bushfire datasets	oceania_data	hazard	en	aus,vic,bushfire	86400	Victorian catalogue slice for bushfire history, fuel and risk datasets.
sas-ckan-vic-health	https://discover.data.vic.gov.au/api/3/action/package_search?q=health&rows=100	json:result.results	100	Victoria — health datasets	Victoria — health datasets	oceania_data	health	en	aus,vic,health	86400	Victorian catalogue slice for hospital, ambulance and public-health datasets.
sas-ckan-vic-recent	https://discover.data.vic.gov.au/api/3/action/current_package_list_with_resources?limit=50	json:result	50	Victoria — recently changed datasets	Victoria — recently changed datasets	oceania_data	opendata	en	aus,vic,changes	43200	Most recently updated Victorian datasets with resource URLs.
sas-ckan-wa-flood	https://catalogue.data.wa.gov.au/api/3/action/package_search?q=flood&rows=100	json:result.results	100	Western Australia — flood datasets	Western Australia — flood datasets	oceania_data	hazard	en	aus,wa,flood	86400	Western Australian catalogue slice for flood mapping and hydrological monitoring.
sas-ckan-wa-mining	https://catalogue.data.wa.gov.au/api/3/action/package_search?q=mining&rows=100	json:result.results	100	Western Australia — mining datasets	Western Australia — mining datasets	oceania_data	economy	en	aus,wa,mining	86400	Western Australian catalogue slice for mineral tenements, mine sites and production data.
sas-ckan-wa-env	https://catalogue.data.wa.gov.au/api/3/action/package_search?q=environment&rows=100	json:result.results	100	Western Australia — environment datasets	Western Australia — environment datasets	oceania_data	environment	en	aus,wa,environment	86400	Western Australian catalogue slice for vegetation, biodiversity and pollution datasets.
sas-ckan-wa-recent	https://catalogue.data.wa.gov.au/api/3/action/current_package_list_with_resources?limit=50	json:result	50	Western Australia — recently changed datasets	Western Australia — recently changed datasets	oceania_data	opendata	en	aus,wa,changes	43200	Most recently updated Western Australian datasets with resource URLs.
sas-ckan-nt-env	https://data.nt.gov.au/api/3/action/package_search?q=environment&rows=100	json:result.results	100	Northern Territory — environment datasets	Northern Territory — environment datasets	oceania_data	environment	en	aus,nt,environment	86400	Northern Territory catalogue slice for land, vegetation and water-resource datasets.
sas-ckan-nt-health	https://data.nt.gov.au/api/3/action/package_search?q=health&rows=100	json:result.results	56	Northern Territory — health datasets	Northern Territory — health datasets	oceania_data	health	en	aus,nt,health	86400	Northern Territory catalogue slice for health service and disease-surveillance datasets.
sas-ckan-nt-flood	https://data.nt.gov.au/api/3/action/package_search?q=flood&rows=100	json:result.results	2	Northern Territory — flood datasets	Northern Territory — flood datasets	oceania_data	hazard	en	aus,nt,flood	86400	Northern Territory catalogue slice for flood mapping and monsoon hydrology.
sas-ckan-kh-land	https://data.opendevelopmentcambodia.net/api/3/action/package_search?q=land&rows=100	json:result.results	100	Open Development Cambodia — land datasets	Open Development Cambodia — land datasets	seasia_gov	opendata	en	khm,land,concessions	86400	Cambodian economic land concessions, tenure and land-use datasets.
sas-ckan-kh-forest	https://data.opendevelopmentcambodia.net/api/3/action/package_search?q=forest&rows=100	json:result.results	100	Open Development Cambodia — forest datasets	Open Development Cambodia — forest datasets	seasia_gov	environment	en	khm,forest,deforestation	86400	Cambodian forest cover, logging concession and protected-area datasets.
sas-ckan-mekong-dam	https://data.opendevelopmentmekong.net/api/3/action/package_search?q=hydropower&rows=100	json:result.results	100	Open Development Mekong — hydropower datasets	Open Development Mekong — hydropower datasets	seasia_gov	energy	en	mekong,hydropower,dams	86400	Mekong basin hydropower dam locations, status and impact-assessment datasets.
sas-ckan-mekong-mining	https://data.opendevelopmentmekong.net/api/3/action/package_search?q=mining&rows=100	json:result.results	100	Open Development Mekong — mining datasets	Open Development Mekong — mining datasets	seasia_gov	economy	en	mekong,mining,concessions	86400	Mekong region mining concessions and extractive-industry datasets.
sas-ckan-mekong-forest	https://data.opendevelopmentmekong.net/api/3/action/package_search?q=forest&rows=100	json:result.results	100	Open Development Mekong — forest datasets	Open Development Mekong — forest datasets	seasia_gov	environment	en	mekong,forest,deforestation	86400	Mekong region forest cover, concession and deforestation datasets.
sas-ckan-mm-conflict	https://data.opendevelopmentmyanmar.net/api/3/action/package_search?q=conflict&rows=100	json:result.results	100	Open Development Myanmar — conflict datasets	Open Development Myanmar — conflict datasets	seasia_gov	conflict	en	mmr,conflict,displacement	86400	Myanmar armed-conflict, ceasefire-area and displacement datasets.
sas-ckan-mm-land	https://data.opendevelopmentmyanmar.net/api/3/action/package_search?q=land&rows=100	json:result.results	100	Open Development Myanmar — land datasets	Open Development Myanmar — land datasets	seasia_gov	opendata	en	mmr,land,tenure	86400	Myanmar land tenure, concession and land-use datasets.
sas-ckan-mm-health	https://data.opendevelopmentmyanmar.net/api/3/action/package_search?q=health&rows=100	json:result.results	100	Open Development Myanmar — health datasets	Open Development Myanmar — health datasets	seasia_gov	health	en	mmr,health,services	86400	Myanmar health facility, service coverage and disease datasets.
sas-linz-sets	https://data.linz.govt.nz/services/api/v1.x/sets/	json-array	33	LINZ Data Service — data sets	LINZ Data Service — data sets	oceania_data	opendata	en	nzl,gis,catalogue	86400	Curated LINZ data sets grouping related topographic, cadastral and hydrographic layers.
sas-linz-tables	https://data.linz.govt.nz/services/api/v1.x/tables/	json-array	100	LINZ Data Service — tables catalogue	LINZ Data Service — tables catalogue	oceania_data	opendata	en	nzl,gis,catalogue	86400	Non-spatial LINZ tables such as property, title and place-name registers.
sas-linz-pubs	https://data.linz.govt.nz/services/api/v1.x/publishers/	json-array	72	LINZ Data Service — publishers	LINZ Data Service — publishers	oceania_data	opendata	en	nzl,gis,registry	86400	Organisations publishing through the LINZ Data Service.
sas-linz-data	https://data.linz.govt.nz/services/api/v1.x/data/	json-array	100	LINZ Data Service — combined data index	LINZ Data Service — combined data index	oceania_data	opendata	en	nzl,gis,catalogue	86400	Combined index of LINZ layers, tables and documents with last-updated timestamps.
sas-statsnz-layers	https://datafinder.stats.govt.nz/services/api/v1.x/layers/	json-array	100	Stats NZ Geographic Data Service — layer catalogue	Stats NZ Geographic Data Service — layer catalogue	oceania_data	opendata	en	nzl,statistics,gis	86400	Catalogue of Stats NZ statistical boundary and census geography layers.
sas-mfe-layers	https://data.mfe.govt.nz/services/api/v1.x/layers/	json-array	100	NZ Ministry for the Environment — layer catalogue	NZ Ministry for the Environment — layer catalogue	oceania_data	environment	en	nzl,environment,gis	86400	Catalogue of MfE environmental geospatial layers: land cover, water quality, air.
sas-lris-layers	https://lris.scinfo.org.nz/services/api/v1.x/layers/	json-array	100	Manaaki Whenua LRIS — layer catalogue	Manaaki Whenua LRIS — layer catalogue	oceania_data	environment	en	nzl,soil,landcover,gis	86400	Catalogue of New Zealand Land Resource Information System soil and land-cover layers.
sas-koordinates-layers	https://koordinates.com/services/api/v1.x/layers/	json-array	100	Koordinates — public layer catalogue	Koordinates — public layer catalogue	oceania_data	opendata	en	nzl,gis,catalogue	86400	Cross-site catalogue of publicly shared Koordinates geospatial layers, heavily NZ and Pacific.
sas-arc-nsw-spatial	https://portal.spatial.nsw.gov.au/server/rest/services?f=json	json:services	82	NSW Spatial Services — ArcGIS service directory	NSW Spatial Services — ArcGIS service directory	oceania_data	opendata	en	aus,nsw,gis	86400	Index of every published NSW Spatial Services map and feature service, used to discover new layers.
sas-arc-qld	https://spatial-gis.information.qld.gov.au/arcgis/rest/services?f=json	json:folders	56	Queensland Spatial — ArcGIS folder directory	Queensland Spatial — ArcGIS folder directory	oceania_data	opendata	en	aus,qld,gis	86400	Index of Queensland Government ArcGIS service folders spanning flood, environment and cadastre.
sas-arc-tas	https://services.thelist.tas.gov.au/arcgis/rest/services?f=json	json:folders	8	Tasmania LIST — ArcGIS folder directory	Tasmania LIST — ArcGIS folder directory	oceania_data	opendata	en	aus,tas,gis	86400	Index of Tasmanian Land Information System ArcGIS service folders.
sas-arc-wa-slip	https://services.slip.wa.gov.au/public/rest/services?f=json	json:folders	5	WA Landgate SLIP — ArcGIS folder directory	WA Landgate SLIP — ArcGIS folder directory	oceania_data	opendata	en	aus,wa,gis	86400	Index of Western Australian Shared Location Information Platform public service folders.
sas-arc-nsw-env	https://mapprod3.environment.nsw.gov.au/arcgis/rest/services?f=json	json:folders	41	NSW DCCEEW — environment ArcGIS folder directory	NSW DCCEEW — environment ArcGIS folder directory	oceania_data	environment	en	aus,nsw,gis	86400	Index of NSW environment department ArcGIS folders covering fire, flood, soil and vegetation.
sas-arc-vicorg	https://services6.arcgis.com/GB33F62SbDxJjwEL/arcgis/rest/services?f=json	json:services	2	Victorian Government — ArcGIS Online service list	Victorian Government — ArcGIS Online service list	oceania_data	opendata	en	aus,vic,gis	86400	Feature services published by the Victorian Government ArcGIS Online organisation.
sas-bmkg-adm-11	https://cuaca.bmkg.go.id/api/df/v1/forecast/adm?adm1=11	json:data	23	BMKG — weather forecast for Aceh	BMKG — Acehの気象予報	seasia_hazard	hazard	id	idn,weather,forecast	10800	Indonesian meteorological agency short-range weather forecast for Aceh administrative areas.
sas-bmkg-adm-12	https://cuaca.bmkg.go.id/api/df/v1/forecast/adm?adm1=12	json:data	33	BMKG — weather forecast for Sumatera Utara	BMKG — Sumatera Utaraの気象予報	seasia_hazard	hazard	id	idn,weather,forecast	10800	Indonesian meteorological agency short-range weather forecast for Sumatera Utara administrative areas.
sas-bmkg-adm-13	https://cuaca.bmkg.go.id/api/df/v1/forecast/adm?adm1=13	json:data	19	BMKG — weather forecast for Sumatera Barat	BMKG — Sumatera Baratの気象予報	seasia_hazard	hazard	id	idn,weather,forecast	10800	Indonesian meteorological agency short-range weather forecast for Sumatera Barat administrative areas.
sas-bmkg-adm-14	https://cuaca.bmkg.go.id/api/df/v1/forecast/adm?adm1=14	json:data	12	BMKG — weather forecast for Riau	BMKG — Riauの気象予報	seasia_hazard	hazard	id	idn,weather,forecast	10800	Indonesian meteorological agency short-range weather forecast for Riau administrative areas.
sas-bmkg-adm-16	https://cuaca.bmkg.go.id/api/df/v1/forecast/adm?adm1=16	json:data	17	BMKG — weather forecast for Sumatera Selatan	BMKG — Sumatera Selatanの気象予報	seasia_hazard	hazard	id	idn,weather,forecast	10800	Indonesian meteorological agency short-range weather forecast for Sumatera Selatan administrative areas.
sas-bmkg-adm-18	https://cuaca.bmkg.go.id/api/df/v1/forecast/adm?adm1=18	json:data	15	BMKG — weather forecast for Lampung	BMKG — Lampungの気象予報	seasia_hazard	hazard	id	idn,weather,forecast	10800	Indonesian meteorological agency short-range weather forecast for Lampung administrative areas.
sas-bmkg-adm-33	https://cuaca.bmkg.go.id/api/df/v1/forecast/adm?adm1=33	json:data	35	BMKG — weather forecast for Jawa Tengah	BMKG — Jawa Tengahの気象予報	seasia_hazard	hazard	id	idn,weather,forecast	10800	Indonesian meteorological agency short-range weather forecast for Jawa Tengah administrative areas.
sas-bmkg-adm-34	https://cuaca.bmkg.go.id/api/df/v1/forecast/adm?adm1=34	json:data	5	BMKG — weather forecast for DI Yogyakarta	BMKG — DI Yogyakartaの気象予報	seasia_hazard	hazard	id	idn,weather,forecast	10800	Indonesian meteorological agency short-range weather forecast for DI Yogyakarta administrative areas.
sas-bmkg-adm-35	https://cuaca.bmkg.go.id/api/df/v1/forecast/adm?adm1=35	json:data	38	BMKG — weather forecast for Jawa Timur	BMKG — Jawa Timurの気象予報	seasia_hazard	hazard	id	idn,weather,forecast	10800	Indonesian meteorological agency short-range weather forecast for Jawa Timur administrative areas.
sas-bmkg-adm-36	https://cuaca.bmkg.go.id/api/df/v1/forecast/adm?adm1=36	json:data	8	BMKG — weather forecast for Banten	BMKG — Bantenの気象予報	seasia_hazard	hazard	id	idn,weather,forecast	10800	Indonesian meteorological agency short-range weather forecast for Banten administrative areas.
sas-bmkg-adm-51	https://cuaca.bmkg.go.id/api/df/v1/forecast/adm?adm1=51	json:data	9	BMKG — weather forecast for Bali	BMKG — Baliの気象予報	seasia_hazard	hazard	id	idn,weather,forecast	10800	Indonesian meteorological agency short-range weather forecast for Bali administrative areas.
sas-bmkg-adm-53	https://cuaca.bmkg.go.id/api/df/v1/forecast/adm?adm1=53	json:data	22	BMKG — weather forecast for Nusa Tenggara Timur	BMKG — Nusa Tenggara Timurの気象予報	seasia_hazard	hazard	id	idn,weather,forecast	10800	Indonesian meteorological agency short-range weather forecast for Nusa Tenggara Timur administrative areas.
sas-bmkg-adm-73	https://cuaca.bmkg.go.id/api/df/v1/forecast/adm?adm1=73	json:data	24	BMKG — weather forecast for Sulawesi Selatan	BMKG — Sulawesi Selatanの気象予報	seasia_hazard	hazard	id	idn,weather,forecast	10800	Indonesian meteorological agency short-range weather forecast for Sulawesi Selatan administrative areas.
sas-bmkg-adm-94	https://cuaca.bmkg.go.id/api/df/v1/forecast/adm?adm1=94	json:data	8	BMKG — weather forecast for Papua	BMKG — Papuaの気象予報	seasia_hazard	hazard	id	idn,weather,forecast	10800	Indonesian meteorological agency short-range weather forecast for Papua administrative areas.
sas-geonet-quake2	https://api.geonet.org.nz/quake?MMI=2	geojson	98	GeoNet — earthquakes MMI 2 and above	GeoNet — earthquakes MMI 2 and above	oceania_data	hazard	en	nzl,earthquake,seismic	900	New Zealand earthquakes at modified Mercalli intensity 2 or greater as GeoJSON points.
sas-geonet-quake6	https://api.geonet.org.nz/quake?MMI=6	geojson	6	GeoNet — earthquakes MMI 6 and above	GeoNet — earthquakes MMI 6 and above	oceania_data	hazard	en	nzl,earthquake,seismic	1800	Strong New Zealand earthquakes at intensity 6 or greater, the damaging-shaking threshold.
sas-sg-psi2	https://api-open.data.gov.sg/v2/real-time/api/psi	json:data.regionMetadata	5	Singapore NEA — Pollutant Standards Index	Singapore NEA — Pollutant Standards Index	seasia_gov	environment	en	sgp,airquality,haze	1800	Regional PSI air-quality readings across Singapore, the standard haze indicator.
sas-sg-pm252	https://api-open.data.gov.sg/v2/real-time/api/pm25	json:data.regionMetadata	5	Singapore NEA — PM2.5 readings	Singapore NEA — PM2.5 readings	seasia_gov	environment	en	sgp,airquality,haze	1800	Hourly PM2.5 concentrations for Singapore's five air-quality regions.
sas-sg-winddir2	https://api-open.data.gov.sg/v2/real-time/api/wind-direction	json:data.stations	17	Singapore NEA — wind direction stations	Singapore NEA — wind direction stations	seasia_gov	environment	en	sgp,weather,sensors	1800	Live wind-direction readings from Singapore's weather station network.
sas-sg-4day2	https://api-open.data.gov.sg/v2/real-time/api/four-day-outlook	json:data.records	1	Singapore NEA — four-day outlook	Singapore NEA — four-day outlook	seasia_gov	hazard	en	sgp,weather,forecast	10800	Four-day Singapore weather outlook with daily forecast, temperature and wind.
sas-sg-datasets4	https://api-production.data.gov.sg/v2/public/api/datasets?page=4	json:data.datasets	10	data.gov.sg — dataset catalogue page 4	data.gov.sg — dataset catalogue page 4	seasia_gov	opendata	en	sgp,opendata,catalogue	86400	Fourth page of the Singapore government open-data catalogue.
sas-nz-police	https://www.police.govt.nz/rss.xml	rss	10	New Zealand Police — news releases	New Zealand Police — news releases	oceania_data	crime	en	nzl,police,news	3600	Official New Zealand Police news releases including major incidents and appeals.
sas-wp-thenationalpg	https://www.thenational.com.pg/wp-json/wp/v2/posts?per_page=50	json-array	50	The National — Papua New Guinea news	The National — Papua New Guinea news	oceania_data	news	en	png,news	3600	Publisher-own news feed; headline, link and timestamp for each item.
sas-wp-tatoli	https://tatoli.tl/wp-json/wp/v2/posts?per_page=50	json-array	50	Tatoli — Timor-Leste state news agency	Tatoli — Timor-Leste state news agency	seasia_gov	news	en	tls,news,wire	3600	Publisher-own news feed; headline, link and timestamp for each item.
sas-wp-ariananews	https://www.ariananews.af/wp-json/wp/v2/posts?per_page=50	json-array	50	Ariana News — Afghanistan news	Ariana News — Afghanistan news	sasia_gov	news	en	afg,news	3600	Publisher-own news feed; headline, link and timestamp for each item.
sas-wp-8am	https://8am.media/eng/wp-json/wp/v2/posts?per_page=50	json-array	50	Hasht-e Subh Daily — Afghanistan news	Hasht-e Subh Daily — Afghanistan news	sasia_gov	news	en	afg,news	3600	Publisher-own news feed; headline, link and timestamp for each item.
sas-tt-aspi	https://www.aspistrategist.org.au/feed/	rss	100	ASPI The Strategist — analysis	ASPI The Strategist — analysis	oceania_data	analysis	en	aus,security,thinktank	3600	Australian Strategic Policy Institute commentary on Indo-Pacific defence and security.
sas-tt-devpolicy	https://devpolicy.org/feed/	rss	20	ANU Devpolicy Blog — Pacific and aid analysis	ANU Devpolicy Blog — Pacific and aid analysis	oceania_data	analysis	en	aus,pacific,development	3600	Australian National University analysis of aid, development and Pacific island policy.
sas-org-asean	https://asean.org/feed/	rss	10	ASEAN Secretariat — news	ASEAN Secretariat — news	seasia_gov	gazette	en	asean,regional,diplomacy	3600	Official ASEAN Secretariat statements, summit outcomes and member-state communiques.
sas-org-unescap	https://www.unescap.org/rss.xml	rss	10	UN ESCAP — news	UN ESCAP — news	seasia_gov	gazette	en	asia,pacific,un	3600	UN Economic and Social Commission for Asia and the Pacific news and report releases.
sas-org-ahacentre	https://ahacentre.org/feed/	rss	5	ASEAN AHA Centre — disaster updates	ASEAN AHA Centre — disaster updates	seasia_hazard	hazard	en	asean,disaster,humanitarian	3600	ASEAN disaster management centre situation updates and flash reports for member states.
sas-org-mrc	https://www.mrcmekong.org/feed/	rss	10	Mekong River Commission — news	Mekong River Commission — news	seasia_hazard	environment	en	mekong,water,transboundary	3600	Mekong River Commission announcements on river flow, drought, dams and basin cooperation.
sas-news-zeenews	https://zeenews.india.com/rss/india-national-news.xml	rss	20	Zee News — India national news	Zee News — India national news	sasia_gov	news	en	ind,news	3600	Publisher-own news feed; headline, link and timestamp for each item.
sas-news-geotv	https://www.geo.tv/rss/1/1	rss	20	Geo News — Pakistan news	Geo News — Pakistan news	sasia_gov	news	en	pak,news	3600	Publisher-own news feed; headline, link and timestamp for each item.
sas-news-brecorder	https://www.brecorder.com/feeds/latest-news	rss	30	Business Recorder — Pakistan business news	Business Recorder — Pakistan business news	sasia_gov	economy	en	pak,news,business	3600	Publisher-own economy feed; headline, link and timestamp for each item.
sas-news-prothomalo-en	https://en.prothomalo.com/feed/	rss	4	Prothom Alo English — Bangladesh news	Prothom Alo English — Bangladesh news	sasia_gov	news	en	bgd,news	3600	Publisher-own news feed; headline, link and timestamp for each item.
sas-news-islandlk	https://island.lk/feed/	rss	10	The Island — Sri Lanka news	The Island — Sri Lanka news	sasia_gov	news	en	lka,news	3600	Publisher-own news feed; headline, link and timestamp for each item.
sas-news-setopati	https://www.setopati.com/feed	rss	5	Setopati — Nepal news	Setopati — Nepal news	sasia_gov	news	ne	npl,news	3600	Publisher-own news feed; headline, link and timestamp for each item.
sas-news-detik2	https://news.detik.com/rss	rss	100	detikNews — Indonesia news	detikNews — Indonesia news	seasia_gov	news	id	idn,news	3600	Publisher-own news feed; headline, link and timestamp for each item.
sas-news-tempo2	https://rss.tempo.co/nasional	rss	50	Tempo — Indonesia national news	Tempo — Indonesia national news	seasia_gov	news	id	idn,news	3600	Publisher-own news feed; headline, link and timestamp for each item.
sas-news-republika	https://www.republika.co.id/rss	rss	15	Republika — Indonesia news	Republika — Indonesia news	seasia_gov	news	id	idn,news	3600	Publisher-own news feed; headline, link and timestamp for each item.
sas-news-malaysiakini	https://www.malaysiakini.com/rss/en/news.rss	rss	30	Malaysiakini — Malaysia news	Malaysiakini — Malaysia news	seasia_gov	news	en	mys,news	3600	Publisher-own news feed; headline, link and timestamp for each item.
sas-news-bkkpost-th	https://www.bangkokpost.com/rss/data/thailand.xml	rss	10	Bangkok Post — Thailand news	Bangkok Post — Thailand news	seasia_gov	news	en	tha,news	3600	Publisher-own news feed; headline, link and timestamp for each item.
sas-news-bkkpost-biz	https://www.bangkokpost.com/rss/data/business.xml	rss	10	Bangkok Post — business news	Bangkok Post — business news	seasia_gov	economy	en	tha,news,business	3600	Publisher-own economy feed; headline, link and timestamp for each item.
sas-news-khaosod-en	https://www.khaosodenglish.com/feed/	rss	5	Khaosod English — Thailand news	Khaosod English — Thailand news	seasia_gov	news	en	tha,news	3600	Publisher-own news feed; headline, link and timestamp for each item.
sas-news-thethaiger	https://thethaiger.com/feed	rss	10	The Thaiger — Thailand news	The Thaiger — Thailand news	seasia_gov	news	en	tha,news	3600	Publisher-own news feed; headline, link and timestamp for each item.
sas-news-vnexpress-ts	https://vnexpress.net/rss/thoi-su.rss	rss	60	VnExpress — Vietnam current affairs	VnExpress — Vietnam current affairs	seasia_gov	news	vi	vnm,news	3600	Publisher-own news feed; headline, link and timestamp for each item.
sas-news-vnexpress-kd	https://vnexpress.net/rss/kinh-doanh.rss	rss	60	VnExpress — Vietnam business	VnExpress — Vietnam business	seasia_gov	economy	vi	vnm,news,business	3600	Publisher-own economy feed; headline, link and timestamp for each item.
sas-news-tienphong	https://tienphong.vn/rss/home.rss	rss	50	Tien Phong — Vietnam news	Tien Phong — Vietnam news	seasia_gov	news	vi	vnm,news	3600	Publisher-own news feed; headline, link and timestamp for each item.
sas-news-smh-national	https://www.smh.com.au/rss/national.xml	rss	20	Sydney Morning Herald — national news	Sydney Morning Herald — national news	oceania_data	news	en	aus,nsw,news	3600	Publisher-own news feed; headline, link and timestamp for each item.
sas-news-brisbanetimes	https://www.brisbanetimes.com.au/rss/feed.xml	rss	20	Brisbane Times — Queensland news	Brisbane Times — Queensland news	oceania_data	news	en	aus,qld,news	3600	Publisher-own news feed; headline, link and timestamp for each item.
sas-news-watoday	https://www.watoday.com.au/rss/feed.xml	rss	20	WAtoday — Western Australia news	WAtoday — Western Australia news	oceania_data	news	en	aus,wa,news	3600	Publisher-own news feed; headline, link and timestamp for each item.
sas-news-canberratimes	https://www.canberratimes.com.au/rss.xml	rss	20	Canberra Times — ACT and federal news	Canberra Times — ACT and federal news	oceania_data	news	en	aus,act,news	3600	Publisher-own news feed; headline, link and timestamp for each item.
sas-news-abc-au-world	https://www.abc.net.au/news/feed/2942460/rss.xml	rss	25	ABC News — world coverage	ABC News — world coverage	oceania_data	news	en	aus,news,world	3600	Publisher-own news feed; headline, link and timestamp for each item.
sas-news-rnz-national	https://www.rnz.co.nz/rss/national.xml	rss	39	RNZ — New Zealand national news	RNZ — New Zealand national news	oceania_data	news	en	nzl,news	3600	Publisher-own news feed; headline, link and timestamp for each item.
sas-news-rnz-political	https://www.rnz.co.nz/rss/political.xml	rss	16	RNZ — New Zealand politics	RNZ — New Zealand politics	oceania_data	news	en	nzl,news,politics	3600	Publisher-own news feed; headline, link and timestamp for each item.
sas-news-thespinoff	https://thespinoff.co.nz/feed	atom	20	The Spinoff — New Zealand analysis	The Spinoff — New Zealand analysis	oceania_data	news	en	nzl,news	3600	Publisher-own news feed; headline, link and timestamp for each item.
sas-news-interest-nz	https://www.interest.co.nz/rss	rss	20	interest.co.nz — New Zealand economy	interest.co.nz — New Zealand economy	oceania_data	economy	en	nzl,news,economy	3600	Publisher-own economy feed; headline, link and timestamp for each item.
sas-news-pina	https://pina.com.fj/feed/	rss	1	Pacific Islands News Association — regional news	Pacific Islands News Association — regional news	oceania_data	news	en	pacific,news	3600	Publisher-own news feed; headline, link and timestamp for each item.
sas-news-cookislandsnews	https://www.cookislandsnews.com/feed/	rss	10	Cook Islands News — national news	Cook Islands News — national news	oceania_data	news	en	cok,news	3600	Publisher-own news feed; headline, link and timestamp for each item.
sas-news-samoanews	https://www.samoanews.com/rss.xml	rss	10	Samoa News — American Samoa and Samoa news	Samoa News — American Samoa and Samoa news	oceania_data	news	en	asm,wsm,news	3600	Publisher-own news feed; headline, link and timestamp for each item.
sas-arc-nsw-emergfac	https://portal.spatial.nsw.gov.au/server/rest/services/NSW_FOI_Emergency_Service_Facilities/FeatureServer/0/query?where=1%3D1&outFields=*&outSR=4326&resultRecordCount=200&geometryPrecision=5&f=geojson	geojson	200	NSW Spatial Services — emergency service facilities	NSW Spatial Services — emergency service facilities	oceania_data	hazard	en	aus,nsw,emergency,geo	86400	Point locations and attributes of NSW fire, ambulance, police and SES facilities.
sas-arc-nsw-healthfac	https://portal.spatial.nsw.gov.au/server/rest/services/NSW_FOI_Health_Facilities/FeatureServer/0/query?where=1%3D1&outFields=*&outSR=4326&resultRecordCount=200&geometryPrecision=5&f=geojson	geojson	200	NSW Spatial Services — health facilities	NSW Spatial Services — health facilities	oceania_data	health	en	aus,nsw,health,geo	86400	Point locations of NSW hospitals, community health and aged-care facilities.
sas-arc-nsw-edufac	https://portal.spatial.nsw.gov.au/server/rest/services/NSW_FOI_Education_Facilities/FeatureServer/0/query?where=1%3D1&outFields=*&outSR=4326&resultRecordCount=200&geometryPrecision=5&f=geojson	geojson	200	NSW Spatial Services — education facilities	NSW Spatial Services — education facilities	oceania_data	opendata	en	aus,nsw,education,geo	86400	Point locations of NSW schools, TAFEs and universities with names and types.
sas-arc-nsw-transfac	https://portal.spatial.nsw.gov.au/server/rest/services/NSW_FOI_Transport_Facilities/FeatureServer/0/query?where=1%3D1&outFields=*&outSR=4326&resultRecordCount=200&geometryPrecision=5&f=geojson	geojson	109	NSW Spatial Services — transport facilities	NSW Spatial Services — transport facilities	oceania_data	transport	en	aus,nsw,transport,geo	86400	Point locations of NSW airports, wharves, rail stations and freight terminals.
sas-arc-nsw-justfac	https://portal.spatial.nsw.gov.au/server/rest/services/NSW_FOI_Justice_Facilities/FeatureServer/0/query?where=1%3D1&outFields=*&outSR=4326&resultRecordCount=200&geometryPrecision=5&f=geojson	geojson	192	NSW Spatial Services — justice facilities	NSW Spatial Services — justice facilities	oceania_data	opendata	en	aus,nsw,justice,geo	86400	Point locations of NSW courts, correctional centres and justice facilities.
sas-arc-nsw-foi	https://portal.spatial.nsw.gov.au/server/rest/services/NSW_Features_of_Interest_Category/FeatureServer/0/query?where=1%3D1&outFields=*&outSR=4326&resultRecordCount=200&geometryPrecision=5&f=geojson	geojson	200	NSW Spatial Services — features of interest	NSW Spatial Services — features of interest	oceania_data	opendata	en	aus,nsw,geo,poi	86400	Named points of interest across NSW: landmarks, community and utility features.
sas-arc-nsw-fire-hist	https://mapprod3.environment.nsw.gov.au/arcgis/rest/services/Fire/NPWS_Fire_History/MapServer/0/query?where=1%3D1&outFields=*&outSR=4326&resultRecordCount=50&geometryPrecision=4&f=geojson	geojson	50	NSW NPWS — fire history polygons	NSW NPWS — fire history polygons	oceania_data	hazard	en	aus,nsw,bushfire,geo	86400	Mapped extents and dates of past bushfires and hazard reduction burns on NSW park estate.
sas-arc-nsw-bfpl	https://mapprod3.environment.nsw.gov.au/arcgis/rest/services/Fire/BFPL/MapServer/0/query?where=1%3D1&outFields=*&outSR=4326&resultRecordCount=50&geometryPrecision=4&f=geojson	geojson	50	NSW DCCEEW — bushfire prone land	NSW DCCEEW — bushfire prone land	oceania_data	hazard	en	aus,nsw,bushfire,geo	86400	Bushfire prone land polygons used for NSW development planning controls.
sas-arc-nsw-reef	https://mapprod3.environment.nsw.gov.au/arcgis/rest/services/Marine/NSW_seabed_reef_extent/MapServer/0/query?where=1%3D1&outFields=*&outSR=4326&resultRecordCount=50&geometryPrecision=4&f=geojson	geojson	50	NSW DCCEEW — seabed reef extent	NSW DCCEEW — seabed reef extent	oceania_data	environment	en	aus,nsw,marine,geo	86400	Mapped rocky reef extents along the NSW coast from seabed mapping surveys.
sas-arc-qld-floodgauge	https://spatial-gis.information.qld.gov.au/arcgis/rest/services/FloodCheck/FloodGauges/MapServer/0/query?where=1%3D1&outFields=*&outSR=4326&resultRecordCount=500&geometryPrecision=5&f=geojson	geojson	395	Queensland FloodCheck — flood gauge network	Queensland FloodCheck — flood gauge network	oceania_data	hazard	en	aus,qld,flood,geo	43200	Locations and identifiers of Queensland flood-warning gauges used in FloodCheck.
sas-arc-qld-lga	https://spatial-gis.information.qld.gov.au/arcgis/rest/services/FloodCheck/LocalGovernmentAuthorities/MapServer/0/query?where=1%3D1&outFields=*&outSR=4326&resultRecordCount=50&geometryPrecision=4&f=geojson	geojson	50	Queensland FloodCheck — local government areas	Queensland FloodCheck — local government areas	oceania_data	opendata	en	aus,qld,boundaries,geo	86400	Queensland local government area boundaries as used by the FloodCheck portal.
sas-arc-qld-basins	https://spatial-gis.information.qld.gov.au/arcgis/rest/services/FloodCheck/QueenslandBasins/MapServer/0/query?where=1%3D1&outFields=*&outSR=4326&resultRecordCount=50&geometryPrecision=4&f=geojson	geojson	50	Queensland FloodCheck — drainage basins	Queensland FloodCheck — drainage basins	oceania_data	environment	en	aus,qld,water,geo	86400	Queensland river basin boundaries underpinning flood and water-resource assessment.
sas-arc-qld-towns	https://spatial-gis.information.qld.gov.au/arcgis/rest/services/FloodCheck/Towns/MapServer/0/query?where=1%3D1&outFields=*&outSR=4326&resultRecordCount=500&geometryPrecision=5&f=geojson	geojson	500	Queensland FloodCheck — town locations	Queensland FloodCheck — town locations	oceania_data	opendata	en	aus,qld,geo,places	86400	Gazetted Queensland town points used to index flood studies by locality.
sas-arc-qld-firescar	https://spatial-gis.information.qld.gov.au/arcgis/rest/services/Environment/FireScarMapping/FeatureServer/0/query?where=1%3D1&outFields=*&outSR=4326&resultRecordCount=50&geometryPrecision=4&f=geojson	geojson	50	Queensland — fire scar mapping	Queensland — fire scar mapping	oceania_data	hazard	en	aus,qld,bushfire,geo	86400	Satellite-derived fire scar polygons across Queensland with burn dates.
sas-arc-qld-parksfire	https://spatial-gis.information.qld.gov.au/arcgis/rest/services/Environment/ParksFireHistory/FeatureServer/0/query?where=1%3D1&outFields=*&outSR=4326&resultRecordCount=50&geometryPrecision=4&f=geojson	geojson	50	Queensland Parks — fire history	Queensland Parks — fire history	oceania_data	hazard	en	aus,qld,bushfire,geo	86400	Recorded fire extents and dates on Queensland protected-area estate.
sas-arc-tas-infra	https://services.thelist.tas.gov.au/arcgis/rest/services/Public/Infrastructure/MapServer/0/query?where=1%3D1&outFields=*&outSR=4326&resultRecordCount=200&geometryPrecision=5&f=geojson	geojson	200	Tasmania LIST — infrastructure layer	Tasmania LIST — infrastructure layer	oceania_data	transport	en	aus,tas,infrastructure,geo	86400	Tasmanian infrastructure features: utilities, transport and communications assets.
sas-arc-tas-marine	https://services.thelist.tas.gov.au/arcgis/rest/services/Public/MarineAndCoastal/MapServer/0/query?where=1%3D1&outFields=*&outSR=4326&resultRecordCount=200&geometryPrecision=5&f=geojson	geojson	66	Tasmania LIST — marine and coastal layer	Tasmania LIST — marine and coastal layer	oceania_data	environment	en	aus,tas,marine,geo	86400	Tasmanian coastal and marine features including reserves and coastal geomorphology.
sas-arc-tas-natenv	https://services.thelist.tas.gov.au/arcgis/rest/services/Public/NaturalEnvironment/MapServer/0/query?where=1%3D1&outFields=*&outSR=4326&resultRecordCount=100&geometryPrecision=5&f=geojson	geojson	100	Tasmania LIST — natural environment layer	Tasmania LIST — natural environment layer	oceania_data	environment	en	aus,tas,environment,geo	86400	Tasmanian vegetation, reserve and natural-values mapping features.
sas-arc-tas-geol	https://services.thelist.tas.gov.au/arcgis/rest/services/Public/GeologicalAndSoils/MapServer/0/query?where=1%3D1&outFields=*&outSR=4326&resultRecordCount=100&geometryPrecision=5&f=geojson	geojson	100	Tasmania LIST — geology and soils layer	Tasmania LIST — geology and soils layer	oceania_data	environment	en	aus,tas,geology,geo	86400	Tasmanian geological units and soil mapping polygons.
sas-arc-wa-health	https://services.slip.wa.gov.au/public/rest/services/SLIP_Public_Services/Health/MapServer/0/query?where=1%3D1&outFields=*&outSR=4326&resultRecordCount=200&geometryPrecision=5&f=geojson	geojson	200	WA SLIP — health facilities	WA SLIP — health facilities	oceania_data	health	en	aus,wa,health,geo	86400	Point locations of Western Australian hospitals and health service facilities.
sas-arc-wa-edu	https://services.slip.wa.gov.au/public/rest/services/SLIP_Public_Services/Education/MapServer/0/query?where=1%3D1&outFields=*&outSR=4326&resultRecordCount=200&geometryPrecision=5&f=geojson	geojson	200	WA SLIP — education facilities	WA SLIP — education facilities	oceania_data	opendata	en	aus,wa,education,geo	86400	Point locations of Western Australian schools and education facilities.
sas-arc-wa-infra	https://services.slip.wa.gov.au/public/rest/services/SLIP_Public_Services/Infrastructure_and_Utilities/MapServer/0/query?where=1%3D1&outFields=*&outSR=4326&resultRecordCount=200&geometryPrecision=5&f=geojson	geojson	200	WA SLIP — infrastructure and utilities	WA SLIP — infrastructure and utilities	oceania_data	transport	en	aus,wa,infrastructure,geo	86400	Western Australian utility and infrastructure asset locations.
sas-arc-wa-bounds	https://services.slip.wa.gov.au/public/rest/services/SLIP_Public_Services/Boundaries/MapServer/0/query?where=1%3D1&outFields=*&outSR=4326&resultRecordCount=50&geometryPrecision=4&f=geojson	geojson	18	WA SLIP — administrative boundaries	WA SLIP — administrative boundaries	oceania_data	opendata	en	aus,wa,boundaries,geo	86400	Western Australian local government and administrative boundary polygons.
sas-arc-wa-env	https://services.slip.wa.gov.au/public/rest/services/SLIP_Public_Services/Environment/MapServer/0/query?where=1%3D1&outFields=*&outSR=4326&resultRecordCount=100&geometryPrecision=5&f=geojson	geojson	100	WA SLIP — environment layer	WA SLIP — environment layer	oceania_data	environment	en	aus,wa,environment,geo	86400	Western Australian environmental features: reserves, vegetation and conservation areas.
sas-arc-wa-marine	https://services.slip.wa.gov.au/public/rest/services/SLIP_Public_Services/Marine_and_Estuaries/MapServer/0/query?where=1%3D1&outFields=*&outSR=4326&resultRecordCount=100&geometryPrecision=5&f=geojson	geojson	29	WA SLIP — marine and estuaries	WA SLIP — marine and estuaries	oceania_data	environment	en	aus,wa,marine,geo	86400	Western Australian marine parks, estuaries and coastal management features.
sas-arc-wa-mining	https://services.slip.wa.gov.au/public/rest/services/SLIP_Public_Services/Industry_and_Mining/MapServer/0/query?where=1%3D1&outFields=*&outSR=4326&resultRecordCount=200&geometryPrecision=5&f=geojson	geojson	200	WA SLIP — industry and mining	WA SLIP — industry and mining	oceania_data	economy	en	aus,wa,mining,geo	86400	Western Australian mine sites, tenements and industrial facility locations.
sas-statsnz-tables	https://datafinder.stats.govt.nz/services/api/v1.x/tables/	json-array	31	Stats NZ Geographic Data Service — tables catalogue	Stats NZ Geographic Data Service — tables catalogue	oceania_data	opendata	en	nzl,statistics,gis	86400	Non-spatial Stats NZ tables including concordances and classification registers.
sas-mfe-tables	https://data.mfe.govt.nz/services/api/v1.x/tables/	json-array	100	NZ Ministry for the Environment — tables catalogue	NZ Ministry for the Environment — tables catalogue	oceania_data	environment	en	nzl,environment,gis	86400	Non-spatial MfE environmental data tables.
sas-mfe-sets	https://data.mfe.govt.nz/services/api/v1.x/sets/	json-array	1	NZ Ministry for the Environment — data sets	NZ Ministry for the Environment — data sets	oceania_data	environment	en	nzl,environment,gis	86400	Curated MfE data sets grouping related environmental layers.
sas-lris-sets	https://lris.scinfo.org.nz/services/api/v1.x/sets/	json-array	24	Manaaki Whenua LRIS — data sets	Manaaki Whenua LRIS — data sets	oceania_data	environment	en	nzl,soil,landcover,gis	86400	Curated LRIS data sets grouping related soil and land-resource layers.
sas-linz-cats	https://data.linz.govt.nz/services/api/v1.x/categories/	json-array	13	LINZ Data Service — categories	LINZ Data Service — categories	oceania_data	opendata	en	nzl,gis,taxonomy	86400	Category taxonomy used to classify LINZ Data Service holdings.
sas-ckan-au-cyclone	https://data.gov.au/data/api/3/action/package_search?q=cyclone&rows=100	json:result.results	100	data.gov.au — cyclone datasets	data.gov.au — cyclone datasets	oceania_data	hazard	en	aus,cyclone,opendata	86400	Federal catalogue slice for tropical-cyclone tracks, wind hazard and impact datasets.
sas-ckan-au-water	https://data.gov.au/data/api/3/action/package_search?q=water+quality&rows=100	json:result.results	100	data.gov.au — water-quality datasets	data.gov.au — water-quality datasets	oceania_data	environment	en	aus,water,opendata	86400	Federal catalogue slice for water-quality monitoring and catchment datasets.
sas-ckan-au-energy	https://data.gov.au/data/api/3/action/package_search?q=energy&rows=100	json:result.results	100	data.gov.au — energy datasets	data.gov.au — energy datasets	oceania_data	economy	en	aus,energy,opendata	86400	Federal catalogue slice for electricity, gas and renewable-generation datasets.
sas-ckan-nsw-env	https://data.nsw.gov.au/data/api/3/action/package_search?q=environment&rows=100	json:result.results	100	NSW Government — environment datasets	NSW Government — environment datasets	oceania_data	environment	en	aus,nsw,environment	86400	NSW catalogue slice for air, water, vegetation and biodiversity monitoring.
sas-ckan-nsw-health	https://data.nsw.gov.au/data/api/3/action/package_search?q=health&rows=100	json:result.results	100	NSW Government — health datasets	NSW Government — health datasets	oceania_data	health	en	aus,nsw,health	86400	NSW catalogue slice for hospital, notifiable-disease and health-workforce datasets.
sas-ckan-qld-mining	https://www.data.qld.gov.au/api/3/action/package_search?q=mining&rows=100	json:result.results	100	Queensland Government — mining datasets	Queensland Government — mining datasets	oceania_data	economy	en	aus,qld,mining	86400	Queensland catalogue slice for resource tenures, mine sites and production statistics.
sas-ckan-qld-transport	https://www.data.qld.gov.au/api/3/action/package_search?q=transport&rows=100	json:result.results	100	Queensland Government — transport datasets	Queensland Government — transport datasets	oceania_data	transport	en	aus,qld,transport	86400	Queensland catalogue slice for road network, crash and public-transport datasets.
sas-ckan-sa-transport	https://data.sa.gov.au/data/api/3/action/package_search?q=transport&rows=100	json:result.results	100	South Australia — transport datasets	South Australia — transport datasets	oceania_data	transport	en	aus,sa,transport	86400	South Australian catalogue slice for road, rail and public-transport datasets.
sas-ckan-vic-transport	https://discover.data.vic.gov.au/api/3/action/package_search?q=transport&rows=100	json:result.results	100	Victoria — transport datasets	Victoria — transport datasets	oceania_data	transport	en	aus,vic,transport	86400	Victorian catalogue slice for road, tram, rail and crash datasets.
sas-ckan-wa-marine	https://catalogue.data.wa.gov.au/api/3/action/package_search?q=marine&rows=100	json:result.results	100	Western Australia — marine datasets	Western Australia — marine datasets	oceania_data	environment	en	aus,wa,marine	86400	Western Australian catalogue slice for marine parks, bathymetry and coastal monitoring.
sas-ckan-nt-marine	https://data.nt.gov.au/api/3/action/package_search?q=marine&rows=100	json:result.results	8	Northern Territory — marine datasets	Northern Territory — marine datasets	oceania_data	environment	en	aus,nt,marine	86400	Northern Territory catalogue slice for coastal, marine and fisheries datasets.
sas-ckan-kh-water	https://data.opendevelopmentcambodia.net/api/3/action/package_search?q=water&rows=100	json:result.results	100	Open Development Cambodia — water datasets	Open Development Cambodia — water datasets	seasia_gov	environment	en	khm,water,mekong	86400	Cambodian hydrology, irrigation and Mekong water-resource datasets.
sas-ckan-mekong-agri	https://data.opendevelopmentmekong.net/api/3/action/package_search?q=agriculture&rows=100	json:result.results	100	Open Development Mekong — agriculture datasets	Open Development Mekong — agriculture datasets	seasia_gov	economy	en	mekong,agriculture,land	86400	Mekong region agricultural land use, plantation and crop datasets.
sas-ckan-mm-disaster	https://data.opendevelopmentmyanmar.net/api/3/action/package_search?q=disaster&rows=100	json:result.results	100	Open Development Myanmar — disaster datasets	Open Development Myanmar — disaster datasets	seasia_hazard	hazard	en	mmr,disaster,hazard	86400	Myanmar cyclone, flood and earthquake hazard and impact datasets.
sas-ods-nc-list2	https://data.gouv.nc/api/explore/v2.1/catalog/datasets?limit=100&offset=100	json:results	100	Government of New Caledonia — open-data catalogue (page 2)	Government of New Caledonia — open-data catalogue (page 2)	oceania_data	opendata	fr	ncl,opendata,catalogue	86400	Second page of the New Caledonian government open-data catalogue.
sas-ods-nc-facets	https://data.gouv.nc/api/explore/v2.1/catalog/facets	json:facets	5	Government of New Caledonia — catalogue facets	Government of New Caledonia — catalogue facets	oceania_data	opendata	fr	ncl,opendata,taxonomy	86400	Theme, publisher and keyword facets describing the New Caledonian open-data holdings.
sas-in-sachet	https://sachet.ndma.gov.in/cap_public_website/rss/rss_india.xml	rss	99	India NDMA Sachet — CAP public alerts	India NDMA Sachet — CAP public alerts	sasia_hazard	hazard	en	ind,cap,alerts	900	Common Alerting Protocol warnings issued by Indian agencies through the NDMA Sachet platform.
sas-in-newindianexpress	https://www.newindianexpress.com/feed	rss	143	The New Indian Express — latest news	The New Indian Express — latest news	sasia_gov	news	en	ind,news	3600	Publisher-own news feed; headline, link and timestamp for each item.
sas-in-indiatoday	https://www.indiatoday.in/rss/1206578	rss	20	India Today — top stories	India Today — top stories	sasia_gov	news	en	ind,news	3600	Publisher-own news feed; headline, link and timestamp for each item.
sas-bd-dailystar-front	https://www.thedailystar.net/frontpage/rss.xml	rss	10	The Daily Star — front page	The Daily Star — front page	sasia_gov	news	en	bgd,news	3600	Publisher-own news feed; headline, link and timestamp for each item.
sas-bd-prothomalo-bn	https://www.prothomalo.com/feed/	rss	56	Prothom Alo — Bangladesh news (Bengali)	Prothom Alo — Bangladesh news (Bengali)	sasia_gov	news	bn	bgd,news	3600	Publisher-own news feed; headline, link and timestamp for each item.
sas-mm-rfa-my	https://www.rfa.org/burmese/rss2.xml	rss	30	RFA Burmese — Myanmar coverage	RFA Burmese — Myanmar coverage	seasia_gov	conflict	my	mmr,news,conflict	3600	Publisher-own conflict feed; headline, link and timestamp for each item.
sas-kh-rfa	https://www.rfa.org/khmer/rss2.xml	rss	30	RFA Khmer — Cambodia coverage	RFA Khmer — Cambodia coverage	seasia_gov	news	km	khm,news	3600	Publisher-own news feed; headline, link and timestamp for each item.
sas-la-rfa	https://www.rfa.org/lao/rss2.xml	rss	24	RFA Lao — Laos coverage	RFA Lao — Laos coverage	seasia_gov	news	lo	lao,news	3600	Publisher-own news feed; headline, link and timestamp for each item.
sas-vn-rfa	https://www.rfa.org/vietnamese/rss2.xml	rss	30	RFA Vietnamese — Vietnam coverage	RFA Vietnamese — Vietnam coverage	seasia_gov	news	vi	vnm,news,rights	3600	Publisher-own news feed; headline, link and timestamp for each item.
sas-id-antara-politik	https://www.antaranews.com/rss/politik	rss	20	ANTARA — Indonesian politics	ANTARA — Indonesian politics	seasia_gov	news	id	idn,news,politics	3600	Publisher-own news feed; headline, link and timestamp for each item.
sas-id-antara-hukum	https://www.antaranews.com/rss/hukum	rss	20	ANTARA — Indonesian law and crime	ANTARA — Indonesian law and crime	seasia_gov	news	id	idn,news,legal	3600	Publisher-own news feed; headline, link and timestamp for each item.
sas-th-thairath	https://www.thairath.co.th/rss/news	rss	20	Thairath — Thailand news	Thairath — Thailand news	seasia_gov	news	th	tha,news	3600	Publisher-own news feed; headline, link and timestamp for each item.
sas-th-matichon	https://www.matichon.co.th/feed	rss	50	Matichon — Thailand news	Matichon — Thailand news	seasia_gov	news	th	tha,news	3600	Publisher-own news feed; headline, link and timestamp for each item.
sas-th-bkkpost-recent	https://www.bangkokpost.com/rss/data/most-recent.xml	rss	10	Bangkok Post — most recent stories	Bangkok Post — most recent stories	seasia_gov	news	en	tha,news	3600	Publisher-own news feed; headline, link and timestamp for each item.
sas-my-malaysianow	https://www.malaysianow.com/feed	rss	10	MalaysiaNow — Malaysia news	MalaysiaNow — Malaysia news	seasia_gov	news	en	mys,news	3600	Publisher-own news feed; headline, link and timestamp for each item.
sas-sg-st-asia	https://www.straitstimes.com/news/asia/rss.xml	rss	50	The Straits Times — Asia news	The Straits Times — Asia news	seasia_gov	news	en	sgp,news,asia	3600	Publisher-own news feed; headline, link and timestamp for each item.
sas-sg-st-business	https://www.straitstimes.com/news/business/rss.xml	rss	12	The Straits Times — business news	The Straits Times — business news	seasia_gov	economy	en	sgp,news,business	3600	Publisher-own economy feed; headline, link and timestamp for each item.
sas-pac-islandsun	https://theislandsun.com.sb/feed/	rss	10	The Island Sun — Solomon Islands news	The Island Sun — Solomon Islands news	oceania_data	news	en	slb,news	3600	Publisher-own news feed; headline, link and timestamp for each item.
sas-pac-la1ere-nc	https://la1ere.francetvinfo.fr/nouvellecaledonie/rss	rss	10	La 1ere Nouvelle-Caledonie — New Caledonia news	La 1ere Nouvelle-Caledonie — New Caledonia news	oceania_data	news	fr	ncl,news	3600	Publisher-own news feed; headline, link and timestamp for each item.
sas-pac-tahitiinfos	https://www.tahiti-infos.com/xml/syndication.rss	rss	20	Tahiti Infos — French Polynesia news	Tahiti Infos — French Polynesia news	oceania_data	news	fr	pyf,news	3600	Publisher-own news feed; headline, link and timestamp for each item.
sas-pac-lnc-nc2	https://www.lnc.nc/rss.xml	rss	50	Les Nouvelles Caledoniennes — New Caledonia news	Les Nouvelles Caledoniennes — New Caledonia news	oceania_data	news	fr	ncl,news	3600	Publisher-own news feed; headline, link and timestamp for each item.
sas-pac-rnz-teaomaori	https://www.rnz.co.nz/rss/te-manu-korihi.xml	rss	17	RNZ Te Manu Korihi — Maori affairs	RNZ Te Manu Korihi — Maori affairs	oceania_data	news	en	nzl,news,maori	3600	Publisher-own news feed; headline, link and timestamp for each item.
sas-hdx-ind	https://data.humdata.org/api/3/action/package_search?fq=groups:ind&rows=100	json:result.results	100	OCHA HDX — India humanitarian datasets	OCHA HDX — India humanitarian datasets	sasia_hazard	hazard	en	ind,humanitarian,opendata	43200	Humanitarian Data Exchange datasets scoped to India: population, displacement, hazard and 3W data.
sas-hdx-pak	https://data.humdata.org/api/3/action/package_search?fq=groups:pak&rows=100	json:result.results	100	OCHA HDX — Pakistan humanitarian datasets	OCHA HDX — Pakistan humanitarian datasets	sasia_hazard	hazard	en	pak,humanitarian,opendata	43200	Humanitarian Data Exchange datasets scoped to Pakistan: population, displacement, hazard and 3W data.
sas-hdx-bgd	https://data.humdata.org/api/3/action/package_search?fq=groups:bgd&rows=100	json:result.results	100	OCHA HDX — Bangladesh humanitarian datasets	OCHA HDX — Bangladesh humanitarian datasets	sasia_hazard	hazard	en	bgd,humanitarian,opendata	43200	Humanitarian Data Exchange datasets scoped to Bangladesh: population, displacement, hazard and 3W data.
sas-hdx-npl	https://data.humdata.org/api/3/action/package_search?fq=groups:npl&rows=100	json:result.results	100	OCHA HDX — Nepal humanitarian datasets	OCHA HDX — Nepal humanitarian datasets	sasia_hazard	hazard	en	npl,humanitarian,opendata	43200	Humanitarian Data Exchange datasets scoped to Nepal: population, displacement, hazard and 3W data.
sas-hdx-afg	https://data.humdata.org/api/3/action/package_search?fq=groups:afg&rows=100	json:result.results	100	OCHA HDX — Afghanistan humanitarian datasets	OCHA HDX — Afghanistan humanitarian datasets	sasia_hazard	hazard	en	afg,humanitarian,opendata	43200	Humanitarian Data Exchange datasets scoped to Afghanistan: population, displacement, hazard and 3W data.
sas-hdx-lka	https://data.humdata.org/api/3/action/package_search?fq=groups:lka&rows=100	json:result.results	100	OCHA HDX — Sri Lanka humanitarian datasets	OCHA HDX — Sri Lanka humanitarian datasets	sasia_hazard	hazard	en	lka,humanitarian,opendata	43200	Humanitarian Data Exchange datasets scoped to Sri Lanka: population, displacement, hazard and 3W data.
sas-hdx-mmr	https://data.humdata.org/api/3/action/package_search?fq=groups:mmr&rows=100	json:result.results	100	OCHA HDX — Myanmar humanitarian datasets	OCHA HDX — Myanmar humanitarian datasets	seasia_hazard	hazard	en	mmr,humanitarian,opendata	43200	Humanitarian Data Exchange datasets scoped to Myanmar: population, displacement, hazard and 3W data.
sas-hdx-phl	https://data.humdata.org/api/3/action/package_search?fq=groups:phl&rows=100	json:result.results	100	OCHA HDX — Philippines humanitarian datasets	OCHA HDX — Philippines humanitarian datasets	seasia_hazard	hazard	en	phl,humanitarian,opendata	43200	Humanitarian Data Exchange datasets scoped to Philippines: population, displacement, hazard and 3W data.
sas-hdx-idn	https://data.humdata.org/api/3/action/package_search?fq=groups:idn&rows=100	json:result.results	100	OCHA HDX — Indonesia humanitarian datasets	OCHA HDX — Indonesia humanitarian datasets	seasia_hazard	hazard	en	idn,humanitarian,opendata	43200	Humanitarian Data Exchange datasets scoped to Indonesia: population, displacement, hazard and 3W data.
sas-hdx-vnm	https://data.humdata.org/api/3/action/package_search?fq=groups:vnm&rows=100	json:result.results	100	OCHA HDX — Viet Nam humanitarian datasets	OCHA HDX — Viet Nam humanitarian datasets	seasia_hazard	hazard	en	vnm,humanitarian,opendata	43200	Humanitarian Data Exchange datasets scoped to Viet Nam: population, displacement, hazard and 3W data.
sas-hdx-khm	https://data.humdata.org/api/3/action/package_search?fq=groups:khm&rows=100	json:result.results	100	OCHA HDX — Cambodia humanitarian datasets	OCHA HDX — Cambodia humanitarian datasets	seasia_hazard	hazard	en	khm,humanitarian,opendata	43200	Humanitarian Data Exchange datasets scoped to Cambodia: population, displacement, hazard and 3W data.
sas-hdx-tls	https://data.humdata.org/api/3/action/package_search?fq=groups:tls&rows=100	json:result.results	100	OCHA HDX — Timor-Leste humanitarian datasets	OCHA HDX — Timor-Leste humanitarian datasets	seasia_hazard	hazard	en	tls,humanitarian,opendata	43200	Humanitarian Data Exchange datasets scoped to Timor-Leste: population, displacement, hazard and 3W data.
sas-hdx-png	https://data.humdata.org/api/3/action/package_search?fq=groups:png&rows=100	json:result.results	100	OCHA HDX — Papua New Guinea humanitarian datasets	OCHA HDX — Papua New Guinea humanitarian datasets	oceania_data	hazard	en	png,humanitarian,opendata	43200	Humanitarian Data Exchange datasets scoped to Papua New Guinea: population, displacement, hazard and 3W data.
sas-hdx-fji	https://data.humdata.org/api/3/action/package_search?fq=groups:fji&rows=100	json:result.results	100	OCHA HDX — Fiji humanitarian datasets	OCHA HDX — Fiji humanitarian datasets	oceania_data	hazard	en	fji,humanitarian,opendata	43200	Humanitarian Data Exchange datasets scoped to Fiji: population, displacement, hazard and 3W data.
sas-hdx-vut	https://data.humdata.org/api/3/action/package_search?fq=groups:vut&rows=100	json:result.results	100	OCHA HDX — Vanuatu humanitarian datasets	OCHA HDX — Vanuatu humanitarian datasets	oceania_data	hazard	en	vut,humanitarian,opendata	43200	Humanitarian Data Exchange datasets scoped to Vanuatu: population, displacement, hazard and 3W data.
sas-hdx-slb	https://data.humdata.org/api/3/action/package_search?fq=groups:slb&rows=100	json:result.results	100	OCHA HDX — Solomon Islands humanitarian datasets	OCHA HDX — Solomon Islands humanitarian datasets	oceania_data	hazard	en	slb,humanitarian,opendata	43200	Humanitarian Data Exchange datasets scoped to Solomon Islands: population, displacement, hazard and 3W data.
sas-hdx-mdv	https://data.humdata.org/api/3/action/package_search?fq=groups:mdv&rows=100	json:result.results	100	OCHA HDX — Maldives humanitarian datasets	OCHA HDX — Maldives humanitarian datasets	sasia_hazard	hazard	en	mdv,humanitarian,opendata	43200	Humanitarian Data Exchange datasets scoped to Maldives: population, displacement, hazard and 3W data.
sas-hdx-lao	https://data.humdata.org/api/3/action/package_search?fq=groups:lao&rows=100	json:result.results	100	OCHA HDX — Laos humanitarian datasets	OCHA HDX — Laos humanitarian datasets	seasia_hazard	hazard	en	lao,humanitarian,opendata	43200	Humanitarian Data Exchange datasets scoped to Laos: population, displacement, hazard and 3W data.
sas-np-bipad	https://bipadportal.gov.np/api/v1/incident/?limit=100	json:results	100	Nepal BIPAD Portal — disaster incidents	Nepal BIPAD Portal — disaster incidents	sasia_hazard	hazard	en	npl,disaster,incidents	1800	Reported disaster incidents across Nepal with date, district, hazard type and casualty counts.
sas-np-bipad2	https://bipadportal.gov.np/api/v1/alert/?limit=100	json:results	100	Nepal BIPAD Portal — hazard alerts	Nepal BIPAD Portal — hazard alerts	sasia_hazard	hazard	en	npl,disaster,alerts	1800	Active hazard alerts issued through Nepal's national disaster information platform.
eur-api-dane-pl	https://api.dane.gov.pl/1.4/datasets?page=1&per_page=100	json:data	100	dane.gov.pl — dataset index	dane.gov.pl — dataset index	europe_data	opendata	pl	pol,opendata	86400	Poland's national open-data catalogue: dataset records with organisation and licence.
eur-api-dane-pl-inst	https://api.dane.gov.pl/1.4/institutions?page=1&per_page=100	json:data	100	dane.gov.pl — publishing institutions	dane.gov.pl — publishing institutions	europe_data	opendata	pl	pol,opendata	86400	Polish public institutions that publish on the national open-data portal.
eur-api-dane-pl-res	https://api.dane.gov.pl/1.4/resources?page=1&per_page=100	json:data	100	dane.gov.pl — distributed resources	dane.gov.pl — distributed resources	europe_data	opendata	pl	pol,opendata	86400	Individual file/API resources attached to Polish national open-data datasets.
eur-api-datagovlt	https://get.data.gov.lt/datasets/gov/?format(json)	json:_data	181	data.gov.lt — dataset index	data.gov.lt — dataset index	europe_data	opendata	lt	ltu,opendata	86400	Lithuanian national open-data catalogue dataset list.
eur-aw-candidacies	https://www.abgeordnetenwatch.de/api/v2/candidacies-mandates?range_end=100	json:data	100	abgeordnetenwatch — candidacies and mandates	abgeordnetenwatch — candidacies and mandates	europe_gov	politics	de	deu,politics	86400	German parliamentary candidacies and mandates linking politicians to parliaments.
eur-aw-committees	https://www.abgeordnetenwatch.de/api/v2/committees?range_end=100	json:data	100	abgeordnetenwatch — parliamentary committees	abgeordnetenwatch — parliamentary committees	europe_gov	politics	de	deu,politics	86400	Committees of German federal and state parliaments.
eur-aw-constituencies	https://www.abgeordnetenwatch.de/api/v2/constituencies?range_end=100	json:data	100	abgeordnetenwatch — constituencies	abgeordnetenwatch — constituencies	europe_gov	politics	de	deu,politics	86400	German electoral constituencies with their parliament period.
eur-aw-electoral	https://www.abgeordnetenwatch.de/api/v2/electoral-lists?range_end=100	json:data	100	abgeordnetenwatch — electoral lists	abgeordnetenwatch — electoral lists	europe_gov	politics	de	deu,politics	86400	Party electoral lists used in German elections.
eur-aw-fractions	https://www.abgeordnetenwatch.de/api/v2/fractions?range_end=100	json:data	100	abgeordnetenwatch — parliamentary groups	abgeordnetenwatch — parliamentary groups	europe_gov	politics	de	deu,politics	86400	Parliamentary groups (Fraktionen) in German legislatures.
eur-aw-parliament-periods	https://www.abgeordnetenwatch.de/api/v2/parliament-periods?range_end=100	json:data	100	abgeordnetenwatch — parliament periods	abgeordnetenwatch — parliament periods	europe_gov	politics	de	deu,politics	86400	Legislative periods and election dates for German parliaments.
eur-aw-parties	https://www.abgeordnetenwatch.de/api/v2/parties?range_end=100	json:data	100	abgeordnetenwatch — political parties	abgeordnetenwatch — political parties	europe_gov	politics	de	deu,politics	86400	Registry of German political parties tracked by abgeordnetenwatch.
eur-aw-polls-de	https://www.abgeordnetenwatch.de/api/v2/topics?range_end=100	json:data	53	abgeordnetenwatch — recorded votes	abgeordnetenwatch — recorded votes	europe_gov	politics	de	deu,politics	86400	Recorded parliamentary votes with subject and result.
eur-aw-polls2	https://www.abgeordnetenwatch.de/api/v2/votes?range_end=100	json:data	100	abgeordnetenwatch — individual vote records	abgeordnetenwatch — individual vote records	europe_gov	politics	de	deu,politics	21600	How each German MP voted in recorded divisions.
eur-aw-sidejob-orgs	https://www.abgeordnetenwatch.de/api/v2/sidejob-organizations?range_end=100	json:data	100	abgeordnetenwatch — side-job organisations	abgeordnetenwatch — side-job organisations	europe_gov	politics	de	deu,politics	86400	Organisations paying German MPs for declared side jobs; conflict-of-interest leads.
eur-aw-sidejobs	https://www.abgeordnetenwatch.de/api/v2/sidejobs?range_end=100	json:data	100	abgeordnetenwatch — declared side jobs	abgeordnetenwatch — declared side jobs	europe_gov	politics	de	deu,politics	86400	Declared paid side activities of German MPs with income bracket.
eur-bdl-aggregates	https://bdl.stat.gov.pl/api/v1/aggregates?format=json&page-size=100	json:results	8	GUS Poland BDL — aggregate definitions	GUS Poland BDL — aggregate definitions	europe_gov	statistics	pl	pol,statistics	86400	Aggregation definitions used in Poland's Local Data Bank.
eur-bdl-attributes	https://bdl.stat.gov.pl/api/v1/attributes?format=json&page-size=100	json:results	18	GUS Poland BDL — data attributes	GUS Poland BDL — data attributes	europe_gov	statistics	pl	pol,statistics	86400	Data quality attribute flags used in Poland's Local Data Bank.
eur-bdl-measures	https://bdl.stat.gov.pl/api/v1/measures?format=json&page-size=100	json:results	76	GUS Poland BDL — measure units	GUS Poland BDL — measure units	europe_gov	statistics	pl	pol,statistics	86400	Measure-unit dictionary for Poland's Local Data Bank series.
eur-bdl-subjects	https://bdl.stat.gov.pl/api/v1/subjects?format=json&page-size=100	json:results	33	GUS Poland BDL — subject tree	GUS Poland BDL — subject tree	europe_gov	statistics	pl	pol,statistics	86400	Subject hierarchy of Poland's Local Data Bank statistical system.
eur-bdl-units	https://bdl.stat.gov.pl/api/v1/units?format=json&page-size=100	json:results	100	GUS Poland BDL — territorial units	GUS Poland BDL — territorial units	europe_gov	statistics	pl	pol,statistics	86400	Polish territorial units (voivodeship to gmina) with TERYT codes.
eur-brreg-enheter	https://data.brreg.no/enhetsregisteret/api/enheter?size=100&sort=registreringsdatoEnhetsregisteret,desc	json:_embedded.enheter	100	Bronnoysund Register — newest registered entities	Bronnoysund Register — newest registered entities	europe_gov	registry	no	nor,registry	21600	Norwegian legal entities ordered by registration date, newest first.
eur-brreg-kommuner	https://data.brreg.no/enhetsregisteret/api/kommuner	json:_embedded.kommuner	20	Bronnoysund Register — Norwegian municipalities	Bronnoysund Register — Norwegian municipalities	europe_gov	registry	no	nor,registry	86400	Municipality codes used across Norwegian company and property registers.
eur-brreg-orgformer	https://data.brreg.no/enhetsregisteret/api/organisasjonsformer/enheter	json:_embedded.organisasjonsformer	42	Bronnoysund Register — legal entity forms	Bronnoysund Register — legal entity forms	europe_gov	registry	no	nor,registry	86400	Norwegian legal-entity form codes used in the company register.
eur-brreg-underenheter	https://data.brreg.no/enhetsregisteret/api/underenheter?size=100	json:_embedded.underenheter	100	Bronnoysund Register — sub-entities	Bronnoysund Register — sub-entities	europe_gov	registry	no	nor,registry	21600	Norwegian company sub-entities (branches/sites) with address and industry code.
eur-bundesregierung-rss	https://www.bundesregierung.de/service/rss/breg-de/1151244/feed.xml	rss	20	German Federal Government — press releases	German Federal Government — press releases	europe_gov	gov	de	deu,gov	3600	Official press releases from the German Federal Government.
eur-cbs-catalog-datasets	https://opendata.cbs.nl/ODataCatalog/Tables?$format=json&$top=200&$skip=200	json:value	200	CBS Netherlands — OData table catalogue page 2	CBS Netherlands — OData table catalogue page 2	europe_gov	statistics	nl	nld,statistics	86400	Second page of the Statistics Netherlands OData table catalogue.
eur-cbs-catalog2	https://opendata.cbs.nl/ODataCatalog/Tables?$format=json&$top=200	json:value	200	CBS Netherlands — OData table catalogue	CBS Netherlands — OData table catalogue	europe_gov	statistics	nl	nld,statistics	86400	Catalogue of every Statistics Netherlands OData table with its identifier.
eur-cbs-datasets	https://opendata.cbs.nl/ODataApi/odata/83131NED/TypedDataSet?$top=100	atom	100	CBS Netherlands — population statistics table	CBS Netherlands — population statistics table	europe_gov	statistics	nl	nld,statistics	86400	Statistics Netherlands table 83131NED delivered as typed OData records.
eur-ckan-andal-recent	https://www.juntadeandalucia.es/datosabiertos/portal/api/3/action/package_search?rows=100&sort=metadata_modified+desc	json:result.results	100	Junta de Andalucia open data — most recently updated datasets	Junta de Andalucia open data — most recently updated datasets	europe_data	opendata	es	esp,opendata	86400	Most recently updated datasets from the Junta de Andalucia open data open-data catalogue.
eur-ckan-andal-trans	https://www.juntadeandalucia.es/datosabiertos/portal/api/3/action/package_search?q=transport&rows=100	json:result.results	30	Junta de Andalucia open data — transport datasets	Junta de Andalucia open data — transport datasets	europe_data	opendata	es	esp,opendata	86400	Transport datasets from the Junta de Andalucia open data open-data catalogue.
eur-ckan-andalucia	https://www.juntadeandalucia.es/datosabiertos/portal/api/3/action/package_search?rows=100	json:result.results	100	Junta de Andalucia — open data catalogue	Junta de Andalucia — open data catalogue	europe_data	opendata	es	esp,opendata	86400	Andalusian regional government dataset catalogue.
eur-ckan-bcn	https://opendata-ajuntament.barcelona.cat/data/api/3/action/package_search?rows=100	json:result.results	100	Barcelona City Council — open data catalogue	Barcelona City Council — open data catalogue	europe_data	opendata	ca	esp,opendata	86400	Barcelona municipal dataset catalogue with resource URLs.
eur-ckan-berlin	https://datenregister.berlin.de/api/3/action/package_search?rows=100	json:result.results	100	Berlin Datenregister — open data catalogue	Berlin Datenregister — open data catalogue	europe_data	opendata	de	deu,opendata	86400	Berlin state open-data register dataset listing.
eur-ckan-berlin-budget	https://datenregister.berlin.de/api/3/action/package_search?q=budget&rows=100	json:result.results	3	Berlin Datenregister — budget and spending datasets	Berlin Datenregister — budget and spending datasets	europe_data	opendata	de	deu,opendata	86400	Budget and spending datasets from the Berlin Datenregister open-data catalogue.
eur-ckan-berlin-health	https://datenregister.berlin.de/api/3/action/package_search?q=health&rows=100	json:result.results	13	Berlin Datenregister — health datasets	Berlin Datenregister — health datasets	europe_data	opendata	de	deu,opendata	86400	Health datasets from the Berlin Datenregister open-data catalogue.
eur-ckan-berlin-recent	https://datenregister.berlin.de/api/3/action/package_search?rows=100&sort=metadata_modified+desc	json:result.results	100	Berlin Datenregister — most recently updated datasets	Berlin Datenregister — most recently updated datasets	europe_data	opendata	de	deu,opendata	86400	Most recently updated datasets from the Berlin Datenregister open-data catalogue.
eur-ckan-berlin-trans	https://datenregister.berlin.de/api/3/action/package_search?q=transport&rows=100	json:result.results	1	Berlin Datenregister — transport datasets	Berlin Datenregister — transport datasets	europe_data	opendata	de	deu,opendata	86400	Transport datasets from the Berlin Datenregister open-data catalogue.
eur-ckan-datagovhr2	https://data.gov.hr/ckan/api/3/action/package_search?rows=100	json:result.results	100	data.gov.hr — open data catalogue	data.gov.hr — open data catalogue	europe_data	opendata	hr	hrv,opendata	86400	Croatian national open-data catalogue dataset listing.
eur-ckan-datagovie	https://data.gov.ie/api/3/action/package_search?rows=100	json:result.results	100	data.gov.ie — open data catalogue	data.gov.ie — open data catalogue	europe_data	opendata	en	irl,opendata	86400	Irish national open-data catalogue dataset listing.
eur-ckan-datagovie-budget	https://data.gov.ie/api/3/action/package_search?q=budget&rows=100	json:result.results	100	Ireland open data portal — budget and spending datasets	Ireland open data portal — budget and spending datasets	europe_data	opendata	en	irl,opendata	86400	Budget and spending datasets from the Ireland open data portal open-data catalogue.
eur-ckan-datagovie-env	https://data.gov.ie/api/3/action/package_search?q=environment&rows=100	json:result.results	100	Ireland open data portal — environment datasets	Ireland open data portal — environment datasets	europe_data	opendata	en	irl,opendata	86400	Environment datasets from the Ireland open data portal open-data catalogue.
eur-ckan-datagovie-health	https://data.gov.ie/api/3/action/package_search?q=health&rows=100	json:result.results	100	Ireland open data portal — health datasets	Ireland open data portal — health datasets	europe_data	opendata	en	irl,opendata	86400	Health datasets from the Ireland open data portal open-data catalogue.
eur-ckan-datagovie-recent	https://data.gov.ie/api/3/action/package_search?rows=100&sort=metadata_modified+desc	json:result.results	100	Ireland open data portal — most recently updated datasets	Ireland open data portal — most recently updated datasets	europe_data	opendata	en	irl,opendata	86400	Most recently updated datasets from the Ireland open data portal open-data catalogue.
eur-ckan-datagovie-trans	https://data.gov.ie/api/3/action/package_search?q=transport&rows=100	json:result.results	100	Ireland open data portal — transport datasets	Ireland open data portal — transport datasets	europe_data	opendata	en	irl,opendata	86400	Transport datasets from the Ireland open data portal open-data catalogue.
eur-ckan-datagovlv	https://data.gov.lv/api/3/action/package_search?rows=100	json:result.results	100	data.gov.lv — open data catalogue	data.gov.lv — open data catalogue	europe_data	opendata	lv	lva,opendata	86400	Latvian national open-data catalogue dataset listing.
eur-ckan-datagovlv-env	https://data.gov.lv/api/3/action/package_search?q=environment&rows=100	json:result.results	12	Latvia open data portal — environment datasets	Latvia open data portal — environment datasets	europe_data	opendata	lv	lva,opendata	86400	Environment datasets from the Latvia open data portal open-data catalogue.
eur-ckan-datagovlv-health	https://data.gov.lv/api/3/action/package_search?q=health&rows=100	json:result.results	6	Latvia open data portal — health datasets	Latvia open data portal — health datasets	europe_data	opendata	lv	lva,opendata	86400	Health datasets from the Latvia open data portal open-data catalogue.
eur-ckan-datagovlv-trans	https://data.gov.lv/api/3/action/package_search?q=transport&rows=100	json:result.results	64	Latvia open data portal — transport datasets	Latvia open data portal — transport datasets	europe_data	opendata	lv	lva,opendata	86400	Transport datasets from the Latvia open data portal open-data catalogue.
eur-ckan-datagovro	https://data.gov.ro/api/3/action/package_search?rows=100	json:result.results	100	data.gov.ro — open data catalogue	data.gov.ro — open data catalogue	europe_data	opendata	ro	rou,opendata	86400	Romanian national open-data catalogue dataset listing.
eur-ckan-datagovro-trans	https://data.gov.ro/api/3/action/package_search?q=transport&rows=100	json:result.results	41	Romania open data portal — transport datasets	Romania open data portal — transport datasets	europe_data	opendata	ro	rou,opendata	86400	Transport datasets from the Romania open data portal open-data catalogue.
eur-ckan-datagovua	https://data.gov.ua/api/3/action/package_search?rows=100	json:result.results	100	data.gov.ua — open data catalogue	data.gov.ua — open data catalogue	europe_data	opendata	uk	ukr,opendata	86400	Ukrainian national open-data catalogue dataset listing.
eur-ckan-datagovua-budget	https://data.gov.ua/api/3/action/package_search?q=budget&rows=100	json:result.results	100	Ukraine open data portal — budget and spending datasets	Ukraine open data portal — budget and spending datasets	europe_data	opendata	uk	ukr,opendata	86400	Budget and spending datasets from the Ukraine open data portal open-data catalogue.
eur-ckan-datagovua-health	https://data.gov.ua/api/3/action/package_search?q=health&rows=100	json:result.results	10	Ukraine open data portal — health datasets	Ukraine open data portal — health datasets	europe_data	opendata	uk	ukr,opendata	86400	Health datasets from the Ukraine open data portal open-data catalogue.
eur-ckan-datagovua-trans	https://data.gov.ua/api/3/action/package_search?q=transport&rows=100	json:result.results	83	Ukraine open data portal — transport datasets	Ukraine open data portal — transport datasets	europe_data	opendata	uk	ukr,opendata	86400	Transport datasets from the Ukraine open data portal open-data catalogue.
eur-ckan-datigovit	https://www.dati.gov.it/opendata/api/3/action/package_search?rows=100	json:result.results	100	dati.gov.it — national open data catalogue	dati.gov.it — national open data catalogue	europe_data	opendata	it	ita,opendata	86400	Italian national open-data catalogue dataset listing.
eur-ckan-datigovit-budget	https://www.dati.gov.it/opendata/api/3/action/package_search?q=budget&rows=100	json:result.results	9	dati.gov.it national catalogue — budget and spending datasets	dati.gov.it national catalogue — budget and spending datasets	europe_data	opendata	it	ita,opendata	86400	Budget and spending datasets from the dati.gov.it national catalogue open-data catalogue.
eur-ckan-datigovit-env	https://www.dati.gov.it/opendata/api/3/action/package_search?q=environment&rows=100	json:result.results	39	dati.gov.it national catalogue — environment datasets	dati.gov.it national catalogue — environment datasets	europe_data	opendata	it	ita,opendata	86400	Environment datasets from the dati.gov.it national catalogue open-data catalogue.
eur-ckan-datigovit-health	https://www.dati.gov.it/opendata/api/3/action/package_search?q=health&rows=100	json:result.results	47	dati.gov.it national catalogue — health datasets	dati.gov.it national catalogue — health datasets	europe_data	opendata	it	ita,opendata	86400	Health datasets from the dati.gov.it national catalogue open-data catalogue.
eur-ckan-datigovit-trans	https://www.dati.gov.it/opendata/api/3/action/package_search?q=transport&rows=100	json:result.results	84	dati.gov.it national catalogue — transport datasets	dati.gov.it national catalogue — transport datasets	europe_data	opendata	it	ita,opendata	86400	Transport datasets from the dati.gov.it national catalogue open-data catalogue.
eur-ckan-govdata-budget	https://ckan.govdata.de/api/3/action/package_search?q=budget&rows=100	json:result.results	18	GovData Germany — budget and spending datasets	GovData Germany — budget and spending datasets	europe_data	opendata	de	deu,opendata	86400	Budget and spending datasets from the GovData Germany open-data catalogue.
eur-ckan-govdata-de	https://ckan.govdata.de/api/3/action/package_search?rows=100	json:result.results	100	GovData Germany — open data catalogue	GovData Germany — open data catalogue	europe_data	opendata	de	deu,opendata	86400	German federal open-data catalogue dataset listing across all Laender.
eur-ckan-govdata-env	https://ckan.govdata.de/api/3/action/package_search?q=environment&rows=100	json:result.results	100	GovData Germany — environment datasets	GovData Germany — environment datasets	europe_data	opendata	de	deu,opendata	86400	Environment datasets from the GovData Germany open-data catalogue.
eur-ckan-govdata-health	https://ckan.govdata.de/api/3/action/package_search?q=health&rows=100	json:result.results	100	GovData Germany — health datasets	GovData Germany — health datasets	europe_data	opendata	de	deu,opendata	86400	Health datasets from the GovData Germany open-data catalogue.
eur-ckan-govdata-recent	https://ckan.govdata.de/api/3/action/package_search?rows=100&sort=metadata_modified+desc	json:result.results	100	GovData Germany — most recently updated datasets	GovData Germany — most recently updated datasets	europe_data	opendata	de	deu,opendata	86400	Most recently updated datasets from the GovData Germany open-data catalogue.
eur-ckan-govdata-trans	https://ckan.govdata.de/api/3/action/package_search?q=transport&rows=100	json:result.results	100	GovData Germany — transport datasets	GovData Germany — transport datasets	europe_data	opendata	de	deu,opendata	86400	Transport datasets from the GovData Germany open-data catalogue.
eur-ckan-hamburg	https://suche.transparenz.hamburg.de/api/3/action/package_search?rows=100	json:result.results	100	Hamburg Transparency Portal — dataset search	Hamburg Transparency Portal — dataset search	europe_data	opendata	de	deu,opendata	86400	Hamburg transparency portal datasets, including contracts and permits.
eur-ckan-hr-env	https://data.gov.hr/ckan/api/3/action/package_search?q=okolis&rows=100	json:result.results	47	data.gov.hr — environment datasets	data.gov.hr — environment datasets	europe_data	opendata	hr	hrv,opendata	86400	Croatian national open datasets matching the environment topic.
eur-ckan-hr-recent	https://data.gov.hr/ckan/api/3/action/package_search?rows=100&sort=metadata_modified+desc	json:result.results	100	data.gov.hr — recently updated datasets	data.gov.hr — recently updated datasets	europe_data	opendata	hr	hrv,opendata	21600	Most recently updated Croatian national open datasets.
eur-ckan-hr-trans	https://data.gov.hr/ckan/api/3/action/package_search?q=promet&rows=100	json:result.results	97	data.gov.hr — transport datasets	data.gov.hr — transport datasets	europe_data	opendata	hr	hrv,opendata	86400	Croatian national open datasets matching the transport topic.
eur-ckan-it-recent	https://www.dati.gov.it/opendata/api/3/action/package_search?rows=100&sort=metadata_modified+desc	json:result.results	100	dati.gov.it — recently updated datasets	dati.gov.it — recently updated datasets	europe_data	opendata	it	ita,opendata	21600	Most recently updated datasets in the Italian national catalogue.
eur-ckan-lv-recent	https://data.gov.lv/api/3/action/package_search?rows=100&sort=metadata_modified+desc	json:result.results	100	data.gov.lv — recently updated datasets	data.gov.lv — recently updated datasets	europe_data	opendata	lv	lva,opendata	21600	Most recently updated Latvian national open datasets.
eur-ckan-malaga	https://datosabiertos.malaga.eu/api/3/action/package_search?rows=100	json:result.results	100	Malaga City Council — open data catalogue	Malaga City Council — open data catalogue	europe_data	opendata	es	esp,opendata	86400	Malaga municipal open-data catalogue dataset listing.
eur-ckan-malaga-recent	https://datosabiertos.malaga.eu/api/3/action/package_search?rows=100&sort=metadata_modified+desc	json:result.results	100	Malaga City Council open data — most recently updated datasets	Malaga City Council open data — most recently updated datasets	europe_data	opendata	es	esp,opendata	86400	Most recently updated datasets from the Malaga City Council open data open-data catalogue.
eur-ckan-malaga-trans	https://datosabiertos.malaga.eu/api/3/action/package_search?q=transport&rows=100	json:result.results	40	Malaga City Council open data — transport datasets	Malaga City Council open data — transport datasets	europe_data	opendata	es	esp,opendata	86400	Transport datasets from the Malaga City Council open data open-data catalogue.
eur-ckan-muenchen	https://opendata.muenchen.de/api/3/action/package_search?rows=100	json:result.results	100	City of Munich — open data catalogue	City of Munich — open data catalogue	europe_data	opendata	de	deu,opendata	86400	Munich municipal open-data catalogue dataset listing.
eur-ckan-muenchen-recent	https://opendata.muenchen.de/api/3/action/package_search?rows=100&sort=metadata_modified+desc	json:result.results	100	City of Munich open data — most recently updated datasets	City of Munich open data — most recently updated datasets	europe_data	opendata	de	deu,opendata	86400	Most recently updated datasets from the City of Munich open data open-data catalogue.
eur-ckan-odp-de	https://www.offenesdatenportal.de/api/3/action/package_search?rows=100	json:result.results	100	Offenes Datenportal — German municipal open data	Offenes Datenportal — German municipal open data	europe_data	opendata	de	deu,opendata	86400	Shared open-data portal for several hundred German municipalities.
eur-ckan-odpde-budget	https://www.offenesdatenportal.de/api/3/action/package_search?q=budget&rows=100	json:result.results	1	Offenes Datenportal Germany — budget and spending datasets	Offenes Datenportal Germany — budget and spending datasets	europe_data	opendata	de	deu,opendata	86400	Budget and spending datasets from the Offenes Datenportal Germany open-data catalogue.
eur-ckan-odpde-recent	https://www.offenesdatenportal.de/api/3/action/package_search?rows=100&sort=metadata_modified+desc	json:result.results	100	Offenes Datenportal Germany — most recently updated datasets	Offenes Datenportal Germany — most recently updated datasets	europe_data	opendata	de	deu,opendata	86400	Most recently updated datasets from the Offenes Datenportal Germany open-data catalogue.
eur-ckan-odpde-trans	https://www.offenesdatenportal.de/api/3/action/package_search?q=transport&rows=100	json:result.results	74	Offenes Datenportal Germany — transport datasets	Offenes Datenportal Germany — transport datasets	europe_data	opendata	de	deu,opendata	86400	Transport datasets from the Offenes Datenportal Germany open-data catalogue.
eur-ckan-overheid-budget	https://data.overheid.nl/data/api/3/action/package_search?q=budget&rows=100	json:result.results	100	Data.overheid.nl — budget and spending datasets	Data.overheid.nl — budget and spending datasets	europe_data	opendata	nl	nld,opendata	86400	Budget and spending datasets from the Data.overheid.nl open-data catalogue.
eur-ckan-overheid-env	https://data.overheid.nl/data/api/3/action/package_search?q=environment&rows=100	json:result.results	69	Data.overheid.nl — environment datasets	Data.overheid.nl — environment datasets	europe_data	opendata	nl	nld,opendata	86400	Environment datasets from the Data.overheid.nl open-data catalogue.
eur-ckan-overheid-health	https://data.overheid.nl/data/api/3/action/package_search?q=health&rows=100	json:result.results	100	Data.overheid.nl — health datasets	Data.overheid.nl — health datasets	europe_data	opendata	nl	nld,opendata	86400	Health datasets from the Data.overheid.nl open-data catalogue.
eur-ckan-overheid-nl	https://data.overheid.nl/data/api/3/action/package_search?rows=100	json:result.results	100	data.overheid.nl — open data catalogue	data.overheid.nl — open data catalogue	europe_data	opendata	nl	nld,opendata	86400	Dutch national open-data catalogue dataset listing.
eur-ckan-overheid-recent	https://data.overheid.nl/data/api/3/action/package_search?rows=100&sort=metadata_modified+desc	json:result.results	100	Data.overheid.nl — most recently updated datasets	Data.overheid.nl — most recently updated datasets	europe_data	opendata	nl	nld,opendata	86400	Most recently updated datasets from the Data.overheid.nl open-data catalogue.
eur-ckan-overheid-trans	https://data.overheid.nl/data/api/3/action/package_search?q=transport&rows=100	json:result.results	100	Data.overheid.nl — transport datasets	Data.overheid.nl — transport datasets	europe_data	opendata	nl	nld,opendata	86400	Transport datasets from the Data.overheid.nl open-data catalogue.
eur-ckan-podatki-env	https://podatki.gov.si/api/3/action/package_search?q=environment&rows=100	json:result.results	43	OPSI Slovenia open data portal — environment datasets	OPSI Slovenia open data portal — environment datasets	europe_data	opendata	sl	svn,opendata	86400	Environment datasets from the OPSI Slovenia open data portal open-data catalogue.
eur-ckan-podatki-health	https://podatki.gov.si/api/3/action/package_search?q=health&rows=100	json:result.results	39	OPSI Slovenia open data portal — health datasets	OPSI Slovenia open data portal — health datasets	europe_data	opendata	sl	svn,opendata	86400	Health datasets from the OPSI Slovenia open data portal open-data catalogue.
eur-ckan-podatki-si	https://podatki.gov.si/api/3/action/package_search?rows=100	json:result.results	100	OPSI Slovenia — open data catalogue	OPSI Slovenia — open data catalogue	europe_data	opendata	sl	svn,opendata	86400	Slovenian national open-data catalogue dataset listing.
eur-ckan-podatki-trans	https://podatki.gov.si/api/3/action/package_search?q=transport&rows=100	json:result.results	34	OPSI Slovenia open data portal — transport datasets	OPSI Slovenia open data portal — transport datasets	europe_data	opendata	sl	svn,opendata	86400	Transport datasets from the OPSI Slovenia open data portal open-data catalogue.
eur-ckan-ro-recent	https://data.gov.ro/api/3/action/package_search?rows=100&sort=metadata_modified+desc	json:result.results	100	data.gov.ro — recently updated datasets	data.gov.ro — recently updated datasets	europe_data	opendata	ro	rou,opendata	21600	Most recently updated Romanian national open datasets.
eur-ckan-sh-de	https://opendata.schleswig-holstein.de/api/3/action/package_search?rows=100	json:result.results	100	Schleswig-Holstein — open data catalogue	Schleswig-Holstein — open data catalogue	europe_data	opendata	de	deu,opendata	86400	Schleswig-Holstein state open-data catalogue dataset listing.
eur-ckan-shde-env	https://opendata.schleswig-holstein.de/api/3/action/package_search?q=environment&rows=100	json:result.results	1	Schleswig-Holstein open data — environment datasets	Schleswig-Holstein open data — environment datasets	europe_data	opendata	de	deu,opendata	86400	Environment datasets from the Schleswig-Holstein open data open-data catalogue.
eur-ckan-shde-recent	https://opendata.schleswig-holstein.de/api/3/action/package_search?rows=100&sort=metadata_modified+desc	json:result.results	100	Schleswig-Holstein open data — most recently updated datasets	Schleswig-Holstein open data — most recently updated datasets	europe_data	opendata	de	deu,opendata	86400	Most recently updated datasets from the Schleswig-Holstein open data open-data catalogue.
eur-ckan-shde-trans	https://opendata.schleswig-holstein.de/api/3/action/package_search?q=transport&rows=100	json:result.results	86	Schleswig-Holstein open data — transport datasets	Schleswig-Holstein open data — transport datasets	europe_data	opendata	de	deu,opendata	86400	Transport datasets from the Schleswig-Holstein open data open-data catalogue.
eur-ckan-si-recent	https://podatki.gov.si/api/3/action/package_search?rows=100&sort=metadata_modified+desc	json:result.results	100	OPSI Slovenia — recently updated datasets	OPSI Slovenia — recently updated datasets	europe_data	opendata	sl	svn,opendata	21600	Most recently updated Slovenian national open datasets.
eur-ckan-trentino	https://dati.trentino.it/api/3/action/package_search?rows=100	json:result.results	100	Provincia autonoma di Trento — open data catalogue	Provincia autonoma di Trento — open data catalogue	europe_data	opendata	it	ita,opendata	86400	Trentino provincial open-data catalogue dataset listing.
eur-ckan-trentino-budget	https://dati.trentino.it/api/3/action/package_search?q=budget&rows=100	json:result.results	2	Provincia autonoma di Trento open data — budget and spending datasets	Provincia autonoma di Trento open data — budget and spending datasets	europe_data	opendata	it	ita,opendata	86400	Budget and spending datasets from the Provincia autonoma di Trento open data open-data catalogue.
eur-ckan-trentino-env	https://dati.trentino.it/api/3/action/package_search?q=environment&rows=100	json:result.results	2	Provincia autonoma di Trento open data — environment datasets	Provincia autonoma di Trento open data — environment datasets	europe_data	opendata	it	ita,opendata	86400	Environment datasets from the Provincia autonoma di Trento open data open-data catalogue.
eur-ckan-trentino-recent	https://dati.trentino.it/api/3/action/package_search?rows=100&sort=metadata_modified+desc	json:result.results	100	Provincia autonoma di Trento open data — most recently updated datasets	Provincia autonoma di Trento open data — most recently updated datasets	europe_data	opendata	it	ita,opendata	86400	Most recently updated datasets from the Provincia autonoma di Trento open data open-data catalogue.
eur-ckan-ua-recent	https://data.gov.ua/api/3/action/package_search?rows=100&sort=metadata_modified+desc	json:result.results	100	data.gov.ua — recently updated datasets	data.gov.ua — recently updated datasets	europe_data	opendata	uk	ukr,opendata	21600	Most recently updated Ukrainian national open datasets.
eur-cnb-rates	https://api.cnb.cz/cnbapi/exrates/daily?lang=EN	json:rates	30	Czech National Bank — daily FX rates	Czech National Bank — daily FX rates	europe_gov	economy	en	cze,economy	21600	Official CNB koruna reference exchange rates for the current day.
eur-cnb-rates-cz	https://api.cnb.cz/cnbapi/exrates/daily?lang=CZ	json:rates	30	Czech National Bank — daily FX rates (CZ)	Czech National Bank — daily FX rates (CZ)	europe_gov	economy	cs	cze,economy	21600	Czech-language CNB koruna reference exchange rates for the current day.
eur-dane-new	https://api.dane.gov.pl/1.4/datasets?page=1&per_page=100&sort=-created	json:data	100	dane.gov.pl — newest datasets	dane.gov.pl — newest datasets	europe_data	opendata	pl	pol,opendata	21600	Most recently created datasets on Poland's national open-data portal.
eur-dane-showcases	https://api.dane.gov.pl/1.4/showcases?page=1&per_page=100	json:data	100	dane.gov.pl — data reuse showcases	dane.gov.pl — data reuse showcases	europe_data	opendata	pl	pol,opendata	86400	Applications and analyses built on Polish national open data.
eur-dataforsyningen-kommuner2	https://api.dataforsyningen.dk/landsdele?format=json	json-array	11	Danish Address Register — national parts	Danish Address Register — national parts	europe_env	geo	da	dnk,geo	86400	Danish landsdele statistical geography units with codes.
eur-dataforsyningen-postnumre	https://api.dataforsyningen.dk/postnumre?format=json	json-array	1089	Danish Address Register — postal districts	Danish Address Register — postal districts	europe_env	geo	da	dnk,geo	86400	Every Danish postal district with name, code and municipality links.
eur-dataforsyningen-regioner	https://api.dataforsyningen.dk/regioner?format=json	json-array	5	Danish Address Register — regions	Danish Address Register — regions	europe_env	geo	da	dnk,geo	86400	The five Danish administrative regions with codes.
eur-dataforsyningen-sogne	https://api.dataforsyningen.dk/sogne?format=json	json-array	2097	Danish Address Register — parishes	Danish Address Register — parishes	europe_env	geo	da	dnk,geo	86400	Danish parish (sogn) units used as a fine-grained statistical geography.
eur-dataforsyningen-vejnavne	https://api.dataforsyningen.dk/vejstykker?format=json&per_side=200&side=1	json-array	200	Danish Address Register — street segments	Danish Address Register — street segments	europe_env	geo	da	dnk,geo	86400	Danish street segments with names, codes and municipality.
eur-diavgeia-anathesi	https://diavgeia.gov.gr/opendata/search.json?size=100&q=type:%22%CE%91%CE%9D%CE%91%CE%98%CE%95%CE%A3%CE%97%22	json:decisions	100	Diavgeia Greece — contract award decisions	Diavgeia Greece — contract award decisions	europe_gov	gazette	el	grc,gazette	3600	Greek public-sector direct-award decisions as published to Diavgeia.
eur-diavgeia-dapani	https://diavgeia.gov.gr/opendata/search.json?size=100&q=type:%22%CE%94%CE%91%CE%A0%CE%91%CE%9D%CE%97%22	json:decisions	100	Diavgeia Greece — expenditure decisions	Diavgeia Greece — expenditure decisions	europe_gov	gazette	el	grc,gazette	3600	Greek public-sector expenditure approval decisions with amounts and beneficiaries.
eur-diavgeia-decisions	https://diavgeia.gov.gr/opendata/search.json?size=100&sort=recent	json:decisions	100	Diavgeia Greece — latest decisions	Diavgeia Greece — latest decisions	europe_gov	gazette	el	grc,gazette	3600	Most recent administrative decisions published by any Greek public body.
eur-diavgeia-types	https://diavgeia.gov.gr/opendata/types.json	json:decisionTypes	43	Diavgeia Greece — decision type vocabulary	Diavgeia Greece — decision type vocabulary	europe_gov	gazette	el	grc,gazette	86400	Controlled vocabulary of Greek administrative decision types used by Diavgeia.
eur-efas-rss	https://www.efas.eu/en/rss.xml	rss	10	European Flood Awareness System — news	European Flood Awareness System — news	europe_env	hazard	en	int,hazard	3600	EFAS bulletins on developing flood situations across Europe.
eur-geoadmin-faq	https://api3.geo.admin.ch/rest/services/ech/MapServer	json:layers	889	swisstopo geo.admin.ch — eCH service layer index	swisstopo geo.admin.ch — eCH service layer index	europe_env	geo	en	che,geo	86400	Layer inventory of the Swiss federal eCH map service, with extents and metadata.
eur-geoapi-communes	https://geo.api.gouv.fr/communes?fields=nom,code,codesPostaux,population,centre&format=json&limit=200	json-array	200	geo.api.gouv.fr — French communes	geo.api.gouv.fr — French communes	europe_env	geo	fr	fra,geo	86400	Every French commune with INSEE code, postal codes, population and centroid.
eur-geoapi-departements	https://geo.api.gouv.fr/departements?fields=nom,code,codeRegion	json-array	101	geo.api.gouv.fr — French departements	geo.api.gouv.fr — French departements	europe_env	geo	fr	fra,geo	86400	French departements with INSEE codes and parent region.
eur-geoapi-epcis	https://geo.api.gouv.fr/epcis?fields=nom,code,codesDepartements	json-array	1255	geo.api.gouv.fr — French intercommunal bodies	geo.api.gouv.fr — French intercommunal bodies	europe_env	geo	fr	fra,geo	86400	French EPCI intercommunal groupings with SIREN codes and member departements.
eur-geoapi-regions	https://geo.api.gouv.fr/regions?fields=nom,code	json-array	18	geo.api.gouv.fr — French regions	geo.api.gouv.fr — French regions	europe_env	geo	fr	fra,geo	86400	French administrative regions with INSEE codes.
eur-geonorge-wfs	https://ws.geonorge.no/stedsnavn/v1/navn?sok=Oslo&treffPerSide=100	json:navn	3	Kartverket — Norwegian place-name search	Kartverket — Norwegian place-name search	europe_env	geo	no	nor,geo	86400	Norwegian official place-name register queried by name, with coordinates.
eur-geosphere-klima-meta	https://dataset.api.hub.geosphere.at/v1/station/historical/klima-v2-1d/metadata	json:stations	1100	GeoSphere Austria — climate station metadata	GeoSphere Austria — climate station metadata	europe_env	environment	de	aut,environment	86400	Austrian climate station network with coordinates, altitude and active period.
eur-geosphere-tawes-meta	https://dataset.api.hub.geosphere.at/v1/station/current/tawes-v1-10min/metadata	json:stations	288	GeoSphere Austria — TAWES station metadata	GeoSphere Austria — TAWES station metadata	europe_env	environment	de	aut,environment	86400	Austrian automatic weather station network with coordinates and parameters.
eur-hnb-tecajn	https://api.hnb.hr/tecajn-eur/v3?format=json	json-array	13	Croatian National Bank — daily FX rates	Croatian National Bank — daily FX rates	europe_gov	economy	hr	hrv,economy	21600	HNB official euro reference exchange rates for the current day.
eur-hnb-tecajn-hist	https://api.hnb.hr/tecajn-eur/v3?format=json&valuta=USD	json-array	1	Croatian National Bank — USD reference rate	Croatian National Bank — USD reference rate	europe_gov	economy	hr	hrv,economy	21600	HNB euro/US dollar reference rate series entry.
eur-hubeau-ecoulement	https://hubeau.eaufrance.fr/api/v1/ecoulement/stations?size=200	json:data	200	Hub'Eau France — low-flow observation stations	Hub'Eau France — low-flow observation stations	europe_env	environment	fr	fra,environment	21600	French ONDE network stations that record stream drying and low-flow states.
eur-hubeau-hydrobio	https://hubeau.eaufrance.fr/api/v1/hydrobio/stations_hydrobio?size=200	json:data	200	Hub'Eau France — hydrobiology stations	Hub'Eau France — hydrobiology stations	europe_env	environment	fr	fra,environment	86400	French river biological monitoring stations with coordinates and water body.
eur-hubeau-indicateurs2	https://hubeau.eaufrance.fr/api/v0/indicateurs_services/communes?size=200	json:data	200	Hub'Eau France — water service indicators by commune	Hub'Eau France — water service indicators by commune	europe_env	environment	fr	fra,environment	86400	Drinking-water and sanitation service performance indicators per French commune.
eur-hubeau-nappes-chron	https://hubeau.eaufrance.fr/api/v1/niveaux_nappes/chroniques?size=200	json:data	200	Hub'Eau France — groundwater level time series	Hub'Eau France — groundwater level time series	europe_env	environment	fr	fra,environment	21600	Piezometric groundwater level measurements from French aquifer monitoring wells.
eur-hubeau-nappes-stations	https://hubeau.eaufrance.fr/api/v1/qualite_nappes/stations?size=200	json:data	200	Hub'Eau France — groundwater quality stations	Hub'Eau France — groundwater quality stations	europe_env	environment	fr	fra,environment	86400	French groundwater chemistry monitoring points with aquifer and location.
eur-hubeau-poisson	https://hubeau.eaufrance.fr/api/v1/etat_piscicole/stations?size=200	json:data	200	Hub'Eau France — fish sampling stations	Hub'Eau France — fish sampling stations	europe_env	environment	fr	fra,environment	86400	French river fish-population sampling stations with coordinates.
eur-hubeau-prelev-chron	https://hubeau.eaufrance.fr/api/v1/prelevements/chroniques?size=200	json:data	200	Hub'Eau France — water abstraction volumes	Hub'Eau France — water abstraction volumes	europe_env	environment	fr	fra,environment	86400	Annual water withdrawal volumes by abstraction point and use in France.
eur-hubeau-qualite-nappes	https://hubeau.eaufrance.fr/api/v1/qualite_nappes/analyses?size=200	json:data	200	Hub'Eau France — groundwater chemical analyses	Hub'Eau France — groundwater chemical analyses	europe_env	environment	fr	fra,environment	21600	Laboratory analyses of French groundwater samples, parameter by parameter.
eur-ine-clasificaciones	https://servicios.ine.es/wstempus/js/ES/CLASIFICACIONES	json-array	105	INE Spain — statistical classifications	INE Spain — statistical classifications	europe_gov	statistics	es	esp,statistics	86400	Classification systems used across Spanish official statistics.
eur-ine-es-ops	https://servicios.ine.es/wstempus/js/ES/OPERACIONES_DISPONIBLES	json-array	112	INE Spain — statistical operations	INE Spain — statistical operations	europe_gov	statistics	es	esp,statistics	86400	Register of every statistical operation run by Spain's national statistics institute.
eur-ine-es-publ	https://servicios.ine.es/wstempus/js/ES/PUBLICACIONES	json-array	462	INE Spain — publications	INE Spain — publications	europe_gov	statistics	es	esp,statistics	86400	INE statistical publications with periodicity and linked operation.
eur-ine-es-vars	https://servicios.ine.es/wstempus/js/ES/VARIABLES	json-array	876	INE Spain — statistical variables	INE Spain — statistical variables	europe_gov	statistics	es	esp,statistics	86400	Variable dictionary underlying Spanish official statistics tables.
eur-ine-escalas	https://servicios.ine.es/wstempus/js/ES/ESCALAS	json-array	28	INE Spain — measurement scales	INE Spain — measurement scales	europe_gov	statistics	es	esp,statistics	86400	Measurement scale codes used in INE statistical tables.
eur-ine-periodicidades	https://servicios.ine.es/wstempus/js/ES/PERIODICIDADES	json-array	22	INE Spain — periodicities	INE Spain — periodicities	europe_gov	statistics	es	esp,statistics	86400	Periodicity codes for Spanish statistical series.
eur-ine-tablas-epa	https://servicios.ine.es/wstempus/js/ES/TABLAS_OPERACION/EPA	json-array	1039	INE Spain — labour force survey tables	INE Spain — labour force survey tables	europe_gov	statistics	es	esp,statistics	86400	Table inventory of the Spanish Labour Force Survey (EPA).
eur-ine-tablas-ipc	https://servicios.ine.es/wstempus/js/ES/TABLAS_OPERACION/IPC	json-array	59	INE Spain — consumer price index tables	INE Spain — consumer price index tables	europe_gov	statistics	es	esp,statistics	86400	Table inventory of the Spanish consumer price index.
eur-ine-tablas-ipri	https://servicios.ine.es/wstempus/js/ES/TABLAS_OPERACION/IPRI	json-array	35	INE Spain — industrial price index tables	INE Spain — industrial price index tables	europe_gov	statistics	es	esp,statistics	86400	Table inventory of the Spanish industrial producer price index.
eur-ine-unidades	https://servicios.ine.es/wstempus/js/ES/UNIDADES	json-array	255	INE Spain — measurement units	INE Spain — measurement units	europe_gov	statistics	es	esp,statistics	86400	Unit-of-measure dictionary for Spanish statistical series.
eur-ingv-shakemap	https://webservices.ingv.it/fdsnws/event/1/query?format=geojson&limit=100&minmag=1&orderby=time-asc	geojson	5	INGV Italy — earthquake catalogue (oldest first)	INGV Italy — earthquake catalogue (oldest first)	europe_env	hazard	it	ita,hazard	1800	Italian seismic network located events as GeoJSON with magnitude and depth.
eur-ipma-cities	https://api.ipma.pt/open-data/forecast/meteorology/cities/daily/hp-daily-forecast-day0.json	json:data	27	IPMA Portugal — city forecasts	IPMA Portugal — city forecasts	europe_env	environment	pt	prt,environment	3600	Daily weather forecast per Portuguese district capital and island.
eur-ipma-cities-d1	https://api.ipma.pt/open-data/forecast/meteorology/cities/daily/hp-daily-forecast-day1.json	json:data	27	IPMA Portugal — city forecast day+1	IPMA Portugal — city forecast day+1	europe_env	environment	pt	prt,environment	3600	Next-day weather forecast per Portuguese district capital and island.
eur-ipma-cities-d2	https://api.ipma.pt/open-data/forecast/meteorology/cities/daily/hp-daily-forecast-day2.json	json:data	27	IPMA Portugal — city forecast day+2	IPMA Portugal — city forecast day+2	europe_env	environment	pt	prt,environment	3600	Two-day-ahead weather forecast per Portuguese district capital and island.
eur-ipma-sea-d1	https://api.ipma.pt/open-data/forecast/oceanography/daily/hp-daily-sea-forecast-day1.json	json:data	12	IPMA Portugal — coastal sea forecast day+1	IPMA Portugal — coastal sea forecast day+1	europe_env	environment	pt	prt,environment	3600	Next-day Portuguese coastal sea state forecast by coastal segment.
eur-ipma-seaforecast	https://api.ipma.pt/open-data/forecast/oceanography/daily/hp-daily-sea-forecast-day0.json	json:data	12	IPMA Portugal — coastal sea forecast	IPMA Portugal — coastal sea forecast	europe_env	environment	pt	prt,environment	3600	Portuguese coastal sea state forecast: wave height, period and sea temperature.
eur-irceline-offerings	https://geo.irceline.be/sos/api/v1/offerings	json-array	679	IRCEL-CELINE Belgium — SOS offerings	IRCEL-CELINE Belgium — SOS offerings	europe_env	environment	en	bel,environment	86400	Sensor Observation Service offerings of the Belgian air-quality network.
eur-irceline-phenomena	https://geo.irceline.be/sos/api/v1/phenomena	json-array	23	IRCEL-CELINE Belgium — measured phenomena	IRCEL-CELINE Belgium — measured phenomena	europe_env	environment	en	bel,environment	86400	Air-quality parameters measured by the Belgian interregional environment cell.
eur-irceline-procedures	https://geo.irceline.be/sos/api/v1/procedures	json-array	679	IRCEL-CELINE Belgium — measurement procedures	IRCEL-CELINE Belgium — measurement procedures	europe_env	environment	en	bel,environment	86400	Measurement procedures behind Belgian air-quality series.
eur-irceline-stations	https://geo.irceline.be/sos/api/v1/stations?expanded=true	json-array	137	IRCEL-CELINE Belgium — air quality stations	IRCEL-CELINE Belgium — air quality stations	europe_env	environment	en	bel,environment	21600	Belgian air-quality monitoring stations with coordinates and operator.
eur-luchtmeetnet-comp	https://api.luchtmeetnet.nl/open_api/components?page=1&order_by=name	json:data	13	Luchtmeetnet Netherlands — pollutant components	Luchtmeetnet Netherlands — pollutant components	europe_env	environment	nl	nld,environment	86400	Pollutant components reported by the Dutch national air quality network.
eur-luchtmeetnet-org	https://api.luchtmeetnet.nl/open_api/organisations?page=1	json:data	8	Luchtmeetnet Netherlands — network operators	Luchtmeetnet Netherlands — network operators	europe_env	environment	nl	nld,environment	86400	Organisations operating Dutch air-quality monitoring stations.
eur-meteoswiss-stations	https://data.geo.admin.ch/ch.meteoschweiz.messnetz-automatisch/ch.meteoschweiz.messnetz-automatisch_en.json	geojson	299	MeteoSwiss — automatic measurement network	MeteoSwiss — automatic measurement network	europe_env	environment	en	che,environment	86400	MeteoSwiss automatic weather station network as GeoJSON with station metadata.
eur-mfe-emsc	https://www.seismicportal.eu/fdsnws/event/1/query?format=json&limit=100&orderby=time	geojson	100	EMSC — latest located earthquakes	EMSC — latest located earthquakes	europe_env	hazard	en	int,hazard	900	Euro-Mediterranean Seismological Centre feed of the most recent located events.
eur-nbp-gold	https://api.nbp.pl/api/cenyzlota/last/60?format=json	json-array	60	National Bank of Poland — gold price series	National Bank of Poland — gold price series	europe_gov	economy	pl	pol,economy	21600	NBP daily gold fixing price in zloty, rolling window.
eur-nbp-tablea	https://api.nbp.pl/api/exchangerates/tables/A/last/30?format=json	json-array	30	National Bank of Poland — FX table A	National Bank of Poland — FX table A	europe_gov	economy	pl	pol,economy	21600	NBP average exchange rates for convertible currencies, rolling window.
eur-nbp-tableb	https://api.nbp.pl/api/exchangerates/tables/B/last/10?format=json	json-array	10	National Bank of Poland — FX table B	National Bank of Poland — FX table B	europe_gov	economy	pl	pol,economy	86400	NBP average exchange rates for non-convertible currencies, rolling window.
eur-nbp-tablec	https://api.nbp.pl/api/exchangerates/tables/C/last/30?format=json	json-array	30	National Bank of Poland — FX table C	National Bank of Poland — FX table C	europe_gov	economy	pl	pol,economy	21600	NBP bid and ask exchange rates, rolling window.
eur-nbu-exchange	https://bank.gov.ua/NBUStatService/v1/statdirectory/exchange?json	json-array	45	National Bank of Ukraine — official FX rates	National Bank of Ukraine — official FX rates	europe_gov	economy	uk	ukr,economy	21600	NBU official hryvnia exchange rates against all quoted currencies.
eur-nbu-exchangenew	https://bank.gov.ua/NBUStatService/v1/statdirectory/exchangenew?json	json-array	45	National Bank of Ukraine — FX rates (extended)	National Bank of Ukraine — FX rates (extended)	europe_gov	economy	uk	ukr,economy	21600	NBU extended exchange-rate feed with ISO codes and effective date.
eur-news-15min-lt	https://www.15min.lt/rss	rss	20	15min — news feed	15min — news feed	europe_news	news	lt	ltu,news,media	3600	Headline feed published directly by 15min (Lithuania).
eur-news-20min-ch	https://partner-feeds.beta.20min.ch/rss/20minuten	rss	118	20 Minuten — news feed	20 Minuten — news feed	europe_news	news	de	che,news,media	3600	Headline feed published directly by 20 Minuten (Switzerland).
eur-news-20minutes-fr	https://www.20minutes.fr/feeds/rss-une.xml	rss	30	20 Minutes — news feed	20 Minutes — news feed	europe_news	news	fr	fra,news,media	3600	Headline feed published directly by 20 Minutes (France).
eur-news-24chasa-bg	https://www.24chasa.bg/rss	rss	100	24 Chasa — news feed	24 Chasa — news feed	europe_news	news	bg	bgr,news,media	3600	Headline feed published directly by 24 Chasa (Bulgaria).
eur-news-24hu	https://24.hu/feed/	rss	10	24.hu — news feed	24.hu — news feed	europe_news	news	hu	hun,news,media	3600	Headline feed published directly by 24.hu (Hungary).
eur-news-24ur-si	https://www.24ur.com/rss	rss	20	24ur POP TV — news feed	24ur POP TV — news feed	europe_news	news	sl	svn,news,media	3600	Headline feed published directly by 24ur POP TV (Slovenia).
eur-news-444hu	https://444.hu/feed	rss	30	444 — news feed	444 — news feed	europe_news	news	hu	hun,news,media	3600	Headline feed published directly by 444 (Hungary).
eur-news-abc-es	https://www.abc.es/rss/2.0/portada/	rss	25	ABC — news feed	ABC — news feed	europe_news	news	es	esp,news,media	3600	Headline feed published directly by ABC (Spain).
eur-news-actualno-bg	https://www.actualno.com/rss	rss	50	Actualno — news feed	Actualno — news feed	europe_news	news	bg	bgr,news,media	3600	Headline feed published directly by Actualno (Bulgaria).
eur-news-adevarul	https://adevarul.ro/rss	rss	50	Adevarul — news feed	Adevarul — news feed	europe_news	news	ro	rou,news,media	3600	Headline feed published directly by Adevarul (Romania).
eur-news-aftenposten	https://www.aftenposten.no/rss	rss	25	Aftenposten — news feed	Aftenposten — news feed	europe_news	news	no	nor,news,media	3600	Headline feed published directly by Aftenposten (Norway).
eur-news-agerpres	https://www.agerpres.ro/rss	rss	21	Agerpres — news feed	Agerpres — news feed	europe_news	news	ro	rou,news,media	3600	Headline feed published directly by Agerpres (Romania).
eur-news-aktuality-sk	https://www.aktuality.sk/rss/	rss	15	Aktuality.sk — news feed	Aktuality.sk — news feed	europe_news	news	sk	svk,news,media	3600	Headline feed published directly by Aktuality.sk (Slovakia).
eur-news-ansa-top	https://www.ansa.it/sito/notizie/topnews/topnews_rss.xml	rss	10	ANSA — news feed	ANSA — news feed	europe_news	news	it	ita,news,media	3600	Headline feed published directly by ANSA (Italy).
eur-news-atlatszo	https://atlatszo.hu/feed/	rss	25	Atlatszo — news feed	Atlatszo — news feed	europe_news	news	hu	hun,news,media	3600	Headline feed published directly by Atlatszo (Hungary).
eur-news-b92	https://www.b92.net/info/rss/vesti.xml	rss	20	B92 — news feed	B92 — news feed	europe_news	news	sr	srb,news,media	3600	Headline feed published directly by B92 (Serbia).
eur-news-belta	https://www.belta.by/rss	rss	30	BelTA — news feed	BelTA — news feed	europe_news	news	ru	blr,news,media	3600	Headline feed published directly by BelTA (Belarus).
eur-news-blic	https://www.blic.rs/rss/danasnje-vesti	rss	70	Blic — news feed	Blic — news feed	europe_news	news	sr	srb,news,media	3600	Headline feed published directly by Blic (Serbia).
eur-news-capital-bg	https://www.capital.bg/rss/	rss	30	Capital — news feed	Capital — news feed	europe_news	news	bg	bgr,news,media	3600	Headline feed published directly by Capital (Bulgaria).
eur-news-cdm-me	https://www.cdm.me/feed/	rss	10	CdM Cafe del Montenegro — news feed	CdM Cafe del Montenegro — news feed	europe_news	news	sr	mne,news,media	3600	Headline feed published directly by CdM Cafe del Montenegro (Montenegro).
eur-news-ceskenoviny	https://www.ceskenoviny.cz/sluzby/rss/cr.php	rss	50	Ceske noviny CTK — news feed	Ceske noviny CTK — news feed	europe_news	news	cs	cze,news,media	3600	Headline feed published directly by Ceske noviny CTK (Czechia).
eur-news-corriere	https://xml2.corriereobjects.it/rss/homepage.xml	rss	69	Corriere della Sera — news feed	Corriere della Sera — news feed	europe_news	news	it	ita,news,media	3600	Headline feed published directly by Corriere della Sera (Italy).
eur-news-ct24	https://ct24.ceskatelevize.cz/rss	rss	30	Ceska televize CT24 — news feed	Ceska televize CT24 — news feed	europe_news	news	cs	cze,news,media	3600	Headline feed published directly by Ceska televize CT24 (Czechia).
eur-news-cyprusmail	https://cyprus-mail.com/feed/	rss	20	Cyprus Mail — news feed	Cyprus Mail — news feed	europe_news	news	en	cyp,news,media	3600	Headline feed published directly by Cyprus Mail (Cyprus).
eur-news-danas-rs	https://www.danas.rs/feed/	rss	50	Danas — news feed	Danas — news feed	europe_news	news	sr	srb,news,media	3600	Headline feed published directly by Danas (Serbia).
eur-news-delo-si	https://www.delo.si/rss/	rss	60	Delo — news feed	Delo — news feed	europe_news	news	sl	svn,news,media	3600	Headline feed published directly by Delo (Slovenia).
eur-news-denikn-cz	https://denikn.cz/feed/	rss	40	Denik N — news feed	Denik N — news feed	europe_news	news	cs	cze,news,media	3600	Headline feed published directly by Denik N (Czechia).
eur-news-dennikn	https://dennikn.sk/feed/	rss	10	Dennik N — news feed	Dennik N — news feed	europe_news	news	sk	svk,news,media	3600	Headline feed published directly by Dennik N (Slovakia).
eur-news-derstandard	https://www.derstandard.at/rss	rss	156	Der Standard — news feed	Der Standard — news feed	europe_news	news	de	aut,news,media	3600	Headline feed published directly by Der Standard (Austria).
eur-news-digi24	https://www.digi24.ro/rss	rss	185	Digi24 — news feed	Digi24 — news feed	europe_news	news	ro	rou,news,media	3600	Headline feed published directly by Digi24 (Romania).
eur-news-dn-se	https://www.dn.se/rss/	rss	114	Dagens Nyheter — news feed	Dagens Nyheter — news feed	europe_news	news	sv	swe,news,media	3600	Headline feed published directly by Dagens Nyheter (Sweden).
eur-news-dr-dk	https://www.dr.dk/nyheder/service/feeds/allenyheder	rss	20	DR — news feed	DR — news feed	europe_news	news	da	dnk,news,media	3600	Headline feed published directly by DR (Denmark).
eur-news-dw-de	https://rss.dw.com/rdf/rss-de-all	rss	87	Deutsche Welle — news feed	Deutsche Welle — news feed	europe_news	news	de	deu,news,media	3600	Headline feed published directly by Deutsche Welle (Germany).
eur-news-eco-pt	https://eco.sapo.pt/feed/	rss	22	ECO — news feed	ECO — news feed	europe_news	news	pt	prt,news,media	3600	Headline feed published directly by ECO (Portugal).
eur-news-economica-ro	https://www.economica.net/feed	rss	10	Economica.net — news feed	Economica.net — news feed	europe_news	news	ro	rou,news,media	3600	Headline feed published directly by Economica.net (Romania).
eur-news-efsyn	https://www.efsyn.gr/rss.xml	rss	90	Efimerida ton Syntakton — news feed	Efimerida ton Syntakton — news feed	europe_news	news	el	grc,news,media	3600	Headline feed published directly by Efimerida ton Syntakton (Greece).
eur-news-elconfidencial	https://rss.elconfidencial.com/espana/	atom	12	El Confidencial — news feed	El Confidencial — news feed	europe_news	news	es	esp,news,media	3600	Headline feed published directly by El Confidencial (Spain).
eur-news-eldiario	https://www.eldiario.es/rss/	rss	76	elDiario.es — news feed	elDiario.es — news feed	europe_news	news	es	esp,news,media	3600	Headline feed published directly by elDiario.es (Spain).
eur-news-err-ee2	https://www.err.ee/rss	rss	50	ERR — news feed	ERR — news feed	europe_news	news	et	est,news,media	3600	Headline feed published directly by ERR (Estonia).
eur-news-ertnews	https://www.ertnews.gr/feed/	rss	35	ERT — news feed	ERT — news feed	europe_news	news	el	grc,news,media	3600	Headline feed published directly by ERT (Greece).
eur-news-europapress	https://www.europapress.es/rss/rss.aspx	rss	10	Europa Press — news feed	Europa Press — news feed	europe_news	news	es	esp,news,media	3600	Headline feed published directly by Europa Press (Spain).
eur-news-expressen	https://feeds.expressen.se/nyheter/	rss	20	Expressen — news feed	Expressen — news feed	europe_news	news	sv	swe,news,media	3600	Headline feed published directly by Expressen (Sweden).
eur-news-fattoquotidiano	https://www.ilfattoquotidiano.it/feed/	rss	25	Il Fatto Quotidiano — news feed	Il Fatto Quotidiano — news feed	europe_news	news	it	ita,news,media	3600	Headline feed published directly by Il Fatto Quotidiano (Italy).
eur-news-faz	https://www.faz.net/rss/aktuell/	rss	167	Frankfurter Allgemeine Zeitung — news feed	Frankfurter Allgemeine Zeitung — news feed	europe_news	news	de	deu,news,media	3600	Headline feed published directly by Frankfurter Allgemeine Zeitung (Germany).
eur-news-france24-fr	https://www.france24.com/fr/rss	rss	24	France 24 — news feed	France 24 — news feed	europe_news	news	fr	fra,news,media	3600	Headline feed published directly by France 24 (France).
eur-news-francetvinfo	https://www.francetvinfo.fr/titres.rss	rss	30	Franceinfo — news feed	Franceinfo — news feed	europe_news	news	fr	fra,news,media	3600	Headline feed published directly by Franceinfo (France).
eur-news-handelsblatt	https://www.handelsblatt.com/contentexport/feed/schlagzeilen	rss	50	Handelsblatt — news feed	Handelsblatt — news feed	europe_news	news	de	deu,news,media	3600	Headline feed published directly by Handelsblatt (Germany).
eur-news-heise	https://www.heise.de/rss/heise-atom.xml	atom	150	heise online — news feed	heise online — news feed	europe_news	news	de	deu,news,media	3600	Headline feed published directly by heise online (Germany).
eur-news-hnonline-sk	https://hnonline.sk/feed	rss	50	Hospodarske noviny — news feed	Hospodarske noviny — news feed	europe_news	news	sk	svk,news,media	3600	Headline feed published directly by Hospodarske noviny (Slovakia).
eur-news-hs-fi	https://www.hs.fi/rss/tuoreimmat.xml	rss	97	Helsingin Sanomat — news feed	Helsingin Sanomat — news feed	europe_news	news	fi	fin,news,media	3600	Headline feed published directly by Helsingin Sanomat (Finland).
eur-news-hvg	https://hvg.hu/rss	rss	60	HVG — news feed	HVG — news feed	europe_news	news	hu	hun,news,media	3600	Headline feed published directly by HVG (Hungary).
eur-news-idnes	https://servis.idnes.cz/rss.aspx?c=zpravodaj	rss	30	iDNES.cz — news feed	iDNES.cz — news feed	europe_news	news	cs	cze,news,media	3600	Headline feed published directly by iDNES.cz (Czechia).
eur-news-iltalehti	https://www.iltalehti.fi/rss/uutiset.xml	rss	20	Iltalehti — news feed	Iltalehti — news feed	europe_news	news	fi	fin,news,media	3600	Headline feed published directly by Iltalehti (Finland).
eur-news-in-gr	https://www.in.gr/feed/	rss	50	in.gr — news feed	in.gr — news feed	europe_news	news	el	grc,news,media	3600	Headline feed published directly by in.gr (Greece).
eur-news-incyprus	https://in-cyprus.philenews.com/feed/	rss	10	In-Cyprus — news feed	In-Cyprus — news feed	europe_news	news	en	cyp,news,media	3600	Headline feed published directly by In-Cyprus (Cyprus).
eur-news-indexhr	https://www.index.hr/rss	rss	150	Index.hr — news feed	Index.hr — news feed	europe_news	news	hr	hrv,news,media	3600	Headline feed published directly by Index.hr (Croatia).
eur-news-insajder	https://insajder.net/feed	rss	100	Insajder — news feed	Insajder — news feed	europe_news	news	sr	srb,news,media	3600	Headline feed published directly by Insajder (Serbia).
eur-news-interia-pl	https://fakty.interia.pl/feed	rss	50	Interia Fakty — news feed	Interia Fakty — news feed	europe_news	news	pl	pol,news,media	3600	Headline feed published directly by Interia Fakty (Poland).
eur-news-irishtimes	https://www.irishtimes.com/arc/outboundfeeds/feed-irish-news/	rss	100	The Irish Times — news feed	The Irish Times — news feed	europe_news	news	en	irl,news,media	3600	Headline feed published directly by The Irish Times (Ireland).
eur-news-irozhlas	https://www.irozhlas.cz/rss/irozhlas	rss	20	iROZHLAS — news feed	iROZHLAS — news feed	europe_news	news	cs	cze,news,media	3600	Headline feed published directly by iROZHLAS (Czechia).
eur-news-is-fi	https://www.is.fi/rss/tuoreimmat.xml	rss	100	Ilta-Sanomat — news feed	Ilta-Sanomat — news feed	europe_news	news	fi	fin,news,media	3600	Headline feed published directly by Ilta-Sanomat (Finland).
eur-news-kallxo	https://kallxo.com/feed/	rss	11	KALLXO BIRN Kosovo — news feed	KALLXO BIRN Kosovo — news feed	europe_news	news	sq	xkx,news,media	3600	Headline feed published directly by KALLXO BIRN Kosovo (Kosovo).
eur-news-klix-ba2	https://www.klix.ba/rss	rss	30	Klix.ba — news feed	Klix.ba — news feed	europe_news	news	bs	bih,news,media	3600	Headline feed published directly by Klix.ba (Bosnia and Herzegovina).
eur-news-koha-net	https://www.koha.net/rss/	atom	20	Koha — news feed	Koha — news feed	europe_news	news	sq	xkx,news,media	3600	Headline feed published directly by Koha (Kosovo).
eur-news-kurier-at	https://kurier.at/xml/rss	rss	20	Kurier — news feed	Kurier — news feed	europe_news	news	de	aut,news,media	3600	Headline feed published directly by Kurier (Austria).
eur-news-la-lv	https://www.la.lv/feed	rss	40	Latvijas Avize — news feed	Latvijas Avize — news feed	europe_news	news	lv	lva,news,media	3600	Headline feed published directly by Latvijas Avize (Latvia).
eur-news-lacroix	https://www.la-croix.com/RSS/UNIVERS_WFRA	rss	50	La Croix — news feed	La Croix — news feed	europe_news	news	fr	fra,news,media	3600	Headline feed published directly by La Croix (France).
eur-news-lavanguardia2	https://www.lavanguardia.com/rss/home.xml	rss	141	La Vanguardia — news feed	La Vanguardia — news feed	europe_news	news	es	esp,news,media	3600	Headline feed published directly by La Vanguardia (Spain).
eur-news-leparisien2	https://feeds.leparisien.fr/leparisien/rss	rss	100	Le Parisien — news feed	Le Parisien — news feed	europe_news	news	fr	fra,news,media	3600	Headline feed published directly by Le Parisien (France).
eur-news-liberation	https://www.liberation.fr/arc/outboundfeeds/rss-all/?outputType=xml	rss	50	Liberation — news feed	Liberation — news feed	europe_news	news	fr	fra,news,media	3600	Headline feed published directly by Liberation (France).
eur-news-lsm-lv	https://www.lsm.lv/rss/	rss	50	LSM Latvian Public Media — news feed	LSM Latvian Public Media — news feed	europe_news	news	lv	lva,news,media	3600	Headline feed published directly by LSM Latvian Public Media (Latvia).
eur-news-magyarnemzet	https://magyarnemzet.hu/feed	rss	25	Magyar Nemzet — news feed	Magyar Nemzet — news feed	europe_news	news	hu	hun,news,media	3600	Headline feed published directly by Magyar Nemzet (Hungary).
eur-news-mbl-is	https://www.mbl.is/feeds/fp/	rss	13	Morgunbladid mbl.is — news feed	Morgunbladid mbl.is — news feed	europe_news	news	is	isl,news,media	3600	Headline feed published directly by Morgunbladid mbl.is (Iceland).
eur-news-mediapart	https://www.mediapart.fr/articles/feed	rss	10	Mediapart — news feed	Mediapart — news feed	europe_news	news	fr	fra,news,media	3600	Headline feed published directly by Mediapart (France).
eur-news-mediapool-bg	https://www.mediapool.bg/rss/	rss	15	Mediapool — news feed	Mediapool — news feed	europe_news	news	bg	bgr,news,media	3600	Headline feed published directly by Mediapool (Bulgaria).
eur-news-n1info-ba	https://n1info.ba/feed/	rss	50	N1 Bosnia — news feed	N1 Bosnia — news feed	europe_news	news	bs	bih,news,media	3600	Headline feed published directly by N1 Bosnia (Bosnia and Herzegovina).
eur-news-naftemporiki	https://www.naftemporiki.gr/feed/	rss	30	Naftemporiki — news feed	Naftemporiki — news feed	europe_news	news	el	grc,news,media	3600	Headline feed published directly by Naftemporiki (Greece).
eur-news-napi-hu	https://www.napi.hu/feed	rss	5	Napi.hu — news feed	Napi.hu — news feed	europe_news	news	hu	hun,news,media	3600	Headline feed published directly by Napi.hu (Hungary).
eur-news-nepszava	https://nepszava.hu/feed	rss	20	Nepszava — news feed	Nepszava — news feed	europe_news	news	hu	hun,news,media	3600	Headline feed published directly by Nepszava (Hungary).
eur-news-newsit-gr	https://www.newsit.gr/feed/	rss	50	Newsit — news feed	Newsit — news feed	europe_news	news	el	grc,news,media	3600	Headline feed published directly by Newsit (Greece).
eur-news-nos	https://feeds.nos.nl/nosnieuwsalgemeen	rss	20	NOS — news feed	NOS — news feed	europe_news	news	nl	nld,news,media	3600	Headline feed published directly by NOS (Netherlands).
eur-news-nouvelobs	https://www.nouvelobs.com/rss.xml	rss	200	Le Nouvel Obs — news feed	Le Nouvel Obs — news feed	europe_news	news	fr	fra,news,media	3600	Headline feed published directly by Le Nouvel Obs (France).
eur-news-nova-rs	https://nova.rs/feed/	rss	50	Nova.rs — news feed	Nova.rs — news feed	europe_news	news	sr	srb,news,media	3600	Headline feed published directly by Nova.rs (Serbia).
eur-news-novinky	https://www.novinky.cz/rss	rss	30	Novinky.cz — news feed	Novinky.cz — news feed	europe_news	news	cs	cze,news,media	3600	Headline feed published directly by Novinky.cz (Czechia).
eur-news-nrc	https://www.nrc.nl/rss/	rss	141	NRC — news feed	NRC — news feed	europe_news	news	nl	nld,news,media	3600	Headline feed published directly by NRC (Netherlands).
eur-news-nrk	https://www.nrk.no/toppsaker.rss	rss	99	NRK — news feed	NRK — news feed	europe_news	news	no	nor,news,media	3600	Headline feed published directly by NRK (Norway).
eur-news-ntv	https://www.n-tv.de/rss	rss	46	n-tv — news feed	n-tv — news feed	europe_news	news	de	deu,news,media	3600	Headline feed published directly by n-tv (Germany).
eur-news-nv-ua	https://nv.ua/ukr/rss/all.xml	rss	40	NV — news feed	NV — news feed	europe_news	news	uk	ukr,news,media	3600	Headline feed published directly by NV (Ukraine).
eur-news-nzz	https://www.nzz.ch/recent.rss	rss	16	Neue Zurcher Zeitung — news feed	Neue Zurcher Zeitung — news feed	europe_news	news	de	che,news,media	3600	Headline feed published directly by Neue Zurcher Zeitung (Switzerland).
eur-news-onet-pl	https://wiadomosci.onet.pl/.feed	rss	20	Onet Wiadomosci — news feed	Onet Wiadomosci — news feed	europe_news	news	pl	pol,news,media	3600	Headline feed published directly by Onet Wiadomosci (Poland).
eur-news-orf	https://rss.orf.at/news.xml	rss	23	ORF — news feed	ORF — news feed	europe_news	news	de	aut,news,media	3600	Headline feed published directly by ORF (Austria).
eur-news-ouestfrance	https://www.ouest-france.fr/rss/une	rss	10	Ouest-France — news feed	Ouest-France — news feed	europe_news	news	fr	fra,news,media	3600	Headline feed published directly by Ouest-France (France).
eur-news-philenews-cy	https://www.philenews.com/feed/	rss	20	Phileleftheros — news feed	Phileleftheros — news feed	europe_news	news	el	cyp,news,media	3600	Headline feed published directly by Phileleftheros (Cyprus).
eur-news-politika-rs	https://www.politika.rs/rss	rss	20	Politika — news feed	Politika — news feed	europe_news	news	sr	srb,news,media	3600	Headline feed published directly by Politika (Serbia).
eur-news-politiken	https://politiken.dk/rss/senestenyt.rss	rss	20	Politiken — news feed	Politiken — news feed	europe_news	news	da	dnk,news,media	3600	Headline feed published directly by Politiken (Denmark).
eur-news-polsatnews	https://www.polsatnews.pl/rss/wszystkie.xml	rss	50	Polsat News — news feed	Polsat News — news feed	europe_news	news	pl	pol,news,media	3600	Headline feed published directly by Polsat News (Poland).
eur-news-postimees	https://www.postimees.ee/rss	rss	25	Postimees — news feed	Postimees — news feed	europe_news	news	et	est,news,media	3600	Headline feed published directly by Postimees (Estonia).
eur-news-pravda-sk	https://www.pravda.sk/rss/xml/	rss	20	Pravda — news feed	Pravda — news feed	europe_news	news	sk	svk,news,media	3600	Headline feed published directly by Pravda (Slovakia).
eur-news-profit-ro	https://www.profit.ro/rss	rss	10	Profit.ro — news feed	Profit.ro — news feed	europe_news	news	ro	rou,news,media	3600	Headline feed published directly by Profit.ro (Romania).
eur-news-protothema	https://www.protothema.gr/rss/	rss	100	Proto Thema — news feed	Proto Thema — news feed	europe_news	news	el	grc,news,media	3600	Headline feed published directly by Proto Thema (Greece).
eur-news-rainews	https://www.rainews.it/rss/tutti	rss	40	Rai News — news feed	Rai News — news feed	europe_news	news	it	ita,news,media	3600	Headline feed published directly by Rai News (Italy).
eur-news-reporter-al	https://www.reporter.al/feed/	rss	10	Reporter.al — news feed	Reporter.al — news feed	europe_news	news	sq	alb,news,media	3600	Headline feed published directly by Reporter.al (Albania).
eur-news-rp-pl	https://www.rp.pl/rss/1019	rss	20	Rzeczpospolita — news feed	Rzeczpospolita — news feed	europe_news	news	pl	pol,news,media	3600	Headline feed published directly by Rzeczpospolita (Poland).
eur-news-rtbf2	https://rss.rtbf.be/article/rss/highlight_rtbfinfo_info.xml	rss	20	RTBF — news feed	RTBF — news feed	europe_news	news	fr	bel,news,media	3600	Headline feed published directly by RTBF (Belgium).
eur-news-rtcg	https://www.rtcg.me/rss.html	rss	20	RTCG — news feed	RTCG — news feed	europe_news	news	sr	mne,news,media	3600	Headline feed published directly by RTCG (Montenegro).
eur-news-rte-business	https://www.rte.ie/feeds/rss/?index=/news/business/	rss	40	RTE Business — news feed	RTE Business — news feed	europe_news	news	en	irl,news,media	3600	Headline feed published directly by RTE Business (Ireland).
eur-news-rte-ie	https://www.rte.ie/feeds/rss/?index=/news/	rss	60	RTE — news feed	RTE — news feed	europe_news	news	en	irl,news,media	3600	Headline feed published directly by RTE (Ireland).
eur-news-rtp	https://www.rtp.pt/noticias/rss	rss	50	RTP — news feed	RTP — news feed	europe_news	news	pt	prt,news,media	3600	Headline feed published directly by RTP (Portugal).
eur-news-rtvs-sk	https://spravy.rtvs.sk/feed/	rss	100	STVR Slovak Radio and Television — news feed	STVR Slovak Radio and Television — news feed	europe_news	news	sk	svk,news,media	3600	Headline feed published directly by STVR Slovak Radio and Television (Slovakia).
eur-news-rtvslo	https://www.rtvslo.si/feeds/00.xml	rss	20	RTV Slovenija — news feed	RTV Slovenija — news feed	europe_news	news	sl	svn,news,media	3600	Headline feed published directly by RTV Slovenija (Slovenia).
eur-news-ruv-is	https://www.ruv.is/rss/frettir	rss	40	RUV — news feed	RUV — news feed	europe_news	news	is	isl,news,media	3600	Headline feed published directly by RUV (Iceland).
eur-news-seznamzpravy	https://www.seznamzpravy.cz/rss	rss	30	Seznam Zpravy — news feed	Seznam Zpravy — news feed	europe_news	news	cs	cze,news,media	3600	Headline feed published directly by Seznam Zpravy (Czechia).
eur-news-slobodenpecat	https://www.slobodenpecat.mk/feed/	rss	10	Sloboden Pecat — news feed	Sloboden Pecat — news feed	europe_news	news	mk	mkd,news,media	3600	Headline feed published directly by Sloboden Pecat (North Macedonia).
eur-news-sme-sk	https://www.sme.sk/rss-title	rss	24	SME — news feed	SME — news feed	europe_news	news	sk	svk,news,media	3600	Headline feed published directly by SME (Slovakia).
eur-news-sole24	https://www.ilsole24ore.com/rss/italia.xml	rss	12	Il Sole 24 Ore — news feed	Il Sole 24 Ore — news feed	europe_news	news	it	ita,news,media	3600	Headline feed published directly by Il Sole 24 Ore (Italy).
eur-news-spotmedia	https://spotmedia.ro/feed	rss	10	Spotmedia — news feed	Spotmedia — news feed	europe_news	news	ro	rou,news,media	3600	Headline feed published directly by Spotmedia (Romania).
eur-news-srf	https://www.srf.ch/news/bnf/rss/1646	rss	88	SRF — news feed	SRF — news feed	europe_news	news	de	che,news,media	3600	Headline feed published directly by SRF (Switzerland).
eur-news-sueddeutsche	https://rss.sueddeutsche.de/rss/Topthemen	rss	15	Sueddeutsche Zeitung — news feed	Sueddeutsche Zeitung — news feed	europe_news	news	de	deu,news,media	3600	Headline feed published directly by Sueddeutsche Zeitung (Germany).
eur-news-suspilne	https://suspilne.media/rss/all.rss	rss	200	Suspilne — news feed	Suspilne — news feed	europe_news	news	uk	ukr,news,media	3600	Headline feed published directly by Suspilne (Ukraine).
eur-news-svt	https://www.svt.se/nyheter/rss.xml	rss	100	SVT Nyheter — news feed	SVT Nyheter — news feed	europe_news	news	sv	swe,news,media	3600	Headline feed published directly by SVT Nyheter (Sweden).
eur-news-tagesanzeiger	https://www.tagesanzeiger.ch/rss.html	rss	60	Tages-Anzeiger — news feed	Tages-Anzeiger — news feed	europe_news	news	de	che,news,media	3600	Headline feed published directly by Tages-Anzeiger (Switzerland).
eur-news-tagesschau	https://www.tagesschau.de/index~rss2.xml	rss	63	Tagesschau ARD — news feed	Tagesschau ARD — news feed	europe_news	news	de	deu,news,media	3600	Headline feed published directly by Tagesschau ARD (Germany).
eur-news-tagesspiegel	https://www.tagesspiegel.de/contentexport/feed/home	rss	100	Der Tagesspiegel — news feed	Der Tagesspiegel — news feed	europe_news	news	de	deu,news,media	3600	Headline feed published directly by Der Tagesspiegel (Germany).
eur-news-tasr	https://www.teraz.sk/rss/slovensko.rss	rss	15	TASR Teraz.sk — news feed	TASR Teraz.sk — news feed	europe_news	news	sk	svk,news,media	3600	Headline feed published directly by TASR Teraz.sk (Slovakia).
eur-news-taz	https://taz.de/!p4608;rss/	rss	50	taz — news feed	taz — news feed	europe_news	news	de	deu,news,media	3600	Headline feed published directly by taz (Germany).
eur-news-telegraaf	https://www.telegraaf.nl/rss	rss	50	De Telegraaf — news feed	De Telegraaf — news feed	europe_news	news	nl	nld,news,media	3600	Headline feed published directly by De Telegraaf (Netherlands).
eur-news-telegrafi	https://telegrafi.com/feed/	rss	30	Telegrafi — news feed	Telegrafi — news feed	europe_news	news	sq	xkx,news,media	3600	Headline feed published directly by Telegrafi (Kosovo).
eur-news-telegram-hr	https://www.telegram.hr/feed/	rss	10	Telegram — news feed	Telegram — news feed	europe_news	news	hr	hrv,news,media	3600	Headline feed published directly by Telegram (Croatia).
eur-news-telma-mk	https://telma.com.mk/feed/	rss	10	TV Telma — news feed	TV Telma — news feed	europe_news	news	mk	mkd,news,media	3600	Headline feed published directly by TV Telma (North Macedonia).
eur-news-thejournal-ie	https://www.thejournal.ie/feed/	rss	40	TheJournal.ie — news feed	TheJournal.ie — news feed	europe_news	news	en	irl,news,media	3600	Headline feed published directly by TheJournal.ie (Ireland).
eur-news-tovima	https://www.tovima.gr/feed/	rss	50	To Vima — news feed	To Vima — news feed	europe_news	news	el	grc,news,media	3600	Headline feed published directly by To Vima (Greece).
eur-news-tportal	https://www.tportal.hr/rss	rss	20	tportal — news feed	tportal — news feed	europe_news	news	hr	hrv,news,media	3600	Headline feed published directly by tportal (Croatia).
eur-news-tv8-md	https://tv8.md/feed/	rss	10	TV8 Moldova — news feed	TV8 Moldova — news feed	europe_news	news	ro	mda,news,media	3600	Headline feed published directly by TV8 Moldova (Moldova).
eur-news-tvn24	https://tvn24.pl/najnowsze.xml	rss	18	TVN24 — news feed	TVN24 — news feed	europe_news	news	pl	pol,news,media	3600	Headline feed published directly by TVN24 (Poland).
eur-news-tvnet-lv	https://www.tvnet.lv/rss	rss	25	TVNET — news feed	TVNET — news feed	europe_news	news	lv	lva,news,media	3600	Headline feed published directly by TVNET (Latvia).
eur-news-ukrinform	https://www.ukrinform.ua/rss/block-lastnews	rss	30	Ukrinform — news feed	Ukrinform — news feed	europe_news	news	uk	ukr,news,media	3600	Headline feed published directly by Ukrinform (Ukraine).
eur-news-unian	https://rss.unian.net/site/news_ukr.rss	rss	100	UNIAN — news feed	UNIAN — news feed	europe_news	news	uk	ukr,news,media	3600	Headline feed published directly by UNIAN (Ukraine).
eur-news-valaszonline	https://valaszonline.hu/feed/	rss	25	Valasz Online — news feed	Valasz Online — news feed	europe_news	news	hu	hun,news,media	3600	Headline feed published directly by Valasz Online (Hungary).
eur-news-vecernji	https://www.vecernji.hr/feeds/latest	rss	20	Vecernji list — news feed	Vecernji list — news feed	europe_news	news	hr	hrv,news,media	3600	Headline feed published directly by Vecernji list (Croatia).
eur-news-vijesti-me	https://www.vijesti.me/rss	rss	30	Vijesti — news feed	Vijesti — news feed	europe_news	news	sr	mne,news,media	3600	Headline feed published directly by Vijesti (Montenegro).
eur-news-vilaweb	https://www.vilaweb.cat/rss/	rss	25	VilaWeb — news feed	VilaWeb — news feed	europe_news	news	ca	esp,news,media	3600	Headline feed published directly by VilaWeb (Spain).
eur-news-visir-is	https://www.visir.is/rss/allt	rss	74	Visir — news feed	Visir — news feed	europe_news	news	is	isl,news,media	3600	Headline feed published directly by Visir (Iceland).
eur-news-volkskrant	https://www.volkskrant.nl/voorpagina/rss.xml	rss	77	de Volkskrant — news feed	de Volkskrant — news feed	europe_news	news	nl	nld,news,media	3600	Headline feed published directly by de Volkskrant (Netherlands).
eur-news-vrt	https://www.vrt.be/vrtnws/nl.rss.articles.xml	atom	50	VRT NWS — news feed	VRT NWS — news feed	europe_news	news	nl	bel,news,media	3600	Headline feed published directly by VRT NWS (Belgium).
eur-news-welt	https://www.welt.de/feeds/latest.rss	rss	30	Die Welt — news feed	Die Welt — news feed	europe_news	news	de	deu,news,media	3600	Headline feed published directly by Die Welt (Germany).
eur-news-wort-lu	https://www.wort.lu/rss	rss	50	Luxemburger Wort — news feed	Luxemburger Wort — news feed	europe_news	news	de	lux,news,media	3600	Headline feed published directly by Luxemburger Wort (Luxembourg).
eur-news-yle	https://yle.fi/rss/uutiset/paauutiset	rss	14	Yle — news feed	Yle — news feed	europe_news	news	fi	fin,news,media	3600	Headline feed published directly by Yle (Finland).
eur-news-yle-uutiset	https://yle.fi/rss/t/18-34837/fi	rss	20	Yle Uutiset — news feed	Yle Uutiset — news feed	europe_news	news	fi	fin,news,media	3600	Headline feed published directly by Yle Uutiset (Finland).
eur-news-zdg-md	https://www.zdg.md/feed/	rss	10	Ziarul de Garda — news feed	Ziarul de Garda — news feed	europe_news	news	ro	mda,news,media	3600	Headline feed published directly by Ziarul de Garda (Moldova).
eur-news-zeit	https://newsfeed.zeit.de/index	rss	15	Die Zeit — news feed	Die Zeit — news feed	europe_news	news	de	deu,news,media	3600	Headline feed published directly by Die Zeit (Germany).
eur-nosdeputes-json	https://www.nosdeputes.fr/deputes/json	json:deputes	618	NosDeputes.fr — French MPs	NosDeputes.fr — French MPs	europe_gov	politics	fr	fra,politics	86400	Every sitting French deputy with constituency, group and contact details.
eur-nosdeputes-synthese	https://www.nosdeputes.fr/synthese/data/json	json:deputes	586	NosDeputes.fr — MP activity synthesis	NosDeputes.fr — MP activity synthesis	europe_gov	politics	fr	fra,politics	86400	Per-MP activity counts: attendance, amendments, questions and reports.
eur-nve-avalanche-detail	https://api01.nve.no/hydrology/forecast/avalanche/v6.2.1/api/RegionSummary/Detail/1	json-array	46	NVE Norway — avalanche warning regions	NVE Norway — avalanche warning regions	europe_env	hazard	no	nor,hazard	1800	Norwegian avalanche danger level per forecast region with detail text.
eur-oda-ft-aktortype	https://oda.ft.dk/api/Akt%C3%B8rtype?$top=100	json:value	13	Folketinget Denmark — actor types	Folketinget Denmark — actor types	europe_gov	politics	da	dnk,politics	86400	Actor type vocabulary of the Danish parliament open data model.
eur-oda-ft-aktstykke	https://oda.ft.dk/api/Sagsstatus?$top=100	json:value	68	Folketinget Denmark — case statuses	Folketinget Denmark — case statuses	europe_gov	politics	da	dnk,politics	86400	Case status vocabulary of the Danish parliament.
eur-oda-ft-dokument	https://oda.ft.dk/api/Dokument?$top=100&$orderby=id%20desc	json:value	100	Folketinget Denmark — documents	Folketinget Denmark — documents	europe_gov	politics	da	dnk,politics	21600	Danish parliamentary documents ordered by identifier, newest first.
eur-oda-ft-dokumenttype	https://oda.ft.dk/api/Dokumenttype?$top=100	json:value	28	Folketinget Denmark — document types	Folketinget Denmark — document types	europe_gov	politics	da	dnk,politics	86400	Document type vocabulary used by the Danish parliament.
eur-oda-ft-emneord	https://oda.ft.dk/api/Emneord?$top=100	json:value	100	Folketinget Denmark — subject keywords	Folketinget Denmark — subject keywords	europe_gov	politics	da	dnk,politics	86400	Subject keyword vocabulary attached to Danish parliamentary cases.
eur-oda-ft-periode	https://oda.ft.dk/api/Periode?$top=100	json:value	100	Folketinget Denmark — parliamentary periods	Folketinget Denmark — parliamentary periods	europe_gov	politics	da	dnk,politics	86400	Danish parliamentary sessions and periods with start and end dates.
eur-oda-ft-sagskategori	https://oda.ft.dk/api/Sagskategori?$top=100	json:value	31	Folketinget Denmark — case categories	Folketinget Denmark — case categories	europe_gov	politics	da	dnk,politics	86400	Case category vocabulary of the Danish parliament.
eur-oda-ft-sagstrin	https://oda.ft.dk/api/Sagstrin?$top=100&$orderby=opdateringsdato%20desc	json:value	100	Folketinget Denmark — case stages	Folketinget Denmark — case stages	europe_gov	politics	da	dnk,politics	21600	Stage-by-stage progress records of Danish parliamentary cases.
eur-ods-amp-amest-hab-agence-energie-amp	https://data.ampmetropole.fr/api/explore/v2.1/catalog/datasets/amest_hab_agence_energie_amp/records?limit=100	json:results	92	Aix-Marseille-Provence Metropole open data — [Observatoire habitat] Périmètre d'intervention des agences locales de l'énergie	Aix-Marseille-Provence Metropole open data — [Observatoire habitat] Périmètre d'intervention des agences locales de l'énergie	europe_data	opendata	fr	fra,opendata	86400	Records of the '[Observatoire habitat] Périmètre d'intervention des agences locales de l'énergie' dataset published by Aix-Marseille-Provence Metropole open data.
eur-ods-amp-communes-conseils-territoire	https://data.ampmetropole.fr/api/explore/v2.1/catalog/datasets/communes-conseils-territoire/records?limit=100	json:results	92	Aix-Marseille-Provence Metropole open data — Communes membres et leur anciens Conseil de Territoire (2022)	Aix-Marseille-Provence Metropole open data — Communes membres et leur anciens Conseil de Territoire (2022)	europe_data	opendata	fr	fra,opendata	86400	Records of the 'Communes membres et leur anciens Conseil de Territoire (2022)' dataset published by Aix-Marseille-Provence Metropole open data.
eur-ods-amp-fr-contenu-de-la-page-nos-visualis	https://data.ampmetropole.fr/api/explore/v2.1/catalog/datasets/fr-contenu-de-la-page-nos-visualisations/records?limit=100	json:results	29	Aix-Marseille-Provence Metropole open data — [Archive 2026] Contenu de la page nos visualisations	Aix-Marseille-Provence Metropole open data — [Archive 2026] Contenu de la page nos visualisations	europe_data	opendata	fr	fra,opendata	86400	Records of the '[Archive 2026] Contenu de la page nos visualisations' dataset published by Aix-Marseille-Provence Metropole open data.
eur-ods-amp-fr-reseau-de-transports-aix-marsei	https://data.ampmetropole.fr/api/explore/v2.1/catalog/datasets/fr-reseau-de-transports-aix-marseille-provence-issus-de-data-gouv/records?limit=100	json:results	45	Aix-Marseille-Provence Metropole open data — Ensemble des données concernant les réseaux de transports en commun (GTFS et temps réel)	Aix-Marseille-Provence Metropole open data — Ensemble des données concernant les réseaux de transports en commun (GTFS et temps réel)	europe_data	opendata	fr	fra,opendata	86400	Records of the 'Ensemble des données concernant les réseaux de transports en commun (GTFS et temps réel)' dataset published by Aix-Marseille-Provence Metropole open data.
eur-ods-amp-parc-et-jardin-bd-topo-zone-dactiv	https://data.ampmetropole.fr/api/explore/v2.1/catalog/datasets/parc-et-jardin-bd-topo-zone-dactivite-ou-dinteret/records?limit=100	json:results	100	Aix-Marseille-Provence Metropole open data — Espaces publics (parcs, jardins, places...)	Aix-Marseille-Provence Metropole open data — Espaces publics (parcs, jardins, places...)	europe_data	opendata	fr	fra,opendata	86400	Records of the 'Espaces publics (parcs, jardins, places...)' dataset published by Aix-Marseille-Provence Metropole open data.
eur-ods-amp-programme-national-pour-la-renovat	https://data.ampmetropole.fr/api/explore/v2.1/catalog/datasets/programme-national-pour-la-renovation-urbaine/records?limit=100	json:results	17	Aix-Marseille-Provence Metropole open data — [Observatoire habitat] Programme National de Renouvellement Urbain (PNRU)	Aix-Marseille-Provence Metropole open data — [Observatoire habitat] Programme National de Renouvellement Urbain (PNRU)	europe_data	opendata	fr	fra,opendata	86400	Records of the '[Observatoire habitat] Programme National de Renouvellement Urbain (PNRU)' dataset published by Aix-Marseille-Provence Metropole open data.
eur-ods-ampmetropole	https://data.ampmetropole.fr/api/explore/v2.1/catalog/datasets?limit=100	json:results	100	Aix-Marseille-Provence Metropole open data — dataset catalogue	Aix-Marseille-Provence Metropole open data — dataset catalogue	europe_data	opendata	fr	fra,opendata,catalogue	86400	Full dataset catalogue of the Aix-Marseille-Provence Metropole open data portal, with dataset ids, themes and record counts.
eur-ods-angers	https://data.angers.fr/api/explore/v2.1/catalog/datasets?limit=100	json:results	100	Angers Loire Metropole open data — dataset catalogue	Angers Loire Metropole open data — dataset catalogue	europe_data	opendata	fr	fra,opendata,catalogue	86400	Full dataset catalogue of the Angers Loire Metropole open data portal, with dataset ids, themes and record counts.
eur-ods-angers-201-alm-vilan-2nd14munip	https://data.angers.fr/api/explore/v2.1/catalog/datasets/201_alm_vilan_2nd14munip/records?limit=100	json:results	82	Angers Loire Metropole open data — Elections municipales 2014 2nd tour à Angers	Angers Loire Metropole open data — Elections municipales 2014 2nd tour à Angers	europe_data	opendata	fr	fra,opendata	86400	Records of the 'Elections municipales 2014 2nd tour à Angers' dataset published by Angers Loire Metropole open data.
eur-ods-angers-alm-boundary	https://data.angers.fr/api/explore/v2.1/catalog/datasets/alm-boundary/records?limit=100	json:results	33	Angers Loire Metropole open data — Limites communales - archives - Angers Loire Métropole	Angers Loire Metropole open data — Limites communales - archives - Angers Loire Métropole	europe_data	opendata	fr	fra,opendata	86400	Records of the 'Limites communales - archives - Angers Loire Métropole' dataset published by Angers Loire Metropole open data.
eur-ods-basel	https://data.bs.ch/api/explore/v2.1/catalog/datasets?limit=100	json:results	100	Kanton Basel-Stadt open data — dataset catalogue	Kanton Basel-Stadt open data — dataset catalogue	europe_data	opendata	de	che,opendata,catalogue	86400	Full dataset catalogue of the Kanton Basel-Stadt open data portal, with dataset ids, themes and record counts.
eur-ods-baselland	https://data.bl.ch/api/explore/v2.1/catalog/datasets?limit=100	json:results	100	Kanton Basel-Landschaft open data — dataset catalogue	Kanton Basel-Landschaft open data — dataset catalogue	europe_data	opendata	de	che,opendata,catalogue	86400	Full dataset catalogue of the Kanton Basel-Landschaft open data portal, with dataset ids, themes and record counts.
eur-ods-bdx-bor-voirietaxeouvrage	https://opendata.bordeaux-metropole.fr/api/explore/v2.1/catalog/datasets/bor_voirietaxeouvrage/records?limit=100	json:results	35	Bordeaux Metropole open data — Taxe annuelle de voirie par ouvrage ville de Bordeaux	Bordeaux Metropole open data — Taxe annuelle de voirie par ouvrage ville de Bordeaux	europe_data	opendata	fr	fra,opendata	86400	Records of the 'Taxe annuelle de voirie par ouvrage ville de Bordeaux' dataset published by Bordeaux Metropole open data.
eur-ods-bdx-eg-geothermie-s	https://opendata.bordeaux-metropole.fr/api/explore/v2.1/catalog/datasets/eg_geothermie_s/records?limit=100	json:results	100	Bordeaux Metropole open data — Potentiel géothermique du sous-sol	Bordeaux Metropole open data — Potentiel géothermique du sous-sol	europe_data	opendata	fr	fra,opendata	86400	Records of the 'Potentiel géothermique du sous-sol' dataset published by Bordeaux Metropole open data.
eur-ods-bdx-fi-eta14-p	https://opendata.bordeaux-metropole.fr/api/explore/v2.1/catalog/datasets/fi_eta14_p/records?limit=100	json:results	100	Bordeaux Metropole open data — Etablissements 2014	Bordeaux Metropole open data — Etablissements 2014	europe_data	opendata	fr	fra,opendata	86400	Records of the 'Etablissements 2014' dataset published by Bordeaux Metropole open data.
eur-ods-bdx-leh-sites-et-espaces-municipaux	https://opendata.bordeaux-metropole.fr/api/explore/v2.1/catalog/datasets/leh_sites_et_espaces_municipaux/records?limit=100	json:results	55	Bordeaux Metropole open data — Sites et espaces municipaux de la ville du Haillan	Bordeaux Metropole open data — Sites et espaces municipaux de la ville du Haillan	europe_data	opendata	fr	fra,opendata	86400	Records of the 'Sites et espaces municipaux de la ville du Haillan' dataset published by Bordeaux Metropole open data.
eur-ods-bdx-leh-statistiques-etat-civil-annee	https://opendata.bordeaux-metropole.fr/api/explore/v2.1/catalog/datasets/leh_statistiques_etat_civil_annee/records?limit=100	json:results	100	Bordeaux Metropole open data — Statistiques annuelles d'actes d'Etat Civil de la ville du Haillan	Bordeaux Metropole open data — Statistiques annuelles d'actes d'Etat Civil de la ville du Haillan	europe_data	opendata	fr	fra,opendata	86400	Records of the 'Statistiques annuelles d'actes d'Etat Civil de la ville du Haillan' dataset published by Bordeaux Metropole open data.
eur-ods-bl-10070	https://data.bl.ch/api/explore/v2.1/catalog/datasets/10070/records?limit=100	json:results	100	Kanton Basel-Landschaft open data — Vornamen der Neugeborenen nach Geschlecht und Jahr (seit 2000)	Kanton Basel-Landschaft open data — Vornamen der Neugeborenen nach Geschlecht und Jahr (seit 2000)	europe_data	opendata	de	che,opendata	86400	Records of the 'Vornamen der Neugeborenen nach Geschlecht und Jahr (seit 2000)' dataset published by Kanton Basel-Landschaft open data.
eur-ods-bl-11080	https://data.bl.ch/api/explore/v2.1/catalog/datasets/11080/records?limit=100	json:results	100	Kanton Basel-Landschaft open data — Nachnamen der ständigen Wohnbevölkerung nach Gemeinde und Jahr (seit 2022)	Kanton Basel-Landschaft open data — Nachnamen der ständigen Wohnbevölkerung nach Gemeinde und Jahr (seit 2022)	europe_data	opendata	de	che,opendata	86400	Records of the 'Nachnamen der ständigen Wohnbevölkerung nach Gemeinde und Jahr (seit 2022)' dataset published by Kanton Basel-Landschaft open data.
eur-ods-bl-11300	https://data.bl.ch/api/explore/v2.1/catalog/datasets/11300/records?limit=100	json:results	84	Kanton Basel-Landschaft open data — Wohnbevölkerung nach Hauptsprache, Nationalität und Periode (seit 2010/2014)	Kanton Basel-Landschaft open data — Wohnbevölkerung nach Hauptsprache, Nationalität und Periode (seit 2010/2014)	europe_data	opendata	de	che,opendata	86400	Records of the 'Wohnbevölkerung nach Hauptsprache, Nationalität und Periode (seit 2010/2014)' dataset published by Kanton Basel-Landschaft open data.
eur-ods-bl-12820	https://data.bl.ch/api/explore/v2.1/catalog/datasets/12820/records?limit=100	json:results	100	Kanton Basel-Landschaft open data — Wohnbevölkerung nach Geburtsort der Eltern, Geschlecht, Altersklasse, Arbeitsmarktstatus, höchster abgeschlossener Ausbildung, Migrationsstatus und Periode (seit 2010/2014)	Kanton Basel-Landschaft open data — Wohnbevölkerung nach Geburtsort der Eltern, Geschlecht, Altersklasse, Arbeitsmarktstatus, höchster abgeschlossener Ausbildung, Migrationsstatus und Periode (seit 2010/2014)	europe_data	opendata	de	che,opendata	86400	Records of the 'Wohnbevölkerung nach Geburtsort der Eltern, Geschlecht, Altersklasse, Arbeitsmarktstatus, höchster abgeschlossener Ausbildung, Migrationsstatus und Periode (seit 2010/2014)' dataset published by Kanton Basel-Landschaft open data.
eur-ods-bl-12830	https://data.bl.ch/api/explore/v2.1/catalog/datasets/12830/records?limit=100	json:results	100	Kanton Basel-Landschaft open data — Wohnbevölkerung nach Migrationsstatus, Geschlecht, Altersklasse, Arbeitsmarktstatus, höchster abgeschlossener Ausbildung, doppelter Staatsbürgerschaft und Periode (seit 2010/2014)	Kanton Basel-Landschaft open data — Wohnbevölkerung nach Migrationsstatus, Geschlecht, Altersklasse, Arbeitsmarktstatus, höchster abgeschlossener Ausbildung, doppelter Staatsbürgerschaft und Periode (seit 2010/2014)	europe_data	opendata	de	che,opendata	86400	Records of the 'Wohnbevölkerung nach Migrationsstatus, Geschlecht, Altersklasse, Arbeitsmarktstatus, höchster abgeschlossener Ausbildung, doppelter Staatsbürgerschaft und Periode (seit 2010/2014)' dataset published by Kanton Basel-Landschaft open data.
eur-ods-bl-12850	https://data.bl.ch/api/explore/v2.1/catalog/datasets/12850/records?limit=100	json:results	100	Kanton Basel-Landschaft open data — Wohnbevölkerung nach Migrationsstatus, Nationalität und Periode (seit 2010/2014)	Kanton Basel-Landschaft open data — Wohnbevölkerung nach Migrationsstatus, Nationalität und Periode (seit 2010/2014)	europe_data	opendata	de	che,opendata	86400	Records of the 'Wohnbevölkerung nach Migrationsstatus, Nationalität und Periode (seit 2010/2014)' dataset published by Kanton Basel-Landschaft open data.
eur-ods-bl-4bb74943-8e36-4a63-a6f9-cb8afecd0d	https://data.bl.ch/api/explore/v2.1/catalog/datasets/4bb74943-8e36-4a63-a6f9-cb8afecd0dbc_radondaten_gebaeude/records?limit=100	json:results	100	Kanton Basel-Landschaft open data — Radondaten Gebäude BL	Kanton Basel-Landschaft open data — Radondaten Gebäude BL	europe_data	opendata	de	che,opendata	86400	Records of the 'Radondaten Gebäude BL' dataset published by Kanton Basel-Landschaft open data.
eur-ods-bl-df5befc9-9d5b-40ae-9310-84db9480f0	https://data.bl.ch/api/explore/v2.1/catalog/datasets/df5befc9-9d5b-40ae-9310-84db9480f044_friedensrichterkreis/records?limit=100	json:results	15	Kanton Basel-Landschaft open data — Friedensrichterkreise	Kanton Basel-Landschaft open data — Friedensrichterkreise	europe_data	opendata	de	che,opendata	86400	Records of the 'Friedensrichterkreise' dataset published by Kanton Basel-Landschaft open data.
eur-ods-bordeaux	https://opendata.bordeaux-metropole.fr/api/explore/v2.1/catalog/datasets?limit=100	json:results	100	Bordeaux Metropole open data — dataset catalogue	Bordeaux Metropole open data — dataset catalogue	europe_data	opendata	fr	fra,opendata,catalogue	86400	Full dataset catalogue of the Bordeaux Metropole open data portal, with dataset ids, themes and record counts.
eur-ods-bretagne	https://data.bretagne.bzh/api/explore/v2.1/catalog/datasets?limit=100	json:results	100	Region Bretagne open data — dataset catalogue	Region Bretagne open data — dataset catalogue	europe_data	opendata	fr	fra,opendata,catalogue	86400	Full dataset catalogue of the Region Bretagne open data portal, with dataset ids, themes and record counts.
eur-ods-bru-bornes-d-eau-potable-gerees-par-la	https://opendata.brussels.be/api/explore/v2.1/catalog/datasets/bornes-d-eau-potable-gerees-par-la-region-drinkwatertappunten-beheerd-door-het-gewest-vivaqua/records?limit=100	json:results	13	Brussels Region open data — Bornes d’eau potable gérées par la Région de Bruxelles-Capitale et situées sur le territoire de la Ville de Bruxelles ou à proximité (source : Vivaqua)	Brussels Region open data — Bornes d’eau potable gérées par la Région de Bruxelles-Capitale et situées sur le territoire de la Ville de Bruxelles ou à proximité (source : Vivaqua)	europe_data	opendata	fr	bel,opendata	86400	Records of the 'Bornes d’eau potable gérées par la Région de Bruxelles-Capitale et situées sur le territoire de la Ville de Bruxelles ou à proximité (source : Vivaqua)' dataset published by Brussels Region open data.
eur-ods-bru-bxl-consommation-energetique	https://opendata.brussels.be/api/explore/v2.1/catalog/datasets/bxl_consommation_energetique/records?limit=100	json:results	18	Brussels Region open data — Consommation énergétique de l'administration communale	Brussels Region open data — Consommation énergétique de l'administration communale	europe_data	opendata	fr	bel,opendata	86400	Records of the 'Consommation énergétique de l'administration communale' dataset published by Brussels Region open data.
eur-ods-bru-bxl-demographie-140306-annee	https://opendata.brussels.be/api/explore/v2.1/catalog/datasets/bxl_demographie_140306_annee/records?limit=100	json:results	15	Brussels Region open data — Statistiques démographiques	Brussels Region open data — Statistiques démographiques	europe_data	opendata	fr	bel,opendata	86400	Records of the 'Statistiques démographiques' dataset published by Brussels Region open data.
eur-ods-bru-cimetieres	https://opendata.brussels.be/api/explore/v2.1/catalog/datasets/cimetieres/records?limit=100	json:results	4	Brussels Region open data — Cimetières	Brussels Region open data — Cimetières	europe_data	opendata	fr	bel,opendata	86400	Records of the 'Cimetières' dataset published by Brussels Region open data.
eur-ods-bru-comites-proprete	https://opendata.brussels.be/api/explore/v2.1/catalog/datasets/comites-proprete/records?limit=100	json:results	11	Brussels Region open data — Comités Propreté	Brussels Region open data — Comités Propreté	europe_data	opendata	fr	bel,opendata	86400	Records of the 'Comités Propreté' dataset published by Brussels Region open data.
eur-ods-bru-informatiedragers-in-de-nederlands	https://opendata.brussels.be/api/explore/v2.1/catalog/datasets/informatiedragers-in-de-nederlandstalige-bibliotheken/records?limit=100	json:results	5	Brussels Region open data — ​Informatiedragers in de Nederlandstalige bibliotheken	Brussels Region open data — ​Informatiedragers in de Nederlandstalige bibliotheken	europe_data	opendata	fr	bel,opendata	86400	Records of the '​Informatiedragers in de Nederlandstalige bibliotheken' dataset published by Brussels Region open data.
eur-ods-bs-100058	https://data.bs.ch/api/explore/v2.1/catalog/datasets/100058/records?limit=100	json:results	100	Kanton Basel-Stadt open data — Ordnungsbussen	Kanton Basel-Stadt open data — Ordnungsbussen	europe_data	opendata	de	che,opendata	86400	Records of the 'Ordnungsbussen' dataset published by Kanton Basel-Stadt open data.
eur-ods-bs-100076	https://data.bs.ch/api/explore/v2.1/catalog/datasets/100076/records?limit=100	json:results	100	Kanton Basel-Stadt open data — Coronavirus (COVID-19): Todesfälle Basel-Stadt nach Alter und Geschlecht	Kanton Basel-Stadt open data — Coronavirus (COVID-19): Todesfälle Basel-Stadt nach Alter und Geschlecht	europe_data	opendata	de	che,opendata	86400	Records of the 'Coronavirus (COVID-19): Todesfälle Basel-Stadt nach Alter und Geschlecht' dataset published by Kanton Basel-Stadt open data.
eur-ods-bs-100125	https://data.bs.ch/api/explore/v2.1/catalog/datasets/100125/records?limit=100	json:results	100	Kanton Basel-Stadt open data — Wohnbevölkerung nach Bezirk	Kanton Basel-Stadt open data — Wohnbevölkerung nach Bezirk	europe_data	opendata	de	che,opendata	86400	Records of the 'Wohnbevölkerung nach Bezirk' dataset published by Kanton Basel-Stadt open data.
eur-ods-bs-100282	https://data.bs.ch/api/explore/v2.1/catalog/datasets/100282/records?limit=100	json:results	20	Kanton Basel-Stadt open data — Resultate der Ständeratswahlen 22. Oktober 2023	Kanton Basel-Stadt open data — Resultate der Ständeratswahlen 22. Oktober 2023	europe_data	opendata	de	che,opendata	86400	Records of the 'Resultate der Ständeratswahlen 22. Oktober 2023' dataset published by Kanton Basel-Stadt open data.
eur-ods-bs-100307	https://data.bs.ch/api/explore/v2.1/catalog/datasets/100307/records?limit=100	json:results	100	Kanton Basel-Stadt open data — Grosser Rat: Ratsmitgliedschaften	Kanton Basel-Stadt open data — Grosser Rat: Ratsmitgliedschaften	europe_data	opendata	de	che,opendata	86400	Records of the 'Grosser Rat: Ratsmitgliedschaften' dataset published by Kanton Basel-Stadt open data.
eur-ods-bs-100380	https://data.bs.ch/api/explore/v2.1/catalog/datasets/100380/records?limit=100	json:results	100	Kanton Basel-Stadt open data — Entwicklung und Zusammenarbeit: Unterstützte Projekte	Kanton Basel-Stadt open data — Entwicklung und Zusammenarbeit: Unterstützte Projekte	europe_data	opendata	de	che,opendata	86400	Records of the 'Entwicklung und Zusammenarbeit: Unterstützte Projekte' dataset published by Kanton Basel-Stadt open data.
eur-ods-bs-100387	https://data.bs.ch/api/explore/v2.1/catalog/datasets/100387/records?limit=100	json:results	3	Kanton Basel-Stadt open data — Kandidierende der Regierungspräsidiumswahlen 20. Oktober 2024	Kanton Basel-Stadt open data — Kandidierende der Regierungspräsidiumswahlen 20. Oktober 2024	europe_data	opendata	de	che,opendata	86400	Records of the 'Kandidierende der Regierungspräsidiumswahlen 20. Oktober 2024' dataset published by Kanton Basel-Stadt open data.
eur-ods-bs-100393	https://data.bs.ch/api/explore/v2.1/catalog/datasets/100393/records?limit=100	json:results	32	Kanton Basel-Stadt open data — Kandidierende der Grossratswahlen 2024 nach Häufigkeit der Kandidatur seit 2008	Kanton Basel-Stadt open data — Kandidierende der Grossratswahlen 2024 nach Häufigkeit der Kandidatur seit 2008	europe_data	opendata	de	che,opendata	86400	Records of the 'Kandidierende der Grossratswahlen 2024 nach Häufigkeit der Kandidatur seit 2008' dataset published by Kanton Basel-Stadt open data.
eur-ods-bzh-aires-et-produits-aocaop-et-igp	https://data.bretagne.bzh/api/explore/v2.1/catalog/datasets/aires-et-produits-aocaop-et-igp/records?limit=100	json:results	100	Region Bretagne open data — Aires et produits AOC/AOP et IGP - Bretagne	Region Bretagne open data — Aires et produits AOC/AOP et IGP - Bretagne	europe_data	opendata	fr	fra,opendata	86400	Records of the 'Aires et produits AOC/AOP et IGP - Bretagne' dataset published by Region Bretagne open data.
eur-ods-bzh-associations-les-donnees-du-journa	https://data.bretagne.bzh/api/explore/v2.1/catalog/datasets/associations-les-donnees-du-journal-officiel-des-associations-et-fondations-dent/records?limit=100	json:results	100	Region Bretagne open data — Répertoire national des associations (RNA) - Région Bretagne	Region Bretagne open data — Répertoire national des associations (RNA) - Région Bretagne	europe_data	opendata	fr	fra,opendata	86400	Records of the 'Répertoire national des associations (RNA) - Région Bretagne' dataset published by Region Bretagne open data.
eur-ods-bzh-canaux-de-bretagne-offices-du-tour	https://data.bretagne.bzh/api/explore/v2.1/catalog/datasets/canaux-de-bretagne-offices-du-tourisme/records?limit=100	json:results	17	Region Bretagne open data — Canaux de Bretagne - Offices du tourisme	Region Bretagne open data — Canaux de Bretagne - Offices du tourisme	europe_data	opendata	fr	fra,opendata	86400	Records of the 'Canaux de Bretagne - Offices du tourisme' dataset published by Region Bretagne open data.
eur-ods-bzh-ips-lycee	https://data.bretagne.bzh/api/explore/v2.1/catalog/datasets/ips-lycee/records?limit=100	json:results	100	Region Bretagne open data — Indices de position sociale des lycées (à partir de 2023) - Région Bretagne	Region Bretagne open data — Indices de position sociale des lycées (à partir de 2023) - Région Bretagne	europe_data	opendata	fr	fra,opendata	86400	Records of the 'Indices de position sociale des lycées (à partir de 2023) - Région Bretagne' dataset published by Region Bretagne open data.
eur-ods-bzh-korrigo	https://data.bretagne.bzh/api/explore/v2.1/catalog/datasets/korrigo/records?limit=100	json:results	1	Region Bretagne open data — Base de données multimodale transports publics en Bretagne - Korrigo- GTFS	Region Bretagne open data — Base de données multimodale transports publics en Bretagne - Korrigo- GTFS	europe_data	opendata	fr	fra,opendata	86400	Records of the 'Base de données multimodale transports publics en Bretagne - Korrigo- GTFS' dataset published by Region Bretagne open data.
eur-ods-bzh-lannion-tilt	https://data.bretagne.bzh/api/explore/v2.1/catalog/datasets/lannion-tilt/records?limit=100	json:results	1	Region Bretagne open data — Tilt - Lannion-Trégor Communauté	Region Bretagne open data — Tilt - Lannion-Trégor Communauté	europe_data	opendata	fr	fra,opendata	86400	Records of the 'Tilt - Lannion-Trégor Communauté' dataset published by Region Bretagne open data.
eur-ods-bzh-lineotim	https://data.bretagne.bzh/api/explore/v2.1/catalog/datasets/lineotim/records?limit=100	json:results	1	Region Bretagne open data — Linéotim - Morlaix Communauté	Region Bretagne open data — Linéotim - Morlaix Communauté	europe_data	opendata	fr	fra,opendata	86400	Records of the 'Linéotim - Morlaix Communauté' dataset published by Region Bretagne open data.
eur-ods-cvl	https://data.centrevaldeloire.fr/api/explore/v2.1/catalog/datasets?limit=100	json:results	100	Region Centre-Val de Loire open data — dataset catalogue	Region Centre-Val de Loire open data — dataset catalogue	europe_data	opendata	fr	fra,opendata,catalogue	86400	Full dataset catalogue of the Region Centre-Val de Loire open data portal, with dataset ids, themes and record counts.
eur-ods-datahub	https://data.opendatasoft.com/api/explore/v2.1/catalog/datasets?limit=100	json:results	100	Opendatasoft Data Hub — dataset catalogue	Opendatasoft Data Hub — dataset catalogue	europe_data	opendata	en	int,opendata,catalogue	86400	Full dataset catalogue of the Opendatasoft Data Hub portal, with dataset ids, themes and record counts.
eur-ods-econ-concession-de-service-public-gesti	https://data.economie.gouv.fr/api/explore/v2.1/catalog/datasets/concession-de-service-public-gestion-et-le-developpement-du-domaine-internet-de-premier-niveau-pour-le-mq-martinique/records?limit=100	json:results	15	French Ministry of Economy and Finance open data — Concession de service public - Désignation office enregistrement - Gestion et développement du domaine Internet de premier niveau pour le .mq (Martinique)	French Ministry of Economy and Finance open data — Concession de service public - Désignation office enregistrement - Gestion et développement du domaine Internet de premier niveau pour le .mq (Martinique)	europe_data	opendata	fr	fra,opendata	86400	Records of the 'Concession de service public - Désignation office enregistrement - Gestion et développement du domaine Internet de premier niveau pour le .mq (Martinique)' dataset published by French Ministry of Economy and Finance open data.
eur-ods-econ-plf25-ressources-et-charges-selon	https://data.economie.gouv.fr/api/explore/v2.1/catalog/datasets/plf25-ressources-et-charges-selon-distinction-fonctionnement-et-investissement/records?limit=100	json:results	30	French Ministry of Economy and Finance open data — PLF 2025 - Ressources et charges selon distinction fonctionnement et investissement	French Ministry of Economy and Finance open data — PLF 2025 - Ressources et charges selon distinction fonctionnement et investissement	europe_data	opendata	fr	fra,opendata	86400	Records of the 'PLF 2025 - Ressources et charges selon distinction fonctionnement et investissement' dataset published by French Ministry of Economy and Finance open data.
eur-ods-economie	https://data.economie.gouv.fr/api/explore/v2.1/catalog/datasets?limit=100	json:results	100	French Ministry of Economy and Finance open data — dataset catalogue	French Ministry of Economy and Finance open data — dataset catalogue	europe_data	opendata	fr	fra,opendata,catalogue	86400	Full dataset catalogue of the French Ministry of Economy and Finance open data portal, with dataset ids, themes and record counts.
eur-ods-gent	https://data.stad.gent/api/explore/v2.1/catalog/datasets?limit=100	json:results	100	City of Ghent open data — dataset catalogue	City of Ghent open data — dataset catalogue	europe_data	opendata	nl	bel,opendata,catalogue	86400	Full dataset catalogue of the City of Ghent open data portal, with dataset ids, themes and record counts.
eur-ods-gent-bloklocaties-gent	https://data.stad.gent/api/explore/v2.1/catalog/datasets/bloklocaties-gent/records?limit=100	json:results	48	City of Ghent open data — Bloklocaties Gent	City of Ghent open data — Bloklocaties Gent	europe_data	opendata	nl	bel,opendata	86400	Records of the 'Bloklocaties Gent' dataset published by City of Ghent open data.
eur-ods-gent-donkey-republic-deelfietsen-prijze	https://data.stad.gent/api/explore/v2.1/catalog/datasets/donkey-republic-deelfietsen-prijzen/records?limit=100	json:results	9	City of Ghent open data — Donkey Republic deelfietsen prijzen Gent	City of Ghent open data — Donkey Republic deelfietsen prijzen Gent	europe_data	opendata	nl	bel,opendata	86400	Records of the 'Donkey Republic deelfietsen prijzen Gent' dataset published by City of Ghent open data.
eur-ods-gent-duurzame-voeding-gent	https://data.stad.gent/api/explore/v2.1/catalog/datasets/duurzame-voeding-gent/records?limit=100	json:results	27	City of Ghent open data — Duurzame voeding - Gent	City of Ghent open data — Duurzame voeding - Gent	europe_data	opendata	nl	bel,opendata	86400	Records of the 'Duurzame voeding - Gent' dataset published by City of Ghent open data.
eur-ods-gent-inname-openbaar-domein-werken-gent	https://data.stad.gent/api/explore/v2.1/catalog/datasets/inname-openbaar-domein-werken-gent/records?limit=100	json:results	100	City of Ghent open data — Inname openbaar domein (werken) Gent	City of Ghent open data — Inname openbaar domein (werken) Gent	europe_data	opendata	nl	bel,opendata	86400	Records of the 'Inname openbaar domein (werken) Gent' dataset published by City of Ghent open data.
eur-ods-gent-locaties-bioscopen-gent	https://data.stad.gent/api/explore/v2.1/catalog/datasets/locaties-bioscopen-gent/records?limit=100	json:results	3	City of Ghent open data — Locaties bioscopen Gent	City of Ghent open data — Locaties bioscopen Gent	europe_data	opendata	nl	bel,opendata	86400	Records of the 'Locaties bioscopen Gent' dataset published by City of Ghent open data.
eur-ods-gent-schoolstraten-gent	https://data.stad.gent/api/explore/v2.1/catalog/datasets/schoolstraten-gent/records?limit=100	json:results	12	City of Ghent open data — Schoolstraten Gent	City of Ghent open data — Schoolstraten Gent	europe_data	opendata	nl	bel,opendata	86400	Records of the 'Schoolstraten Gent' dataset published by City of Ghent open data.
eur-ods-gent-wegen-north-sea-port	https://data.stad.gent/api/explore/v2.1/catalog/datasets/wegen-north-sea-port/records?limit=100	json:results	100	City of Ghent open data — Wegen North Sea Port	City of Ghent open data — Wegen North Sea Port	europe_data	opendata	nl	bel,opendata	86400	Records of the 'Wegen North Sea Port' dataset published by City of Ghent open data.
eur-ods-idf-chomage-nombre-de-chomeurs-exhaust	https://data.iledefrance.fr/api/explore/v2.1/catalog/datasets/chomage-nombre-de-chomeurs-exhaustif-des-communes-dile-de-france-donnee-insee/records?limit=100	json:results	100	Region Ile-de-France open data — Chômage : nombre de chômeurs (exhaustif) des communes d'Île-de-France (Donnée Insee)	Region Ile-de-France open data — Chômage : nombre de chômeurs (exhaustif) des communes d'Île-de-France (Donnée Insee)	europe_data	opendata	fr	fra,opendata	86400	Records of the 'Chômage : nombre de chômeurs (exhaustif) des communes d'Île-de-France (Donnée Insee)' dataset published by Region Ile-de-France open data.
eur-ods-idf-emprise-des-parcs-et-jardins-geres	https://data.iledefrance.fr/api/explore/v2.1/catalog/datasets/emprise-des-parcs-et-jardins-geres-par-le-conseil-general-des-hauts-de-seine/records?limit=100	json:results	100	Region Ile-de-France open data — Emprises de gestion des parcs et jardins - Hauts-de-Seine	Region Ile-de-France open data — Emprises de gestion des parcs et jardins - Hauts-de-Seine	europe_data	opendata	fr	fra,opendata	86400	Records of the 'Emprises de gestion des parcs et jardins - Hauts-de-Seine' dataset published by Region Ile-de-France open data.
eur-ods-idf-formations-sanitaires-sociales	https://data.iledefrance.fr/api/explore/v2.1/catalog/datasets/formations-sanitaires-sociales/records?limit=100	json:results	100	Region Ile-de-France open data — Formations sanitaires et sociales	Region Ile-de-France open data — Formations sanitaires et sociales	europe_data	opendata	fr	fra,opendata	86400	Records of the 'Formations sanitaires et sociales' dataset published by Region Ile-de-France open data.
eur-ods-idf-sections-des-continuites-ecologiqu	https://data.iledefrance.fr/api/explore/v2.1/catalog/datasets/sections-des-continuites-ecologiques-coupures-durbanisation-liaisons-agricoles-0/records?limit=100	json:results	100	Region Ile-de-France open data — Sections des continuités écologiques, coupures d'urbanisation, liaisons agricoles ou liaisons vertes localisées d'Île-de-France sur la CDGT du Sdrif approuvé par décret le 27 décembre 2013	Region Ile-de-France open data — Sections des continuités écologiques, coupures d'urbanisation, liaisons agricoles ou liaisons vertes localisées d'Île-de-France sur la CDGT du Sdrif approuvé par décret le 27 décembre 2013	europe_data	opendata	fr	fra,opendata	86400	Records of the 'Sections des continuités écologiques, coupures d'urbanisation, liaisons agricoles ou liaisons vertes localisées d'Île-de-France sur la CDGT du Sdrif approuvé par décret le 27 décembre 2013' dataset published by Region Ile-de-France open data.
eur-ods-idfm-actualites-locales-idfm	https://data.iledefrance-mobilites.fr/api/explore/v2.1/catalog/datasets/actualites_locales_idfm/records?limit=100	json:results	100	Ile-de-France Mobilites open data — Actualités locales Île-de-France Mobilités	Ile-de-France Mobilites open data — Actualités locales Île-de-France Mobilités	europe_data	opendata	fr	fra,opendata	86400	Records of the 'Actualités locales Île-de-France Mobilités' dataset published by Ile-de-France Mobilites open data.
eur-ods-idfm-gares-routieres-idf	https://data.iledefrance-mobilites.fr/api/explore/v2.1/catalog/datasets/gares-routieres-idf/records?limit=100	json:results	100	Ile-de-France Mobilites open data — Eco-stations Bus en Île-de-France	Ile-de-France Mobilites open data — Eco-stations Bus en Île-de-France	europe_data	opendata	fr	fra,opendata	86400	Records of the 'Eco-stations Bus en Île-de-France' dataset published by Ile-de-France Mobilites open data.
eur-ods-idfm-sanitaires-reseau-ratp	https://data.iledefrance-mobilites.fr/api/explore/v2.1/catalog/datasets/sanitaires-reseau-ratp/records?limit=100	json:results	48	Ile-de-France Mobilites open data — Toilettes publiques dans le réseau RATP	Ile-de-France Mobilites open data — Toilettes publiques dans le réseau RATP	europe_data	opendata	fr	fra,opendata	86400	Records of the 'Toilettes publiques dans le réseau RATP' dataset published by Ile-de-France Mobilites open data.
eur-ods-idfm-schema-gares-pf	https://data.iledefrance-mobilites.fr/api/explore/v2.1/catalog/datasets/schema_gares-pf/records?limit=100	json:results	100	Ile-de-France Mobilites open data — Gares et stations du réseau ferré schématique d'Île-de-France (petit format)	Ile-de-France Mobilites open data — Gares et stations du réseau ferré schématique d'Île-de-France (petit format)	europe_data	opendata	fr	fra,opendata	86400	Records of the 'Gares et stations du réseau ferré schématique d'Île-de-France (petit format)' dataset published by Ile-de-France Mobilites open data.
eur-ods-idfm-traces-des-lignes-de-transport-en	https://data.iledefrance-mobilites.fr/api/explore/v2.1/catalog/datasets/traces-des-lignes-de-transport-en-commun-idfm/records?limit=100	json:results	100	Ile-de-France Mobilites open data — Tracés des lignes de transport en commun d'Île-de-France (source GTFS)	Ile-de-France Mobilites open data — Tracés des lignes de transport en commun d'Île-de-France (source GTFS)	europe_data	opendata	fr	fra,opendata	86400	Records of the 'Tracés des lignes de transport en commun d'Île-de-France (source GTFS)' dataset published by Ile-de-France Mobilites open data.
eur-ods-idfm-validations-reseau-ferre-profils-h	https://data.iledefrance-mobilites.fr/api/explore/v2.1/catalog/datasets/validations-reseau-ferre-profils-horaires-par-jour-type-3eme-trimestre/records?limit=100	json:results	100	Ile-de-France Mobilites open data — Validations sur le réseau ferré : Profils horaires par jour type (3ème trimestre 2025)	Ile-de-France Mobilites open data — Validations sur le réseau ferré : Profils horaires par jour type (3ème trimestre 2025)	europe_data	opendata	fr	fra,opendata	86400	Records of the 'Validations sur le réseau ferré : Profils horaires par jour type (3ème trimestre 2025)' dataset published by Ile-de-France Mobilites open data.
eur-ods-idfm-validations-reseau-surface-nombre	https://data.iledefrance-mobilites.fr/api/explore/v2.1/catalog/datasets/validations-reseau-surface-nombre-validations-par-jour-1er-trimestre/records?limit=100	json:results	100	Ile-de-France Mobilites open data — Validations sur le réseau de surface : Nombre de validations par jour (1er trimestre 2025)	Ile-de-France Mobilites open data — Validations sur le réseau de surface : Nombre de validations par jour (1er trimestre 2025)	europe_data	opendata	fr	fra,opendata	86400	Records of the 'Validations sur le réseau de surface : Nombre de validations par jour (1er trimestre 2025)' dataset published by Ile-de-France Mobilites open data.
eur-ods-iledefrance	https://data.iledefrance.fr/api/explore/v2.1/catalog/datasets?limit=100	json:results	100	Region Ile-de-France open data — dataset catalogue	Region Ile-de-France open data — dataset catalogue	europe_data	opendata	fr	fra,opendata,catalogue	86400	Full dataset catalogue of the Region Ile-de-France open data portal, with dataset ids, themes and record counts.
eur-ods-issy	https://data.issy.com/api/explore/v2.1/catalog/datasets?limit=100	json:results	100	Issy-les-Moulineaux open data — dataset catalogue	Issy-les-Moulineaux open data — dataset catalogue	europe_data	opendata	fr	fra,opendata,catalogue	86400	Full dataset catalogue of the Issy-les-Moulineaux open data portal, with dataset ids, themes and record counts.
eur-ods-issy-bornes-de-recharge-electriques-acc	https://data.issy.com/api/explore/v2.1/catalog/datasets/bornes-de-recharge-electriques-accessibles-au-grand-public/records?limit=100	json:results	100	Issy-les-Moulineaux open data — Bornes de recharge électriques accessibles au grand public	Issy-les-Moulineaux open data — Bornes de recharge électriques accessibles au grand public	europe_data	opendata	fr	fra,opendata	86400	Records of the 'Bornes de recharge électriques accessibles au grand public' dataset published by Issy-les-Moulineaux open data.
eur-ods-issy-composteur-pavillon	https://data.issy.com/api/explore/v2.1/catalog/datasets/composteur-pavillon/records?limit=100	json:results	14	Issy-les-Moulineaux open data — Composteurs en pavillon à Issy-les-Moulineaux	Issy-les-Moulineaux open data — Composteurs en pavillon à Issy-les-Moulineaux	europe_data	opendata	fr	fra,opendata	86400	Records of the 'Composteurs en pavillon à Issy-les-Moulineaux' dataset published by Issy-les-Moulineaux open data.
eur-ods-issy-conseillers-info-energie	https://data.issy.com/api/explore/v2.1/catalog/datasets/conseillers-info-energie/records?limit=100	json:results	8	Issy-les-Moulineaux open data — Permanence conseil énergie FAIRE sur Grand Paris Seine Ouest	Issy-les-Moulineaux open data — Permanence conseil énergie FAIRE sur Grand Paris Seine Ouest	europe_data	opendata	fr	fra,opendata	86400	Records of the 'Permanence conseil énergie FAIRE sur Grand Paris Seine Ouest' dataset published by Issy-les-Moulineaux open data.
eur-ods-issy-gpe-gar-ligne15sud	https://data.issy.com/api/explore/v2.1/catalog/datasets/gpe_gar_ligne15sud/records?limit=100	json:results	16	Issy-les-Moulineaux open data — Points de localisation des gares de la ligne 15 sud du Grand Paris Express	Issy-les-Moulineaux open data — Points de localisation des gares de la ligne 15 sud du Grand Paris Express	europe_data	opendata	fr	fra,opendata	86400	Records of the 'Points de localisation des gares de la ligne 15 sud du Grand Paris Express' dataset published by Issy-les-Moulineaux open data.
eur-ods-issy-les-parcs-et-jardins-a-issy-les-mo	https://data.issy.com/api/explore/v2.1/catalog/datasets/les-parcs-et-jardins-a-issy-les-moulineaux/records?limit=100	json:results	36	Issy-les-Moulineaux open data — Parcs, jardins et squares à Issy-les-Moulineaux	Issy-les-Moulineaux open data — Parcs, jardins et squares à Issy-les-Moulineaux	europe_data	opendata	fr	fra,opendata	86400	Records of the 'Parcs, jardins et squares à Issy-les-Moulineaux' dataset published by Issy-les-Moulineaux open data.
eur-ods-issy-stations-de-gonflage-velos	https://data.issy.com/api/explore/v2.1/catalog/datasets/stations-de-gonflage-velos/records?limit=100	json:results	10	Issy-les-Moulineaux open data — Stations de gonflage pour vélos à Issy-les-Moulineaux	Issy-les-Moulineaux open data — Stations de gonflage pour vélos à Issy-les-Moulineaux	europe_data	opendata	fr	fra,opendata	86400	Records of the 'Stations de gonflage pour vélos à Issy-les-Moulineaux' dataset published by Issy-les-Moulineaux open data.
eur-ods-laregion	https://data.laregion.fr/api/explore/v2.1/catalog/datasets?limit=100	json:results	100	Region Occitanie open data — dataset catalogue	Region Occitanie open data — dataset catalogue	europe_data	opendata	fr	fra,opendata,catalogue	86400	Full dataset catalogue of the Region Occitanie open data portal, with dataset ids, themes and record counts.
eur-ods-laregion-consultation-lycee-de-demain	https://data.laregion.fr/api/explore/v2.1/catalog/datasets/consultation-lycee-de-demain/records?limit=100	json:results	100	Region Occitanie open data — Consultation lycée de demain	Region Occitanie open data — Consultation lycée de demain	europe_data	opendata	fr	fra,opendata	86400	Records of the 'Consultation lycée de demain' dataset published by Region Occitanie open data.
eur-ods-laregion-contrat-de-projets-etat-region-mas	https://data.laregion.fr/api/explore/v2.1/catalog/datasets/contrat-de-projets-etat-region-massif-central/records?limit=100	json:results	1	Region Occitanie open data — ​Contrat de Projets Etat - Région Massif Central	Region Occitanie open data — ​Contrat de Projets Etat - Région Massif Central	europe_data	opendata	fr	fra,opendata	86400	Records of the '​Contrat de Projets Etat - Région Massif Central' dataset published by Region Occitanie open data.
eur-ods-laregion-gares-routieres-autocar-en-occitan	https://data.laregion.fr/api/explore/v2.1/catalog/datasets/gares-routieres-autocar-en-occitanie/records?limit=100	json:results	3	Region Occitanie open data — Gares routières autocar en Occitanie	Region Occitanie open data — Gares routières autocar en Occitanie	europe_data	opendata	fr	fra,opendata	86400	Records of the 'Gares routières autocar en Occitanie' dataset published by Region Occitanie open data.
eur-ods-laregion-individus-presumes-emigres-revolut	https://data.laregion.fr/api/explore/v2.1/catalog/datasets/individus_presumes_emigres_revolution_francaise/records?limit=100	json:results	100	Region Occitanie open data — Individus présumés émigrés pendant la Révolution française (1791-1815)	Region Occitanie open data — Individus présumés émigrés pendant la Révolution française (1791-1815)	europe_data	opendata	fr	fra,opendata	86400	Records of the 'Individus présumés émigrés pendant la Révolution française (1791-1815)' dataset published by Region Occitanie open data.
eur-ods-laregion-scot-occitanie	https://data.laregion.fr/api/explore/v2.1/catalog/datasets/scot-occitanie/records?limit=100	json:results	57	Region Occitanie open data — Scot Occitanie	Region Occitanie open data — Scot Occitanie	europe_data	opendata	fr	fra,opendata	86400	Records of the 'Scot Occitanie' dataset published by Region Occitanie open data.
eur-ods-lda-224400028-budget-primitif-budget-a	https://data.loire-atlantique.fr/api/explore/v2.1/catalog/datasets/224400028_budget-primitif-budget-annexe-numerique/records?limit=100	json:results	100	Departement de Loire-Atlantique open data — Budgets primitifs et supplémentaires, et décisions modificatives du budget annexe du Département de Loire-Atlantique : Numérique	Departement de Loire-Atlantique open data — Budgets primitifs et supplémentaires, et décisions modificatives du budget annexe du Département de Loire-Atlantique : Numérique	europe_data	opendata	fr	fra,opendata	86400	Records of the 'Budgets primitifs et supplémentaires, et décisions modificatives du budget annexe du Département de Loire-Atlantique : Numérique' dataset published by Departement de Loire-Atlantique open data.
eur-ods-lda-224400028-contributions-participat	https://data.loire-atlantique.fr/api/explore/v2.1/catalog/datasets/224400028_contributions-participation-amenagement-port-laturballe/records?limit=100	json:results	100	Departement de Loire-Atlantique open data — Contributions de la concertation réglementaire relative au projet d’aménagement du port de La Turballe conduit par le Département de Loire-Atlantique	Departement de Loire-Atlantique open data — Contributions de la concertation réglementaire relative au projet d’aménagement du port de La Turballe conduit par le Département de Loire-Atlantique	europe_data	opendata	fr	fra,opendata	86400	Records of the 'Contributions de la concertation réglementaire relative au projet d’aménagement du port de La Turballe conduit par le Département de Loire-Atlantique' dataset published by Departement de Loire-Atlantique open data.
eur-ods-lda-224400028-donnees-essentielles-com	https://data.loire-atlantique.fr/api/explore/v2.1/catalog/datasets/224400028_donnees-essentielles-commande-publique-departement-loire-atlantique/records?limit=100	json:results	100	Departement de Loire-Atlantique open data — Marchés publics : données essentielles de la commande publique du Département de Loire-Atlantique	Departement de Loire-Atlantique open data — Marchés publics : données essentielles de la commande publique du Département de Loire-Atlantique	europe_data	opendata	fr	fra,opendata	86400	Records of the 'Marchés publics : données essentielles de la commande publique du Département de Loire-Atlantique' dataset published by Departement de Loire-Atlantique open data.
eur-ods-lda-224400028-nb-aides-educ-admin-sout	https://data.loire-atlantique.fr/api/explore/v2.1/catalog/datasets/224400028_nb-aides-educ-admin-soutien-educatif-domicile-par-epci/records?limit=100	json:results	100	Departement de Loire-Atlantique open data — Aides éducatives administratives - Soutien éducatif à domicile en Loire-Atlantique par EPCI	Departement de Loire-Atlantique open data — Aides éducatives administratives - Soutien éducatif à domicile en Loire-Atlantique par EPCI	europe_data	opendata	fr	fra,opendata	86400	Records of the 'Aides éducatives administratives - Soutien éducatif à domicile en Loire-Atlantique par EPCI' dataset published by Departement de Loire-Atlantique open data.
eur-ods-lda-224400028-nb-consult-enfants-prote	https://data.loire-atlantique.fr/api/explore/v2.1/catalog/datasets/224400028_nb-consult-enfants-protection-maternelle-infantile-par-commune/records?limit=100	json:results	100	Departement de Loire-Atlantique open data — Enfants vus en consultation de Protection Maternelle et Infantile en Loire-Atlantique par commune	Departement de Loire-Atlantique open data — Enfants vus en consultation de Protection Maternelle et Infantile en Loire-Atlantique par commune	europe_data	opendata	fr	fra,opendata	86400	Records of the 'Enfants vus en consultation de Protection Maternelle et Infantile en Loire-Atlantique par commune' dataset published by Departement de Loire-Atlantique open data.
eur-ods-lda-224400028-pistes-cyclables-en-loir	https://data.loire-atlantique.fr/api/explore/v2.1/catalog/datasets/224400028_pistes-cyclables-en-loire-atlantique/records?limit=100	json:results	79	Departement de Loire-Atlantique open data — Pistes cyclables départementales en Loire-Atlantique	Departement de Loire-Atlantique open data — Pistes cyclables départementales en Loire-Atlantique	europe_data	opendata	fr	fra,opendata	86400	Records of the 'Pistes cyclables départementales en Loire-Atlantique' dataset published by Departement de Loire-Atlantique open data.
eur-ods-lda-224400028-suivi-qualite-eaux-super	https://data.loire-atlantique.fr/api/explore/v2.1/catalog/datasets/224400028_suivi-qualite-eaux-superficielles-loire-atlantique-stations-departemen/records?limit=100	json:results	100	Departement de Loire-Atlantique open data — Suivi qualité des eaux superficielles en Loire-Atlantique – stations du réseau départemental	Departement de Loire-Atlantique open data — Suivi qualité des eaux superficielles en Loire-Atlantique – stations du réseau départemental	europe_data	opendata	fr	fra,opendata	86400	Records of the 'Suivi qualité des eaux superficielles en Loire-Atlantique – stations du réseau départemental' dataset published by Departement de Loire-Atlantique open data.
eur-ods-lda-395131295-clubs-de-gymnastique-en	https://data.loire-atlantique.fr/api/explore/v2.1/catalog/datasets/395131295_clubs-de-gymnastique-en-loire-atlantique/records?limit=100	json:results	23	Departement de Loire-Atlantique open data — Clubs de gymnastique en Loire-Atlantique	Departement de Loire-Atlantique open data — Clubs de gymnastique en Loire-Atlantique	europe_data	opendata	fr	fra,opendata	86400	Records of the 'Clubs de gymnastique en Loire-Atlantique' dataset published by Departement de Loire-Atlantique open data.
eur-ods-loireatlantique	https://data.loire-atlantique.fr/api/explore/v2.1/catalog/datasets?limit=100	json:results	100	Departement de Loire-Atlantique open data — dataset catalogue	Departement de Loire-Atlantique open data — dataset catalogue	europe_data	opendata	fr	fra,opendata,catalogue	86400	Full dataset catalogue of the Departement de Loire-Atlantique open data portal, with dataset ids, themes and record counts.
eur-ods-namur	https://data.namur.be/api/explore/v2.1/catalog/datasets?limit=100	json:results	100	Ville de Namur open data — dataset catalogue	Ville de Namur open data — dataset catalogue	europe_data	opendata	fr	bel,opendata,catalogue	86400	Full dataset catalogue of the Ville de Namur open data portal, with dataset ids, themes and record counts.
eur-ods-namur-carte1-espvie	https://data.namur.be/api/explore/v2.1/catalog/datasets/carte1-espvie/records?limit=100	json:results	46	Ville de Namur open data — Namur - Population - Espérance de vie - Ecart par quartier et celle de l'ensemble de la commune	Ville de Namur open data — Namur - Population - Espérance de vie - Ecart par quartier et celle de l'ensemble de la commune	europe_data	opendata	fr	bel,opendata	86400	Records of the 'Namur - Population - Espérance de vie - Ecart par quartier et celle de l'ensemble de la commune' dataset published by Ville de Namur open data.
eur-ods-namur-cim-sepultures-sihl-citoyen	https://data.namur.be/api/explore/v2.1/catalog/datasets/cim-sepultures-sihl-citoyen/records?limit=100	json:results	100	Ville de Namur open data — Namur - Cimetières - Inventaire des SIHL	Ville de Namur open data — Namur - Cimetières - Inventaire des SIHL	europe_data	opendata	fr	bel,opendata	86400	Records of the 'Namur - Cimetières - Inventaire des SIHL' dataset published by Ville de Namur open data.
eur-ods-namur-namur-balades-nature	https://data.namur.be/api/explore/v2.1/catalog/datasets/namur-balades-nature/records?limit=100	json:results	9	Ville de Namur open data — Namur - Balades Nature	Ville de Namur open data — Namur - Balades Nature	europe_data	opendata	fr	bel,opendata	86400	Records of the 'Namur - Balades Nature' dataset published by Ville de Namur open data.
eur-ods-namur-namur-budget-extraordinaire-prelev	https://data.namur.be/api/explore/v2.1/catalog/datasets/namur-budget-extraordinaire-prelevements-et-anterieures/records?limit=100	json:results	13	Ville de Namur open data — Namur - Budget Extraordinaire - Prélèvements et antérieures	Ville de Namur open data — Namur - Budget Extraordinaire - Prélèvements et antérieures	europe_data	opendata	fr	bel,opendata	86400	Records of the 'Namur - Budget Extraordinaire - Prélèvements et antérieures' dataset published by Ville de Namur open data.
eur-ods-namur-namur-college-communal	https://data.namur.be/api/explore/v2.1/catalog/datasets/namur-college-communal/records?limit=100	json:results	11	Ville de Namur open data — Namur - Collège communal	Ville de Namur open data — Namur - Collège communal	europe_data	opendata	fr	bel,opendata	86400	Records of the 'Namur - Collège communal' dataset published by Ville de Namur open data.
eur-ods-namur-namur-plan-de-secteur-affectations	https://data.namur.be/api/explore/v2.1/catalog/datasets/namur-plan-de-secteur-affectations/records?limit=100	json:results	100	Ville de Namur open data — Namur - Plan de secteur - Affectations	Ville de Namur open data — Namur - Plan de secteur - Affectations	europe_data	opendata	fr	bel,opendata	86400	Records of the 'Namur - Plan de secteur - Affectations' dataset published by Ville de Namur open data.
eur-ods-namur-population-mouv-indic-tbnatalite	https://data.namur.be/api/explore/v2.1/catalog/datasets/population_mouv_indic_tbnatalite/records?limit=100	json:results	100	Ville de Namur open data — Namur - Mouvement de population - Taux de natalité	Ville de Namur open data — Namur - Mouvement de population - Taux de natalité	europe_data	opendata	fr	bel,opendata	86400	Records of the 'Namur - Mouvement de population - Taux de natalité' dataset published by Ville de Namur open data.
eur-ods-namur-regionsgeweste-belgium	https://data.namur.be/api/explore/v2.1/catalog/datasets/regionsgeweste-belgium/records?limit=100	json:results	3	Ville de Namur open data — Limites administratives - Régions Belges	Ville de Namur open data — Limites administratives - Régions Belges	europe_data	opendata	fr	bel,opendata	86400	Records of the 'Limites administratives - Régions Belges' dataset published by Ville de Namur open data.
eur-ods-nantes	https://data.nantesmetropole.fr/api/explore/v2.1/catalog/datasets?limit=100	json:results	100	Nantes Metropole open data — dataset catalogue	Nantes Metropole open data — dataset catalogue	europe_data	opendata	fr	fra,opendata,catalogue	86400	Full dataset catalogue of the Nantes Metropole open data portal, with dataset ids, themes and record counts.
eur-ods-nantes-244400404-ilot-fraicheur-nantes-me	https://data.nantesmetropole.fr/api/explore/v2.1/catalog/datasets/244400404_ilot-fraicheur-nantes-metropole/records?limit=100	json:results	100	Nantes Metropole open data — Ilots de fraîcheur de Nantes Métropole	Nantes Metropole open data — Ilots de fraîcheur de Nantes Métropole	europe_data	opendata	fr	fra,opendata	86400	Records of the 'Ilots de fraîcheur de Nantes Métropole' dataset published by Nantes Metropole open data.
eur-ods-nantes-244400404-nombre-annuel-naissances	https://data.nantesmetropole.fr/api/explore/v2.1/catalog/datasets/244400404_nombre-annuel-naissances-nantes/records?limit=100	json:results	100	Nantes Metropole open data — Nombre annuel de naissances à Nantes	Nantes Metropole open data — Nombre annuel de naissances à Nantes	europe_data	opendata	fr	fra,opendata	86400	Records of the 'Nombre annuel de naissances à Nantes' dataset published by Nantes Metropole open data.
eur-ods-nantes-323266205-episodes-pollution-air-l	https://data.nantesmetropole.fr/api/explore/v2.1/catalog/datasets/323266205_episodes-pollution-air-loire-atlantique/records?limit=100	json:results	9	Nantes Metropole open data — Épisodes de pollution de l'air en Loire Atlantique sur prévision pour le jour même (J) et le lendemain (J+1) ou sur constat pour la veille (J-1)	Nantes Metropole open data — Épisodes de pollution de l'air en Loire Atlantique sur prévision pour le jour même (J) et le lendemain (J+1) ou sur constat pour la veille (J-1)	europe_data	opendata	fr	fra,opendata	86400	Records of the 'Épisodes de pollution de l'air en Loire Atlantique sur prévision pour le jour même (J) et le lendemain (J+1) ou sur constat pour la veille (J-1)' dataset published by Nantes Metropole open data.
eur-ods-odre	https://odre.opendatasoft.com/api/explore/v2.1/catalog/datasets?limit=100	json:results	100	Open Data Reseaux Energies — dataset catalogue	Open Data Reseaux Energies — dataset catalogue	europe_data	opendata	fr	fra,opendata,catalogue	86400	Full dataset catalogue of the Open Data Reseaux Energies portal, with dataset ids, themes and record counts.
eur-ods-odre-consommation-annuelle-brute	https://odre.opendatasoft.com/api/explore/v2.1/catalog/datasets/consommation-annuelle-brute/records?limit=100	json:results	25	Open Data Reseaux Energies — Consommation annuelle brute	Open Data Reseaux Energies — Consommation annuelle brute	europe_data	opendata	fr	fra,opendata	86400	Records of the 'Consommation annuelle brute' dataset published by Open Data Reseaux Energies.
eur-ods-odre-consommation-journaliere-maximale	https://odre.opendatasoft.com/api/explore/v2.1/catalog/datasets/consommation-journaliere-maximale-de-gaz-maille-nationale/records?limit=100	json:results	100	Open Data Reseaux Energies — Extremas de consommation quotidienne définitive de gaz relevée sur le réseau de NaTran et Teréga	Open Data Reseaux Energies — Extremas de consommation quotidienne définitive de gaz relevée sur le réseau de NaTran et Teréga	europe_data	opendata	fr	fra,opendata	86400	Records of the 'Extremas de consommation quotidienne définitive de gaz relevée sur le réseau de NaTran et Teréga' dataset published by Open Data Reseaux Energies.
eur-ods-odre-debit-quotidien-stockages-gaz	https://odre.opendatasoft.com/api/explore/v2.1/catalog/datasets/debit-quotidien-stockages-gaz/records?limit=100	json:results	100	Open Data Reseaux Energies — Débit quotidien des stockages de gaz (à partir de novembre 2010)	Open Data Reseaux Energies — Débit quotidien des stockages de gaz (à partir de novembre 2010)	europe_data	opendata	fr	fra,opendata	86400	Records of the 'Débit quotidien des stockages de gaz (à partir de novembre 2010)' dataset published by Open Data Reseaux Energies.
eur-ods-odre-equilibre-national-mensuel-rpt-inj	https://odre.opendatasoft.com/api/explore/v2.1/catalog/datasets/equilibre-national-mensuel-rpt-injection-soutirage/records?limit=100	json:results	100	Open Data Reseaux Energies — Equilibre national mensuel RPT injection = soutirage	Open Data Reseaux Energies — Equilibre national mensuel RPT injection = soutirage	europe_data	opendata	fr	fra,opendata	86400	Records of the 'Equilibre national mensuel RPT injection = soutirage' dataset published by Open Data Reseaux Energies.
eur-ods-odre-odre-ptc-gaz	https://odre.opendatasoft.com/api/explore/v2.1/catalog/datasets/odre-ptc-gaz/records?limit=100	json:results	100	Open Data Reseaux Energies — Programme Travaux Communs des Opérateurs Gaziers	Open Data Reseaux Energies — Programme Travaux Communs des Opérateurs Gaziers	europe_data	opendata	fr	fra,opendata	86400	Records of the 'Programme Travaux Communs des Opérateurs Gaziers' dataset published by Open Data Reseaux Energies.
eur-ods-odre-parc-prod-par-filiere	https://odre.opendatasoft.com/api/explore/v2.1/catalog/datasets/parc-prod-par-filiere/records?limit=100	json:results	19	Open Data Reseaux Energies — Parc national annuel de production par filière	Open Data Reseaux Energies — Parc national annuel de production par filière	europe_data	opendata	fr	fra,opendata	86400	Records of the 'Parc national annuel de production par filière' dataset published by Open Data Reseaux Energies.
eur-ods-odre-projet-commerciaux-et-demonstrateu	https://odre.opendatasoft.com/api/explore/v2.1/catalog/datasets/projet-commerciaux-et-demonstrateurs-en-france-de-pyrogazeification/records?limit=100	json:results	29	Open Data Reseaux Energies — Projets de production de gaz renouvelable et bas carbone par pyrogazeification pour injection dans les réseaux gaziers	Open Data Reseaux Energies — Projets de production de gaz renouvelable et bas carbone par pyrogazeification pour injection dans les réseaux gaziers	europe_data	opendata	fr	fra,opendata	86400	Records of the 'Projets de production de gaz renouvelable et bas carbone par pyrogazeification pour injection dans les réseaux gaziers' dataset published by Open Data Reseaux Energies.
eur-ods-odshub-224400028-nb-fonds-solidarite-loge	https://data.opendatasoft.com/api/explore/v2.1/catalog/datasets/224400028_nb-fonds-solidarite-logement-acces-logement-par-commune@loireatlantique/records?limit=100	json:results	100	Opendatasoft Data Hub — Fonds de solidarité pour le logement (FSL) : aide à l'accès au logement en Loire-Atlantique par commune	Opendatasoft Data Hub — Fonds de solidarité pour le logement (FSL) : aide à l'accès au logement en Loire-Atlantique par commune	europe_data	opendata	en	int,opendata	86400	Records of the 'Fonds de solidarité pour le logement (FSL) : aide à l'accès au logement en Loire-Atlantique par commune' dataset published by Opendatasoft Data Hub.
eur-ods-odshub-budget-participatif-rennes-rennes	https://data.opendatasoft.com/api/explore/v2.1/catalog/datasets/budget-participatif-rennes@rennes-metropole/records?limit=100	json:results	100	Opendatasoft Data Hub — Budget Participatif - Ville de Rennes - Saison 1	Opendatasoft Data Hub — Budget Participatif - Ville de Rennes - Saison 1	europe_data	opendata	en	int,opendata	86400	Records of the 'Budget Participatif - Ville de Rennes - Saison 1' dataset published by Opendatasoft Data Hub.
eur-ods-odshub-fr-en-inserjeunes-lycee-pro-agri-f	https://data.opendatasoft.com/api/explore/v2.1/catalog/datasets/fr-en-inserjeunes-lycee_pro-agri-formation-fine@dataeducation/records?limit=100	json:results	100	Opendatasoft Data Hub — Inserjeunes Voie professionnelle scolaire agricole par établissement relevant du ministère de l'agriculture et formation fine	Opendatasoft Data Hub — Inserjeunes Voie professionnelle scolaire agricole par établissement relevant du ministère de l'agriculture et formation fine	europe_data	opendata	en	int,opendata	86400	Records of the 'Inserjeunes Voie professionnelle scolaire agricole par établissement relevant du ministère de l'agriculture et formation fine' dataset published by Opendatasoft Data Hub.
eur-ods-odshub-interest-rates-and-sama-average-bi	https://data.opendatasoft.com/api/explore/v2.1/catalog/datasets/interest-rates-and-sama-average-bills@kapsarc/records?limit=100	json:results	100	Opendatasoft Data Hub — Monetary Indicators (Interest rates)	Opendatasoft Data Hub — Monetary Indicators (Interest rates)	europe_data	opendata	en	int,opendata	86400	Records of the 'Monetary Indicators (Interest rates)' dataset published by Opendatasoft Data Hub.
eur-ods-odshub-pneumopathie-passages-aux-urgences	https://data.opendatasoft.com/api/explore/v2.1/catalog/datasets/pneumopathie-passages-aux-urgences-et-actes-sos-medecins-region@datasantepubliquefrance/records?limit=100	json:results	100	Opendatasoft Data Hub — Pneumopathie : Passages aux urgences et Actes SOS Médecins (Région)	Opendatasoft Data Hub — Pneumopathie : Passages aux urgences et Actes SOS Médecins (Région)	europe_data	opendata	en	int,opendata	86400	Records of the 'Pneumopathie : Passages aux urgences et Actes SOS Médecins (Région)' dataset published by Opendatasoft Data Hub.
eur-ods-odshub-statistique-mutation-immobiliere-d	https://data.opendatasoft.com/api/explore/v2.1/catalog/datasets/statistique_mutation_immobiliere_dvf_rm@rennes-metropole/records?limit=100	json:results	100	Opendatasoft Data Hub — Statistiques des mutations immobilières à la commune et au sous-quartier (DVF)	Opendatasoft Data Hub — Statistiques des mutations immobilières à la commune et au sous-quartier (DVF)	europe_data	opendata	en	int,opendata	86400	Records of the 'Statistiques des mutations immobilières à la commune et au sous-quartier (DVF)' dataset published by Opendatasoft Data Hub.
eur-ods-odshub-testparts-pib-france-ue27-drees2-s	https://data.opendatasoft.com/api/explore/v2.1/catalog/datasets/testparts_pib_france_ue27@drees2-sgsocialgouv/records?limit=100	json:results	6	Opendatasoft Data Hub — CPS-Parts_PIB_france_ue27	Opendatasoft Data Hub — CPS-Parts_PIB_france_ue27	europe_data	opendata	en	int,opendata	86400	Records of the 'CPS-Parts_PIB_france_ue27' dataset published by Opendatasoft Data Hub.
eur-ods-odspub-buildingref-france-sitadel-logemen	https://public.opendatasoft.com/api/explore/v2.1/catalog/datasets/buildingref-france-sitadel-logement-autorise-type-commune-millesime/records?limit=100	json:results	100	Opendatasoft public catalogue — Sit@del2 - Logements autorisés par type et par commune en date réelle - Millésimé - France	Opendatasoft public catalogue — Sit@del2 - Logements autorisés par type et par commune en date réelle - Millésimé - France	europe_data	opendata	en	int,opendata	86400	Records of the 'Sit@del2 - Logements autorisés par type et par commune en date réelle - Millésimé - France' dataset published by Opendatasoft public catalogue.
eur-ods-odspub-economicref-france-nomenclature-ca	https://public.opendatasoft.com/api/explore/v2.1/catalog/datasets/economicref-france-nomenclature-categories-juridiques-millesime/records?limit=100	json:results	100	Opendatasoft public catalogue — Nomenclature des catégories juridiques - France	Opendatasoft public catalogue — Nomenclature des catégories juridiques - France	europe_data	opendata	en	int,opendata	86400	Records of the 'Nomenclature des catégories juridiques - France' dataset published by Opendatasoft public catalogue.
eur-ods-odspub-emplacement-des-forets-publiques	https://public.opendatasoft.com/api/explore/v2.1/catalog/datasets/emplacement-des-forets-publiques/records?limit=100	json:results	100	Opendatasoft public catalogue — Emplacement des Forêts publiques	Opendatasoft public catalogue — Emplacement des Forêts publiques	europe_data	opendata	en	int,opendata	86400	Records of the 'Emplacement des Forêts publiques' dataset published by Opendatasoft public catalogue.
eur-ods-odspub-georef-netherlands-gemeente	https://public.opendatasoft.com/api/explore/v2.1/catalog/datasets/georef-netherlands-gemeente/records?limit=100	json:results	100	Opendatasoft public catalogue — Gemeenten - Netherlands	Opendatasoft public catalogue — Gemeenten - Netherlands	europe_data	opendata	en	int,opendata	86400	Records of the 'Gemeenten - Netherlands' dataset published by Opendatasoft public catalogue.
eur-ods-odspub-healthref-france-sentinelles-yearl	https://public.opendatasoft.com/api/explore/v2.1/catalog/datasets/healthref-france-sentinelles-yearly/records?limit=100	json:results	100	Opendatasoft public catalogue — Surveillance épidémiologique - Annuel	Opendatasoft public catalogue — Surveillance épidémiologique - Annuel	europe_data	opendata	en	int,opendata	86400	Records of the 'Surveillance épidémiologique - Annuel' dataset published by Opendatasoft public catalogue.
eur-ods-odspub-osm-australia-defibrillator	https://public.opendatasoft.com/api/explore/v2.1/catalog/datasets/osm-australia-defibrillator/records?limit=100	json:results	100	Opendatasoft public catalogue — Automated External Defibrillators - Australia - OSM data	Opendatasoft public catalogue — Automated External Defibrillators - Australia - OSM data	europe_data	opendata	en	int,opendata	86400	Records of the 'Automated External Defibrillators - Australia - OSM data' dataset published by Opendatasoft public catalogue.
eur-ods-odspub-osm-australia-food-service	https://public.opendatasoft.com/api/explore/v2.1/catalog/datasets/osm-australia-food-service/records?limit=100	json:results	100	Opendatasoft public catalogue — Food Services - Australia - OSM data	Opendatasoft public catalogue — Food Services - Australia - OSM data	europe_data	opendata	en	int,opendata	86400	Records of the 'Food Services - Australia - OSM data' dataset published by Opendatasoft public catalogue.
eur-ods-odspub-osm-australia-public-service	https://public.opendatasoft.com/api/explore/v2.1/catalog/datasets/osm-australia-public-service/records?limit=100	json:results	100	Opendatasoft public catalogue — Public Services - Australia - OSM data	Opendatasoft public catalogue — Public Services - Australia - OSM data	europe_data	opendata	en	int,opendata	86400	Records of the 'Public Services - Australia - OSM data' dataset published by Opendatasoft public catalogue.
eur-ods-paris	https://opendata.paris.fr/api/explore/v2.1/catalog/datasets?limit=100	json:results	100	Ville de Paris open data — dataset catalogue	Ville de Paris open data — dataset catalogue	europe_data	opendata	fr	fra,opendata,catalogue	86400	Full dataset catalogue of the Ville de Paris open data portal, with dataset ids, themes and record counts.
eur-ods-paris-beneficiaires	https://opendata.paris.fr/api/explore/v2.1/catalog/datasets/beneficiaires/records?limit=100	json:results	100	Ville de Paris open data — Nombre de bénéficiaires d'aides facultatives délivrées par la Direction des solidarités (DSOL/CASVP)	Ville de Paris open data — Nombre de bénéficiaires d'aides facultatives délivrées par la Direction des solidarités (DSOL/CASVP)	europe_data	opendata	fr	fra,opendata	86400	Records of the 'Nombre de bénéficiaires d'aides facultatives délivrées par la Direction des solidarités (DSOL/CASVP)' dataset published by Ville de Paris open data.
eur-ods-paris-bilan-social-positions-statutaires	https://opendata.paris.fr/api/explore/v2.1/catalog/datasets/bilan-social-positions-statutaires-particulieres-autre-que-detachement/records?limit=100	json:results	84	Ville de Paris open data — Bilan Social - Positions statutaires particulières autres que détachement	Ville de Paris open data — Bilan Social - Positions statutaires particulières autres que détachement	europe_data	opendata	fr	fra,opendata	86400	Records of the 'Bilan Social - Positions statutaires particulières autres que détachement' dataset published by Ville de Paris open data.
eur-ods-paris-lineaire-cyclable-km	https://opendata.paris.fr/api/explore/v2.1/catalog/datasets/lineaire-cyclable-km/records?limit=100	json:results	12	Ville de Paris open data — Linéaire cyclable (en km)	Ville de Paris open data — Linéaire cyclable (en km)	europe_data	opendata	fr	fra,opendata	86400	Records of the 'Linéaire cyclable (en km)' dataset published by Ville de Paris open data.
eur-ods-paris-paris-logement-familles-monoparent	https://opendata.paris.fr/api/explore/v2.1/catalog/datasets/paris-logement-familles-monoparentales/records?limit=100	json:results	100	Ville de Paris open data — Paris Logement Familles Monoparentales	Ville de Paris open data — Paris Logement Familles Monoparentales	europe_data	opendata	fr	fra,opendata	86400	Records of the 'Paris Logement Familles Monoparentales' dataset published by Ville de Paris open data.
eur-ods-paris-parissetransforme	https://opendata.paris.fr/api/explore/v2.1/catalog/datasets/parissetransforme/records?limit=100	json:results	100	Ville de Paris open data — Paris se transforme	Ville de Paris open data — Paris se transforme	europe_data	opendata	fr	fra,opendata	86400	Records of the 'Paris se transforme' dataset published by Ville de Paris open data.
eur-ods-paris-plan-de-voirie-details-de-batis0	https://opendata.paris.fr/api/explore/v2.1/catalog/datasets/plan-de-voirie-details-de-batis0/records?limit=100	json:results	100	Ville de Paris open data — Plan de voirie - Détails de bâtis	Ville de Paris open data — Plan de voirie - Détails de bâtis	europe_data	opendata	fr	fra,opendata	86400	Records of the 'Plan de voirie - Détails de bâtis' dataset published by Ville de Paris open data.
eur-ods-paris-plan-de-voirie-repere-de-nivelleme	https://opendata.paris.fr/api/explore/v2.1/catalog/datasets/plan-de-voirie-repere-de-nivellement/records?limit=100	json:results	100	Ville de Paris open data — Plan de voirie - Repère de nivellement	Ville de Paris open data — Plan de voirie - Repère de nivellement	europe_data	opendata	fr	fra,opendata	86400	Records of the 'Plan de voirie - Repère de nivellement' dataset published by Ville de Paris open data.
eur-ods-paris-plan-de-voirie-trottoirs	https://opendata.paris.fr/api/explore/v2.1/catalog/datasets/plan-de-voirie-trottoirs/records?limit=100	json:results	100	Ville de Paris open data — Plan de voirie - Trottoirs filaires	Ville de Paris open data — Plan de voirie - Trottoirs filaires	europe_data	opendata	fr	fra,opendata	86400	Records of the 'Plan de voirie - Trottoirs filaires' dataset published by Ville de Paris open data.
eur-ods-paris-plub-ess	https://opendata.paris.fr/api/explore/v2.1/catalog/datasets/plub_ess/records?limit=100	json:results	47	Ville de Paris open data — PLU bioclimatique - Sites de protection des activités relevant de l'économie sociale et solidaire	Ville de Paris open data — PLU bioclimatique - Sites de protection des activités relevant de l'économie sociale et solidaire	europe_data	opendata	fr	fra,opendata	86400	Records of the 'PLU bioclimatique - Sites de protection des activités relevant de l'économie sociale et solidaire' dataset published by Ville de Paris open data.
eur-ods-paris-traces-cheminement-vers-les-sites	https://opendata.paris.fr/api/explore/v2.1/catalog/datasets/traces_cheminement_vers_les_sites_de_baignade_en_seine/records?limit=100	json:results	3	Ville de Paris open data — Tracés de cheminement vers les sites de Baignade en Seine	Ville de Paris open data — Tracés de cheminement vers les sites de Baignade en Seine	europe_data	opendata	fr	fra,opendata	86400	Records of the 'Tracés de cheminement vers les sites de Baignade en Seine' dataset published by Ville de Paris open data.
eur-ods-paysdelaloire	https://data.paysdelaloire.fr/api/explore/v2.1/catalog/datasets?limit=100	json:results	100	Region Pays de la Loire open data — dataset catalogue	Region Pays de la Loire open data — dataset catalogue	europe_data	opendata	fr	fra,opendata,catalogue	86400	Full dataset catalogue of the Region Pays de la Loire open data portal, with dataset ids, themes and record counts.
eur-ods-pdl-234400034-005-001-fonds-documentai	https://data.paysdelaloire.fr/api/explore/v2.1/catalog/datasets/234400034_005-001_fonds-documentaire-general-rpdl/records?limit=100	json:results	100	Region Pays de la Loire open data — Fonds documentaire général de la Région des Pays de la Loire	Region Pays de la Loire open data — Fonds documentaire général de la Région des Pays de la Loire	europe_data	opendata	fr	fra,opendata	86400	Records of the 'Fonds documentaire général de la Région des Pays de la Loire' dataset published by Region Pays de la Loire open data.
eur-ods-pdl-234400034-culture-au-futur-1-l-inc	https://data.paysdelaloire.fr/api/explore/v2.1/catalog/datasets/234400034_culture-au-futur-1-l-incroyable-manufacture/records?limit=100	json:results	5	Region Pays de la Loire open data — Culture au Futur 1ere édition - L'incroyable manufacture	Region Pays de la Loire open data — Culture au Futur 1ere édition - L'incroyable manufacture	europe_data	opendata	fr	fra,opendata	86400	Records of the 'Culture au Futur 1ere édition - L'incroyable manufacture' dataset published by Region Pays de la Loire open data.
eur-ods-pdl-234400034-effectifs-prives	https://data.paysdelaloire.fr/api/explore/v2.1/catalog/datasets/234400034_effectifs_prives/records?limit=100	json:results	100	Region Pays de la Loire open data — Effectifs salariés privés depuis 2006 par commune	Region Pays de la Loire open data — Effectifs salariés privés depuis 2006 par commune	europe_data	opendata	fr	fra,opendata	86400	Records of the 'Effectifs salariés privés depuis 2006 par commune' dataset published by Region Pays de la Loire open data.
eur-ods-pdl-234400034-emploi-lieu-travail	https://data.paysdelaloire.fr/api/explore/v2.1/catalog/datasets/234400034_emploi_lieu_travail/records?limit=100	json:results	100	Region Pays de la Loire open data — Emploi au lieu de travail 2019 selon le statut	Region Pays de la Loire open data — Emploi au lieu de travail 2019 selon le statut	europe_data	opendata	fr	fra,opendata	86400	Records of the 'Emploi au lieu de travail 2019 selon le statut' dataset published by Region Pays de la Loire open data.
eur-ods-pdl-arrets-horaires-et-circuits-des-li	https://data.paysdelaloire.fr/api/explore/v2.1/catalog/datasets/arrets-horaires-et-circuits-des-lignes-oleane-gtfs-les-sables-dolonne-agglomerat/records?limit=100	json:results	1	Region Pays de la Loire open data — Arrêts, horaires et circuits des lignes Oleane (GTFS - Les Sables d'Olonne Agglomération)	Region Pays de la Loire open data — Arrêts, horaires et circuits des lignes Oleane (GTFS - Les Sables d'Olonne Agglomération)	europe_data	opendata	fr	fra,opendata	86400	Records of the 'Arrêts, horaires et circuits des lignes Oleane (GTFS - Les Sables d'Olonne Agglomération)' dataset published by Region Pays de la Loire open data.
eur-ods-pdl-close-data-10-plus-importantes-rem	https://data.paysdelaloire.fr/api/explore/v2.1/catalog/datasets/close-data-10-plus-importantes-remunerations-region-pays-de-la-loire/records?limit=100	json:results	8	Region Pays de la Loire open data — Les 10 plus hautes rémunérations de la Région des Pays de la Loire	Region Pays de la Loire open data — Les 10 plus hautes rémunérations de la Région des Pays de la Loire	europe_data	opendata	fr	fra,opendata	86400	Records of the 'Les 10 plus hautes rémunérations de la Région des Pays de la Loire' dataset published by Region Pays de la Loire open data.
eur-ods-public	https://public.opendatasoft.com/api/explore/v2.1/catalog/datasets?limit=100	json:results	100	Opendatasoft public catalogue — dataset catalogue	Opendatasoft public catalogue — dataset catalogue	europe_data	opendata	en	int,opendata,catalogue	86400	Full dataset catalogue of the Opendatasoft public catalogue portal, with dataset ids, themes and record counts.
eur-ods-ratp	https://data.ratp.fr/api/explore/v2.1/catalog/datasets?limit=100	json:results	26	RATP open data — dataset catalogue	RATP open data — dataset catalogue	europe_data	opendata	fr	fra,opendata,catalogue	86400	Full dataset catalogue of the RATP open data portal, with dataset ids, themes and record counts.
eur-ods-ratp-commerces-de-proximite-agrees-ratp	https://data.ratp.fr/api/explore/v2.1/catalog/datasets/commerces-de-proximite-agrees-ratp/records?limit=100	json:results	100	RATP open data — Commerces de proximité agréés RATP	RATP open data — Commerces de proximité agréés RATP	europe_data	opendata	fr	fra,opendata	86400	Records of the 'Commerces de proximité agréés RATP' dataset published by RATP open data.
eur-ods-ratp-fontaines-a-eau-dans-le-reseau-rat	https://data.ratp.fr/api/explore/v2.1/catalog/datasets/fontaines-a-eau-dans-le-reseau-ratp/records?limit=100	json:results	91	RATP open data — Fontaines à eau dans le réseau RATP	RATP open data — Fontaines à eau dans le réseau RATP	europe_data	opendata	fr	fra,opendata	86400	Records of the 'Fontaines à eau dans le réseau RATP' dataset published by RATP open data.
eur-ods-ratp-frequentation-du-pole-de-la-defens	https://data.ratp.fr/api/explore/v2.1/catalog/datasets/frequentation-du-pole-de-la-defense-experimentation-lissage-des-heures-de-pointe/records?limit=100	json:results	100	RATP open data — Fréquentation du Pôle de La Défense (expérimentation de lissage des heures de pointe)	RATP open data — Fréquentation du Pôle de La Défense (expérimentation de lissage des heures de pointe)	europe_data	opendata	fr	fra,opendata	86400	Records of the 'Fréquentation du Pôle de La Défense (expérimentation de lissage des heures de pointe)' dataset published by RATP open data.
eur-ods-ratp-qualite-de-lair-mesuree-dans-la-st	https://data.ratp.fr/api/explore/v2.1/catalog/datasets/qualite-de-lair-mesuree-dans-la-station-nation-rer-a0/records?limit=100	json:results	100	RATP open data — Qualité de l'air mesurée dans la station Nation RER A	RATP open data — Qualité de l'air mesurée dans la station Nation RER A	europe_data	opendata	fr	fra,opendata	86400	Records of the 'Qualité de l'air mesurée dans la station Nation RER A' dataset published by RATP open data.
eur-ods-rennes	https://data.rennesmetropole.fr/api/explore/v2.1/catalog/datasets?limit=100	json:results	100	Rennes Metropole open data — dataset catalogue	Rennes Metropole open data — dataset catalogue	europe_data	opendata	fr	fra,opendata,catalogue	86400	Full dataset catalogue of the Rennes Metropole open data portal, with dataset ids, themes and record counts.
eur-ods-rennes-naissances-noyal-chatillon-sur-sei	https://data.rennesmetropole.fr/api/explore/v2.1/catalog/datasets/naissances-noyal-chatillon-sur-seiche/records?limit=100	json:results	5	Rennes Metropole open data — Naissances - Noyal-Châtillon-sur-Seiche	Rennes Metropole open data — Naissances - Noyal-Châtillon-sur-Seiche	europe_data	opendata	fr	fra,opendata	86400	Records of the 'Naissances - Noyal-Châtillon-sur-Seiche' dataset published by Rennes Metropole open data.
eur-ods-rennes-resultats-elections-cumul-municipa	https://data.rennesmetropole.fr/api/explore/v2.1/catalog/datasets/resultats_elections_cumul_municipales_rennes/records?limit=100	json:results	100	Rennes Metropole open data — Résultats des élections municipales à Rennes	Rennes Metropole open data — Résultats des élections municipales à Rennes	europe_data	opendata	fr	fra,opendata	86400	Records of the 'Résultats des élections municipales à Rennes' dataset published by Rennes Metropole open data.
eur-ods-sncf	https://data.sncf.com/api/explore/v2.1/catalog/datasets?limit=100	json:results	100	SNCF open data — dataset catalogue	SNCF open data — dataset catalogue	europe_data	opendata	fr	fra,opendata,catalogue	86400	Full dataset catalogue of the SNCF open data portal, with dataset ids, themes and record counts.
eur-ods-sncf-agents-nationalite-etrangere	https://data.sncf.com/api/explore/v2.1/catalog/datasets/agents-nationalite-etrangere/records?limit=100	json:results	100	SNCF open data — Agents SNCF de nationalité étrangère	SNCF open data — Agents SNCF de nationalité étrangère	europe_data	opendata	fr	fra,opendata	86400	Records of the 'Agents SNCF de nationalité étrangère' dataset published by SNCF open data.
eur-ods-sncf-at-taux	https://data.sncf.com/api/explore/v2.1/catalog/datasets/at-taux/records?limit=100	json:results	100	SNCF open data — Taux d'accidents du Travail (AT taux)	SNCF open data — Taux d'accidents du Travail (AT taux)	europe_data	opendata	fr	fra,opendata	86400	Records of the 'Taux d'accidents du Travail (AT taux)' dataset published by SNCF open data.
eur-ods-sncf-nuage-points-3d	https://data.sncf.com/api/explore/v2.1/catalog/datasets/nuage-points-3d/records?limit=100	json:results	16	SNCF open data — Nuage de points 3D des infrastructures ferroviaires	SNCF open data — Nuage de points 3D des infrastructures ferroviaires	europe_data	opendata	fr	fra,opendata	86400	Records of the 'Nuage de points 3D des infrastructures ferroviaires' dataset published by SNCF open data.
eur-ods-sncf-paniers-fraicheur	https://data.sncf.com/api/explore/v2.1/catalog/datasets/paniers-fraicheur/records?limit=100	json:results	27	SNCF open data — Paniers Fraîcheur en gares d'Ile-de-France	SNCF open data — Paniers Fraîcheur en gares d'Ile-de-France	europe_data	opendata	fr	fra,opendata	86400	Records of the 'Paniers Fraîcheur en gares d'Ile-de-France' dataset published by SNCF open data.
eur-ods-sncf-previweb-direction-des-achats-grou	https://data.sncf.com/api/explore/v2.1/catalog/datasets/previweb-direction-des-achats-groupe-sncf-v4/records?limit=100	json:results	100	SNCF open data — Achats : prévisions de consultations à 24 mois (previweb)	SNCF open data — Achats : prévisions de consultations à 24 mois (previweb)	europe_data	opendata	fr	fra,opendata	86400	Records of the 'Achats : prévisions de consultations à 24 mois (previweb)' dataset published by SNCF open data.
eur-ods-sncf-repartition-genre-effectif	https://data.sncf.com/api/explore/v2.1/catalog/datasets/repartition-genre-effectif/records?limit=100	json:results	57	SNCF open data — ​Répartition par genre de l’effectif	SNCF open data — ​Répartition par genre de l’effectif	europe_data	opendata	fr	fra,opendata	86400	Records of the '​Répartition par genre de l’effectif' dataset published by SNCF open data.
eur-ods-stras-equipement-sport	https://data.strasbourg.eu/api/explore/v2.1/catalog/datasets/equipement_sport/records?limit=100	json:results	100	Eurometropole de Strasbourg open data — Les équipements sportifs	Eurometropole de Strasbourg open data — Les équipements sportifs	europe_data	opendata	fr	fra,opendata	86400	Records of the 'Les équipements sportifs' dataset published by Eurometropole de Strasbourg open data.
eur-ods-stras-prenom-nouveaux-nes	https://data.strasbourg.eu/api/explore/v2.1/catalog/datasets/prenom-nouveaux-nes/records?limit=100	json:results	100	Eurometropole de Strasbourg open data — Prénom des nouveaux nés à Strasbourg	Eurometropole de Strasbourg open data — Prénom des nouveaux nés à Strasbourg	europe_data	opendata	fr	fra,opendata	86400	Records of the 'Prénom des nouveaux nés à Strasbourg' dataset published by Eurometropole de Strasbourg open data.
eur-ods-stras-signal-longitudinale	https://data.strasbourg.eu/api/explore/v2.1/catalog/datasets/signal_longitudinale/records?limit=100	json:results	100	Eurometropole de Strasbourg open data — Signalisation longitudinale	Eurometropole de Strasbourg open data — Signalisation longitudinale	europe_data	opendata	fr	fra,opendata	86400	Records of the 'Signalisation longitudinale' dataset published by Eurometropole de Strasbourg open data.
eur-ods-stras-usages-ephemeres	https://data.strasbourg.eu/api/explore/v2.1/catalog/datasets/usages_ephemeres/records?limit=100	json:results	20	Eurometropole de Strasbourg open data — Usages éphémères	Eurometropole de Strasbourg open data — Usages éphémères	europe_data	opendata	fr	fra,opendata	86400	Records of the 'Usages éphémères' dataset published by Eurometropole de Strasbourg open data.
eur-ods-strasbourg	https://data.strasbourg.eu/api/explore/v2.1/catalog/datasets?limit=100	json:results	100	Eurometropole de Strasbourg open data — dataset catalogue	Eurometropole de Strasbourg open data — dataset catalogue	europe_data	opendata	fr	fra,opendata,catalogue	86400	Full dataset catalogue of the Eurometropole de Strasbourg open data portal, with dataset ids, themes and record counts.
eur-ods-tg-dek-aa-1	https://data.tg.ch/api/explore/v2.1/catalog/datasets/dek-aa-1/records?limit=100	json:results	100	Kanton Thurgau open data — Archäologische Fundmeldungen ab 1988 im Kanton Thurgau	Kanton Thurgau open data — Archäologische Fundmeldungen ab 1988 im Kanton Thurgau	europe_data	opendata	de	che,opendata	86400	Records of the 'Archäologische Fundmeldungen ab 1988 im Kanton Thurgau' dataset published by Kanton Thurgau open data.
eur-ods-tg-sk-stat-130	https://data.tg.ch/api/explore/v2.1/catalog/datasets/sk-stat-130/records?limit=100	json:results	100	Kanton Thurgau open data — Grossratswahlen 2024: Kandidatenstimmen nach Herkunft der Stimmen (Panaschierstatistik) Bezirk Münchwilen	Kanton Thurgau open data — Grossratswahlen 2024: Kandidatenstimmen nach Herkunft der Stimmen (Panaschierstatistik) Bezirk Münchwilen	europe_data	opendata	de	che,opendata	86400	Records of the 'Grossratswahlen 2024: Kandidatenstimmen nach Herkunft der Stimmen (Panaschierstatistik) Bezirk Münchwilen' dataset published by Kanton Thurgau open data.
eur-ods-tg-sk-stat-28	https://data.tg.ch/api/explore/v2.1/catalog/datasets/sk-stat-28/records?limit=100	json:results	100	Kanton Thurgau open data — Grossratswahlen 2008: Kandidatenstimmen nach Herkunft der Stimmen (Panaschierstatistik) Bezirk Weinfelden	Kanton Thurgau open data — Grossratswahlen 2008: Kandidatenstimmen nach Herkunft der Stimmen (Panaschierstatistik) Bezirk Weinfelden	europe_data	opendata	de	che,opendata	86400	Records of the 'Grossratswahlen 2008: Kandidatenstimmen nach Herkunft der Stimmen (Panaschierstatistik) Bezirk Weinfelden' dataset published by Kanton Thurgau open data.
eur-ods-tg-sk-stat-30	https://data.tg.ch/api/explore/v2.1/catalog/datasets/sk-stat-30/records?limit=100	json:results	100	Kanton Thurgau open data — Grossratswahlen 2012: Kandidatenstimmen nach Herkunft der Stimmen (Panaschierstatistik) Bezirk Frauenfeld	Kanton Thurgau open data — Grossratswahlen 2012: Kandidatenstimmen nach Herkunft der Stimmen (Panaschierstatistik) Bezirk Frauenfeld	europe_data	opendata	de	che,opendata	86400	Records of the 'Grossratswahlen 2012: Kandidatenstimmen nach Herkunft der Stimmen (Panaschierstatistik) Bezirk Frauenfeld' dataset published by Kanton Thurgau open data.
eur-ods-tg-sk-stat-5	https://data.tg.ch/api/explore/v2.1/catalog/datasets/sk-stat-5/records?limit=100	json:results	100	Kanton Thurgau open data — Grossratswahlen Kanton Thurgau: Mandatsverteilung nach Parteien auf Ebene Kanton	Kanton Thurgau open data — Grossratswahlen Kanton Thurgau: Mandatsverteilung nach Parteien auf Ebene Kanton	europe_data	opendata	de	che,opendata	86400	Records of the 'Grossratswahlen Kanton Thurgau: Mandatsverteilung nach Parteien auf Ebene Kanton' dataset published by Kanton Thurgau open data.
eur-ods-tg-sk-stat-83	https://data.tg.ch/api/explore/v2.1/catalog/datasets/sk-stat-83/records?limit=100	json:results	50	Kanton Thurgau open data — Sozialhilfebeziehende nach Staatsangehörigkeit und Geschlecht	Kanton Thurgau open data — Sozialhilfebeziehende nach Staatsangehörigkeit und Geschlecht	europe_data	opendata	de	che,opendata	86400	Records of the 'Sozialhilfebeziehende nach Staatsangehörigkeit und Geschlecht' dataset published by Kanton Thurgau open data.
eur-ods-tg-sk-stat-85	https://data.tg.ch/api/explore/v2.1/catalog/datasets/sk-stat-85/records?limit=100	json:results	70	Kanton Thurgau open data — Sozialhilfebeziehende und Sozialhilfequote in % nach Altersklassen	Kanton Thurgau open data — Sozialhilfebeziehende und Sozialhilfequote in % nach Altersklassen	europe_data	opendata	de	che,opendata	86400	Records of the 'Sozialhilfebeziehende und Sozialhilfequote in % nach Altersklassen' dataset published by Kanton Thurgau open data.
eur-ods-tg-sk-stat-96	https://data.tg.ch/api/explore/v2.1/catalog/datasets/sk-stat-96/records?limit=100	json:results	13	Kanton Thurgau open data — Arbeitsstätten und Beschäftigung Kanton Thurgau	Kanton Thurgau open data — Arbeitsstätten und Beschäftigung Kanton Thurgau	europe_data	opendata	de	che,opendata	86400	Records of the 'Arbeitsstätten und Beschäftigung Kanton Thurgau' dataset published by Kanton Thurgau open data.
eur-ods-thurgau	https://data.tg.ch/api/explore/v2.1/catalog/datasets?limit=100	json:results	100	Kanton Thurgau open data — dataset catalogue	Kanton Thurgau open data — dataset catalogue	europe_data	opendata	de	che,opendata,catalogue	86400	Full dataset catalogue of the Kanton Thurgau open data portal, with dataset ids, themes and record counts.
eur-ods-toulouse	https://data.toulouse-metropole.fr/api/explore/v2.1/catalog/datasets?limit=100	json:results	100	Toulouse Metropole open data — dataset catalogue	Toulouse Metropole open data — dataset catalogue	europe_data	opendata	fr	fra,opendata,catalogue	86400	Full dataset catalogue of the Toulouse Metropole open data portal, with dataset ids, themes and record counts.
eur-ods-vendee	https://data.vendee.fr/api/explore/v2.1/catalog/datasets?limit=100	json:results	52	Departement de la Vendee open data — dataset catalogue	Departement de la Vendee open data — dataset catalogue	europe_data	opendata	fr	fra,opendata,catalogue	86400	Full dataset catalogue of the Departement de la Vendee open data portal, with dataset ids, themes and record counts.
eur-parl-ch-councillors	https://ws.parlament.ch/odata.svc/Person?$format=json&$top=50	json:d	50	Swiss Parliament — members	Swiss Parliament — members	europe_gov	politics	de	che,politics	86400	Members of the Swiss Federal Assembly with party, canton and mandate.
eur-parl-ch-votes	https://ws.parlament.ch/odata.svc/Voting?$format=json&$top=50	json:d	50	Swiss Parliament — recorded votes	Swiss Parliament — recorded votes	europe_gov	politics	de	che,politics	21600	Individual recorded votes of Swiss parliamentarians.
eur-parlch-committees	https://ws.parlament.ch/odata.svc/Committee?$format=json&$top=100	json:d	100	Swiss Parliament — committees	Swiss Parliament — committees	europe_gov	politics	de	che,politics	86400	Committees of the Swiss Federal Assembly.
eur-parlch-council	https://ws.parlament.ch/odata.svc/Council?$format=json&$top=50	json:d	15	Swiss Parliament — councils	Swiss Parliament — councils	europe_gov	politics	de	che,politics	86400	Chambers and councils of the Swiss Federal Assembly.
eur-parlch-party	https://ws.parlament.ch/odata.svc/Party?$format=json&$top=100	json:d	100	Swiss Parliament — parties	Swiss Parliament — parties	europe_gov	politics	de	che,politics	86400	Political parties represented in the Swiss Federal Assembly.
eur-pdok-locatieserver	https://api.pdok.nl/bzk/locatieserver/search/v3_1/free?q=Amsterdam&rows=100	json:response.docs	100	PDOK Netherlands — address and place search	PDOK Netherlands — address and place search	europe_env	geo	nl	nld,geo	86400	Dutch national geocoder returning addresses, streets and places with coordinates.
eur-pdok-suggest	https://api.pdok.nl/bzk/locatieserver/search/v3_1/suggest?q=Rotterdam&rows=100	json:response.docs	100	PDOK Netherlands — location suggest	PDOK Netherlands — location suggest	europe_env	geo	nl	nld,geo	86400	Dutch national geocoder suggestion endpoint for partial place and address strings.
eur-privatbank-rates	https://api.privatbank.ua/p24api/pubinfo?json&exchange&coursid=5	json-array	2	PrivatBank Ukraine — cash exchange rates	PrivatBank Ukraine — cash exchange rates	europe_gov	economy	uk	ukr,economy	21600	Commercial hryvnia cash exchange rates, a market check against the NBU official rate.
eur-pxweb-ee-stat	https://andmed.stat.ee/api/v1/en/stat	json-array	7	Statistics Estonia — PxWeb database index	Statistics Estonia — PxWeb database index	europe_gov	statistics	en	est,statistics	86400	Top-level subject index of the Estonian statistical database.
eur-pxweb-ee-stat-et	https://andmed.stat.ee/api/v1/et/stat	json-array	7	Statistics Estonia — PxWeb index (ET)	Statistics Estonia — PxWeb index (ET)	europe_gov	statistics	et	est,statistics	86400	Estonian-language subject index of the national statistical database.
eur-pxweb-fi-statfin	https://pxdata.stat.fi/PxWeb/api/v1/en/StatFin/	json-array	135	Statistics Finland — StatFin database index (EN)	Statistics Finland — StatFin database index (EN)	europe_gov	statistics	en	fin,statistics	86400	Subject index of the Finnish StatFin statistical database.
eur-pxweb-fi-statfin-fi	https://pxdata.stat.fi/PxWeb/api/v1/fi/StatFin/	json-array	135	Statistics Finland — StatFin database index (FI)	Statistics Finland — StatFin database index (FI)	europe_gov	statistics	fi	fin,statistics	86400	Finnish-language subject index of the StatFin statistical database.
eur-pxweb-is-en	https://px.hagstofa.is/pxen/api/v1/en/Ibuar	json-array	7	Statistics Iceland — population tables (EN)	Statistics Iceland — population tables (EN)	europe_gov	statistics	en	isl,statistics	86400	English-language index of Icelandic population statistics tables.
eur-pxweb-is-hagstofa	https://px.hagstofa.is/pxis/api/v1/is/Ibuar	json-array	7	Statistics Iceland — population database index	Statistics Iceland — population database index	europe_gov	statistics	is	isl,statistics	86400	Index of Icelandic population statistics tables.
eur-pxweb-lv-stat	https://data.stat.gov.lv/api/v1/lv/OSP_PUB	json-array	11	Statistics Latvia — PxWeb database index	Statistics Latvia — PxWeb database index	europe_gov	statistics	lv	lva,statistics	86400	Subject index of the Latvian official statistics database.
eur-pxweb-no-ssb	https://data.ssb.no/api/v0/no/table/	json-array	23	Statistics Norway — StatBank table index	Statistics Norway — StatBank table index	europe_gov	statistics	no	nor,statistics	86400	Subject index of the Norwegian StatBank statistical database.
eur-pxweb-se-scb	https://api.scb.se/OV0104/v1/doris/en/ssd/NR	json-array	9	Statistics Sweden — national accounts index	Statistics Sweden — national accounts index	europe_gov	statistics	en	swe,statistics	86400	Statistics Sweden national-accounts branch of the PxWeb database tree.
eur-pxweb-si-stat	https://pxweb.stat.si/SiStatData/api/v1/sl/Data	json-array	4786	Statistics Slovenia — SiStat table index	Statistics Slovenia — SiStat table index	europe_gov	statistics	sl	svn,statistics	86400	Full table index of the Slovenian SiStat statistical database.
eur-rada-mps	https://data.rada.gov.ua/ogd/mps/skl9/mps09-data.json	json-array	467	Verkhovna Rada Ukraine — members of parliament	Verkhovna Rada Ukraine — members of parliament	europe_gov	politics	uk	ukr,politics	86400	Ukrainian parliament deputies of the current convocation with faction and committee.
eur-renass-events	https://api.franceseisme.fr/fdsnws/event/1/query?format=json&limit=100	geojson	100	RENASS France — located earthquakes	RENASS France — located earthquakes	europe_env	hazard	fr	fra,hazard	1800	French national seismic network located events as GeoJSON.
eur-riksdagen-bet	https://data.riksdagen.se/dokumentlista/?sok=&doktyp=bet&utformat=json&sz=50	json:dokumentlista.dokument	50	Riksdagen Sweden — committee reports	Riksdagen Sweden — committee reports	europe_gov	politics	sv	swe,politics	21600	Swedish parliamentary committee reports with document links.
eur-riksdagen-frs	https://data.riksdagen.se/dokumentlista/?sok=&doktyp=fr&utformat=json&sz=50	json:dokumentlista.dokument	50	Riksdagen Sweden — written questions	Riksdagen Sweden — written questions	europe_gov	politics	sv	swe,politics	21600	Written questions to Swedish ministers with answers.
eur-riksdagen-ip	https://data.riksdagen.se/dokumentlista/?sok=&doktyp=ip&utformat=json&sz=50	json:dokumentlista.dokument	50	Riksdagen Sweden — interpellations	Riksdagen Sweden — interpellations	europe_gov	politics	sv	swe,politics	21600	Interpellations tabled in the Swedish Riksdag.
eur-riksdagen-ledamot	https://data.riksdagen.se/personlista/?utformat=json&iid=&fnamn=&enamn=&parti=	json:personlista.person	349	Riksdagen Sweden — members of parliament	Riksdagen Sweden — members of parliament	europe_gov	politics	sv	swe,politics	86400	Members of the Swedish Riksdag with party, constituency and assignments.
eur-riksdagen-mot	https://data.riksdagen.se/dokumentlista/?sok=&doktyp=mot&utformat=json&sz=50	json:dokumentlista.dokument	50	Riksdagen Sweden — private members' bills	Riksdagen Sweden — private members' bills	europe_gov	politics	sv	swe,politics	21600	Motions tabled by Swedish MPs, newest first.
eur-riksdagen-prop	https://data.riksdagen.se/dokumentlista/?sok=&doktyp=prop&utformat=json&sz=50	json:dokumentlista.dokument	50	Riksdagen Sweden — government bills	Riksdagen Sweden — government bills	europe_gov	politics	sv	swe,politics	21600	Government bills submitted to the Swedish Riksdag.
eur-riksdagen-sfs	https://data.riksdagen.se/dokumentlista/?sok=&doktyp=sfs&utformat=json&sz=50	json:dokumentlista.dokument	50	Riksdagen Sweden — statute book entries	Riksdagen Sweden — statute book entries	europe_gov	gazette	sv	swe,gazette	21600	Swedish Code of Statutes (SFS) entries as published to the Riksdag document store.
eur-riksdagen-votering	https://data.riksdagen.se/voteringlista/?rm=&bet=&punkt=&valkrets=&rost=&iid=&sz=50&utformat=json	json:voteringlista.votering	50	Riksdagen Sweden — vote records	Riksdagen Sweden — vote records	europe_gov	politics	sv	swe,politics	21600	Individual MP vote records from Swedish parliamentary divisions.
eur-scb-am	https://api.scb.se/OV0104/v1/doris/en/ssd/AM	json-array	24	Statistics Sweden — labour market branch	Statistics Sweden — labour market branch	europe_gov	statistics	en	swe,statistics	86400	Labour-market branch of the Statistics Sweden PxWeb database tree.
eur-scb-be	https://api.scb.se/OV0104/v1/doris/en/ssd/BE	json-array	4	Statistics Sweden — population branch	Statistics Sweden — population branch	europe_gov	statistics	en	swe,statistics	86400	Population branch of the Statistics Sweden PxWeb database tree.
eur-scb-en	https://api.scb.se/OV0104/v1/doris/en/ssd/EN	json-array	6	Statistics Sweden — energy branch	Statistics Sweden — energy branch	europe_gov	statistics	en	swe,statistics	86400	Energy branch of the Statistics Sweden PxWeb database tree.
eur-scb-mi	https://api.scb.se/OV0104/v1/doris/en/ssd/MI	json-array	21	Statistics Sweden — environment branch	Statistics Sweden — environment branch	europe_gov	statistics	en	swe,statistics	86400	Environment branch of the Statistics Sweden PxWeb database tree.
eur-scb-root	https://api.scb.se/OV0104/v1/doris/en/ssd/	json-array	19	Statistics Sweden — database root index	Statistics Sweden — database root index	europe_gov	statistics	en	swe,statistics	86400	Top-level subject index of the Statistics Sweden PxWeb database.
eur-sejm-eli-acts	https://api.sejm.gov.pl/eli/acts	json-array	2	Sejm Poland — ELI publishers	Sejm Poland — ELI publishers	europe_gov	gazette	pl	pol,gazette	86400	Publishers of Polish legal acts exposed through the Sejm ELI API.
eur-sejm-eli-du	https://api.sejm.gov.pl/eli/acts/DU	json:years	105	Sejm Poland — Journal of Laws year index	Sejm Poland — Journal of Laws year index	europe_gov	gazette	pl	pol,gazette	86400	Index of Dziennik Ustaw publication years available through the ELI API.
eur-sejm-eli-mp	https://api.sejm.gov.pl/eli/acts/MP	json:years	92	Sejm Poland — Monitor Polski year index	Sejm Poland — Monitor Polski year index	europe_gov	gazette	pl	pol,gazette	86400	Index of Monitor Polski official gazette years available through the ELI API.
eur-sejm-term10-committees-sits	https://api.sejm.gov.pl/sejm/term10/interpellations?limit=100&offset=0	json-array	100	Sejm Poland — interpellations	Sejm Poland — interpellations	europe_gov	politics	pl	pol,politics	21600	Written interpellations tabled by Polish MPs with recipient ministry.
eur-sejm-term9-mp	https://api.sejm.gov.pl/sejm/term9/MP	json-array	475	Sejm Poland — MPs of the 9th term	Sejm Poland — MPs of the 9th term	europe_gov	politics	pl	pol,politics	86400	Deputies of the previous Polish Sejm term with club and constituency.
eur-sejm-votings	https://api.sejm.gov.pl/sejm/term10/prints?limit=100	json-array	3190	Sejm Poland — parliamentary prints	Sejm Poland — parliamentary prints	europe_gov	politics	pl	pol,politics	21600	Every parliamentary print (bill or motion) tabled in the current Sejm term.
eur-soc-cat-3gwy-ph5m	https://analisi.transparenciacatalunya.cat/resource/3gwy-ph5m.json?$limit=1000	json-array	324	Generalitat de Catalunya transparency portal — Plans i programes de la Generalitat de Catalunya	Generalitat de Catalunya transparency portal — Plans i programes de la Generalitat de Catalunya	europe_data	opendata	ca	esp,opendata	86400	Rows of the 'Plans i programes de la Generalitat de Catalunya' dataset published by Generalitat de Catalunya transparency portal.
eur-soc-cat-63re-p88u	https://analisi.transparenciacatalunya.cat/resource/63re-p88u.json?$limit=1000	json-array	1000	Generalitat de Catalunya transparency portal — Dades de residus industrials	Generalitat de Catalunya transparency portal — Dades de residus industrials	europe_data	opendata	ca	esp,opendata	86400	Rows of the 'Dades de residus industrials' dataset published by Generalitat de Catalunya transparency portal.
eur-soc-cat-66ws-y4xs	https://analisi.transparenciacatalunya.cat/resource/66ws-y4xs.json?$limit=1000	json-array	75	Generalitat de Catalunya transparency portal — Pagaments del Fons Europeu Agrícola de Garantia Agrària (FEAGA). Sèrie històrica	Generalitat de Catalunya transparency portal — Pagaments del Fons Europeu Agrícola de Garantia Agrària (FEAGA). Sèrie històrica	europe_data	opendata	ca	esp,opendata	86400	Rows of the 'Pagaments del Fons Europeu Agrícola de Garantia Agrària (FEAGA). Sèrie històrica' dataset published by Generalitat de Catalunya transparency portal.
eur-soc-cat-6uq2-k222	https://analisi.transparenciacatalunya.cat/resource/6uq2-k222.json?$limit=1000	json-array	425	Generalitat de Catalunya transparency portal — Estabilitat i sostenibilitat de les finances públiques: Capacitat (+) o necessitat (-) de finançament de les comunitats autònomes	Generalitat de Catalunya transparency portal — Estabilitat i sostenibilitat de les finances públiques: Capacitat (+) o necessitat (-) de finançament de les comunitats autònomes	europe_data	opendata	ca	esp,opendata	86400	Rows of the 'Estabilitat i sostenibilitat de les finances públiques: Capacitat (+) o necessitat (-) de finançament de les comunitats autònomes' dataset published by Generalitat de Catalunya transparency portal.
eur-soc-cat-6zwt-zrnz	https://analisi.transparenciacatalunya.cat/resource/6zwt-zrnz.json?$limit=1000	json-array	405	Generalitat de Catalunya transparency portal — Inventari de béns mobles de valor especial	Generalitat de Catalunya transparency portal — Inventari de béns mobles de valor especial	europe_data	opendata	ca	esp,opendata	86400	Rows of the 'Inventari de béns mobles de valor especial' dataset published by Generalitat de Catalunya transparency portal.
eur-soc-cat-7gqm-722r	https://analisi.transparenciacatalunya.cat/resource/7gqm-722r.json?$limit=1000	json-array	590	Generalitat de Catalunya transparency portal — Municipis rurals	Generalitat de Catalunya transparency portal — Municipis rurals	europe_data	opendata	ca	esp,opendata	86400	Rows of the 'Municipis rurals' dataset published by Generalitat de Catalunya transparency portal.
eur-soc-cat-8anv-dihv	https://analisi.transparenciacatalunya.cat/resource/8anv-dihv.json?$limit=1000	json-array	19	Generalitat de Catalunya transparency portal — Ubicació dels edificis de la Generalitat de Catalunya amb infraestructures o sol·licituds de telecomunicacions	Generalitat de Catalunya transparency portal — Ubicació dels edificis de la Generalitat de Catalunya amb infraestructures o sol·licituds de telecomunicacions	europe_data	opendata	ca	esp,opendata	86400	Rows of the 'Ubicació dels edificis de la Generalitat de Catalunya amb infraestructures o sol·licituds de telecomunicacions' dataset published by Generalitat de Catalunya transparency portal.
eur-soc-cat-8dfw-h858	https://analisi.transparenciacatalunya.cat/resource/8dfw-h858.json?$limit=1000	json-array	315	Generalitat de Catalunya transparency portal — Llistat d’oficines de la Carta Base de Serveis d’Atenció Ciutadana	Generalitat de Catalunya transparency portal — Llistat d’oficines de la Carta Base de Serveis d’Atenció Ciutadana	europe_data	opendata	ca	esp,opendata	86400	Rows of the 'Llistat d’oficines de la Carta Base de Serveis d’Atenció Ciutadana' dataset published by Generalitat de Catalunya transparency portal.
eur-soc-cat-9ehv-pmf5	https://analisi.transparenciacatalunya.cat/resource/9ehv-pmf5.json?$limit=1000	json-array	1000	Generalitat de Catalunya transparency portal — Atles Climàtic de mitjanes per municipi	Generalitat de Catalunya transparency portal — Atles Climàtic de mitjanes per municipi	europe_data	opendata	ca	esp,opendata	86400	Rows of the 'Atles Climàtic de mitjanes per municipi' dataset published by Generalitat de Catalunya transparency portal.
eur-soc-cat-a389-y4d5	https://analisi.transparenciacatalunya.cat/resource/a389-y4d5.json?$limit=1000	json-array	156	Generalitat de Catalunya transparency portal — Matrícula viva	Generalitat de Catalunya transparency portal — Matrícula viva	europe_data	opendata	ca	esp,opendata	86400	Rows of the 'Matrícula viva' dataset published by Generalitat de Catalunya transparency portal.
eur-soc-cat-b5rw-yz3c	https://analisi.transparenciacatalunya.cat/resource/b5rw-yz3c.json?$limit=1000	json-array	1000	Generalitat de Catalunya transparency portal — Inventari de béns i drets de les entitats del Sector Públic	Generalitat de Catalunya transparency portal — Inventari de béns i drets de les entitats del Sector Públic	europe_data	opendata	ca	esp,opendata	86400	Rows of the 'Inventari de béns i drets de les entitats del Sector Públic' dataset published by Generalitat de Catalunya transparency portal.
eur-soc-cat-b94f-7wk8	https://analisi.transparenciacatalunya.cat/resource/b94f-7wk8.json?$limit=1000	json-array	48	Generalitat de Catalunya transparency portal — Estabilitat i sostenibilitat de les finances públiques: deute públic per nivell d’administració	Generalitat de Catalunya transparency portal — Estabilitat i sostenibilitat de les finances públiques: deute públic per nivell d’administració	europe_data	opendata	ca	esp,opendata	86400	Rows of the 'Estabilitat i sostenibilitat de les finances públiques: deute públic per nivell d’administració' dataset published by Generalitat de Catalunya transparency portal.
eur-soc-cat-ceif-iu68	https://analisi.transparenciacatalunya.cat/resource/ceif-iu68.json?$limit=1000	json-array	204	Generalitat de Catalunya transparency portal — Estabilitat i sostenibilitat de les finances públiques: deute públic de les comunitats autònomes	Generalitat de Catalunya transparency portal — Estabilitat i sostenibilitat de les finances públiques: deute públic de les comunitats autònomes	europe_data	opendata	ca	esp,opendata	86400	Rows of the 'Estabilitat i sostenibilitat de les finances públiques: deute públic de les comunitats autònomes' dataset published by Generalitat de Catalunya transparency portal.
eur-soc-cat-cf9d-y6x4	https://analisi.transparenciacatalunya.cat/resource/cf9d-y6x4.json?$limit=1000	json-array	532	Generalitat de Catalunya transparency portal — Carnet de persona artesana alimentària	Generalitat de Catalunya transparency portal — Carnet de persona artesana alimentària	europe_data	opendata	ca	esp,opendata	86400	Rows of the 'Carnet de persona artesana alimentària' dataset published by Generalitat de Catalunya transparency portal.
eur-soc-cat-ijf5-uiur	https://analisi.transparenciacatalunya.cat/resource/ijf5-uiur.json?$limit=1000	json-array	204	Generalitat de Catalunya transparency portal — Estabilitat i sostenibilitat de les finances públiques: regla de despesa de les comunitats autònomes	Generalitat de Catalunya transparency portal — Estabilitat i sostenibilitat de les finances públiques: regla de despesa de les comunitats autònomes	europe_data	opendata	ca	esp,opendata	86400	Rows of the 'Estabilitat i sostenibilitat de les finances públiques: regla de despesa de les comunitats autònomes' dataset published by Generalitat de Catalunya transparency portal.
eur-soc-cat-jsgs-5iiu	https://analisi.transparenciacatalunya.cat/resource/jsgs-5iiu.json?$limit=1000	json-array	1000	Generalitat de Catalunya transparency portal — Informes d’inspecció ambiental integrada	Generalitat de Catalunya transparency portal — Informes d’inspecció ambiental integrada	europe_data	opendata	ca	esp,opendata	86400	Rows of the 'Informes d’inspecció ambiental integrada' dataset published by Generalitat de Catalunya transparency portal.
eur-soc-cat-jshe-z7mt	https://analisi.transparenciacatalunya.cat/resource/jshe-z7mt.json?$limit=1000	json-array	150	Generalitat de Catalunya transparency portal — Estabilitat i sostenibilitat de les finances públiques: Capacitat (+) o necessitat (-) de finançament per nivell d’administració	Generalitat de Catalunya transparency portal — Estabilitat i sostenibilitat de les finances públiques: Capacitat (+) o necessitat (-) de finançament per nivell d’administració	europe_data	opendata	ca	esp,opendata	86400	Rows of the 'Estabilitat i sostenibilitat de les finances públiques: Capacitat (+) o necessitat (-) de finançament per nivell d’administració' dataset published by Generalitat de Catalunya transparency portal.
eur-soc-cat-m7bp-hncj	https://analisi.transparenciacatalunya.cat/resource/m7bp-hncj.json?$limit=1000	json-array	1000	Generalitat de Catalunya transparency portal — Visites diàries a les exposicions del Palau Robert	Generalitat de Catalunya transparency portal — Visites diàries a les exposicions del Palau Robert	europe_data	opendata	ca	esp,opendata	86400	Rows of the 'Visites diàries a les exposicions del Palau Robert' dataset published by Generalitat de Catalunya transparency portal.
eur-soc-cat-nh2x-3jq4	https://analisi.transparenciacatalunya.cat/resource/nh2x-3jq4.json?$limit=1000	json-array	1000	Generalitat de Catalunya transparency portal — Inventari de béns i drets de la Generalitat de Catalunya	Generalitat de Catalunya transparency portal — Inventari de béns i drets de la Generalitat de Catalunya	europe_data	opendata	ca	esp,opendata	86400	Rows of the 'Inventari de béns i drets de la Generalitat de Catalunya' dataset published by Generalitat de Catalunya transparency portal.
eur-soc-cat-qa4t-5ptr	https://analisi.transparenciacatalunya.cat/resource/qa4t-5ptr.json?$limit=1000	json-array	1000	Generalitat de Catalunya transparency portal — Catàleg de Formació Professional - LOMLOE	Generalitat de Catalunya transparency portal — Catàleg de Formació Professional - LOMLOE	europe_data	opendata	ca	esp,opendata	86400	Rows of the 'Catàleg de Formació Professional - LOMLOE' dataset published by Generalitat de Catalunya transparency portal.
eur-soc-cat-s3uc-x9bq	https://analisi.transparenciacatalunya.cat/resource/s3uc-x9bq.json?$limit=1000	json-array	1000	Generalitat de Catalunya transparency portal — Dictàmens emesos per la Comissió Jurídica Assessora, pel Consell de Garanties Estatutàries i pel Consell Consultiu publicats al Portal Jurídic de Catalunya	Generalitat de Catalunya transparency portal — Dictàmens emesos per la Comissió Jurídica Assessora, pel Consell de Garanties Estatutàries i pel Consell Consultiu publicats al Portal Jurídic de Catalunya	europe_data	opendata	ca	esp,opendata	86400	Rows of the 'Dictàmens emesos per la Comissió Jurídica Assessora, pel Consell de Garanties Estatutàries i pel Consell Consultiu publicats al Portal Jurídic de Catalunya' dataset published by Generalitat de Catalunya transparency portal.
eur-soc-cat-tg6d-kufh	https://analisi.transparenciacatalunya.cat/resource/tg6d-kufh.json?$limit=1000	json-array	36	Generalitat de Catalunya transparency portal — Estabilitat i sostenibilitat de les finances públiques: regla de despesa per nivell d’administració	Generalitat de Catalunya transparency portal — Estabilitat i sostenibilitat de les finances públiques: regla de despesa per nivell d’administració	europe_data	opendata	ca	esp,opendata	86400	Rows of the 'Estabilitat i sostenibilitat de les finances públiques: regla de despesa per nivell d’administració' dataset published by Generalitat de Catalunya transparency portal.
eur-soc-cat-tqdx-tz5i	https://analisi.transparenciacatalunya.cat/resource/tqdx-tz5i.json?$limit=1000	json-array	1000	Generalitat de Catalunya transparency portal — Atles Climàtic d’extrems per municipi	Generalitat de Catalunya transparency portal — Atles Climàtic d’extrems per municipi	europe_data	opendata	ca	esp,opendata	86400	Rows of the 'Atles Climàtic d’extrems per municipi' dataset published by Generalitat de Catalunya transparency portal.
eur-soc-cat-wrch-dn23	https://analisi.transparenciacatalunya.cat/resource/wrch-dn23.json?$limit=1000	json-array	250	Generalitat de Catalunya transparency portal — Incompliments de les resolucions de la Comissió de Garantia del Dret d’Accés a la Informació Pública (GAIP)	Generalitat de Catalunya transparency portal — Incompliments de les resolucions de la Comissió de Garantia del Dret d’Accés a la Informació Pública (GAIP)	europe_data	opendata	ca	esp,opendata	86400	Rows of the 'Incompliments de les resolucions de la Comissió de Garantia del Dret d’Accés a la Informació Pública (GAIP)' dataset published by Generalitat de Catalunya transparency portal.
eur-soc-cat-ygq5-mccp	https://analisi.transparenciacatalunya.cat/resource/ygq5-mccp.json?$limit=1000	json-array	219	Generalitat de Catalunya transparency portal — Registre d'Entitats de Medi Ambient	Generalitat de Catalunya transparency portal — Registre d'Entitats de Medi Ambient	europe_data	opendata	ca	esp,opendata	86400	Rows of the 'Registre d'Entitats de Medi Ambient' dataset published by Generalitat de Catalunya transparency portal.
eur-soc-catalunya	https://analisi.transparenciacatalunya.cat/api/views.json?limit=100	json-array	100	Generalitat de Catalunya — open data view index	Generalitat de Catalunya — open data view index	europe_data	opendata	ca	esp,opendata	86400	Catalan transparency portal dataset inventory with identifiers and owners.
eur-soc-lomb-3f6i-nxxr	https://www.dati.lombardia.it/resource/3f6i-nxxr.json?$limit=1000	json-array	563	Regione Lombardia open data — Procedimenti ad istanza di parte Regione Lombardia (aggiornato al 30/04/2026) (Art. 35 D.Lgs 33/2013)	Regione Lombardia open data — Procedimenti ad istanza di parte Regione Lombardia (aggiornato al 30/04/2026) (Art. 35 D.Lgs 33/2013)	europe_data	opendata	it	ita,opendata	86400	Rows of the 'Procedimenti ad istanza di parte Regione Lombardia (aggiornato al 30/04/2026) (Art. 35 D.Lgs 33/2013)' dataset published by Regione Lombardia open data.
eur-soc-lomb-45i7-2vvv	https://www.dati.lombardia.it/resource/45i7-2vvv.json?$limit=1000	json-array	146	Regione Lombardia open data — Procedimenti d’ufficio di Regione Lombardia (aggiornato al 31/07/2026) (Art. 35 D.Lgs 33/2013)	Regione Lombardia open data — Procedimenti d’ufficio di Regione Lombardia (aggiornato al 31/07/2026) (Art. 35 D.Lgs 33/2013)	europe_data	opendata	it	ita,opendata	86400	Rows of the 'Procedimenti d’ufficio di Regione Lombardia (aggiornato al 31/07/2026) (Art. 35 D.Lgs 33/2013)' dataset published by Regione Lombardia open data.
eur-soc-lomb-5gfm-gsfr	https://www.dati.lombardia.it/resource/5gfm-gsfr.json?$limit=1000	json-array	1000	Regione Lombardia open data — Opere d'arte contenute negli istituti culturali nel Comune di Milano	Regione Lombardia open data — Opere d'arte contenute negli istituti culturali nel Comune di Milano	europe_data	opendata	it	ita,opendata	86400	Rows of the 'Opere d'arte contenute negli istituti culturali nel Comune di Milano' dataset published by Regione Lombardia open data.
eur-soc-lomb-5h55-74d7	https://www.dati.lombardia.it/resource/5h55-74d7.json?$limit=1000	json-array	3	Regione Lombardia open data — Revisori dei conti - Mandato 2026_2029	Regione Lombardia open data — Revisori dei conti - Mandato 2026_2029	europe_data	opendata	it	ita,opendata	86400	Rows of the 'Revisori dei conti - Mandato 2026_2029' dataset published by Regione Lombardia open data.
eur-soc-lomb-64ew-ksvg	https://www.dati.lombardia.it/resource/64ew-ksvg.json?$limit=1000	json-array	30	Regione Lombardia open data — Comune di Trezzano sul Naviglio-Canoni locazione immobili SAP	Regione Lombardia open data — Comune di Trezzano sul Naviglio-Canoni locazione immobili SAP	europe_data	opendata	it	ita,opendata	86400	Rows of the 'Comune di Trezzano sul Naviglio-Canoni locazione immobili SAP' dataset published by Regione Lombardia open data.
eur-soc-lomb-6rbr-vjip	https://www.dati.lombardia.it/resource/6rbr-vjip.json?$limit=1000	json-array	645	Regione Lombardia open data — Procedimenti ad istanza di parte Regione Lombardia (aggiornato al 31/07/2026) (Art. 35 D.Lgs 33/2013)	Regione Lombardia open data — Procedimenti ad istanza di parte Regione Lombardia (aggiornato al 31/07/2026) (Art. 35 D.Lgs 33/2013)	europe_data	opendata	it	ita,opendata	86400	Rows of the 'Procedimenti ad istanza di parte Regione Lombardia (aggiornato al 31/07/2026) (Art. 35 D.Lgs 33/2013)' dataset published by Regione Lombardia open data.
eur-soc-lomb-7evz-wdcy	https://www.dati.lombardia.it/resource/7evz-wdcy.json?$limit=1000	json-array	194	Regione Lombardia open data — Procedimenti d’ufficio di Regione Lombardia (Art. 35 D.Lgs 33/2013) – aggiornato al 31 dicembre 2025	Regione Lombardia open data — Procedimenti d’ufficio di Regione Lombardia (Art. 35 D.Lgs 33/2013) – aggiornato al 31 dicembre 2025	europe_data	opendata	it	ita,opendata	86400	Rows of the 'Procedimenti d’ufficio di Regione Lombardia (Art. 35 D.Lgs 33/2013) – aggiornato al 31 dicembre 2025' dataset published by Regione Lombardia open data.
eur-soc-lomb-8iff-w3mt	https://www.dati.lombardia.it/resource/8iff-w3mt.json?$limit=1000	json-array	416	Regione Lombardia open data — Deliberazioni Giunta Regionale della Lombardia - Art 23 d.lgs. 33/2013 - Anno 2026	Regione Lombardia open data — Deliberazioni Giunta Regionale della Lombardia - Art 23 d.lgs. 33/2013 - Anno 2026	europe_data	opendata	it	ita,opendata	86400	Rows of the 'Deliberazioni Giunta Regionale della Lombardia - Art 23 d.lgs. 33/2013 - Anno 2026' dataset published by Regione Lombardia open data.
eur-soc-lomb-8qzg-7d93	https://www.dati.lombardia.it/resource/8qzg-7d93.json?$limit=1000	json-array	1000	Regione Lombardia open data — Beni numismatici contenuti negli istituti culturali di Regione Lombardia	Regione Lombardia open data — Beni numismatici contenuti negli istituti culturali di Regione Lombardia	europe_data	opendata	it	ita,opendata	86400	Rows of the 'Beni numismatici contenuti negli istituti culturali di Regione Lombardia' dataset published by Regione Lombardia open data.
eur-soc-lomb-8vp9-gj8g	https://www.dati.lombardia.it/resource/8vp9-gj8g.json?$limit=1000	json-array	20	Regione Lombardia open data — Comune di Trezzano sul Naviglio - Sezioni elettorali	Regione Lombardia open data — Comune di Trezzano sul Naviglio - Sezioni elettorali	europe_data	opendata	it	ita,opendata	86400	Rows of the 'Comune di Trezzano sul Naviglio - Sezioni elettorali' dataset published by Regione Lombardia open data.
eur-soc-lomb-8w97-9wic	https://www.dati.lombardia.it/resource/8w97-9wic.json?$limit=1000	json-array	203	Regione Lombardia open data — Decreti Dirigenti della Giunta Regionale della Lombardia - Art 23 d.lgs. 33/2013 - Anno 2026	Regione Lombardia open data — Decreti Dirigenti della Giunta Regionale della Lombardia - Art 23 d.lgs. 33/2013 - Anno 2026	europe_data	opendata	it	ita,opendata	86400	Rows of the 'Decreti Dirigenti della Giunta Regionale della Lombardia - Art 23 d.lgs. 33/2013 - Anno 2026' dataset published by Regione Lombardia open data.
eur-soc-lomb-8wru-ja7m	https://www.dati.lombardia.it/resource/8wru-ja7m.json?$limit=1000	json-array	210	Regione Lombardia open data — Comune di Trezzano sul Naviglio-Stradario comunale	Regione Lombardia open data — Comune di Trezzano sul Naviglio-Stradario comunale	europe_data	opendata	it	ita,opendata	86400	Rows of the 'Comune di Trezzano sul Naviglio-Stradario comunale' dataset published by Regione Lombardia open data.
eur-soc-lomb-9nyr-86xn	https://www.dati.lombardia.it/resource/9nyr-86xn.json?$limit=1000	json-array	1000	Regione Lombardia open data — Anagrafica sensori meteo Olimpiadi MiCo2026	Regione Lombardia open data — Anagrafica sensori meteo Olimpiadi MiCo2026	europe_data	opendata	it	ita,opendata	86400	Rows of the 'Anagrafica sensori meteo Olimpiadi MiCo2026' dataset published by Regione Lombardia open data.
eur-soc-lomb-9tx2-nfj4	https://www.dati.lombardia.it/resource/9tx2-nfj4.json?$limit=1000	json-array	147	Regione Lombardia open data — PoliS - Lombardia Tassi di Assenza del Personale Anno 2025	Regione Lombardia open data — PoliS - Lombardia Tassi di Assenza del Personale Anno 2025	europe_data	opendata	it	ita,opendata	86400	Rows of the 'PoliS - Lombardia Tassi di Assenza del Personale Anno 2025' dataset published by Regione Lombardia open data.
eur-soc-lomb-adzy-fbiz	https://www.dati.lombardia.it/resource/adzy-fbiz.json?$limit=1000	json-array	563	Regione Lombardia open data — Procedimenti ad istanza di parte Regione Lombardia (Art. 35 D.Lgs 33/2013) - aggiornato al 31 dicembre 2025	Regione Lombardia open data — Procedimenti ad istanza di parte Regione Lombardia (Art. 35 D.Lgs 33/2013) - aggiornato al 31 dicembre 2025	europe_data	opendata	it	ita,opendata	86400	Rows of the 'Procedimenti ad istanza di parte Regione Lombardia (Art. 35 D.Lgs 33/2013) - aggiornato al 31 dicembre 2025' dataset published by Regione Lombardia open data.
eur-soc-lomb-aiti-ppdx	https://www.dati.lombardia.it/resource/aiti-ppdx.json?$limit=1000	json-array	230	Regione Lombardia open data — Manuale organizzativo al 30/06/2026	Regione Lombardia open data — Manuale organizzativo al 30/06/2026	europe_data	opendata	it	ita,opendata	86400	Rows of the 'Manuale organizzativo al 30/06/2026' dataset published by Regione Lombardia open data.
eur-soc-lomb-b2s3-zctx	https://www.dati.lombardia.it/resource/b2s3-zctx.json?$limit=1000	json-array	14	Regione Lombardia open data — Comune di Trezzano sul Naviglio - Matrimoni e divorzi anno 2025	Regione Lombardia open data — Comune di Trezzano sul Naviglio - Matrimoni e divorzi anno 2025	europe_data	opendata	it	ita,opendata	86400	Rows of the 'Comune di Trezzano sul Naviglio - Matrimoni e divorzi anno 2025' dataset published by Regione Lombardia open data.
eur-soc-lomb-crqv-7wf7	https://www.dati.lombardia.it/resource/crqv-7wf7.json?$limit=1000	json-array	154	Regione Lombardia open data — Comune di Trezzano sul Naviglio - Pratiche Scia	Regione Lombardia open data — Comune di Trezzano sul Naviglio - Pratiche Scia	europe_data	opendata	it	ita,opendata	86400	Rows of the 'Comune di Trezzano sul Naviglio - Pratiche Scia' dataset published by Regione Lombardia open data.
eur-soc-lomb-dn4s-jx87	https://www.dati.lombardia.it/resource/dn4s-jx87.json?$limit=1000	json-array	440	Regione Lombardia open data — Polis - Lombardia Dati sui Pagamenti II° Trimestre 2026	Regione Lombardia open data — Polis - Lombardia Dati sui Pagamenti II° Trimestre 2026	europe_data	opendata	it	ita,opendata	86400	Rows of the 'Polis - Lombardia Dati sui Pagamenti II° Trimestre 2026' dataset published by Regione Lombardia open data.
eur-soc-lomb-g3un-bcya	https://www.dati.lombardia.it/resource/g3un-bcya.json?$limit=1000	json-array	15	Regione Lombardia open data — Rioni Lecco	Regione Lombardia open data — Rioni Lecco	europe_data	opendata	it	ita,opendata	86400	Rows of the 'Rioni Lecco' dataset published by Regione Lombardia open data.
eur-soc-lomb-jhpe-btug	https://www.dati.lombardia.it/resource/jhpe-btug.json?$limit=1000	json-array	1000	Regione Lombardia open data — PROVINCIA MONZA BRIANZA Pozzi	Regione Lombardia open data — PROVINCIA MONZA BRIANZA Pozzi	europe_data	opendata	it	ita,opendata	86400	Rows of the 'PROVINCIA MONZA BRIANZA Pozzi' dataset published by Regione Lombardia open data.
eur-soc-lomb-ji52-5j3s	https://www.dati.lombardia.it/resource/ji52-5j3s.json?$limit=1000	json-array	194	Regione Lombardia open data — Procedimenti d’ufficio di Regione Lombardia (aggiornato al 30/04/2026) (Art. 35 D.Lgs 33/2013)	Regione Lombardia open data — Procedimenti d’ufficio di Regione Lombardia (aggiornato al 30/04/2026) (Art. 35 D.Lgs 33/2013)	europe_data	opendata	it	ita,opendata	86400	Rows of the 'Procedimenti d’ufficio di Regione Lombardia (aggiornato al 30/04/2026) (Art. 35 D.Lgs 33/2013)' dataset published by Regione Lombardia open data.
eur-soc-lomb-k77y-v5zz	https://www.dati.lombardia.it/resource/k77y-v5zz.json?$limit=1000	json-array	1000	Regione Lombardia open data — Gestione Rilevazione Osservatorio Regionale del Commercio	Regione Lombardia open data — Gestione Rilevazione Osservatorio Regionale del Commercio	europe_data	opendata	it	ita,opendata	86400	Rows of the 'Gestione Rilevazione Osservatorio Regionale del Commercio' dataset published by Regione Lombardia open data.
eur-soc-lomb-uhvm-8snb	https://www.dati.lombardia.it/resource/uhvm-8snb.json?$limit=1000	json-array	390	Regione Lombardia open data — Registro degli accessi (Det. n. 1309 del 28/12/2016 - ANAC) al 30/06/2026	Regione Lombardia open data — Registro degli accessi (Det. n. 1309 del 28/12/2016 - ANAC) al 30/06/2026	europe_data	opendata	it	ita,opendata	86400	Rows of the 'Registro degli accessi (Det. n. 1309 del 28/12/2016 - ANAC) al 30/06/2026' dataset published by Regione Lombardia open data.
eur-soc-lomb-y856-h426	https://www.dati.lombardia.it/resource/y856-h426.json?$limit=1000	json-array	1000	Regione Lombardia open data — Dati meteo orari Giochi Invernali Mi-Co 2026	Regione Lombardia open data — Dati meteo orari Giochi Invernali Mi-Co 2026	europe_data	opendata	it	ita,opendata	86400	Rows of the 'Dati meteo orari Giochi Invernali Mi-Co 2026' dataset published by Regione Lombardia open data.
eur-soc-lombardia	https://www.dati.lombardia.it/api/views.json?limit=100	json-array	100	Regione Lombardia — open data view index	Regione Lombardia — open data view index	europe_data	opendata	it	ita,opendata	86400	Lombardy regional open-data inventory with dataset identifiers.
eur-soc-rdw	https://opendata.rdw.nl/api/views.json?limit=100	json-array	100	RDW Netherlands — open data view index	RDW Netherlands — open data view index	europe_data	opendata	nl	nld,opendata	86400	Dutch vehicle authority open-data inventory with dataset identifiers.
eur-soc-rdw-2ba7-embk	https://opendata.rdw.nl/resource/2ba7-embk.json?$limit=1000	json-array	1000	RDW Netherlands vehicle authority open data — Open Data RDW: Gekentekende_voertuigen_subcategorie_voertuig	RDW Netherlands vehicle authority open data — Open Data RDW: Gekentekende_voertuigen_subcategorie_voertuig	europe_data	opendata	nl	nld,opendata	86400	Rows of the 'Open Data RDW: Gekentekende_voertuigen_subcategorie_voertuig' dataset published by RDW Netherlands vehicle authority open data.
eur-soc-rdw-3rhp-hrx5	https://opendata.rdw.nl/resource/3rhp-hrx5.json?$limit=1000	json-array	51	RDW Netherlands vehicle authority open data — Locaties	RDW Netherlands vehicle authority open data — Locaties	europe_data	opendata	nl	nld,opendata	86400	Rows of the 'Locaties' dataset published by RDW Netherlands vehicle authority open data.
eur-soc-rdw-3xwf-ince	https://opendata.rdw.nl/resource/3xwf-ince.json?$limit=1000	json-array	542	RDW Netherlands vehicle authority open data — Open Data RDW: Gekentekende_voertuigen_rupsbanden	RDW Netherlands vehicle authority open data — Open Data RDW: Gekentekende_voertuigen_rupsbanden	europe_data	opendata	nl	nld,opendata	86400	Rows of the 'Open Data RDW: Gekentekende_voertuigen_rupsbanden' dataset published by RDW Netherlands vehicle authority open data.
eur-soc-rdw-4by9-ammk	https://opendata.rdw.nl/resource/4by9-ammk.json?$limit=1000	json-array	1000	RDW Netherlands vehicle authority open data — Open Data RDW: TGK Aandrijving Uitvoering	RDW Netherlands vehicle authority open data — Open Data RDW: TGK Aandrijving Uitvoering	europe_data	opendata	nl	nld,opendata	86400	Rows of the 'Open Data RDW: TGK Aandrijving Uitvoering' dataset published by RDW Netherlands vehicle authority open data.
eur-soc-rdw-7rjk-eycs	https://opendata.rdw.nl/resource/7rjk-eycs.json?$limit=1000	json-array	1000	RDW Netherlands vehicle authority open data — Open Data RDW: TGK Versnelling Uitvoering	RDW Netherlands vehicle authority open data — Open Data RDW: TGK Versnelling Uitvoering	europe_data	opendata	nl	nld,opendata	86400	Rows of the 'Open Data RDW: TGK Versnelling Uitvoering' dataset published by RDW Netherlands vehicle authority open data.
eur-soc-rdw-7ug8-2dtt	https://opendata.rdw.nl/resource/7ug8-2dtt.json?$limit=1000	json-array	1000	RDW Netherlands vehicle authority open data — Open Data RDW: Gekentekende_voertuigen_bijzonderheden	RDW Netherlands vehicle authority open data — Open Data RDW: Gekentekende_voertuigen_bijzonderheden	europe_data	opendata	nl	nld,opendata	86400	Rows of the 'Open Data RDW: Gekentekende_voertuigen_bijzonderheden' dataset published by RDW Netherlands vehicle authority open data.
eur-soc-rdw-8wbe-pu7d	https://opendata.rdw.nl/resource/8wbe-pu7d.json?$limit=1000	json-array	1000	RDW Netherlands vehicle authority open data — Brandstoffen_op_PC4	RDW Netherlands vehicle authority open data — Brandstoffen_op_PC4	europe_data	opendata	nl	nld,opendata	86400	Rows of the 'Brandstoffen_op_PC4' dataset published by RDW Netherlands vehicle authority open data.
eur-soc-rdw-9s6a-b42z	https://opendata.rdw.nl/resource/9s6a-b42z.json?$limit=1000	json-array	1000	RDW Netherlands vehicle authority open data — Open Data RDW: TGK Intrekking Typegoedkeuring	RDW Netherlands vehicle authority open data — Open Data RDW: TGK Intrekking Typegoedkeuring	europe_data	opendata	nl	nld,opendata	86400	Rows of the 'Open Data RDW: TGK Intrekking Typegoedkeuring' dataset published by RDW Netherlands vehicle authority open data.
eur-soc-rdw-b2fs-9ymw	https://opendata.rdw.nl/resource/b2fs-9ymw.json?$limit=1000	json-array	139	RDW Netherlands vehicle authority open data — Gebieden	RDW Netherlands vehicle authority open data — Gebieden	europe_data	opendata	nl	nld,opendata	86400	Rows of the 'Gebieden' dataset published by RDW Netherlands vehicle authority open data.
eur-soc-rdw-byxc-wwua	https://opendata.rdw.nl/resource/byxc-wwua.json?$limit=1000	json-array	1000	RDW Netherlands vehicle authority open data — Open Data RDW: TGK Basis Uitvoering	RDW Netherlands vehicle authority open data — Open Data RDW: TGK Basis Uitvoering	europe_data	opendata	nl	nld,opendata	86400	Rows of the 'Open Data RDW: TGK Basis Uitvoering' dataset published by RDW Netherlands vehicle authority open data.
eur-soc-rdw-d3ex-xghj	https://opendata.rdw.nl/resource/d3ex-xghj.json?$limit=1000	json-array	1000	RDW Netherlands vehicle authority open data — Open Data RDW: TGK Koppeling Uitvoering	RDW Netherlands vehicle authority open data — Open Data RDW: TGK Koppeling Uitvoering	europe_data	opendata	nl	nld,opendata	86400	Rows of the 'Open Data RDW: TGK Koppeling Uitvoering' dataset published by RDW Netherlands vehicle authority open data.
eur-soc-rdw-gfb5-nkdy	https://opendata.rdw.nl/resource/gfb5-nkdy.json?$limit=1000	json-array	22	RDW Netherlands vehicle authority open data — Locaties	RDW Netherlands vehicle authority open data — Locaties	europe_data	opendata	nl	nld,opendata	86400	Rows of the 'Locaties' dataset published by RDW Netherlands vehicle authority open data.
eur-soc-rdw-gr7t-qfnb	https://opendata.rdw.nl/resource/gr7t-qfnb.json?$limit=1000	json-array	1000	RDW Netherlands vehicle authority open data — Open Data RDW: TGK Energiebron Uitvoering	RDW Netherlands vehicle authority open data — Open Data RDW: TGK Energiebron Uitvoering	europe_data	opendata	nl	nld,opendata	86400	Rows of the 'Open Data RDW: TGK Energiebron Uitvoering' dataset published by RDW Netherlands vehicle authority open data.
eur-soc-rdw-gwux-2dqa	https://opendata.rdw.nl/resource/gwux-2dqa.json?$limit=1000	json-array	1000	RDW Netherlands vehicle authority open data — Erkend Bedrijf zoeken	RDW Netherlands vehicle authority open data — Erkend Bedrijf zoeken	europe_data	opendata	nl	nld,opendata	86400	Rows of the 'Erkend Bedrijf zoeken' dataset published by RDW Netherlands vehicle authority open data.
eur-soc-rdw-jqs4-4kvw	https://opendata.rdw.nl/resource/jqs4-4kvw.json?$limit=1000	json-array	9	RDW Netherlands vehicle authority open data — Open Data RDW: Tellerstandoordeel Trend Toelichting	RDW Netherlands vehicle authority open data — Open Data RDW: Tellerstandoordeel Trend Toelichting	europe_data	opendata	nl	nld,opendata	86400	Rows of the 'Open Data RDW: Tellerstandoordeel Trend Toelichting' dataset published by RDW Netherlands vehicle authority open data.
eur-soc-rdw-ky2r-jqad	https://opendata.rdw.nl/resource/ky2r-jqad.json?$limit=1000	json-array	1000	RDW Netherlands vehicle authority open data — Open Data RDW: TGK Carrosserie Uitvoering	RDW Netherlands vehicle authority open data — Open Data RDW: TGK Carrosserie Uitvoering	europe_data	opendata	nl	nld,opendata	86400	Rows of the 'Open Data RDW: TGK Carrosserie Uitvoering' dataset published by RDW Netherlands vehicle authority open data.
eur-soc-rdw-kyri-nuah	https://opendata.rdw.nl/resource/kyri-nuah.json?$limit=1000	json-array	1000	RDW Netherlands vehicle authority open data — Open Data RDW: TGK Merk Uitvoering	RDW Netherlands vehicle authority open data — Open Data RDW: TGK Merk Uitvoering	europe_data	opendata	nl	nld,opendata	86400	Rows of the 'Open Data RDW: TGK Merk Uitvoering' dataset published by RDW Netherlands vehicle authority open data.
eur-soc-rdw-m692-vvff	https://opendata.rdw.nl/resource/m692-vvff.json?$limit=1000	json-array	1000	RDW Netherlands vehicle authority open data — Open Data RDW: TGK Speciale Doeleinden	RDW Netherlands vehicle authority open data — Open Data RDW: TGK Speciale Doeleinden	europe_data	opendata	nl	nld,opendata	86400	Rows of the 'Open Data RDW: TGK Speciale Doeleinden' dataset published by RDW Netherlands vehicle authority open data.
eur-soc-rdw-x5v3-sewk	https://opendata.rdw.nl/resource/x5v3-sewk.json?$limit=1000	json-array	1000	RDW Netherlands vehicle authority open data — Open Data RDW: TGK Handelsbenaming Fabrikant	RDW Netherlands vehicle authority open data — Open Data RDW: TGK Handelsbenaming Fabrikant	europe_data	opendata	nl	nld,opendata	86400	Rows of the 'Open Data RDW: TGK Handelsbenaming Fabrikant' dataset published by RDW Netherlands vehicle authority open data.
eur-soc-rdw-xhyb-w7xt	https://opendata.rdw.nl/resource/xhyb-w7xt.json?$limit=1000	json-array	1000	RDW Netherlands vehicle authority open data — Open Data RDW: TGK As Uitvoering	RDW Netherlands vehicle authority open data — Open Data RDW: TGK As Uitvoering	europe_data	opendata	nl	nld,opendata	86400	Rows of the 'Open Data RDW: TGK As Uitvoering' dataset published by RDW Netherlands vehicle authority open data.
eur-soc-rdw-xn6e-huse	https://opendata.rdw.nl/resource/xn6e-huse.json?$limit=1000	json-array	128	RDW Netherlands vehicle authority open data — Open Data RDW: TGK Rupsbandset Uitvoering	RDW Netherlands vehicle authority open data — Open Data RDW: TGK Rupsbandset Uitvoering	europe_data	opendata	nl	nld,opendata	86400	Rows of the 'Open Data RDW: TGK Rupsbandset Uitvoering' dataset published by RDW Netherlands vehicle authority open data.
eur-soc-rdw-yefi-qfiq	https://opendata.rdw.nl/resource/yefi-qfiq.json?$limit=1000	json-array	1000	RDW Netherlands vehicle authority open data — Open Data Parkeren: REGELING	RDW Netherlands vehicle authority open data — Open Data Parkeren: REGELING	europe_data	opendata	nl	nld,opendata	86400	Rows of the 'Open Data Parkeren: REGELING' dataset published by RDW Netherlands vehicle authority open data.
eur-ssb-klass2	https://data.ssb.no/api/klass/v1/classifications.json?size=100	json:_embedded.classifications	100	Statistics Norway KLASS — classifications	Statistics Norway KLASS — classifications	europe_gov	statistics	no	nor,statistics	86400	Official Norwegian statistical classifications and code lists.
eur-ssb-klassfam	https://data.ssb.no/api/klass/v1/classificationfamilies.json	json:_embedded.classificationFamilies	22	Statistics Norway KLASS — classification families	Statistics Norway KLASS — classification families	europe_gov	statistics	no	nor,statistics	86400	Thematic families grouping Norwegian statistical classifications.
eur-statbank-subjects	https://api.statbank.dk/v1/subjects?format=JSON&lang=en	json-array	10	Statistics Denmark — subject tree	Statistics Denmark — subject tree	europe_gov	statistics	en	dnk,statistics	86400	Top-level subject tree of the Danish StatBank.
eur-statbank-tables	https://api.statbank.dk/v1/tables?format=JSON&lang=en	json-array	2316	Statistics Denmark — table catalogue	Statistics Denmark — table catalogue	europe_gov	statistics	en	dnk,statistics	86400	Every StatBank table with identifier, period coverage and update time.
eur-statfin-hinta	https://pxdata.stat.fi/PxWeb/api/v1/en/StatFin/khi/	json-array	17	Statistics Finland — consumer price tables	Statistics Finland — consumer price tables	europe_gov	statistics	en	fin,statistics	86400	Table inventory of the Finnish consumer price index.
eur-statfin-kans	https://pxdata.stat.fi/PxWeb/api/v1/en/StatFin/muutl/	json-array	19	Statistics Finland — migration tables	Statistics Finland — migration tables	europe_gov	statistics	en	fin,statistics	86400	Table inventory of Finnish migration and citizenship statistics.
eur-statfin-rikos	https://pxdata.stat.fi/PxWeb/api/v1/en/StatFin/rpk/	json-array	52	Statistics Finland — crime statistics tables	Statistics Finland — crime statistics tables	europe_gov	statistics	en	fin,statistics	86400	Table inventory of Finnish recorded-crime statistics.
eur-statfin-tyti	https://pxdata.stat.fi/PxWeb/api/v1/en/StatFin/tyti/	json-array	39	Statistics Finland — labour force survey tables	Statistics Finland — labour force survey tables	europe_gov	statistics	en	fin,statistics	86400	Table inventory of the Finnish labour force survey.
eur-statfin-vaerak	https://pxdata.stat.fi/PxWeb/api/v1/en/StatFin/vaerak/	json-array	32	Statistics Finland — population structure tables	Statistics Finland — population structure tables	europe_gov	statistics	en	fin,statistics	86400	Table inventory of the Finnish population structure statistics.
eur-statistics-sk-collection	https://data.statistics.sk/api/v2/collection?lang=en	json:link.item	668	Statistics Slovakia — dataset collection	Statistics Slovakia — dataset collection	europe_gov	statistics	en	svk,statistics	86400	Machine-readable collection of Slovak official statistics datasets.
eur-statistics-sk-sk	https://data.statistics.sk/api/v2/collection?lang=sk	json:link.item	668	Statistics Slovakia — dataset collection (SK)	Statistics Slovakia — dataset collection (SK)	europe_gov	statistics	sk	svk,statistics	86400	Slovak-language machine-readable collection of Slovak official statistics datasets.
eur-stortinget-emner	https://data.stortinget.no/eksport/emner?format=json	json:emne_liste	27	Stortinget Norway — subject index	Stortinget Norway — subject index	europe_gov	politics	no	nor,politics	86400	Subject taxonomy used to classify Norwegian parliamentary business.
eur-stortinget-komiteer	https://data.stortinget.no/eksport/dagensrepresentanter?format=json	json:dagensrepresentanter_liste	169	Stortinget Norway — sitting representatives	Stortinget Norway — sitting representatives	europe_gov	politics	no	nor,politics	86400	Currently sitting Norwegian MPs with party and constituency.
eur-stortinget-moter2	https://data.stortinget.no/eksport/moter?format=json	json:moter_liste	152	Stortinget Norway — sittings	Stortinget Norway — sittings	europe_gov	politics	no	nor,politics	21600	Scheduled and held sittings of the Norwegian parliament for the running session.
eur-stortinget-partier	https://data.stortinget.no/eksport/partier?format=json	json:partier_liste	9	Stortinget Norway — parties	Stortinget Norway — parties	europe_gov	politics	no	nor,politics	86400	Political parties represented in the Norwegian parliament.
eur-stortinget-publikasjoner	https://data.stortinget.no/eksport/publikasjoner?format=json&publikasjontype=referat	json:publikasjoner_liste	107	Stortinget Norway — verbatim reports	Stortinget Norway — verbatim reports	europe_gov	politics	no	nor,politics	21600	Published verbatim proceedings of the Norwegian parliament.
eur-stortinget-saker	https://data.stortinget.no/eksport/saker?format=json	json:saker_liste	650	Stortinget Norway — parliamentary cases	Stortinget Norway — parliamentary cases	europe_gov	politics	no	nor,politics	21600	Cases before the Norwegian parliament with status and committee.
eur-tk-activiteit	https://gegevensmagazijn.tweedekamer.nl/OData/v4/2.0/Activiteit?$top=50&$format=json	json:value	50	Tweede Kamer Netherlands — activities	Tweede Kamer Netherlands — activities	europe_gov	politics	nl	nld,politics	21600	Scheduled and completed activities of the Dutch House of Representatives.
eur-tk-agendapunt	https://gegevensmagazijn.tweedekamer.nl/OData/v4/2.0/Agendapunt?$top=50&$format=json	json:value	50	Tweede Kamer Netherlands — agenda items	Tweede Kamer Netherlands — agenda items	europe_gov	politics	nl	nld,politics	21600	Agenda items attached to Dutch parliamentary activities.
eur-tk-besluit	https://gegevensmagazijn.tweedekamer.nl/OData/v4/2.0/Besluit?$top=50&$format=json&$orderby=GewijzigdOp%20desc	json:value	50	Tweede Kamer Netherlands — decisions	Tweede Kamer Netherlands — decisions	europe_gov	politics	nl	nld,politics	21600	Decisions taken by the Dutch House of Representatives, newest first.
eur-tk-commissie	https://gegevensmagazijn.tweedekamer.nl/OData/v4/2.0/Commissie?$top=100&$format=json	json:value	100	Tweede Kamer Netherlands — committees	Tweede Kamer Netherlands — committees	europe_gov	politics	nl	nld,politics	86400	Committees of the Dutch House of Representatives.
eur-tk-fractie	https://gegevensmagazijn.tweedekamer.nl/OData/v4/2.0/Fractie?$top=100&$format=json	json:value	100	Tweede Kamer Netherlands — parliamentary groups	Tweede Kamer Netherlands — parliamentary groups	europe_gov	politics	nl	nld,politics	86400	Parliamentary groups in the Dutch House with seat counts.
eur-tk-vergadering	https://gegevensmagazijn.tweedekamer.nl/OData/v4/2.0/Vergadering?$top=50&$format=json	json:value	50	Tweede Kamer Netherlands — plenary meetings	Tweede Kamer Netherlands — plenary meetings	europe_gov	politics	nl	nld,politics	21600	Plenary meetings of the Dutch House of Representatives.
eur-tk-verslag	https://gegevensmagazijn.tweedekamer.nl/OData/v4/2.0/Reservering?$top=50&$format=json	json:value	50	Tweede Kamer Netherlands — room reservations	Tweede Kamer Netherlands — room reservations	europe_gov	politics	nl	nld,politics	21600	Room reservations linking Dutch parliamentary activities to times and places.
eur-tk-zaal	https://gegevensmagazijn.tweedekamer.nl/OData/v4/2.0/Zaal?$top=100&$format=json	json:value	64	Tweede Kamer Netherlands — meeting rooms	Tweede Kamer Netherlands — meeting rooms	europe_gov	politics	nl	nld,politics	86400	Rooms used for Dutch parliamentary meetings, needed to resolve activity locations.
eur-uba-components	https://www.umweltbundesamt.de/api/air_data/v3/components/json?lang=de	json:indices	5	UBA Germany — air pollutant components	UBA Germany — air pollutant components	europe_env	environment	de	deu,environment	86400	Pollutant components measured by the German federal air-quality network.
eur-uba-de-stations	https://www.umweltbundesamt.de/api/air_data/v3/stations/json?use=airquality&lang=de	json:indices	20	UBA Germany — air quality stations	UBA Germany — air quality stations	europe_env	environment	de	deu,environment	21600	German federal air-quality monitoring stations with location and network.
eur-uba-networks2	https://www.umweltbundesamt.de/api/air_data/v3/networks/json?lang=de	json:indices	3	UBA Germany — measuring networks	UBA Germany — measuring networks	europe_env	environment	de	deu,environment	86400	Measuring networks feeding the German federal air-quality database.
eur-uba-scopes	https://www.umweltbundesamt.de/api/air_data/v3/scopes/json?lang=de	json:indices	6	UBA Germany — measurement scopes	UBA Germany — measurement scopes	europe_env	environment	de	deu,environment	86400	Averaging scopes and aggregation definitions of German air-quality series.
eur-udata-dadosgovpt	https://dados.gov.pt/api/1/datasets/?page_size=100	json:data	100	dados.gov.pt — open data catalogue	dados.gov.pt — open data catalogue	europe_data	opendata	pt	prt,opendata	86400	Portuguese national open-data catalogue dataset listing.
eur-udata-datagouv-new	https://www.data.gouv.fr/api/1/datasets/?page_size=50&sort=-created	json:data	50	data.gouv.fr — newest datasets	data.gouv.fr — newest datasets	europe_data	opendata	fr	fra,opendata	21600	Most recently created datasets on the French national open-data portal.
eur-udata-datagouv-reuses	https://www.data.gouv.fr/api/1/reuses/?page_size=50	json:data	50	data.gouv.fr — data reuses	data.gouv.fr — data reuses	europe_data	opendata	fr	fra,opendata	86400	Third-party reuses declared against French national open datasets.
eur-udata-datapubliclu	https://data.public.lu/api/1/datasets/?page_size=100	json:data	100	data.public.lu — open data catalogue	data.public.lu — open data catalogue	europe_data	opendata	fr	lux,opendata	86400	Luxembourg national open-data catalogue dataset listing.
eur-udata-lu-orgs	https://data.public.lu/api/1/organizations/?page_size=100	json:data	100	data.public.lu — publishing organisations	data.public.lu — publishing organisations	europe_data	opendata	fr	lux,opendata	86400	Organisations publishing on the Luxembourg open-data portal.
eur-udata-pt-new	https://dados.gov.pt/api/1/datasets/?page_size=100&sort=-created	json:data	100	dados.gov.pt — newest datasets	dados.gov.pt — newest datasets	europe_data	opendata	pt	prt,opendata	21600	Most recently created datasets on the Portuguese national open-data portal.
eur-udata-pt-orgs	https://dados.gov.pt/api/1/organizations/?page_size=100	json:data	100	dados.gov.pt — publishing organisations	dados.gov.pt — publishing organisations	europe_data	opendata	pt	prt,opendata	86400	Organisations publishing on the Portuguese national open-data portal.
eur-udata-pt-reuses	https://dados.gov.pt/api/1/reuses/?page_size=100	json:data	100	dados.gov.pt — data reuses	dados.gov.pt — data reuses	europe_data	opendata	pt	prt,opendata	86400	Third-party reuses declared against Portuguese national open datasets.
eur-udata-rs	https://data.gov.rs/api/1/datasets/?page_size=100	json:data	100	data.gov.rs — open data catalogue	data.gov.rs — open data catalogue	europe_data	opendata	sr	srb,opendata	86400	Serbian national open-data catalogue dataset listing.
eur-udata-rs-orgs	https://data.gov.rs/api/1/organizations/?page_size=100	json:data	100	data.gov.rs — publishing organisations	data.gov.rs — publishing organisations	europe_data	opendata	sr	srb,opendata	86400	Organisations publishing on the Serbian national open-data portal.
eur-udata-rs-reuses	https://data.gov.rs/api/1/reuses/?page_size=100	json:data	88	data.gov.rs — data reuses	data.gov.rs — data reuses	europe_data	opendata	sr	srb,opendata	86400	Third-party reuses declared against Serbian national open datasets.
eur-varsom-avalanche	https://api01.nve.no/hydrology/forecast/avalanche/v6.2.1/api/RegionSummary/Simple/1	json-array	46	NVE Norway — avalanche region summary	NVE Norway — avalanche region summary	europe_env	hazard	no	nor,hazard	1800	Simplified avalanche danger level per Norwegian forecast region.
eur-wfs-bkg-vg250-vg250-gem	https://sgx.geodatenzentrum.de/wfs_vg250?service=WFS&version=2.0.0&request=GetFeature&typeNames=vg250%3Avg250_gem&outputFormat=application%2Fjson&count=200	geojson	200	BKG Verwaltungsgebiete — Gemeinden	BKG Verwaltungsgebiete — Gemeinden	europe_env	geo	de	deu,geo,wfs	86400	Vector features of the 'Gemeinden' layer served over WFS by BKG Verwaltungsgebiete, with real geometry.
eur-wfs-bkg-vg250-vg250-krs	https://sgx.geodatenzentrum.de/wfs_vg250?service=WFS&version=2.0.0&request=GetFeature&typeNames=vg250%3Avg250_krs&outputFormat=application%2Fjson&count=200	geojson	200	BKG Verwaltungsgebiete — Kreis	BKG Verwaltungsgebiete — Kreis	europe_env	geo	de	deu,geo,wfs	86400	Vector features of the 'Kreis' layer served over WFS by BKG Verwaltungsgebiete, with real geometry.
eur-wfs-bkg-vg250-vg250-lan	https://sgx.geodatenzentrum.de/wfs_vg250?service=WFS&version=2.0.0&request=GetFeature&typeNames=vg250%3Avg250_lan&outputFormat=application%2Fjson&count=200	geojson	34	BKG Verwaltungsgebiete — Bundesland	BKG Verwaltungsgebiete — Bundesland	europe_env	geo	de	deu,geo,wfs	86400	Vector features of the 'Bundesland' layer served over WFS by BKG Verwaltungsgebiete, with real geometry.
eur-wfs-bkg-vg250-vg250-li	https://sgx.geodatenzentrum.de/wfs_vg250?service=WFS&version=2.0.0&request=GetFeature&typeNames=vg250%3Avg250_li&outputFormat=application%2Fjson&count=200	geojson	200	BKG Verwaltungsgebiete — Grenzlinien	BKG Verwaltungsgebiete — Grenzlinien	europe_env	geo	de	deu,geo,wfs	86400	Vector features of the 'Grenzlinien' layer served over WFS by BKG Verwaltungsgebiete, with real geometry.
eur-wfs-bkg-vg250-vg250-pk	https://sgx.geodatenzentrum.de/wfs_vg250?service=WFS&version=2.0.0&request=GetFeature&typeNames=vg250%3Avg250_pk&outputFormat=application%2Fjson&count=200	geojson	200	BKG Verwaltungsgebiete — Gemeindepunkte	BKG Verwaltungsgebiete — Gemeindepunkte	europe_env	geo	de	deu,geo,wfs	86400	Vector features of the 'Gemeindepunkte' layer served over WFS by BKG Verwaltungsgebiete, with real geometry.
eur-wfs-bkg-vg250-vg250-rbz	https://sgx.geodatenzentrum.de/wfs_vg250?service=WFS&version=2.0.0&request=GetFeature&typeNames=vg250%3Avg250_rbz&outputFormat=application%2Fjson&count=200	geojson	21	BKG Verwaltungsgebiete — Regierungsbezirk	BKG Verwaltungsgebiete — Regierungsbezirk	europe_env	geo	de	deu,geo,wfs	86400	Vector features of the 'Regierungsbezirk' layer served over WFS by BKG Verwaltungsgebiete, with real geometry.
eur-wfs-bkg-vg250-vg250-sta	https://sgx.geodatenzentrum.de/wfs_vg250?service=WFS&version=2.0.0&request=GetFeature&typeNames=vg250%3Avg250_sta&outputFormat=application%2Fjson&count=200	geojson	11	BKG Verwaltungsgebiete — Staat	BKG Verwaltungsgebiete — Staat	europe_env	geo	de	deu,geo,wfs	86400	Vector features of the 'Staat' layer served over WFS by BKG Verwaltungsgebiete, with real geometry.
eur-wfs-bkg-vg250-vg250-vwg	https://sgx.geodatenzentrum.de/wfs_vg250?service=WFS&version=2.0.0&request=GetFeature&typeNames=vg250%3Avg250_vwg&outputFormat=application%2Fjson&count=200	geojson	200	BKG Verwaltungsgebiete — Verwaltungsgebiete	BKG Verwaltungsgebiete — Verwaltungsgebiete	europe_env	geo	de	deu,geo,wfs	86400	Vector features of the 'Verwaltungsgebiete' layer served over WFS by BKG Verwaltungsgebiete, with real geometry.
eur-wfs-cuzk-cz-administrativeboundary	https://services.cuzk.cz/wfs/inspire-au-wfs.asp?service=WFS&version=2.0.0&request=GetFeature&typeNames=au%3AAdministrativeBoundary&outputFormat=application%2Fjson&count=20	geojson	20	CUZK — Administrative units boundaries	CUZK — Administrative units boundaries	europe_env	geo	cs	cze,geo,wfs	86400	Vector features of the 'Administrative units boundaries' layer served over WFS by CUZK, with real geometry.
eur-wfs-dk-dataforsyning-ans18	https://geodata.fvm.dk/geoserver/wfs?service=WFS&version=2.0.0&request=GetFeature&typeNames=Jordbrugsanalyser%3AANS18&outputFormat=application%2Fjson&count=50	geojson	50	Danish Agriculture Agency — ANS18	Danish Agriculture Agency — ANS18	europe_env	geo	da	dnk,geo,wfs	86400	Vector features of the 'ANS18' layer served over WFS by Danish Agriculture Agency, with real geometry.
eur-wfs-dk-dataforsyning-ansoegere17	https://geodata.fvm.dk/geoserver/wfs?service=WFS&version=2.0.0&request=GetFeature&typeNames=Jordbrugsanalyser%3AAnsoegere17&outputFormat=application%2Fjson&count=50	geojson	50	Danish Agriculture Agency — Ans�gere17	Danish Agriculture Agency — Ans�gere17	europe_env	geo	da	dnk,geo,wfs	86400	Vector features of the 'Ans�gere17' layer served over WFS by Danish Agriculture Agency, with real geometry.
eur-wfs-geopf-a-1-limite-administrative	https://data.geopf.fr/wfs/ows?service=WFS&version=2.0.0&request=GetFeature&typeNames=BDCARTO_ETAT-MAJOR.NIVEAU4%3Aa_1_limite_administrative&outputFormat=application%2Fjson&count=20	geojson	20	IGN Geoplateforme — BD CARTO Etat-major	IGN Geoplateforme — BD CARTO Etat-major	europe_env	geo	fr	fra,geo,wfs	86400	Vector features of the 'BD CARTO Etat-major' layer served over WFS by IGN Geoplateforme, with real geometry.
eur-wfs-geopf-a-2-surface-administrative	https://data.geopf.fr/wfs/ows?service=WFS&version=2.0.0&request=GetFeature&typeNames=BDCARTO_ETAT-MAJOR.NIVEAU4%3Aa_2_surface_administrative&outputFormat=application%2Fjson&count=20	geojson	20	IGN Geoplateforme — BD CARTO Etat-major	IGN Geoplateforme — BD CARTO Etat-major	europe_env	geo	fr	fra,geo,wfs	86400	Vector features of the 'BD CARTO Etat-major' layer served over WFS by IGN Geoplateforme, with real geometry.
eur-wfs-geopf-acces-porteur	https://data.geopf.fr/wfs/ows?service=WFS&version=2.0.0&request=GetFeature&typeNames=IGNF_ACCESSIBILITE-PHYSIQUE-FORETS-%3Aacces_porteur&outputFormat=application%2Fjson&count=20	geojson	20	IGN Geoplateforme — Accessibilité physique des forêts PORTEUR	IGN Geoplateforme — Accessibilité physique des forêts PORTEUR	europe_env	geo	fr	fra,geo,wfs	86400	Vector features of the 'Accessibilité physique des forêts PORTEUR' layer served over WFS by IGN Geoplateforme, with real geometry.
eur-wfs-geopf-acces-skidder	https://data.geopf.fr/wfs/ows?service=WFS&version=2.0.0&request=GetFeature&typeNames=IGNF_ACCESSIBILITE-PHYSIQUE-FORETS-%3Aacces_skidder&outputFormat=application%2Fjson&count=20	geojson	20	IGN Geoplateforme — Accessibilité physique des forêts SKIDDER	IGN Geoplateforme — Accessibilité physique des forêts SKIDDER	europe_env	geo	fr	fra,geo,wfs	86400	Vector features of the 'Accessibilité physique des forêts SKIDDER' layer served over WFS by IGN Geoplateforme, with real geometry.
eur-wfs-geopf-acte-sup	https://data.geopf.fr/wfs/ows?service=WFS&version=2.0.0&request=GetFeature&typeNames=wfs_sup%3Aacte_sup&outputFormat=application%2Fjson&count=20	geojson	20	IGN Geoplateforme — Acte de servitude d'utilité publique	IGN Geoplateforme — Acte de servitude d'utilité publique	europe_env	geo	fr	fra,geo,wfs	86400	Vector features of the 'Acte de servitude d'utilité publique' layer served over WFS by IGN Geoplateforme, with real geometry.
eur-wfs-geopf-arrondissement-municipal	https://data.geopf.fr/wfs/ows?service=WFS&version=2.0.0&request=GetFeature&typeNames=LIMITES_ADMINISTRATIVES_EXPRESS.LATEST%3Aarrondissement_municipal&outputFormat=application%2Fjson&count=20	geojson	20	IGN Geoplateforme — ADMIN EXPRESS mises a jour en continu - arrondissement municipal	IGN Geoplateforme — ADMIN EXPRESS mises a jour en continu - arrondissement municipal	europe_env	geo	fr	fra,geo,wfs	86400	Vector features of the 'ADMIN EXPRESS mises a jour en continu - arrondissement municipal' layer served over WFS by IGN Geoplateforme, with real geometry.
eur-wfs-geopf-assiette-sup-l	https://data.geopf.fr/wfs/ows?service=WFS&version=2.0.0&request=GetFeature&typeNames=wfs_sup%3Aassiette_sup_l&outputFormat=application%2Fjson&count=20	geojson	20	IGN Geoplateforme — Assiette de servitude d'utilité publique	IGN Geoplateforme — Assiette de servitude d'utilité publique	europe_env	geo	fr	fra,geo,wfs	86400	Vector features of the 'Assiette de servitude d'utilité publique' layer served over WFS by IGN Geoplateforme, with real geometry.
eur-wfs-geopf-assiette-sup-s	https://data.geopf.fr/wfs/ows?service=WFS&version=2.0.0&request=GetFeature&typeNames=wfs_sup%3Aassiette_sup_s&outputFormat=application%2Fjson&count=20	geojson	20	IGN Geoplateforme — Assiette de servitude d'utilité publique	IGN Geoplateforme — Assiette de servitude d'utilité publique	europe_env	geo	fr	fra,geo,wfs	86400	Vector features of the 'Assiette de servitude d'utilité publique' layer served over WFS by IGN Geoplateforme, with real geometry.
eur-wfs-geopf-b-1-troncon-de-route	https://data.geopf.fr/wfs/ows?service=WFS&version=2.0.0&request=GetFeature&typeNames=BDCARTO_ETAT-MAJOR.NIVEAU4%3Ab_1_troncon_de_route&outputFormat=application%2Fjson&count=20	geojson	20	IGN Geoplateforme — BD CARTO Etat-major	IGN Geoplateforme — BD CARTO Etat-major	europe_env	geo	fr	fra,geo,wfs	86400	Vector features of the 'BD CARTO Etat-major' layer served over WFS by IGN Geoplateforme, with real geometry.
eur-wfs-geopf-b-2-troncon-de-voie-ferree	https://data.geopf.fr/wfs/ows?service=WFS&version=2.0.0&request=GetFeature&typeNames=BDCARTO_ETAT-MAJOR.NIVEAU4%3Ab_2_troncon_de_voie_ferree&outputFormat=application%2Fjson&count=20	geojson	20	IGN Geoplateforme — BD CARTO Etat-major	IGN Geoplateforme — BD CARTO Etat-major	europe_env	geo	fr	fra,geo,wfs	86400	Vector features of the 'BD CARTO Etat-major' layer served over WFS by IGN Geoplateforme, with real geometry.
eur-wfs-geopf-canton	https://data.geopf.fr/wfs/ows?service=WFS&version=2.0.0&request=GetFeature&typeNames=LIMITES_ADMINISTRATIVES_EXPRESS.LATEST%3Acanton&outputFormat=application%2Fjson&count=20	geojson	20	IGN Geoplateforme — ADMIN EXPRESS mises a jour en continu - canton	IGN Geoplateforme — ADMIN EXPRESS mises a jour en continu - canton	europe_env	geo	fr	fra,geo,wfs	86400	Vector features of the 'ADMIN EXPRESS mises a jour en continu - canton' layer served over WFS by IGN Geoplateforme, with real geometry.
eur-wfs-geopf-chef-lieu-d-arrondissement	https://data.geopf.fr/wfs/ows?service=WFS&version=2.0.0&request=GetFeature&typeNames=LIMITES_ADMINISTRATIVES_EXPRESS.LATEST%3Achef_lieu_d_arrondissement&outputFormat=application%2Fjson&count=20	geojson	20	IGN Geoplateforme — ADMIN EXPRESS mises a jour en continu - chef lieu d'arrondissement	IGN Geoplateforme — ADMIN EXPRESS mises a jour en continu - chef lieu d'arrondissement	europe_env	geo	fr	fra,geo,wfs	86400	Vector features of the 'ADMIN EXPRESS mises a jour en continu - chef lieu d'arrondissement' layer served over WFS by IGN Geoplateforme, with real geometry.
eur-wfs-geopf-chef-lieu-d-arrondissement-municipal	https://data.geopf.fr/wfs/ows?service=WFS&version=2.0.0&request=GetFeature&typeNames=LIMITES_ADMINISTRATIVES_EXPRESS.LATEST%3Achef_lieu_d_arrondissement_municipal&outputFormat=application%2Fjson&count=20	geojson	20	IGN Geoplateforme — ADMIN EXPRESS mises a jour en continu - chef lieu d'arrondissement municipal	IGN Geoplateforme — ADMIN EXPRESS mises a jour en continu - chef lieu d'arrondissement municipal	europe_env	geo	fr	fra,geo,wfs	86400	Vector features of the 'ADMIN EXPRESS mises a jour en continu - chef lieu d'arrondissement municipal' layer served over WFS by IGN Geoplateforme, with real geometry.
eur-wfs-geopf-chef-lieu-d-epci	https://data.geopf.fr/wfs/ows?service=WFS&version=2.0.0&request=GetFeature&typeNames=LIMITES_ADMINISTRATIVES_EXPRESS.LATEST%3Achef_lieu_d_epci&outputFormat=application%2Fjson&count=20	geojson	20	IGN Geoplateforme — ADMIN EXPRESS mises a jour en continu - chef lieu d'epci	IGN Geoplateforme — ADMIN EXPRESS mises a jour en continu - chef lieu d'epci	europe_env	geo	fr	fra,geo,wfs	86400	Vector features of the 'ADMIN EXPRESS mises a jour en continu - chef lieu d'epci' layer served over WFS by IGN Geoplateforme, with real geometry.
eur-wfs-geopf-chef-lieu-de-canton	https://data.geopf.fr/wfs/ows?service=WFS&version=2.0.0&request=GetFeature&typeNames=LIMITES_ADMINISTRATIVES_EXPRESS.LATEST%3Achef_lieu_de_canton&outputFormat=application%2Fjson&count=20	geojson	20	IGN Geoplateforme — ADMIN EXPRESS mises a jour en continu - chef lieu de canton	IGN Geoplateforme — ADMIN EXPRESS mises a jour en continu - chef lieu de canton	europe_env	geo	fr	fra,geo,wfs	86400	Vector features of the 'ADMIN EXPRESS mises a jour en continu - chef lieu de canton' layer served over WFS by IGN Geoplateforme, with real geometry.
eur-wfs-geopf-chef-lieu-de-collectivite-territoria	https://data.geopf.fr/wfs/ows?service=WFS&version=2.0.0&request=GetFeature&typeNames=ADMINEXPRESS-COG-CARTO-PE.LATEST%3Achef_lieu_de_collectivite_territoriale&outputFormat=application%2Fjson&count=20	geojson	20	IGN Geoplateforme — ADMINEXPRESS COG CARTO PE Dernière édition Chef-lieu de Collectivité territoriale	IGN Geoplateforme — ADMINEXPRESS COG CARTO PE Dernière édition Chef-lieu de Collectivité territoriale	europe_env	geo	fr	fra,geo,wfs	86400	Vector features of the 'ADMINEXPRESS COG CARTO PE Dernière édition Chef-lieu de Collectivité territoriale' layer served over WFS by IGN Geoplateforme, with real geometry.
eur-wfs-geopf-chef-lieu-de-commune	https://data.geopf.fr/wfs/ows?service=WFS&version=2.0.0&request=GetFeature&typeNames=LIMITES_ADMINISTRATIVES_EXPRESS.LATEST%3Achef_lieu_de_commune&outputFormat=application%2Fjson&count=20	geojson	20	IGN Geoplateforme — ADMIN EXPRESS mises a jour en continu - chef lieu de commune	IGN Geoplateforme — ADMIN EXPRESS mises a jour en continu - chef lieu de commune	europe_env	geo	fr	fra,geo,wfs	86400	Vector features of the 'ADMIN EXPRESS mises a jour en continu - chef lieu de commune' layer served over WFS by IGN Geoplateforme, with real geometry.
eur-wfs-geopf-chef-lieu-de-commune-associee-ou-del	https://data.geopf.fr/wfs/ows?service=WFS&version=2.0.0&request=GetFeature&typeNames=LIMITES_ADMINISTRATIVES_EXPRESS.LATEST%3Achef_lieu_de_commune_associee_ou_deleguee&outputFormat=application%2Fjson&count=20	geojson	20	IGN Geoplateforme — ADMIN EXPRESS mises a jour en continu - chef lieu de commune associée ou déléguée	IGN Geoplateforme — ADMIN EXPRESS mises a jour en continu - chef lieu de commune associée ou déléguée	europe_env	geo	fr	fra,geo,wfs	86400	Vector features of the 'ADMIN EXPRESS mises a jour en continu - chef lieu de commune associée ou déléguée' layer served over WFS by IGN Geoplateforme, with real geometry.
eur-wfs-geopf-chef-lieu-de-departement	https://data.geopf.fr/wfs/ows?service=WFS&version=2.0.0&request=GetFeature&typeNames=LIMITES_ADMINISTRATIVES_EXPRESS.LATEST%3Achef_lieu_de_departement&outputFormat=application%2Fjson&count=20	geojson	20	IGN Geoplateforme — ADMIN EXPRESS mises a jour en continu - chef lieu de département	IGN Geoplateforme — ADMIN EXPRESS mises a jour en continu - chef lieu de département	europe_env	geo	fr	fra,geo,wfs	86400	Vector features of the 'ADMIN EXPRESS mises a jour en continu - chef lieu de département' layer served over WFS by IGN Geoplateforme, with real geometry.
eur-wfs-geopf-chef-lieu-de-region	https://data.geopf.fr/wfs/ows?service=WFS&version=2.0.0&request=GetFeature&typeNames=LIMITES_ADMINISTRATIVES_EXPRESS.LATEST%3Achef_lieu_de_region&outputFormat=application%2Fjson&count=20	geojson	18	IGN Geoplateforme — ADMIN EXPRESS mises a jour en continu - chef lieu de région	IGN Geoplateforme — ADMIN EXPRESS mises a jour en continu - chef lieu de région	europe_env	geo	fr	fra,geo,wfs	86400	Vector features of the 'ADMIN EXPRESS mises a jour en continu - chef lieu de région' layer served over WFS by IGN Geoplateforme, with real geometry.
eur-wfs-geopf-commune	https://data.geopf.fr/wfs/ows?service=WFS&version=2.0.0&request=GetFeature&typeNames=LIMITES_ADMINISTRATIVES_EXPRESS.LATEST%3Acommune&outputFormat=application%2Fjson&count=20	geojson	20	IGN Geoplateforme — ADMIN EXPRESS mises a jour en continu - commune	IGN Geoplateforme — ADMIN EXPRESS mises a jour en continu - commune	europe_env	geo	fr	fra,geo,wfs	86400	Vector features of the 'ADMIN EXPRESS mises a jour en continu - commune' layer served over WFS by IGN Geoplateforme, with real geometry.
eur-wfs-geopf-commune-associee-ou-deleguee	https://data.geopf.fr/wfs/ows?service=WFS&version=2.0.0&request=GetFeature&typeNames=LIMITES_ADMINISTRATIVES_EXPRESS.LATEST%3Acommune_associee_ou_deleguee&outputFormat=application%2Fjson&count=20	geojson	20	IGN Geoplateforme — ADMIN EXPRESS mises a jour en continu - commune associée ou déléguée	IGN Geoplateforme — ADMIN EXPRESS mises a jour en continu - commune associée ou déléguée	europe_env	geo	fr	fra,geo,wfs	86400	Vector features of the 'ADMIN EXPRESS mises a jour en continu - commune associée ou déléguée' layer served over WFS by IGN Geoplateforme, with real geometry.
eur-wfs-geopf-data-aubiet-25-05	https://data.geopf.fr/wfs/ows?service=WFS&version=2.0.0&request=GetFeature&typeNames=cosia_032_aubiet%3Adata_aubiet_25_05&outputFormat=application%2Fjson&count=20	geojson	20	IGN Geoplateforme — Aubiet (32)	IGN Geoplateforme — Aubiet (32)	europe_env	geo	fr	fra,geo,wfs	86400	Vector features of the 'Aubiet (32)' layer served over WFS by IGN Geoplateforme, with real geometry.
eur-wfs-geopf-epci	https://data.geopf.fr/wfs/ows?service=WFS&version=2.0.0&request=GetFeature&typeNames=LIMITES_ADMINISTRATIVES_EXPRESS.LATEST%3Aepci&outputFormat=application%2Fjson&count=20	geojson	20	IGN Geoplateforme — ADMIN EXPRESS mises a jour en continu - epci	IGN Geoplateforme — ADMIN EXPRESS mises a jour en continu - epci	europe_env	geo	fr	fra,geo,wfs	86400	Vector features of the 'ADMIN EXPRESS mises a jour en continu - epci' layer served over WFS by IGN Geoplateforme, with real geometry.
eur-wfs-geopf-ignf-geodesie-site-rdf	https://data.geopf.fr/wfs/ows?service=WFS&version=2.0.0&request=GetFeature&typeNames=IGNF_GEODESIE%3Asite-rdf&outputFormat=application%2Fjson&count=200	geojson	200	IGN Geoplateforme — (obsolete) Site RDF	IGN Geoplateforme — (obsolete) Site RDF	europe_env	geo	fr	fra,geo,wfs	86400	Vector features of the '(obsolete) Site RDF' layer served over WFS by IGN Geoplateforme, with real geometry.
eur-wfs-geopf-limites-administratives-express-latest	https://data.geopf.fr/wfs/ows?service=WFS&version=2.0.0&request=GetFeature&typeNames=LIMITES_ADMINISTRATIVES_EXPRESS.LATEST%3Aarrondissement_municipal&outputFormat=application%2Fjson&count=200	geojson	45	IGN Geoplateforme — ADMIN EXPRESS mises a jour en continu - arrondissement municipal	IGN Geoplateforme — ADMIN EXPRESS mises a jour en continu - arrondissement municipal	europe_env	geo	fr	fra,geo,wfs	86400	Vector features of the 'ADMIN EXPRESS mises a jour en continu - arrondissement municipal' layer served over WFS by IGN Geoplateforme, with real geometry.
eur-wfs-geopf-limites-administratives-express-latest-2	https://data.geopf.fr/wfs/ows?service=WFS&version=2.0.0&request=GetFeature&typeNames=LIMITES_ADMINISTRATIVES_EXPRESS.LATEST%3Achef_lieu_d_arrondissement&outputFormat=application%2Fjson&count=200	geojson	200	IGN Geoplateforme — ADMIN EXPRESS mises a jour en continu - chef lieu d'arrondissement	IGN Geoplateforme — ADMIN EXPRESS mises a jour en continu - chef lieu d'arrondissement	europe_env	geo	fr	fra,geo,wfs	86400	Vector features of the 'ADMIN EXPRESS mises a jour en continu - chef lieu d'arrondissement' layer served over WFS by IGN Geoplateforme, with real geometry.
eur-wfs-geopf-limites-administratives-express-latest-3	https://data.geopf.fr/wfs/ows?service=WFS&version=2.0.0&request=GetFeature&typeNames=LIMITES_ADMINISTRATIVES_EXPRESS.LATEST%3Achef_lieu_d_arrondissement_municipal&outputFormat=application%2Fjson&count=200	geojson	45	IGN Geoplateforme — ADMIN EXPRESS mises a jour en continu - chef lieu d'arrondissement municipal	IGN Geoplateforme — ADMIN EXPRESS mises a jour en continu - chef lieu d'arrondissement municipal	europe_env	geo	fr	fra,geo,wfs	86400	Vector features of the 'ADMIN EXPRESS mises a jour en continu - chef lieu d'arrondissement municipal' layer served over WFS by IGN Geoplateforme, with real geometry.
eur-wfs-geopf-limites-administratives-express-latest-4	https://data.geopf.fr/wfs/ows?service=WFS&version=2.0.0&request=GetFeature&typeNames=LIMITES_ADMINISTRATIVES_EXPRESS.LATEST%3Achef_lieu_d_epci&outputFormat=application%2Fjson&count=200	geojson	200	IGN Geoplateforme — ADMIN EXPRESS mises a jour en continu - chef lieu d'epci	IGN Geoplateforme — ADMIN EXPRESS mises a jour en continu - chef lieu d'epci	europe_env	geo	fr	fra,geo,wfs	86400	Vector features of the 'ADMIN EXPRESS mises a jour en continu - chef lieu d'epci' layer served over WFS by IGN Geoplateforme, with real geometry.
eur-wfs-geopf-limites-administratives-express-latest-5	https://data.geopf.fr/wfs/ows?service=WFS&version=2.0.0&request=GetFeature&typeNames=LIMITES_ADMINISTRATIVES_EXPRESS.LATEST%3Achef_lieu_de_canton&outputFormat=application%2Fjson&count=200	geojson	200	IGN Geoplateforme — ADMIN EXPRESS mises a jour en continu - chef lieu de canton	IGN Geoplateforme — ADMIN EXPRESS mises a jour en continu - chef lieu de canton	europe_env	geo	fr	fra,geo,wfs	86400	Vector features of the 'ADMIN EXPRESS mises a jour en continu - chef lieu de canton' layer served over WFS by IGN Geoplateforme, with real geometry.
eur-wfs-geopf-limites-administratives-express-latest-6	https://data.geopf.fr/wfs/ows?service=WFS&version=2.0.0&request=GetFeature&typeNames=LIMITES_ADMINISTRATIVES_EXPRESS.LATEST%3Achef_lieu_de_commune&outputFormat=application%2Fjson&count=200	geojson	200	IGN Geoplateforme — ADMIN EXPRESS mises a jour en continu - chef lieu de commune	IGN Geoplateforme — ADMIN EXPRESS mises a jour en continu - chef lieu de commune	europe_env	geo	fr	fra,geo,wfs	86400	Vector features of the 'ADMIN EXPRESS mises a jour en continu - chef lieu de commune' layer served over WFS by IGN Geoplateforme, with real geometry.
eur-wfs-geopf-limites-administratives-express-latest-7	https://data.geopf.fr/wfs/ows?service=WFS&version=2.0.0&request=GetFeature&typeNames=LIMITES_ADMINISTRATIVES_EXPRESS.LATEST%3Achef_lieu_de_commune_associee_ou_deleguee&outputFormat=application%2Fjson&count=200	geojson	200	IGN Geoplateforme — ADMIN EXPRESS mises a jour en continu - chef lieu de commune associée ou déléguée	IGN Geoplateforme — ADMIN EXPRESS mises a jour en continu - chef lieu de commune associée ou déléguée	europe_env	geo	fr	fra,geo,wfs	86400	Vector features of the 'ADMIN EXPRESS mises a jour en continu - chef lieu de commune associée ou déléguée' layer served over WFS by IGN Geoplateforme, with real geometry.
eur-wfs-geopf-limites-administratives-express-latest-8	https://data.geopf.fr/wfs/ows?service=WFS&version=2.0.0&request=GetFeature&typeNames=LIMITES_ADMINISTRATIVES_EXPRESS.LATEST%3Achef_lieu_de_departement&outputFormat=application%2Fjson&count=200	geojson	101	IGN Geoplateforme — ADMIN EXPRESS mises a jour en continu - chef lieu de département	IGN Geoplateforme — ADMIN EXPRESS mises a jour en continu - chef lieu de département	europe_env	geo	fr	fra,geo,wfs	86400	Vector features of the 'ADMIN EXPRESS mises a jour en continu - chef lieu de département' layer served over WFS by IGN Geoplateforme, with real geometry.
eur-wfs-geopf-limites-administratives-express-latest-9	https://data.geopf.fr/wfs/ows?service=WFS&version=2.0.0&request=GetFeature&typeNames=LIMITES_ADMINISTRATIVES_EXPRESS.LATEST%3Achef_lieu_de_region&outputFormat=application%2Fjson&count=200	geojson	18	IGN Geoplateforme — ADMIN EXPRESS mises a jour en continu - chef lieu de région	IGN Geoplateforme — ADMIN EXPRESS mises a jour en continu - chef lieu de région	europe_env	geo	fr	fra,geo,wfs	86400	Vector features of the 'ADMIN EXPRESS mises a jour en continu - chef lieu de région' layer served over WFS by IGN Geoplateforme, with real geometry.
eur-wfs-geopf-limites-administratives-express-latest-10	https://data.geopf.fr/wfs/ows?service=WFS&version=2.0.0&request=GetFeature&typeNames=LIMITES_ADMINISTRATIVES_EXPRESS.LATEST%3Acommune&outputFormat=application%2Fjson&count=200	geojson	200	IGN Geoplateforme — ADMIN EXPRESS mises a jour en continu - commune	IGN Geoplateforme — ADMIN EXPRESS mises a jour en continu - commune	europe_env	geo	fr	fra,geo,wfs	86400	Vector features of the 'ADMIN EXPRESS mises a jour en continu - commune' layer served over WFS by IGN Geoplateforme, with real geometry.
eur-wfs-geopf-limites-administratives-express-latest-11	https://data.geopf.fr/wfs/ows?service=WFS&version=2.0.0&request=GetFeature&typeNames=LIMITES_ADMINISTRATIVES_EXPRESS.LATEST%3Acommune_associee_ou_deleguee&outputFormat=application%2Fjson&count=200	geojson	200	IGN Geoplateforme — ADMIN EXPRESS mises a jour en continu - commune associée ou déléguée	IGN Geoplateforme — ADMIN EXPRESS mises a jour en continu - commune associée ou déléguée	europe_env	geo	fr	fra,geo,wfs	86400	Vector features of the 'ADMIN EXPRESS mises a jour en continu - commune associée ou déléguée' layer served over WFS by IGN Geoplateforme, with real geometry.
eur-wfs-geopf-site-rdf	https://data.geopf.fr/wfs/ows?service=WFS&version=2.0.0&request=GetFeature&typeNames=IGNF_GEODESIE%3Asite-rdf&outputFormat=application%2Fjson&count=20	geojson	20	IGN Geoplateforme — (obsolete) Site RDF	IGN Geoplateforme — (obsolete) Site RDF	europe_env	geo	fr	fra,geo,wfs	86400	Vector features of the '(obsolete) Site RDF' layer served over WFS by IGN Geoplateforme, with real geometry.
eur-wfs-pdok-bag-bag-ligplaats	https://service.pdok.nl/lv/bag/wfs/v2_0?service=WFS&version=2.0.0&request=GetFeature&typeNames=bag%3Aligplaats&outputFormat=application%2Fjson&count=200	geojson	200	PDOK BAG — Ligplaats	PDOK BAG — Ligplaats	europe_env	geo	nl	nld,geo,wfs	86400	Vector features of the 'Ligplaats' layer served over WFS by PDOK BAG, with real geometry.
eur-wfs-pdok-bag-bag-pand	https://service.pdok.nl/lv/bag/wfs/v2_0?service=WFS&version=2.0.0&request=GetFeature&typeNames=bag%3Apand&outputFormat=application%2Fjson&count=200	geojson	200	PDOK BAG — pand	PDOK BAG — pand	europe_env	geo	nl	nld,geo,wfs	86400	Vector features of the 'pand' layer served over WFS by PDOK BAG, with real geometry.
eur-wfs-pdok-bag-bag-standplaats	https://service.pdok.nl/lv/bag/wfs/v2_0?service=WFS&version=2.0.0&request=GetFeature&typeNames=bag%3Astandplaats&outputFormat=application%2Fjson&count=200	geojson	200	PDOK BAG — Standplaats	PDOK BAG — Standplaats	europe_env	geo	nl	nld,geo,wfs	86400	Vector features of the 'Standplaats' layer served over WFS by PDOK BAG, with real geometry.
eur-wfs-pdok-bag-bag-verblijfsobject	https://service.pdok.nl/lv/bag/wfs/v2_0?service=WFS&version=2.0.0&request=GetFeature&typeNames=bag%3Averblijfsobject&outputFormat=application%2Fjson&count=200	geojson	200	PDOK BAG — Verblijfsobject	PDOK BAG — Verblijfsobject	europe_env	geo	nl	nld,geo,wfs	86400	Vector features of the 'Verblijfsobject' layer served over WFS by PDOK BAG, with real geometry.
eur-wfs-pdok-bag-bag-woonplaats	https://service.pdok.nl/lv/bag/wfs/v2_0?service=WFS&version=2.0.0&request=GetFeature&typeNames=bag%3Awoonplaats&outputFormat=application%2Fjson&count=200	geojson	200	PDOK BAG — woonplaats	PDOK BAG — woonplaats	europe_env	geo	nl	nld,geo,wfs	86400	Vector features of the 'woonplaats' layer served over WFS by PDOK BAG, with real geometry.
eur-wfs-pdok-bag-ligplaats	https://service.pdok.nl/lv/bag/wfs/v2_0?service=WFS&version=2.0.0&request=GetFeature&typeNames=bag%3Aligplaats&outputFormat=application%2Fjson&count=50	geojson	50	PDOK BAG — Ligplaats	PDOK BAG — Ligplaats	europe_env	geo	nl	nld,geo,wfs	86400	Vector features of the 'Ligplaats' layer served over WFS by PDOK BAG, with real geometry.
eur-wfs-pdok-bag-pand	https://service.pdok.nl/lv/bag/wfs/v2_0?service=WFS&version=2.0.0&request=GetFeature&typeNames=bag%3Apand&outputFormat=application%2Fjson&count=50	geojson	50	PDOK BAG — pand	PDOK BAG — pand	europe_env	geo	nl	nld,geo,wfs	86400	Vector features of the 'pand' layer served over WFS by PDOK BAG, with real geometry.
eur-wfs-pdok-bag-standplaats	https://service.pdok.nl/lv/bag/wfs/v2_0?service=WFS&version=2.0.0&request=GetFeature&typeNames=bag%3Astandplaats&outputFormat=application%2Fjson&count=50	geojson	50	PDOK BAG — Standplaats	PDOK BAG — Standplaats	europe_env	geo	nl	nld,geo,wfs	86400	Vector features of the 'Standplaats' layer served over WFS by PDOK BAG, with real geometry.
eur-wfs-pdok-bag-verblijfsobject	https://service.pdok.nl/lv/bag/wfs/v2_0?service=WFS&version=2.0.0&request=GetFeature&typeNames=bag%3Averblijfsobject&outputFormat=application%2Fjson&count=50	geojson	50	PDOK BAG — Verblijfsobject	PDOK BAG — Verblijfsobject	europe_env	geo	nl	nld,geo,wfs	86400	Vector features of the 'Verblijfsobject' layer served over WFS by PDOK BAG, with real geometry.
eur-wfs-pdok-bag-woonplaats	https://service.pdok.nl/lv/bag/wfs/v2_0?service=WFS&version=2.0.0&request=GetFeature&typeNames=bag%3Awoonplaats&outputFormat=application%2Fjson&count=50	geojson	50	PDOK BAG — woonplaats	PDOK BAG — woonplaats	europe_env	geo	nl	nld,geo,wfs	86400	Vector features of the 'woonplaats' layer served over WFS by PDOK BAG, with real geometry.
eur-wfs-pdok-nwb-nwbwegen-hectopunten	https://service.pdok.nl/rws/nwbwegen/wfs/v1_0?service=WFS&version=2.0.0&request=GetFeature&typeNames=nwbwegen%3Ahectopunten&outputFormat=application%2Fjson&count=200	geojson	200	PDOK NWB roads — Hectopunten	PDOK NWB roads — Hectopunten	europe_env	geo	nl	nld,geo,wfs	86400	Vector features of the 'Hectopunten' layer served over WFS by PDOK NWB roads, with real geometry.
eur-wfs-pdok-nwb-nwbwegen-wegvakken	https://service.pdok.nl/rws/nwbwegen/wfs/v1_0?service=WFS&version=2.0.0&request=GetFeature&typeNames=nwbwegen%3Awegvakken&outputFormat=application%2Fjson&count=200	geojson	200	PDOK NWB roads — Wegvakken	PDOK NWB roads — Wegvakken	europe_env	geo	nl	nld,geo,wfs	86400	Vector features of the 'Wegvakken' layer served over WFS by PDOK NWB roads, with real geometry.
eur-wfs-sandre-bassindce-glp	https://services.sandre.eaufrance.fr/geo/sandre?service=WFS&version=2.0.0&request=GetFeature&typeNames=sa%3ABassinDCE_GLP&outputFormat=application%2Fjson%3B%20subtype%3Dgeojson&count=50	geojson	1	Sandre — Bassin DCE - Guadeloupe	Sandre — Bassin DCE - Guadeloupe	europe_env	geo	fr	fra,geo,wfs	86400	Vector features of the 'Bassin DCE - Guadeloupe' layer served over WFS by Sandre, with real geometry.
eur-wfs-sandre-bassindce-guf	https://services.sandre.eaufrance.fr/geo/sandre?service=WFS&version=2.0.0&request=GetFeature&typeNames=sa%3ABassinDCE_GUF&outputFormat=application%2Fjson%3B%20subtype%3Dgeojson&count=50	geojson	1	Sandre — Bassin DCE - Guyane	Sandre — Bassin DCE - Guyane	europe_env	geo	fr	fra,geo,wfs	86400	Vector features of the 'Bassin DCE - Guyane' layer served over WFS by Sandre, with real geometry.
eur-wfs-sandre-bassindce-mtq	https://services.sandre.eaufrance.fr/geo/sandre?service=WFS&version=2.0.0&request=GetFeature&typeNames=sa%3ABassinDCE_MTQ&outputFormat=application%2Fjson%3B%20subtype%3Dgeojson&count=50	geojson	1	Sandre — Bassin DCE - Martinique	Sandre — Bassin DCE - Martinique	europe_env	geo	fr	fra,geo,wfs	86400	Vector features of the 'Bassin DCE - Martinique' layer served over WFS by Sandre, with real geometry.
eur-wfs-sandre-bassindce-myt	https://services.sandre.eaufrance.fr/geo/sandre?service=WFS&version=2.0.0&request=GetFeature&typeNames=sa%3ABassinDCE_MYT&outputFormat=application%2Fjson%3B%20subtype%3Dgeojson&count=50	geojson	1	Sandre — Bassin DCE - Mayotte	Sandre — Bassin DCE - Mayotte	europe_env	geo	fr	fra,geo,wfs	86400	Vector features of the 'Bassin DCE - Mayotte' layer served over WFS by Sandre, with real geometry.
eur-wfs-sandre-bassindce-reu	https://services.sandre.eaufrance.fr/geo/sandre?service=WFS&version=2.0.0&request=GetFeature&typeNames=sa%3ABassinDCE_REU&outputFormat=application%2Fjson%3B%20subtype%3Dgeojson&count=50	geojson	1	Sandre — Bassin DCE - Réunion	Sandre — Bassin DCE - Réunion	europe_env	geo	fr	fra,geo,wfs	86400	Vector features of the 'Bassin DCE - Réunion' layer served over WFS by Sandre, with real geometry.
eur-wfs-sandre-lieusurv-massedeau	https://services.sandre.eaufrance.fr/geo/sandre?service=WFS&version=2.0.0&request=GetFeature&typeNames=sa%3ALieuSurv_MasseDEau&outputFormat=application%2Fjson%3B%20subtype%3Dgeojson&count=50	geojson	50	Sandre — Masse d'eaux associées aux Lieux de surveillance de la qualité des eaux littorales - France entière - geometry = centroid LieuSurv	Sandre — Masse d'eaux associées aux Lieux de surveillance de la qualité des eaux littorales - France entière - geometry = centroid LieuSurv	europe_env	geo	fr	fra,geo,wfs	86400	Vector features of the 'Masse d'eaux associées aux Lieux de surveillance de la qualité des eaux littorales - France entière - geometry = centroid LieuSurv' layer served over WFS by Sandre, with real geometry.
eur-wfs-sandre-lieusurvlineaire	https://services.sandre.eaufrance.fr/geo/sandre?service=WFS&version=2.0.0&request=GetFeature&typeNames=sa%3ALieuSurvLineaire&outputFormat=application%2Fjson%3B%20subtype%3Dgeojson&count=50	geojson	50	Sandre — Lieux de surveillance linéaire de la qualité des eaux littorales - France entière	Sandre — Lieux de surveillance linéaire de la qualité des eaux littorales - France entière	europe_env	geo	fr	fra,geo,wfs	86400	Vector features of the 'Lieux de surveillance linéaire de la qualité des eaux littorales - France entière' layer served over WFS by Sandre, with real geometry.
eur-wfs-sandre-lieusurvponctuel	https://services.sandre.eaufrance.fr/geo/sandre?service=WFS&version=2.0.0&request=GetFeature&typeNames=sa%3ALieuSurvPonctuel&outputFormat=application%2Fjson%3B%20subtype%3Dgeojson&count=50	geojson	50	Sandre — Lieux de surveillance ponctuel de la qualité des eaux littorales - France entière	Sandre — Lieux de surveillance ponctuel de la qualité des eaux littorales - France entière	europe_env	geo	fr	fra,geo,wfs	86400	Vector features of the 'Lieux de surveillance ponctuel de la qualité des eaux littorales - France entière' layer served over WFS by Sandre, with real geometry.
eur-wfs-sandre-lieusurvrsx	https://services.sandre.eaufrance.fr/geo/sandre?service=WFS&version=2.0.0&request=GetFeature&typeNames=sa%3ALieuSurvRsx&outputFormat=application%2Fjson%3B%20subtype%3Dgeojson&count=50	geojson	50	Sandre — Association lieux de surveillance de la qualité des eaux littorales et dispositifs de collecte - France entière - geometrie calculée	Sandre — Association lieux de surveillance de la qualité des eaux littorales et dispositifs de collecte - France entière - geometrie calculée	europe_env	geo	fr	fra,geo,wfs	86400	Vector features of the 'Association lieux de surveillance de la qualité des eaux littorales et dispositifs de collecte - France entière - geometrie calculée' layer served over WFS by Sandre, with real geometry.
eur-wfs-sandre-lieusurvsurfacique	https://services.sandre.eaufrance.fr/geo/sandre?service=WFS&version=2.0.0&request=GetFeature&typeNames=sa%3ALieuSurvSurfacique&outputFormat=application%2Fjson%3B%20subtype%3Dgeojson&count=50	geojson	50	Sandre — Lieux de surveillance surfacique de la qualité des eaux littorales - France entière	Sandre — Lieux de surveillance surfacique de la qualité des eaux littorales - France entière	europe_env	geo	fr	fra,geo,wfs	86400	Vector features of the 'Lieux de surveillance surfacique de la qualité des eaux littorales - France entière' layer served over WFS by Sandre, with real geometry.
eur-wfs-sandre-sousbassindce-communes	https://services.sandre.eaufrance.fr/geo/sandre?service=WFS&version=2.0.0&request=GetFeature&typeNames=sa%3ASousBassinDCE_Communes&outputFormat=application%2Fjson%3B%20subtype%3Dgeojson&count=50	geojson	50	Sandre — Communes / Bassin DCE administratif - France entière	Sandre — Communes / Bassin DCE administratif - France entière	europe_env	geo	fr	fra,geo,wfs	86400	Vector features of the 'Communes / Bassin DCE administratif - France entière' layer served over WFS by Sandre, with real geometry.
eur-wfs-sandre-ssbassindceadmin-glp	https://services.sandre.eaufrance.fr/geo/sandre?service=WFS&version=2.0.0&request=GetFeature&typeNames=sa%3ASsBassinDCEAdmin_GLP&outputFormat=application%2Fjson%3B%20subtype%3Dgeojson&count=50	geojson	1	Sandre — Sous Bassin DCE - Guadeloupe	Sandre — Sous Bassin DCE - Guadeloupe	europe_env	geo	fr	fra,geo,wfs	86400	Vector features of the 'Sous Bassin DCE - Guadeloupe' layer served over WFS by Sandre, with real geometry.
eur-wfs-sandre-ssbassindceadmin-guf	https://services.sandre.eaufrance.fr/geo/sandre?service=WFS&version=2.0.0&request=GetFeature&typeNames=sa%3ASsBassinDCEAdmin_GUF&outputFormat=application%2Fjson%3B%20subtype%3Dgeojson&count=50	geojson	1	Sandre — Sous Bassin DCE - Guyane	Sandre — Sous Bassin DCE - Guyane	europe_env	geo	fr	fra,geo,wfs	86400	Vector features of the 'Sous Bassin DCE - Guyane' layer served over WFS by Sandre, with real geometry.
eur-wfs-sandre-ssbassindceadmin-mtq	https://services.sandre.eaufrance.fr/geo/sandre?service=WFS&version=2.0.0&request=GetFeature&typeNames=sa%3ASsBassinDCEAdmin_MTQ&outputFormat=application%2Fjson%3B%20subtype%3Dgeojson&count=50	geojson	1	Sandre — Sous Bassin DCE - Martinique	Sandre — Sous Bassin DCE - Martinique	europe_env	geo	fr	fra,geo,wfs	86400	Vector features of the 'Sous Bassin DCE - Martinique' layer served over WFS by Sandre, with real geometry.
eur-wfs-sandre-ssbassindceadmin-reu	https://services.sandre.eaufrance.fr/geo/sandre?service=WFS&version=2.0.0&request=GetFeature&typeNames=sa%3ASsBassinDCEAdmin_REU&outputFormat=application%2Fjson%3B%20subtype%3Dgeojson&count=50	geojson	1	Sandre — Sous Bassin DCE - Réunion	Sandre — Sous Bassin DCE - Réunion	europe_env	geo	fr	fra,geo,wfs	86400	Vector features of the 'Sous Bassin DCE - Réunion' layer served over WFS by Sandre, with real geometry.
nam-bcwildfire-active-points-wfs	https://openmaps.gov.bc.ca/geo/pub/WHSE_LAND_AND_NATURAL_RESOURCE.PROT_CURRENT_FIRE_PNTS_SP/ows?service=WFS&version=2.0.0&request=GetFeature&typeName=pub:WHSE_LAND_AND_NATURAL_RESOURCE.PROT_CURRENT_FIRE_PNTS_SP&outputFormat=application/json&count=500&srsName=EPSG:4326	geojson	500	BC Wildfire Service — current fire points (WFS)	BC Wildfire Service — current fire points (WFS)	namerica_hazard	hazard	en	can,bc,wildfire,hazard,geo	1800	Point geometry for every fire currently tracked by the BC Wildfire Service, with size, status and cause.
nam-bcwildfire-active-polys-wfs	https://openmaps.gov.bc.ca/geo/pub/WHSE_LAND_AND_NATURAL_RESOURCE.PROT_CURRENT_FIRE_POLYS_SP/ows?service=WFS&version=2.0.0&request=GetFeature&typeName=pub:WHSE_LAND_AND_NATURAL_RESOURCE.PROT_CURRENT_FIRE_POLYS_SP&outputFormat=application/json&count=500&srsName=EPSG:4326	geojson	214	BC Wildfire Service — current fire perimeters (WFS)	BC Wildfire Service — current fire perimeters (WFS)	namerica_hazard	hazard	en	can,bc,wildfire,hazard,geo	1800	Mapped perimeters of currently burning British Columbia wildfires as polygons.
nam-bc-parks-wfs	https://openmaps.gov.bc.ca/geo/pub/WHSE_TANTALIS.TA_PARK_ECORES_PA_SVW/ows?service=WFS&version=2.0.0&request=GetFeature&typeName=pub:WHSE_TANTALIS.TA_PARK_ECORES_PA_SVW&outputFormat=application/json&count=200&srsName=EPSG:4326	geojson	200	Government of British Columbia — provincial parks and protected areas	Government of British Columbia — provincial parks and protected areas	canada_gov	environment	en	can,bc,environment,geo	86400	Boundaries of BC provincial parks, conservancies and ecological reserves as polygons.
nam-bc-fire-danger-wfs	https://openmaps.gov.bc.ca/geo/pub/WHSE_LAND_AND_NATURAL_RESOURCE.PROT_DANGER_RATING_SP/ows?service=WFS&version=2.0.0&request=GetFeature&typeName=pub:WHSE_LAND_AND_NATURAL_RESOURCE.PROT_DANGER_RATING_SP&outputFormat=application/json&count=500&srsName=EPSG:4326	geojson	137	BC Wildfire Service — fire danger rating polygons	BC Wildfire Service — fire danger rating polygons	namerica_hazard	hazard	en	can,bc,wildfire,hazard,geo	21600	Province-wide fire danger class polygons used to anticipate where new starts are likely.
nam-bc-municipalities-wfs	https://openmaps.gov.bc.ca/geo/pub/WHSE_LEGAL_ADMIN_BOUNDARIES.ABMS_MUNICIPALITIES_SP/ows?service=WFS&version=2.0.0&request=GetFeature&typeName=pub:WHSE_LEGAL_ADMIN_BOUNDARIES.ABMS_MUNICIPALITIES_SP&outputFormat=application/json&count=100&srsName=EPSG:4326	geojson	100	Government of British Columbia — municipal boundaries	Government of British Columbia — municipal boundaries	canada_gov	opendata	en	can,bc,boundaries,geo	86400	Legal municipal boundary polygons for British Columbia, for geocoding and administrative rollups.
nam-bc-mine-permits-wfs	https://openmaps.gov.bc.ca/geo/pub/WHSE_MINERAL_TENURE.HSP_MJR_MINES_PERMTTD_AREAS_SP/ows?service=WFS&version=2.0.0&request=GetFeature&typeName=pub:WHSE_MINERAL_TENURE.HSP_MJR_MINES_PERMTTD_AREAS_SP&outputFormat=application/json&count=200&srsName=EPSG:4326	geojson	62	Government of British Columbia — permitted major mine areas	Government of British Columbia — permitted major mine areas	canada_gov	energy	en	can,bc,mining,energy,geo	86400	Permitted footprint polygons for British Columbia's major mines, with operator and permit identifiers.
nam-calfire-incidents-geojson	https://incidents.fire.ca.gov/umbraco/api/IncidentApi/GeoJsonList?inactive=false	geojson	15	CAL FIRE — active wildfire incidents (GeoJSON)	CAL FIRE — active wildfire incidents (GeoJSON)	namerica_hazard	hazard	en	usa,ca,wildfire,hazard,geo	900	Same active CAL FIRE incident set as point geometry, ready to draw as a map layer.
nam-nyc-311-open	https://data.cityofnewyork.us/resource/erm2-nwe9.json?$limit=500&$order=created_date%20DESC	json-array	500	City of New York — 311 service requests (most recent)	City of New York — 311 service requests (most recent)	us_local	opendata	en	usa,ny,311,opendata	1800	The newest 311 complaints filed in New York City with type, agency, borough and coordinates.
nam-nyc-collisions-recent	https://data.cityofnewyork.us/resource/h9gi-nx95.json?$limit=500&$order=crash_date%20DESC	json-array	500	City of New York — motor vehicle collisions (most recent)	City of New York — motor vehicle collisions (most recent)	us_local	transport	en	usa,ny,transport,crashes	3600	Latest NYPD collision reports with injuries, fatalities, contributing factor and crash coordinates.
nam-nyc-arrests-ytd	https://data.cityofnewyork.us/resource/uip8-fykc.json?$limit=500	json-array	500	City of New York — NYPD arrests year to date	City of New York — NYPD arrests year to date	us_local	crime	en	usa,ny,crime,police	21600	Year-to-date NYPD arrest records with offence description, precinct and location.
nam-nyc-shootings-ytd	https://data.cityofnewyork.us/resource/5ucz-vwe8.json?$limit=500	json-array	500	City of New York — NYPD shooting incidents year to date	City of New York — NYPD shooting incidents year to date	us_local	crime	en	usa,ny,crime,police	21600	Year-to-date shooting incidents recorded by NYPD, including borough, precinct and coordinates.
nam-nyc-restaurant-inspections	https://data.cityofnewyork.us/resource/43nn-pn8j.json?$limit=500	json-array	500	City of New York — restaurant inspection results	City of New York — restaurant inspection results	us_local	health	en	usa,ny,health,inspections	21600	DOHMH food-service inspection results with violation codes, scores and grades per establishment.
nam-nyc-dob-permits	https://data.cityofnewyork.us/resource/ipu4-2q9a.json?$limit=500	json-array	500	City of New York — DOB permit issuance	City of New York — DOB permit issuance	us_local	economy	en	usa,ny,permits,economy	21600	Building permits issued by the NYC Department of Buildings with work type, owner and address.
nam-nyc-air-quality	https://data.cityofnewyork.us/resource/c3uy-2p5r.json?$limit=1000	json-array	1000	City of New York — community air quality surveillance	City of New York — community air quality surveillance	us_local	environment	en	usa,ny,environment,air	86400	Neighbourhood-level air pollutant measurements from the NYC Community Air Survey.
nam-chicago-crimes-recent	https://data.cityofchicago.org/resource/ijzp-q8t2.json?$limit=500&$order=date%20DESC	json-array	500	City of Chicago — reported crimes (most recent)	City of Chicago — reported crimes (most recent)	us_local	crime	en	usa,il,crime,police	3600	Newest Chicago Police incident reports with primary type, arrest flag, beat and block-level location.
nam-chicago-traffic-crashes	https://data.cityofchicago.org/resource/85ca-t3if.json?$limit=500&$order=crash_date%20DESC	json-array	500	City of Chicago — traffic crashes (most recent)	City of Chicago — traffic crashes (most recent)	us_local	transport	en	usa,il,transport,crashes	3600	Latest reported Chicago crashes with cause, injuries, lighting and weather conditions.
nam-chicago-311-requests	https://data.cityofchicago.org/resource/v6vf-nfxy.json?$limit=500&$order=created_date%20DESC	json-array	500	City of Chicago — 311 service requests (most recent)	City of Chicago — 311 service requests (most recent)	us_local	opendata	en	usa,il,311,opendata	1800	Newest Chicago 311 requests with type, status, ward and coordinates.
nam-chicago-food-inspections	https://data.cityofchicago.org/resource/4ijn-s7e5.json?$limit=500	json-array	500	City of Chicago — food establishment inspections	City of Chicago — food establishment inspections	us_local	health	en	usa,il,health,inspections	21600	Chicago food inspection outcomes with risk level, violations and facility location.
nam-chicago-building-permits	https://data.cityofchicago.org/resource/ydr8-5enu.json?$limit=500	json-array	500	City of Chicago — building permits	City of Chicago — building permits	us_local	economy	en	usa,il,permits,economy	21600	Permits issued by the Chicago Department of Buildings with work description and reported cost.
nam-chicago-towed-vehicles	https://data.cityofchicago.org/resource/ygr5-vcbg.json?$limit=500	json-array	500	City of Chicago — towed vehicles	City of Chicago — towed vehicles	us_local	transport	en	usa,il,transport,enforcement	21600	Vehicles towed by the City of Chicago in the last 90 days with make, colour, plate state and pound.
nam-sf-fire-calls	https://data.sfgov.org/resource/nuek-vuh3.json?$limit=500	json-array	500	City and County of San Francisco — fire department calls for service	City and County of San Francisco — fire department calls for service	us_local	hazard	en	usa,ca,fire,hazard	3600	SFFD calls for service including medical, alarm and fire responses with dispatch timing and neighbourhood.
nam-sf-police-incidents	https://data.sfgov.org/resource/wg3w-h783.json?$limit=500	json-array	500	City and County of San Francisco — police incident reports	City and County of San Francisco — police incident reports	us_local	crime	en	usa,ca,crime,police	21600	SFPD incident reports since 2018 with category, resolution, district and coordinates.
nam-sf-311-cases	https://data.sfgov.org/resource/vw6y-z8j6.json?$limit=500	json-array	500	City and County of San Francisco — 311 cases	City and County of San Francisco — 311 cases	us_local	opendata	en	usa,ca,311,opendata	3600	San Francisco 311 service cases with request type, responsible agency, status and location.
nam-sf-building-permits	https://data.sfgov.org/resource/i98e-djp9.json?$limit=500	json-array	500	City and County of San Francisco — building permits	City and County of San Francisco — building permits	us_local	economy	en	usa,ca,permits,economy	21600	San Francisco DBI permit records with proposed use, estimated cost and status.
nam-sf-air-traffic-passenger	https://data.sfgov.org/resource/rkru-6vcg.json?$limit=1000	json-array	1000	City and County of San Francisco — SFO passenger traffic	City and County of San Francisco — SFO passenger traffic	us_local	economy	en	usa,ca,aviation,economy	86400	Monthly SFO passenger counts by airline, terminal and geographic region.
nam-seattle-911-fire	https://data.seattle.gov/resource/kzjm-xkqj.json?$limit=500	json-array	500	City of Seattle — real-time fire 911 dispatch	City of Seattle — real-time fire 911 dispatch	us_local	hazard	en	usa,wa,fire,hazard	1800	Seattle Fire Department 911 dispatches with incident type, address and coordinates.
nam-seattle-police-reports	https://data.seattle.gov/resource/tazs-3rd5.json?$limit=500	json-array	500	City of Seattle — police report offences	City of Seattle — police report offences	us_local	crime	en	usa,wa,crime,police	21600	SPD offence records with NIBRS classification, precinct, beat and reporting time.
nam-seattle-building-permits	https://data.seattle.gov/resource/76t5-zqzr.json?$limit=500	json-array	500	City of Seattle — building permits	City of Seattle — building permits	us_local	economy	en	usa,wa,permits,economy	21600	Seattle construction permits with work type, value, status and location.
nam-la-crime-recent	https://data.lacity.org/resource/2nrs-mtv8.json?$limit=500	json-array	500	City of Los Angeles — crime reports (2020 onward)	City of Los Angeles — crime reports (2020 onward)	us_local	crime	en	usa,ca,crime,police	21600	LAPD crime reports with offence code, victim demographics, weapon and reporting district.
nam-la-311-requests	https://data.lacity.org/resource/b7dx-7gc3.json?$limit=500	json-array	500	City of Los Angeles — 311 service requests	City of Los Angeles — 311 service requests	us_local	opendata	en	usa,ca,311,opendata	3600	Los Angeles MyLA311 requests with type, council district, status and coordinates.
nam-austin-311	https://data.austintexas.gov/resource/xwdj-i9he.json?$limit=500	json-array	500	City of Austin — 311 unified data	City of Austin — 311 unified data	us_local	opendata	en	usa,tx,311,opendata	3600	Austin 311 service requests with department, method received, status and location.
nam-austin-crime-reports	https://data.austintexas.gov/resource/fdj4-gpfu.json?$limit=500	json-array	500	City of Austin — police crime reports	City of Austin — police crime reports	us_local	crime	en	usa,tx,crime,police	21600	Austin Police Department incident reports with UCR category, clearance status and location.
nam-austin-traffic-incidents	https://data.austintexas.gov/resource/dx9v-zd7x.json?$limit=500	json-array	500	City of Austin — real-time traffic incident reports	City of Austin — real-time traffic incident reports	namerica_hazard	transport	en	usa,tx,transport,traffic	900	Austin Transportation live traffic incident feed with issue type, status and coordinates.
nam-nyc-parks-events	https://www.nycgovparks.org/xml/events_300_rss.xml	rss	1757	NYC Parks — public events calendar	NYC Parks — public events calendar	us_local	opendata	en	usa,ny,events,opendata	21600	Scheduled events in New York City parks with location, borough and time, useful for crowd and gathering context.
nam-nyc-hpd-violations	https://data.cityofnewyork.us/resource/wvxf-dwi5.json?$limit=500	json-array	500	City of New York — HPD housing maintenance violations	City of New York — HPD housing maintenance violations	us_local	economy	en	usa,ny,housing,economy	21600	Open housing-code violations issued against NYC buildings, with class, status and address.
nam-nyc-noise-complaints	https://data.cityofnewyork.us/resource/erm2-nwe9.json?$limit=500&$where=complaint_type%20like%20%27%25Noise%25%27	json-array	500	City of New York — 311 noise complaints	City of New York — 311 noise complaints	us_local	opendata	en	usa,ny,311,opendata	3600	311 records filtered to noise complaints, a fine-grained proxy for nightlife, construction and unrest activity.
nam-utah-gis-services	https://services.arcgis.com/ZzrwjTRez6FJiOq4/arcgis/rest/services?f=json	json:services	2139	Utah — ArcGIS Online organisation service directory	Utah — ArcGIS Online organisation service directory	us_state	opendata	en	usa,ut,gis,arcgis	86400	Index of the State of Utah's hosted feature services on ArcGIS Online.
nam-va-vdot-services	https://services.arcgis.com/p5v98VHDX9Atv3l7/arcgis/rest/services?f=json	json:services	461	Virginia — ArcGIS Online organisation service directory	Virginia — ArcGIS Online organisation service directory	us_state	opendata	en	usa,va,gis,arcgis	86400	Index of the Commonwealth of Virginia's hosted feature services on ArcGIS Online.
nam-drivebc-events	https://api.open511.gov.bc.ca/events?format=json&status=ACTIVE&limit=200	json:events	200	DriveBC — active road events (Open511)	DriveBC — active road events (Open511)	namerica_hazard	transport	en	can,bc,transport,roads	900	Currently active British Columbia road incidents, closures and construction in Open511 form with locations and severity.
nam-mbta-vehicles	https://api-v3.mbta.com/vehicles?page%5Blimit%5D=100	json:data	100	MBTA — live vehicle positions	MBTA — live vehicle positions	us_local	transport	en	usa,ma,transit,transport	900	Real-time MBTA vehicle positions and occupancy status keyed to route and trip.
nam-mbta-routes	https://api-v3.mbta.com/routes?page%5Blimit%5D=100	json:data	100	MBTA — route registry	MBTA — route registry	us_local	transport	en	usa,ma,transit,transport	86400	Full MBTA route list with type, colour and direction names, the join key for alerts and vehicles.
nam-mbta-stops	https://api-v3.mbta.com/stops?page%5Blimit%5D=100	json:data	100	MBTA — stop registry	MBTA — stop registry	us_local	transport	en	usa,ma,transit,transport	86400	MBTA stop and station records including latitude, longitude and wheelchair access.
nam-mbta-facilities	https://api-v3.mbta.com/facilities?page%5Blimit%5D=100	json:data	100	MBTA — station facilities	MBTA — station facilities	us_local	transport	en	usa,ma,transit,transport	86400	MBTA elevators, escalators, parking and other station facilities, the reference set for outage alerts.
nam-mbta-lines	https://api-v3.mbta.com/lines?page%5Blimit%5D=100	json:data	100	MBTA — line registry	MBTA — line registry	us_local	transport	en	usa,ma,transit,transport	86400	MBTA line groupings that aggregate related routes for service-status reporting.
nam-cta-alerts-json	https://lapi.transitchicago.com/api/1.0/alerts.aspx?outputType=JSON	json:CTAAlerts.Alert	94	Chicago Transit Authority — active service alerts	Chicago Transit Authority — active service alerts	us_local	transport	en	usa,il,transit,transport	900	CTA rail and bus alerts with impacted services, severity score and event start and end times.
nam-mbta-alerts	https://api-v3.mbta.com/alerts?page%5Blimit%5D=100	json:data	93	MBTA — service alerts	MBTA — service alerts	us_local	transport	en	usa,ma,transit,transport	900	Live MBTA service alerts for Boston subway, bus, commuter rail and ferry, with affected routes and effective windows.
nam-fl-fdot-services	https://gis.fdot.gov/arcgis/rest/services?f=json	json:services	75	Florida DOT — ArcGIS service directory	Florida DOT — ArcGIS service directory	us_state	transport	en	usa,fl,gis,transport	86400	Index of Florida Department of Transportation public GIS services.
nam-indiana-gis-services	https://gisdata.in.gov/server/rest/services?f=json	json:services	72	Indiana GIS — ArcGIS service directory	Indiana GIS — ArcGIS service directory	us_state	opendata	en	usa,in,gis,arcgis	86400	Index of Indiana's public statewide ArcGIS services.
nam-septa-busdetours	https://www3.septa.org/api/BusDetours/index.php	json-array	60	SEPTA — active bus detours	SEPTA — active bus detours	us_local	transport	en	usa,pa,transit,transport	1800	Bus routes currently on detour with the reason, start date and affected street segments.
nam-nc-onemap-services	https://services.nconemap.gov/secure/rest/services?f=json	json:services	46	NC OneMap — ArcGIS service directory	NC OneMap — ArcGIS service directory	us_state	opendata	en	usa,nc,gis,arcgis	86400	Index of North Carolina's statewide OneMap ArcGIS services.
nam-sask-gis-services	https://gis.saskatchewan.ca/arcgis/rest/services?f=json	json:services	43	Government of Saskatchewan — ArcGIS service directory	Government of Saskatchewan — ArcGIS service directory	canada_gov	opendata	en	can,sk,gis,arcgis	86400	Index of Saskatchewan's public provincial ArcGIS services.
nam-manitoba-news-rss	https://news.gov.mb.ca/news/index.rss	rss	30	Government of Manitoba — news releases	Government of Manitoba — news releases	canada_gov	gazette	en	can,mb,gazette,news	3600	Official Manitoba government news releases across all departments.
nam-mass-gis-services	https://arcgisserver.digital.mass.gov/arcgisserver/rest/services?f=json	json:folders	25	MassGIS — ArcGIS service directory	MassGIS — ArcGIS service directory	us_state	opendata	en	usa,ma,gis,arcgis	86400	Folder index of the Massachusetts statewide GIS server.
nam-md-imap-services	https://mdgeodata.md.gov/imap/rest/services?f=json	json:folders	24	Maryland iMAP — ArcGIS service directory	Maryland iMAP — ArcGIS service directory	us_state	opendata	en	usa,md,gis,arcgis	86400	Folder index of Maryland's statewide iMAP ArcGIS server.
nam-dc-arcgis-services	https://maps2.dcgis.dc.gov/dcgis/rest/services?f=json	json:services	21	District of Columbia (DC GIS) — ArcGIS service directory	District of Columbia (DC GIS) — ArcGIS service directory	us_local	opendata	en	usa,dc,gis,arcgis	86400	Machine-readable index of every public DC GIS map and feature service, the entry point for enumerating DC map layers.
nam-caltrans-services	https://caltrans-gis.dot.ca.gov/arcgis/rest/services?f=json	json:folders	20	Caltrans — ArcGIS service directory	Caltrans — ArcGIS service directory	us_state	transport	en	usa,ca,gis,transport	86400	Index of Caltrans public GIS services covering highways, bridges and transit assets.
nam-calfire-active-incidents	https://incidents.fire.ca.gov/umbraco/api/IncidentApi/List?inactive=false	json-array	15	CAL FIRE — active wildfire incidents	CAL FIRE — active wildfire incidents	namerica_hazard	hazard	en	usa,ca,wildfire,hazard	900	Every wildfire CAL FIRE currently lists as active, with acres burned, containment percent, county and coordinates.
nam-nh-geodata-services	https://nhgeodata.unh.edu/nhgeodata/rest/services?f=json	json:folders	15	NH GRANIT — ArcGIS service directory	NH GRANIT — ArcGIS service directory	us_state	opendata	en	usa,nh,gis,arcgis	86400	Folder index of New Hampshire's GRANIT statewide geodata server.
nam-delaware-firstmap-services	https://enterprise.firstmap.delaware.gov/arcgis/rest/services?f=json	json:folders	12	Delaware FirstMap — ArcGIS service directory	Delaware FirstMap — ArcGIS service directory	us_state	opendata	en	usa,de,gis,arcgis	86400	Folder index of Delaware's statewide FirstMap ArcGIS server.
nam-cageo-conservation-services	https://gis.conservation.ca.gov/server/rest/services?f=json	json:folders	12	California Department of Conservation — ArcGIS service directory	California Department of Conservation — ArcGIS service directory	us_state	opendata	en	usa,ca,gis,arcgis	86400	Index of the California Geological Survey and Conservation Department GIS services.
nam-drivebc-areas	https://api.open511.gov.bc.ca/areas?format=json	json:areas	11	DriveBC — Open511 jurisdiction areas	DriveBC — Open511 jurisdiction areas	canada_gov	transport	en	can,bc,transport	86400	Area definitions used to scope DriveBC Open511 event queries by region.
nam-cta-routes-status	https://lapi.transitchicago.com/api/1.0/routes.aspx?outputType=JSON&type=rail	json:CTARoutes.RouteInfo	8	Chicago Transit Authority — rail route status	Chicago Transit Authority — rail route status	us_local	transport	en	usa,il,transit,transport	1800	Current status line per CTA rail route, a one-glance view of which lines are disrupted.
nam-calif-oal-rss	https://oal.ca.gov/feed/	rss	4	California Office of Administrative Law — rulemaking notices	California Office of Administrative Law — rulemaking notices	us_state	gazette	en	usa,ca,gazette,legal	3600	Notices and bulletins published by California's rulemaking review office.
nam-dc-zoning-webmercator-dcgis-zoningply	https://maps2.dcgis.dc.gov/dcgis/rest/services/Zoning_WebMercator/MapServer/0/query?where=1%3D1&outFields=*&outSR=4326&f=geojson&resultRecordCount=200	geojson	200	District of Columbia (DC GIS) — DCGIS.ZoningPly (Zoning WebMercator)	District of Columbia (DC GIS) — DCGIS.ZoningPly (Zoning WebMercator)	us_local	opendata	en	usa,dc,opendata,gis,arcgis	86400	ArcGIS FeatureServer layer from District of Columbia (DC GIS): DCGIS.ZoningPly, returned as GeoJSON with per-feature geometry.
nam-dc-zoning-dcgis-zoningply	https://maps2.dcgis.dc.gov/dcgis/rest/services/Zoning/MapServer/0/query?where=1%3D1&outFields=*&outSR=4326&f=geojson&resultRecordCount=200	geojson	200	District of Columbia (DC GIS) — DCGIS.ZoningPly (Zoning)	District of Columbia (DC GIS) — DCGIS.ZoningPly (Zoning)	us_local	opendata	en	usa,dc,opendata,gis,arcgis	86400	ArcGIS FeatureServer layer from District of Columbia (DC GIS): DCGIS.ZoningPly, returned as GeoJSON with per-feature geometry.
nam-dc-ddoe-watershed-municipal-separate-storm-sewer-syst	https://maps2.dcgis.dc.gov/dcgis/rest/services/DCGIS_APPS/DDOE_Watershed/MapServer/1/query?where=1%3D1&outFields=*&outSR=4326&f=geojson&resultRecordCount=200	geojson	200	District of Columbia (DC GIS) — Municipal Separate Storm Sewer Systems (MS4) - Sewer Shed (DDOE Watershed)	District of Columbia (DC GIS) — Municipal Separate Storm Sewer Systems (MS4) - Sewer Shed (DDOE Watershed)	namerica_hazard	hazard	en	usa,dc,hazard,gis,arcgis	21600	ArcGIS FeatureServer layer from District of Columbia (DC GIS): Municipal Separate Storm Sewer Systems (MS4) - Sewer Shed, returned as GeoJSON with per-feature geometry.
nam-dc-evacuation-route-map-evacuation-route-points	https://maps2.dcgis.dc.gov/dcgis/rest/services/DCGIS_APPS/Evacuation_Route_Map/MapServer/0/query?where=1%3D1&outFields=*&outSR=4326&f=geojson&resultRecordCount=200	geojson	200	District of Columbia (DC GIS) — Evacuation Route Points (Evacuation Route Map)	District of Columbia (DC GIS) — Evacuation Route Points (Evacuation Route Map)	namerica_hazard	hazard	en	usa,dc,hazard,gis,arcgis	21600	ArcGIS FeatureServer layer from District of Columbia (DC GIS): Evacuation Route Points, returned as GeoJSON with per-feature geometry.
nam-dc-evacuation-route-map-evacuation-route-block-group	https://maps2.dcgis.dc.gov/dcgis/rest/services/DCGIS_APPS/Evacuation_Route_Map/MapServer/2/query?where=1%3D1&outFields=*&outSR=4326&f=geojson&resultRecordCount=200	geojson	200	District of Columbia (DC GIS) — Evacuation Route Block Group (Evacuation Route Map)	District of Columbia (DC GIS) — Evacuation Route Block Group (Evacuation Route Map)	namerica_hazard	hazard	en	usa,dc,hazard,gis,arcgis	86400	ArcGIS FeatureServer layer from District of Columbia (DC GIS): Evacuation Route Block Group, returned as GeoJSON with per-feature geometry.
nam-dc-floodmap-zoning-districts	https://maps2.dcgis.dc.gov/dcgis/rest/services/DCGIS_APPS/floodmap/MapServer/2/query?where=1%3D1&outFields=*&outSR=4326&f=geojson&resultRecordCount=200	geojson	200	District of Columbia (DC GIS) — Zoning Districts (floodmap)	District of Columbia (DC GIS) — Zoning Districts (floodmap)	us_local	opendata	en	usa,dc,opendata,gis,arcgis	86400	ArcGIS FeatureServer layer from District of Columbia (DC GIS): Zoning Districts, returned as GeoJSON with per-feature geometry.
nam-dc-environment-energy-webmercator-building-energy-ben	https://maps2.dcgis.dc.gov/dcgis/rest/services/DCGIS_DATA/Environment_Energy_WebMercator/FeatureServer/45/query?where=1%3D1&outFields=*&outSR=4326&f=geojson&resultRecordCount=200	geojson	200	District of Columbia (DC GIS) — Building Energy Benchmarks (Environment Energy WebMercator)	District of Columbia (DC GIS) — Building Energy Benchmarks (Environment Energy WebMercator)	us_local	environment	en	usa,dc,environment,gis,arcgis	21600	ArcGIS FeatureServer layer from District of Columbia (DC GIS): Building Energy Benchmarks, returned as GeoJSON with per-feature geometry.
nam-dc-environment-energy-webmercator-building-energy-per	https://maps2.dcgis.dc.gov/dcgis/rest/services/DCGIS_DATA/Environment_Energy_WebMercator/FeatureServer/75/query?where=1%3D1&outFields=*&outSR=4326&f=geojson&resultRecordCount=200	geojson	200	District of Columbia (DC GIS) — Building Energy Performance Data (Environment Energy WebMercator)	District of Columbia (DC GIS) — Building Energy Performance Data (Environment Energy WebMercator)	us_local	environment	en	usa,dc,environment,gis,arcgis	21600	ArcGIS FeatureServer layer from District of Columbia (DC GIS): Building Energy Performance Data, returned as GeoJSON with per-feature geometry.
nam-dc-environment-energy-building-energy-benchmarks	https://maps2.dcgis.dc.gov/dcgis/rest/services/DCGIS_DATA/Environment_Energy/MapServer/45/query?where=1%3D1&outFields=*&outSR=4326&f=geojson&resultRecordCount=200	geojson	200	District of Columbia (DC GIS) — Building Energy Benchmarks (Environment Energy)	District of Columbia (DC GIS) — Building Energy Benchmarks (Environment Energy)	us_local	environment	en	usa,dc,environment,gis,arcgis	21600	ArcGIS FeatureServer layer from District of Columbia (DC GIS): Building Energy Benchmarks, returned as GeoJSON with per-feature geometry.
nam-dc-environment-energy-building-energy-performance-dat	https://maps2.dcgis.dc.gov/dcgis/rest/services/DCGIS_DATA/Environment_Energy/MapServer/75/query?where=1%3D1&outFields=*&outSR=4326&f=geojson&resultRecordCount=200	geojson	200	District of Columbia (DC GIS) — Building Energy Performance Data (Environment Energy)	District of Columbia (DC GIS) — Building Energy Performance Data (Environment Energy)	us_local	environment	en	usa,dc,environment,gis,arcgis	21600	ArcGIS FeatureServer layer from District of Columbia (DC GIS): Building Energy Performance Data, returned as GeoJSON with per-feature geometry.
nam-dc-environment-flood-webmercator-community-rating-sys	https://maps2.dcgis.dc.gov/dcgis/rest/services/DCGIS_DATA/Environment_Flood_WebMercator/MapServer/39/query?where=1%3D1&outFields=*&outSR=4326&f=geojson&resultRecordCount=200	geojson	200	District of Columbia (DC GIS) — Community Rating System - Special Flood Hazard Areas (Environment Flood WebMercator)	District of Columbia (DC GIS) — Community Rating System - Special Flood Hazard Areas (Environment Flood WebMercator)	namerica_hazard	hazard	en	usa,dc,hazard,gis,arcgis	21600	ArcGIS FeatureServer layer from District of Columbia (DC GIS): Community Rating System - Special Flood Hazard Areas, returned as GeoJSON with per-feature geometry.
nam-dc-environment-flood-webmercator-floodplains	https://maps2.dcgis.dc.gov/dcgis/rest/services/DCGIS_DATA/Environment_Flood_WebMercator/MapServer/9/query?where=1%3D1&outFields=*&outSR=4326&f=geojson&resultRecordCount=200	geojson	200	District of Columbia (DC GIS) — Floodplains (Environment Flood WebMercator)	District of Columbia (DC GIS) — Floodplains (Environment Flood WebMercator)	namerica_hazard	hazard	en	usa,dc,hazard,gis,arcgis	21600	ArcGIS FeatureServer layer from District of Columbia (DC GIS): Floodplains, returned as GeoJSON with per-feature geometry.
nam-md-md-nutrientmanagementsetbacksfromwaterways-rivers	https://mdgeodata.md.gov/imap/rest/services/Agriculture/MD_NutrientManagementSetbacksFromWaterways/MapServer/0/query?where=1%3D1&outFields=*&outSR=4326&f=geojson&resultRecordCount=200	geojson	200	Maryland iMAP — Rivers Streams and Ditches (MD NutrientManagementSetbacksFromWaterways)	Maryland iMAP — Rivers Streams and Ditches (MD NutrientManagementSetbacksFromWaterways)	us_state	environment	en	usa,md,environment,gis,arcgis	21600	ArcGIS FeatureServer layer from Maryland iMAP: Rivers Streams and Ditches, returned as GeoJSON with per-feature geometry.
nam-md-md-censusdata-census-tracts	https://mdgeodata.md.gov/imap/rest/services/Demographics/MD_CensusData/FeatureServer/0/query?where=1%3D1&outFields=*&outSR=4326&f=geojson&resultRecordCount=200	geojson	200	Maryland iMAP — Census Tracts (MD CensusData)	Maryland iMAP — Census Tracts (MD CensusData)	us_state	opendata	en	usa,md,opendata,gis,arcgis	86400	ArcGIS FeatureServer layer from Maryland iMAP: Census Tracts, returned as GeoJSON with per-feature geometry.
nam-md-md-bepscoveredbuildings-maryland-beps-covered-buil	https://mdgeodata.md.gov/imap/rest/services/Environment/MD_BEPSCoveredBuildings/FeatureServer/0/query?where=1%3D1&outFields=*&outSR=4326&f=geojson&resultRecordCount=200	geojson	200	Maryland iMAP — Maryland BEPS Covered Buildings (MD BEPSCoveredBuildings)	Maryland iMAP — Maryland BEPS Covered Buildings (MD BEPSCoveredBuildings)	us_state	opendata	en	usa,md,opendata,gis,arcgis	21600	ArcGIS FeatureServer layer from Maryland iMAP: Maryland BEPS Covered Buildings, returned as GeoJSON with per-feature geometry.
nam-md-md-chesapeakebaydeadzones-chesapeake-bay-dead-zone	https://mdgeodata.md.gov/imap/rest/services/Environment/MD_ChesapeakeBayDeadZones/FeatureServer/0/query?where=1%3D1&outFields=*&outSR=4326&f=geojson&resultRecordCount=200	geojson	200	Maryland iMAP — Chesapeake Bay Dead Zones (MD ChesapeakeBayDeadZones)	Maryland iMAP — Chesapeake Bay Dead Zones (MD ChesapeakeBayDeadZones)	us_state	opendata	en	usa,md,opendata,gis,arcgis	86400	ArcGIS FeatureServer layer from Maryland iMAP: Chesapeake Bay Dead Zones, returned as GeoJSON with per-feature geometry.
nam-md-md-coastalresiliencyassessment-hazard-reduction-by	https://mdgeodata.md.gov/imap/rest/services/Environment/MD_CoastalResiliencyAssessment/FeatureServer/0/query?where=1%3D1&outFields=*&outSR=4326&f=geojson&resultRecordCount=200	geojson	200	Maryland iMAP — Hazard Reduction by Habitats (MD CoastalResiliencyAssessment)	Maryland iMAP — Hazard Reduction by Habitats (MD CoastalResiliencyAssessment)	namerica_hazard	hazard	en	usa,md,hazard,gis,arcgis	21600	ArcGIS FeatureServer layer from Maryland iMAP: Hazard Reduction by Habitats, returned as GeoJSON with per-feature geometry.
nam-md-md-coastalresiliencyassessment-shoreline-hazard-in	https://mdgeodata.md.gov/imap/rest/services/Environment/MD_CoastalResiliencyAssessment/FeatureServer/1/query?where=1%3D1&outFields=*&outSR=4326&f=geojson&resultRecordCount=200	geojson	200	Maryland iMAP — Shoreline Hazard Index (MD CoastalResiliencyAssessment)	Maryland iMAP — Shoreline Hazard Index (MD CoastalResiliencyAssessment)	namerica_hazard	hazard	en	usa,md,hazard,gis,arcgis	21600	ArcGIS FeatureServer layer from Maryland iMAP: Shoreline Hazard Index, returned as GeoJSON with per-feature geometry.
nam-md-md-coastalresiliencyassessment-priority-shoreline	https://mdgeodata.md.gov/imap/rest/services/Environment/MD_CoastalResiliencyAssessment/FeatureServer/2/query?where=1%3D1&outFields=*&outSR=4326&f=geojson&resultRecordCount=200	geojson	200	Maryland iMAP — Priority Shoreline Areas (MD CoastalResiliencyAssessment)	Maryland iMAP — Priority Shoreline Areas (MD CoastalResiliencyAssessment)	us_state	environment	en	usa,md,environment,gis,arcgis	21600	ArcGIS FeatureServer layer from Maryland iMAP: Priority Shoreline Areas, returned as GeoJSON with per-feature geometry.
nam-md-md-criticalareas-critical-areas-towns	https://mdgeodata.md.gov/imap/rest/services/Environment/MD_CriticalAreas/FeatureServer/0/query?where=1%3D1&outFields=*&outSR=4326&f=geojson&resultRecordCount=200	geojson	200	Maryland iMAP — Critical Areas Towns (MD CriticalAreas)	Maryland iMAP — Critical Areas Towns (MD CriticalAreas)	us_state	opendata	en	usa,md,opendata,gis,arcgis	21600	ArcGIS FeatureServer layer from Maryland iMAP: Critical Areas Towns, returned as GeoJSON with per-feature geometry.
nam-md-md-criticalareas-critical-areas-counties	https://mdgeodata.md.gov/imap/rest/services/Environment/MD_CriticalAreas/FeatureServer/1/query?where=1%3D1&outFields=*&outSR=4326&f=geojson&resultRecordCount=200	geojson	200	Maryland iMAP — Critical Areas Counties (MD CriticalAreas)	Maryland iMAP — Critical Areas Counties (MD CriticalAreas)	us_state	opendata	en	usa,md,opendata,gis,arcgis	21600	ArcGIS FeatureServer layer from Maryland iMAP: Critical Areas Counties, returned as GeoJSON with per-feature geometry.
nam-md-md-focalareas-targeted-ecological-areas	https://mdgeodata.md.gov/imap/rest/services/Environment/MD_FocalAreas/FeatureServer/1/query?where=1%3D1&outFields=*&outSR=4326&f=geojson&resultRecordCount=200	geojson	200	Maryland iMAP — Targeted Ecological Areas (MD FocalAreas)	Maryland iMAP — Targeted Ecological Areas (MD FocalAreas)	us_state	environment	en	usa,md,environment,gis,arcgis	21600	ArcGIS FeatureServer layer from Maryland iMAP: Targeted Ecological Areas, returned as GeoJSON with per-feature geometry.
nam-md-md-pointsourcedischarges-point-source-discharges	https://mdgeodata.md.gov/imap/rest/services/Environment/MD_PointSourceDischarges/FeatureServer/1/query?where=1%3D1&outFields=*&outSR=4326&f=geojson&resultRecordCount=200	geojson	200	Maryland iMAP — Point Source Discharges (MD PointSourceDischarges)	Maryland iMAP — Point Source Discharges (MD PointSourceDischarges)	us_state	opendata	en	usa,md,opendata,gis,arcgis	21600	ArcGIS FeatureServer layer from Maryland iMAP: Point Source Discharges, returned as GeoJSON with per-feature geometry.
nam-md-md-protectedlands-md-environmental-trust-easements	https://mdgeodata.md.gov/imap/rest/services/Environment/MD_ProtectedLands/FeatureServer/2/query?where=1%3D1&outFields=*&outSR=4326&f=geojson&resultRecordCount=200	geojson	200	Maryland iMAP — MD Environmental Trust Easements (MD ProtectedLands)	Maryland iMAP — MD Environmental Trust Easements (MD ProtectedLands)	us_state	environment	en	usa,md,environment,gis,arcgis	21600	ArcGIS FeatureServer layer from Maryland iMAP: MD Environmental Trust Easements, returned as GeoJSON with per-feature geometry.
nam-caltrans-ccvra-coastal-flood-risk-ccvr-coastal-flood-risk	https://caltrans-gis.dot.ca.gov/arcgis/rest/services/CCVRA/CCVRA_Coastal_Flood_Risk/FeatureServer/0/query?where=1%3D1&outFields=*&outSR=4326&f=geojson&resultRecordCount=200	geojson	200	Caltrans — CCVR Coastal Flood Risk (CCVRA Coastal Flood Risk)	Caltrans — CCVR Coastal Flood Risk (CCVRA Coastal Flood Risk)	namerica_hazard	hazard	en	usa,ca,hazard,gis,arcgis	21600	ArcGIS FeatureServer layer from Caltrans: CCVR Coastal Flood Risk, returned as GeoJSON with per-feature geometry.
nam-caltrans-ccvra-erosion-risk-ccvra-erosion-risk	https://caltrans-gis.dot.ca.gov/arcgis/rest/services/CCVRA/CCVRA_Erosion_Risk/FeatureServer/0/query?where=1%3D1&outFields=*&outSR=4326&f=geojson&resultRecordCount=200	geojson	200	Caltrans — CCVRA Erosion Risk (CCVRA Erosion Risk)	Caltrans — CCVRA Erosion Risk (CCVRA Erosion Risk)	us_state	opendata	en	usa,ca,opendata,gis,arcgis	21600	ArcGIS FeatureServer layer from Caltrans: CCVRA Erosion Risk, returned as GeoJSON with per-feature geometry.
nam-caltrans-ccvra-landslide-risk-ccvra-landslide-risk	https://caltrans-gis.dot.ca.gov/arcgis/rest/services/CCVRA/CCVRA_Landslide_Risk/FeatureServer/0/query?where=1%3D1&outFields=*&outSR=4326&f=geojson&resultRecordCount=200	geojson	200	Caltrans — CCVRA Landslide Risk (CCVRA Landslide Risk)	Caltrans — CCVRA Landslide Risk (CCVRA Landslide Risk)	namerica_hazard	hazard	en	usa,ca,hazard,gis,arcgis	21600	ArcGIS FeatureServer layer from Caltrans: CCVRA Landslide Risk, returned as GeoJSON with per-feature geometry.
nam-caltrans-ccvra-riverine-flood-risk-ccvra-riverine-flood-ris	https://caltrans-gis.dot.ca.gov/arcgis/rest/services/CCVRA/CCVRA_Riverine_Flood_Risk/FeatureServer/0/query?where=1%3D1&outFields=*&outSR=4326&f=geojson&resultRecordCount=200	geojson	200	Caltrans — CCVRA Riverine Flood Risk (CCVRA Riverine Flood Risk)	Caltrans — CCVRA Riverine Flood Risk (CCVRA Riverine Flood Risk)	namerica_hazard	hazard	en	usa,ca,hazard,gis,arcgis	21600	ArcGIS FeatureServer layer from Caltrans: CCVRA Riverine Flood Risk, returned as GeoJSON with per-feature geometry.
nam-caltrans-ccvra-wildfire-risk-ccvra-wildfire-risk	https://caltrans-gis.dot.ca.gov/arcgis/rest/services/CCVRA/CCVRA_Wildfire_Risk/FeatureServer/0/query?where=1%3D1&outFields=*&outSR=4326&f=geojson&resultRecordCount=200	geojson	200	Caltrans — CCVRA Wildfire Risk (CCVRA Wildfire Risk)	Caltrans — CCVRA Wildfire Risk (CCVRA Wildfire Risk)	namerica_hazard	hazard	en	usa,ca,hazard,gis,arcgis	21600	ArcGIS FeatureServer layer from Caltrans: CCVRA Wildfire Risk, returned as GeoJSON with per-feature geometry.
nam-caltrans-airport-runways-airport-runways	https://caltrans-gis.dot.ca.gov/arcgis/rest/services/CHaviation/Airport_Runways/FeatureServer/0/query?where=1%3D1&outFields=*&outSR=4326&f=geojson&resultRecordCount=200	geojson	200	Caltrans — Airport Runways (Airport Runways)	Caltrans — Airport Runways (Airport Runways)	us_state	transport	en	usa,ca,transport,gis,arcgis	21600	ArcGIS FeatureServer layer from Caltrans: Airport Runways, returned as GeoJSON with per-feature geometry.
nam-caltrans-public-airport-public-airports	https://caltrans-gis.dot.ca.gov/arcgis/rest/services/CHaviation/Public_Airport/FeatureServer/0/query?where=1%3D1&outFields=*&outSR=4326&f=geojson&resultRecordCount=200	geojson	200	Caltrans — Public Airports (Public Airport)	Caltrans — Public Airports (Public Airport)	us_state	transport	en	usa,ca,transport,gis,arcgis	21600	ArcGIS FeatureServer layer from Caltrans: Public Airports, returned as GeoJSON with per-feature geometry.
nam-caltrans-all-roads-all-roads	https://caltrans-gis.dot.ca.gov/arcgis/rest/services/CHhighway/All_Roads/FeatureServer/0/query?where=1%3D1&outFields=*&outSR=4326&f=geojson&resultRecordCount=200	geojson	200	Caltrans — All Roads (All Roads)	Caltrans — All Roads (All Roads)	us_state	transport	en	usa,ca,transport,gis,arcgis	21600	ArcGIS FeatureServer layer from Caltrans: All Roads, returned as GeoJSON with per-feature geometry.
nam-caltrans-cctv-cctv	https://caltrans-gis.dot.ca.gov/arcgis/rest/services/CHhighway/CCTV/FeatureServer/0/query?where=1%3D1&outFields=*&outSR=4326&f=geojson&resultRecordCount=200	geojson	200	Caltrans — CCTV (CCTV)	Caltrans — CCTV (CCTV)	us_state	opendata	en	usa,ca,opendata,gis,arcgis	21600	ArcGIS FeatureServer layer from Caltrans: CCTV, returned as GeoJSON with per-feature geometry.
nam-caltrans-crs-functional-classification-crs-functional-class	https://caltrans-gis.dot.ca.gov/arcgis/rest/services/CHhighway/CRS_Functional_Classification/FeatureServer/0/query?where=1%3D1&outFields=*&outSR=4326&f=geojson&resultRecordCount=200	geojson	200	Caltrans — CRS - Functional Classification (CRS Functional Classification)	Caltrans — CRS - Functional Classification (CRS Functional Classification)	us_state	opendata	en	usa,ca,opendata,gis,arcgis	21600	ArcGIS FeatureServer layer from Caltrans: CRS - Functional Classification, returned as GeoJSON with per-feature geometry.
nam-caltrans-local-bridges-local-bridges	https://caltrans-gis.dot.ca.gov/arcgis/rest/services/CHhighway/Local_Bridges/FeatureServer/0/query?where=1%3D1&outFields=*&outSR=4326&f=geojson&resultRecordCount=200	geojson	200	Caltrans — Local Bridges (Local Bridges)	Caltrans — Local Bridges (Local Bridges)	us_state	transport	en	usa,ca,transport,gis,arcgis	21600	ArcGIS FeatureServer layer from Caltrans: Local Bridges, returned as GeoJSON with per-feature geometry.
nam-sask-aboriginallands-indian-reserve-nrcan	https://gis.saskatchewan.ca/arcgis/rest/services/AboriginalLands/MapServer/0/query?where=1%3D1&outFields=*&outSR=4326&f=geojson&resultRecordCount=200	geojson	200	Government of Saskatchewan — Indian Reserve (NRCan) (AboriginalLands)	Government of Saskatchewan — Indian Reserve (NRCan) (AboriginalLands)	canada_gov	opendata	en	can,sk,opendata,gis,arcgis	21600	ArcGIS FeatureServer layer from Government of Saskatchewan: Indian Reserve (NRCan), returned as GeoJSON with per-feature geometry.
nam-sask-aboriginallands-indian-reserve-isc	https://gis.saskatchewan.ca/arcgis/rest/services/AboriginalLands/MapServer/1/query?where=1%3D1&outFields=*&outSR=4326&f=geojson&resultRecordCount=200	geojson	200	Government of Saskatchewan — Indian Reserve (ISC) (AboriginalLands)	Government of Saskatchewan — Indian Reserve (ISC) (AboriginalLands)	canada_gov	opendata	en	can,sk,opendata,gis,arcgis	21600	ArcGIS FeatureServer layer from Government of Saskatchewan: Indian Reserve (ISC), returned as GeoJSON with per-feature geometry.
nam-sask-canadiangeonameswater-canadian-geographic-names-wa	https://gis.saskatchewan.ca/arcgis/rest/services/CanadianGeoNamesWater/MapServer/0/query?where=1%3D1&outFields=*&outSR=4326&f=geojson&resultRecordCount=200	geojson	200	Government of Saskatchewan — Canadian Geographic Names (Water Features) (CanadianGeoNamesWater)	Government of Saskatchewan — Canadian Geographic Names (Water Features) (CanadianGeoNamesWater)	canada_gov	environment	en	can,sk,environment,gis,arcgis	21600	ArcGIS FeatureServer layer from Government of Saskatchewan: Canadian Geographic Names (Water Features), returned as GeoJSON with per-feature geometry.
nam-sask-forestry-sfvi-forest-inventory-index	https://gis.saskatchewan.ca/arcgis/rest/services/Forestry/MapServer/3/query?where=1%3D1&outFields=*&outSR=4326&f=geojson&resultRecordCount=200	geojson	200	Government of Saskatchewan — SFVI Forest Inventory Index (Forestry)	Government of Saskatchewan — SFVI Forest Inventory Index (Forestry)	canada_gov	environment	en	can,sk,environment,gis,arcgis	86400	ArcGIS FeatureServer layer from Government of Saskatchewan: SFVI Forest Inventory Index, returned as GeoJSON with per-feature geometry.
nam-sask-sasknamesdatabasewater-sask-names-database-water-f	https://gis.saskatchewan.ca/arcgis/rest/services/SaskNamesDatabaseWater/MapServer/0/query?where=1%3D1&outFields=*&outSR=4326&f=geojson&resultRecordCount=200	geojson	200	Government of Saskatchewan — Sask Names Database (Water Features) (SaskNamesDatabaseWater)	Government of Saskatchewan — Sask Names Database (Water Features) (SaskNamesDatabaseWater)	canada_gov	environment	en	can,sk,environment,gis,arcgis	21600	ArcGIS FeatureServer layer from Government of Saskatchewan: Sask Names Database (Water Features), returned as GeoJSON with per-feature geometry.
nam-sask-soils-saskatchewan-soils	https://gis.saskatchewan.ca/arcgis/rest/services/Soils/MapServer/0/query?where=1%3D1&outFields=*&outSR=4326&f=geojson&resultRecordCount=200	geojson	200	Government of Saskatchewan — Saskatchewan Soils (Soils)	Government of Saskatchewan — Saskatchewan Soils (Soils)	canada_gov	environment	en	can,sk,environment,gis,arcgis	86400	ArcGIS FeatureServer layer from Government of Saskatchewan: Saskatchewan Soils, returned as GeoJSON with per-feature geometry.
nam-sask-wastemanagementareas-domestic-waste	https://gis.saskatchewan.ca/arcgis/rest/services/WasteManagementAreas/MapServer/2/query?where=1%3D1&outFields=*&outSR=4326&f=geojson&resultRecordCount=200	geojson	200	Government of Saskatchewan — Domestic Waste (WasteManagementAreas)	Government of Saskatchewan — Domestic Waste (WasteManagementAreas)	canada_gov	environment	en	can,sk,environment,gis,arcgis	21600	ArcGIS FeatureServer layer from Government of Saskatchewan: Domestic Waste, returned as GeoJSON with per-feature geometry.
nam-sask-watersaturatedsoils-wetland	https://gis.saskatchewan.ca/arcgis/rest/services/WaterSaturatedSoils/MapServer/0/query?where=1%3D1&outFields=*&outSR=4326&f=geojson&resultRecordCount=200	geojson	200	Government of Saskatchewan — Wetland (WaterSaturatedSoils)	Government of Saskatchewan — Wetland (WaterSaturatedSoils)	canada_gov	environment	en	can,sk,environment,gis,arcgis	86400	ArcGIS FeatureServer layer from Government of Saskatchewan: Wetland, returned as GeoJSON with per-feature geometry.
nam-sask-watersaturatedsoils-string-bog	https://gis.saskatchewan.ca/arcgis/rest/services/WaterSaturatedSoils/MapServer/1/query?where=1%3D1&outFields=*&outSR=4326&f=geojson&resultRecordCount=200	geojson	200	Government of Saskatchewan — String Bog (WaterSaturatedSoils)	Government of Saskatchewan — String Bog (WaterSaturatedSoils)	canada_gov	opendata	en	can,sk,opendata,gis,arcgis	86400	ArcGIS FeatureServer layer from Government of Saskatchewan: String Bog, returned as GeoJSON with per-feature geometry.
nam-sask-crownland-ag-crownland-ag	https://gis.saskatchewan.ca/arcgis/rest/services/Agriculture/CrownLand_AG/MapServer/2/query?where=1%3D1&outFields=*&outSR=4326&f=geojson&resultRecordCount=200	geojson	200	Government of Saskatchewan — CrownLand AG (CrownLand AG)	Government of Saskatchewan — CrownLand AG (CrownLand AG)	canada_gov	opendata	en	can,sk,opendata,gis,arcgis	21600	ArcGIS FeatureServer layer from Government of Saskatchewan: CrownLand AG, returned as GeoJSON with per-feature geometry.
nam-sask-geology-faults-250k	https://gis.saskatchewan.ca/arcgis/rest/services/Economy/Geology/MapServer/1/query?where=1%3D1&outFields=*&outSR=4326&f=geojson&resultRecordCount=200	geojson	200	Government of Saskatchewan — Faults 250K (Geology)	Government of Saskatchewan — Faults 250K (Geology)	canada_gov	opendata	en	can,sk,opendata,gis,arcgis	86400	ArcGIS FeatureServer layer from Government of Saskatchewan: Faults 250K, returned as GeoJSON with per-feature geometry.
nam-sask-geology-surficial-geology-linear-landforms-250k	https://gis.saskatchewan.ca/arcgis/rest/services/Economy/Geology/MapServer/4/query?where=1%3D1&outFields=*&outSR=4326&f=geojson&resultRecordCount=200	geojson	200	Government of Saskatchewan — Surficial Geology Linear Landforms 250K (Geology)	Government of Saskatchewan — Surficial Geology Linear Landforms 250K (Geology)	canada_gov	opendata	en	can,sk,opendata,gis,arcgis	86400	ArcGIS FeatureServer layer from Government of Saskatchewan: Surficial Geology Linear Landforms 250K, returned as GeoJSON with per-feature geometry.
nam-caltrans-hospital-heliports-hospital-heliports	https://caltrans-gis.dot.ca.gov/arcgis/rest/services/CHaviation/Hospital_Heliports/FeatureServer/0/query?where=1%3D1&outFields=*&outSR=4326&f=geojson&resultRecordCount=200	geojson	170	Caltrans — Hospital Heliports (Hospital Heliports)	Caltrans — Hospital Heliports (Hospital Heliports)	us_state	health	en	usa,ca,health,gis,arcgis	21600	ArcGIS FeatureServer layer from Caltrans: Hospital Heliports, returned as GeoJSON with per-feature geometry.
nam-bloomington-in-nuisance-complaints	https://data.bloomington.in.gov/resource/8mur-twyk.geojson?$limit=400	geojson	400	City of Bloomington, Indiana — Nuisance Complaints	City of Bloomington, Indiana — Nuisance Complaints	us_local	opendata	en	usa,in,opendata,opendata	21600	Socrata open-data feed from City of Bloomington, Indiana: Nuisance Complaints, one JSON record per row.
nam-brla-baton-rouge-fire-department-occupancy-in	https://data.brla.gov/resource/h453-hp7u.geojson?$limit=400	geojson	400	City of Baton Rouge — Baton Rouge Fire Department Occupancy Inspections	City of Baton Rouge — Baton Rouge Fire Department Occupancy Inspections	namerica_hazard	hazard	en	usa,la,hazard,opendata	21600	Socrata open-data feed from City of Baton Rouge: Baton Rouge Fire Department Occupancy Inspections, one JSON record per row.
nam-brla-street-lighting	https://data.brla.gov/resource/nbzj-v92f.geojson?$limit=400	geojson	400	City of Baton Rouge — Street Lighting	City of Baton Rouge — Street Lighting	us_local	transport	en	usa,la,transport,opendata	21600	Socrata open-data feed from City of Baton Rouge: Street Lighting, one JSON record per row.
nam-calgary-traffic-incidents	https://data.calgary.ca/resource/35ra-9556.geojson?$limit=400	geojson	400	City of Calgary — Traffic Incidents	City of Calgary — Traffic Incidents	canada_gov	transport	en	can,ab,transport,opendata	1800	Socrata open-data feed from City of Calgary: Traffic Incidents, one JSON record per row.
nam-calgary-air-quality-data-near-real-time	https://data.calgary.ca/resource/g9s5-qhu5.geojson?$limit=400	geojson	400	City of Calgary — Air Quality Data (near real-time)	City of Calgary — Air Quality Data (near real-time)	canada_gov	environment	en	can,ab,environment,opendata	3600	Socrata open-data feed from City of Calgary: Air Quality Data (near real-time), one JSON record per row.
nam-calgary-historical-air-quality	https://data.calgary.ca/resource/uqjm-jxgp.geojson?$limit=400	geojson	400	City of Calgary — Historical Air Quality	City of Calgary — Historical Air Quality	canada_gov	environment	en	can,ab,environment,opendata	86400	Socrata open-data feed from City of Calgary: Historical Air Quality, one JSON record per row.
nam-cambridgema-asbestos-removal-permits	https://data.cambridgema.gov/resource/jrxr-y9ty.geojson?$limit=400	geojson	400	City of Cambridge, Massachusetts — Asbestos Removal Permits	City of Cambridge, Massachusetts — Asbestos Removal Permits	us_local	economy	en	usa,ma,economy,opendata	21600	Socrata open-data feed from City of Cambridge, Massachusetts: Asbestos Removal Permits, one JSON record per row.
nam-cambridgema-sprinkler-and-standpipe-permits	https://data.cambridgema.gov/resource/c552-ny5k.geojson?$limit=400	geojson	400	City of Cambridge, Massachusetts — Sprinkler and Standpipe Permits	City of Cambridge, Massachusetts — Sprinkler and Standpipe Permits	us_local	economy	en	usa,ma,economy,opendata	21600	Socrata open-data feed from City of Cambridge, Massachusetts: Sprinkler and Standpipe Permits, one JSON record per row.
nam-cambridgema-medical-events	https://data.cambridgema.gov/resource/4hgq-4f2b.geojson?$limit=400	geojson	400	City of Cambridge, Massachusetts — Medical Events	City of Cambridge, Massachusetts — Medical Events	us_local	opendata	en	usa,ma,opendata,opendata	3600	Socrata open-data feed from City of Cambridge, Massachusetts: Medical Events, one JSON record per row.
nam-cambridgema-commonwealth-connect-service-requests	https://data.cambridgema.gov/resource/2z9k-mv9g.geojson?$limit=400	geojson	400	City of Cambridge, Massachusetts — Commonwealth Connect Service Requests	City of Cambridge, Massachusetts — Commonwealth Connect Service Requests	us_local	opendata	en	usa,ma,opendata,opendata	21600	Socrata open-data feed from City of Cambridge, Massachusetts: Commonwealth Connect Service Requests, one JSON record per row.
nam-cambridgema-police-department-crash-data-historical	https://data.cambridgema.gov/resource/ybny-g9cv.geojson?$limit=400	geojson	400	City of Cambridge, Massachusetts — Police Department Crash Data - Historical	City of Cambridge, Massachusetts — Police Department Crash Data - Historical	us_local	crime	en	usa,ma,crime,opendata	86400	Socrata open-data feed from City of Cambridge, Massachusetts: Police Department Crash Data - Historical, one JSON record per row.
nam-cityofchicago-chicago-energy-benchmarking	https://data.cityofchicago.org/resource/xq83-jr8c.geojson?$limit=400	geojson	400	City of Chicago — Chicago Energy Benchmarking	City of Chicago — Chicago Energy Benchmarking	us_local	energy	en	usa,il,energy,opendata	21600	Socrata open-data feed from City of Chicago: Chicago Energy Benchmarking, one JSON record per row.
nam-cityofchicago-beach-e-coli-predictions	https://data.cityofchicago.org/resource/xvsz-3xcj.geojson?$limit=400	geojson	400	City of Chicago — Beach E. coli Predictions	City of Chicago — Beach E. coli Predictions	us_local	opendata	en	usa,il,opendata,opendata	21600	Socrata open-data feed from City of Chicago: Beach E. coli Predictions, one JSON record per row.
nam-cityofchicago-beach-lab-data	https://data.cityofchicago.org/resource/2ivx-z93u.geojson?$limit=400	geojson	400	City of Chicago — Beach Lab Data	City of Chicago — Beach Lab Data	us_local	opendata	en	usa,il,opendata,opendata	21600	Socrata open-data feed from City of Chicago: Beach Lab Data, one JSON record per row.
nam-cityofchicago-cdph-environmental-enforcement	https://data.cityofchicago.org/resource/yqn4-3th2.geojson?$limit=400	geojson	400	City of Chicago — CDPH Environmental Enforcement	City of Chicago — CDPH Environmental Enforcement	us_local	environment	en	usa,il,environment,opendata	21600	Socrata open-data feed from City of Chicago: CDPH Environmental Enforcement, one JSON record per row.
nam-cityofgainesville-311-service-requests-mygnv	https://data.cityofgainesville.org/resource/78uv-94ar.geojson?$limit=400	geojson	400	City of Gainesville, Florida — 311 Service Requests (myGNV)	City of Gainesville, Florida — 311 Service Requests (myGNV)	us_local	opendata	en	usa,fl,opendata,opendata	3600	Socrata open-data feed from City of Gainesville, Florida: 311 Service Requests (myGNV), one JSON record per row.
nam-cityofgainesville-traffic-crashes	https://data.cityofgainesville.org/resource/iecn-3sxx.geojson?$limit=400	geojson	400	City of Gainesville, Florida — Traffic Crashes	City of Gainesville, Florida — Traffic Crashes	us_local	transport	en	usa,fl,transport,opendata	21600	Socrata open-data feed from City of Gainesville, Florida: Traffic Crashes, one JSON record per row.
nam-cityofgainesville-code-complaints-violations-permits	https://data.cityofgainesville.org/resource/vu9p-a5f7.geojson?$limit=400	geojson	400	City of Gainesville, Florida — Code Complaints, Violations & Permits	City of Gainesville, Florida — Code Complaints, Violations & Permits	us_local	economy	en	usa,fl,economy,opendata	21600	Socrata open-data feed from City of Gainesville, Florida: Code Complaints, Violations & Permits, one JSON record per row.
nam-cityofgainesville-gru-customer-reclaimed-water-consumption	https://data.cityofgainesville.org/resource/khkv-62wd.geojson?$limit=400	geojson	400	City of Gainesville, Florida — GRU Customer Reclaimed Water Consumption	City of Gainesville, Florida — GRU Customer Reclaimed Water Consumption	us_local	environment	en	usa,fl,environment,opendata	21600	Socrata open-data feed from City of Gainesville, Florida: GRU Customer Reclaimed Water Consumption, one JSON record per row.
nam-cityofnewyork-parking-meters-locations-and-status	https://data.cityofnewyork.us/resource/693u-uax6.geojson?$limit=400	geojson	400	City of New York — Parking Meters Locations and Status	City of New York — Parking Meters Locations and Status	us_local	transport	en	usa,ny,transport,opendata	21600	Socrata open-data feed from City of New York: Parking Meters Locations and Status, one JSON record per row.
nam-cityofnewyork-nypd-complaint-data-current-year-to-date	https://data.cityofnewyork.us/resource/5uac-w243.geojson?$limit=400	geojson	400	City of New York — NYPD Complaint Data Current (Year To Date)	City of New York — NYPD Complaint Data Current (Year To Date)	us_local	opendata	en	usa,ny,opendata,opendata	3600	Socrata open-data feed from City of New York: NYPD Complaint Data Current (Year To Date), one JSON record per row.
nam-cityofnewyork-nypd-complaint-data-historic	https://data.cityofnewyork.us/resource/qgea-i56i.geojson?$limit=400	geojson	400	City of New York — NYPD Complaint Data Historic	City of New York — NYPD Complaint Data Historic	us_local	opendata	en	usa,ny,opendata,opendata	86400	Socrata open-data feed from City of New York: NYPD Complaint Data Historic, one JSON record per row.
nam-cityofnewyork-street-closures-due-to-construction-acti	https://data.cityofnewyork.us/resource/i6b5-j7bu.geojson?$limit=400	geojson	400	City of New York — Street Closures due to Construction Activities by Block	City of New York — Street Closures due to Construction Activities by Block	us_local	transport	en	usa,ny,transport,opendata	1800	Socrata open-data feed from City of New York: Street Closures due to Construction Activities by Block, one JSON record per row.
nam-colorado-alternative-fuels-and-electric-vehicle-c	https://data.colorado.gov/resource/team-3ugz.geojson?$limit=400	geojson	400	Colorado — Alternative Fuels and Electric Vehicle Charging Station Locations in Colorado	Colorado — Alternative Fuels and Electric Vehicle Charging Station Locations in Colorado	us_state	transport	en	usa,co,transport,opendata	1800	Socrata open-data feed from Colorado: Alternative Fuels and Electric Vehicle Charging Station Locations in Colorado, one JSON record per row.
nam-colorado-boulder-county-building-footprints	https://data.colorado.gov/resource/emiz-7jkv.geojson?$limit=400	geojson	400	Colorado — Boulder County Building Footprints	Colorado — Boulder County Building Footprints	us_state	opendata	en	usa,co,opendata,opendata	21600	Socrata open-data feed from Colorado: Boulder County Building Footprints, one JSON record per row.
nam-ct-covid-19-reported-patient-impact-and-hos	https://data.ct.gov/resource/vvtn-9xef.geojson?$limit=400	geojson	400	Connecticut — COVID-19 Reported Patient Impact and Hospital Capacity by Facility	Connecticut — COVID-19 Reported Patient Impact and Hospital Capacity by Facility	us_state	health	en	usa,ct,health,opendata	21600	Socrata open-data feed from Connecticut: COVID-19 Reported Patient Impact and Hospital Capacity by Facility, one JSON record per row.
nam-ct-education-directory	https://data.ct.gov/resource/9k2y-kqxn.geojson?$limit=400	geojson	400	Connecticut — Education Directory	Connecticut — Education Directory	us_state	opendata	en	usa,ct,opendata,opendata	21600	Socrata open-data feed from Connecticut: Education Directory, one JSON record per row.
nam-delaware-storm-water-notices-of-intent	https://data.delaware.gov/resource/3s4n-3up9.geojson?$limit=400	geojson	400	Delaware — Storm Water Notices of Intent	Delaware — Storm Water Notices of Intent	namerica_hazard	hazard	en	usa,de,hazard,opendata	21600	Socrata open-data feed from Delaware: Storm Water Notices of Intent, one JSON record per row.
nam-delaware-permitted-septic-systems	https://data.delaware.gov/resource/mv7j-tx3u.geojson?$limit=400	geojson	400	Delaware — Permitted Septic Systems	Delaware — Permitted Septic Systems	us_state	opendata	en	usa,de,opendata,opendata	21600	Socrata open-data feed from Delaware: Permitted Septic Systems, one JSON record per row.
nam-delaware-delaware-public-education-organization-d	https://data.delaware.gov/resource/p3ez-si4g.geojson?$limit=400	geojson	400	Delaware — Delaware Public Education Organization Directory	Delaware — Delaware Public Education Organization Directory	us_state	opendata	en	usa,de,opendata,opendata	86400	Socrata open-data feed from Delaware: Delaware Public Education Organization Directory, one JSON record per row.
nam-edmonton-traffic-disruptions	https://data.edmonton.ca/resource/k4tx-5k8p.geojson?$limit=400	geojson	400	City of Edmonton — Traffic Disruptions	City of Edmonton — Traffic Disruptions	canada_gov	transport	en	can,ab,transport,opendata	21600	Socrata open-data feed from City of Edmonton: Traffic Disruptions, one JSON record per row.
nam-edmonton-edmonton-area-air-quality-readings	https://data.edmonton.ca/resource/44dx-d5qn.geojson?$limit=400	geojson	400	City of Edmonton — Edmonton Area Air Quality Readings	City of Edmonton — Edmonton Area Air Quality Readings	canada_gov	environment	en	can,ab,environment,opendata	21600	Socrata open-data feed from City of Edmonton: Edmonton Area Air Quality Readings, one JSON record per row.
nam-edmonton-bylaw-infractions	https://data.edmonton.ca/resource/xgwu-c37w.geojson?$limit=400	geojson	400	City of Edmonton — Bylaw Infractions	City of Edmonton — Bylaw Infractions	canada_gov	gazette	en	can,ab,gazette,opendata	21600	Socrata open-data feed from City of Edmonton: Bylaw Infractions, one JSON record per row.
nam-honolulu-bus-stop-locations	https://data.honolulu.gov/resource/yczt-gks6.geojson?$limit=400	geojson	400	City and County of Honolulu — Bus Stop Locations	City and County of Honolulu — Bus Stop Locations	us_local	transport	en	usa,hi,transport,opendata	21600	Socrata open-data feed from City and County of Honolulu: Bus Stop Locations, one JSON record per row.
nam-honolulu-agricultural-land-use-polygons	https://data.honolulu.gov/resource/v2dw-njrw.geojson?$limit=400	geojson	400	City and County of Honolulu — Agricultural Land Use Polygons	City and County of Honolulu — Agricultural Land Use Polygons	us_local	opendata	en	usa,hi,opendata,opendata	21600	Socrata open-data feed from City and County of Honolulu: Agricultural Land Use Polygons, one JSON record per row.
nam-kcmo-kcmo-food-permits	https://data.kcmo.org/resource/sz9c-c5ux.geojson?$limit=400	geojson	400	Kansas City, Missouri — KCMO Food Permits	Kansas City, Missouri — KCMO Food Permits	us_local	economy	en	usa,mo,economy,opendata	21600	Socrata open-data feed from Kansas City, Missouri: KCMO Food Permits, one JSON record per row.
nam-lacity-energy-and-water-use-municipal-buildings	https://data.lacity.org/resource/8m62-bye6.geojson?$limit=400	geojson	400	City of Los Angeles — Energy and Water Use - Municipal Buildings	City of Los Angeles — Energy and Water Use - Municipal Buildings	us_local	environment	en	usa,ca,environment,opendata	21600	Socrata open-data feed from City of Los Angeles: Energy and Water Use - Municipal Buildings, one JSON record per row.
nam-mesaaz-bikepaths	https://data.mesaaz.gov/resource/hhbt-mddz.geojson?$limit=400	geojson	400	City of Mesa, Arizona — BikePaths	City of Mesa, Arizona — BikePaths	us_local	opendata	en	usa,az,opendata,opendata	21600	Socrata open-data feed from City of Mesa, Arizona: BikePaths, one JSON record per row.
nam-mesaaz-overlay-districts-data	https://data.mesaaz.gov/resource/i2j8-96pm.geojson?$limit=400	geojson	400	City of Mesa, Arizona — Overlay Districts data	City of Mesa, Arizona — Overlay Districts data	us_local	opendata	en	usa,az,opendata,opendata	86400	Socrata open-data feed from City of Mesa, Arizona: Overlay Districts data, one JSON record per row.
nam-mesaaz-streetcenterline	https://data.mesaaz.gov/resource/9hsw-nq4w.geojson?$limit=400	geojson	400	City of Mesa, Arizona — StreetCenterline	City of Mesa, Arizona — StreetCenterline	us_local	opendata	en	usa,az,opendata,opendata	21600	Socrata open-data feed from City of Mesa, Arizona: StreetCenterline, one JSON record per row.
nam-michigan-annual-hospitalization-by-county-filtere	https://data.michigan.gov/resource/sktc-hg8i.geojson?$limit=400	geojson	400	Michigan — Annual Hospitalization by County, FILTERED	Michigan — Annual Hospitalization by County, FILTERED	us_state	health	en	usa,mi,health,opendata	21600	Socrata open-data feed from Michigan: Annual Hospitalization by County, FILTERED, one JSON record per row.
nam-michigan-hospitalization-by-county	https://data.michigan.gov/resource/xjme-bs8s.geojson?$limit=400	geojson	400	Michigan — Hospitalization by County	Michigan — Hospitalization by County	us_state	health	en	usa,mi,health,opendata	21600	Socrata open-data feed from Michigan: Hospitalization by County, one JSON record per row.
nam-michigan-mdot-bureau-of-bridges-and-structures-co	https://data.michigan.gov/resource/6rbe-zjpu.geojson?$limit=400	geojson	400	Michigan — MDOT Bureau of Bridges and Structures - Common Bridge Inventory Items - Includes MDOT Owned Bridges and Local Agency NBI Bridges with Size and Design Info	Michigan — MDOT Bureau of Bridges and Structures - Common Bridge Inventory Items - Includes MDOT Owned Bridges and Local Agency NBI Bridges with Size and Design Info	us_state	transport	en	usa,mi,transport,opendata	86400	Socrata open-data feed from Michigan: MDOT Bureau of Bridges and Structures - Common Bridge Inventory Items - Includes MDOT Owned Bridges and Local Agency NBI Bridges with Size and Design Info, one JSON record per row.
nam-michigan-map-annual-hospitalization	https://data.michigan.gov/resource/5g37-kq23.geojson?$limit=400	geojson	400	Michigan — Map: Annual Hospitalization	Michigan — Map: Annual Hospitalization	us_state	health	en	usa,mi,health,opendata	21600	Socrata open-data feed from Michigan: Map: Annual Hospitalization, one JSON record per row.
nam-montgomerycountymd-dps-general-permits	https://data.montgomerycountymd.gov/resource/q2rb-en4r.geojson?$limit=400	geojson	400	Montgomery County, Maryland — DPS - General Permits	Montgomery County, Maryland — DPS - General Permits	us_local	economy	en	usa,md,economy,opendata	21600	Socrata open-data feed from Montgomery County, Maryland: DPS - General Permits, one JSON record per row.
nam-montgomerycountymd-floodplain-district-permit	https://data.montgomerycountymd.gov/resource/sgci-afes.geojson?$limit=400	geojson	400	Montgomery County, Maryland — Floodplain District Permit	Montgomery County, Maryland — Floodplain District Permit	namerica_hazard	hazard	en	usa,md,hazard,opendata	86400	Socrata open-data feed from Montgomery County, Maryland: Floodplain District Permit, one JSON record per row.
nam-montgomerycountymd-county-well-permits	https://data.montgomerycountymd.gov/resource/vddw-tec2.geojson?$limit=400	geojson	400	Montgomery County, Maryland — County Well Permits	Montgomery County, Maryland — County Well Permits	us_local	energy	en	usa,md,energy,opendata	21600	Socrata open-data feed from Montgomery County, Maryland: County Well Permits, one JSON record per row.
nam-montgomerycountymd-crash-reporting-drivers-data	https://data.montgomerycountymd.gov/resource/mmzv-x632.geojson?$limit=400	geojson	400	Montgomery County, Maryland — Crash Reporting - Drivers Data	Montgomery County, Maryland — Crash Reporting - Drivers Data	us_local	transport	en	usa,md,transport,opendata	21600	Socrata open-data feed from Montgomery County, Maryland: Crash Reporting - Drivers Data, one JSON record per row.
nam-montgomerycountymd-crash-reporting-incidents-data	https://data.montgomerycountymd.gov/resource/bhju-22kf.geojson?$limit=400	geojson	400	Montgomery County, Maryland — Crash Reporting - Incidents Data	Montgomery County, Maryland — Crash Reporting - Incidents Data	us_local	transport	en	usa,md,transport,opendata	1800	Socrata open-data feed from Montgomery County, Maryland: Crash Reporting - Incidents Data, one JSON record per row.
nam-nola-truck-routes	https://data.nola.gov/resource/8vmv-aipz.geojson?$limit=400	geojson	400	City of New Orleans — Truck Routes	City of New Orleans — Truck Routes	us_local	transport	en	usa,la,transport,opendata	21600	Socrata open-data feed from City of New Orleans: Truck Routes, one JSON record per row.
nam-norfolk-blocked-railroad-crossing-incident-repor	https://data.norfolk.gov/resource/bguc-8iwd.geojson?$limit=400	geojson	400	City of Norfolk, Virginia — Blocked Railroad Crossing Incident Reports	City of Norfolk, Virginia — Blocked Railroad Crossing Incident Reports	us_local	crime	en	usa,va,crime,opendata	3600	Socrata open-data feed from City of Norfolk, Virginia: Blocked Railroad Crossing Incident Reports, one JSON record per row.
nam-norfolk-streetlights-and-outages-reports	https://data.norfolk.gov/resource/5qpt-tdve.geojson?$limit=400	geojson	400	City of Norfolk, Virginia — Streetlights and Outages Reports	City of Norfolk, Virginia — Streetlights and Outages Reports	us_local	energy	en	usa,va,energy,opendata	3600	Socrata open-data feed from City of Norfolk, Virginia: Streetlights and Outages Reports, one JSON record per row.
nam-norfolk-storm-system-to-track-organize-record-an	https://data.norfolk.gov/resource/mrv3-rcpc.geojson?$limit=400	geojson	400	City of Norfolk, Virginia — STORM | System to Track, Organize, Record, and Map	City of Norfolk, Virginia — STORM | System to Track, Organize, Record, and Map	namerica_hazard	hazard	en	usa,va,hazard,opendata	21600	Socrata open-data feed from City of Norfolk, Virginia: STORM | System to Track, Organize, Record, and Map, one JSON record per row.
nam-norfolk-better-buildings-challenge-properties	https://data.norfolk.gov/resource/ykcq-76im.geojson?$limit=400	geojson	400	City of Norfolk, Virginia — Better Buildings Challenge Properties	City of Norfolk, Virginia — Better Buildings Challenge Properties	us_local	economy	en	usa,va,economy,opendata	21600	Socrata open-data feed from City of Norfolk, Virginia: Better Buildings Challenge Properties, one JSON record per row.
nam-novascotia-nova-scotia-topographic-database-roads-t	https://data.novascotia.ca/resource/845c-gbqt.geojson?$limit=400	geojson	400	Nova Scotia — Nova Scotia Topographic DataBase - Roads, Trails and Rails (Break Line Layer)	Nova Scotia — Nova Scotia Topographic DataBase - Roads, Trails and Rails (Break Line Layer)	canada_gov	transport	en	can,ns,transport,opendata	21600	Socrata open-data feed from Nova Scotia: Nova Scotia Topographic DataBase - Roads, Trails and Rails (Break Line Layer), one JSON record per row.
nam-novascotia-nova-scotia-topographic-database-roads-t-2	https://data.novascotia.ca/resource/a6gf-w68e.geojson?$limit=400	geojson	400	Nova Scotia — Nova Scotia Topographic DataBase - Roads, Trails and Rails (Road Line Layer)	Nova Scotia — Nova Scotia Topographic DataBase - Roads, Trails and Rails (Road Line Layer)	canada_gov	transport	en	can,ns,transport,opendata	21600	Socrata open-data feed from Nova Scotia: Nova Scotia Topographic DataBase - Roads, Trails and Rails (Road Line Layer), one JSON record per row.
nam-novascotia-nova-scotia-topographic-database-utiliti	https://data.novascotia.ca/resource/yjmz-hpnc.geojson?$limit=400	geojson	400	Nova Scotia — Nova Scotia Topographic DataBase - Utilities (Line Layer)	Nova Scotia — Nova Scotia Topographic DataBase - Utilities (Line Layer)	canada_gov	energy	en	can,ns,energy,opendata	21600	Socrata open-data feed from Nova Scotia: Nova Scotia Topographic DataBase - Utilities (Line Layer), one JSON record per row.
nam-novascotia-nova-scotia-topographic-database-designa	https://data.novascotia.ca/resource/ty4r-gcnk.geojson?$limit=400	geojson	400	Nova Scotia — Nova Scotia Topographic Database - Designated Areas	Nova Scotia — Nova Scotia Topographic Database - Designated Areas	canada_gov	opendata	en	can,ns,opendata,opendata	21600	Socrata open-data feed from Nova Scotia: Nova Scotia Topographic Database - Designated Areas, one JSON record per row.
nam-oaklandca-residential-parking-permit-zones	https://data.oaklandca.gov/resource/su5x-2u99.geojson?$limit=400	geojson	400	City of Oakland, California — Residential Parking Permit Zones	City of Oakland, California — Residential Parking Permit Zones	us_local	transport	en	usa,ca,transport,opendata	86400	Socrata open-data feed from City of Oakland, California: Residential Parking Permit Zones, one JSON record per row.
nam-oaklandca-oakland-bike-parking	https://data.oaklandca.gov/resource/kd2g-wuf6.geojson?$limit=400	geojson	400	City of Oakland, California — Oakland Bike Parking	City of Oakland, California — Oakland Bike Parking	us_local	transport	en	usa,ca,transport,opendata	21600	Socrata open-data feed from City of Oakland, California: Oakland Bike Parking, one JSON record per row.
nam-oaklandca-blue-disabled-parking-zones	https://data.oaklandca.gov/resource/cnpw-bvzz.geojson?$limit=400	geojson	400	City of Oakland, California — Blue Disabled Parking Zones	City of Oakland, California — Blue Disabled Parking Zones	us_local	transport	en	usa,ca,transport,opendata	86400	Socrata open-data feed from City of Oakland, California: Blue Disabled Parking Zones, one JSON record per row.
nam-pa-covid-19-unusable-vaccine-current-county	https://data.pa.gov/resource/r5v4-zbqw.geojson?$limit=400	geojson	400	Pennsylvania — COVID-19 Unusable Vaccine Current County Health	Pennsylvania — COVID-19 Unusable Vaccine Current County Health	us_state	health	en	usa,pa,health,opendata	3600	Socrata open-data feed from Pennsylvania: COVID-19 Unusable Vaccine Current County Health, one JSON record per row.
nam-princegeorgescountymd-county-click-311-qalert	https://data.princegeorgescountymd.gov/resource/y8p6-7ur2.geojson?$limit=400	geojson	400	Prince George's County, Maryland — County Click 311 - QAlert	Prince George's County, Maryland — County Click 311 - QAlert	us_local	opendata	en	usa,md,opendata,opendata	3600	Socrata open-data feed from Prince George's County, Maryland: County Click 311 - QAlert, one JSON record per row.
nam-providenceri-pvd-parcels	https://data.providenceri.gov/resource/nyp3-msmz.geojson?$limit=400	geojson	400	City of Providence, Rhode Island — PVD Parcels	City of Providence, Rhode Island — PVD Parcels	us_local	economy	en	usa,ri,economy,opendata	86400	Socrata open-data feed from City of Providence, Rhode Island: PVD Parcels, one JSON record per row.
nam-providenceri-providence-tree-dataset	https://data.providenceri.gov/resource/b77h-59tz.geojson?$limit=400	geojson	400	City of Providence, Rhode Island — Providence Tree Dataset	City of Providence, Rhode Island — Providence Tree Dataset	us_local	environment	en	usa,ri,environment,opendata	21600	Socrata open-data feed from City of Providence, Rhode Island: Providence Tree Dataset, one JSON record per row.
nam-providenceri-providence-tree-inventory	https://data.providenceri.gov/resource/uv9w-h8i4.geojson?$limit=400	geojson	400	City of Providence, Rhode Island — Providence Tree Inventory	City of Providence, Rhode Island — Providence Tree Inventory	us_local	environment	en	usa,ri,environment,opendata	86400	Socrata open-data feed from City of Providence, Rhode Island: Providence Tree Inventory, one JSON record per row.
nam-sccgov-schools-areas	https://data.sccgov.org/resource/ndvh-brsx.geojson?$limit=400	geojson	400	Santa Clara County, California — Schools Areas	Santa Clara County, California — Schools Areas	us_local	opendata	en	usa,ca,opendata,opendata	21600	Socrata open-data feed from Santa Clara County, California: Schools Areas, one JSON record per row.
nam-sccgov-zoning	https://data.sccgov.org/resource/tuy6-wtsq.geojson?$limit=400	geojson	400	Santa Clara County, California — Zoning	Santa Clara County, California — Zoning	us_local	opendata	en	usa,ca,opendata,opendata	86400	Socrata open-data feed from Santa Clara County, California: Zoning, one JSON record per row.
nam-sonomacounty-ca-sonoma-county-rebuilding-permits	https://data.sonomacounty.ca.gov/resource/652y-5ihx.geojson?$limit=400	geojson	400	Sonoma County, California — Sonoma County Rebuilding Permits	Sonoma County, California — Sonoma County Rebuilding Permits	us_local	economy	en	usa,ca,economy,opendata	21600	Socrata open-data feed from Sonoma County, California: Sonoma County Rebuilding Permits, one JSON record per row.
nam-sonomacounty-ca-animal-shelter-intake-and-outcome	https://data.sonomacounty.ca.gov/resource/924a-vesw.geojson?$limit=400	geojson	400	Sonoma County, California — Animal Shelter Intake and Outcome	Sonoma County, California — Animal Shelter Intake and Outcome	us_local	opendata	en	usa,ca,opendata,opendata	21600	Socrata open-data feed from Sonoma County, California: Animal Shelter Intake and Outcome, one JSON record per row.
nam-sonomacounty-ca-sonoma-county-sheriff-s-office-incident	https://data.sonomacounty.ca.gov/resource/3rsj-iche.geojson?$limit=400	geojson	400	Sonoma County, California — Sonoma County Sheriff's Office Incident Data	Sonoma County, California — Sonoma County Sheriff's Office Incident Data	us_local	crime	en	usa,ca,crime,opendata	3600	Socrata open-data feed from Sonoma County, California: Sonoma County Sheriff's Office Incident Data, one JSON record per row.
nam-texas-texas-commission-on-environmental-qualit	https://data.texas.gov/resource/xagr-a3x2.geojson?$limit=400	geojson	400	Texas — Texas Commission on Environmental Quality - Emergency Response Spills	Texas — Texas Commission on Environmental Quality - Emergency Response Spills	namerica_hazard	hazard	en	usa,tx,hazard,opendata	21600	Socrata open-data feed from Texas: Texas Commission on Environmental Quality - Emergency Response Spills, one JSON record per row.
nam-texas-texas-commission-on-environmental-qualit-2	https://data.texas.gov/resource/hr84-s96f.geojson?$limit=400	geojson	400	Texas — Texas Commission on Environmental Quality - Texas Water Districts	Texas — Texas Commission on Environmental Quality - Texas Water Districts	us_state	environment	en	usa,tx,environment,opendata	86400	Socrata open-data feed from Texas: Texas Commission on Environmental Quality - Texas Water Districts, one JSON record per row.
nam-texas-texas-commission-on-environmental-qualit-3	https://data.texas.gov/resource/u66a-qggj.geojson?$limit=400	geojson	400	Texas — Texas Commission on Environmental Quality - Administrative Orders Issued	Texas — Texas Commission on Environmental Quality - Administrative Orders Issued	us_state	environment	en	usa,tx,environment,opendata	21600	Socrata open-data feed from Texas: Texas Commission on Environmental Quality - Administrative Orders Issued, one JSON record per row.
nam-texas-texas-commission-on-environmental-qualit-4	https://data.texas.gov/resource/mwzi-gyw7.geojson?$limit=400	geojson	400	Texas — Texas Commission on Environmental Quality - Notices Of Violation (NOV)	Texas — Texas Commission on Environmental Quality - Notices Of Violation (NOV)	us_state	environment	en	usa,tx,environment,opendata	21600	Socrata open-data feed from Texas: Texas Commission on Environmental Quality - Notices Of Violation (NOV), one JSON record per row.
nam-texas-texas-commission-on-environmental-qualit-5	https://data.texas.gov/resource/qfph-9bnd.geojson?$limit=400	geojson	400	Texas — Texas Commission on Environmental Quality - Operating Dry Cleaner Registrations	Texas — Texas Commission on Environmental Quality - Operating Dry Cleaner Registrations	us_state	environment	en	usa,tx,environment,opendata	21600	Socrata open-data feed from Texas: Texas Commission on Environmental Quality - Operating Dry Cleaner Registrations, one JSON record per row.
nam-texas-texas-commission-on-environmental-qualit-6	https://data.texas.gov/resource/jx8f-z4hu.geojson?$limit=400	geojson	400	Texas — Texas Commission on Environmental Quality - Petroleum Storage Tank (PST) Delivery Certificates	Texas — Texas Commission on Environmental Quality - Petroleum Storage Tank (PST) Delivery Certificates	us_state	environment	en	usa,tx,environment,opendata	3600	Socrata open-data feed from Texas: Texas Commission on Environmental Quality - Petroleum Storage Tank (PST) Delivery Certificates, one JSON record per row.
nam-vermont-fs-vcgi-opendata-emergency-esite-point-s	https://data.vermont.gov/resource/iz3b-sba4.geojson?$limit=400	geojson	400	Vermont — FS VCGI OPENDATA Emergency ESITE point SP v1	Vermont — FS VCGI OPENDATA Emergency ESITE point SP v1	namerica_hazard	hazard	en	usa,vt,hazard,opendata	21600	Socrata open-data feed from Vermont: FS VCGI OPENDATA Emergency ESITE point SP v1, one JSON record per row.
nam-ckan-ontario-packages	https://data.ontario.ca/api/3/action/package_search?rows=100	json:result.results	100	Government of Ontario — open data catalogue (package search)	Government of Ontario — open data catalogue (package search)	canada_gov	opendata	en	can,on,opendata,opendata,ckan	86400	CKAN catalogue query against the Government of Ontario open-data portal covering package search.
nam-ckan-ontario-recent	https://data.ontario.ca/api/3/action/current_package_list_with_resources?limit=100	json:result	100	Government of Ontario — open data catalogue (current package list with resources)	Government of Ontario — open data catalogue (current package list with resources)	canada_gov	opendata	en	can,on,opendata,opendata,ckan	86400	CKAN catalogue query against the Government of Ontario open-data portal covering current package list with resources.
nam-ckan-ontario-water	https://data.ontario.ca/api/3/action/package_search?q=water&rows=100	json:result.results	100	Government of Ontario — open data catalogue (water datasets)	Government of Ontario — open data catalogue (water datasets)	canada_gov	environment	en	can,on,environment,opendata,ckan	86400	CKAN catalogue query against the Government of Ontario open-data portal covering water datasets.
nam-ckan-bcgov-packages	https://catalogue.data.gov.bc.ca/api/3/action/package_search?rows=100	json:result.results	100	Government of British Columbia — open data catalogue (package search)	Government of British Columbia — open data catalogue (package search)	canada_gov	opendata	en	can,bc,opendata,opendata,ckan	86400	CKAN catalogue query against the Government of British Columbia open-data portal covering package search.
nam-ckan-bcgov-recent	https://catalogue.data.gov.bc.ca/api/3/action/current_package_list_with_resources?limit=100	json:result	100	Government of British Columbia — open data catalogue (current package list with resources)	Government of British Columbia — open data catalogue (current package list with resources)	canada_gov	opendata	en	can,bc,opendata,opendata,ckan	86400	CKAN catalogue query against the Government of British Columbia open-data portal covering current package list with resources.
nam-ckan-bcgov-health	https://catalogue.data.gov.bc.ca/api/3/action/package_search?q=health&rows=100	json:result.results	100	Government of British Columbia — open data catalogue (health datasets)	Government of British Columbia — open data catalogue (health datasets)	canada_gov	health	en	can,bc,health,opendata,ckan	86400	CKAN catalogue query against the Government of British Columbia open-data portal covering health datasets.
nam-ckan-bcgov-water	https://catalogue.data.gov.bc.ca/api/3/action/package_search?q=water&rows=100	json:result.results	100	Government of British Columbia — open data catalogue (water datasets)	Government of British Columbia — open data catalogue (water datasets)	canada_gov	environment	en	can,bc,environment,opendata,ckan	86400	CKAN catalogue query against the Government of British Columbia open-data portal covering water datasets.
nam-ckan-quebec-packages	https://www.donneesquebec.ca/recherche/api/3/action/package_search?rows=100	json:result.results	100	Donnees Quebec — open data catalogue (package search)	Donnees Quebec — open data catalogue (package search)	canada_gov	opendata	fr	can,qc,opendata,opendata,ckan	86400	CKAN catalogue query against the Donnees Quebec open-data portal covering package search.
nam-ckan-quebec-recent	https://www.donneesquebec.ca/recherche/api/3/action/current_package_list_with_resources?limit=100	json:result	100	Donnees Quebec — open data catalogue (current package list with resources)	Donnees Quebec — open data catalogue (current package list with resources)	canada_gov	opendata	fr	can,qc,opendata,opendata,ckan	86400	CKAN catalogue query against the Donnees Quebec open-data portal covering current package list with resources.
nam-ckan-quebec-air	https://www.donneesquebec.ca/recherche/api/3/action/package_search?q=air&rows=100	json:result.results	100	Donnees Quebec — open data catalogue (air datasets)	Donnees Quebec — open data catalogue (air datasets)	canada_gov	environment	fr	can,qc,environment,opendata,ckan	86400	CKAN catalogue query against the Donnees Quebec open-data portal covering air datasets.
nam-ckan-toronto-packages	https://ckan0.cf.opendata.inter.prod-toronto.ca/api/3/action/package_search?rows=100	json:result.results	100	City of Toronto — open data catalogue (package search)	City of Toronto — open data catalogue (package search)	canada_gov	opendata	en	can,on,opendata,opendata,ckan	86400	CKAN catalogue query against the City of Toronto open-data portal covering package search.
nam-ckan-toronto-recent	https://ckan0.cf.opendata.inter.prod-toronto.ca/api/3/action/current_package_list_with_resources?limit=100	json:result	100	City of Toronto — open data catalogue (current package list with resources)	City of Toronto — open data catalogue (current package list with resources)	canada_gov	opendata	en	can,on,opendata,opendata,ckan	86400	CKAN catalogue query against the City of Toronto open-data portal covering current package list with resources.
nam-ckan-montreal-packages	https://donnees.montreal.ca/api/3/action/package_search?rows=100	json:result.results	100	Ville de Montreal — open data catalogue (package search)	Ville de Montreal — open data catalogue (package search)	canada_gov	opendata	fr	can,qc,opendata,opendata,ckan	86400	CKAN catalogue query against the Ville de Montreal open-data portal covering package search.
nam-ckan-montreal-recent	https://donnees.montreal.ca/api/3/action/current_package_list_with_resources?limit=100	json:result	100	Ville de Montreal — open data catalogue (current package list with resources)	Ville de Montreal — open data catalogue (current package list with resources)	canada_gov	opendata	fr	can,qc,opendata,opendata,ckan	86400	CKAN catalogue query against the Ville de Montreal open-data portal covering current package list with resources.
nam-ckan-wprdc-packages	https://data.wprdc.org/api/3/action/package_search?rows=100	json:result.results	100	Western Pennsylvania Regional Data Center — open data catalogue (package search)	Western Pennsylvania Regional Data Center — open data catalogue (package search)	us_local	opendata	en	usa,pa,opendata,opendata,ckan	86400	CKAN catalogue query against the Western Pennsylvania Regional Data Center open-data portal covering package search.
nam-ckan-wprdc-recent	https://data.wprdc.org/api/3/action/current_package_list_with_resources?limit=100	json:result	100	Western Pennsylvania Regional Data Center — open data catalogue (current package list with resources)	Western Pennsylvania Regional Data Center — open data catalogue (current package list with resources)	us_local	opendata	en	usa,pa,opendata,opendata,ckan	86400	CKAN catalogue query against the Western Pennsylvania Regional Data Center open-data portal covering current package list with resources.
nam-ckan-bcgov-emergency	https://catalogue.data.gov.bc.ca/api/3/action/package_search?q=emergency&rows=100	json:result.results	91	Government of British Columbia — open data catalogue (emergency datasets)	Government of British Columbia — open data catalogue (emergency datasets)	canada_gov	hazard	en	can,bc,hazard,opendata,ckan	86400	CKAN catalogue query against the Government of British Columbia open-data portal covering emergency datasets.
nam-ckan-bcgov-air	https://catalogue.data.gov.bc.ca/api/3/action/package_search?q=air&rows=100	json:result.results	79	Government of British Columbia — open data catalogue (air datasets)	Government of British Columbia — open data catalogue (air datasets)	canada_gov	environment	en	can,bc,environment,opendata,ckan	86400	CKAN catalogue query against the Government of British Columbia open-data portal covering air datasets.
nam-ckan-wprdc-health	https://data.wprdc.org/api/3/action/package_search?q=health&rows=100	json:result.results	67	Western Pennsylvania Regional Data Center — open data catalogue (health datasets)	Western Pennsylvania Regional Data Center — open data catalogue (health datasets)	us_local	health	en	usa,pa,health,opendata,ckan	86400	CKAN catalogue query against the Western Pennsylvania Regional Data Center open-data portal covering health datasets.
nam-ckan-toronto-health	https://ckan0.cf.opendata.inter.prod-toronto.ca/api/3/action/package_search?q=health&rows=100	json:result.results	61	City of Toronto — open data catalogue (health datasets)	City of Toronto — open data catalogue (health datasets)	canada_gov	health	en	can,on,health,opendata,ckan	86400	CKAN catalogue query against the City of Toronto open-data portal covering health datasets.
nam-ckan-ontario-air	https://data.ontario.ca/api/3/action/package_search?q=air&rows=100	json:result.results	58	Government of Ontario — open data catalogue (air datasets)	Government of Ontario — open data catalogue (air datasets)	canada_gov	environment	en	can,on,environment,opendata,ckan	86400	CKAN catalogue query against the Government of Ontario open-data portal covering air datasets.
nam-ags-california-transit-stops-ca-transit-stops	https://caltrans-gis.dot.ca.gov/arcgis/rest/services/CHrailroad/CA_Transit_Stops/FeatureServer/0/query?where=1%3D1&outFields=*&outSR=4326&f=geojson&resultRecordCount=500	geojson	500	California Transit Stops — CA Transit Stops	California Transit Stops — CA Transit Stops	us_state	transport	en	usa,transport,gis,arcgis	21600	ArcGIS FeatureServer layer 'CA Transit Stops' from the 'California Transit Stops' service, GeoJSON with per-feature geometry.
nam-ags-climate-vulnerability-and-risk-assessment-wildfire-r	https://caltrans-gis.dot.ca.gov/arcgis/rest/services/CCVRA/CCVRA_Wildfire_Risk/FeatureServer/0/query?where=1%3D1&outFields=*&outSR=4326&f=geojson&resultRecordCount=500	geojson	500	Climate Vulnerability and Risk Assessment Wildfire Risk — CCVRA Wildfire Risk	Climate Vulnerability and Risk Assessment Wildfire Risk — CCVRA Wildfire Risk	namerica_hazard	hazard	en	usa,hazard,gis,arcgis	21600	ArcGIS FeatureServer layer 'CCVRA Wildfire Risk' from the 'Climate Vulnerability and Risk Assessment Wildfire Risk' service, GeoJSON with per-feature geometry.
nam-ags-land-ownership-land-ownership	https://gis.trustlands.utah.gov/mapping/rest/services/Land_Ownership/FeatureServer/0/query?where=1%3D1&outFields=*&outSR=4326&f=geojson&resultRecordCount=500	geojson	500	Land Ownership — Land Ownership	Land Ownership — Land Ownership	us_state	opendata	en	usa,opendata,gis,arcgis	86400	ArcGIS FeatureServer layer 'Land Ownership' from the 'Land Ownership' service, GeoJSON with per-feature geometry.
nam-ags-indiana-trails-inventory-open-trails-allopentrails	https://gisdata.in.gov/server/rest/services/Hosted/Trails_AGOL_RO/FeatureServer/0/query?where=1%3D1&outFields=*&outSR=4326&f=geojson&resultRecordCount=500	geojson	500	Indiana Trails Inventory Open Trails — AllOpenTrails	Indiana Trails Inventory Open Trails — AllOpenTrails	us_state	transport	en	usa,transport,gis,arcgis	86400	ArcGIS FeatureServer layer 'AllOpenTrails' from the 'Indiana Trails Inventory Open Trails' service, GeoJSON with per-feature geometry.
nam-ags-usa-current-wildfires-california-current-incidents	https://services9.arcgis.com/RHVPKKiFTONKtxq3/arcgis/rest/services/USA_Wildfires_v1/FeatureServer/0/query?where=1%3D1&outFields=*&outSR=4326&f=geojson&resultRecordCount=500	geojson	500	USA Current Wildfires - California — Current Incidents	USA Current Wildfires - California — Current Incidents	namerica_hazard	hazard	en	usa,hazard,gis,arcgis	1800	ArcGIS FeatureServer layer 'Current Incidents' from the 'USA Current Wildfires - California' service, GeoJSON with per-feature geometry.
nam-ags-sra-for-fhsz-in-lra-sra-for-fhsz-in-lra	https://services1.arcgis.com/jUJYIo9tSA7EHvfZ/arcgis/rest/services/SRA_for_FHSZ_in_LRA/FeatureServer/0/query?where=1%3D1&outFields=*&outSR=4326&f=geojson&resultRecordCount=500	geojson	500	SRA for FHSZ in LRA — SRA for FHSZ in LRA	SRA for FHSZ in LRA — SRA for FHSZ in LRA	namerica_hazard	hazard	en	usa,hazard,gis,arcgis	21600	ArcGIS FeatureServer layer 'SRA for FHSZ in LRA' from the 'SRA for FHSZ in LRA' service, GeoJSON with per-feature geometry.
nam-ags-wv-efire-inform-view-origins	https://services6.arcgis.com/iQxzOWEp1MXm2FTa/arcgis/rest/services/WV_EFire_InFORM_view/FeatureServer/0/query?where=1%3D1&outFields=*&outSR=4326&f=geojson&resultRecordCount=500	geojson	500	WV EFire InFORM view — Origins	WV EFire InFORM view — Origins	us_state	opendata	en	usa,opendata,gis,arcgis	86400	ArcGIS FeatureServer layer 'Origins' from the 'WV EFire InFORM view' service, GeoJSON with per-feature geometry.
nam-ags-wv-efire-inform-view-perimeters	https://services6.arcgis.com/iQxzOWEp1MXm2FTa/arcgis/rest/services/WV_EFire_InFORM_view/FeatureServer/1/query?where=1%3D1&outFields=*&outSR=4326&f=geojson&resultRecordCount=500	geojson	500	WV EFire InFORM view — Perimeters	WV EFire InFORM view — Perimeters	us_state	opendata	en	usa,opendata,gis,arcgis	86400	ArcGIS FeatureServer layer 'Perimeters' from the 'WV EFire InFORM view' service, GeoJSON with per-feature geometry.
nam-ags-wildfire-hazard-extent-dcrra-hazard-wildfire-dissolv	https://services1.arcgis.com/xeMpV7tU1t4KD3Ei/arcgis/rest/services/hazard_wildfire_Dissolve_s/FeatureServer/106/query?where=1%3D1&outFields=*&outSR=4326&f=geojson&resultRecordCount=500	geojson	500	Wildfire - Hazard Extent - DCRRA — hazard wildfire Dissolve s	Wildfire - Hazard Extent - DCRRA — hazard wildfire Dissolve s	namerica_hazard	hazard	en	usa,hazard,gis,arcgis	21600	ArcGIS FeatureServer layer 'hazard wildfire Dissolve s' from the 'Wildfire - Hazard Extent - DCRRA' service, GeoJSON with per-feature geometry.
nam-ags-wildfire-1000m-hazard-extent-dcrra-hazard-wildfire-d	https://services1.arcgis.com/xeMpV7tU1t4KD3Ei/arcgis/rest/services/hazard_wildfire_Dissolve_s_1000m/FeatureServer/110/query?where=1%3D1&outFields=*&outSR=4326&f=geojson&resultRecordCount=500	geojson	500	Wildfire (1000m) - Hazard Extent - DCRRA — hazard wildfire Dissolve s 1000m	Wildfire (1000m) - Hazard Extent - DCRRA — hazard wildfire Dissolve s 1000m	namerica_hazard	hazard	en	usa,hazard,gis,arcgis	21600	ArcGIS FeatureServer layer 'hazard wildfire Dissolve s 1000m' from the 'Wildfire (1000m) - Hazard Extent - DCRRA' service, GeoJSON with per-feature geometry.
nam-ags-killed-and-seriously-injured-total-ksi	https://services.arcgis.com/S9th0jAJ7bqgIRjw/arcgis/rest/services/TOTAL_KSI/FeatureServer/0/query?where=1%3D1&outFields=*&outSR=4326&f=geojson&resultRecordCount=500	geojson	500	Killed and Seriously Injured — TOTAL KSI	Killed and Seriously Injured — TOTAL KSI	canada_gov	transport	en	can,transport,gis,arcgis	21600	ArcGIS FeatureServer layer 'TOTAL KSI' from the 'Killed and Seriously Injured' service, GeoJSON with per-feature geometry.
nam-ags-fatals-ksi-fatals-ksi	https://services.arcgis.com/S9th0jAJ7bqgIRjw/arcgis/rest/services/FATALS_KSI/FeatureServer/0/query?where=1%3D1&outFields=*&outSR=4326&f=geojson&resultRecordCount=500	geojson	500	Fatals KSI — FATALS KSI	Fatals KSI — FATALS KSI	canada_gov	transport	en	can,transport,gis,arcgis	21600	ArcGIS FeatureServer layer 'FATALS KSI' from the 'Fatals KSI' service, GeoJSON with per-feature geometry.
nam-ags-state-hazard-mitigation-plan-building-footprints-cen	https://services2.arcgis.com/FPJlJZYRsD8OhCWA/arcgis/rest/services/State_Hazard_Mitigation_Plan/FeatureServer/1/query?where=1%3D1&outFields=*&outSR=4326&f=geojson&resultRecordCount=500	geojson	500	State Hazard Mitigation Plan — Building footprints centerpoints	State Hazard Mitigation Plan — Building footprints centerpoints	namerica_hazard	hazard	en	usa,hazard,gis,arcgis	21600	ArcGIS FeatureServer layer 'Building footprints centerpoints' from the 'State Hazard Mitigation Plan' service, GeoJSON with per-feature geometry.
nam-ags-firm-flood-zones-firm	https://services2.arcgis.com/LvWGAAhHwbCJ2GMP/arcgis/rest/services/FIRM/FeatureServer/0/query?where=1%3D1&outFields=*&outSR=4326&f=geojson&resultRecordCount=500	geojson	500	FIRM Flood Zones — FIRM	FIRM Flood Zones — FIRM	namerica_hazard	hazard	en	usa,hazard,gis,arcgis	86400	ArcGIS FeatureServer layer 'FIRM' from the 'FIRM Flood Zones' service, GeoJSON with per-feature geometry.
nam-ags-evacuation-zones-public-em-evacuationzones	https://services3.arcgis.com/PBz5hDp35DPCX9Xs/arcgis/rest/services/Evacuation_Zones_public/FeatureServer/0/query?where=1%3D1&outFields=*&outSR=4326&f=geojson&resultRecordCount=500	geojson	500	Evacuation Zones public — EM EvacuationZones	Evacuation Zones public — EM EvacuationZones	namerica_hazard	hazard	en	usa,hazard,gis,arcgis	86400	ArcGIS FeatureServer layer 'EM EvacuationZones' from the 'Evacuation Zones public' service, GeoJSON with per-feature geometry.
nam-ags-tens-predefined-areas-public-tens-predefined-areas	https://services.arcgis.com/aA3snZwJfFkVyDuP/arcgis/rest/services/TENS_PREDEFINED_AREAS_view/FeatureServer/3/query?where=1%3D1&outFields=*&outSR=4326&f=geojson&resultRecordCount=500	geojson	500	TENS Predefined Areas (Public) — TENS PREDEFINED AREAS	TENS Predefined Areas (Public) — TENS PREDEFINED AREAS	namerica_hazard	hazard	en	usa,hazard,gis,arcgis	1800	ArcGIS FeatureServer layer 'TENS PREDEFINED AREAS' from the 'TENS Predefined Areas (Public)' service, GeoJSON with per-feature geometry.
nam-ags-road-closure-active-roadclosuresnapshot	https://services.arcgis.com/ZOyb2t4B0UYuYNYH/arcgis/rest/services/Road_Closure_(Active)/FeatureServer/2/query?where=1%3D1&outFields=*&outSR=4326&f=geojson&resultRecordCount=500	geojson	500	Road Closure (Active) — RoadClosureSnapshot	Road Closure (Active) — RoadClosureSnapshot	namerica_hazard	hazard	en	usa,hazard,gis,arcgis	1800	ArcGIS FeatureServer layer 'RoadClosureSnapshot' from the 'Road Closure (Active)' service, GeoJSON with per-feature geometry.
nam-ags-cfp-priority-highway-freight-network-truck-crashes-p	https://services2.arcgis.com/aIrBD8yn1TDTEXoz/arcgis/rest/services/CFP_Priority_Highway_Freight_Network_(PHFN)_group_layer_view/FeatureServer/0/query?where=1%3D1&outFields=*&outSR=4326&f=geojson&resultRecordCount=500	geojson	500	CFP Priority Highway Freight Network — Truck Crashes per Mile TrkCrshPM	CFP Priority Highway Freight Network — Truck Crashes per Mile TrkCrshPM	us_state	transport	en	usa,transport,gis,arcgis	21600	ArcGIS FeatureServer layer 'Truck Crashes per Mile TrkCrshPM' from the 'CFP Priority Highway Freight Network' service, GeoJSON with per-feature geometry.
nam-ags-cfp-priority-highway-freight-network-truck-crashes-a	https://services2.arcgis.com/aIrBD8yn1TDTEXoz/arcgis/rest/services/CFP_Priority_Highway_Freight_Network_(PHFN)_group_layer_view/FeatureServer/1/query?where=1%3D1&outFields=*&outSR=4326&f=geojson&resultRecordCount=500	geojson	500	CFP Priority Highway Freight Network — Truck Crashes All / Truck VMT TrkCrshRt	CFP Priority Highway Freight Network — Truck Crashes All / Truck VMT TrkCrshRt	us_state	transport	en	usa,transport,gis,arcgis	21600	ArcGIS FeatureServer layer 'Truck Crashes All / Truck VMT TrkCrshRt' from the 'CFP Priority Highway Freight Network' service, GeoJSON with per-feature geometry.
nam-ags-oahu-pedestrian-and-bicycle-crash-cluster-classified	https://services.arcgis.com/HQ0xoN0EzDPBOEci/arcgis/rest/services/Oahu_Pedestrian_and_Bicycle_Crash_Cluster_Classified_Streets/FeatureServer/0/query?where=1%3D1&outFields=*&outSR=4326&f=geojson&resultRecordCount=500	geojson	500	Oahu Pedestrian and Bicycle Crash Cluster Classified Streets — Oahu Pedestrian and Bicycle Crash Cluster Classified Streets	Oahu Pedestrian and Bicycle Crash Cluster Classified Streets — Oahu Pedestrian and Bicycle Crash Cluster Classified Streets	us_state	transport	en	usa,transport,gis,arcgis	21600	ArcGIS FeatureServer layer 'Oahu Pedestrian and Bicycle Crash Cluster Classified Streets' from the 'Oahu Pedestrian and Bicycle Crash Cluster Classified Streets' service, GeoJSON with per-feature geometry.
nam-ags-montana-air-quality-monitoring-data-montana-air-qual	https://gis.mtdeq.us/hosting/rest/services/Hosted/Montana_Air_Quality_Monitoring_Data_REV24/FeatureServer/0/query?where=1%3D1&outFields=*&outSR=4326&f=geojson&resultRecordCount=500	geojson	500	Montana Air Quality Monitoring Data — Montana Air Quality Monitoring Data	Montana Air Quality Monitoring Data — Montana Air Quality Monitoring Data	us_state	environment	en	usa,environment,gis,arcgis	21600	ArcGIS FeatureServer layer 'Montana Air Quality Monitoring Data' from the 'Montana Air Quality Monitoring Data' service, GeoJSON with per-feature geometry.
nam-ags-landslide-susceptibility-landslide-susceptibility	https://services.arcgis.com/9tC74aDHuml0x5Yz/arcgis/rest/services/Landslide_Susceptibility/FeatureServer/0/query?where=1%3D1&outFields=*&outSR=4326&f=geojson&resultRecordCount=500	geojson	500	Landslide Susceptibility — Landslide Susceptibility	Landslide Susceptibility — Landslide Susceptibility	namerica_hazard	hazard	en	usa,hazard,gis,arcgis	21600	ArcGIS FeatureServer layer 'Landslide Susceptibility' from the 'Landslide Susceptibility' service, GeoJSON with per-feature geometry.
nam-ags-arizona-social-vulnerability-index-azsvi-by-tracts-a	https://services1.arcgis.com/mpVYz37anSdrK4d8/arcgis/rest/services/Arizona_Social_Vulnerability_Index_Overall/FeatureServer/0/query?where=1%3D1&outFields=*&outSR=4326&f=geojson&resultRecordCount=500	geojson	500	Arizona Social Vulnerability Index (AZSVI) by Tracts — ADHS AZSVIOverall	Arizona Social Vulnerability Index (AZSVI) by Tracts — ADHS AZSVIOverall	us_state	health	en	usa,health,gis,arcgis	86400	ArcGIS FeatureServer layer 'ADHS AZSVIOverall' from the 'Arizona Social Vulnerability Index (AZSVI) by Tracts' service, GeoJSON with per-feature geometry.
nam-ags-medical-authoritative-data-nursing-homes	https://services2.arcgis.com/xtuWQvb2YQnp0z3F/arcgis/rest/services/Medical_Authoritative_Data/FeatureServer/1/query?where=1%3D1&outFields=*&outSR=4326&f=geojson&resultRecordCount=500	geojson	500	Medical Authoritative Data — Nursing Homes	Medical Authoritative Data — Nursing Homes	us_state	health	en	usa,health,gis,arcgis	21600	ArcGIS FeatureServer layer 'Nursing Homes' from the 'Medical Authoritative Data' service, GeoJSON with per-feature geometry.
nam-ags-nibrs-group-a-crime-data-nibrs-group-a-crime-data	https://services1.arcgis.com/UWYHeuuJISiGmgXx/arcgis/rest/services/NIBRS_GroupA_Crime_Data/FeatureServer/0/query?where=1%3D1&outFields=*&outSR=4326&f=geojson&resultRecordCount=500	geojson	500	NIBRS Group A Crime Data — NIBRS Group A Crime Data	NIBRS Group A Crime Data — NIBRS Group A Crime Data	us_local	crime	en	usa,crime,gis,arcgis	86400	ArcGIS FeatureServer layer 'NIBRS Group A Crime Data' from the 'NIBRS Group A Crime Data' service, GeoJSON with per-feature geometry.
nam-ags-traffic-collisions-collisions	https://services.arcgis.com/oNvpY90qsPDizwkN/arcgis/rest/services/wsdotTrafficCollisionsFS_NEW/FeatureServer/0/query?where=1%3D1&outFields=*&outSR=4326&f=geojson&resultRecordCount=500	geojson	500	Traffic Collisions — Collisions	Traffic Collisions — Collisions	canada_gov	transport	en	can,transport,gis,arcgis	21600	ArcGIS FeatureServer layer 'Collisions' from the 'Traffic Collisions' service, GeoJSON with per-feature geometry.
nam-ags-bpd-crimes-bpd-crimes	https://services1.arcgis.com/WHM6qC35aMtyAAlN/arcgis/rest/services/BPD_Crimes_Public/FeatureServer/0/query?where=1%3D1&outFields=*&outSR=4326&f=geojson&resultRecordCount=500	geojson	500	BPD Crimes — BPD Crimes	BPD Crimes — BPD Crimes	us_state	opendata	en	usa,opendata,gis,arcgis	21600	ArcGIS FeatureServer layer 'BPD Crimes' from the 'BPD Crimes' service, GeoJSON with per-feature geometry.
nam-ags-police-crime-mapping-crimedata	https://services6.arcgis.com/yCArG7wGXGyWLqav/arcgis/rest/services/Police_Crime_Mapping/FeatureServer/0/query?where=1%3D1&outFields=*&outSR=4326&f=geojson&resultRecordCount=500	geojson	500	Police Crime Mapping — CrimeData	Police Crime Mapping — CrimeData	us_state	crime	en	usa,crime,gis,arcgis	21600	ArcGIS FeatureServer layer 'CrimeData' from the 'Police Crime Mapping' service, GeoJSON with per-feature geometry.
nam-ags-metro-transportation-network-tnet-in-king-county-for	https://services.arcgis.com/Ej0PsM5Aw677QF1W/arcgis/rest/services/TRANS_NETWORK_CAR_LINE_1460/FeatureServer/0/query?where=1%3D1&outFields=*&outSR=4326&f=geojson&resultRecordCount=500	geojson	500	Metro Transportation Network (TNET) in King County for Car Mode — CAR Mode from Transportation Network	Metro Transportation Network (TNET) in King County for Car Mode — CAR Mode from Transportation Network	us_local	transport	en	usa,transport,gis,arcgis	21600	ArcGIS FeatureServer layer 'CAR Mode from Transportation Network' from the 'Metro Transportation Network (TNET) in King County for Car Mode' service, GeoJSON with per-feature geometry.
nam-ags-lion-bike-network-view-lion	https://services.arcgis.com/wmZOI9vyUBq1zTZx/arcgis/rest/services/LION_Bike_Network_View/FeatureServer/0/query?where=1%3D1&outFields=*&outSR=4326&f=geojson&resultRecordCount=500	geojson	500	LION Bike Network View — LION	LION Bike Network View — LION	us_state	transport	en	usa,transport,gis,arcgis	21600	ArcGIS FeatureServer layer 'LION' from the 'LION Bike Network View' service, GeoJSON with per-feature geometry.
nam-ags-road-centerlines-road-centerlines	https://services3.arcgis.com/AcvBA1fcgucsFQvO/arcgis/rest/services/Road_Centerlines/FeatureServer/0/query?where=1%3D1&outFields=*&outSR=4326&f=geojson&resultRecordCount=500	geojson	500	Road Centerlines — Road Centerlines	Road Centerlines — Road Centerlines	us_local	transport	en	usa,transport,gis,arcgis	21600	ArcGIS FeatureServer layer 'Road Centerlines' from the 'Road Centerlines' service, GeoJSON with per-feature geometry.
nam-ags-maine-stream-habitat-viewer-crossings	https://services1.arcgis.com/RbMX0mRVOFNTdLzd/arcgis/rest/services/Maine_Stream_Habitat_Viewer/FeatureServer/0/query?where=1%3D1&outFields=*&outSR=4326&f=geojson&resultRecordCount=500	geojson	500	Maine Stream Habitat Viewer — Crossings	Maine Stream Habitat Viewer — Crossings	us_state	environment	en	usa,environment,gis,arcgis	21600	ArcGIS FeatureServer layer 'Crossings' from the 'Maine Stream Habitat Viewer' service, GeoJSON with per-feature geometry.
nam-ags-maine-stream-habitat-viewer-dams	https://services1.arcgis.com/RbMX0mRVOFNTdLzd/arcgis/rest/services/Maine_Stream_Habitat_Viewer/FeatureServer/1/query?where=1%3D1&outFields=*&outSR=4326&f=geojson&resultRecordCount=500	geojson	500	Maine Stream Habitat Viewer — Dams	Maine Stream Habitat Viewer — Dams	namerica_hazard	hazard	en	usa,hazard,gis,arcgis	21600	ArcGIS FeatureServer layer 'Dams' from the 'Maine Stream Habitat Viewer' service, GeoJSON with per-feature geometry.
nam-ags-dams-nys-dec-dams	https://services6.arcgis.com/DZHaqZm9cxOD4CWM/arcgis/rest/services/Dams/FeatureServer/29/query?where=1%3D1&outFields=*&outSR=4326&f=geojson&resultRecordCount=500	geojson	500	Dams — NYS DEC Dams	Dams — NYS DEC Dams	namerica_hazard	hazard	en	usa,hazard,gis,arcgis	21600	ArcGIS FeatureServer layer 'NYS DEC Dams' from the 'Dams' service, GeoJSON with per-feature geometry.
eas-jma-forecast-011000	https://www.jma.go.jp/bosai/forecast/data/forecast/011000.json	json-array	2	Japan Meteorological Agency — Local weather forecast, Souya, Hokkaido	気象庁 — 宗谷地方 天気予報	jp_local	weather	ja	jpn,weather,forecast,prefecture	3600	Three-day and weekly JMA forecast (weather codes, pops, temperatures, wind) for the sub-areas of Souya, Hokkaido.
eas-jma-forecast-012000	https://www.jma.go.jp/bosai/forecast/data/forecast/012000.json	json-array	2	Japan Meteorological Agency — Local weather forecast, Kamikawa and Rumoi, Hokkaido	気象庁 — 上川・留萌地方 天気予報	jp_local	weather	ja	jpn,weather,forecast,prefecture	5400	Three-day and weekly JMA forecast (weather codes, pops, temperatures, wind) for the sub-areas of Kamikawa and Rumoi, Hokkaido.
eas-jma-forecast-013000	https://www.jma.go.jp/bosai/forecast/data/forecast/013000.json	json-array	2	Japan Meteorological Agency — Local weather forecast, Abashiri, Kitami and Monbetsu, Hokkaido	気象庁 — 網走・北見・紋別地方 天気予報	jp_local	weather	ja	jpn,weather,forecast,prefecture	7200	Three-day and weekly JMA forecast (weather codes, pops, temperatures, wind) for the sub-areas of Abashiri, Kitami and Monbetsu, Hokkaido.
eas-jma-forecast-014100	https://www.jma.go.jp/bosai/forecast/data/forecast/014100.json	json-array	2	Japan Meteorological Agency — Local weather forecast, Kushiro and Nemuro, Hokkaido	気象庁 — 釧路・根室地方 天気予報	jp_local	weather	ja	jpn,weather,forecast,prefecture	3600	Three-day and weekly JMA forecast (weather codes, pops, temperatures, wind) for the sub-areas of Kushiro and Nemuro, Hokkaido.
eas-jma-forecast-015000	https://www.jma.go.jp/bosai/forecast/data/forecast/015000.json	json-array	2	Japan Meteorological Agency — Local weather forecast, Tokachi, Hokkaido	気象庁 — 十勝地方 天気予報	jp_local	weather	ja	jpn,weather,forecast,prefecture	5400	Three-day and weekly JMA forecast (weather codes, pops, temperatures, wind) for the sub-areas of Tokachi, Hokkaido.
eas-jma-forecast-016000	https://www.jma.go.jp/bosai/forecast/data/forecast/016000.json	json-array	2	Japan Meteorological Agency — Local weather forecast, Ishikari, Sorachi and Shiribeshi, Hokkaido	気象庁 — 石狩・空知・後志地方 天気予報	jp_local	weather	ja	jpn,weather,forecast,prefecture	7200	Three-day and weekly JMA forecast (weather codes, pops, temperatures, wind) for the sub-areas of Ishikari, Sorachi and Shiribeshi, Hokkaido.
eas-jma-forecast-017000	https://www.jma.go.jp/bosai/forecast/data/forecast/017000.json	json-array	2	Japan Meteorological Agency — Local weather forecast, Iburi and Hidaka, Hokkaido	気象庁 — 胆振・日高地方 天気予報	jp_local	weather	ja	jpn,weather,forecast,prefecture	3600	Three-day and weekly JMA forecast (weather codes, pops, temperatures, wind) for the sub-areas of Iburi and Hidaka, Hokkaido.
eas-jma-forecast-020000	https://www.jma.go.jp/bosai/forecast/data/forecast/020000.json	json-array	2	Japan Meteorological Agency — Local weather forecast, Aomori Prefecture	気象庁 — 青森県 天気予報	jp_local	weather	ja	jpn,weather,forecast,prefecture	5400	Three-day and weekly JMA forecast (weather codes, pops, temperatures, wind) for the sub-areas of Aomori Prefecture.
eas-jma-forecast-030000	https://www.jma.go.jp/bosai/forecast/data/forecast/030000.json	json-array	2	Japan Meteorological Agency — Local weather forecast, Iwate Prefecture	気象庁 — 岩手県 天気予報	jp_local	weather	ja	jpn,weather,forecast,prefecture	7200	Three-day and weekly JMA forecast (weather codes, pops, temperatures, wind) for the sub-areas of Iwate Prefecture.
eas-jma-forecast-040000	https://www.jma.go.jp/bosai/forecast/data/forecast/040000.json	json-array	2	Japan Meteorological Agency — Local weather forecast, Miyagi Prefecture	気象庁 — 宮城県 天気予報	jp_local	weather	ja	jpn,weather,forecast,prefecture	3600	Three-day and weekly JMA forecast (weather codes, pops, temperatures, wind) for the sub-areas of Miyagi Prefecture.
eas-jma-forecast-050000	https://www.jma.go.jp/bosai/forecast/data/forecast/050000.json	json-array	2	Japan Meteorological Agency — Local weather forecast, Akita Prefecture	気象庁 — 秋田県 天気予報	jp_local	weather	ja	jpn,weather,forecast,prefecture	5400	Three-day and weekly JMA forecast (weather codes, pops, temperatures, wind) for the sub-areas of Akita Prefecture.
eas-jma-forecast-060000	https://www.jma.go.jp/bosai/forecast/data/forecast/060000.json	json-array	2	Japan Meteorological Agency — Local weather forecast, Yamagata Prefecture	気象庁 — 山形県 天気予報	jp_local	weather	ja	jpn,weather,forecast,prefecture	7200	Three-day and weekly JMA forecast (weather codes, pops, temperatures, wind) for the sub-areas of Yamagata Prefecture.
eas-jma-forecast-070000	https://www.jma.go.jp/bosai/forecast/data/forecast/070000.json	json-array	2	Japan Meteorological Agency — Local weather forecast, Fukushima Prefecture	気象庁 — 福島県 天気予報	jp_local	weather	ja	jpn,weather,forecast,prefecture	3600	Three-day and weekly JMA forecast (weather codes, pops, temperatures, wind) for the sub-areas of Fukushima Prefecture.
eas-jma-forecast-080000	https://www.jma.go.jp/bosai/forecast/data/forecast/080000.json	json-array	2	Japan Meteorological Agency — Local weather forecast, Ibaraki Prefecture	気象庁 — 茨城県 天気予報	jp_local	weather	ja	jpn,weather,forecast,prefecture	5400	Three-day and weekly JMA forecast (weather codes, pops, temperatures, wind) for the sub-areas of Ibaraki Prefecture.
eas-jma-forecast-090000	https://www.jma.go.jp/bosai/forecast/data/forecast/090000.json	json-array	2	Japan Meteorological Agency — Local weather forecast, Tochigi Prefecture	気象庁 — 栃木県 天気予報	jp_local	weather	ja	jpn,weather,forecast,prefecture	7200	Three-day and weekly JMA forecast (weather codes, pops, temperatures, wind) for the sub-areas of Tochigi Prefecture.
eas-jma-forecast-100000	https://www.jma.go.jp/bosai/forecast/data/forecast/100000.json	json-array	2	Japan Meteorological Agency — Local weather forecast, Gunma Prefecture	気象庁 — 群馬県 天気予報	jp_local	weather	ja	jpn,weather,forecast,prefecture	3600	Three-day and weekly JMA forecast (weather codes, pops, temperatures, wind) for the sub-areas of Gunma Prefecture.
eas-jma-forecast-110000	https://www.jma.go.jp/bosai/forecast/data/forecast/110000.json	json-array	2	Japan Meteorological Agency — Local weather forecast, Saitama Prefecture	気象庁 — 埼玉県 天気予報	jp_local	weather	ja	jpn,weather,forecast,prefecture	5400	Three-day and weekly JMA forecast (weather codes, pops, temperatures, wind) for the sub-areas of Saitama Prefecture.
eas-jma-forecast-120000	https://www.jma.go.jp/bosai/forecast/data/forecast/120000.json	json-array	2	Japan Meteorological Agency — Local weather forecast, Chiba Prefecture	気象庁 — 千葉県 天気予報	jp_local	weather	ja	jpn,weather,forecast,prefecture	7200	Three-day and weekly JMA forecast (weather codes, pops, temperatures, wind) for the sub-areas of Chiba Prefecture.
eas-jma-forecast-140000	https://www.jma.go.jp/bosai/forecast/data/forecast/140000.json	json-array	2	Japan Meteorological Agency — Local weather forecast, Kanagawa Prefecture	気象庁 — 神奈川県 天気予報	jp_local	weather	ja	jpn,weather,forecast,prefecture	3600	Three-day and weekly JMA forecast (weather codes, pops, temperatures, wind) for the sub-areas of Kanagawa Prefecture.
eas-jma-forecast-150000	https://www.jma.go.jp/bosai/forecast/data/forecast/150000.json	json-array	2	Japan Meteorological Agency — Local weather forecast, Niigata Prefecture	気象庁 — 新潟県 天気予報	jp_local	weather	ja	jpn,weather,forecast,prefecture	5400	Three-day and weekly JMA forecast (weather codes, pops, temperatures, wind) for the sub-areas of Niigata Prefecture.
eas-jma-forecast-160000	https://www.jma.go.jp/bosai/forecast/data/forecast/160000.json	json-array	2	Japan Meteorological Agency — Local weather forecast, Toyama Prefecture	気象庁 — 富山県 天気予報	jp_local	weather	ja	jpn,weather,forecast,prefecture	7200	Three-day and weekly JMA forecast (weather codes, pops, temperatures, wind) for the sub-areas of Toyama Prefecture.
eas-jma-forecast-170000	https://www.jma.go.jp/bosai/forecast/data/forecast/170000.json	json-array	2	Japan Meteorological Agency — Local weather forecast, Ishikawa Prefecture	気象庁 — 石川県 天気予報	jp_local	weather	ja	jpn,weather,forecast,prefecture	3600	Three-day and weekly JMA forecast (weather codes, pops, temperatures, wind) for the sub-areas of Ishikawa Prefecture.
eas-jma-forecast-180000	https://www.jma.go.jp/bosai/forecast/data/forecast/180000.json	json-array	2	Japan Meteorological Agency — Local weather forecast, Fukui Prefecture	気象庁 — 福井県 天気予報	jp_local	weather	ja	jpn,weather,forecast,prefecture	5400	Three-day and weekly JMA forecast (weather codes, pops, temperatures, wind) for the sub-areas of Fukui Prefecture.
eas-jma-forecast-190000	https://www.jma.go.jp/bosai/forecast/data/forecast/190000.json	json-array	2	Japan Meteorological Agency — Local weather forecast, Yamanashi Prefecture	気象庁 — 山梨県 天気予報	jp_local	weather	ja	jpn,weather,forecast,prefecture	7200	Three-day and weekly JMA forecast (weather codes, pops, temperatures, wind) for the sub-areas of Yamanashi Prefecture.
eas-jma-forecast-200000	https://www.jma.go.jp/bosai/forecast/data/forecast/200000.json	json-array	2	Japan Meteorological Agency — Local weather forecast, Nagano Prefecture	気象庁 — 長野県 天気予報	jp_local	weather	ja	jpn,weather,forecast,prefecture	3600	Three-day and weekly JMA forecast (weather codes, pops, temperatures, wind) for the sub-areas of Nagano Prefecture.
eas-jma-forecast-210000	https://www.jma.go.jp/bosai/forecast/data/forecast/210000.json	json-array	2	Japan Meteorological Agency — Local weather forecast, Gifu Prefecture	気象庁 — 岐阜県 天気予報	jp_local	weather	ja	jpn,weather,forecast,prefecture	5400	Three-day and weekly JMA forecast (weather codes, pops, temperatures, wind) for the sub-areas of Gifu Prefecture.
eas-jma-forecast-220000	https://www.jma.go.jp/bosai/forecast/data/forecast/220000.json	json-array	2	Japan Meteorological Agency — Local weather forecast, Shizuoka Prefecture	気象庁 — 静岡県 天気予報	jp_local	weather	ja	jpn,weather,forecast,prefecture	7200	Three-day and weekly JMA forecast (weather codes, pops, temperatures, wind) for the sub-areas of Shizuoka Prefecture.
eas-jma-forecast-230000	https://www.jma.go.jp/bosai/forecast/data/forecast/230000.json	json-array	2	Japan Meteorological Agency — Local weather forecast, Aichi Prefecture	気象庁 — 愛知県 天気予報	jp_local	weather	ja	jpn,weather,forecast,prefecture	3600	Three-day and weekly JMA forecast (weather codes, pops, temperatures, wind) for the sub-areas of Aichi Prefecture.
eas-jma-forecast-240000	https://www.jma.go.jp/bosai/forecast/data/forecast/240000.json	json-array	2	Japan Meteorological Agency — Local weather forecast, Mie Prefecture	気象庁 — 三重県 天気予報	jp_local	weather	ja	jpn,weather,forecast,prefecture	5400	Three-day and weekly JMA forecast (weather codes, pops, temperatures, wind) for the sub-areas of Mie Prefecture.
eas-jma-forecast-250000	https://www.jma.go.jp/bosai/forecast/data/forecast/250000.json	json-array	2	Japan Meteorological Agency — Local weather forecast, Shiga Prefecture	気象庁 — 滋賀県 天気予報	jp_local	weather	ja	jpn,weather,forecast,prefecture	7200	Three-day and weekly JMA forecast (weather codes, pops, temperatures, wind) for the sub-areas of Shiga Prefecture.
eas-jma-forecast-260000	https://www.jma.go.jp/bosai/forecast/data/forecast/260000.json	json-array	2	Japan Meteorological Agency — Local weather forecast, Kyoto Prefecture	気象庁 — 京都府 天気予報	jp_local	weather	ja	jpn,weather,forecast,prefecture	3600	Three-day and weekly JMA forecast (weather codes, pops, temperatures, wind) for the sub-areas of Kyoto Prefecture.
eas-jma-forecast-270000	https://www.jma.go.jp/bosai/forecast/data/forecast/270000.json	json-array	2	Japan Meteorological Agency — Local weather forecast, Osaka Prefecture	気象庁 — 大阪府 天気予報	jp_local	weather	ja	jpn,weather,forecast,prefecture	5400	Three-day and weekly JMA forecast (weather codes, pops, temperatures, wind) for the sub-areas of Osaka Prefecture.
eas-jma-forecast-280000	https://www.jma.go.jp/bosai/forecast/data/forecast/280000.json	json-array	2	Japan Meteorological Agency — Local weather forecast, Hyogo Prefecture	気象庁 — 兵庫県 天気予報	jp_local	weather	ja	jpn,weather,forecast,prefecture	7200	Three-day and weekly JMA forecast (weather codes, pops, temperatures, wind) for the sub-areas of Hyogo Prefecture.
eas-jma-forecast-290000	https://www.jma.go.jp/bosai/forecast/data/forecast/290000.json	json-array	2	Japan Meteorological Agency — Local weather forecast, Nara Prefecture	気象庁 — 奈良県 天気予報	jp_local	weather	ja	jpn,weather,forecast,prefecture	3600	Three-day and weekly JMA forecast (weather codes, pops, temperatures, wind) for the sub-areas of Nara Prefecture.
eas-jma-forecast-300000	https://www.jma.go.jp/bosai/forecast/data/forecast/300000.json	json-array	2	Japan Meteorological Agency — Local weather forecast, Wakayama Prefecture	気象庁 — 和歌山県 天気予報	jp_local	weather	ja	jpn,weather,forecast,prefecture	5400	Three-day and weekly JMA forecast (weather codes, pops, temperatures, wind) for the sub-areas of Wakayama Prefecture.
eas-jma-forecast-310000	https://www.jma.go.jp/bosai/forecast/data/forecast/310000.json	json-array	2	Japan Meteorological Agency — Local weather forecast, Tottori Prefecture	気象庁 — 鳥取県 天気予報	jp_local	weather	ja	jpn,weather,forecast,prefecture	7200	Three-day and weekly JMA forecast (weather codes, pops, temperatures, wind) for the sub-areas of Tottori Prefecture.
eas-jma-forecast-320000	https://www.jma.go.jp/bosai/forecast/data/forecast/320000.json	json-array	2	Japan Meteorological Agency — Local weather forecast, Shimane Prefecture	気象庁 — 島根県 天気予報	jp_local	weather	ja	jpn,weather,forecast,prefecture	3600	Three-day and weekly JMA forecast (weather codes, pops, temperatures, wind) for the sub-areas of Shimane Prefecture.
eas-jma-forecast-330000	https://www.jma.go.jp/bosai/forecast/data/forecast/330000.json	json-array	2	Japan Meteorological Agency — Local weather forecast, Okayama Prefecture	気象庁 — 岡山県 天気予報	jp_local	weather	ja	jpn,weather,forecast,prefecture	5400	Three-day and weekly JMA forecast (weather codes, pops, temperatures, wind) for the sub-areas of Okayama Prefecture.
eas-jma-forecast-340000	https://www.jma.go.jp/bosai/forecast/data/forecast/340000.json	json-array	2	Japan Meteorological Agency — Local weather forecast, Hiroshima Prefecture	気象庁 — 広島県 天気予報	jp_local	weather	ja	jpn,weather,forecast,prefecture	7200	Three-day and weekly JMA forecast (weather codes, pops, temperatures, wind) for the sub-areas of Hiroshima Prefecture.
eas-jma-forecast-350000	https://www.jma.go.jp/bosai/forecast/data/forecast/350000.json	json-array	2	Japan Meteorological Agency — Local weather forecast, Yamaguchi Prefecture	気象庁 — 山口県 天気予報	jp_local	weather	ja	jpn,weather,forecast,prefecture	3600	Three-day and weekly JMA forecast (weather codes, pops, temperatures, wind) for the sub-areas of Yamaguchi Prefecture.
eas-jma-forecast-360000	https://www.jma.go.jp/bosai/forecast/data/forecast/360000.json	json-array	2	Japan Meteorological Agency — Local weather forecast, Tokushima Prefecture	気象庁 — 徳島県 天気予報	jp_local	weather	ja	jpn,weather,forecast,prefecture	5400	Three-day and weekly JMA forecast (weather codes, pops, temperatures, wind) for the sub-areas of Tokushima Prefecture.
eas-jma-forecast-370000	https://www.jma.go.jp/bosai/forecast/data/forecast/370000.json	json-array	2	Japan Meteorological Agency — Local weather forecast, Kagawa Prefecture	気象庁 — 香川県 天気予報	jp_local	weather	ja	jpn,weather,forecast,prefecture	7200	Three-day and weekly JMA forecast (weather codes, pops, temperatures, wind) for the sub-areas of Kagawa Prefecture.
eas-jma-forecast-380000	https://www.jma.go.jp/bosai/forecast/data/forecast/380000.json	json-array	2	Japan Meteorological Agency — Local weather forecast, Ehime Prefecture	気象庁 — 愛媛県 天気予報	jp_local	weather	ja	jpn,weather,forecast,prefecture	3600	Three-day and weekly JMA forecast (weather codes, pops, temperatures, wind) for the sub-areas of Ehime Prefecture.
eas-jma-forecast-390000	https://www.jma.go.jp/bosai/forecast/data/forecast/390000.json	json-array	2	Japan Meteorological Agency — Local weather forecast, Kochi Prefecture	気象庁 — 高知県 天気予報	jp_local	weather	ja	jpn,weather,forecast,prefecture	5400	Three-day and weekly JMA forecast (weather codes, pops, temperatures, wind) for the sub-areas of Kochi Prefecture.
eas-jma-forecast-400000	https://www.jma.go.jp/bosai/forecast/data/forecast/400000.json	json-array	2	Japan Meteorological Agency — Local weather forecast, Fukuoka Prefecture	気象庁 — 福岡県 天気予報	jp_local	weather	ja	jpn,weather,forecast,prefecture	7200	Three-day and weekly JMA forecast (weather codes, pops, temperatures, wind) for the sub-areas of Fukuoka Prefecture.
eas-jma-forecast-410000	https://www.jma.go.jp/bosai/forecast/data/forecast/410000.json	json-array	2	Japan Meteorological Agency — Local weather forecast, Saga Prefecture	気象庁 — 佐賀県 天気予報	jp_local	weather	ja	jpn,weather,forecast,prefecture	3600	Three-day and weekly JMA forecast (weather codes, pops, temperatures, wind) for the sub-areas of Saga Prefecture.
eas-jma-forecast-420000	https://www.jma.go.jp/bosai/forecast/data/forecast/420000.json	json-array	2	Japan Meteorological Agency — Local weather forecast, Nagasaki Prefecture	気象庁 — 長崎県 天気予報	jp_local	weather	ja	jpn,weather,forecast,prefecture	5400	Three-day and weekly JMA forecast (weather codes, pops, temperatures, wind) for the sub-areas of Nagasaki Prefecture.
eas-jma-forecast-430000	https://www.jma.go.jp/bosai/forecast/data/forecast/430000.json	json-array	2	Japan Meteorological Agency — Local weather forecast, Kumamoto Prefecture	気象庁 — 熊本県 天気予報	jp_local	weather	ja	jpn,weather,forecast,prefecture	7200	Three-day and weekly JMA forecast (weather codes, pops, temperatures, wind) for the sub-areas of Kumamoto Prefecture.
eas-jma-forecast-440000	https://www.jma.go.jp/bosai/forecast/data/forecast/440000.json	json-array	2	Japan Meteorological Agency — Local weather forecast, Oita Prefecture	気象庁 — 大分県 天気予報	jp_local	weather	ja	jpn,weather,forecast,prefecture	3600	Three-day and weekly JMA forecast (weather codes, pops, temperatures, wind) for the sub-areas of Oita Prefecture.
eas-jma-forecast-450000	https://www.jma.go.jp/bosai/forecast/data/forecast/450000.json	json-array	2	Japan Meteorological Agency — Local weather forecast, Miyazaki Prefecture	気象庁 — 宮崎県 天気予報	jp_local	weather	ja	jpn,weather,forecast,prefecture	5400	Three-day and weekly JMA forecast (weather codes, pops, temperatures, wind) for the sub-areas of Miyazaki Prefecture.
eas-jma-forecast-460100	https://www.jma.go.jp/bosai/forecast/data/forecast/460100.json	json-array	2	Japan Meteorological Agency — Local weather forecast, Kagoshima Prefecture	気象庁 — 鹿児島県 天気予報	jp_local	weather	ja	jpn,weather,forecast,prefecture	7200	Three-day and weekly JMA forecast (weather codes, pops, temperatures, wind) for the sub-areas of Kagoshima Prefecture.
eas-jma-forecast-471000	https://www.jma.go.jp/bosai/forecast/data/forecast/471000.json	json-array	2	Japan Meteorological Agency — Local weather forecast, Okinawa Main Island	気象庁 — 沖縄本島地方 天気予報	jp_local	weather	ja	jpn,weather,forecast,prefecture	3600	Three-day and weekly JMA forecast (weather codes, pops, temperatures, wind) for the sub-areas of Okinawa Main Island.
eas-jma-forecast-472000	https://www.jma.go.jp/bosai/forecast/data/forecast/472000.json	json-array	2	Japan Meteorological Agency — Local weather forecast, Daito Islands	気象庁 — 大東島地方 天気予報	jp_local	weather	ja	jpn,weather,forecast,prefecture	5400	Three-day and weekly JMA forecast (weather codes, pops, temperatures, wind) for the sub-areas of Daito Islands.
eas-jma-forecast-473000	https://www.jma.go.jp/bosai/forecast/data/forecast/473000.json	json-array	2	Japan Meteorological Agency — Local weather forecast, Miyakojima	気象庁 — 宮古島地方 天気予報	jp_local	weather	ja	jpn,weather,forecast,prefecture	7200	Three-day and weekly JMA forecast (weather codes, pops, temperatures, wind) for the sub-areas of Miyakojima.
eas-jma-forecast-474000	https://www.jma.go.jp/bosai/forecast/data/forecast/474000.json	json-array	2	Japan Meteorological Agency — Local weather forecast, Ishigaki and Yaeyama	気象庁 — 石垣島地方 天気予報	jp_local	weather	ja	jpn,weather,forecast,prefecture	3600	Three-day and weekly JMA forecast (weather codes, pops, temperatures, wind) for the sub-areas of Ishigaki and Yaeyama.
eas-jma-overview-020000	https://www.jma.go.jp/bosai/forecast/data/overview_forecast/020000.json	json-object	1	Japan Meteorological Agency — Forecast narrative, Aomori Prefecture	気象庁 — 青森県 天気概況	jp_local	weather	ja	jpn,weather,forecast,narrative	7200	Plain-language forecast overview text issued by the Aomori Local Meteorological Office.
eas-jma-nowcast-times-n2	https://www.jma.go.jp/bosai/jmatile/data/nowc/targetTimes_N2.json	json-array	12	Japan Meteorological Agency — Nowcast tile timestamps (N2)	気象庁 — 高解像度降水ナウキャスト 対象時刻 (N2)	jp_local	hazard	ja	jpn,hazard,rainfall,nowcast	900	Valid times of the high-resolution precipitation nowcast tile set, used to pull the current radar frame.
eas-jma-nowcast-times-n3	https://www.jma.go.jp/bosai/jmatile/data/nowc/targetTimes_N3.json	json-array	43	Japan Meteorological Agency — Nowcast tile timestamps (N3)	気象庁 — 降水ナウキャスト 対象時刻 (N3)	jp_local	hazard	ja	jpn,hazard,rainfall,nowcast	1200	Valid times of the extended precipitation nowcast tile set.
eas-jma-risk-times	https://www.jma.go.jp/bosai/jmatile/data/risk/targetTimes.json	json-array	37	Japan Meteorological Agency — Flood/landslide risk mesh timestamps	気象庁 — 危険度分布 対象時刻	jp_local	hazard	ja	jpn,hazard,flood,landslide	900	Valid times of the JMA real-time flood and landslide risk mesh, the index into the live hazard grid.
eas-jma-snow-times	https://www.jma.go.jp/bosai/jmatile/data/snow/targetTimes.json	json-array	31	Japan Meteorological Agency — Snow depth analysis timestamps	気象庁 — 現在の積雪深 対象時刻	jp_local	hazard	ja	jpn,hazard,snow,winter	1800	Valid times of the JMA snow depth and snowfall analysis mesh.
eas-jma-information-list	https://www.jma.go.jp/bosai/information/data/information.json	json-array	94	Japan Meteorological Agency — Operational notices index	気象庁 — お知らせ・情報一覧	jp_local	weather	ja	jpn,weather,notice	10800	Index of JMA operational notices and service changes affecting the bosai data feeds.
eas-tokyo-od-t000003	https://catalog.data.metro.tokyo.lg.jp/api/3/action/package_search?fq=organization:t000003&rows=100	json:result.results	100	Tokyo Open Data Catalogue — Tokyo Bureau of General Affairs datasets	東京都オープンデータカタログサイト — 東京都総務局 公開データセット	jp_local	opendata	ja	jpn,opendata,tokyo,catalog	43200	All datasets published by Tokyo Bureau of General Affairs on the Tokyo Metropolitan open data catalogue.
eas-tokyo-od-t132080	https://catalog.data.metro.tokyo.lg.jp/api/3/action/package_search?fq=organization:t132080&rows=100	json:result.results	100	Tokyo Open Data Catalogue — Chofu City datasets	東京都オープンデータカタログサイト — 調布市 公開データセット	jp_local	opendata	ja	jpn,opendata,tokyo,catalog	57600	All datasets published by Chofu City on the Tokyo Metropolitan open data catalogue.
eas-tokyo-od-t132195	https://catalog.data.metro.tokyo.lg.jp/api/3/action/package_search?fq=organization:t132195&rows=100	json:result.results	100	Tokyo Open Data Catalogue — Komae City datasets	東京都オープンデータカタログサイト — 狛江市 公開データセット	jp_local	opendata	ja	jpn,opendata,tokyo,catalog	72000	All datasets published by Komae City on the Tokyo Metropolitan open data catalogue.
eas-tokyo-od-t000054	https://catalog.data.metro.tokyo.lg.jp/api/3/action/package_search?fq=organization:t000054&rows=100	json:result.results	100	Tokyo Open Data Catalogue — Tokyo Bureau of Social Welfare datasets	東京都オープンデータカタログサイト — 東京都福祉局 公開データセット	jp_local	opendata	ja	jpn,opendata,tokyo,catalog	86400	All datasets published by Tokyo Bureau of Social Welfare on the Tokyo Metropolitan open data catalogue.
eas-tokyo-od-t131113	https://catalog.data.metro.tokyo.lg.jp/api/3/action/package_search?fq=organization:t131113&rows=100	json:result.results	100	Tokyo Open Data Catalogue — Ota Ward datasets	東京都オープンデータカタログサイト — 大田区 公開データセット	jp_local	opendata	ja	jpn,opendata,tokyo,catalog	43200	All datasets published by Ota Ward on the Tokyo Metropolitan open data catalogue.
eas-tokyo-od-t131032	https://catalog.data.metro.tokyo.lg.jp/api/3/action/package_search?fq=organization:t131032&rows=100	json:result.results	100	Tokyo Open Data Catalogue — Minato Ward datasets	東京都オープンデータカタログサイト — 港区 公開データセット	jp_local	opendata	ja	jpn,opendata,tokyo,catalog	57600	All datasets published by Minato Ward on the Tokyo Metropolitan open data catalogue.
eas-tokyo-od-t131237	https://catalog.data.metro.tokyo.lg.jp/api/3/action/package_search?fq=organization:t131237&rows=100	json:result.results	100	Tokyo Open Data Catalogue — Edogawa Ward datasets	東京都オープンデータカタログサイト — 江戸川区 公開データセット	jp_local	opendata	ja	jpn,opendata,tokyo,catalog	72000	All datasets published by Edogawa Ward on the Tokyo Metropolitan open data catalogue.
eas-tokyo-od-t000055	https://catalog.data.metro.tokyo.lg.jp/api/3/action/package_search?fq=organization:t000055&rows=100	json:result.results	100	Tokyo Open Data Catalogue — Tokyo Bureau of Public Health datasets	東京都オープンデータカタログサイト — 東京都保健医療局 公開データセット	jp_local	opendata	ja	jpn,opendata,tokyo,catalog	86400	All datasets published by Tokyo Bureau of Public Health on the Tokyo Metropolitan open data catalogue.
eas-tokyo-od-t131199	https://catalog.data.metro.tokyo.lg.jp/api/3/action/package_search?fq=organization:t131199&rows=100	json:result.results	100	Tokyo Open Data Catalogue — Itabashi Ward datasets	東京都オープンデータカタログサイト — 板橋区 公開データセット	jp_local	opendata	ja	jpn,opendata,tokyo,catalog	43200	All datasets published by Itabashi Ward on the Tokyo Metropolitan open data catalogue.
eas-tokyo-od-t131075	https://catalog.data.metro.tokyo.lg.jp/api/3/action/package_search?fq=organization:t131075&rows=100	json:result.results	100	Tokyo Open Data Catalogue — Sumida Ward datasets	東京都オープンデータカタログサイト — 墨田区 公開データセット	jp_local	opendata	ja	jpn,opendata,tokyo,catalog	57600	All datasets published by Sumida Ward on the Tokyo Metropolitan open data catalogue.
eas-tokyo-od-t000021	https://catalog.data.metro.tokyo.lg.jp/api/3/action/package_search?fq=organization:t000021&rows=100	json:result.results	100	Tokyo Open Data Catalogue — Tokyo Metropolitan Board of Education datasets	東京都オープンデータカタログサイト — 東京都教育庁 公開データセット	jp_local	opendata	ja	jpn,opendata,tokyo,catalog	72000	All datasets published by Tokyo Metropolitan Board of Education on the Tokyo Metropolitan open data catalogue.
eas-tokyo-od-t131067	https://catalog.data.metro.tokyo.lg.jp/api/3/action/package_search?fq=organization:t131067&rows=100	json:result.results	100	Tokyo Open Data Catalogue — Taito Ward datasets	東京都オープンデータカタログサイト — 台東区 公開データセット	jp_local	opendata	ja	jpn,opendata,tokyo,catalog	86400	All datasets published by Taito Ward on the Tokyo Metropolitan open data catalogue.
eas-tokyo-od-t131105	https://catalog.data.metro.tokyo.lg.jp/api/3/action/package_search?fq=organization:t131105&rows=100	json:result.results	100	Tokyo Open Data Catalogue — Meguro Ward datasets	東京都オープンデータカタログサイト — 目黒区 公開データセット	jp_local	opendata	ja	jpn,opendata,tokyo,catalog	43200	All datasets published by Meguro Ward on the Tokyo Metropolitan open data catalogue.
eas-tokyo-od-t131148	https://catalog.data.metro.tokyo.lg.jp/api/3/action/package_search?fq=organization:t131148&rows=100	json:result.results	100	Tokyo Open Data Catalogue — Nakano Ward datasets	東京都オープンデータカタログサイト — 中野区 公開データセット	jp_local	opendata	ja	jpn,opendata,tokyo,catalog	57600	All datasets published by Nakano Ward on the Tokyo Metropolitan open data catalogue.
eas-tokyo-od-t131091	https://catalog.data.metro.tokyo.lg.jp/api/3/action/package_search?fq=organization:t131091&rows=100	json:result.results	100	Tokyo Open Data Catalogue — Shinagawa Ward datasets	東京都オープンデータカタログサイト — 品川区 公開データセット	jp_local	opendata	ja	jpn,opendata,tokyo,catalog	72000	All datasets published by Shinagawa Ward on the Tokyo Metropolitan open data catalogue.
eas-tokyo-od-t131041	https://catalog.data.metro.tokyo.lg.jp/api/3/action/package_search?fq=organization:t131041&rows=100	json:result.results	100	Tokyo Open Data Catalogue — Shinjuku Ward datasets	東京都オープンデータカタログサイト — 新宿区 公開データセット	jp_local	opendata	ja	jpn,opendata,tokyo,catalog	86400	All datasets published by Shinjuku Ward on the Tokyo Metropolitan open data catalogue.
eas-tokyo-od-t132098	https://catalog.data.metro.tokyo.lg.jp/api/3/action/package_search?fq=organization:t132098&rows=100	json:result.results	100	Tokyo Open Data Catalogue — Machida City datasets	東京都オープンデータカタログサイト — 町田市 公開データセット	jp_local	opendata	ja	jpn,opendata,tokyo,catalog	43200	All datasets published by Machida City on the Tokyo Metropolitan open data catalogue.
eas-tokyo-od-t000009	https://catalog.data.metro.tokyo.lg.jp/api/3/action/package_search?fq=organization:t000009&rows=100	json:result.results	100	Tokyo Open Data Catalogue — Tokyo Bureau of Environment datasets	東京都オープンデータカタログサイト — 東京都環境局 公開データセット	jp_local	opendata	ja	jpn,opendata,tokyo,catalog	57600	All datasets published by Tokyo Bureau of Environment on the Tokyo Metropolitan open data catalogue.
eas-tokyo-od-t000020	https://catalog.data.metro.tokyo.lg.jp/api/3/action/package_search?fq=organization:t000020&rows=100	json:result.results	100	Tokyo Open Data Catalogue — Tokyo Bureau of Sewerage datasets	東京都オープンデータカタログサイト — 東京都下水道局 公開データセット	jp_local	opendata	ja	jpn,opendata,tokyo,catalog	72000	All datasets published by Tokyo Bureau of Sewerage on the Tokyo Metropolitan open data catalogue.
eas-tokyo-od-t000008	https://catalog.data.metro.tokyo.lg.jp/api/3/action/package_search?fq=organization:t000008&rows=100	json:result.results	100	Tokyo Open Data Catalogue — Tokyo Bureau of Urban Development datasets	東京都オープンデータカタログサイト — 東京都都市整備局 公開データセット	jp_local	opendata	ja	jpn,opendata,tokyo,catalog	86400	All datasets published by Tokyo Bureau of Urban Development on the Tokyo Metropolitan open data catalogue.
eas-tokyo-od-t131156	https://catalog.data.metro.tokyo.lg.jp/api/3/action/package_search?fq=organization:t131156&rows=100	json:result.results	100	Tokyo Open Data Catalogue — Suginami Ward datasets	東京都オープンデータカタログサイト — 杉並区 公開データセット	jp_local	opendata	ja	jpn,opendata,tokyo,catalog	43200	All datasets published by Suginami Ward on the Tokyo Metropolitan open data catalogue.
eas-tokyo-od-t131083	https://catalog.data.metro.tokyo.lg.jp/api/3/action/package_search?fq=organization:t131083&rows=100	json:result.results	97	Tokyo Open Data Catalogue — Koto Ward datasets	東京都オープンデータカタログサイト — 江東区 公開データセット	jp_local	opendata	ja	jpn,opendata,tokyo,catalog	57600	All datasets published by Koto Ward on the Tokyo Metropolitan open data catalogue.
eas-tokyo-od-t131202	https://catalog.data.metro.tokyo.lg.jp/api/3/action/package_search?fq=organization:t131202&rows=100	json:result.results	79	Tokyo Open Data Catalogue — Nerima Ward datasets	東京都オープンデータカタログサイト — 練馬区 公開データセット	jp_local	opendata	ja	jpn,opendata,tokyo,catalog	72000	All datasets published by Nerima Ward on the Tokyo Metropolitan open data catalogue.
eas-tokyo-od-t132012	https://catalog.data.metro.tokyo.lg.jp/api/3/action/package_search?fq=organization:t132012&rows=100	json:result.results	78	Tokyo Open Data Catalogue — Hachioji City datasets	東京都オープンデータカタログサイト — 八王子市 公開データセット	jp_local	opendata	ja	jpn,opendata,tokyo,catalog	86400	All datasets published by Hachioji City on the Tokyo Metropolitan open data catalogue.
eas-tokyo-od-t000014	https://catalog.data.metro.tokyo.lg.jp/api/3/action/package_search?fq=organization:t000014&rows=100	json:result.results	70	Tokyo Open Data Catalogue — Tokyo Bureau of Construction datasets	東京都オープンデータカタログサイト — 東京都建設局 公開データセット	jp_local	opendata	ja	jpn,opendata,tokyo,catalog	43200	All datasets published by Tokyo Bureau of Construction on the Tokyo Metropolitan open data catalogue.
eas-tokyo-od-t000012	https://catalog.data.metro.tokyo.lg.jp/api/3/action/package_search?fq=organization:t000012&rows=100	json:result.results	68	Tokyo Open Data Catalogue — Tokyo Bureau of Industrial and Labour Affairs datasets	東京都オープンデータカタログサイト — 東京都産業労働局 公開データセット	jp_local	opendata	ja	jpn,opendata,tokyo,catalog	57600	All datasets published by Tokyo Bureau of Industrial and Labour Affairs on the Tokyo Metropolitan open data catalogue.
eas-tokyo-od-t000015	https://catalog.data.metro.tokyo.lg.jp/api/3/action/package_search?fq=organization:t000015&rows=100	json:result.results	63	Tokyo Open Data Catalogue — Tokyo Bureau of Port and Harbor datasets	東京都オープンデータカタログサイト — 東京都港湾局 公開データセット	jp_local	opendata	ja	jpn,opendata,tokyo,catalog	72000	All datasets published by Tokyo Bureau of Port and Harbor on the Tokyo Metropolitan open data catalogue.
eas-tokyo-od-t131059	https://catalog.data.metro.tokyo.lg.jp/api/3/action/package_search?fq=organization:t131059&rows=100	json:result.results	57	Tokyo Open Data Catalogue — Bunkyo Ward datasets	東京都オープンデータカタログサイト — 文京区 公開データセット	jp_local	opendata	ja	jpn,opendata,tokyo,catalog	86400	All datasets published by Bunkyo Ward on the Tokyo Metropolitan open data catalogue.
eas-tokyo-od-t000019	https://catalog.data.metro.tokyo.lg.jp/api/3/action/package_search?fq=organization:t000019&rows=100	json:result.results	54	Tokyo Open Data Catalogue — Tokyo Bureau of Waterworks datasets	東京都オープンデータカタログサイト — 東京都水道局 公開データセット	jp_local	opendata	ja	jpn,opendata,tokyo,catalog	43200	All datasets published by Tokyo Bureau of Waterworks on the Tokyo Metropolitan open data catalogue.
eas-tokyo-od-t000018	https://catalog.data.metro.tokyo.lg.jp/api/3/action/package_search?fq=organization:t000018&rows=100	json:result.results	50	Tokyo Open Data Catalogue — Tokyo Bureau of Transportation datasets	東京都オープンデータカタログサイト — 東京都交通局 公開データセット	jp_local	opendata	ja	jpn,opendata,tokyo,catalog	57600	All datasets published by Tokyo Bureau of Transportation on the Tokyo Metropolitan open data catalogue.
eas-tokyo-od-t131024	https://catalog.data.metro.tokyo.lg.jp/api/3/action/package_search?fq=organization:t131024&rows=100	json:result.results	47	Tokyo Open Data Catalogue — Chuo Ward datasets	東京都オープンデータカタログサイト — 中央区 公開データセット	jp_local	opendata	ja	jpn,opendata,tokyo,catalog	72000	All datasets published by Chuo Ward on the Tokyo Metropolitan open data catalogue.
eas-tokyo-od-t000017	https://catalog.data.metro.tokyo.lg.jp/api/3/action/package_search?fq=organization:t000017&rows=100	json:result.results	36	Tokyo Open Data Catalogue — Tokyo Fire Department datasets	東京都オープンデータカタログサイト — 東京消防庁 公開データセット	jp_local	opendata	ja	jpn,opendata,tokyo,catalog	86400	All datasets published by Tokyo Fire Department on the Tokyo Metropolitan open data catalogue.
eas-tokyo-od-t000022	https://catalog.data.metro.tokyo.lg.jp/api/3/action/package_search?fq=organization:t000022&rows=100	json:result.results	22	Tokyo Open Data Catalogue — Tokyo Metropolitan Police Department datasets	東京都オープンデータカタログサイト — 警視庁 公開データセット	jp_local	opendata	ja	jpn,opendata,tokyo,catalog	43200	All datasets published by Tokyo Metropolitan Police Department on the Tokyo Metropolitan open data catalogue.
eas-tokyo-od-t131121	https://catalog.data.metro.tokyo.lg.jp/api/3/action/package_search?fq=organization:t131121&rows=100	json:result.results	25	Tokyo Open Data Catalogue — Setagaya Ward datasets	東京都オープンデータカタログサイト — 世田谷区 公開データセット	jp_local	opendata	ja	jpn,opendata,tokyo,catalog	57600	All datasets published by Setagaya Ward on the Tokyo Metropolitan open data catalogue.
eas-tokyo-od-t131016	https://catalog.data.metro.tokyo.lg.jp/api/3/action/package_search?fq=organization:t131016&rows=100	json:result.results	29	Tokyo Open Data Catalogue — Chiyoda Ward datasets	東京都オープンデータカタログサイト — 千代田区 公開データセット	jp_local	opendata	ja	jpn,opendata,tokyo,catalog	72000	All datasets published by Chiyoda Ward on the Tokyo Metropolitan open data catalogue.
eas-tokyo-od-t131164	https://catalog.data.metro.tokyo.lg.jp/api/3/action/package_search?fq=organization:t131164&rows=100	json:result.results	32	Tokyo Open Data Catalogue — Toshima Ward datasets	東京都オープンデータカタログサイト — 豊島区 公開データセット	jp_local	opendata	ja	jpn,opendata,tokyo,catalog	86400	All datasets published by Toshima Ward on the Tokyo Metropolitan open data catalogue.
eas-tokyo-od-t131229	https://catalog.data.metro.tokyo.lg.jp/api/3/action/package_search?fq=organization:t131229&rows=100	json:result.results	32	Tokyo Open Data Catalogue — Katsushika Ward datasets	東京都オープンデータカタログサイト — 葛飾区 公開データセット	jp_local	opendata	ja	jpn,opendata,tokyo,catalog	43200	All datasets published by Katsushika Ward on the Tokyo Metropolitan open data catalogue.
eas-tokyo-od-t131181	https://catalog.data.metro.tokyo.lg.jp/api/3/action/package_search?fq=organization:t131181&rows=100	json:result.results	33	Tokyo Open Data Catalogue — Arakawa Ward datasets	東京都オープンデータカタログサイト — 荒川区 公開データセット	jp_local	opendata	ja	jpn,opendata,tokyo,catalog	57600	All datasets published by Arakawa Ward on the Tokyo Metropolitan open data catalogue.
eas-tokyo-od-t132047	https://catalog.data.metro.tokyo.lg.jp/api/3/action/package_search?fq=organization:t132047&rows=100	json:result.results	32	Tokyo Open Data Catalogue — Mitaka City datasets	東京都オープンデータカタログサイト — 三鷹市 公開データセット	jp_local	opendata	ja	jpn,opendata,tokyo,catalog	72000	All datasets published by Mitaka City on the Tokyo Metropolitan open data catalogue.
eas-tokyo-od-t131130	https://catalog.data.metro.tokyo.lg.jp/api/3/action/package_search?fq=organization:t131130&rows=100	json:result.results	17	Tokyo Open Data Catalogue — Shibuya Ward datasets	東京都オープンデータカタログサイト — 渋谷区 公開データセット	jp_local	opendata	ja	jpn,opendata,tokyo,catalog	86400	All datasets published by Shibuya Ward on the Tokyo Metropolitan open data catalogue.
eas-tokyo-od-t132021	https://catalog.data.metro.tokyo.lg.jp/api/3/action/package_search?fq=organization:t132021&rows=100	json:result.results	35	Tokyo Open Data Catalogue — Tachikawa City datasets	東京都オープンデータカタログサイト — 立川市 公開データセット	jp_local	opendata	ja	jpn,opendata,tokyo,catalog	43200	All datasets published by Tachikawa City on the Tokyo Metropolitan open data catalogue.
eas-tokyo-od-t132063	https://catalog.data.metro.tokyo.lg.jp/api/3/action/package_search?fq=organization:t132063&rows=100	json:result.results	35	Tokyo Open Data Catalogue — Fuchu City datasets	東京都オープンデータカタログサイト — 府中市 公開データセット	jp_local	opendata	ja	jpn,opendata,tokyo,catalog	57600	All datasets published by Fuchu City on the Tokyo Metropolitan open data catalogue.
eas-tokyo-od-t000023	https://catalog.data.metro.tokyo.lg.jp/api/3/action/package_search?fq=organization:t000023&rows=100	json:result.results	84	Tokyo Open Data Catalogue — Tokyo Election Administration Commission datasets	東京都オープンデータカタログサイト — 東京都選挙管理委員会事務局 公開データセット	jp_local	opendata	ja	jpn,opendata,tokyo,catalog	72000	All datasets published by Tokyo Election Administration Commission on the Tokyo Metropolitan open data catalogue.
eas-tokyo-od-t000013	https://catalog.data.metro.tokyo.lg.jp/api/3/action/package_search?fq=organization:t000013&rows=100	json:result.results	37	Tokyo Open Data Catalogue — Tokyo Metropolitan Central Wholesale Market datasets	東京都オープンデータカタログサイト — 東京都中央卸売市場 公開データセット	jp_local	opendata	ja	jpn,opendata,tokyo,catalog	86400	All datasets published by Tokyo Metropolitan Central Wholesale Market on the Tokyo Metropolitan open data catalogue.
eas-tokyo-od-t000029	https://catalog.data.metro.tokyo.lg.jp/api/3/action/package_search?fq=organization:t000029&rows=100	json:result.results	27	Tokyo Open Data Catalogue — Tokyo Bureau of Digital Services datasets	東京都オープンデータカタログサイト — 東京都デジタルサービス局 公開データセット	jp_local	opendata	ja	jpn,opendata,tokyo,catalog	43200	All datasets published by Tokyo Bureau of Digital Services on the Tokyo Metropolitan open data catalogue.
eas-tokyo-od-recent	https://catalog.data.metro.tokyo.lg.jp/api/3/action/package_search?rows=100	json:result.results	100	Tokyo Open Data Catalogue — most recently updated datasets	東京都オープンデータカタログサイト — 最近更新されたデータセット	jp_local	opendata	ja	jpn,opendata,tokyo,catalog	21600	Newest 100 dataset records across the Tokyo Metropolitan Government, its 23 wards and the Tama cities.
eas-yokohama-od-o0200	https://data.city.yokohama.lg.jp/api/3/action/package_search?fq=organization:o0200&rows=100	json:result.results	100	Yokohama Open Data — Policy Management Bureau datasets	横浜市オープンデータ — 政策経営局 公開データセット	jp_local	opendata	ja	jpn,opendata,yokohama,catalog	43200	Datasets published by the Policy Management Bureau of Yokohama City on the municipal CKAN portal.
eas-yokohama-od-o0060	https://data.city.yokohama.lg.jp/api/3/action/package_search?fq=organization:o0060&rows=100	json:result.results	58	Yokohama Open Data — Kanazawa Ward datasets	横浜市オープンデータ — 金沢区 公開データセット	jp_local	opendata	ja	jpn,opendata,yokohama,catalog	64800	Datasets published by the Kanazawa Ward of Yokohama City on the municipal CKAN portal.
eas-yokohama-od-o0030	https://data.city.yokohama.lg.jp/api/3/action/package_search?fq=organization:o0030&rows=100	json:result.results	49	Yokohama Open Data — Izumi Ward datasets	横浜市オープンデータ — 泉区 公開データセット	jp_local	opendata	ja	jpn,opendata,yokohama,catalog	86400	Datasets published by the Izumi Ward of Yokohama City on the municipal CKAN portal.
eas-yokohama-od-o0160	https://data.city.yokohama.lg.jp/api/3/action/package_search?fq=organization:o0160&rows=100	json:result.results	46	Yokohama Open Data — Hodogaya Ward datasets	横浜市オープンデータ — 保土ケ谷区 公開データセット	jp_local	opendata	ja	jpn,opendata,yokohama,catalog	43200	Datasets published by the Hodogaya Ward of Yokohama City on the municipal CKAN portal.
eas-yokohama-od-o0220	https://data.city.yokohama.lg.jp/api/3/action/package_search?fq=organization:o0220&rows=100	json:result.results	24	Yokohama Open Data — Finance Bureau datasets	横浜市オープンデータ — 財政局 公開データセット	jp_local	opendata	ja	jpn,opendata,yokohama,catalog	64800	Datasets published by the Finance Bureau of Yokohama City on the municipal CKAN portal.
eas-yokohama-od-o0130	https://data.city.yokohama.lg.jp/api/3/action/package_search?fq=organization:o0130&rows=100	json:result.results	22	Yokohama Open Data — Totsuka Ward datasets	横浜市オープンデータ — 戸塚区 公開データセット	jp_local	opendata	ja	jpn,opendata,yokohama,catalog	86400	Datasets published by the Totsuka Ward of Yokohama City on the municipal CKAN portal.
eas-yokohama-od-o0260	https://data.city.yokohama.lg.jp/api/3/action/package_search?fq=organization:o0260&rows=100	json:result.results	21	Yokohama Open Data — Economic Affairs Bureau datasets	横浜市オープンデータ — 経済局 公開データセット	jp_local	opendata	ja	jpn,opendata,yokohama,catalog	43200	Datasets published by the Economic Affairs Bureau of Yokohama City on the municipal CKAN portal.
eas-yokohama-od-o0360	https://data.city.yokohama.lg.jp/api/3/action/package_search?fq=organization:o0360&rows=100	json:result.results	14	Yokohama Open Data — Port and Harbor Bureau datasets	横浜市オープンデータ — 港湾局 公開データセット	jp_local	opendata	ja	jpn,opendata,yokohama,catalog	64800	Datasets published by the Port and Harbor Bureau of Yokohama City on the municipal CKAN portal.
eas-yokohama-od-o0350	https://data.city.yokohama.lg.jp/api/3/action/package_search?fq=organization:o0350&rows=100	json:result.results	12	Yokohama Open Data — Road and Highway Bureau datasets	横浜市オープンデータ — 道路局 公開データセット	jp_local	opendata	ja	jpn,opendata,yokohama,catalog	86400	Datasets published by the Road and Highway Bureau of Yokohama City on the municipal CKAN portal.
eas-yokohama-od-recent	https://data.city.yokohama.lg.jp/api/3/action/package_search?rows=100	json:result.results	100	Yokohama Open Data — most recently updated datasets	横浜市オープンデータ — 最近更新されたデータセット	jp_local	opendata	ja	jpn,opendata,yokohama,catalog	21600	Newest 100 dataset records from Yokohama City, Japan's largest municipality by population.
eas-sapporo-od-city	https://ckan.pf-sapporo.jp/api/3/action/package_search?fq=organization:org-0100&rows=100	json:result.results	100	Sapporo Open Data — City of Sapporo datasets	DATA-SMART CITY SAPPORO — 札幌市 公開データセット	jp_local	opendata	ja	jpn,opendata,sapporo,catalog	43200	Datasets published by the City of Sapporo on the DATA-SMART CITY SAPPORO portal.
eas-sapporo-od-sbi	https://ckan.pf-sapporo.jp/api/3/action/package_search?fq=organization:org-0200&rows=100	json:result.results	12	Sapporo Open Data — Sapporo Foundation for Business Innovation datasets	DATA-SMART CITY SAPPORO — さっぽろ産業振興財団 公開データセット	jp_local	opendata	ja	jpn,opendata,sapporo,economy	86400	Business and industry datasets published by the Sapporo Foundation for Business Innovation.
eas-sapporo-od-recent	https://ckan.pf-sapporo.jp/api/3/action/package_search?rows=100	json:result.results	100	Sapporo Open Data — most recently updated datasets	DATA-SMART CITY SAPPORO — 最近更新されたデータセット	jp_local	opendata	ja	jpn,opendata,sapporo,catalog	21600	Newest 100 dataset records on the Sapporo city open data platform.
eas-gkukan-moj-registry-maps	https://www.geospatial.jp/ckan/api/3/action/package_search?fq=organization:aigid-moj-map&rows=50	json:result.results	50	G-kukan Information Centre — Ministry of Justice registry map conversions datasets	G空間情報センター — 法務省登記所備付地図データ変換済 公開データセット	eastasia_data	opendata	ja	jpn,opendata,geospatial,catalog	43200	Converted cadastral registry map (14-jo map) datasets released by the Ministry of Justice.
eas-gkukan-mlit-real-estate	https://www.geospatial.jp/ckan/api/3/action/package_search?fq=organization:fudosan&rows=50	json:result.results	50	G-kukan Information Centre — MLIT Real Estate and Construction Economy Bureau datasets	G空間情報センター — 国土交通省 不動産・建設経済局 公開データセット	eastasia_data	opendata	ja	jpn,opendata,geospatial,catalog	57600	Land price, transaction and construction-economy geodata published by MLIT.
eas-gkukan-aist	https://www.geospatial.jp/ckan/api/3/action/package_search?fq=organization:aist&rows=50	json:result.results	50	G-kukan Information Centre — National Institute of Advanced Industrial Science and Technology datasets	G空間情報センター — 国立研究開発法人 産業技術総合研究所 公開データセット	eastasia_data	opendata	ja	jpn,opendata,geospatial,catalog	72000	Geological, seismic and resource geodata published by AIST, including the Geological Survey of Japan.
eas-gkukan-maff-statistics	https://www.geospatial.jp/ckan/api/3/action/package_search?fq=organization:mafftoukeibu&rows=50	json:result.results	50	G-kukan Information Centre — MAFF Statistics Department datasets	G空間情報センター — 農林水産省 大臣官房統計部 公開データセット	eastasia_data	opendata	ja	jpn,opendata,geospatial,catalog	86400	Agricultural, forestry and fisheries statistics geodata from the MAFF Statistics Department.
eas-gkukan-shizuoka-pref	https://www.geospatial.jp/ckan/api/3/action/package_search?fq=organization:shizuokapref&rows=50	json:result.results	50	G-kukan Information Centre — Shizuoka Prefecture datasets	G空間情報センター — 静岡県 公開データセット	eastasia_data	opendata	ja	jpn,opendata,geospatial,catalog	43200	Shizuoka Prefecture geospatial datasets including point clouds, hazard layers and base maps.
eas-gkukan-cao-tokai-nankai	https://www.geospatial.jp/ckan/api/3/action/package_search?fq=organization:naikakufu-004&rows=50	json:result.results	50	G-kukan Information Centre — Cabinet Office — Tokai / Tonankai / Nankai earthquake study group datasets	G空間情報センター — 内閣府 中央防災会議 東海・東南海・南海地震専門調査会 公開データセット	eastasia_data	opendata	ja	jpn,opendata,geospatial,catalog	57600	Modelled shaking, tsunami and damage layers for the Tokai, Tonankai and Nankai megathrust scenarios.
eas-gkukan-cao-japan-trench	https://www.geospatial.jp/ckan/api/3/action/package_search?fq=organization:naikakufu-002&rows=50	json:result.results	50	G-kukan Information Centre — Cabinet Office — Japan and Chishima Trench earthquake study group datasets	G空間情報センター — 内閣府 中央防災会議 日本海溝・千島海溝周辺海溝型地震専門調査会 公開データセット	eastasia_data	opendata	ja	jpn,opendata,geospatial,catalog	72000	Modelled shaking, tsunami inundation and damage layers for Japan Trench and Kuril Trench scenarios.
eas-gkukan-maff-farm-polygons	https://www.geospatial.jp/ckan/api/3/action/package_search?fq=organization:aigid-maff-tokei-porigon&rows=50	json:result.results	50	G-kukan Information Centre — MAFF farmland parcel polygons datasets	G空間情報センター — 農林水産省 農地筆ポリゴン 公開データセット	eastasia_data	opendata	ja	jpn,opendata,geospatial,catalog	86400	Nationwide farmland parcel polygon datasets used for agricultural land monitoring.
eas-gkukan-aigid-mobility	https://www.geospatial.jp/ckan/api/3/action/package_search?fq=organization:aigid-team&rows=50	json:result.results	50	G-kukan Information Centre — AIGID human mobility analysis team datasets	G空間情報センター — AIGID 人流解析チーム 公開データセット	eastasia_data	opendata	ja	jpn,opendata,geospatial,catalog	43200	People-flow and mobility analysis datasets derived from mobile location data.
eas-gkukan-sano-city	https://www.geospatial.jp/ckan/api/3/action/package_search?fq=organization:tochigi-092045&rows=50	json:result.results	50	G-kukan Information Centre — Sano City, Tochigi datasets	G空間情報センター — 栃木県 佐野市 公開データセット	eastasia_data	opendata	ja	jpn,opendata,geospatial,catalog	57600	Municipal geospatial datasets published by Sano City, Tochigi.
eas-gkukan-fuchu-city	https://www.geospatial.jp/ckan/api/3/action/package_search?fq=organization:tokyo-132063&rows=50	json:result.results	50	G-kukan Information Centre — Fuchu City, Tokyo datasets	G空間情報センター — 東京都 府中市 公開データセット	eastasia_data	opendata	ja	jpn,opendata,geospatial,catalog	72000	Municipal geospatial datasets published by Fuchu City, Tokyo.
eas-gkukan-otawara-city	https://www.geospatial.jp/ckan/api/3/action/package_search?fq=organization:tochigi-092100&rows=50	json:result.results	50	G-kukan Information Centre — Otawara City, Tochigi datasets	G空間情報センター — 栃木県 大田原市 公開データセット	eastasia_data	opendata	ja	jpn,opendata,geospatial,catalog	86400	Municipal geospatial datasets published by Otawara City, Tochigi.
eas-gkukan-setagaya-ward	https://www.geospatial.jp/ckan/api/3/action/package_search?fq=organization:tokyo-setagaya&rows=50	json:result.results	50	G-kukan Information Centre — Setagaya Ward, Tokyo datasets	G空間情報センター — 東京都 世田谷区 公開データセット	eastasia_data	opendata	ja	jpn,opendata,geospatial,catalog	43200	Ward-level geospatial datasets published by Setagaya, Tokyo.
eas-gkukan-itami-city	https://www.geospatial.jp/ckan/api/3/action/package_search?fq=organization:hyogo-itami&rows=50	json:result.results	50	G-kukan Information Centre — Itami City, Hyogo datasets	G空間情報センター — 兵庫県 伊丹市 公開データセット	eastasia_data	opendata	ja	jpn,opendata,geospatial,catalog	57600	Municipal geospatial datasets published by Itami City, Hyogo.
eas-gkukan-ichikawa-city	https://www.geospatial.jp/ckan/api/3/action/package_search?fq=organization:chiba-122033&rows=50	json:result.results	50	G-kukan Information Centre — Ichikawa City, Chiba datasets	G空間情報センター — 千葉県 市川市 公開データセット	eastasia_data	opendata	ja	jpn,opendata,geospatial,catalog	72000	Municipal geospatial datasets published by Ichikawa City, Chiba.
eas-gkukan-aigid	https://www.geospatial.jp/ckan/api/3/action/package_search?fq=organization:aigid&rows=50	json:result.results	50	G-kukan Information Centre — Association for Promotion of Infrastructure Geospatial Information Distribution datasets	G空間情報センター — 一般社団法人 社会基盤情報流通推進協議会 公開データセット	eastasia_data	opendata	ja	jpn,opendata,geospatial,catalog	86400	Reference geospatial datasets curated by AIGID, the operator of the G-kukan centre.
eas-gkukan-mojmap-01hokkaido	https://www.geospatial.jp/ckan/api/3/action/package_search?fq=organization:moj-01hokkaido&rows=50	json:result.results	50	G-kukan Information Centre — MOJ cadastral registry maps, Hokkaido	G空間情報センター — 法務省登記所備付地図 北海道	eastasia_data	opendata	ja	jpn,cadastre,land,geospatial	86400	Parcel-level cadastral registry map datasets for Hokkaido, released by the Ministry of Justice as open data.
eas-gkukan-mojmap-07fukushima	https://www.geospatial.jp/ckan/api/3/action/package_search?fq=organization:moj-07fukushima&rows=50	json:result.results	50	G-kukan Information Centre — MOJ cadastral registry maps, Fukushima	G空間情報センター — 法務省登記所備付地図 福島県	eastasia_data	opendata	ja	jpn,cadastre,land,geospatial	86400	Parcel-level cadastral registry map datasets for Fukushima, released by the Ministry of Justice as open data.
eas-gkukan-mojmap-11saitama	https://www.geospatial.jp/ckan/api/3/action/package_search?fq=organization:moj-11saitama&rows=50	json:result.results	50	G-kukan Information Centre — MOJ cadastral registry maps, Saitama	G空間情報センター — 法務省登記所備付地図 埼玉県	eastasia_data	opendata	ja	jpn,cadastre,land,geospatial	86400	Parcel-level cadastral registry map datasets for Saitama, released by the Ministry of Justice as open data.
eas-gkukan-mojmap-12chiba	https://www.geospatial.jp/ckan/api/3/action/package_search?fq=organization:moj-12chiba&rows=50	json:result.results	50	G-kukan Information Centre — MOJ cadastral registry maps, Chiba	G空間情報センター — 法務省登記所備付地図 千葉県	eastasia_data	opendata	ja	jpn,cadastre,land,geospatial	86400	Parcel-level cadastral registry map datasets for Chiba, released by the Ministry of Justice as open data.
eas-gkukan-mojmap-13tokyo	https://www.geospatial.jp/ckan/api/3/action/package_search?fq=organization:moj-13tokyo&rows=50	json:result.results	50	G-kukan Information Centre — MOJ cadastral registry maps, Tokyo	G空間情報センター — 法務省登記所備付地図 東京都	eastasia_data	opendata	ja	jpn,cadastre,land,geospatial	86400	Parcel-level cadastral registry map datasets for Tokyo, released by the Ministry of Justice as open data.
eas-gkukan-mojmap-14kanagawa	https://www.geospatial.jp/ckan/api/3/action/package_search?fq=organization:moj-14kanagawa&rows=50	json:result.results	50	G-kukan Information Centre — MOJ cadastral registry maps, Kanagawa	G空間情報センター — 法務省登記所備付地図 神奈川県	eastasia_data	opendata	ja	jpn,cadastre,land,geospatial	86400	Parcel-level cadastral registry map datasets for Kanagawa, released by the Ministry of Justice as open data.
eas-gkukan-mojmap-20nagano	https://www.geospatial.jp/ckan/api/3/action/package_search?fq=organization:moj-20nagano&rows=50	json:result.results	50	G-kukan Information Centre — MOJ cadastral registry maps, Nagano	G空間情報センター — 法務省登記所備付地図 長野県	eastasia_data	opendata	ja	jpn,cadastre,land,geospatial	86400	Parcel-level cadastral registry map datasets for Nagano, released by the Ministry of Justice as open data.
eas-gkukan-mojmap-23aichi	https://www.geospatial.jp/ckan/api/3/action/package_search?fq=organization:moj-23aichi&rows=50	json:result.results	50	G-kukan Information Centre — MOJ cadastral registry maps, Aichi	G空間情報センター — 法務省登記所備付地図 愛知県	eastasia_data	opendata	ja	jpn,cadastre,land,geospatial	86400	Parcel-level cadastral registry map datasets for Aichi, released by the Ministry of Justice as open data.
eas-gkukan-mojmap-27osaka	https://www.geospatial.jp/ckan/api/3/action/package_search?fq=organization:moj-27osaka&rows=50	json:result.results	50	G-kukan Information Centre — MOJ cadastral registry maps, Osaka	G空間情報センター — 法務省登記所備付地図 大阪府	eastasia_data	opendata	ja	jpn,cadastre,land,geospatial	86400	Parcel-level cadastral registry map datasets for Osaka, released by the Ministry of Justice as open data.
eas-gkukan-mojmap-28hyogo	https://www.geospatial.jp/ckan/api/3/action/package_search?fq=organization:moj-28hyogo&rows=50	json:result.results	49	G-kukan Information Centre — MOJ cadastral registry maps, Hyogo	G空間情報センター — 法務省登記所備付地図 兵庫県	eastasia_data	opendata	ja	jpn,cadastre,land,geospatial	86400	Parcel-level cadastral registry map datasets for Hyogo, released by the Ministry of Justice as open data.
eas-gkukan-mojmap-40fukuoka	https://www.geospatial.jp/ckan/api/3/action/package_search?fq=organization:moj-40fukuoka&rows=50	json:result.results	50	G-kukan Information Centre — MOJ cadastral registry maps, Fukuoka	G空間情報センター — 法務省登記所備付地図 福岡県	eastasia_data	opendata	ja	jpn,cadastre,land,geospatial	86400	Parcel-level cadastral registry map datasets for Fukuoka, released by the Ministry of Justice as open data.
eas-gkukan-mojmap-43kumamoto	https://www.geospatial.jp/ckan/api/3/action/package_search?fq=organization:moj-43kumamoto&rows=50	json:result.results	50	G-kukan Information Centre — MOJ cadastral registry maps, Kumamoto	G空間情報センター — 法務省登記所備付地図 熊本県	eastasia_data	opendata	ja	jpn,cadastre,land,geospatial	86400	Parcel-level cadastral registry map datasets for Kumamoto, released by the Ministry of Justice as open data.
eas-gkukan-mojmap-46kagoshima	https://www.geospatial.jp/ckan/api/3/action/package_search?fq=organization:moj-46kagoshima&rows=50	json:result.results	49	G-kukan Information Centre — MOJ cadastral registry maps, Kagoshima	G空間情報センター — 法務省登記所備付地図 鹿児島県	eastasia_data	opendata	ja	jpn,cadastre,land,geospatial	86400	Parcel-level cadastral registry map datasets for Kagoshima, released by the Ministry of Justice as open data.
eas-gkukan-topic-earthquake	https://www.geospatial.jp/ckan/api/3/action/package_search?q=%E5%9C%B0%E9%9C%87&rows=20	json:result.results	20	G-kukan Information Centre — earthquake geodata	G空間情報センター — 「地震」関連データセット	eastasia_data	opendata	ja	jpn,opendata,geospatial,earthquake	43200	Earthquake-related geospatial datasets across all publishers on the national geospatial centre.
eas-gkukan-topic-bousai	https://www.geospatial.jp/ckan/api/3/action/package_search?q=%E9%98%B2%E7%81%BD&rows=20	json:result.results	20	G-kukan Information Centre — disaster prevention geodata	G空間情報センター — 「防災」関連データセット	eastasia_data	opendata	ja	jpn,opendata,geospatial,disaster	43200	Disaster-prevention geospatial datasets across all publishers on the national geospatial centre.
eas-gkukan-topic-evacuation-shelters	https://www.geospatial.jp/ckan/api/3/action/package_search?q=%E9%81%BF%E9%9B%A3%E6%89%80&rows=100	json:result.results	64	G-kukan Information Centre — evacuation shelters geodata	G空間情報センター — 「避難所」関連データセット	eastasia_data	opendata	ja	jpn,opendata,geospatial,evacuation-shelters	43200	Geospatial datasets about evacuation shelters from every publisher on the Japanese national geospatial data centre.
eas-gkukan-topic-rivers	https://www.geospatial.jp/ckan/api/3/action/package_search?q=%E6%B2%B3%E5%B7%9D&rows=100	json:result.results	100	G-kukan Information Centre — rivers and waterways geodata	G空間情報センター — 「河川」関連データセット	eastasia_data	opendata	ja	jpn,opendata,geospatial,rivers	64800	Geospatial datasets about rivers and waterways from every publisher on the Japanese national geospatial data centre.
eas-gkukan-topic-aed	https://www.geospatial.jp/ckan/api/3/action/package_search?q=AED&rows=100	json:result.results	62	G-kukan Information Centre — AED defibrillator locations geodata	G空間情報センター — 「AED」関連データセット	eastasia_data	opendata	ja	jpn,opendata,geospatial,aed	86400	Geospatial datasets about AED defibrillator locations from every publisher on the Japanese national geospatial data centre.
eas-gkukan-topic-population	https://www.geospatial.jp/ckan/api/3/action/package_search?q=%E4%BA%BA%E5%8F%A3&rows=100	json:result.results	100	G-kukan Information Centre — population statistics geodata	G空間情報センター — 「人口」関連データセット	eastasia_data	opendata	ja	jpn,opendata,geospatial,population	43200	Geospatial datasets about population statistics from every publisher on the Japanese national geospatial data centre.
eas-gkukan-topic-tourism	https://www.geospatial.jp/ckan/api/3/action/package_search?q=%E8%A6%B3%E5%85%89&rows=100	json:result.results	95	G-kukan Information Centre — tourism geodata	G空間情報センター — 「観光」関連データセット	eastasia_data	opendata	ja	jpn,opendata,geospatial,tourism	64800	Geospatial datasets about tourism from every publisher on the Japanese national geospatial data centre.
eas-gkukan-topic-landslide	https://www.geospatial.jp/ckan/api/3/action/package_search?q=%E5%9C%9F%E7%A0%82%E7%81%BD%E5%AE%B3&rows=100	json:result.results	16	G-kukan Information Centre — landslide hazard geodata	G空間情報センター — 「土砂災害」関連データセット	eastasia_data	opendata	ja	jpn,opendata,geospatial,landslide	43200	Geospatial datasets about landslide hazard from every publisher on the Japanese national geospatial data centre.
eas-gkukan-topic-schools	https://www.geospatial.jp/ckan/api/3/action/package_search?q=%E5%AD%A6%E6%A0%A1&rows=100	json:result.results	100	G-kukan Information Centre — schools geodata	G空間情報センター — 「学校」関連データセット	eastasia_data	opendata	ja	jpn,opendata,geospatial,schools	86400	Geospatial datasets about schools from every publisher on the Japanese national geospatial data centre.
eas-gkukan-topic-medical	https://www.geospatial.jp/ckan/api/3/action/package_search?q=%E5%8C%BB%E7%99%82&rows=100	json:result.results	100	G-kukan Information Centre — medical facilities geodata	G空間情報センター — 「医療」関連データセット	eastasia_data	opendata	ja	jpn,opendata,geospatial,medical	43200	Geospatial datasets about medical facilities from every publisher on the Japanese national geospatial data centre.
eas-gkukan-topic-public-facilities	https://www.geospatial.jp/ckan/api/3/action/package_search?q=%E5%85%AC%E5%85%B1%E6%96%BD%E8%A8%AD&rows=100	json:result.results	100	G-kukan Information Centre — public facilities geodata	G空間情報センター — 「公共施設」関連データセット	eastasia_data	opendata	ja	jpn,opendata,geospatial,public-facilities	64800	Geospatial datasets about public facilities from every publisher on the Japanese national geospatial data centre.
eas-gkukan-topic-bus	https://www.geospatial.jp/ckan/api/3/action/package_search?q=%E3%83%90%E3%82%B9&rows=100	json:result.results	13	G-kukan Information Centre — bus services geodata	G空間情報センター — 「バス」関連データセット	eastasia_data	opendata	ja	jpn,opendata,geospatial,bus	86400	Geospatial datasets about bus services from every publisher on the Japanese national geospatial data centre.
eas-gkukan-topic-roads	https://www.geospatial.jp/ckan/api/3/action/package_search?q=%E9%81%93%E8%B7%AF&rows=100	json:result.results	100	G-kukan Information Centre — roads geodata	G空間情報センター — 「道路」関連データセット	eastasia_data	opendata	ja	jpn,opendata,geospatial,roads	43200	Geospatial datasets about roads from every publisher on the Japanese national geospatial data centre.
eas-gkukan-topic-fire-service	https://www.geospatial.jp/ckan/api/3/action/package_search?q=%E6%B6%88%E9%98%B2&rows=100	json:result.results	83	G-kukan Information Centre — fire and rescue geodata	G空間情報センター — 「消防」関連データセット	eastasia_data	opendata	ja	jpn,opendata,geospatial,fire-service	64800	Geospatial datasets about fire and rescue from every publisher on the Japanese national geospatial data centre.
eas-datagojp-topic-evacuation-shelters	https://www.data.go.jp/data/api/3/action/package_search?q=%E9%81%BF%E9%9B%A3%E6%89%80&rows=100	json:result.results	10	DATA GO JP — evacuation shelters datasets	データカタログサイト DATA GO JP — 「避難所」関連データセット	eastasia_data	opendata	ja	jpn,opendata,national,evacuation-shelters	43200	Japanese national open data catalogue slice for evacuation shelters, spanning every ministry and agency.
eas-datagojp-topic-rivers	https://www.data.go.jp/data/api/3/action/package_search?q=%E6%B2%B3%E5%B7%9D&rows=100	json:result.results	10	DATA GO JP — rivers and waterways datasets	データカタログサイト DATA GO JP — 「河川」関連データセット	eastasia_data	opendata	ja	jpn,opendata,national,rivers	64800	Japanese national open data catalogue slice for rivers and waterways, spanning every ministry and agency.
eas-datagojp-topic-aed	https://www.data.go.jp/data/api/3/action/package_search?q=AED&rows=100	json:result.results	10	DATA GO JP — AED defibrillator locations datasets	データカタログサイト DATA GO JP — 「AED」関連データセット	eastasia_data	opendata	ja	jpn,opendata,national,aed	86400	Japanese national open data catalogue slice for AED defibrillator locations, spanning every ministry and agency.
eas-datagojp-topic-population	https://www.data.go.jp/data/api/3/action/package_search?q=%E4%BA%BA%E5%8F%A3&rows=100	json:result.results	10	DATA GO JP — population statistics datasets	データカタログサイト DATA GO JP — 「人口」関連データセット	eastasia_data	opendata	ja	jpn,opendata,national,population	43200	Japanese national open data catalogue slice for population statistics, spanning every ministry and agency.
eas-datagojp-topic-tourism	https://www.data.go.jp/data/api/3/action/package_search?q=%E8%A6%B3%E5%85%89&rows=100	json:result.results	10	DATA GO JP — tourism datasets	データカタログサイト DATA GO JP — 「観光」関連データセット	eastasia_data	opendata	ja	jpn,opendata,national,tourism	64800	Japanese national open data catalogue slice for tourism, spanning every ministry and agency.
eas-datagojp-topic-earthquake	https://www.data.go.jp/data/api/3/action/package_search?q=%E5%9C%B0%E9%9C%87&rows=100	json:result.results	10	DATA GO JP — earthquakes datasets	データカタログサイト DATA GO JP — 「地震」関連データセット	eastasia_data	opendata	ja	jpn,opendata,national,earthquake	86400	Japanese national open data catalogue slice for earthquakes, spanning every ministry and agency.
eas-datagojp-topic-landslide	https://www.data.go.jp/data/api/3/action/package_search?q=%E5%9C%9F%E7%A0%82%E7%81%BD%E5%AE%B3&rows=100	json:result.results	10	DATA GO JP — landslide hazard datasets	データカタログサイト DATA GO JP — 「土砂災害」関連データセット	eastasia_data	opendata	ja	jpn,opendata,national,landslide	43200	Japanese national open data catalogue slice for landslide hazard, spanning every ministry and agency.
eas-datagojp-topic-disaster-prevention	https://www.data.go.jp/data/api/3/action/package_search?q=%E9%98%B2%E7%81%BD&rows=100	json:result.results	10	DATA GO JP — disaster prevention datasets	データカタログサイト DATA GO JP — 「防災」関連データセット	eastasia_data	opendata	ja	jpn,opendata,national,disaster-prevention	64800	Japanese national open data catalogue slice for disaster prevention, spanning every ministry and agency.
eas-datagojp-topic-schools	https://www.data.go.jp/data/api/3/action/package_search?q=%E5%AD%A6%E6%A0%A1&rows=100	json:result.results	10	DATA GO JP — schools datasets	データカタログサイト DATA GO JP — 「学校」関連データセット	eastasia_data	opendata	ja	jpn,opendata,national,schools	86400	Japanese national open data catalogue slice for schools, spanning every ministry and agency.
eas-datagojp-topic-medical	https://www.data.go.jp/data/api/3/action/package_search?q=%E5%8C%BB%E7%99%82&rows=100	json:result.results	10	DATA GO JP — medical facilities datasets	データカタログサイト DATA GO JP — 「医療」関連データセット	eastasia_data	opendata	ja	jpn,opendata,national,medical	43200	Japanese national open data catalogue slice for medical facilities, spanning every ministry and agency.
eas-datagojp-topic-public-facilities	https://www.data.go.jp/data/api/3/action/package_search?q=%E5%85%AC%E5%85%B1%E6%96%BD%E8%A8%AD&rows=100	json:result.results	10	DATA GO JP — public facilities datasets	データカタログサイト DATA GO JP — 「公共施設」関連データセット	eastasia_data	opendata	ja	jpn,opendata,national,public-facilities	64800	Japanese national open data catalogue slice for public facilities, spanning every ministry and agency.
eas-datagojp-topic-bus	https://www.data.go.jp/data/api/3/action/package_search?q=%E3%83%90%E3%82%B9&rows=100	json:result.results	10	DATA GO JP — bus services datasets	データカタログサイト DATA GO JP — 「バス」関連データセット	eastasia_data	opendata	ja	jpn,opendata,national,bus	86400	Japanese national open data catalogue slice for bus services, spanning every ministry and agency.
eas-datagojp-topic-roads	https://www.data.go.jp/data/api/3/action/package_search?q=%E9%81%93%E8%B7%AF&rows=100	json:result.results	10	DATA GO JP — roads datasets	データカタログサイト DATA GO JP — 「道路」関連データセット	eastasia_data	opendata	ja	jpn,opendata,national,roads	43200	Japanese national open data catalogue slice for roads, spanning every ministry and agency.
eas-datagojp-topic-fire-service	https://www.data.go.jp/data/api/3/action/package_search?q=%E6%B6%88%E9%98%B2&rows=100	json:result.results	10	DATA GO JP — fire and rescue datasets	データカタログサイト DATA GO JP — 「消防」関連データセット	eastasia_data	opendata	ja	jpn,opendata,national,fire-service	64800	Japanese national open data catalogue slice for fire and rescue, spanning every ministry and agency.
eas-datagojp-recent	https://www.data.go.jp/data/api/3/action/current_package_list_with_resources?limit=100	json:result	10	DATA GO JP — most recently updated datasets with resources	データカタログサイト DATA GO JP — 最近更新されたデータセット	eastasia_data	opendata	ja	jpn,opendata,national,catalog	21600	Newest Japanese national open data records including their file resource URLs and formats.
eas-estat-dashboard-indicator	https://dashboard.e-stat.go.jp/api/1.0/Json/getIndicatorInfo?Lang=JP&IndicatorCode=0201010000000010000	json-object	1	Statistics Dashboard (e-Stat) — indicator metadata	統計ダッシュボード — 指標メタ情報	eastasia_data	economy	ja	jpn,statistics,economy,population	86400	Keyless e-Stat Statistics Dashboard metadata for a headline indicator: definition, source survey and available breakdowns.
eas-estat-dashboard-regions	https://dashboard.e-stat.go.jp/api/1.0/Json/getRegionInfo?Lang=JP&ParentRegionCode=00000	json-object	1	Statistics Dashboard (e-Stat) — region code hierarchy	統計ダッシュボード — 地域コード一覧	eastasia_data	economy	ja	jpn,statistics,reference,prefecture	86400	Prefecture and region code table used to join e-Stat statistical series to Japanese administrative areas.
eas-nict-press	https://www.nict.go.jp/rss/press.rdf	rss	50	NICT — press releases	情報通信研究機構 (NICT) — 報道発表	jp_local	cyber	ja	jpn,research,telecom,cyber	10800	Announcements from Japan's National Institute of Information and Communications Technology, including network security and space weather work.
eas-eri-utokyo-news	https://www.eri.u-tokyo.ac.jp/feed/	rss	10	Earthquake Research Institute, University of Tokyo — news	東京大学地震研究所 — お知らせ	jp_local	hazard	ja	jpn,research,earthquake,volcano	21600	Notices and research output from Japan's principal earthquake and volcano research institute.
eas-nied-news	https://www.bosai.go.jp/rss.xml	rss	10	NIED — news and disaster reports	防災科学技術研究所 (NIED) — お知らせ	jp_local	hazard	ja	jpn,research,disaster,earthquake	10800	National Research Institute for Earth Science and Disaster Resilience announcements and post-event reports.
eas-kyoto-u-news	https://www.kyoto-u.ac.jp/ja/rss.xml	rss	50	Kyoto University — news	京都大学 — ニュース	jp_local	research	ja	jpn,research,university	21600	Kyoto University research announcements, a common first publication point for Japanese disaster and seismology work.
eas-isct-news	https://www.isct.ac.jp/ja/rss.xml	rss	20	Institute of Science Tokyo — news	東京科学大学 — ニュース	jp_local	research	ja	jpn,research,university	21600	Institute of Science Tokyo (formerly Tokyo Tech and TMDU) research and institutional announcements.
eas-nhk-news-cat1	https://www.nhk.or.jp/rss/news/cat1.xml	rss	6	NHK News — Society	NHKニュース — 社会	jp_local	news	ja	jpn,news,broadcaster	3600	NHK national broadcaster news headlines for the society desk.
eas-nhk-news-cat3	https://www.nhk.or.jp/rss/news/cat3.xml	rss	1	NHK News — Science and culture	NHKニュース — 科学・文化	jp_local	news	ja	jpn,news,broadcaster	3600	NHK national broadcaster news headlines for the science and culture desk.
eas-nhk-news-cat4	https://www.nhk.or.jp/rss/news/cat4.xml	rss	1	NHK News — Politics	NHKニュース — 政治	jp_local	news	ja	jpn,news,broadcaster	3600	NHK national broadcaster news headlines for the politics desk.
eas-nhk-news-cat5	https://www.nhk.or.jp/rss/news/cat5.xml	rss	86	NHK News — Business	NHKニュース — 経済	jp_local	news	ja	jpn,news,broadcaster	3600	NHK national broadcaster news headlines for the business desk.
eas-nhk-news-cat6	https://www.nhk.or.jp/rss/news/cat6.xml	rss	6	NHK News — International	NHKニュース — 国際	jp_local	news	ja	jpn,news,broadcaster	3600	NHK national broadcaster news headlines for the international desk.
eas-nhk-news-cat7	https://www.nhk.or.jp/rss/news/cat7.xml	rss	6	NHK News — Sport	NHKニュース — スポーツ	jp_local	news	ja	jpn,news,broadcaster	3600	NHK national broadcaster news headlines for the sport desk.
eas-nhk-news-cat0	https://www.nhk.or.jp/rss/news/cat0.xml	rss	7	NHK News — main headlines	NHKニュース — 主要ニュース	jp_local	news	ja	jpn,news,broadcaster	3600	NHK top national headlines, the fastest official Japanese wire for major incidents.
eas-jpnews-asahi	https://www.asahi.com/rss/asahi/newsheadlines.rdf	rss	40	The Asahi Shimbun — headlines	朝日新聞 — ニュース見出し	jp_local	news	ja	jpn,news,media	3600	Headline feed from one of Japan's largest national dailies.
eas-jpnews-jiji	https://www.jiji.com/rss/ranking.rdf	rss	10	Jiji Press — top stories	時事通信 — ニュース	jp_local	news	ja	jpn,news,media	3600	Japanese wire service headlines covering politics, economy and incidents.
eas-jpnews-kyodo	https://www.kyodo.co.jp/feed/	rss	10	Kyodo News — corporate and wire news	共同通信社 — ニュース	jp_local	news	ja	jpn,news,media	3600	Kyodo News feed; Kyodo supplies most Japanese regional newspapers.
eas-jpnews-itmedia	https://rss.itmedia.co.jp/rss/2.0/news_bursts.xml	rss	50	ITmedia NEWS — technology headlines	ITmedia NEWS — テクノロジー	jp_local	news	ja	jpn,news,media	3600	Japanese technology and IT-incident reporting, useful for cyber and outage tracking.
eas-jpnews-impress	https://www.watch.impress.co.jp/data/rss/1.0/ipw/feed.rdf	rss	20	Impress Watch — technology headlines	インプレス Watch — テクノロジー	jp_local	news	ja	jpn,news,media	3600	Japanese technology trade press headlines.
eas-jpnews-jetro	https://www.jetro.go.jp/rss/biznews.xml	rss	40	JETRO — international business news	日本貿易振興機構 (ジェトロ) — ビジネス短信	jp_local	news	ja	jpn,news,media	3600	JETRO business briefs on trade, sanctions and overseas market conditions affecting Japanese firms.
eas-kma-forecast-2600	https://www.weather.go.kr/w/rss/dfs/hr1-forecast.do?zone=2600000000	rss	1	Korea Meteorological Administration — hourly forecast, Busan	韓国気象庁 — 釜山広域市 短期予報	korea_gov	weather	ko	kor,weather,forecast,province	1800	KMA short-range hourly forecast (sky, temperature, precipitation, wind) for Busan.
eas-kma-forecast-2700	https://www.weather.go.kr/w/rss/dfs/hr1-forecast.do?zone=2700000000	rss	1	Korea Meteorological Administration — hourly forecast, Daegu	韓国気象庁 — 大邱広域市 短期予報	korea_gov	weather	ko	kor,weather,forecast,province	3600	KMA short-range hourly forecast (sky, temperature, precipitation, wind) for Daegu.
eas-kma-forecast-2800	https://www.weather.go.kr/w/rss/dfs/hr1-forecast.do?zone=2800000000	rss	1	Korea Meteorological Administration — hourly forecast, Incheon	韓国気象庁 — 仁川広域市 短期予報	korea_gov	weather	ko	kor,weather,forecast,province	5400	KMA short-range hourly forecast (sky, temperature, precipitation, wind) for Incheon.
eas-kma-forecast-2900	https://www.weather.go.kr/w/rss/dfs/hr1-forecast.do?zone=2900000000	rss	1	Korea Meteorological Administration — hourly forecast, Gwangju	韓国気象庁 — 光州広域市 短期予報	korea_gov	weather	ko	kor,weather,forecast,province	1800	KMA short-range hourly forecast (sky, temperature, precipitation, wind) for Gwangju.
eas-kma-forecast-3000	https://www.weather.go.kr/w/rss/dfs/hr1-forecast.do?zone=3000000000	rss	1	Korea Meteorological Administration — hourly forecast, Daejeon	韓国気象庁 — 大田広域市 短期予報	korea_gov	weather	ko	kor,weather,forecast,province	3600	KMA short-range hourly forecast (sky, temperature, precipitation, wind) for Daejeon.
eas-kma-forecast-3100	https://www.weather.go.kr/w/rss/dfs/hr1-forecast.do?zone=3100000000	rss	1	Korea Meteorological Administration — hourly forecast, Ulsan	韓国気象庁 — 蔚山広域市 短期予報	korea_gov	weather	ko	kor,weather,forecast,province	5400	KMA short-range hourly forecast (sky, temperature, precipitation, wind) for Ulsan.
eas-kma-forecast-3600	https://www.weather.go.kr/w/rss/dfs/hr1-forecast.do?zone=3600000000	rss	1	Korea Meteorological Administration — hourly forecast, Sejong	韓国気象庁 — 世宗特別自治市 短期予報	korea_gov	weather	ko	kor,weather,forecast,province	1800	KMA short-range hourly forecast (sky, temperature, precipitation, wind) for Sejong.
eas-kma-forecast-4100	https://www.weather.go.kr/w/rss/dfs/hr1-forecast.do?zone=4100000000	rss	1	Korea Meteorological Administration — hourly forecast, Gyeonggi Province	韓国気象庁 — 京畿道 短期予報	korea_gov	weather	ko	kor,weather,forecast,province	3600	KMA short-range hourly forecast (sky, temperature, precipitation, wind) for Gyeonggi Province.
eas-kma-forecast-4300	https://www.weather.go.kr/w/rss/dfs/hr1-forecast.do?zone=4300000000	rss	1	Korea Meteorological Administration — hourly forecast, North Chungcheong Province	韓国気象庁 — 忠清北道 短期予報	korea_gov	weather	ko	kor,weather,forecast,province	5400	KMA short-range hourly forecast (sky, temperature, precipitation, wind) for North Chungcheong Province.
eas-kma-forecast-4400	https://www.weather.go.kr/w/rss/dfs/hr1-forecast.do?zone=4400000000	rss	1	Korea Meteorological Administration — hourly forecast, South Chungcheong Province	韓国気象庁 — 忠清南道 短期予報	korea_gov	weather	ko	kor,weather,forecast,province	1800	KMA short-range hourly forecast (sky, temperature, precipitation, wind) for South Chungcheong Province.
eas-kma-forecast-4500	https://www.weather.go.kr/w/rss/dfs/hr1-forecast.do?zone=4500000000	rss	1	Korea Meteorological Administration — hourly forecast, North Jeolla Province	韓国気象庁 — 全羅北道 短期予報	korea_gov	weather	ko	kor,weather,forecast,province	3600	KMA short-range hourly forecast (sky, temperature, precipitation, wind) for North Jeolla Province.
eas-kma-forecast-4600	https://www.weather.go.kr/w/rss/dfs/hr1-forecast.do?zone=4600000000	rss	1	Korea Meteorological Administration — hourly forecast, South Jeolla Province	韓国気象庁 — 全羅南道 短期予報	korea_gov	weather	ko	kor,weather,forecast,province	5400	KMA short-range hourly forecast (sky, temperature, precipitation, wind) for South Jeolla Province.
eas-kma-forecast-4700	https://www.weather.go.kr/w/rss/dfs/hr1-forecast.do?zone=4700000000	rss	1	Korea Meteorological Administration — hourly forecast, North Gyeongsang Province	韓国気象庁 — 慶尚北道 短期予報	korea_gov	weather	ko	kor,weather,forecast,province	1800	KMA short-range hourly forecast (sky, temperature, precipitation, wind) for North Gyeongsang Province.
eas-kma-forecast-4800	https://www.weather.go.kr/w/rss/dfs/hr1-forecast.do?zone=4800000000	rss	1	Korea Meteorological Administration — hourly forecast, South Gyeongsang Province	韓国気象庁 — 慶尚南道 短期予報	korea_gov	weather	ko	kor,weather,forecast,province	3600	KMA short-range hourly forecast (sky, temperature, precipitation, wind) for South Gyeongsang Province.
eas-kma-forecast-5000	https://www.weather.go.kr/w/rss/dfs/hr1-forecast.do?zone=5000000000	rss	1	Korea Meteorological Administration — hourly forecast, Jeju Province	韓国気象庁 — 済州特別自治道 短期予報	korea_gov	weather	ko	kor,weather,forecast,province	5400	KMA short-range hourly forecast (sky, temperature, precipitation, wind) for Jeju Province.
eas-kma-forecast-5100	https://www.weather.go.kr/w/rss/dfs/hr1-forecast.do?zone=5100000000	rss	1	Korea Meteorological Administration — hourly forecast, Gangwon Province	韓国気象庁 — 江原特別自治道 短期予報	korea_gov	weather	ko	kor,weather,forecast,province	1800	KMA short-range hourly forecast (sky, temperature, precipitation, wind) for Gangwon Province.
eas-krnews-yonhap-politics	https://www.yna.co.kr/rss/politics.xml	rss	120	Yonhap News — politics	聯合ニュース — 政治	korea_gov	news	ko	kor,news,media	3600	South Korean press coverage of politics.
eas-krnews-yonhap-economy	https://www.yna.co.kr/rss/economy.xml	rss	120	Yonhap News — economy	聯合ニュース — 経済	korea_gov	news	ko	kor,news,media	3600	South Korean press coverage of the economy.
eas-krnews-yonhap-industry	https://www.yna.co.kr/rss/industry.xml	rss	120	Yonhap News — industry	聯合ニュース — 産業	korea_gov	news	ko	kor,news,media	3600	South Korean press coverage of industry and corporates.
eas-krnews-yonhap-society	https://www.yna.co.kr/rss/society.xml	rss	120	Yonhap News — society	聯合ニュース — 社会	korea_gov	news	ko	kor,news,media	3600	South Korean press coverage of society and incidents.
eas-krnews-yonhap-local	https://www.yna.co.kr/rss/local.xml	rss	120	Yonhap News — regional	聯合ニュース — 地方	korea_gov	news	ko	kor,news,media	3600	South Korean press coverage of the provinces outside Seoul.
eas-krnews-yonhap-international	https://www.yna.co.kr/rss/international.xml	rss	120	Yonhap News — international	聯合ニュース — 国際	korea_gov	news	ko	kor,news,media	3600	South Korean press coverage of international affairs.
eas-krnews-yonhap-northkorea	https://www.yna.co.kr/rss/northkorea.xml	rss	56	Yonhap News — North Korea	聯合ニュース — 北朝鮮	korea_gov	news	ko	kor,news,media	3600	South Korean press coverage of North Korea.
eas-krnews-yonhap-health	https://www.yna.co.kr/rss/health.xml	rss	120	Yonhap News — health	聯合ニュース — 医療・健康	korea_gov	news	ko	kor,news,media	3600	South Korean press coverage of health and disease.
eas-krnews-khan-all	https://www.khan.co.kr/rss/rssdata/total_news.xml	rss	50	The Kyunghyang Shinmun — all news	京郷新聞 — 総合	korea_gov	news	ko	kor,news,media	3600	South Korean press coverage of all desks.
eas-krnews-khan-politics	https://www.khan.co.kr/rss/rssdata/politic_news.xml	rss	50	The Kyunghyang Shinmun — politics	京郷新聞 — 政治	korea_gov	news	ko	kor,news,media	3600	South Korean press coverage of politics.
eas-krnews-khan-economy	https://www.khan.co.kr/rss/rssdata/economy_news.xml	rss	50	The Kyunghyang Shinmun — economy	京郷新聞 — 経済	korea_gov	news	ko	kor,news,media	3600	South Korean press coverage of the economy.
eas-krnews-khan-society	https://www.khan.co.kr/rss/rssdata/society_news.xml	rss	50	The Kyunghyang Shinmun — society	京郷新聞 — 社会	korea_gov	news	ko	kor,news,media	3600	South Korean press coverage of society.
eas-krnews-donga-all	https://rss.donga.com/total.xml	rss	50	The Dong-A Ilbo — all news	東亜日報 — 総合	korea_gov	news	ko	kor,news,media	3600	South Korean press coverage of all desks.
eas-krnews-donga-politics	https://rss.donga.com/politics.xml	rss	50	The Dong-A Ilbo — politics	東亜日報 — 政治	korea_gov	news	ko	kor,news,media	3600	South Korean press coverage of politics.
eas-krnews-donga-economy	https://rss.donga.com/economy.xml	rss	50	The Dong-A Ilbo — economy	東亜日報 — 経済	korea_gov	news	ko	kor,news,media	3600	South Korean press coverage of the economy.
eas-krnews-donga-national	https://rss.donga.com/national.xml	rss	50	The Dong-A Ilbo — national	東亜日報 — 社会	korea_gov	news	ko	kor,news,media	3600	South Korean press coverage of domestic news.
eas-krnews-donga-international	https://rss.donga.com/international.xml	rss	50	The Dong-A Ilbo — international	東亜日報 — 国際	korea_gov	news	ko	kor,news,media	3600	South Korean press coverage of international affairs.
eas-krnews-mk-economy	https://www.mk.co.kr/rss/30000001/	rss	50	Maeil Business Newspaper — economy	毎日経済新聞 — 経済	korea_gov	news	ko	kor,news,media	3600	South Korean press coverage of the economy.
eas-krnews-mk-society	https://www.mk.co.kr/rss/50400012/	rss	50	Maeil Business Newspaper — society	毎日経済新聞 — 社会	korea_gov	news	ko	kor,news,media	3600	South Korean press coverage of society.
eas-krnews-mk-world	https://www.mk.co.kr/rss/30100041/	rss	50	Maeil Business Newspaper — world	毎日経済新聞 — 国際	korea_gov	news	ko	kor,news,media	3600	South Korean press coverage of international affairs.
eas-krnews-mk-politics	https://www.mk.co.kr/rss/40300001/	rss	50	Maeil Business Newspaper — politics	毎日経済新聞 — 政治	korea_gov	news	ko	kor,news,media	3600	South Korean press coverage of politics.
eas-krnews-sbs-news	https://news.sbs.co.kr/news/SectionRssFeed.do?sectionId=01	rss	29	SBS News — politics desk	SBSニュース — 政治	korea_gov	news	ko	kor,news,media	3600	South Korean press coverage of politics, from a major Korean broadcaster.
eas-krnews-yonhap-main	https://www.yna.co.kr/rss/news.xml	rss	120	Yonhap News — main wire	聯合ニュース — 総合	korea_gov	news	ko	kor,news,wire	3600	Main wire of South Korea's national news agency, the fastest official-adjacent Korean source.
eas-korea-kr-policy	https://www.korea.kr/rss/policy_all.xml	rss	50	Korea.kr — government policy briefings	大韓民国政策ブリーフィング — 政策ニュース	korea_gov	gazette	ko	kor,government,policy,press	3600	Official South Korean government policy briefings and ministry press releases aggregated by the Korean Culture and Information Service.
eas-krnews-boannews	https://www.boannews.com/media/news_rss.xml	rss	10	Boannews — Korean security and breach reporting	ボアンニュース — 韓国セキュリティ報道	korea_gov	cyber	ko	kor,cyber,security,breach	3600	Korean-language trade press on breaches, malware campaigns and KISA advisories affecting South Korean targets.
eas-twse-stock-day-all	https://openapi.twse.com.tw/v1/exchangeReport/STOCK_DAY_ALL	json-array	1377	Taiwan Stock Exchange — daily closing quotes for every listed stock	台湾証券取引所 — 全上場銘柄の日次終値	taiwan_gov	economy	zh	twn,economy,markets,finance	21600	Keyless TWSE open data: daily closing quotes for every listed stock.
eas-twse-per-pbr-yield	https://openapi.twse.com.tw/v1/exchangeReport/BWIBBU_ALL	json-array	1082	Taiwan Stock Exchange — per-share P/E, P/B and dividend yield for every listed stock	台湾証券取引所 — 全上場銘柄のPER・PBR・利回り	taiwan_gov	economy	zh	twn,economy,markets,finance	21600	Keyless TWSE open data: per-share P/E, P/B and dividend yield for every listed stock.
eas-twse-market-index	https://openapi.twse.com.tw/v1/exchangeReport/MI_INDEX	json-array	267	Taiwan Stock Exchange — headline market indices and turnover	台湾証券取引所 — 主要株価指数と売買代金	taiwan_gov	economy	zh	twn,economy,markets,finance	21600	Keyless TWSE open data: headline market indices and turnover.
eas-twse-market-summary	https://openapi.twse.com.tw/v1/exchangeReport/FMTQIK	json-array	5	Taiwan Stock Exchange — market-wide trading value, volume and index summary	台湾証券取引所 — 市場全体の売買高・売買代金	taiwan_gov	economy	zh	twn,economy,markets,finance	21600	Keyless TWSE open data: market-wide trading value, volume and index summary.
eas-twse-company-profiles	https://openapi.twse.com.tw/v1/opendata/t187ap03_L	json-array	1093	Taiwan Stock Exchange — company profile registry for listed issuers	台湾証券取引所 — 上場企業の基本情報	taiwan_gov	economy	zh	twn,economy,markets,finance	86400	Keyless TWSE open data: company profile registry for listed issuers.
eas-twse-company-capital	https://openapi.twse.com.tw/v1/opendata/t187ap02_L	json-array	1015	Taiwan Stock Exchange — share capital and issuance details for listed issuers	台湾証券取引所 — 上場企業の資本金・発行株式	taiwan_gov	economy	zh	twn,economy,markets,finance	86400	Keyless TWSE open data: share capital and issuance details for listed issuers.
eas-twse-company-financials	https://openapi.twse.com.tw/v1/opendata/t187ap05_L	json-array	1082	Taiwan Stock Exchange — key financial figures reported by listed issuers	台湾証券取引所 — 上場企業の主要財務数値	taiwan_gov	economy	zh	twn,economy,markets,finance	86400	Keyless TWSE open data: key financial figures reported by listed issuers.
eas-twse-company-directors	https://openapi.twse.com.tw/v1/opendata/t187ap04_L	json-array	6	Taiwan Stock Exchange — board and supervisor holdings of listed issuers	台湾証券取引所 — 上場企業の役員持株	taiwan_gov	economy	zh	twn,economy,markets,finance	86400	Keyless TWSE open data: board and supervisor holdings of listed issuers.
eas-twse-notices	https://openapi.twse.com.tw/v1/announcement/notice	json-array	1	Taiwan Stock Exchange — exchange notices to the market	台湾証券取引所 — 証券取引所の公告	taiwan_gov	economy	zh	twn,economy,markets,finance	21600	Keyless TWSE open data: exchange notices to the market.
eas-twse-sanctions	https://openapi.twse.com.tw/v1/announcement/punish	json-array	20	Taiwan Stock Exchange — disciplinary actions taken against brokers and issuers	台湾証券取引所 — 違反に対する処分一覧	taiwan_gov	economy	zh	twn,economy,markets,finance	43200	Keyless TWSE open data: disciplinary actions taken against brokers and issuers.
eas-twse-block-trades	https://openapi.twse.com.tw/v1/exchangeReport/TWT48U_ALL	json-array	117	Taiwan Stock Exchange — block and odd-lot trade reports	台湾証券取引所 — 大口・端株取引の報告	taiwan_gov	economy	zh	twn,economy,markets,finance	21600	Keyless TWSE open data: block and odd-lot trade reports.
eas-twse-securities-lending	https://openapi.twse.com.tw/v1/exchangeReport/TWT53U	json-array	1362	Taiwan Stock Exchange — securities borrowing and lending balances	台湾証券取引所 — 証券貸借残高	taiwan_gov	economy	zh	twn,economy,markets,finance	21600	Keyless TWSE open data: securities borrowing and lending balances.
eas-twse-day-trading	https://openapi.twse.com.tw/v1/exchangeReport/TWT96U	json-array	1232	Taiwan Stock Exchange — day-trading volumes per security	台湾証券取引所 — 日計り取引の銘柄別実績	taiwan_gov	economy	zh	twn,economy,markets,finance	21600	Keyless TWSE open data: day-trading volumes per security.
eas-twse-index-intraday	https://openapi.twse.com.tw/v1/exchangeReport/MI_5MINS_HIST	json-array	5	Taiwan Stock Exchange — intraday index snapshots	台湾証券取引所 — 株価指数の日中推移	taiwan_gov	economy	zh	twn,economy,markets,finance	21600	Keyless TWSE open data: intraday index snapshots.
eas-twse-index-series	https://openapi.twse.com.tw/v1/indicesReport/MFI94U	json-array	5	Taiwan Stock Exchange — index series summary	台湾証券取引所 — 株価指数シリーズの概況	taiwan_gov	economy	zh	twn,economy,markets,finance	43200	Keyless TWSE open data: index series summary.
eas-twse-ipo-domestic	https://openapi.twse.com.tw/v1/company/applylistingLocal	json-array	697	Taiwan Stock Exchange — domestic companies applying to list	台湾証券取引所 — 国内企業の上場申請一覧	taiwan_gov	economy	zh	twn,economy,markets,finance	86400	Keyless TWSE open data: domestic companies applying to list.
eas-twse-ipo-foreign	https://openapi.twse.com.tw/v1/company/applylistingForeign	json-array	124	Taiwan Stock Exchange — foreign companies applying to list	台湾証券取引所 — 外国企業の上場申請一覧	taiwan_gov	economy	zh	twn,economy,markets,finance	86400	Keyless TWSE open data: foreign companies applying to list.
eas-twse-brokers	https://openapi.twse.com.tw/v1/brokerService/brokerList	json-array	64	Taiwan Stock Exchange — registered securities brokers	台湾証券取引所 — 証券会社の登録一覧	taiwan_gov	economy	zh	twn,economy,markets,finance	86400	Keyless TWSE open data: registered securities brokers.
eas-tpex-main-quotes	https://www.tpex.org.tw/openapi/v1/tpex_mainboard_daily_close_quotes	json-array	10276	Taipei Exchange — daily closing quotes for TPEx main board issues	證券櫃檯買賣中心 — 店頭市場の日次終値	taiwan_gov	economy	zh	twn,economy,markets,finance	21600	Keyless Taipei Exchange (over-the-counter market) open data: daily closing quotes for TPEx main board issues.
eas-tpex-emerging-stats	https://www.tpex.org.tw/openapi/v1/tpex_esb_latest_statistics	json-array	361	Taipei Exchange — emerging stock board trading statistics	證券櫃檯買賣中心 — エマージング市場の取引統計	taiwan_gov	economy	zh	twn,economy,markets,finance	43200	Keyless Taipei Exchange (over-the-counter market) open data: emerging stock board trading statistics.
eas-tpex-company-profiles	https://www.tpex.org.tw/openapi/v1/mopsfin_t187ap03_O	json-array	890	Taipei Exchange — company profile registry for TPEx issuers	證券櫃檯買賣中心 — 店頭市場上場企業の基本情報	taiwan_gov	economy	zh	twn,economy,markets,finance	86400	Keyless Taipei Exchange (over-the-counter market) open data: company profile registry for TPEx issuers.
eas-ly-gazettes	https://ly.govapi.tw/v2/gazettes?limit=100	json:gazettes	100	Legislative Yuan (Taiwan) — legislative gazettes	中華民国立法院 — 立法院公報	taiwan_gov	gazette	zh	twn,legislature,gazette,politics	21600	Full text records of Legislative Yuan gazettes.
eas-ly-committees	https://ly.govapi.tw/v2/committees?limit=100	json:committees	18	Legislative Yuan (Taiwan) — standing committees	中華民国立法院 — 委員会一覧	taiwan_gov	gazette	zh	twn,legislature,gazette,politics	43200	Registry of Legislative Yuan standing committees and their remits.
eas-ly-ivods	https://ly.govapi.tw/v2/ivods?limit=100	json:ivods	100	Legislative Yuan (Taiwan) — chamber and committee video records	中華民国立法院 — 議事映像 (IVOD) 記録	taiwan_gov	gazette	zh	twn,legislature,gazette,politics	64800	Index of Legislative Yuan floor and committee video records with speaker and topic metadata.
eas-ly-interpellations	https://ly.govapi.tw/v2/interpellations?limit=100	json:interpellations	100	Legislative Yuan (Taiwan) — interpellations of ministers	中華民国立法院 — 質詢記録	taiwan_gov	gazette	zh	twn,legislature,gazette,politics	21600	Questions put by legislators to the executive, with responses.
eas-ly-meetings	https://ly.govapi.tw/v2/meets?limit=100	json:meets	100	Legislative Yuan (Taiwan) — sittings and committee meetings	中華民国立法院 — 会議記録	taiwan_gov	gazette	zh	twn,legislature,gazette,politics	43200	Legislative Yuan sitting and committee meeting records.
eas-ly-laws	https://ly.govapi.tw/v2/laws?limit=100	json:laws	100	Legislative Yuan (Taiwan) — laws tracked through the chamber	中華民国立法院 — 法律案一覧	taiwan_gov	gazette	zh	twn,legislature,gazette,politics	64800	Laws and amendments tracked through the Legislative Yuan.
eas-ly-legislators	https://ly.govapi.tw/v2/legislators?limit=100	json:legislators	100	Legislative Yuan (Taiwan) — sitting legislators	中華民国立法院 — 立法委員一覧	taiwan_gov	gazette	zh	twn,legislature,politics,registry	86400	Registry of Taiwanese legislators with party, constituency, committee membership and term history.
eas-ly-bills	https://ly.govapi.tw/v2/bills?limit=100	json:bills	100	Legislative Yuan (Taiwan) — bills	中華民国立法院 — 議案一覧	taiwan_gov	gazette	zh	twn,legislature,gazette,politics	21600	Bills before the Legislative Yuan with sponsors, stage and committee referral.
eas-tw-moa-travel-food	https://data.moa.gov.tw/Service/OpenData/ODwsv/ODwsvTravelFood.aspx	json-array	105	Taiwan Ministry of Agriculture — registered farm and food tourism sites	台湾農業部 — 農村体験・食農観光施設一覧	taiwan_gov	opendata	zh	twn,agriculture,tourism,facilities	86400	Geolocated registry of Taiwanese farm-stay and food-tourism operators with addresses and contacts.
eas-cwa-forecast-rss	https://www.cwa.gov.tw/rss/forecast/36_08.xml	rss	2	Central Weather Administration (Taiwan) — 36-hour township forecast feed	台湾中央気象署 — 36時間天気予報フィード	taiwan_gov	weather	zh	twn,weather,forecast	3600	Keyless CWA forecast RSS, the one CWA channel that does not require an Authorization token.
eas-hk-ckan-page2	https://data.gov.hk/en-data/api/3/action/package_search?rows=100&start=100	json:result.results	100	DATA.GOV.HK — dataset catalogue, second page	香港政府データポータル — データセット一覧 (2ページ目)	eastasia_data	opendata	en	hkg,opendata,catalog	43200	Second page of the Hong Kong government open data catalogue with resource URLs and update frequencies.
eas-hk-ckan-page3	https://data.gov.hk/en-data/api/3/action/package_search?rows=100&start=200	json:result.results	83	DATA.GOV.HK — dataset catalogue, third page	香港政府データポータル — データセット一覧 (3ページ目)	eastasia_data	opendata	en	hkg,opendata,catalog	43200	Third page of the Hong Kong government open data catalogue.
eas-hk-ckan-topic-transport	https://data.gov.hk/en-data/api/3/action/package_search?q=transport&rows=100	json:result.results	11	DATA.GOV.HK — transport datasets	香港政府データポータル — 「transport」関連データセット	eastasia_data	opendata	en	hkg,opendata,transport	43200	Hong Kong government open data catalogue slice for transport, with the department, resource URLs and refresh cadence.
eas-hk-ckan-topic-health	https://data.gov.hk/en-data/api/3/action/package_search?q=health&rows=100	json:result.results	13	DATA.GOV.HK — health datasets	香港政府データポータル — 「health」関連データセット	eastasia_data	opendata	en	hkg,opendata,health	64800	Hong Kong government open data catalogue slice for health, with the department, resource URLs and refresh cadence.
eas-hk-ckan-topic-environment	https://data.gov.hk/en-data/api/3/action/package_search?q=environment&rows=100	json:result.results	20	DATA.GOV.HK — the environment datasets	香港政府データポータル — 「the environment」関連データセット	eastasia_data	opendata	en	hkg,opendata,environment	86400	Hong Kong government open data catalogue slice for the environment, with the department, resource URLs and refresh cadence.
eas-hk-ckan-topic-planning	https://data.gov.hk/en-data/api/3/action/package_search?q=planning&rows=100	json:result.results	5	DATA.GOV.HK — town planning datasets	香港政府データポータル — 「town planning」関連データセット	eastasia_data	opendata	en	hkg,opendata,planning	43200	Hong Kong government open data catalogue slice for town planning, with the department, resource URLs and refresh cadence.
eas-hk-ckan-topic-police	https://data.gov.hk/en-data/api/3/action/package_search?q=police&rows=100	json:result.results	2	DATA.GOV.HK — policing datasets	香港政府データポータル — 「policing」関連データセット	eastasia_data	opendata	en	hkg,opendata,police	64800	Hong Kong government open data catalogue slice for policing, with the department, resource URLs and refresh cadence.
eas-hk-ckan-topic-housing	https://data.gov.hk/en-data/api/3/action/package_search?q=housing&rows=100	json:result.results	10	DATA.GOV.HK — housing datasets	香港政府データポータル — 「housing」関連データセット	eastasia_data	opendata	en	hkg,opendata,housing	86400	Hong Kong government open data catalogue slice for housing, with the department, resource URLs and refresh cadence.
eas-hk-ckan-topic-marine	https://data.gov.hk/en-data/api/3/action/package_search?q=marine&rows=100	json:result.results	2	DATA.GOV.HK — marine and port matters datasets	香港政府データポータル — 「marine and port matters」関連データセット	eastasia_data	opendata	en	hkg,opendata,marine	43200	Hong Kong government open data catalogue slice for marine and port matters, with the department, resource URLs and refresh cadence.
eas-hk-ckan-topic-education	https://data.gov.hk/en-data/api/3/action/package_search?q=education&rows=100	json:result.results	25	DATA.GOV.HK — education datasets	香港政府データポータル — 「education」関連データセット	eastasia_data	opendata	en	hkg,opendata,education	64800	Hong Kong government open data catalogue slice for education, with the department, resource URLs and refresh cadence.
eas-hk-ckan-topic-land	https://data.gov.hk/en-data/api/3/action/package_search?q=land&rows=100	json:result.results	6	DATA.GOV.HK — land administration datasets	香港政府データポータル — 「land administration」関連データセット	eastasia_data	opendata	en	hkg,opendata,land	86400	Hong Kong government open data catalogue slice for land administration, with the department, resource URLs and refresh cadence.
eas-hk-ckan-topic-population	https://data.gov.hk/en-data/api/3/action/package_search?q=population&rows=100	json:result.results	9	DATA.GOV.HK — population datasets	香港政府データポータル — 「population」関連データセット	eastasia_data	opendata	en	hkg,opendata,population	43200	Hong Kong government open data catalogue slice for population, with the department, resource URLs and refresh cadence.
eas-hk-ckan-topic-safety	https://data.gov.hk/en-data/api/3/action/package_search?q=safety&rows=100	json:result.results	2	DATA.GOV.HK — public safety datasets	香港政府データポータル — 「public safety」関連データセット	eastasia_data	opendata	en	hkg,opendata,safety	64800	Hong Kong government open data catalogue slice for public safety, with the department, resource URLs and refresh cadence.
eas-hk-ckan-topic-water	https://data.gov.hk/en-data/api/3/action/package_search?q=water&rows=100	json:result.results	9	DATA.GOV.HK — water resources datasets	香港政府データポータル — 「water resources」関連データセット	eastasia_data	opendata	en	hkg,opendata,water	86400	Hong Kong government open data catalogue slice for water resources, with the department, resource URLs and refresh cadence.
eas-hk-ckan-topic-energy	https://data.gov.hk/en-data/api/3/action/package_search?q=energy&rows=100	json:result.results	6	DATA.GOV.HK — energy datasets	香港政府データポータル — 「energy」関連データセット	eastasia_data	opendata	en	hkg,opendata,energy	43200	Hong Kong government open data catalogue slice for energy, with the department, resource URLs and refresh cadence.
eas-hk-hko-flw	https://data.weather.gov.hk/weatherAPI/opendata/weather.php?dataType=flw&lang=en	json-object	1	Hong Kong Observatory — local weather forecast	香港天文台 — 天気予報	eastasia_data	weather	en	hkg,weather,observatory	3600	Current Hong Kong Observatory forecast bulletin including tropical cyclone position and fire danger warning.
eas-hk-hko-warning-detail	https://data.weather.gov.hk/weatherAPI/opendata/weather.php?dataType=warningInfo&lang=en	json:details	1	Hong Kong Observatory — warning details	香港天文台 — 警報詳細	eastasia_data	weather	en	hkg,weather,observatory	900	Detailed text of every Hong Kong weather warning currently in force.
eas-hk-hko-special-tips	https://data.weather.gov.hk/weatherAPI/opendata/weather.php?dataType=swt&lang=en	json:swt	2	Hong Kong Observatory — special weather tips	香港天文台 — 特別天気情報	eastasia_data	weather	en	hkg,weather,observatory	1800	Ad-hoc Hong Kong Observatory advisories issued between scheduled bulletins.
eas-hk-hko-9day-tc	https://data.weather.gov.hk/weatherAPI/opendata/weather.php?dataType=fnd&lang=tc	json:weatherForecast	9	Hong Kong Observatory — nine-day forecast (Traditional Chinese)	香港天文台 — 9日間予報 (繁体字)	eastasia_data	weather	zh	hkg,weather,observatory	10800	Nine-day Hong Kong forecast with temperature, humidity, wind and PSR, in Traditional Chinese.
eas-hk-hko-current-tc	https://data.weather.gov.hk/weatherAPI/opendata/weather.php?dataType=rhrread&lang=tc	json:temperature.data	26	Hong Kong Observatory — current conditions (Traditional Chinese)	香港天文台 — 現在の気象実況 (繁体字)	eastasia_data	weather	zh	hkg,weather,observatory	1800	Per-station Hong Kong temperature, humidity, rainfall and UV readings in Traditional Chinese.
eas-hk-hko-visibility	https://data.weather.gov.hk/weatherAPI/opendata/opendata.php?dataType=LTMV&lang=en&rformat=json	json:data	4	Hong Kong Observatory — 10-minute mean visibility	香港天文台 — 10分間平均視程	eastasia_data	weather	en	hkg,weather,observatory	1800	Ten-minute mean visibility at Hong Kong observing stations.
eas-hk-hko-rss-current	https://rss.weather.gov.hk/rss/CurrentWeather.xml	rss	1	Hong Kong Observatory — current weather report (RSS)	香港天文台 — 現在の天気 (RSS)	eastasia_data	weather	en	hkg,weather,observatory,rss	1800	Hong Kong Observatory current weather report as a plain RSS channel.
eas-hk-hko-rss-warnsum	https://rss.weather.gov.hk/rss/WeatherWarningSummaryv2.xml	rss	1	Hong Kong Observatory — weather warning summary (RSS)	香港天文台 — 気象警報の概況 (RSS)	eastasia_data	weather	en	hkg,weather,observatory,rss	900	Hong Kong Observatory weather warning summary as a plain RSS channel.
eas-hk-hko-rss-warnbul	https://rss.weather.gov.hk/rss/WeatherWarningBulletin.xml	rss	1	Hong Kong Observatory — weather warning bulletin (RSS)	香港天文台 — 気象警報速報 (RSS)	eastasia_data	weather	en	hkg,weather,observatory,rss	900	Hong Kong Observatory weather warning bulletin as a plain RSS channel.
eas-hk-hko-rss-forecast	https://rss.weather.gov.hk/rss/LocalWeatherForecast.xml	rss	1	Hong Kong Observatory — local weather forecast (RSS)	香港天文台 — 天気予報 (RSS)	eastasia_data	weather	en	hkg,weather,observatory,rss	3600	Hong Kong Observatory local weather forecast as a plain RSS channel.
eas-hk-hko-rss-9day	https://rss.weather.gov.hk/rss/SeveralDaysWeatherForecast.xml	rss	1	Hong Kong Observatory — nine-day weather forecast (RSS)	香港天文台 — 9日間予報 (RSS)	eastasia_data	weather	en	hkg,weather,observatory,rss	10800	Hong Kong Observatory nine-day weather forecast as a plain RSS channel.
eas-hk-hko-rss-current-tc	https://rss.weather.gov.hk/rss/CurrentWeather_uc.xml	rss	1	Hong Kong Observatory — current weather report (Traditional Chinese) (RSS)	香港天文台 — 現在の天気 (繁体字) (RSS)	eastasia_data	weather	zh	hkg,weather,observatory,rss	1800	Hong Kong Observatory current weather report (Traditional Chinese) as a plain RSS channel.
eas-hk-hko-rss-forecast-tc	https://rss.weather.gov.hk/rss/LocalWeatherForecast_uc.xml	rss	1	Hong Kong Observatory — local weather forecast (Traditional Chinese) (RSS)	香港天文台 — 天気予報 (繁体字) (RSS)	eastasia_data	weather	zh	hkg,weather,observatory,rss	3600	Hong Kong Observatory local weather forecast (Traditional Chinese) as a plain RSS channel.
eas-hk-hko-rss-warnsum-tc	https://rss.weather.gov.hk/rss/WeatherWarningSummaryv2_uc.xml	rss	1	Hong Kong Observatory — weather warning summary (Traditional Chinese) (RSS)	香港天文台 — 気象警報の概況 (繁体字) (RSS)	eastasia_data	weather	zh	hkg,weather,observatory,rss	900	Hong Kong Observatory weather warning summary (Traditional Chinese) as a plain RSS channel.
eas-hk-hko-rss-warnbul-tc	https://rss.weather.gov.hk/rss/WeatherWarningBulletin_uc.xml	rss	1	Hong Kong Observatory — weather warning bulletin (Traditional Chinese) (RSS)	香港天文台 — 気象警報速報 (繁体字) (RSS)	eastasia_data	weather	zh	hkg,weather,observatory,rss	900	Hong Kong Observatory weather warning bulletin (Traditional Chinese) as a plain RSS channel.
eas-hk-kmb-routes	https://data.etabus.gov.hk/v1/transport/kmb/route/	json:data	1612	Hong Kong Transport — KMB and Long Win Bus — route list	香港交通 — 九龍巴士・龍運巴士 — 路線一覧	eastasia_data	transport	en	hkg,transport,bus,rail	86400	Every KMB/LWB bus route with origin, destination and service type; the key for the ETA endpoints.
eas-hk-kmb-stops	https://data.etabus.gov.hk/v1/transport/kmb/stop	json:data	6753	Hong Kong Transport — KMB and Long Win Bus — stop list with coordinates	香港交通 — 九龍巴士・龍運巴士 — 停留所一覧	eastasia_data	transport	en	hkg,transport,bus,rail	86400	All 6,700+ KMB/LWB bus stops with WGS-84 coordinates and trilingual names.
eas-hk-kmb-route-stops	https://data.etabus.gov.hk/v1/transport/kmb/route-stop	json:data	36231	Hong Kong Transport — KMB and Long Win Bus — route/stop sequences	香港交通 — 九龍巴士・龍運巴士 — 路線別停留所順序	eastasia_data	transport	en	hkg,transport,bus,rail	86400	Ordered stop sequence for every KMB/LWB route direction, the join table for network analysis.
eas-hk-nlb-routes	https://rt.data.gov.hk/v2/transport/nlb/route.php?action=list	json:routes	64	Hong Kong Transport — New Lantao Bus — route list	香港交通 — 新大嶼山巴士 — 路線一覧	eastasia_data	transport	en	hkg,transport,bus,rail	86400	Route list for the Lantau Island bus operator, covering the airport and border corridors.
eas-hk-gmb-routes	https://data.etagmb.gov.hk/route	json-object	1	Hong Kong Transport — Green minibus — route index	香港交通 — 緑ミニバス — 路線索引	eastasia_data	transport	en	hkg,transport,bus,rail	86400	Index of Hong Kong green minibus routes by region.
eas-hk-gmb-routes-hki	https://data.etagmb.gov.hk/route/HKI	json:data.routes	108	Hong Kong Transport — Green minibus — Hong Kong Island routes	香港交通 — 緑ミニバス — 香港島路線	eastasia_data	transport	en	hkg,transport,bus,rail	86400	Green minibus route numbers operating on Hong Kong Island.
eas-hk-gmb-routes-kln	https://data.etagmb.gov.hk/route/KLN	json:data.routes	132	Hong Kong Transport — Green minibus — Kowloon routes	香港交通 — 緑ミニバス — 九龍路線	eastasia_data	transport	en	hkg,transport,bus,rail	86400	Green minibus route numbers operating in Kowloon.
eas-hk-gmb-routes-nt	https://data.etagmb.gov.hk/route/NT	json:data.routes	329	Hong Kong Transport — Green minibus — New Territories routes	香港交通 — 緑ミニバス — 新界路線	eastasia_data	transport	en	hkg,transport,bus,rail	86400	Green minibus route numbers operating in the New Territories.
eas-hk-carpark-vacancy	https://api.data.gov.hk/v1/carpark-info-vacancy?data=vacancy&vehicleTypes=privateCar	json:results	560	Hong Kong Transport — car park vacancy (private cars)	香港交通 — 駐車場空き状況 (乗用車)	eastasia_data	transport	en	hkg,transport,bus,rail	900	Live vacancy counts for Hong Kong public and commercial car parks, geolocated.
eas-hk-carpark-info	https://api.data.gov.hk/v1/carpark-info-vacancy?data=info&vehicleTypes=privateCar	json:results	560	Hong Kong Transport — car park directory	香港交通 — 駐車場一覧	eastasia_data	transport	en	hkg,transport,bus,rail	86400	Directory of Hong Kong car parks with coordinates, opening hours, height limits and tariffs.
eas-hk-carpark-vacancy-lgv	https://api.data.gov.hk/v1/carpark-info-vacancy?data=vacancy&vehicleTypes=LGV	json:results	56	Hong Kong Transport — car park vacancy (light goods vehicles)	香港交通 — 駐車場空き状況 (小型貨物車)	eastasia_data	transport	en	hkg,transport,bus,rail	900	Live vacancy counts for light-goods-vehicle bays in Hong Kong car parks.
eas-hk-mtr-eta-tml	https://rt.data.gov.hk/v1/transport/mtr/getSchedule.php?line=TML&sta=TIS	json-object	1	Hong Kong Transport — MTR Tuen Ma Line — next train times at Tin Sau	香港交通 — 港鉄 屯馬線 — 天水囲駅の次列車	eastasia_data	transport	en	hkg,transport,bus,rail	900	Live next-train arrivals on the MTR Tuen Ma Line, a direct read on rail service disruption.
eas-hk-mtr-eta-ael	https://rt.data.gov.hk/v1/transport/mtr/getSchedule.php?line=AEL&sta=HOK	json-object	1	Hong Kong Transport — MTR Airport Express — next train times at Hong Kong Station	香港交通 — 港鉄 機場快線 — 香港駅の次列車	eastasia_data	transport	en	hkg,transport,bus,rail	900	Live next-train arrivals on the MTR Airport Express between the airport and Central.
eas-hk-gia-english	https://www.info.gov.hk/gia/rss/general_en.xml	rss	100	Hong Kong Government Information Services — press releases (English)	香港特別行政区政府新聞処 — 報道発表 (英語)	eastasia_data	gazette	en	hkg,government,press,gazette	3600	Official Hong Kong government press releases, the primary channel for policy, enforcement and emergency announcements.
eas-hk-gia-chinese	https://www.info.gov.hk/gia/rss/general_zh.xml	rss	100	Hong Kong Government Information Services — press releases (Chinese)	香港特別行政区政府新聞処 — 報道発表 (中国語)	eastasia_data	gazette	zh	hkg,government,press,gazette	3600	Chinese-language edition of the Hong Kong government press release wire.
eas-hk-aqhi-current	https://www.aqhi.gov.hk/epd/ddata/html/out/aqhi_ind_rss_Eng.xml	rss	18	Hong Kong EPD — current Air Quality Health Index by station	香港環境保護署 — 観測局別 大気質健康指数	eastasia_data	environment	en	hkg,environment,air-quality,health	1800	Current AQHI band and health risk category at each Hong Kong general and roadside monitoring station.
eas-hk-legco-bills	http://app.legco.gov.hk/BillsDB/odata/Vbills?$top=100&$format=json	json:value	100	Legislative Council of Hong Kong — bills database	香港立法会 — 法案データベース	eastasia_data	gazette	en	hkg,legislature,gazette,politics	43200	OData feed of bills introduced in the Hong Kong Legislative Council with reading dates and gazettal.
eas-hk-legco-speeches	http://app.legco.gov.hk/OpenData/HansardDB/Speeches?$top=100&$format=json	json:value	100	Legislative Council of Hong Kong — Hansard speeches	香港立法会 — 議事録発言記録	eastasia_data	gazette	en	hkg,legislature,hansard,politics	43200	Speech-level Hansard records from Hong Kong Legislative Council sittings, attributable to individual members.
eas-hk-legco-votes	http://app.legco.gov.hk/vrdb/odata/vVotingResult?$top=100&$format=json	json:value	100	Legislative Council of Hong Kong — voting results	香港立法会 — 投票結果	eastasia_data	gazette	en	hkg,legislature,voting,politics	43200	Recorded division results in the Hong Kong Legislative Council, per member and motion.
sci-erddap-cwcgom-grid	https://cwcgom.aoml.noaa.gov/erddap/griddap/index.json?page=1&itemsPerPage=1000	json:table.rows	56	NOAA CoastWatch Gulf of Mexico — ERDDAP gridded dataset index	NOAA CoastWatch Gulf of Mexico — ERDDAP gridded dataset index	ocean_cryo	environment	en	usa,ocean,erddap,dataset	86400	Machine-readable list of every dataset served by the NOAA CoastWatch Gulf of Mexico ERDDAP node, with dataset id, title and institution — the entry point for its buoy, glider, mooring and satellite time series.
sci-erddap-pifsc-grid	https://oceanwatch.pifsc.noaa.gov/erddap/griddap/index.json?page=1&itemsPerPage=1000	json:table.rows	164	NOAA PIFSC OceanWatch — ERDDAP gridded dataset index	NOAA PIFSC OceanWatch — ERDDAP gridded dataset index	ocean_cryo	environment	en	usa,ocean,erddap,dataset	86400	Machine-readable list of every dataset served by the NOAA PIFSC OceanWatch ERDDAP node, with dataset id, title and institution — the entry point for its buoy, glider, mooring and satellite time series.
sci-erddap-apdrc-grid	https://apdrc.soest.hawaii.edu/erddap/griddap/index.json?page=1&itemsPerPage=1000	json:table.rows	144	APDRC University of Hawaii — ERDDAP gridded dataset index	APDRC University of Hawaii — ERDDAP gridded dataset index	ocean_cryo	environment	en	usa,ocean,erddap,dataset	86400	Machine-readable list of every dataset served by the APDRC University of Hawaii ERDDAP node, with dataset id, title and institution — the entry point for its buoy, glider, mooring and satellite time series.
sci-celestrak-stations	https://celestrak.org/NORAD/elements/gp.php?GROUP=stations&FORMAT=json	json-array	22	CelesTrak — space stations (GP orbital elements)	CelesTrak — space stations (GP orbital elements)	space_sci	space	en	usa,space,satellite,orbit	43200	Current general-perturbations orbital elements in JSON for space stations; gives NORAD id, international designator, epoch and mean elements per object.
sci-celestrak-visual	https://celestrak.org/NORAD/elements/gp.php?GROUP=visual&FORMAT=json	json-array	157	CelesTrak — brightest visible satellites (GP orbital elements)	CelesTrak — brightest visible satellites (GP orbital elements)	space_sci	space	en	usa,space,satellite,orbit	45000	Current general-perturbations orbital elements in JSON for brightest visible satellites; gives NORAD id, international designator, epoch and mean elements per object.
sci-celestrak-last30	https://celestrak.org/NORAD/elements/gp.php?GROUP=last-30-days&FORMAT=json	json-array	270	CelesTrak — objects launched in the last 30 days (GP orbital elements)	CelesTrak — objects launched in the last 30 days (GP orbital elements)	space_sci	space	en	usa,space,satellite,orbit	90000	Current general-perturbations orbital elements in JSON for objects launched in the last 30 days; gives NORAD id, international designator, epoch and mean elements per object.
sci-celestrak-science	https://celestrak.org/NORAD/elements/gp.php?GROUP=science&FORMAT=json	json-array	48	CelesTrak — space and earth science satellites (GP orbital elements)	CelesTrak — space and earth science satellites (GP orbital elements)	space_sci	space	en	usa,space,satellite,orbit	48600	Current general-perturbations orbital elements in JSON for space and earth science satellites; gives NORAD id, international designator, epoch and mean elements per object.
sci-celestrak-engineering	https://celestrak.org/NORAD/elements/gp.php?GROUP=engineering&FORMAT=json	json-array	37	CelesTrak — engineering satellites (GP orbital elements)	CelesTrak — engineering satellites (GP orbital elements)	space_sci	space	en	usa,space,satellite,orbit	50400	Current general-perturbations orbital elements in JSON for engineering satellites; gives NORAD id, international designator, epoch and mean elements per object.
sci-celestrak-military	https://celestrak.org/NORAD/elements/gp.php?GROUP=military&FORMAT=json	json-array	24	CelesTrak — military satellites (GP orbital elements)	CelesTrak — military satellites (GP orbital elements)	space_sci	space	en	usa,space,satellite,orbit	52200	Current general-perturbations orbital elements in JSON for military satellites; gives NORAD id, international designator, epoch and mean elements per object.
sci-celestrak-cubesat	https://celestrak.org/NORAD/elements/gp.php?GROUP=cubesat&FORMAT=json	json-array	86	CelesTrak — CubeSats (GP orbital elements)	CelesTrak — CubeSats (GP orbital elements)	space_sci	space	en	usa,space,satellite,orbit	54000	Current general-perturbations orbital elements in JSON for CubeSats; gives NORAD id, international designator, epoch and mean elements per object.
sci-celestrak-weather	https://celestrak.org/NORAD/elements/gp.php?GROUP=weather&FORMAT=json	json-array	74	CelesTrak — weather satellites (GP orbital elements)	CelesTrak — weather satellites (GP orbital elements)	space_sci	space	en	usa,space,satellite,orbit	43200	Current general-perturbations orbital elements in JSON for weather satellites; gives NORAD id, international designator, epoch and mean elements per object.
sci-celestrak-resource	https://celestrak.org/NORAD/elements/gp.php?GROUP=resource&FORMAT=json	json-array	167	CelesTrak — earth resources satellites (GP orbital elements)	CelesTrak — earth resources satellites (GP orbital elements)	space_sci	space	en	usa,space,satellite,orbit	45000	Current general-perturbations orbital elements in JSON for earth resources satellites; gives NORAD id, international designator, epoch and mean elements per object.
sci-celestrak-sarsat	https://celestrak.org/NORAD/elements/gp.php?GROUP=sarsat&FORMAT=json	json-array	83	CelesTrak — search and rescue (SARSAT) satellites (GP orbital elements)	CelesTrak — search and rescue (SARSAT) satellites (GP orbital elements)	space_sci	space	en	usa,space,satellite,orbit	46800	Current general-perturbations orbital elements in JSON for search and rescue (SARSAT) satellites; gives NORAD id, international designator, epoch and mean elements per object.
sci-celestrak-argos	https://celestrak.org/NORAD/elements/gp.php?GROUP=argos&FORMAT=json	json-array	30	CelesTrak — Argos data collection satellites (GP orbital elements)	CelesTrak — Argos data collection satellites (GP orbital elements)	space_sci	space	en	usa,space,satellite,orbit	48600	Current general-perturbations orbital elements in JSON for Argos data collection satellites; gives NORAD id, international designator, epoch and mean elements per object.
sci-celestrak-planet	https://celestrak.org/NORAD/elements/gp.php?GROUP=planet&FORMAT=json	json-array	123	CelesTrak — Planet Labs constellation (GP orbital elements)	CelesTrak — Planet Labs constellation (GP orbital elements)	space_sci	space	en	usa,space,satellite,orbit	50400	Current general-perturbations orbital elements in JSON for Planet Labs constellation; gives NORAD id, international designator, epoch and mean elements per object.
sci-celestrak-spire	https://celestrak.org/NORAD/elements/gp.php?GROUP=spire&FORMAT=json	json-array	73	CelesTrak — Spire Global constellation (GP orbital elements)	CelesTrak — Spire Global constellation (GP orbital elements)	space_sci	space	en	usa,space,satellite,orbit	52200	Current general-perturbations orbital elements in JSON for Spire Global constellation; gives NORAD id, international designator, epoch and mean elements per object.
sci-celestrak-geo	https://celestrak.org/NORAD/elements/gp.php?GROUP=geo&FORMAT=json	json-array	568	CelesTrak — geostationary satellites (GP orbital elements)	CelesTrak — geostationary satellites (GP orbital elements)	space_sci	space	en	usa,space,satellite,orbit	97200	Current general-perturbations orbital elements in JSON for geostationary satellites; gives NORAD id, international designator, epoch and mean elements per object.
sci-celestrak-intelsat	https://celestrak.org/NORAD/elements/gp.php?GROUP=intelsat&FORMAT=json	json-array	55	CelesTrak — Intelsat fleet (GP orbital elements)	CelesTrak — Intelsat fleet (GP orbital elements)	space_sci	space	en	usa,space,satellite,orbit	43200	Current general-perturbations orbital elements in JSON for Intelsat fleet; gives NORAD id, international designator, epoch and mean elements per object.
sci-celestrak-ses	https://celestrak.org/NORAD/elements/gp.php?GROUP=ses&FORMAT=json	json-array	68	CelesTrak — SES fleet (GP orbital elements)	CelesTrak — SES fleet (GP orbital elements)	space_sci	space	en	usa,space,satellite,orbit	45000	Current general-perturbations orbital elements in JSON for SES fleet; gives NORAD id, international designator, epoch and mean elements per object.
sci-celestrak-iridium-next	https://celestrak.org/NORAD/elements/gp.php?GROUP=iridium-NEXT&FORMAT=json	json-array	80	CelesTrak — Iridium NEXT constellation (GP orbital elements)	CelesTrak — Iridium NEXT constellation (GP orbital elements)	space_sci	space	en	usa,space,satellite,orbit	46800	Current general-perturbations orbital elements in JSON for Iridium NEXT constellation; gives NORAD id, international designator, epoch and mean elements per object.
sci-celestrak-oneweb	https://celestrak.org/NORAD/elements/gp.php?GROUP=oneweb&FORMAT=json	json-array	651	CelesTrak — OneWeb constellation (GP orbital elements)	CelesTrak — OneWeb constellation (GP orbital elements)	space_sci	space	en	usa,space,satellite,orbit	91800	Current general-perturbations orbital elements in JSON for OneWeb constellation; gives NORAD id, international designator, epoch and mean elements per object.
sci-celestrak-orbcomm	https://celestrak.org/NORAD/elements/gp.php?GROUP=orbcomm&FORMAT=json	json-array	14	CelesTrak — Orbcomm constellation (GP orbital elements)	CelesTrak — Orbcomm constellation (GP orbital elements)	space_sci	space	en	usa,space,satellite,orbit	50400	Current general-perturbations orbital elements in JSON for Orbcomm constellation; gives NORAD id, international designator, epoch and mean elements per object.
sci-celestrak-globalstar	https://celestrak.org/NORAD/elements/gp.php?GROUP=globalstar&FORMAT=json	json-array	28	CelesTrak — Globalstar constellation (GP orbital elements)	CelesTrak — Globalstar constellation (GP orbital elements)	space_sci	space	en	usa,space,satellite,orbit	52200	Current general-perturbations orbital elements in JSON for Globalstar constellation; gives NORAD id, international designator, epoch and mean elements per object.
sci-celestrak-amateur	https://celestrak.org/NORAD/elements/gp.php?GROUP=amateur&FORMAT=json	json-array	97	CelesTrak — amateur radio satellites (GP orbital elements)	CelesTrak — amateur radio satellites (GP orbital elements)	space_sci	space	en	usa,space,satellite,orbit	54000	Current general-perturbations orbital elements in JSON for amateur radio satellites; gives NORAD id, international designator, epoch and mean elements per object.
sci-celestrak-gnss	https://celestrak.org/NORAD/elements/gp.php?GROUP=gnss&FORMAT=json	json-array	170	CelesTrak — all GNSS satellites (GP orbital elements)	CelesTrak — all GNSS satellites (GP orbital elements)	space_sci	space	en	usa,space,satellite,orbit	43200	Current general-perturbations orbital elements in JSON for all GNSS satellites; gives NORAD id, international designator, epoch and mean elements per object.
sci-celestrak-gps-ops	https://celestrak.org/NORAD/elements/gp.php?GROUP=gps-ops&FORMAT=json	json-array	32	CelesTrak — operational GPS satellites (GP orbital elements)	CelesTrak — operational GPS satellites (GP orbital elements)	space_sci	space	en	usa,space,satellite,orbit	45000	Current general-perturbations orbital elements in JSON for operational GPS satellites; gives NORAD id, international designator, epoch and mean elements per object.
sci-celestrak-galileo	https://celestrak.org/NORAD/elements/gp.php?GROUP=galileo&FORMAT=json	json-array	32	CelesTrak — Galileo constellation (GP orbital elements)	CelesTrak — Galileo constellation (GP orbital elements)	space_sci	space	en	usa,space,satellite,orbit	46800	Current general-perturbations orbital elements in JSON for Galileo constellation; gives NORAD id, international designator, epoch and mean elements per object.
sci-celestrak-beidou	https://celestrak.org/NORAD/elements/gp.php?GROUP=beidou&FORMAT=json	json-array	53	CelesTrak — BeiDou constellation (GP orbital elements)	CelesTrak — BeiDou constellation (GP orbital elements)	space_sci	space	en	usa,space,satellite,orbit	48600	Current general-perturbations orbital elements in JSON for BeiDou constellation; gives NORAD id, international designator, epoch and mean elements per object.
sci-celestrak-sbas	https://celestrak.org/NORAD/elements/gp.php?GROUP=sbas&FORMAT=json	json-array	21	CelesTrak — satellite-based augmentation systems (GP orbital elements)	CelesTrak — satellite-based augmentation systems (GP orbital elements)	space_sci	space	en	usa,space,satellite,orbit	50400	Current general-perturbations orbital elements in JSON for satellite-based augmentation systems; gives NORAD id, international designator, epoch and mean elements per object.
sci-celestrak-tdrss	https://celestrak.org/NORAD/elements/gp.php?GROUP=tdrss&FORMAT=json	json-array	25	CelesTrak — NASA TDRSS relay satellites (GP orbital elements)	CelesTrak — NASA TDRSS relay satellites (GP orbital elements)	space_sci	space	en	usa,space,satellite,orbit	52200	Current general-perturbations orbital elements in JSON for NASA TDRSS relay satellites; gives NORAD id, international designator, epoch and mean elements per object.
sci-celestrak-fengyun1c	https://celestrak.org/NORAD/elements/gp.php?GROUP=fengyun-1c-debris&FORMAT=json	json-array	1930	CelesTrak — Fengyun-1C breakup debris (GP orbital elements)	CelesTrak — Fengyun-1C breakup debris (GP orbital elements)	space_sci	space	en	usa,space,satellite,orbit	97200	Current general-perturbations orbital elements in JSON for Fengyun-1C breakup debris; gives NORAD id, international designator, epoch and mean elements per object.
sci-celestrak-iridium33	https://celestrak.org/NORAD/elements/gp.php?GROUP=iridium-33-debris&FORMAT=json	json-array	111	CelesTrak — Iridium 33 collision debris (GP orbital elements)	CelesTrak — Iridium 33 collision debris (GP orbital elements)	space_sci	space	en	usa,space,satellite,orbit	43200	Current general-perturbations orbital elements in JSON for Iridium 33 collision debris; gives NORAD id, international designator, epoch and mean elements per object.
sci-celestrak-cosmos2251	https://celestrak.org/NORAD/elements/gp.php?GROUP=cosmos-2251-debris&FORMAT=json	json-array	594	CelesTrak — Cosmos 2251 collision debris (GP orbital elements)	CelesTrak — Cosmos 2251 collision debris (GP orbital elements)	space_sci	space	en	usa,space,satellite,orbit	88200	Current general-perturbations orbital elements in JSON for Cosmos 2251 collision debris; gives NORAD id, international designator, epoch and mean elements per object.
sci-jpl-nhats	https://ssd-api.jpl.nasa.gov/nhats.api	json:data	7013	NASA JPL — human-accessible near-Earth objects (NHATS)	NASA JPL — human-accessible near-Earth objects (NHATS)	space_sci	space	en	usa,space,asteroid,neo	86400	Near-Earth objects assessed as reachable by crewed missions, with delta-v, mission duration and launch windows.
sci-jpl-sentry	https://ssd-api.jpl.nasa.gov/sentry.api	json:data	2177	NASA JPL Sentry — impact risk table	NASA JPL Sentry — impact risk table	space_sci	space	en	usa,space,asteroid,impact	45000	Every asteroid with a non-zero computed Earth impact probability, with Palermo/Torino scale and impact window.
sci-jpl-scout	https://ssd-api.jpl.nasa.gov/scout.api	json:data	66	NASA JPL Scout — newly detected object hazard screening	NASA JPL Scout — newly detected object hazard screening	space_sci	space	en	usa,space,asteroid,neo	7200	Preliminary orbits for objects still on the NEO confirmation page, with impact and close-approach screening.
sci-jpl-sbdb-pha	https://ssd-api.jpl.nasa.gov/sbdb_query.api?fields=full_name,neo,pha,H,diameter,class&sb-group=pha&limit=1000	json:data	1000	NASA JPL SBDB — potentially hazardous asteroids	NASA JPL SBDB — potentially hazardous asteroids	space_sci	space	en	usa,space,asteroid,pha	91800	Small-body database query returning designated potentially hazardous asteroids with absolute magnitude and diameter.
sci-jpl-sbdb-apollo	https://ssd-api.jpl.nasa.gov/sbdb_query.api?fields=full_name,neo,pha,H,class&sb-class=APO&limit=1000	json:data	1000	NASA JPL SBDB — Apollo-class near-Earth asteroids	NASA JPL SBDB — Apollo-class near-Earth asteroids	space_sci	space	en	usa,space,asteroid,neo	93600	Apollo-class Earth-crossing asteroids with orbit class, absolute magnitude and hazard flags.
sci-jpl-cad-wide	https://ssd-api.jpl.nasa.gov/cad.api?dist-max=0.2&body=Earth&limit=500&sort=date	json:data	220	NASA JPL — Earth close approaches within 0.2 au	NASA JPL — Earth close approaches within 0.2 au	space_sci	space	en	usa,space,asteroid,closeapproach	52200	Upcoming and recent Earth close approaches sorted by date, with nominal distance, relative velocity and uncertainty.
sci-ltd-agencies	https://ll.thespacedevs.com/2.2.0/agencies/?limit=100	json:results	100	Launch Library 2 — space agency registry	Launch Library 2 — space agency registry	space_sci	space	en	int,space,agency,registry	90000	Space agencies and launch operators with type, country, founding year and administrator.
sci-macrostrat-lithologies	https://macrostrat.org/api/v2/defs/lithologies?all	json:success.data	214	Macrostrat — lithology dictionary	Macrostrat — lithology dictionary	earthobs	geology	en	int,geology,reference	86400	Controlled lithology vocabulary with class, group and colour used to interpret Macrostrat units.
sci-macrostrat-intervals	https://macrostrat.org/api/v2/defs/intervals?all	json:success.data	1716	Macrostrat — geologic time intervals	Macrostrat — geologic time intervals	earthobs	geology	en	int,geology,timescale,reference	88200	All named geologic intervals with age bounds and timescale membership.
sci-macrostrat-environments	https://macrostrat.org/api/v2/defs/environments?all	json:success.data	87	Macrostrat — depositional environment dictionary	Macrostrat — depositional environment dictionary	earthobs	geology	en	int,geology,reference	90000	Depositional environment classes and hierarchy used to tag Macrostrat stratigraphic units.
sci-macrostrat-econs	https://macrostrat.org/api/v2/defs/econs?all	json:success.data	23	Macrostrat — economic resource classes	Macrostrat — economic resource classes	earthobs	geology	en	int,geology,mining,reference	91800	Economic-resource classification (hydrocarbon, coal, metal, aggregate) attached to Macrostrat units.
sci-macrostrat-minerals	https://macrostrat.org/api/v2/defs/minerals?all	json:success.data	6363	Macrostrat — mineral dictionary	Macrostrat — mineral dictionary	earthobs	geology	en	int,geology,mineral,reference	93600	Mineral records with formula, hardness, crystal system and type locality.
sci-macrostrat-timescales	https://macrostrat.org/api/v2/defs/timescales?all	json:success.data	37	Macrostrat — timescale registry	Macrostrat — timescale registry	earthobs	geology	en	int,geology,timescale,reference	95400	The timescales Macrostrat supports and their source references.
sci-macrostrat-measurements	https://macrostrat.org/api/v2/defs/measurements?all	json:success.data	124	Macrostrat — measurement type dictionary	Macrostrat — measurement type dictionary	earthobs	geology	en	int,geology,geochemistry,reference	97200	Geochemical and petrophysical measurement classes recorded against Macrostrat units.
sci-macrostrat-groups	https://macrostrat.org/api/v2/defs/groups?all	json:success.data	62	Macrostrat — column group registry	Macrostrat — column group registry	earthobs	geology	en	int,geology,reference	86400	Regional groupings of Macrostrat columns, used to slice the column set by basin or province.
sci-pbdb-colls-holocene	https://paleobiodb.org/data1.2/colls/list.json?interval=Holocene&limit=500&show=coords,loc	json:records	500	Paleobiology Database — Holocene fossil collections	Paleobiology Database — Holocene fossil collections	earthobs	geology	en	int,paleontology,fossil,coordinates	86400	Holocene fossil collection records with latitude/longitude, formation, country and collection method.
sci-pbdb-colls-pleistocene	https://paleobiodb.org/data1.2/colls/list.json?interval=Pleistocene&limit=500&show=coords,loc	json:records	500	Paleobiology Database — Pleistocene fossil collections	Paleobiology Database — Pleistocene fossil collections	earthobs	geology	en	int,paleontology,fossil,coordinates	88200	Pleistocene fossil collection records with coordinates, lithology and stratigraphic context.
sci-pbdb-occs-mammalia	https://paleobiodb.org/data1.2/occs/list.json?base_name=Mammalia&interval=Pleistocene&limit=500&show=coords	json:records	500	Paleobiology Database — Pleistocene mammal occurrences	Paleobiology Database — Pleistocene mammal occurrences	earthobs	geology	en	int,paleontology,fossil,coordinates	90000	Georeferenced Pleistocene mammal fossil occurrences with taxon identification and collection linkage.
sci-pbdb-strata	https://paleobiodb.org/data1.2/strata/list.json?lngmin=-180&lngmax=180&latmin=-90&latmax=90&limit=500	json:records	500	Paleobiology Database — global stratigraphic units	Paleobiology Database — global stratigraphic units	earthobs	geology	en	int,paleontology,stratigraphy	91800	Named stratigraphic units worldwide with bounding coordinates and fossil collection counts.
sci-fdsn-resif-event	https://ws.resif.fr/fdsnws/event/1/query?format=json&limit=200&orderby=time	geojson	200	RESIF-EPOS France — FDSN earthquake catalogue (GeoJSON)	RESIF-EPOS France — FDSN earthquake catalogue (GeoJSON)	earthobs	hazard	en	fra,earthquake,seismic,fdsn,geojson	1800	French national seismic network FDSN event service returning the most recent located events as GeoJSON points.
sci-fdsn-datacenters	https://www.fdsn.org/ws/datacenters/1/query	json:datacenters	32	FDSN — registry of seismic data centres	FDSN — registry of seismic data centres	earthobs	seismic	en	int,seismic,registry,fdsn	86400	Authoritative list of every FDSN-registered seismological data centre and the web services each one exposes.
sci-fdsn-networks	https://www.fdsn.org/ws/networks/1/query	json:networks	2835	FDSN — registry of seismic networks	FDSN — registry of seismic networks	earthobs	seismic	en	int,seismic,registry,fdsn	88200	Every registered seismic network code worldwide with operator, DOI and operating period — the lookup table behind station metadata.
sci-usgs-geomag-obs	https://geomag.usgs.gov/ws/observatories/	geojson	40	USGS Geomagnetism Program — observatory network (GeoJSON)	USGS Geomagnetism Program — observatory network (GeoJSON)	space_sci	space	en	usa,geomagnetism,observatory,geojson	86400	Point geometry and metadata for every USGS magnetic observatory feeding the real-time geomagnetic data service.
sci-volcano-gvp-e3-eruptions	https://webservices.volcano.si.edu/geoserver/GVP-VOTW/ows?service=WFS&version=2.0.0&request=GetFeature&typeName=GVP-VOTW:E3WebApp_Eruptions1960&outputFormat=application/json&count=1000	geojson	1000	Smithsonian GVP — eruptions since 1960 (WFS GeoJSON)	Smithsonian GVP — eruptions since 1960 (WFS GeoJSON)	earthobs	hazard	en	int,volcano,eruption,geojson	86400	Every volcanic eruption recorded since 1960 as point features with VEI, start/stop dates and volcano number.
sci-volcano-eonet-open	https://eonet.gsfc.nasa.gov/api/v3/events/geojson?status=open&limit=200	geojson	264	NASA EONET — all open natural-event footprints	NASA EONET — all open natural-event footprints	earthobs	hazard	en	int,hazard,wildfire,volcano,geojson	3600	Currently open EONET events (fires, storms, volcanoes, icebergs) as GeoJSON with per-event coordinates and source links.
sci-volcano-eonet-sources	https://eonet.gsfc.nasa.gov/api/v3/sources	json:sources	33	NASA EONET — event source registry	NASA EONET — event source registry	earthobs	hazard	en	int,hazard,registry	88200	The agencies EONET ingests from, with their identifiers and links — needed to attribute any EONET event.
sci-tsunami-ngdc-sources	https://www.ngdc.noaa.gov/hazel/hazard-service/api/v1/tsunamis/events?minYear=1900&maxYear=2000	json:items	200	NOAA NCEI — historical tsunami events (20th century)	NOAA NCEI — historical tsunami events (20th century)	ocean_cryo	hazard	en	int,tsunami,hazard,history	86400	Curated historical tsunami event records with source location, cause, magnitude and maximum water height.
sci-aq-sensorcommunity-dust	https://data.sensor.community/static/v2/data.dust.min.json	json-array	9677	Sensor.Community — global particulate sensor readings	Sensor.Community — global particulate sensor readings	climate_air	environment	en	int,airquality,pm25,sensor	1800	Latest PM1/PM2.5/PM10 values from the global citizen particulate network, each record carrying sensor coordinates.
sci-aq-sensorcommunity-temp	https://data.sensor.community/static/v2/data.temp.min.json	json-array	7884	Sensor.Community — global temperature/humidity sensors	Sensor.Community — global temperature/humidity sensors	climate_air	environment	en	int,airquality,weather,sensor	3600	Latest temperature, humidity and pressure readings from the citizen sensor network with per-sensor coordinates.
sci-aq-irceline-timeseries	https://geo.irceline.be/sos/api/v1/timeseries	json-array	679	IRCELINE Belgium — air quality time series index	IRCELINE Belgium — air quality time series index	climate_air	environment	en	bel,airquality,station	21600	Every measured air-quality time series in Belgium with station coordinates, pollutant and measuring procedure.
sci-hydro-existenz-hydro	https://api.existenz.ch/apiv1/hydro/latest	json:payload	525	Existenz Switzerland — latest river and lake readings	Existenz Switzerland — latest river and lake readings	ocean_cryo	hydrology	de	che,hydrology,river,gauge	1800	Latest discharge, level and water temperature from Swiss federal hydrological stations, one record per station.
sci-hydro-existenz-smn	https://api.existenz.ch/apiv1/smn/latest	json:payload	1747	Existenz Switzerland — latest SwissMetNet observations	Existenz Switzerland — latest SwissMetNet observations	climate_air	environment	de	che,weather,station,observation	3600	Latest MeteoSwiss automatic station readings (temperature, precipitation, wind, pressure) per station code.
sci-hydro-smhi-hydroobs	https://opendata-download-hydroobs.smhi.se/api/version/1.0.json	json:resource	10	SMHI Sweden — hydrological observations API index	SMHI Sweden — hydrological observations API index	ocean_cryo	hydrology	sv	swe,hydrology,river,api	86400	Entry point listing the parameters and resources of the Swedish hydrological observation service.
sci-hydro-smhi-ocobs	https://opendata-download-ocobs.smhi.se/api/version/latest.json	json:resource	15	SMHI Sweden — oceanographic observations API index	SMHI Sweden — oceanographic observations API index	ocean_cryo	environment	sv	swe,ocean,sealevel,api	86400	Entry point listing sea level, water temperature and salinity resources served by SMHI's oceanographic API.
sci-hydro-pegelonline-waters	https://www.pegelonline.wsv.de/webservices/rest-api/v2/stations.json	json-array	787	WSV PEGELONLINE — gauge station list	WSV PEGELONLINE — gauge station list	ocean_cryo	hydrology	de	deu,hydrology,river,gauge	21600	Every German federal waterway gauge with coordinates, water body, river kilometre and gauge zero.
sci-cryo-geus-dataverse	https://dataverse.geus.dk/api/search?q=*&type=dataset&per_page=100	json:data.items	100	GEUS Dataverse — Greenland and glaciology datasets	GEUS Dataverse — Greenland and glaciology datasets	ocean_cryo	science	en	dnk,glacier,greenland,dataset	86400	Dataset records from the Danish/Greenland geological survey repository, including PROMICE ice-sheet monitoring data.
sci-space-hapi-cdaweb	https://cdaweb.gsfc.nasa.gov/hapi/catalog	json:catalog	3615	NASA CDAWeb — HAPI catalogue of heliophysics datasets	NASA CDAWeb — HAPI catalogue of heliophysics datasets	space_sci	space	en	usa,space,heliophysics,hapi	86400	Every time-series dataset served by CDAWeb over the HAPI protocol — the index for solar wind and magnetospheric data.
sci-space-hapi-amda	https://amda.irap.omp.eu/service/hapi/catalog	json:catalog	1067	CNRS AMDA — HAPI catalogue	CNRS AMDA — HAPI catalogue	space_sci	space	en	fra,space,heliophysics,hapi	86400	AMDA's plasma and field time series catalogue over HAPI, covering many European and international missions.
sci-space-hapi-lisird	https://lasp.colorado.edu/lisird/hapi/catalog	json:catalog	29	LASP LISIRD — HAPI catalogue of solar irradiance datasets	LASP LISIRD — HAPI catalogue of solar irradiance datasets	space_sci	space	en	usa,space,solar,irradiance,hapi	86400	Solar spectral and total irradiance time series available from LASP over HAPI.
sci-space-hapi-iswa	https://iswa.gsfc.nasa.gov/IswaSystemWebApp/hapi/catalog	json:catalog	319	NASA ISWA — HAPI catalogue of space weather datasets	NASA ISWA — HAPI catalogue of space weather datasets	space_sci	space	en	usa,space,spaceweather,hapi	86400	Integrated Space Weather Analysis system datasets over HAPI, including model output and observed indices.
sci-space-nasa-images	https://images-api.nasa.gov/search?q=earth%20observation&media_type=image	json:collection.items	100	NASA Image and Video Library — Earth observation search	NASA Image and Video Library — Earth observation search	space_sci	space	en	usa,space,imagery,media	43200	Search results from NASA's media library for Earth-observation imagery, with captions, dates and asset links.
sci-stac-geobon	https://stac.geobon.org/collections	json:collections	32	GEO BON — STAC collection catalogue	GEO BON — STAC collection catalogue	earthobs	geodata	en	int,satellite,stac,catalog	86400	Lists every imagery/derived-product collection published by the GEO BON SpatioTemporal Asset Catalog, with spatial and temporal extents.
sci-stac-eurac	https://stac.eurac.edu/collections	json:collections	10	Eurac Research — STAC collection catalogue	Eurac Research — STAC collection catalogue	earthobs	geodata	en	ita,satellite,stac,catalog	86400	Lists every imagery/derived-product collection published by the Eurac Research SpatioTemporal Asset Catalog, with spatial and temporal extents.
sci-stac-dlr	https://geoservice.dlr.de/eoc/ogc/stac/v1/collections	json:collections	71	DLR EOC — STAC collection catalogue	DLR EOC — STAC collection catalogue	earthobs	geodata	en	deu,satellite,stac,catalog	86400	Lists every imagery/derived-product collection published by the DLR EOC SpatioTemporal Asset Catalog, with spatial and temporal extents.
sci-stac-inpe-collections	https://data.inpe.br/bdc/stac/v1/collections	json:collections	86	INPE Brazil Data Cube — STAC collection catalogue	INPE Brazil Data Cube — STAC collection catalogue	earthobs	geodata	en	bra,satellite,stac,catalog	86400	Lists every imagery/derived-product collection published by the INPE Brazil Data Cube SpatioTemporal Asset Catalog, with spatial and temporal extents.
sci-stac-ceda-search	https://api.stac.ceda.ac.uk/search?limit=100	geojson	100	CEDA STAC — cross-collection item search	CEDA STAC — cross-collection item search	earthobs	geodata	en	gbr,satellite,stac,climate	21600	Most recent items across all CEDA collections as GeoJSON, covering CMIP6, CORDEX and EO products.
sci-stac-openveda-search	https://openveda.cloud/api/stac/search?limit=100	geojson	100	NASA VEDA STAC — cross-collection item search	NASA VEDA STAC — cross-collection item search	earthobs	geodata	en	usa,satellite,stac,climate	21600	Most recent items across NASA's VEDA analysis-ready catalogue with per-item footprints.
sci-stac-eoapi-search	https://stac.eoapi.dev/search?limit=100	geojson	100	Development Seed eoAPI STAC — cross-collection item search	Development Seed eoAPI STAC — cross-collection item search	earthobs	geodata	en	usa,satellite,stac,disaster	21600	Most recent items across the eoAPI demo catalogue, which hosts Maxar open disaster-response imagery footprints.
sci-stac-cmr-usgs	https://cmr.earthdata.nasa.gov/stac/USGS_EROS/search?limit=100	geojson	100	NASA CMR STAC — USGS EROS collection search	NASA CMR STAC — USGS EROS collection search	earthobs	geodata	en	usa,satellite,stac,landsat	21600	Granule footprints from USGS EROS collections in NASA's Common Metadata Repository STAC bridge.
sci-stac-cmr-ornl	https://cmr.earthdata.nasa.gov/stac/ORNL_CLOUD/search?limit=100	geojson	100	NASA CMR STAC — ORNL DAAC collection search	NASA CMR STAC — ORNL DAAC collection search	earthobs	geodata	en	usa,satellite,stac,biogeochemistry	23400	Granule footprints from the ORNL DAAC (terrestrial biogeochemistry and field campaigns).
sci-ogc-idee-spain	https://api-features.idee.es/collections?f=json	json:collections	38	Spain IGN — OGC API Features collection catalogue	Spain IGN — OGC API Features collection catalogue	earthobs	geodata	es	esp,geodata,inspire,catalog	86400	Lists every INSPIRE feature collection the Spanish national mapping agency serves, with extents and CRS.
sci-eu-emodnet-humanact-wfs	https://ows.emodnet-humanactivities.eu/wfs?service=WFS&version=2.0.0&request=GetFeature&typeName=emodnet:windfarmspoly&outputFormat=application/json&count=500	geojson	500	EMODnet Human Activities — offshore wind farm polygons	EMODnet Human Activities — offshore wind farm polygons	ocean_cryo	environment	en	eur,ocean,energy,windfarm,geojson	86400	European offshore wind farm polygons with status, power, turbine count and operator — real per-record geometry.
sci-res-datacite-climate	https://api.datacite.org/dois?page%5Bsize%5D=100&query=climate	json:data	100	DataCite — climate dataset DOIs	DataCite — climate dataset DOIs	earthobs	science	en	int,science,dataset,doi	43200	Newly registered DOIs matching climate, with title, publisher, resource type and landing page.
sci-res-datacite-earthquake	https://api.datacite.org/dois?page%5Bsize%5D=100&query=earthquake	json:data	100	DataCite — earthquake dataset DOIs	DataCite — earthquake dataset DOIs	earthobs	science	en	int,science,dataset,doi	45000	Newly registered DOIs matching earthquake — seismic catalogues, waveform archives and hazard models.
sci-res-datacite-clients	https://api.datacite.org/clients?page%5Bsize%5D=100	json:data	100	DataCite — repository registry	DataCite — repository registry	earthobs	science	en	int,science,repository,registry	90000	Every DataCite-registered repository with its prefix, provider and DOI counts — a map of where research data lives.
sci-res-datacite-providers	https://api.datacite.org/providers?page%5Bsize%5D=100	json:data	100	DataCite — consortium and provider registry	DataCite — consortium and provider registry	earthobs	science	en	int,science,repository,registry	91800	DataCite member organisations and consortia by country and type.
sci-res-osf-preprints	https://api.osf.io/v2/preprints/?page%5Bsize%5D=100	json:data	100	OSF — recent preprints across all providers	OSF — recent preprints across all providers	earthobs	science	en	int,science,preprint	21600	Newest preprints across every OSF-hosted server, with title, abstract, subjects and DOI.
sci-res-osf-eartharxiv	https://api.osf.io/v2/providers/preprints/eartharxiv/preprints/?page%5Bsize%5D=100	json:data	100	EarthArXiv — recent preprints	EarthArXiv — recent preprints	earthobs	science	en	int,science,preprint,geoscience	23400	Newest EarthArXiv geoscience preprints with abstract, subjects and download links.
sci-res-dryad-search	https://datadryad.org/api/v2/search?per_page=100	json:_embedded.stash:datasets	100	Dryad — recent data publications	Dryad — recent data publications	earthobs	science	en	int,science,dataset,doi	43200	Most recent Dryad data packages with title, authors, abstract, DOI and file inventory.
sci-res-openalex-sources	https://api.openalex.org/sources?per-page=100	json:results	100	OpenAlex — journal and repository registry	OpenAlex — journal and repository registry	earthobs	science	en	int,science,bibliometrics,registry	86400	Scholarly sources with ISSN, publisher, open-access status and works counts.
sci-res-openalex-institutions	https://api.openalex.org/institutions?per-page=100	json:results	100	OpenAlex — research institution registry	OpenAlex — research institution registry	earthobs	science	en	int,science,institution,registry	88200	Research institutions with ROR id, country, geo coordinates and publication counts.
sci-res-openalex-funders	https://api.openalex.org/funders?per-page=100	json:results	100	OpenAlex — research funder registry	OpenAlex — research funder registry	earthobs	science	en	int,science,funding,registry	90000	Research funders with country, alternate names, grant counts and linked works.
sci-res-crossref-journals	https://api.crossref.org/journals?rows=100	json:message.items	100	Crossref — journal registry	Crossref — journal registry	earthobs	science	en	int,science,bibliometrics,registry	86400	Journals registered with Crossref, their ISSNs, publisher and deposited article counts.
sci-res-crossref-members	https://api.crossref.org/members?rows=100	json:message.items	100	Crossref — member publisher registry	Crossref — member publisher registry	earthobs	science	en	int,science,publisher,registry	88200	Crossref member organisations with prefixes, deposit counts and metadata coverage.
sci-res-crossref-funders	https://api.crossref.org/funders?rows=100	json:message.items	100	Crossref — funder registry	Crossref — funder registry	earthobs	science	en	int,science,funding,registry	90000	The Crossref Open Funder Registry: funding bodies with country, alternate names and hierarchy.
sci-res-europepmc-climate	https://www.ebi.ac.uk/europepmc/webservices/rest/search?query=climate%20change&format=json&pageSize=100	json:resultList.result	100	Europe PMC — climate change literature search	Europe PMC — climate change literature search	earthobs	science	en	int,science,literature,climate	43200	Newest indexed climate-change papers with title, authors, journal, abstract and PMID/DOI.
sci-res-europepmc-seismic	https://www.ebi.ac.uk/europepmc/webservices/rest/search?query=seismic%20hazard&format=json&pageSize=100	json:resultList.result	100	Europe PMC — seismic hazard literature search	Europe PMC — seismic hazard literature search	earthobs	science	en	int,science,literature,seismic	45000	Newest indexed seismic-hazard papers with bibliographic metadata and identifiers.
sci-res-recherche-data-gouv	https://entrepot.recherche.data.gouv.fr/api/search?q=climat&type=dataset&per_page=100	json:data.items	100	Recherche Data Gouv France — climate dataset search	Recherche Data Gouv France — climate dataset search	earthobs	science	fr	fra,science,dataset,repository	86400	French national research data repository entries matching climat, with authors, description and files.
sci-bio-obis-checklist	https://api.obis.org/v3/checklist?size=100	json:results	100	OBIS — marine species checklist	OBIS — marine species checklist	earthobs	environment	en	int,biodiversity,marine,species	86400	Marine taxa recorded in OBIS with record counts and taxonomic ranks.
sci-bio-obis-institutes	https://api.obis.org/v3/institute	json:results	3627	OBIS — contributing institute registry	OBIS — contributing institute registry	earthobs	environment	en	int,biodiversity,marine,registry	88200	Institutions supplying marine occurrence data to OBIS, with country and record volumes.
sci-bio-obis-nodes	https://api.obis.org/v3/node	json:results	39	OBIS — regional and thematic node registry	OBIS — regional and thematic node registry	earthobs	environment	en	int,biodiversity,marine,registry	90000	OBIS nodes worldwide with the datasets and geographic scope each one curates.
sci-bio-obis-occurrence-recent	https://api.obis.org/v3/occurrence?size=200&areaid=1	json:results	200	OBIS — marine occurrence records	OBIS — marine occurrence records	earthobs	environment	en	int,biodiversity,marine,coordinates	48600	Georeferenced marine species occurrence records with decimal coordinates, depth, date and dataset provenance.
sci-bio-worms-aphia	https://www.marinespecies.org/rest/AphiaRecordsByName/Gadus?like=true&marine_only=true&offset=1	json-array	50	WoRMS — marine taxon name resolution	WoRMS — marine taxon name resolution	earthobs	environment	en	int,biodiversity,marine,taxonomy	86400	World Register of Marine Species records with accepted names, authority, rank and status.
sci-bio-checklistbank	https://api.checklistbank.org/dataset/3LR/nameusage/search?limit=100	json:result	100	ChecklistBank — Catalogue of Life name search	ChecklistBank — Catalogue of Life name search	earthobs	environment	en	int,biodiversity,taxonomy	86400	Name usages from the Catalogue of Life with accepted name, classification and source dataset.
sci-bio-gbif-dataset-search	https://api.gbif.org/v1/dataset/search?limit=100	json:results	100	GBIF — dataset search	GBIF — dataset search	earthobs	environment	en	int,biodiversity,dataset,catalog	86400	GBIF-registered datasets with publisher, licence, record counts and endpoints.
sci-bio-gbif-organization	https://api.gbif.org/v1/organization?limit=100	json:results	100	GBIF — publishing organisation registry	GBIF — publishing organisation registry	earthobs	environment	en	int,biodiversity,registry	88200	Organisations publishing to GBIF with country, contacts and hosted dataset counts.
sci-bio-gbif-node	https://api.gbif.org/v1/node?limit=100	json:results	100	GBIF — participant node registry	GBIF — participant node registry	earthobs	environment	en	int,biodiversity,registry	90000	GBIF participant nodes by country with membership type and governance role.
sci-bio-gbif-network	https://api.gbif.org/v1/network?limit=100	json:results	23	GBIF — thematic network registry	GBIF — thematic network registry	earthobs	environment	en	int,biodiversity,registry	91800	Thematic GBIF networks and the datasets each aggregates.
sci-bio-gbif-installation	https://api.gbif.org/v1/installation?limit=100	json:results	100	GBIF — data installation registry	GBIF — data installation registry	earthobs	environment	en	int,biodiversity,registry	93600	IPT and other installations serving data to GBIF, with hosting organisation and endpoints.
sci-bio-gbif-occ-europe	https://api.gbif.org/v1/occurrence/search?hasCoordinate=true&limit=300&continent=EUROPE	json:results	300	GBIF — georeferenced occurrences in Europe	GBIF — georeferenced occurrences in Europe	earthobs	environment	en	eur,biodiversity,coordinates	52200	Recent European species occurrence records that carry decimal coordinates, with taxon, date and dataset.
sci-bio-gbif-occ-northamerica	https://api.gbif.org/v1/occurrence/search?hasCoordinate=true&limit=300&continent=NORTH_AMERICA	json:results	300	GBIF — georeferenced occurrences in North America	GBIF — georeferenced occurrences in North America	earthobs	environment	en	usa,biodiversity,coordinates	54000	Recent North American species occurrence records with decimal coordinates, taxon and collection metadata.
sci-ocean-coops-waterlevels	https://api.tidesandcurrents.noaa.gov/mdapi/prod/webapi/stations.json?type=waterlevels&units=metric	json:stations	301	NOAA CO-OPS — water level station registry	NOAA CO-OPS — water level station registry	ocean_cryo	environment	en	usa,tide,sealevel,station	86400	Every NOAA tide-gauge water-level station with coordinates, datum and operating status.
sci-ocean-coops-currents	https://api.tidesandcurrents.noaa.gov/mdapi/prod/webapi/stations.json?type=currents&units=metric	json:stations	86	NOAA CO-OPS — current meter station registry	NOAA CO-OPS — current meter station registry	ocean_cryo	environment	en	usa,currents,ocean,station	88200	Active NOAA current-observation stations with coordinates and deployment metadata.
sci-ocean-coops-harcon	https://api.tidesandcurrents.noaa.gov/mdapi/prod/webapi/stations.json?type=harcon&units=metric	json:stations	1365	NOAA CO-OPS — harmonic constituent station registry	NOAA CO-OPS — harmonic constituent station registry	ocean_cryo	environment	en	usa,tide,harmonics,station	90000	Stations with published tidal harmonic constituents — the basis for reconstructing tide predictions anywhere on the US coast.
sci-ocean-coops-historicwl	https://api.tidesandcurrents.noaa.gov/mdapi/prod/webapi/stations.json?type=historicwl&units=metric	json:stations	2921	NOAA CO-OPS — historic water level station registry	NOAA CO-OPS — historic water level station registry	ocean_cryo	environment	en	usa,tide,sealevel,history	91800	Discontinued and historic NOAA water-level stations with coordinates and record periods.
sci-ocean-ioc-sealevel-tab	https://www.ioc-sealevelmonitoring.org/service.php?query=stationlist&showall=a&format=json	json-array	1339	IOC Sea Level Monitoring — full station list	IOC Sea Level Monitoring — full station list	ocean_cryo	environment	en	int,tide,sealevel,station,tsunami	21600	Global IOC/GLOSS sea-level station inventory with coordinates, operator and last-report time — the tsunami-relevant gauge network.
sci-oscar-deu	https://oscar.wmo.int/surface/rest/api/search/station?territoryName=DEU	json:stationSearchResults	2419	WMO OSCAR/Surface — observing stations in DEU	WMO OSCAR/Surface — observing stations in DEU	climate_air	environment	en	deu,weather,station,registry	86400	Full WMO registry of surface observing stations declared by DEU, each with coordinates, elevation, operating status and observed variables.
sci-oscar-fra	https://oscar.wmo.int/surface/rest/api/search/station?territoryName=FRA	json:stationSearchResults	2282	WMO OSCAR/Surface — observing stations in FRA	WMO OSCAR/Surface — observing stations in FRA	climate_air	environment	en	fra,weather,station,registry	88200	Full WMO registry of surface observing stations declared by FRA, each with coordinates, elevation, operating status and observed variables.
sci-oscar-gbr	https://oscar.wmo.int/surface/rest/api/search/station?territoryName=GBR	json:stationSearchResults	1661	WMO OSCAR/Surface — observing stations in GBR	WMO OSCAR/Surface — observing stations in GBR	climate_air	environment	en	gbr,weather,station,registry	90000	Full WMO registry of surface observing stations declared by GBR, each with coordinates, elevation, operating status and observed variables.
sci-oscar-bra	https://oscar.wmo.int/surface/rest/api/search/station?territoryName=BRA	json:stationSearchResults	1272	WMO OSCAR/Surface — observing stations in BRA	WMO OSCAR/Surface — observing stations in BRA	climate_air	environment	en	bra,weather,station,registry	91800	Full WMO registry of surface observing stations declared by BRA, each with coordinates, elevation, operating status and observed variables.
sci-oscar-ind	https://oscar.wmo.int/surface/rest/api/search/station?territoryName=IND	json:stationSearchResults	1178	WMO OSCAR/Surface — observing stations in IND	WMO OSCAR/Surface — observing stations in IND	climate_air	environment	en	ind,weather,station,registry	93600	Full WMO registry of surface observing stations declared by IND, each with coordinates, elevation, operating status and observed variables.
sci-oscar-chn	https://oscar.wmo.int/surface/rest/api/search/station?territoryName=CHN	json:stationSearchResults	1138	WMO OSCAR/Surface — observing stations in CHN	WMO OSCAR/Surface — observing stations in CHN	climate_air	environment	en	chn,weather,station,registry	95400	Full WMO registry of surface observing stations declared by CHN, each with coordinates, elevation, operating status and observed variables.
sci-oscar-aus	https://oscar.wmo.int/surface/rest/api/search/station?territoryName=AUS	json:stationSearchResults	2497	WMO OSCAR/Surface — observing stations in AUS	WMO OSCAR/Surface — observing stations in AUS	climate_air	environment	en	aus,weather,station,registry	97200	Full WMO registry of surface observing stations declared by AUS, each with coordinates, elevation, operating status and observed variables.
sci-oscar-can	https://oscar.wmo.int/surface/rest/api/search/station?territoryName=CAN	json:stationSearchResults	3095	WMO OSCAR/Surface — observing stations in CAN	WMO OSCAR/Surface — observing stations in CAN	climate_air	environment	en	can,weather,station,registry	86400	Full WMO registry of surface observing stations declared by CAN, each with coordinates, elevation, operating status and observed variables.
sci-oscar-zaf	https://oscar.wmo.int/surface/rest/api/search/station?territoryName=ZAF	json:stationSearchResults	1728	WMO OSCAR/Surface — observing stations in ZAF	WMO OSCAR/Surface — observing stations in ZAF	climate_air	environment	en	zaf,weather,station,registry	88200	Full WMO registry of surface observing stations declared by ZAF, each with coordinates, elevation, operating status and observed variables.
sci-oscar-idn	https://oscar.wmo.int/surface/rest/api/search/station?territoryName=IDN	json:stationSearchResults	136	WMO OSCAR/Surface — observing stations in IDN	WMO OSCAR/Surface — observing stations in IDN	climate_air	environment	en	idn,weather,station,registry	90000	Full WMO registry of surface observing stations declared by IDN, each with coordinates, elevation, operating status and observed variables.
sci-oscar-rus	https://oscar.wmo.int/surface/rest/api/search/station?territoryName=RUS	json:stationSearchResults	1324	WMO OSCAR/Surface — observing stations in RUS	WMO OSCAR/Surface — observing stations in RUS	climate_air	environment	en	rus,weather,station,registry	91800	Full WMO registry of surface observing stations declared by RUS, each with coordinates, elevation, operating status and observed variables.
sci-oscar-mex	https://oscar.wmo.int/surface/rest/api/search/station?territoryName=MEX	json:stationSearchResults	111	WMO OSCAR/Surface — observing stations in MEX	WMO OSCAR/Surface — observing stations in MEX	climate_air	environment	en	mex,weather,station,registry	93600	Full WMO registry of surface observing stations declared by MEX, each with coordinates, elevation, operating status and observed variables.
sci-oscar-arg	https://oscar.wmo.int/surface/rest/api/search/station?territoryName=ARG	json:stationSearchResults	169	WMO OSCAR/Surface — observing stations in ARG	WMO OSCAR/Surface — observing stations in ARG	climate_air	environment	en	arg,weather,station,registry	95400	Full WMO registry of surface observing stations declared by ARG, each with coordinates, elevation, operating status and observed variables.
sci-oscar-nga	https://oscar.wmo.int/surface/rest/api/search/station?territoryName=NGA	json:stationSearchResults	145	WMO OSCAR/Surface — observing stations in NGA	WMO OSCAR/Surface — observing stations in NGA	climate_air	environment	en	nga,weather,station,registry	97200	Full WMO registry of surface observing stations declared by NGA, each with coordinates, elevation, operating status and observed variables.
sci-quake-geofon-rss	https://geofon.gfz.de/eqinfo/list.php?fmt=rss	rss	20	GEOFON (GFZ Potsdam) — recent earthquakes RSS	GEOFON (GFZ Potsdam) — recent earthquakes RSS	earthobs	hazard	en	deu,earthquake,seismic,hazard	1800	GFZ GEOFON global earthquake bulletin as RSS; magnitude, depth, region and origin time for the most recent located events.
sci-quake-geofon-geojson	https://geofon.gfz.de/eqinfo/list.php?fmt=geojson	geojson	40	GEOFON (GFZ Potsdam) — recent earthquakes GeoJSON	GEOFON (GFZ Potsdam) — recent earthquakes GeoJSON	earthobs	hazard	en	deu,earthquake,seismic,hazard,geojson	2700	Same GEOFON bulletin as a FeatureCollection with one point per epicentre, magnitude and depth — directly mappable.
sci-macrostrat-columns-bare	https://macrostrat.org/api/v2/columns?all&format=geojson_bare	geojson	1534	Macrostrat — geologic column polygons (GeoJSON)	Macrostrat — geologic column polygons (GeoJSON)	earthobs	geology	en	int,geology,stratigraphy,geojson	88200	Every Macrostrat stratigraphic column as a polygon feature with column name, group and area — a real geology map layer.
sci-erddap-upwell-grid	https://upwell.pfeg.noaa.gov/erddap/griddap/index.json?page=1&itemsPerPage=1000	json:table.rows	1000	NOAA Upwell — ERDDAP gridded dataset index	NOAA Upwell — ERDDAP gridded dataset index	ocean_cryo	environment	en	usa,ocean,erddap,dataset	86400	Machine-readable list of every dataset served by the NOAA Upwell ERDDAP node, with dataset id, title and institution — the entry point for its buoy, glider, mooring and satellite time series.
sci-celestrak-analyst	https://celestrak.org/NORAD/elements/gp.php?GROUP=analyst&FORMAT=json	json-array	559	CelesTrak — analyst (uncorrelated) objects (GP orbital elements)	CelesTrak — analyst (uncorrelated) objects (GP orbital elements)	space_sci	space	en	usa,space,satellite,orbit	90000	Current general-perturbations orbital elements in JSON for analyst (uncorrelated) objects; gives NORAD id, international designator, epoch and mean elements per object.
sci-celestrak-xcomm	https://celestrak.org/NORAD/elements/gp.php?GROUP=x-comm&FORMAT=json	json-array	20	CelesTrak — experimental communications satellites (GP orbital elements)	CelesTrak — experimental communications satellites (GP orbital elements)	space_sci	space	en	usa,space,satellite,orbit	48600	Current general-perturbations orbital elements in JSON for experimental communications satellites; gives NORAD id, international designator, epoch and mean elements per object.
sci-celestrak-othercomm	https://celestrak.org/NORAD/elements/gp.php?GROUP=other-comm&FORMAT=json	json-array	28	CelesTrak — other communications satellites (GP orbital elements)	CelesTrak — other communications satellites (GP orbital elements)	space_sci	space	en	usa,space,satellite,orbit	50400	Current general-perturbations orbital elements in JSON for other communications satellites; gives NORAD id, international designator, epoch and mean elements per object.
sci-celestrak-glo-ops	https://celestrak.org/NORAD/elements/gp.php?GROUP=glo-ops&FORMAT=json	json-array	28	CelesTrak — operational GLONASS satellites (GP orbital elements)	CelesTrak — operational GLONASS satellites (GP orbital elements)	space_sci	space	en	usa,space,satellite,orbit	52200	Current general-perturbations orbital elements in JSON for operational GLONASS satellites; gives NORAD id, international designator, epoch and mean elements per object.
sci-celestrak-nnss	https://celestrak.org/NORAD/elements/gp.php?GROUP=nnss&FORMAT=json	json-array	18	CelesTrak — Navy Navigation Satellite System (GP orbital elements)	CelesTrak — Navy Navigation Satellite System (GP orbital elements)	space_sci	space	en	usa,space,satellite,orbit	54000	Current general-perturbations orbital elements in JSON for Navy Navigation Satellite System; gives NORAD id, international designator, epoch and mean elements per object.
sci-celestrak-satnogs	https://celestrak.org/NORAD/elements/gp.php?GROUP=satnogs&FORMAT=json	json-array	648	CelesTrak — SatNOGS-tracked satellites (GP orbital elements)	CelesTrak — SatNOGS-tracked satellites (GP orbital elements)	space_sci	space	en	usa,space,satellite,orbit	86400	Current general-perturbations orbital elements in JSON for SatNOGS-tracked satellites; gives NORAD id, international designator, epoch and mean elements per object.
sci-sta-hamburg-things	https://iot.hamburg.de/v1.1/Things?%24top=100	json:value	100	Hamburg Urban Data Platform — SensorThings Things	Hamburg Urban Data Platform — SensorThings Things	climate_air	environment	de	deu,sensor,sensorthings,iot	3600	Sensor installations across Hamburg (air quality, traffic, water, weather) with descriptions and linked datastreams.
sci-sta-hamburg-locations	https://iot.hamburg.de/v1.1/Locations?%24top=500	json:value	500	Hamburg Urban Data Platform — SensorThings Locations	Hamburg Urban Data Platform — SensorThings Locations	climate_air	environment	de	deu,sensor,sensorthings,geojson	5400	GeoJSON point locations for every Hamburg sensor installation — real per-record coordinates for the whole city network.
sci-sta-hamburg-datastreams	https://iot.hamburg.de/v1.1/Datastreams?%24top=100	json:value	100	Hamburg Urban Data Platform — SensorThings Datastreams	Hamburg Urban Data Platform — SensorThings Datastreams	climate_air	environment	de	deu,sensor,sensorthings,iot	7200	Measured quantities available per Hamburg sensor, with unit of measurement, phenomenon time and observed property.
sci-sta-hamburg-sensors	https://iot.hamburg.de/v1.1/Sensors?%24top=100	json:value	16	Hamburg Urban Data Platform — SensorThings Sensors	Hamburg Urban Data Platform — SensorThings Sensors	climate_air	environment	de	deu,sensor,sensorthings,reference	91800	Instrument descriptions behind the Hamburg sensor network, needed to judge measurement quality.
sci-sta-hamburg-obsprops	https://iot.hamburg.de/v1.1/ObservedProperties?%24top=100	json:value	30	Hamburg Urban Data Platform — SensorThings ObservedProperties	Hamburg Urban Data Platform — SensorThings ObservedProperties	climate_air	environment	de	deu,sensor,sensorthings,reference	93600	The observed-property vocabulary of the Hamburg platform: which pollutants and variables are actually measured.
sci-sta-rivm-things	https://api-samenmeten.rivm.nl/v1.0/Things?%24top=100	json:value	100	RIVM Samen Meten Netherlands — SensorThings Things	RIVM Samen Meten Netherlands — SensorThings Things	climate_air	environment	nl	nld,airquality,sensor,sensorthings	3600	Citizen and official air-quality sensor installations in the Dutch Samen Meten network with project attribution.
sci-sta-rivm-locations	https://api-samenmeten.rivm.nl/v1.0/Locations?%24top=500	json:value	200	RIVM Samen Meten Netherlands — SensorThings Locations	RIVM Samen Meten Netherlands — SensorThings Locations	climate_air	environment	nl	nld,airquality,sensor,geojson	5400	GeoJSON point locations for every Dutch Samen Meten air-quality sensor — per-record coordinates for the national network.
sci-sta-rivm-datastreams	https://api-samenmeten.rivm.nl/v1.0/Datastreams?%24top=100	json:value	100	RIVM Samen Meten Netherlands — SensorThings Datastreams	RIVM Samen Meten Netherlands — SensorThings Datastreams	climate_air	environment	nl	nld,airquality,sensor,sensorthings	7200	Per-sensor pollutant streams (PM2.5, PM10, NO2, humidity) with units and observation periods.
sci-sta-rivm-sensors	https://api-samenmeten.rivm.nl/v1.0/Sensors?%24top=100	json:value	52	RIVM Samen Meten Netherlands — SensorThings Sensors	RIVM Samen Meten Netherlands — SensorThings Sensors	climate_air	environment	nl	nld,airquality,sensor,reference	91800	Sensor hardware types used across the Dutch citizen air-quality network, with calibration notes.
sci-sta-rivm-obsprops	https://api-samenmeten.rivm.nl/v1.0/ObservedProperties?%24top=100	json:value	9	RIVM Samen Meten Netherlands — SensorThings ObservedProperties	RIVM Samen Meten Netherlands — SensorThings ObservedProperties	climate_air	environment	nl	nld,airquality,sensor,reference	93600	Observed-property definitions for the Dutch Samen Meten network.
sci-aq-londonair-sites	https://api.erg.ic.ac.uk/AirQuality/Information/MonitoringSites/GroupName=All/Json	json:Sites.Site	391	Imperial London Air — all monitoring sites	Imperial London Air — all monitoring sites	climate_air	environment	en	gbr,airquality,station,london	21600	Every site in the Imperial College London Air network with latitude, longitude, opening dates and site classification.
sci-aq-londonair-london	https://api.erg.ic.ac.uk/AirQuality/Information/MonitoringSites/GroupName=London/Json	json:Sites.Site	258	Imperial London Air — Greater London sites	Imperial London Air — Greater London sites	climate_air	environment	en	gbr,airquality,station,london	23400	Greater London subset of the London Air network, with coordinates and per-site pollutant coverage.
sci-aq-londonair-species	https://api.erg.ic.ac.uk/AirQuality/Information/Species/Json	json:AirQualitySpecies.Species	6	Imperial London Air — pollutant species	Imperial London Air — pollutant species	climate_air	environment	en	gbr,airquality,reference	90000	Pollutant species codes and descriptions used across the London Air API.
sci-aq-londonair-index	https://api.erg.ic.ac.uk/AirQuality/Hourly/MonitoringIndex/GroupName=London/Json	json:HourlyAirQualityIndex.LocalAuthority	33	Imperial London Air — hourly air quality index by borough	Imperial London Air — hourly air quality index by borough	climate_air	environment	en	gbr,airquality,london,index	9000	Current hourly DAQI band per London local authority and monitoring site — the fastest read on a London pollution episode.
sci-aq-londonair-la	https://api.erg.ic.ac.uk/AirQuality/Information/MonitoringLocalAuthority/GroupName=London/Json	json:LocalAuthorities.LocalAuthority	33	Imperial London Air — local authority registry	Imperial London Air — local authority registry	climate_air	environment	en	gbr,airquality,london,registry	93600	London local authorities in the network with centroid coordinates and site counts.
sci-aq-smartcitizen-map	https://api.smartcitizen.me/v0/devices/world_map	json-array	5120	SmartCitizen — global sensor kit map	SmartCitizen — global sensor kit map	climate_air	environment	en	int,airquality,sensor,geojson	3600	Every public SmartCitizen environmental sensor worldwide with coordinates, last-seen time and current readings.
sci-aq-ni-stations	https://www.airqualityni.co.uk/sos-ni/api/v1/stations	json-array	86	Air Quality Northern Ireland — monitoring stations	Air Quality Northern Ireland — monitoring stations	climate_air	environment	en	gbr,airquality,station,geojson	21600	Northern Ireland air-quality monitoring sites with coordinates and the pollutants each site reports.
sci-aq-ukair-timeseries	https://uk-air.defra.gov.uk/sos-ukair/api/v1/timeseries	json-array	995	Defra UK-AIR — air quality time series index	Defra UK-AIR — air quality time series index	climate_air	environment	en	gbr,airquality,station	21600	All UK automatic air-quality monitoring series with site coordinates, pollutant and units.
sci-aq-ukair-phenomena	https://uk-air.defra.gov.uk/sos-ukair/api/v1/phenomena	json-array	172	Defra UK-AIR — measured pollutants	Defra UK-AIR — measured pollutants	climate_air	environment	en	gbr,airquality,reference	88200	Pollutant list served by the UK-AIR SOS endpoint, needed to resolve UK air-quality series identifiers.
sci-aq-eea-country	https://eeadmz1-downloads-api-appservice.azurewebsites.net/Country	json-array	38	EEA air quality download service — country registry	EEA air quality download service — country registry	climate_air	environment	en	eur,airquality,registry	86400	Reporting countries in the EEA air-quality download API, keyed by the codes its data queries require.
sci-aq-eea-pollutant	https://eeadmz1-downloads-api-appservice.azurewebsites.net/Pollutant	json-array	648	EEA air quality download service — pollutant vocabulary	EEA air quality download service — pollutant vocabulary	climate_air	environment	en	eur,airquality,reference	88200	The full EEA pollutant vocabulary with notation and concept URIs used across European air-quality reporting.
sci-clim-noaa-co2-mlo	https://gml.noaa.gov/webdata/ccgg/trends/co2/co2_daily_mlo.csv	csv	7401	NOAA GML — daily CO2 at Mauna Loa	NOAA GML — daily CO2 at Mauna Loa	climate_air	environment	en	usa,climate,co2,greenhouse	86400	Daily mean atmospheric CO2 mole fraction measured at Mauna Loa — the canonical greenhouse-gas time series.
sci-clim-ncei-datasets	https://www.ncei.noaa.gov/access/services/search/v1/datasets?limit=100	json:datasets.buckets	99	NOAA NCEI — dataset search facets	NOAA NCEI — dataset search facets	climate_air	environment	en	usa,climate,dataset,catalog	86400	Faceted counts of every dataset in the NCEI archive, used to discover which climate archives exist and how large they are.
sci-clim-brightsky-radar	https://api.brightsky.dev/radar?lat=52.52&lon=13.4&format=plain	json:radar	25	Bright Sky — DWD radar composite extract	Bright Sky — DWD radar composite extract	climate_air	environment	en	deu,weather,radar,precipitation	900	Rolling DWD RADOLAN precipitation-radar frames around a point, one grid per five-minute step.
sci-noaa-mapsvc-eventdriven	https://mapservices.weather.noaa.gov/eventdriven/rest/services?f=json	json:folders	4	NOAA NWS — event-driven map service directory	NOAA NWS — event-driven map service directory	earthobs	geodata	en	usa,weather,hazard,arcgis	86400	Directory of NWS event-driven ArcGIS services (warnings, river gauges, tropical) and their layer endpoints.
sci-noaa-mapsvc-vector	https://mapservices.weather.noaa.gov/vector/rest/services?f=json	json:folders	7	NOAA NWS — vector map service directory	NOAA NWS — vector map service directory	earthobs	geodata	en	usa,weather,arcgis,geodata	88200	Directory of NWS vector map services covering observations, forecasts and marine zones.
sci-noaa-mapsvc-raster	https://mapservices.weather.noaa.gov/raster/rest/services?f=json	json:folders	9	NOAA NWS — raster map service directory	NOAA NWS — raster map service directory	earthobs	geodata	en	usa,weather,arcgis,geodata	90000	Directory of NWS raster services including radar mosaics and gridded forecast imagery.
sci-noaa-mapsvc-static	https://mapservices.weather.noaa.gov/static/rest/services?f=json	json:folders	4	NOAA NWS — static reference map service directory	NOAA NWS — static reference map service directory	earthobs	geodata	en	usa,weather,arcgis,geodata	91800	Directory of static NWS boundary and reference services (zones, counties, basins).
sci-noaa-coast-services	https://coast.noaa.gov/arcgis/rest/services?f=json	json:folders	22	NOAA Office for Coastal Management — map service directory	NOAA Office for Coastal Management — map service directory	ocean_cryo	geodata	en	usa,coastal,arcgis,geodata	86400	Directory of NOAA coastal ArcGIS services: sea level rise, shoreline, land cover and coastal hazard layers.
sci-usgs-sciencebase-quake	https://www.sciencebase.gov/catalog/items?format=json&max=100&q=earthquake	json:items	100	USGS ScienceBase — earthquake catalogue items	USGS ScienceBase — earthquake catalogue items	earthobs	science	en	usa,earthquake,dataset,catalog	86400	USGS ScienceBase records matching earthquake, giving dataset titles, abstracts, contacts and download links.
sci-usgs-sciencebase-volcano	https://www.sciencebase.gov/catalog/items?format=json&max=100&q=volcano	json:items	100	USGS ScienceBase — volcano catalogue items	USGS ScienceBase — volcano catalogue items	earthobs	science	en	usa,volcano,dataset,catalog	88200	USGS ScienceBase records on volcanic monitoring and hazards with abstracts and file links.
sci-usgs-sciencebase-glacier	https://www.sciencebase.gov/catalog/items?format=json&max=100&q=glacier	json:items	100	USGS ScienceBase — glacier catalogue items	USGS ScienceBase — glacier catalogue items	ocean_cryo	science	en	usa,glacier,dataset,catalog	90000	USGS ScienceBase glacier and snow datasets, including benchmark glacier mass-balance products.
sci-usgs-sciencebase-water	https://www.sciencebase.gov/catalog/items?format=json&max=100&q=streamflow	json:items	100	USGS ScienceBase — streamflow catalogue items	USGS ScienceBase — streamflow catalogue items	ocean_cryo	science	en	usa,water,hydrology,dataset	91800	USGS ScienceBase streamflow and hydrology datasets with abstracts and access links.
sci-ngdc-earthquakes	https://www.ngdc.noaa.gov/hazel/hazard-service/api/v1/earthquakes?minYear=1900&maxYear=2000	json:items	200	NOAA NCEI — significant historical earthquakes	NOAA NCEI — significant historical earthquakes	earthobs	hazard	en	int,earthquake,hazard,history	88200	Significant earthquake database entries with epicentre, magnitude, intensity and recorded deaths and damage.
sci-hub-arcgis-earthquake	https://hub.arcgis.com/api/v3/datasets?q=earthquake&page%5Bsize%5D=50	json:data	50	ArcGIS Hub — earthquake dataset search	ArcGIS Hub — earthquake dataset search	earthobs	geodata	en	int,earthquake,arcgis,catalog	43200	Open ArcGIS Hub datasets tagged earthquake across thousands of publishing organisations, each with a live service URL.
sci-hub-arcgis-volcano	https://hub.arcgis.com/api/v3/datasets?q=volcano&page%5Bsize%5D=50	json:data	50	ArcGIS Hub — volcano dataset search	ArcGIS Hub — volcano dataset search	earthobs	geodata	en	int,volcano,arcgis,catalog	45000	Open ArcGIS Hub datasets about volcanoes, with publisher, extent and queryable FeatureServer endpoints.
sci-hub-arcgis-glacier	https://hub.arcgis.com/api/v3/datasets?q=glacier&page%5Bsize%5D=50	json:data	50	ArcGIS Hub — glacier dataset search	ArcGIS Hub — glacier dataset search	ocean_cryo	geodata	en	int,glacier,arcgis,catalog	46800	Open ArcGIS Hub glacier and ice datasets with live service endpoints.
sci-hub-arcgis-airquality	https://hub.arcgis.com/api/v3/datasets?q=air%20quality&page%5Bsize%5D=50	json:data	50	ArcGIS Hub — air quality dataset search	ArcGIS Hub — air quality dataset search	climate_air	geodata	en	int,airquality,arcgis,catalog	48600	Open ArcGIS Hub air-quality datasets published by agencies worldwide, with service URLs.
sci-hub-arcgis-sealevel	https://hub.arcgis.com/api/v3/datasets?q=sea%20level&page%5Bsize%5D=50	json:data	50	ArcGIS Hub — sea level dataset search	ArcGIS Hub — sea level dataset search	ocean_cryo	geodata	en	int,sealevel,arcgis,catalog	50400	Open ArcGIS Hub sea-level and coastal-inundation datasets with live endpoints.
sci-hub-arcgis-landslide	https://hub.arcgis.com/api/v3/datasets?q=landslide&page%5Bsize%5D=50	json:data	50	ArcGIS Hub — landslide dataset search	ArcGIS Hub — landslide dataset search	earthobs	geodata	en	int,landslide,arcgis,catalog	52200	Open ArcGIS Hub landslide inventory and susceptibility datasets with service URLs.
sci-cryo-regobs-kdv	https://api.regobs.no/v5/kdvelements	json:KdvRepositories.Snow_GrainFormKDV	47	Varsom RegObs Norway — observation code vocabularies	Varsom RegObs Norway — observation code vocabularies	ocean_cryo	environment	no	nor,snow,avalanche,reference	86400	Code lists behind Norwegian snow, avalanche, ice and water field observations — required to decode RegObs records.
sci-polar-aadc-datasets	https://data.aad.gov.au/eds/api/dataset/?limit=100	json-array	10	Australian Antarctic Data Centre — dataset catalogue	Australian Antarctic Data Centre — dataset catalogue	ocean_cryo	environment	en	aus,antarctic,polar,dataset	86400	Catalogue records for Antarctic and Southern Ocean datasets held by the AADC, with abstracts and coverage.
sci-polar-aadc-search	https://data.aad.gov.au/eds/api/dataset/?limit=50&offset=0	json-array	10	Australian Antarctic Data Centre — dataset search page	Australian Antarctic Data Centre — dataset search page	ocean_cryo	environment	en	aus,antarctic,polar,dataset	88200	Paged view of the AADC catalogue used to walk the full Antarctic dataset inventory.
sci-feed-eo-hazards	https://earthobservatory.nasa.gov/feeds/natural-hazards.rss	rss	10	NASA Earth Observatory — Natural Hazards	NASA Earth Observatory — Natural Hazards	earthobs	hazard	en	usa,hazard,satellite	3600	Headline feed from NASA Earth Observatory; used to catch new findings, missions and hazard reporting as they are published.
sci-feed-eo-iotd	https://earthobservatory.nasa.gov/feeds/image-of-the-day.rss	rss	10	NASA Earth Observatory — Image of the Day	NASA Earth Observatory — Image of the Day	earthobs	environment	en	usa,satellite,imagery	5400	Headline feed from NASA Earth Observatory; used to catch new findings, missions and hazard reporting as they are published.
sci-feed-nasa-science	https://science.nasa.gov/feed/	rss	10	NASA Science — news	NASA Science — news	space_sci	space	en	usa,space,science	3600	Headline feed from NASA Science; used to catch new findings, missions and hazard reporting as they are published.
sci-feed-esa-spacescience	https://www.esa.int/rssfeed/Our_Activities/Space_Science	rss	15	ESA — Space Science news	ESA — Space Science news	space_sci	space	en	eur,space,science	3600	Headline feed from ESA; used to catch new findings, missions and hazard reporting as they are published.
sci-feed-esa-exploration	https://www.esa.int/rssfeed/Our_Activities/Human_and_Robotic_Exploration	rss	15	ESA — Human and Robotic Exploration news	ESA — Human and Robotic Exploration news	space_sci	space	en	eur,space,science	5400	Headline feed from ESA; used to catch new findings, missions and hazard reporting as they are published.
sci-feed-esa-technology	https://www.esa.int/rssfeed/Our_Activities/Technology	rss	15	ESA — Technology news	ESA — Technology news	space_sci	space	en	eur,space,science	7200	Headline feed from ESA; used to catch new findings, missions and hazard reporting as they are published.
sci-feed-nsf-news	https://www.nsf.gov/rss/rss_www_news.xml	rss	15	US National Science Foundation — news	US National Science Foundation — news	earthobs	science	en	usa,science	3600	Headline feed from US National Science Foundation; used to catch new findings, missions and hazard reporting as they are published.
sci-feed-ipcc	https://www.ipcc.ch/feed/	rss	10	IPCC — news	IPCC — news	earthobs	environment	en	int,climate,policy	3600	Headline feed from IPCC; used to catch new findings, missions and hazard reporting as they are published.
sci-feed-phys-earth	https://phys.org/rss-feed/earth-news/	rss	30	Phys.org — Earth science news	Phys.org — Earth science news	earthobs	science	en	int,science,earth	3600	Headline feed from Phys.org; used to catch new findings, missions and hazard reporting as they are published.
sci-feed-phys-space	https://phys.org/rss-feed/space-news/	rss	30	Phys.org — space and astronomy news	Phys.org — space and astronomy news	space_sci	space	en	int,science,space	5400	Headline feed from Phys.org; used to catch new findings, missions and hazard reporting as they are published.
sci-feed-sciencedaily-earth	https://www.sciencedaily.com/rss/earth_climate.xml	rss	60	ScienceDaily — Earth and Climate	ScienceDaily — Earth and Climate	earthobs	science	en	int,science,climate	3600	Headline feed from ScienceDaily; used to catch new findings, missions and hazard reporting as they are published.
sci-feed-sciencedaily-space	https://www.sciencedaily.com/rss/space_time.xml	rss	60	ScienceDaily — Space and Time	ScienceDaily — Space and Time	space_sci	space	en	int,science,space	5400	Headline feed from ScienceDaily; used to catch new findings, missions and hazard reporting as they are published.
sci-feed-sciencedaily-geology	https://www.sciencedaily.com/rss/earth_climate/geology.xml	rss	60	ScienceDaily — Geology	ScienceDaily — Geology	earthobs	science	en	int,science,geology	7200	Headline feed from ScienceDaily; used to catch new findings, missions and hazard reporting as they are published.
sci-feed-nature-climate	https://www.nature.com/nclimate.rss	rss	8	Nature Climate Change — table of contents	Nature Climate Change — table of contents	earthobs	science	en	int,science,climate	3600	Headline feed from Nature Climate Change; used to catch new findings, missions and hazard reporting as they are published.
sci-feed-nature-geoscience	https://www.nature.com/ngeo.rss	rss	8	Nature Geoscience — table of contents	Nature Geoscience — table of contents	earthobs	science	en	int,science,geology	5400	Headline feed from Nature Geoscience; used to catch new findings, missions and hazard reporting as they are published.
sci-feed-carbonbrief	https://www.carbonbrief.org/feed/	rss	12	Carbon Brief — climate science and policy	Carbon Brief — climate science and policy	earthobs	environment	en	gbr,climate,policy	3600	Headline feed from Carbon Brief; used to catch new findings, missions and hazard reporting as they are published.
sci-feed-spaceweatherarchive	https://spaceweatherarchive.com/feed/	rss	10	Space Weather Archive	Space Weather Archive	space_sci	space	en	usa,space,spaceweather	3600	Headline feed from Space Weather Archive; used to catch new findings, missions and hazard reporting as they are published.
sci-feed-volcanocafe	https://www.volcanocafe.org/feed/	rss	50	VolcanoCafe — volcanology commentary	VolcanoCafe — volcanology commentary	earthobs	hazard	en	int,volcano,hazard	3600	Headline feed from VolcanoCafe; used to catch new findings, missions and hazard reporting as they are published.
sci-feed-eumetsat	https://www.eumetsat.int/rss.xml	rss	10	EUMETSAT — news	EUMETSAT — news	earthobs	environment	en	eur,satellite,weather	3600	Headline feed from EUMETSAT; used to catch new findings, missions and hazard reporting as they are published.
sci-feed-bgs-news	https://www.bgs.ac.uk/feed/	rss	8	British Geological Survey — news	British Geological Survey — news	earthobs	science	en	gbr,geology,science	3600	Headline feed from British Geological Survey; used to catch new findings, missions and hazard reporting as they are published.
sci-stac-landsat-landsat-c2l2-sr	https://landsatlook.usgs.gov/stac-server/collections/landsat-c2l2-sr/items?limit=100	geojson	100	USGS LandsatLook — STAC items: landsat-c2l2-sr	USGS LandsatLook — STAC items: landsat-c2l2-sr	earthobs	geodata	en	usa,satellite,stac,imagery	21600	Most recent scene footprints for the landsat-c2l2-sr collection as a GeoJSON ItemCollection — one polygon per acquisition with datetime and asset links.
sci-stac-landsat-landsat-c2l2-st	https://landsatlook.usgs.gov/stac-server/collections/landsat-c2l2-st/items?limit=100	geojson	100	USGS LandsatLook — STAC items: landsat-c2l2-st	USGS LandsatLook — STAC items: landsat-c2l2-st	earthobs	geodata	en	usa,satellite,stac,imagery	23400	Most recent scene footprints for the landsat-c2l2-st collection as a GeoJSON ItemCollection — one polygon per acquisition with datetime and asset links.
sci-stac-landsat-landsat-c2ard-st	https://landsatlook.usgs.gov/stac-server/collections/landsat-c2ard-st/items?limit=100	geojson	100	USGS LandsatLook — STAC items: landsat-c2ard-st	USGS LandsatLook — STAC items: landsat-c2ard-st	earthobs	geodata	en	usa,satellite,stac,imagery	25200	Most recent scene footprints for the landsat-c2ard-st collection as a GeoJSON ItemCollection — one polygon per acquisition with datetime and asset links.
sci-stac-landsat-landsat-c2l2alb-bt	https://landsatlook.usgs.gov/stac-server/collections/landsat-c2l2alb-bt/items?limit=100	geojson	100	USGS LandsatLook — STAC items: landsat-c2l2alb-bt	USGS LandsatLook — STAC items: landsat-c2l2alb-bt	earthobs	geodata	en	usa,satellite,stac,imagery	27000	Most recent scene footprints for the landsat-c2l2alb-bt collection as a GeoJSON ItemCollection — one polygon per acquisition with datetime and asset links.
sci-stac-cdse-ccm-optical	https://stac.dataspace.copernicus.eu/v1/collections/ccm-optical/items?limit=100	geojson	100	Copernicus Data Space Ecosystem — STAC items: ccm-optical	Copernicus Data Space Ecosystem — STAC items: ccm-optical	earthobs	geodata	en	eur,satellite,stac,imagery	21600	Most recent scene footprints for the ccm-optical collection as a GeoJSON ItemCollection — one polygon per acquisition with datetime and asset links.
sci-stac-cdse-ccm-sar	https://stac.dataspace.copernicus.eu/v1/collections/ccm-sar/items?limit=100	geojson	100	Copernicus Data Space Ecosystem — STAC items: ccm-sar	Copernicus Data Space Ecosystem — STAC items: ccm-sar	earthobs	geodata	en	eur,satellite,stac,imagery	23400	Most recent scene footprints for the ccm-sar collection as a GeoJSON ItemCollection — one polygon per acquisition with datetime and asset links.
sci-stac-cdse-clms-ba-global-300m-daily-v3-cog	https://stac.dataspace.copernicus.eu/v1/collections/clms_ba_global_300m_daily_v3_cog/items?limit=100	geojson	100	Copernicus Data Space Ecosystem — STAC items: clms-ba-global-300m-daily-v3-cog	Copernicus Data Space Ecosystem — STAC items: clms-ba-global-300m-daily-v3-cog	earthobs	geodata	en	eur,satellite,stac,imagery	25200	Most recent scene footprints for the clms-ba-global-300m-daily-v3-cog collection as a GeoJSON ItemCollection — one polygon per acquisition with datetime and asset links.
sci-stac-cdse-clms-ba-global-300m-daily-v3-nc	https://stac.dataspace.copernicus.eu/v1/collections/clms_ba_global_300m_daily_v3_nc/items?limit=100	geojson	100	Copernicus Data Space Ecosystem — STAC items: clms-ba-global-300m-daily-v3-nc	Copernicus Data Space Ecosystem — STAC items: clms-ba-global-300m-daily-v3-nc	earthobs	geodata	en	eur,satellite,stac,imagery	27000	Most recent scene footprints for the clms-ba-global-300m-daily-v3-nc collection as a GeoJSON ItemCollection — one polygon per acquisition with datetime and asset links.
sci-stac-cdse-clms-ba-global-300m-daily-v4-cog	https://stac.dataspace.copernicus.eu/v1/collections/clms_ba_global_300m_daily_v4_cog/items?limit=100	geojson	100	Copernicus Data Space Ecosystem — STAC items: clms-ba-global-300m-daily-v4-cog	Copernicus Data Space Ecosystem — STAC items: clms-ba-global-300m-daily-v4-cog	earthobs	geodata	en	eur,satellite,stac,imagery	28800	Most recent scene footprints for the clms-ba-global-300m-daily-v4-cog collection as a GeoJSON ItemCollection — one polygon per acquisition with datetime and asset links.
sci-stac-cdse-clms-ba-global-300m-daily-v4-nc	https://stac.dataspace.copernicus.eu/v1/collections/clms_ba_global_300m_daily_v4_nc/items?limit=100	geojson	100	Copernicus Data Space Ecosystem — STAC items: clms-ba-global-300m-daily-v4-nc	Copernicus Data Space Ecosystem — STAC items: clms-ba-global-300m-daily-v4-nc	earthobs	geodata	en	eur,satellite,stac,imagery	30600	Most recent scene footprints for the clms-ba-global-300m-daily-v4-nc collection as a GeoJSON ItemCollection — one polygon per acquisition with datetime and asset links.
sci-stac-ceda-ceda-flights	https://api.stac.ceda.ac.uk/collections/ceda_flights/items?limit=100	geojson	100	CEDA (UK) — STAC items: ceda-flights	CEDA (UK) — STAC items: ceda-flights	earthobs	geodata	en	gbr,satellite,stac,imagery	23400	Most recent scene footprints for the ceda-flights collection as a GeoJSON ItemCollection — one polygon per acquisition with datetime and asset links.
sci-stac-ceda-clms-lcm-global-10m-yearly-v1-cog	https://api.stac.ceda.ac.uk/collections/clms-lcm-global-10m-yearly-v1-cog/items?limit=100	geojson	100	CEDA (UK) — STAC items: clms-lcm-global-10m-yearly-v1-cog	CEDA (UK) — STAC items: clms-lcm-global-10m-yearly-v1-cog	earthobs	geodata	en	gbr,satellite,stac,imagery	25200	Most recent scene footprints for the clms-lcm-global-10m-yearly-v1-cog collection as a GeoJSON ItemCollection — one polygon per acquisition with datetime and asset links.
sci-stac-ceda-cmip6	https://api.stac.ceda.ac.uk/collections/cmip6/items?limit=100	geojson	100	CEDA (UK) — STAC items: cmip6	CEDA (UK) — STAC items: cmip6	earthobs	geodata	en	gbr,satellite,stac,imagery	27000	Most recent scene footprints for the cmip6 collection as a GeoJSON ItemCollection — one polygon per acquisition with datetime and asset links.
sci-stac-ceda-cordex	https://api.stac.ceda.ac.uk/collections/cordex/items?limit=100	geojson	100	CEDA (UK) — STAC items: cordex	CEDA (UK) — STAC items: cordex	earthobs	geodata	en	gbr,satellite,stac,imagery	28800	Most recent scene footprints for the cordex collection as a GeoJSON ItemCollection — one polygon per acquisition with datetime and asset links.
sci-stac-ceda-eocis-aerosol-slstr-daily-s3a	https://api.stac.ceda.ac.uk/collections/eocis-aerosol-slstr-daily-s3a/items?limit=100	geojson	100	CEDA (UK) — STAC items: eocis-aerosol-slstr-daily-s3a	CEDA (UK) — STAC items: eocis-aerosol-slstr-daily-s3a	earthobs	geodata	en	gbr,satellite,stac,imagery	30600	Most recent scene footprints for the eocis-aerosol-slstr-daily-s3a collection as a GeoJSON ItemCollection — one polygon per acquisition with datetime and asset links.
sci-stac-swisstopo-ch-are-agglomerationsverkehr	https://data.geo.admin.ch/api/stac/v0.9/collections/ch.are.agglomerationsverkehr/items?limit=100	geojson	3	swisstopo — STAC items: ch-are-agglomerationsverkehr	swisstopo — STAC items: ch-are-agglomerationsverkehr	earthobs	geodata	en	che,satellite,stac,imagery	21600	Most recent scene footprints for the ch-are-agglomerationsverkehr collection as a GeoJSON ItemCollection — one polygon per acquisition with datetime and asset links.
sci-stac-eurac-ado-evap-et-mod16-500m-3035	https://stac.eurac.edu/collections/ADO_EVAP_ET_MOD16_500m_3035/items?limit=100	geojson	100	Eurac Research — STAC items: ado-evap-et-mod16-500m-3035	Eurac Research — STAC items: ado-evap-et-mod16-500m-3035	earthobs	geodata	en	ita,satellite,stac,imagery	23400	Most recent scene footprints for the ado-evap-et-mod16-500m-3035 collection as a GeoJSON ItemCollection — one polygon per acquisition with datetime and asset links.
sci-stac-geobon-chelsa-clim	https://stac.geobon.org/collections/chelsa-clim/items?limit=100	geojson	19	GEO BON — STAC items: chelsa-clim	GEO BON — STAC items: chelsa-clim	earthobs	geodata	en	int,satellite,stac,imagery	23400	Most recent scene footprints for the chelsa-clim collection as a GeoJSON ItemCollection — one polygon per acquisition with datetime and asset links.
sci-stac-geobon-gfw-lossyear	https://stac.geobon.org/collections/gfw-lossyear/items?limit=100	geojson	100	GEO BON — STAC items: gfw-lossyear	GEO BON — STAC items: gfw-lossyear	earthobs	geodata	en	int,satellite,stac,imagery	25200	Most recent scene footprints for the gfw-lossyear collection as a GeoJSON ItemCollection — one polygon per acquisition with datetime and asset links.
sci-stac-geobon-soilgrids	https://stac.geobon.org/collections/soilgrids/items?limit=100	geojson	79	GEO BON — STAC items: soilgrids	GEO BON — STAC items: soilgrids	earthobs	geodata	en	int,satellite,stac,imagery	27000	Most recent scene footprints for the soilgrids collection as a GeoJSON ItemCollection — one polygon per acquisition with datetime and asset links.
sci-stac-geobon-gfw-treecover2000	https://stac.geobon.org/collections/gfw-treecover2000/items?limit=100	geojson	100	GEO BON — STAC items: gfw-treecover2000	GEO BON — STAC items: gfw-treecover2000	earthobs	geodata	en	int,satellite,stac,imagery	28800	Most recent scene footprints for the gfw-treecover2000 collection as a GeoJSON ItemCollection — one polygon per acquisition with datetime and asset links.
sci-stac-geobon-gfw-gain	https://stac.geobon.org/collections/gfw-gain/items?limit=100	geojson	100	GEO BON — STAC items: gfw-gain	GEO BON — STAC items: gfw-gain	earthobs	geodata	en	int,satellite,stac,imagery	30600	Most recent scene footprints for the gfw-gain collection as a GeoJSON ItemCollection — one polygon per acquisition with datetime and asset links.
sci-stac-es84-sentinel-2-pre-c1-l2a	https://earth-search.aws.element84.com/v1/collections/sentinel-2-pre-c1-l2a/items?limit=100	geojson	100	Element 84 Earth Search — STAC items: sentinel-2-pre-c1-l2a	Element 84 Earth Search — STAC items: sentinel-2-pre-c1-l2a	earthobs	geodata	en	usa,satellite,stac,imagery	21600	Most recent scene footprints for the sentinel-2-pre-c1-l2a collection as a GeoJSON ItemCollection — one polygon per acquisition with datetime and asset links.
sci-stac-es84-cop-dem-glo-30	https://earth-search.aws.element84.com/v1/collections/cop-dem-glo-30/items?limit=100	geojson	100	Element 84 Earth Search — STAC items: cop-dem-glo-30	Element 84 Earth Search — STAC items: cop-dem-glo-30	earthobs	geodata	en	usa,satellite,stac,imagery	23400	Most recent scene footprints for the cop-dem-glo-30 collection as a GeoJSON ItemCollection — one polygon per acquisition with datetime and asset links.
sci-stac-es84-naip	https://earth-search.aws.element84.com/v1/collections/naip/items?limit=100	geojson	100	Element 84 Earth Search — STAC items: naip	Element 84 Earth Search — STAC items: naip	earthobs	geodata	en	usa,satellite,stac,imagery	25200	Most recent scene footprints for the naip collection as a GeoJSON ItemCollection — one polygon per acquisition with datetime and asset links.
sci-stac-es84-cop-dem-glo-90	https://earth-search.aws.element84.com/v1/collections/cop-dem-glo-90/items?limit=100	geojson	100	Element 84 Earth Search — STAC items: cop-dem-glo-90	Element 84 Earth Search — STAC items: cop-dem-glo-90	earthobs	geodata	en	usa,satellite,stac,imagery	27000	Most recent scene footprints for the cop-dem-glo-90 collection as a GeoJSON ItemCollection — one polygon per acquisition with datetime and asset links.
sci-stac-dlr-s5p-tropomi-l3-p1d-cf	https://geoservice.dlr.de/eoc/ogc/stac/v1/collections/S5P_TROPOMI_L3_P1D_CF/items?limit=100	geojson	100	DLR EOC — STAC items: s5p-tropomi-l3-p1d-cf	DLR EOC — STAC items: s5p-tropomi-l3-p1d-cf	earthobs	geodata	en	deu,satellite,stac,imagery	23400	Most recent scene footprints for the s5p-tropomi-l3-p1d-cf collection as a GeoJSON ItemCollection — one polygon per acquisition with datetime and asset links.
sci-stac-dlr-s5p-tropomi-l3-p1d-cot	https://geoservice.dlr.de/eoc/ogc/stac/v1/collections/S5P_TROPOMI_L3_P1D_COT/items?limit=100	geojson	100	DLR EOC — STAC items: s5p-tropomi-l3-p1d-cot	DLR EOC — STAC items: s5p-tropomi-l3-p1d-cot	earthobs	geodata	en	deu,satellite,stac,imagery	25200	Most recent scene footprints for the s5p-tropomi-l3-p1d-cot collection as a GeoJSON ItemCollection — one polygon per acquisition with datetime and asset links.
sci-stac-dlr-s5p-tropomi-l3-p1d-cth	https://geoservice.dlr.de/eoc/ogc/stac/v1/collections/S5P_TROPOMI_L3_P1D_CTH/items?limit=100	geojson	100	DLR EOC — STAC items: s5p-tropomi-l3-p1d-cth	DLR EOC — STAC items: s5p-tropomi-l3-p1d-cth	earthobs	geodata	en	deu,satellite,stac,imagery	27000	Most recent scene footprints for the s5p-tropomi-l3-p1d-cth collection as a GeoJSON ItemCollection — one polygon per acquisition with datetime and asset links.
sci-stac-dlr-s5p-tropomi-l3-p1d-hcho	https://geoservice.dlr.de/eoc/ogc/stac/v1/collections/S5P_TROPOMI_L3_P1D_HCHO/items?limit=100	geojson	100	DLR EOC — STAC items: s5p-tropomi-l3-p1d-hcho	DLR EOC — STAC items: s5p-tropomi-l3-p1d-hcho	earthobs	geodata	en	deu,satellite,stac,imagery	28800	Most recent scene footprints for the s5p-tropomi-l3-p1d-hcho collection as a GeoJSON ItemCollection — one polygon per acquisition with datetime and asset links.
sci-stac-dlr-s5p-tropomi-l3-p1d-o3	https://geoservice.dlr.de/eoc/ogc/stac/v1/collections/S5P_TROPOMI_L3_P1D_O3/items?limit=100	geojson	100	DLR EOC — STAC items: s5p-tropomi-l3-p1d-o3	DLR EOC — STAC items: s5p-tropomi-l3-p1d-o3	earthobs	geodata	en	deu,satellite,stac,imagery	30600	Most recent scene footprints for the s5p-tropomi-l3-p1d-o3 collection as a GeoJSON ItemCollection — one polygon per acquisition with datetime and asset links.
sci-stac-dlr-s5p-tropomi-l3-p1d-so2	https://geoservice.dlr.de/eoc/ogc/stac/v1/collections/S5P_TROPOMI_L3_P1D_SO2/items?limit=100	geojson	100	DLR EOC — STAC items: s5p-tropomi-l3-p1d-so2	DLR EOC — STAC items: s5p-tropomi-l3-p1d-so2	earthobs	geodata	en	deu,satellite,stac,imagery	32400	Most recent scene footprints for the s5p-tropomi-l3-p1d-so2 collection as a GeoJSON ItemCollection — one polygon per acquisition with datetime and asset links.
sci-stac-eoapi-copernicus-dem	https://stac.eoapi.dev/collections/copernicus-dem/items?limit=100	geojson	100	Development Seed eoAPI — STAC items: copernicus-dem	Development Seed eoAPI — STAC items: copernicus-dem	earthobs	geodata	en	usa,satellite,stac,imagery	23400	Most recent scene footprints for the copernicus-dem collection as a GeoJSON ItemCollection — one polygon per acquisition with datetime and asset links.
sci-stac-eoapi-maxar-afghanistan-earthquake22	https://stac.eoapi.dev/collections/MAXAR_afghanistan_earthquake22/items?limit=100	geojson	100	Development Seed eoAPI — STAC items: maxar-afghanistan-earthquake22	Development Seed eoAPI — STAC items: maxar-afghanistan-earthquake22	earthobs	geodata	en	usa,satellite,stac,imagery	25200	Most recent scene footprints for the maxar-afghanistan-earthquake22 collection as a GeoJSON ItemCollection — one polygon per acquisition with datetime and asset links.
sci-stac-eoapi-maxar-bayofbengal-cyclone-mocha-may-23	https://stac.eoapi.dev/collections/MAXAR_BayofBengal_Cyclone_Mocha_May_23/items?limit=100	geojson	100	Development Seed eoAPI — STAC items: maxar-bayofbengal-cyclone-mocha-may-23	Development Seed eoAPI — STAC items: maxar-bayofbengal-cyclone-mocha-may-23	earthobs	geodata	en	usa,satellite,stac,imagery	27000	Most recent scene footprints for the maxar-bayofbengal-cyclone-mocha-may-23 collection as a GeoJSON ItemCollection — one polygon per acquisition with datetime and asset links.
sci-stac-eoapi-maxar-cyclone-emnati22	https://stac.eoapi.dev/collections/MAXAR_cyclone_emnati22/items?limit=100	geojson	100	Development Seed eoAPI — STAC items: maxar-cyclone-emnati22	Development Seed eoAPI — STAC items: maxar-cyclone-emnati22	earthobs	geodata	en	usa,satellite,stac,imagery	28800	Most recent scene footprints for the maxar-cyclone-emnati22 collection as a GeoJSON ItemCollection — one polygon per acquisition with datetime and asset links.
sci-stac-eoapi-maxar-emilia-romagna-italy-flooding-may2	https://stac.eoapi.dev/collections/MAXAR_Emilia_Romagna_Italy_flooding_may23/items?limit=100	geojson	100	Development Seed eoAPI — STAC items: maxar-emilia-romagna-italy-flooding-may2	Development Seed eoAPI — STAC items: maxar-emilia-romagna-italy-flooding-may2	earthobs	geodata	en	usa,satellite,stac,imagery	30600	Most recent scene footprints for the maxar-emilia-romagna-italy-flooding-may2 collection as a GeoJSON ItemCollection — one polygon per acquisition with datetime and asset links.
sci-stac-eoapi-maxar-gambia-flooding-8-11-2022	https://stac.eoapi.dev/collections/MAXAR_Gambia_flooding_8_11_2022/items?limit=100	geojson	80	Development Seed eoAPI — STAC items: maxar-gambia-flooding-8-11-2022	Development Seed eoAPI — STAC items: maxar-gambia-flooding-8-11-2022	earthobs	geodata	en	usa,satellite,stac,imagery	32400	Most recent scene footprints for the maxar-gambia-flooding-8-11-2022 collection as a GeoJSON ItemCollection — one polygon per acquisition with datetime and asset links.
sci-stac-inpe-mod13q1-6-1	https://data.inpe.br/bdc/stac/v1/collections/mod13q1-6.1/items?limit=100	geojson	100	INPE Brazil Data Cube — STAC items: mod13q1-6-1	INPE Brazil Data Cube — STAC items: mod13q1-6-1	earthobs	geodata	en	bra,satellite,stac,imagery	23400	Most recent scene footprints for the mod13q1-6-1 collection as a GeoJSON ItemCollection — one polygon per acquisition with datetime and asset links.
sci-stac-inpe-s3-olci-rrs-water-1	https://data.inpe.br/bdc/stac/v1/collections/s3-olci-rrs-water-1/items?limit=100	geojson	100	INPE Brazil Data Cube — STAC items: s3-olci-rrs-water-1	INPE Brazil Data Cube — STAC items: s3-olci-rrs-water-1	earthobs	geodata	en	bra,satellite,stac,imagery	25200	Most recent scene footprints for the s3-olci-rrs-water-1 collection as a GeoJSON ItemCollection — one polygon per acquisition with datetime and asset links.
sci-stac-inpe-mosaic-landsat-sp-6m-1	https://data.inpe.br/bdc/stac/v1/collections/mosaic-landsat-sp-6m-1/items?limit=100	geojson	6	INPE Brazil Data Cube — STAC items: mosaic-landsat-sp-6m-1	INPE Brazil Data Cube — STAC items: mosaic-landsat-sp-6m-1	earthobs	geodata	en	bra,satellite,stac,imagery	27000	Most recent scene footprints for the mosaic-landsat-sp-6m-1 collection as a GeoJSON ItemCollection — one polygon per acquisition with datetime and asset links.
sci-stac-inpe-modisa-ocsmart-poc-daily-1	https://data.inpe.br/bdc/stac/v1/collections/MODISA-OCSMART-POC-DAILY-1/items?limit=100	geojson	100	INPE Brazil Data Cube — STAC items: modisa-ocsmart-poc-daily-1	INPE Brazil Data Cube — STAC items: modisa-ocsmart-poc-daily-1	earthobs	geodata	en	bra,satellite,stac,imagery	28800	Most recent scene footprints for the modisa-ocsmart-poc-daily-1 collection as a GeoJSON ItemCollection — one polygon per acquisition with datetime and asset links.
sci-ogcf-idee-existinglanduseobject	https://api-features.idee.es/collections/existinglanduseobject/items?f=json&limit=200	geojson	200	Spain IGN OGC API Features — existinglanduseobject	Spain IGN OGC API Features — existinglanduseobject	earthobs	geodata	es	esp,geodata,inspire	45000	INSPIRE-harmonised GeoJSON features from the Spanish national mapping agency 'existinglanduseobject' collection.
sci-ogcf-idee-landcoverunit	https://api-features.idee.es/collections/landcoverunit/items?f=json&limit=200	geojson	200	Spain IGN OGC API Features — landcoverunit	Spain IGN OGC API Features — landcoverunit	earthobs	geodata	es	esp,geodata,inspire	46800	INSPIRE-harmonised GeoJSON features from the Spanish national mapping agency 'landcoverunit' collection.
sci-ogcf-idee-hydronode	https://api-features.idee.es/collections/hydronode/items?f=json&limit=200	geojson	200	Spain IGN OGC API Features — hydronode	Spain IGN OGC API Features — hydronode	earthobs	geodata	es	esp,geodata,inspire	48600	INSPIRE-harmonised GeoJSON features from the Spanish national mapping agency 'hydronode' collection.
sci-ogcf-idee-watercourselink	https://api-features.idee.es/collections/watercourselink/items?f=json&limit=200	geojson	100	Spain IGN OGC API Features — watercourselink	Spain IGN OGC API Features — watercourselink	earthobs	geodata	es	esp,geodata,inspire	50400	INSPIRE-harmonised GeoJSON features from the Spanish national mapping agency 'watercourselink' collection.
sci-ogcf-usgswater-latest-continuous	https://api.waterdata.usgs.gov/ogcapi/v0/collections/latest-continuous/items?f=json&limit=200	geojson	200	USGS Water Data OGC API — latest-continuous	USGS Water Data OGC API — latest-continuous	ocean_cryo	hydrology	en	usa,water,hydrology,gauge	3600	GeoJSON features for the USGS 'latest-continuous' collection: monitoring locations and observations with per-record coordinates.
sci-ogcf-usgswater-continuous	https://api.waterdata.usgs.gov/ogcapi/v0/collections/continuous/items?f=json&limit=200	geojson	200	USGS Water Data OGC API — continuous	USGS Water Data OGC API — continuous	ocean_cryo	hydrology	en	usa,water,hydrology,gauge	45000	GeoJSON features for the USGS 'continuous' collection: monitoring locations and observations with per-record coordinates.
sci-ogcf-usgswater-latest-daily	https://api.waterdata.usgs.gov/ogcapi/v0/collections/latest-daily/items?f=json&limit=200	geojson	200	USGS Water Data OGC API — latest-daily	USGS Water Data OGC API — latest-daily	ocean_cryo	hydrology	en	usa,water,hydrology,gauge	7200	GeoJSON features for the USGS 'latest-daily' collection: monitoring locations and observations with per-record coordinates.
sci-ogcf-usgswater-daily	https://api.waterdata.usgs.gov/ogcapi/v0/collections/daily/items?f=json&limit=200	geojson	200	USGS Water Data OGC API — daily	USGS Water Data OGC API — daily	ocean_cryo	hydrology	en	usa,water,hydrology,gauge	48600	GeoJSON features for the USGS 'daily' collection: monitoring locations and observations with per-record coordinates.
sci-ogcf-usgswater-latest-field-measurements	https://api.waterdata.usgs.gov/ogcapi/v0/collections/latest-field-measurements/items?f=json&limit=200	geojson	200	USGS Water Data OGC API — latest-field-measurements	USGS Water Data OGC API — latest-field-measurements	ocean_cryo	hydrology	en	usa,water,hydrology,gauge	10800	GeoJSON features for the USGS 'latest-field-measurements' collection: monitoring locations and observations with per-record coordinates.
sci-ogcf-usgswater-field-measurements	https://api.waterdata.usgs.gov/ogcapi/v0/collections/field-measurements/items?f=json&limit=200	geojson	200	USGS Water Data OGC API — field-measurements	USGS Water Data OGC API — field-measurements	ocean_cryo	hydrology	en	usa,water,hydrology,gauge	52200	GeoJSON features for the USGS 'field-measurements' collection: monitoring locations and observations with per-record coordinates.
sci-ogcf-usgswater-channel-measurements	https://api.waterdata.usgs.gov/ogcapi/v0/collections/channel-measurements/items?f=json&limit=200	geojson	200	USGS Water Data OGC API — channel-measurements	USGS Water Data OGC API — channel-measurements	ocean_cryo	hydrology	en	usa,water,hydrology,gauge	54000	GeoJSON features for the USGS 'channel-measurements' collection: monitoring locations and observations with per-record coordinates.
sci-ogcf-usgswater-combined-metadata	https://api.waterdata.usgs.gov/ogcapi/v0/collections/combined-metadata/items?f=json&limit=200	geojson	200	USGS Water Data OGC API — combined-metadata	USGS Water Data OGC API — combined-metadata	ocean_cryo	hydrology	en	usa,water,hydrology,gauge	43200	GeoJSON features for the USGS 'combined-metadata' collection: monitoring locations and observations with per-record coordinates.
sci-geosphere-station-historical-histalp-v1-1y	https://dataset.api.hub.geosphere.at/v1/station/historical/histalp-v1-1y/metadata	json:stations	91	GeoSphere Austria — station metadata: station-historical-histalp-v1-1y	GeoSphere Austria — station metadata: station-historical-histalp-v1-1y	climate_air	environment	de	aut,weather,station,climate	88200	Station list with coordinates and record periods for the GeoSphere Austria station-historical-histalp-v1-1y dataset — the geometry layer for Austrian climate observations.
sci-geosphere-station-historical-klima-v1-1d	https://dataset.api.hub.geosphere.at/v1/station/historical/klima-v1-1d/metadata	json:stations	958	GeoSphere Austria — station metadata: station-historical-klima-v1-1d	GeoSphere Austria — station metadata: station-historical-klima-v1-1d	climate_air	environment	de	aut,weather,station,climate	90000	Station list with coordinates and record periods for the GeoSphere Austria station-historical-klima-v1-1d dataset — the geometry layer for Austrian climate observations.
sci-geosphere-station-historical-klima-v1-10min	https://dataset.api.hub.geosphere.at/v1/station/historical/klima-v1-10min/metadata	json:stations	261	GeoSphere Austria — station metadata: station-historical-klima-v1-10min	GeoSphere Austria — station metadata: station-historical-klima-v1-10min	climate_air	environment	de	aut,weather,station,climate	91800	Station list with coordinates and record periods for the GeoSphere Austria station-historical-klima-v1-10min dataset — the geometry layer for Austrian climate observations.
sci-geosphere-station-historical-klima-v2-10min	https://dataset.api.hub.geosphere.at/v1/station/historical/klima-v2-10min/metadata	json:stations	529	GeoSphere Austria — station metadata: station-historical-klima-v2-10min	GeoSphere Austria — station metadata: station-historical-klima-v2-10min	climate_air	environment	de	aut,weather,station,climate	93600	Station list with coordinates and record periods for the GeoSphere Austria station-historical-klima-v2-10min dataset — the geometry layer for Austrian climate observations.
sci-geosphere-station-historical-klima-v2-1y	https://dataset.api.hub.geosphere.at/v1/station/historical/klima-v2-1y/metadata	json:stations	1141	GeoSphere Austria — station metadata: station-historical-klima-v2-1y	GeoSphere Austria — station metadata: station-historical-klima-v2-1y	climate_air	environment	de	aut,weather,station,climate	95400	Station list with coordinates and record periods for the GeoSphere Austria station-historical-klima-v2-1y dataset — the geometry layer for Austrian climate observations.
sci-geosphere-station-historical-tawes-v1-10min	https://dataset.api.hub.geosphere.at/v1/station/historical/tawes-v1-10min/metadata	json:stations	288	GeoSphere Austria — station metadata: station-historical-tawes-v1-10min	GeoSphere Austria — station metadata: station-historical-tawes-v1-10min	climate_air	environment	de	aut,weather,station,climate	97200	Station list with coordinates and record periods for the GeoSphere Austria station-historical-tawes-v1-10min dataset — the geometry layer for Austrian climate observations.
sci-geosphere-station-historical-synop-v1-1h	https://dataset.api.hub.geosphere.at/v1/station/historical/synop-v1-1h/metadata	json:stations	163	GeoSphere Austria — station metadata: station-historical-synop-v1-1h	GeoSphere Austria — station metadata: station-historical-synop-v1-1h	climate_air	environment	de	aut,weather,station,climate	88200	Station list with coordinates and record periods for the GeoSphere Austria station-historical-synop-v1-1h dataset — the geometry layer for Austrian climate observations.
cyb-alpine-secdb-edge-main	https://secdb.alpinelinux.org/edge/main.json	json:packages	284	Alpine Linux — secdb edge/main advisories	Alpine Linux セキュリティDB edge/main	cyber_advisory	cyber	en	alpine,cve,advisory,linux	21600	Per-package fixed-CVE list for the Alpine edge main repository, used to map container images to known vulnerabilities.
cyb-alpine-secdb-edge-community	https://secdb.alpinelinux.org/edge/community.json	json:packages	476	Alpine Linux — secdb edge/community advisories	Alpine Linux セキュリティDB edge/community	cyber_advisory	cyber	en	alpine,cve,advisory,linux	43200	Per-package fixed-CVE list for the Alpine edge community repository.
cyb-ubuntu-releases-json	https://ubuntu.com/security/releases.json	json:releases	46	Canonical — Ubuntu release support and ESM status	Canonical Ubuntu リリース支援状況	cyber_advisory	cyber	en	gbr,ubuntu,linux,advisory	86400	Support window, ESM status and end-of-life dates for every Ubuntu release, needed to judge whether a host is still receiving security fixes.
cyb-gentoo-glsa-atom	https://security.gentoo.org/glsa/feed.atom	atom	50	Gentoo — Linux security advisories (GLSA) Atom	Gentoo セキュリティ勧告 Atom	cyber_advisory	cyber	en	gentoo,linux,cve,advisory	10800	Gentoo Linux Security Advisories in Atom form, each naming affected packages and fixed versions.
cyb-rustsec-feed	https://rustsec.org/feed.xml	atom	17	RustSec — Rust crate advisory database feed	RustSec Rustクレート脆弱性DB	cyber_advisory	cyber	en	rust,supply-chain,cve,advisory	10800	New advisories for Rust crates, including unmaintained-crate and unsound-code notices that never reach CVE.
cyb-drupal-psa-rss	https://www.drupal.org/security/psa/rss.xml	rss	20	Drupal — public service announcements	Drupal 公開セキュリティ告知	cyber_advisory	cyber	en	drupal,cms,advisory,web	21600	Advance notices of upcoming Drupal security releases and mass-exploitation warnings.
cyb-wordfence-feed	https://www.wordfence.com/feed/	rss	10	Wordfence — WordPress threat research	Wordfence WordPress脅威研究	cyber_advisory	cyber	en	usa,wordpress,cms,threat-intel	10800	WordPress plugin and theme vulnerability disclosures plus active exploitation campaigns against WordPress sites.
cyb-googlesecurity-blog-rss	https://security.googleblog.com/feeds/posts/default?alt=rss	atom	25	Google — Security Blog	Google セキュリティブログ	cyber_advisory	cyber	en	usa,google,threat-intel,advisory	10800	Google engineering write-ups on platform security changes, exploitation trends and new defensive tooling.
cyb-atlas-probes-100	https://atlas.ripe.net/api/v2/probes/?format=json&page_size=100	json:results	100	RIPE Atlas — measurement probe inventory	RIPE Atlas 計測プローブ一覧	net_infra	infrastructure	en	global,ripe,measurement,network	43200	Registered RIPE Atlas probes with ASN, country and connection state — the vantage-point map behind active internet measurement.
cyb-atlas-measurements-100	https://atlas.ripe.net/api/v2/measurements/?format=json&page_size=100	json:results	100	RIPE Atlas — public measurement catalogue	RIPE Atlas 公開計測一覧	net_infra	infrastructure	en	global,ripe,measurement,network	21600	Public measurements running on RIPE Atlas, including targets and measurement types.
cyb-atlas-anchor-measurements	https://atlas.ripe.net/api/v2/anchor-measurements/?format=json&page_size=100	json:results	100	RIPE Atlas — anchor mesh measurements	RIPE Atlas アンカー計測	net_infra	infrastructure	en	global,ripe,measurement,network	86400	The anchor-to-anchor measurement mesh used as the reference baseline for inter-network latency.
cyb-ripe-atlas-anchors-p2	https://atlas.ripe.net/api/v2/anchors/?format=json&page_size=100&page=2	json:results	100	RIPE Atlas — anchors (page 2)	RIPE Atlas アンカー一覧 2ページ目	net_infra	infrastructure	en	global,ripe,measurement,network	86400	Second page of the RIPE Atlas anchor inventory, giving hosting network and location for each anchor.
cyb-ripe-atlas-measurement-types	https://atlas.ripe.net/api/v2/measurements/?format=json&page_size=50&type=traceroute	json:results	50	RIPE Atlas — public traceroute measurements	RIPE Atlas 公開トレースルート計測	net_infra	infrastructure	en	global,ripe,traceroute,network	21600	Currently defined public traceroute measurements, useful for spotting who is probing which network.
cyb-ripe-atlas-probes-asn	https://atlas.ripe.net/api/v2/probes/?format=json&page_size=100&status=1	json:results	100	RIPE Atlas — connected probes	RIPE Atlas 接続中プローブ	net_infra	infrastructure	en	global,ripe,measurement,network	21600	Probes currently reporting as connected, a rough proxy for consumer-network reachability by country.
cyb-icann-gtlds-v2	https://www.icann.org/resources/registries/gtlds/v2/gtlds.json	json:gTLDs	1276	ICANN — generic top-level domain registry list	ICANN gTLD一覧	net_infra	infrastructure	en	global,dns,icann,registry	86400	Every delegated gTLD with its registry operator, contract dates and delegation or removal status.
cyb-publicdns-nameservers-csv	https://public-dns.info/nameservers.csv	csv	1464	public-dns.info — open resolver inventory	public-dns.info 公開DNSリゾルバ一覧	net_infra	infrastructure	en	global,dns,resolver,network	86400	Open recursive DNS resolvers worldwide with country, ASN and reliability score.
cyb-iana-service-names-csv	https://www.iana.org/assignments/service-names-port-numbers/service-names-port-numbers.csv	csv	2930	IANA — service names and port number registry	IANA サービス名・ポート番号レジストリ	net_infra	infrastructure	en	global,iana,ports,registry	86400	Authoritative mapping of TCP and UDP port numbers to service names, used to label scan and netflow data.
cyb-ietf-documents	https://datatracker.ietf.org/api/v1/doc/document/?limit=50&format=json	json:objects	50	IETF Datatracker — internet-draft and RFC documents	IETF Datatracker 文書一覧	net_infra	infrastructure	en	global,ietf,standards,internet	43200	Internet-Drafts and RFCs with state, authors and working group, tracking where internet standards are heading.
cyb-ietf-groups	https://datatracker.ietf.org/api/v1/group/group/?limit=50&format=json	json:objects	50	IETF Datatracker — working groups	IETF Datatracker ワーキンググループ	net_infra	infrastructure	en	global,ietf,standards,internet	86400	IETF working groups, areas and their chartering state.
cyb-ietf-meetings	https://datatracker.ietf.org/api/v1/meeting/meeting/?limit=50&format=json	json:objects	50	IETF Datatracker — meetings	IETF Datatracker 会合一覧	net_infra	infrastructure	en	global,ietf,standards,internet	86400	Scheduled and past IETF meetings with dates and locations.
cyb-ripe-ncc-news-rss	https://www.ripe.net/rss/	rss	20	RIPE NCC — announcements and news	RIPE NCC お知らせ	net_infra	infrastructure	en	eur,ripe,rir,policy	10800	RIPE NCC announcements covering address-policy changes, service outages and registry operations.
cyb-ripe-rpki-roas	https://stat.ripe.net/data/rpki-roas/data.json?resource=AS3333	json:data.roas	11	RIPEstat — RPKI ROAs for RIPE NCC AS3333	RIPEstat RPKI ROA (AS3333)	net_infra	infrastructure	en	eur,rpki,bgp,routing	86400	Route Origin Authorisations published for a reference ASN, a working sample of the RPKI repository state.
cyb-bgpkit-broker-collectors	https://api.broker.bgpkit.com/v3/collectors	json:data	82	BGPKIT Broker — MRT route collector inventory	BGPKIT Broker MRT収集機一覧	net_infra	infrastructure	en	global,bgp,routing,mrt	86400	All RouteViews and RIPE RIS route collectors known to BGPKIT, with their data cadence and coverage.
cyb-ihr-countries-nofmt	https://ihr.iijlab.net/ihr/api/countries/	json:results	253	IIJ Internet Health Report — country index	IIJ インターネットヘルスレポート 国別索引	net_infra	infrastructure	en	global,routing,measurement,network	86400	Country-level entries of the Internet Health Report, the entry point to AS-hegemony and delay analysis per economy.
cyb-mlab-hostnames	https://siteinfo.mlab-oti.measurementlab.net/v2/sites/hostnames.json	json-array	7056	M-Lab — measurement platform hostnames	M-Lab 計測基盤ホスト一覧	net_infra	infrastructure	en	global,measurement,network,bandwidth	86400	Every M-Lab measurement server with site, machine and IPv4/IPv6 address — the physical footprint of the public speed-test platform.
cyb-tor-metrics-relay-summary	https://onionoo.torproject.org/summary?type=relay&limit=200	json:relays	200	Tor Project Onionoo — relay summary	Tor Onionoo リレー概要	net_infra	infrastructure	en	global,tor,anonymity,network	10800	Running Tor relays with fingerprint, addresses and running state.
cyb-tor-bridges-summary	https://onionoo.torproject.org/summary?type=bridge&limit=100	json:bridges	100	Tor Project Onionoo — bridge summary	Tor Onionoo ブリッジ概要	net_infra	infrastructure	en	global,tor,anonymity,censorship	21600	Tor bridge summaries, the censorship-circumvention side of the Tor network.
cyb-tor-clients	https://onionoo.torproject.org/clients?limit=50	json:bridges	50	Tor Project Onionoo — bridge client estimates	Tor Onionoo ブリッジ利用者推計	net_infra	infrastructure	en	global,tor,censorship,network	21600	Estimated client counts per bridge by country, a leading indicator of new national blocking events.
cyb-tor-weights	https://onionoo.torproject.org/weights?limit=50	json:relays	50	Tor Project Onionoo — relay consensus weights	Tor Onionoo リレー重み	net_infra	infrastructure	en	global,tor,anonymity,network	21600	Historical consensus weight and bandwidth per relay, showing which operators carry Tor traffic.
cyb-onionoo-details-bridge	https://onionoo.torproject.org/details?type=bridge&limit=50	json:bridges	48	Tor Project Onionoo — bridge details	Tor Onionoo ブリッジ詳細	net_infra	infrastructure	en	global,tor,censorship,network	43200	Full bridge records including transports offered and first-seen dates.
cyb-cloudflare-status-components	https://www.cloudflarestatus.com/api/v2/components.json	json:components	472	Cloudflare — per-datacentre status components	Cloudflare データセンター別稼働状況	net_infra	infrastructure	en	global,cdn,outage,network	3600	Operational state of every Cloudflare point of presence, a fast read on regional internet disruption.
cyb-digitalocean-status	https://status.digitalocean.com/api/v2/incidents.json	json:incidents	50	DigitalOcean — service incidents	DigitalOcean 障害情報	net_infra	infrastructure	en	usa,cloud,outage,hosting	3600	Incident history for DigitalOcean regions and services.
cyb-linode-status	https://status.linode.com/api/v2/incidents.json	json:incidents	50	Akamai Linode — service incidents	Akamai Linode 障害情報	net_infra	infrastructure	en	usa,cloud,outage,hosting	3600	Incident history for Linode compute regions, frequently the hosting layer behind abused infrastructure.
cyb-atlassian-status	https://status.atlassian.com/api/v2/incidents.json	json:incidents	34	Atlassian — service incidents	Atlassian 障害情報	net_infra	infrastructure	en	aus,saas,outage	7200	Incident history for Atlassian cloud services.
cyb-npm-status-incidents	https://status.npmjs.org/api/v2/incidents.json	json:incidents	50	npm — registry incidents	npm レジストリ障害情報	net_infra	infrastructure	en	usa,npm,supply-chain,outage	3600	npm registry incident history, relevant to software supply-chain availability and integrity events.
cyb-discord-status	https://discordstatus.com/api/v2/incidents.json	json:incidents	50	Discord — platform incidents	Discord 障害情報	net_infra	infrastructure	en	usa,platform,outage	7200	Discord platform incident history.
cyb-zoom-status	https://status.zoom.us/api/v2/incidents.json	json:incidents	50	Zoom — service incidents	Zoom 障害情報	net_infra	infrastructure	en	usa,saas,outage	7200	Zoom service incident history.
cyb-heroku-status	https://status.heroku.com/api/v4/current-status	json:status	3	Heroku — current platform status	Heroku 稼働状況	net_infra	infrastructure	en	usa,cloud,outage,hosting	3600	Current status of Heroku application and data services.
cyb-vercel-status	https://www.vercel-status.com/api/v2/incidents.json	json:incidents	50	Vercel — platform incidents	Vercel 障害情報	net_infra	infrastructure	en	usa,cloud,outage,hosting	7200	Vercel edge and build platform incident history.
cyb-datadog-status	https://status.datadoghq.com/api/v2/incidents.json	json:incidents	50	Datadog — service incidents	Datadog 障害情報	net_infra	infrastructure	en	usa,saas,outage,monitoring	7200	Datadog incident history across its regional sites.
cyb-mongodb-status	https://status.mongodb.com/api/v2/incidents.json	json:incidents	50	MongoDB Atlas — service incidents	MongoDB Atlas 障害情報	net_infra	infrastructure	en	usa,cloud,outage,database	7200	MongoDB Atlas incident history by cloud region.
cyb-python-status	https://status.python.org/api/v2/incidents.json	json:incidents	50	Python Software Foundation — PyPI and infrastructure incidents	Python基盤・PyPI 障害情報	net_infra	infrastructure	en	usa,pypi,supply-chain,outage	7200	Incidents affecting PyPI and other Python Software Foundation infrastructure.
cyb-crates-status	https://status.crates.io/api/v2/incidents.json	json:incidents	48	crates.io — registry incidents	crates.io 障害情報	net_infra	infrastructure	en	usa,rust,supply-chain,outage	7200	Incident history for the Rust crate registry.
cyb-twilio-status	https://status.twilio.com/api/v2/incidents.json	json:incidents	50	Twilio — communications platform incidents	Twilio 障害情報	net_infra	infrastructure	en	usa,telecom,outage,saas	7200	Twilio SMS, voice and verification incident history, relevant to OTP delivery failures.
cyb-sendgrid-status	https://status.sendgrid.com/api/v2/incidents.json	json:incidents	50	Twilio SendGrid — email delivery incidents	SendGrid メール配信障害情報	net_infra	infrastructure	en	usa,email,outage,saas	7200	SendGrid email delivery incident history.
cyb-statuspage-meta	https://metastatuspage.com/api/v2/incidents.json	json:incidents	50	Atlassian Statuspage — platform incidents	Statuspage 障害情報	net_infra	infrastructure	en	usa,saas,outage	7200	Incidents affecting Statuspage itself, the platform most status pages are hosted on.
cyb-debian-dla-rdf2	https://www.debian.org/lts/security/dla.rdf	rss	27	Debian — Long Term Support security advisories	Debian LTS セキュリティ勧告	cyber_advisory	cyber	en	debian,linux,cve,advisory	10800	Debian LTS advisories covering older releases that no longer receive mainline DSAs.
cyb-debian-dla-long-rdf	https://www.debian.org/lts/security/dla-long.rdf	rss	27	Debian — LTS advisories with full text	Debian LTS 勧告 (全文)	cyber_advisory	cyber	en	debian,linux,cve,advisory	21600	Full-text Debian LTS advisories, including affected package versions and CVE lists.
cyb-mozilla-security-blog	https://blog.mozilla.org/security/feed/	rss	10	Mozilla — Security Blog	Mozilla セキュリティブログ	cyber_advisory	cyber	en	usa,mozilla,browser,advisory	10800	Mozilla posts on Firefox platform security changes, certificate policy and web PKI incidents.
cyb-volexity-feed	https://www.volexity.com/feed/	rss	10	Volexity — threat research	Volexity 脅威研究	cyber_advisory	cyber	en	usa,threat-intel,apt,incident-response	10800	Incident-response driven analyses of targeted intrusions, frequently the first public detail on new zero-days.
cyb-trendmicro-feedburner	https://feeds.feedburner.com/TrendMicroSimplySecurity	rss	50	Trend Micro — security research	トレンドマイクロ セキュリティ研究	cyber_advisory	cyber	en	jpn,threat-intel,malware,research	10800	Trend Micro research on malware families, ransomware operations and cloud attack techniques.
cyb-sentinelone-labs-rss	https://www.sentinelone.com/labs/feed/	rss	10	SentinelOne — SentinelLabs research	SentinelLabs 脅威研究	cyber_advisory	cyber	en	usa,threat-intel,malware,research	10800	SentinelLabs reverse-engineering reports on malware and state-linked intrusion sets.
cyb-securityweek-rss	https://feeds.feedburner.com/securityweek	rss	10	SecurityWeek — cybersecurity news	SecurityWeek セキュリティニュース	cyber_advisory	cyber	en	usa,news,threat-intel	3600	Industry reporting on breaches, vulnerability disclosures and enforcement actions.
cyb-certpl-feed	https://cert.pl/en/feed/	rss	100	CERT Polska — advisories and analyses	CERT Polska 勧告・分析	cyber_advisory	cyber	en	pol,cert,advisory,threat-intel	10800	Polish national CERT advisories, phishing campaign reports and malware analyses in English.
cyb-zscaler-research-rss	https://www.zscaler.com/blogs/feeds/security-research	rss	50	Zscaler ThreatLabz — security research	Zscaler ThreatLabz 脅威研究	cyber_advisory	cyber	en	usa,threat-intel,malware,research	10800	ThreatLabz analyses of malware delivery chains and cloud-borne attack traffic.
cyb-nviso-blog-rss	https://blog.nviso.eu/feed/	rss	10	NVISO Labs — security research	NVISO Labs セキュリティ研究	cyber_advisory	cyber	en	bel,threat-intel,forensics,research	21600	Belgian consultancy research on detection engineering, mobile and forensics.
cyb-foxit-blog-rss	https://blog.fox-it.com/feed/	rss	10	Fox-IT — security research	Fox-IT セキュリティ研究	cyber_advisory	cyber	en	nld,threat-intel,incident-response,research	21600	Fox-IT and NCC Group Netherlands technical write-ups on intrusions and cryptography.
cyb-datadog-security-labs-rss	https://securitylabs.datadoghq.com/rss/feed.xml	rss	30	Datadog Security Labs — cloud threat research	Datadog Security Labs クラウド脅威研究	cyber_advisory	cyber	en	usa,cloud,threat-intel,research	21600	Cloud-focused attack technique research and detection rules from Datadog.
cyb-industrialcyber-rss	https://industrialcyber.co/feed/	rss	9	Industrial Cyber — ICS and OT security news	Industrial Cyber 制御系セキュリティ	cyber_advisory	cyber	en	global,ics,ot,critical-infrastructure	10800	Reporting on ICS/OT vulnerabilities, regulation and incidents affecting critical infrastructure operators.
cyb-checkmarx-blog-rss	https://checkmarx.com/feed/	rss	10	Checkmarx — application and supply-chain security research	Checkmarx アプリ・サプライチェーン研究	cyber_advisory	cyber	en	isr,supply-chain,appsec,research	21600	Research on malicious packages in open-source registries and application security flaws.
cyb-emsisoft-blog-rss	https://www.emsisoft.com/en/blog/feed/	rss	12	Emsisoft — ransomware research	Emsisoft ランサムウェア研究	cyber_advisory	cyber	en	nzl,ransomware,threat-intel,malware	21600	Ransomware family analyses, decryptor releases and victim-impact reporting.
cyb-truesec-blog-rss	https://www.truesec.com/hub/blog/feed	rss	9	Truesec — incident response research	Truesec インシデント対応研究	cyber_advisory	cyber	en	swe,threat-intel,incident-response	21600	Nordic incident-response findings on ransomware intrusions and initial-access brokers.
cyb-gleif-lei-issuers-page2	https://api.gleif.org/api/v1/lei-records?page%5Bsize%5D=100&page%5Bnumber%5D=1	json:data	100	GLEIF — Legal Entity Identifier records	GLEIF 取引主体識別子レコード	finreg	finance	en	global,lei,corporate,registry	86400	Legal Entity Identifier records with registered legal name, address and registration status for entities worldwide.
cyb-gleif-countries	https://api.gleif.org/api/v1/countries?page%5Bsize%5D=100	json:data	100	GLEIF — country reference list	GLEIF 国コード一覧	finreg	finance	en	global,lei,reference,registry	86400	Country codes used across the LEI system, needed to normalise entity jurisdictions.
cyb-gleif-entity-legal-forms	https://api.gleif.org/api/v1/entity-legal-forms?page%5Bsize%5D=100	json:data	100	GLEIF — entity legal form codes (ELF)	GLEIF 法人形態コード	finreg	finance	en	global,lei,reference,corporate	86400	ISO 20275 legal form codes mapping national company types to a common vocabulary.
cyb-gleif-regions	https://api.gleif.org/api/v1/regions?page%5Bsize%5D=100	json:data	100	GLEIF — subdivision reference list	GLEIF 地域区分一覧	finreg	finance	en	global,lei,reference,registry	86400	ISO 3166-2 subdivisions used in LEI registered addresses.
cyb-gleif-lei-us	https://api.gleif.org/api/v1/lei-records?filter%5Bentity.legalAddress.country%5D=US&page%5Bsize%5D=100	json:data	100	GLEIF — LEI records registered in the United States	GLEIF 米国所在法人LEI	finreg	finance	en	usa,lei,corporate,registry	86400	LEI records whose legal address is in the United States, a jurisdiction slice for counterparty screening.
cyb-gleif-lei-inactive	https://api.gleif.org/api/v1/lei-records?filter%5Bentity.status%5D=INACTIVE&page%5Bsize%5D=100	json:data	100	GLEIF — inactive legal entities	GLEIF 活動停止法人LEI	finreg	finance	en	global,lei,corporate,registry	86400	Entities marked inactive in the LEI system, showing mergers, dissolutions and lapsed registrations.
cyb-fca-warnings-rss	https://www.fca.org.uk/news/warnings/rss.xml	rss	20	UK Financial Conduct Authority — consumer warnings	英FCA 消費者向け警告	finreg	finance	en	gbr,regulator,fraud,warning-list	10800	FCA warnings about unauthorised firms and clone-firm scams operating in the UK market.
cyb-boc-valet-fx-daily	https://www.bankofcanada.ca/valet/observations/group/FX_RATES_DAILY/json?recent=10	json:observations	30	Bank of Canada Valet — daily exchange rates	カナダ銀行 日次為替レート	finreg	finance	en	can,central-bank,fx,economy	43200	Official daily Canadian dollar exchange rates against major currencies.
cyb-boc-bond-yields	https://www.bankofcanada.ca/valet/observations/group/BOND_YIELDS_BENCHMARK/json?recent=10	json:observations	10	Bank of Canada Valet — benchmark bond yields	カナダ銀行 ベンチマーク債利回り	finreg	finance	en	can,central-bank,bonds,economy	43200	Benchmark Government of Canada bond yields across the curve.
cyb-riksbank-series	https://api.riksbank.se/swea/v1/Series	json-array	117	Sveriges Riksbank SWEA — published series catalogue	スウェーデン国立銀行 SWEA 系列一覧	finreg	finance	en	swe,central-bank,economy,statistics	86400	Catalogue of every rate and exchange-rate series the Riksbank publishes through SWEA.
cyb-snb-cube-rendoblim	https://data.snb.ch/api/cube/rendoblim/data/json/en	json:timeseries	13	Swiss National Bank — bond yields data cube	スイス国民銀行 債券利回り	finreg	finance	en	che,central-bank,bonds,economy	86400	Swiss Confederation bond yield time series published by the SNB.
cyb-snb-cube-zimoma	https://data.snb.ch/api/cube/zimoma/data/json/en	json:timeseries	13	Swiss National Bank — money market rates data cube	スイス国民銀行 短期金利	finreg	finance	en	che,central-bank,rates,economy	86400	Swiss money market and policy rate time series.
cyb-snb-cube-devkum	https://data.snb.ch/api/cube/devkum/data/json/en	json:timeseries	54	Swiss National Bank — foreign exchange rates data cube	スイス国民銀行 為替レート	finreg	finance	en	che,central-bank,fx,economy	86400	Monthly Swiss franc exchange rates against a wide currency basket.
cyb-ecb-mrr-series	https://data-api.ecb.europa.eu/service/data/FM/D.U2.EUR.4F.KR.MRR_FR.LEV?lastNObservations=10&format=jsondata	json:dataSets	1	European Central Bank — main refinancing rate series	欧州中央銀行 主要リファイナンス金利	finreg	finance	en	eur,central-bank,rates,economy	43200	The ECB main refinancing operations fixed rate, the euro area policy rate benchmark.
cyb-ecb-hicp-series	https://data-api.ecb.europa.eu/service/data/ICP/M.U2.N.000000.4.ANR?lastNObservations=24&format=jsondata	json:dataSets	1	European Central Bank — euro area HICP inflation	欧州中央銀行 ユーロ圏HICPインフレ率	finreg	finance	en	eur,central-bank,inflation,economy	86400	Euro area harmonised consumer price inflation, annual rate of change.
cyb-ecb-yieldcurve-series	https://data-api.ecb.europa.eu/service/data/YC/B.U2.EUR.4F.G_N_A.SV_C_YM.SR_1Y?lastNObservations=10&format=jsondata	json:dataSets	1	European Central Bank — euro area yield curve one-year spot	欧州中央銀行 ユーロ圏イールドカーブ1年	finreg	finance	en	eur,central-bank,bonds,economy	86400	One-year spot rate from the ECB euro area AAA government yield curve.
cyb-rpo-sk-search	https://api.statistics.sk/rpo/v1/search?fullName=banka&limit=50	json:results	206	Statistical Office of Slovakia — register of legal entities search	スロバキア統計局 法人登記検索	transparency	corporate	sk	svk,corporate,registry,transparency	86400	Slovak register of legal persons, entrepreneurs and public bodies, searchable by name with identifiers and addresses.
cyb-rpvs-sk-plain	https://rpvs.gov.sk/opendatav2/Partneri	json:value	20	Slovakia — register of public sector partners	スロバキア 公共部門パートナー登記	transparency	corporate	sk	svk,beneficial-ownership,corporate,transparency	86400	Slovak beneficial-ownership register for companies contracting with the state, the strongest open BO dataset in the EU.
cyb-brreg-enheter	https://data.brreg.no/enhetsregisteret/api/enheter?size=100	json:_embedded.enheter	100	Brønnøysund Register Centre — Norwegian entity register	ノルウェー企業登記所 法人一覧	transparency	corporate	no	nor,corporate,registry,transparency	86400	Norwegian main company register with organisation number, legal form, industry code and registered address.
cyb-prh-fi-companies	https://avoindata.prh.fi/opendata-ytj-api/v3/companies?totalResults=false&maxResults=100&resultsFrom=0	json:companies	100	Finnish Patent and Registration Office — company register	フィンランド特許登記庁 企業登記	transparency	corporate	fi	fin,corporate,registry,transparency	86400	Finnish business register records with business ID, company form, registration date and addresses.
cyb-prh-fi-companies-p2	https://avoindata.prh.fi/opendata-ytj-api/v3/companies?totalResults=false&maxResults=100&resultsFrom=100	json:companies	100	Finnish Patent and Registration Office — company register page 2	フィンランド特許登記庁 企業登記 2ページ目	transparency	corporate	fi	fin,corporate,registry,transparency	86400	Second page of the Finnish business register feed.
cyb-recherche-entreprises-fr	https://recherche-entreprises.api.gouv.fr/search?q=banque&per_page=25	json:results	25	France — company search API, banking sector slice	仏 企業検索API 銀行分野	transparency	corporate	fr	fra,corporate,registry,transparency	86400	French national company search returning SIREN, legal form, activity code and officers for banking-sector matches.
cyb-recherche-entreprises-fr-assoc	https://recherche-entreprises.api.gouv.fr/search?q=association&per_page=25	json:results	25	France — company search API, associations slice	仏 企業検索API 団体分野	transparency	corporate	fr	fra,corporate,registry,transparency	86400	French entity search slice covering associations, which sit outside the commercial register.
cyb-annuaire-entreprises-near	https://recherche-entreprises.api.gouv.fr/near_point?lat=48.8566&long=2.3522&radius=5&per_page=25	json:results	25	France — company search by geography, Paris centre	仏 企業地理検索 パリ中心部	transparency	corporate	fr	fra,corporate,registry,geo	86400	Registered French establishments within a radius of a coordinate, giving company presence on the ground.
cyb-rechtspraak-nl-atom	https://data.rechtspraak.nl/uitspraken/zoeken?max=100&sort=DESC	atom	100	Rechtspraak.nl — Dutch court judgments feed	オランダ司法 判決フィード	transparency	legal	nl	nld,court,judgments,legal	10800	Most recently published Dutch court decisions with ECLI, court and date.
cyb-rechtspraak-nl-recent	https://data.rechtspraak.nl/uitspraken/zoeken?max=50&sort=DESC&return=DOC	atom	50	Rechtspraak.nl — Dutch judgments with document metadata	オランダ司法 判決 (文書付)	transparency	legal	nl	nld,court,judgments,legal	21600	Dutch court decisions restricted to entries with full document text available.
cyb-contractsfinder-ocds	https://www.contractsfinder.service.gov.uk/Published/Notices/OCDS/Search	json:releases	100	UK Contracts Finder — OCDS notice releases	英国 Contracts Finder OCDS通知	transparency	procurement	en	gbr,procurement,ocds,contracts	21600	UK central and local government procurement notices in Open Contracting Data Standard form.
cyb-contractsfinder-ocds-award	https://www.contractsfinder.service.gov.uk/Published/Notices/OCDS/Search?stages=award	json:releases	100	UK Contracts Finder — OCDS award notices	英国 Contracts Finder 落札通知	transparency	procurement	en	gbr,procurement,ocds,contracts	43200	UK award-stage procurement notices naming winning suppliers and contract values.
cyb-findtender-ocds-tender	https://www.find-tender.service.gov.uk/api/1.0/ocdsReleasePackages?stages=tender	json:releases	100	UK Find a Tender — OCDS tender-stage releases	英国 Find a Tender 入札段階通知	transparency	procurement	en	gbr,procurement,ocds,contracts	21600	High-value UK tender opportunities in OCDS form, the post-Brexit replacement for TED coverage of the UK.
cyb-usaspending-glossary	https://api.usaspending.gov/api/v2/references/glossary/?limit=50	json:results	50	USAspending — federal spending glossary	USAspending 連邦支出用語集	transparency	procurement	en	usa,procurement,spending,reference	86400	Definitions of US federal award and spending terms, needed to interpret contract and grant records.
cyb-usaspending-recipient-count	https://api.usaspending.gov/api/v2/recipient/state/	json-array	56	USAspending — award recipients by state	USAspending 州別受給者	transparency	procurement	en	usa,procurement,spending,contracts	86400	US federal award totals aggregated by state and territory.
cyb-datagouv-fr-marches	https://www.data.gouv.fr/api/1/datasets/?q=marches%20publics&page_size=50	json:data	50	data.gouv.fr — French public procurement datasets	data.gouv.fr 公共調達データセット	transparency	procurement	fr	fra,procurement,opendata,contracts	86400	French open-data catalogue entries for public procurement, the index to national and local DECP publications.
cyb-ukparl-members-search	https://members-api.parliament.uk/api/Members/Search?take=20	json:items	20	UK Parliament — members search API	英国議会 議員検索API	transparency	politics	en	gbr,parliament,politics,transparency	86400	Current and former members of both Houses with party, constituency and service dates.
cyb-ukparl-parties-commons	https://members-api.parliament.uk/api/Parties/GetActive/Commons	json:items	17	UK Parliament — active parties in the Commons	英国議会 下院現行会派	transparency	politics	en	gbr,parliament,politics,transparency	86400	Parties currently represented in the House of Commons with seat counts.
cyb-ukparl-constituencies	https://members-api.parliament.uk/api/Location/Constituency/Search?take=50	json:items	20	UK Parliament — constituency search	英国議会 選挙区検索	transparency	politics	en	gbr,parliament,politics,geo	86400	Westminster constituencies with current sitting member and boundary period.
cyb-ukparl-commons-divisions	https://commonsvotes-api.parliament.uk/data/divisions.json/search?queryParameters.take=50	json-array	25	UK Parliament — Commons division results	英国議会 下院採決結果	transparency	politics	en	gbr,parliament,voting,transparency	21600	Recorded House of Commons votes with aye and no counts per division.
cyb-ukparl-lords-divisions	https://lordsvotes-api.parliament.uk/data/Divisions/search?take=50	json-array	50	UK Parliament — Lords division results	英国議会 上院採決結果	transparency	politics	en	gbr,parliament,voting,transparency	21600	Recorded House of Lords votes with content and not-content tallies.
cyb-ukparl-interests	https://interests-api.parliament.uk/api/v1/Interests/?take=50	json:items	20	UK Parliament — registered financial interests	英国議会 議員利害関係登録	transparency	politics	en	gbr,parliament,lobbying,transparency	43200	Members' registered financial interests, gifts, donations and outside employment.
cyb-ukparl-treaties	https://treaties-api.parliament.uk/api/Treaty?take=50	json:items	50	UK Parliament — treaties laid before Parliament	英国議会 提出条約	transparency	politics	en	gbr,parliament,treaty,transparency	86400	Treaties laid before the UK Parliament with scrutiny status and department.
cyb-ukparl-statutory-instruments	https://statutoryinstruments-api.parliament.uk/api/v2/StatutoryInstrument?take=50	json:items	50	UK Parliament — statutory instruments	英国議会 委任立法	transparency	politics	en	gbr,parliament,legislation,transparency	43200	Statutory instruments before Parliament, the delegated-legislation pipeline including sanctions regulations.
cyb-ukparl-committees	https://committees-api.parliament.uk/api/Committees?take=50	json:items	50	UK Parliament — select committees	英国議会 特別委員会	transparency	politics	en	gbr,parliament,committee,transparency	86400	Select committees of both Houses with remit, membership and current status.
cyb-ukparl-committee-publications	https://committees-api.parliament.uk/api/Publications?take=50	json:items	50	UK Parliament — committee publications	英国議会 委員会刊行物	transparency	politics	en	gbr,parliament,committee,transparency	21600	Committee reports, written and oral evidence as published.
cyb-ukparl-edm-list	https://oralquestionsandmotions-api.parliament.uk/EarlyDayMotions/list?parameters.take=50	json:Response	50	UK Parliament — early day motions	英国議会 早期動議	transparency	politics	en	gbr,parliament,motions,transparency	21600	Early day motions with sponsors and signature counts, a read on backbench political attention.
cyb-europarl-meetings	https://data.europarl.europa.eu/api/v2/meetings?format=application%2Fld%2Bjson&limit=50	json:data	50	European Parliament — meetings open data	欧州議会 会議データ	transparency	politics	en	eur,parliament,politics,transparency	21600	European Parliament plenary and body meetings with dates and identifiers.
cyb-europarl-corporate-bodies	https://data.europarl.europa.eu/api/v2/corporate-bodies?format=application%2Fld%2Bjson&limit=50	json:data	50	European Parliament — corporate bodies	欧州議会 組織体一覧	transparency	politics	en	eur,parliament,politics,transparency	86400	Committees, delegations and political groups of the European Parliament.
cyb-europarl-adopted-texts	https://data.europarl.europa.eu/api/v2/adopted-texts?format=application%2Fld%2Bjson&limit=50	json:data	50	European Parliament — adopted texts	欧州議会 採択文書	transparency	politics	en	eur,parliament,legislation,transparency	43200	Texts adopted in plenary, including resolutions on sanctions and foreign policy.
cyb-oireachtas-divisions	https://api.oireachtas.ie/v1/divisions?limit=50	json:results	50	Houses of the Oireachtas — division results	アイルランド議会 採決結果	transparency	politics	en	irl,parliament,voting,transparency	21600	Recorded votes in the Dáil and Seanad with per-member tallies.
cyb-oireachtas-questions	https://api.oireachtas.ie/v1/questions?limit=50	json:results	50	Houses of the Oireachtas — parliamentary questions	アイルランド議会 質問	transparency	politics	en	irl,parliament,questions,transparency	21600	Parliamentary questions and answers by member and department.
cyb-oireachtas-houses	https://api.oireachtas.ie/v1/houses?limit=20	json:results	20	Houses of the Oireachtas — house terms	アイルランド議会 会期	transparency	politics	en	irl,parliament,politics,reference	86400	Dáil and Seanad terms with start and end dates, needed to scope other Oireachtas queries.
cyb-oireachtas-constituencies	https://api.oireachtas.ie/v1/constituencies?limit=50	json:results	8	Houses of the Oireachtas — constituencies and panels	アイルランド議会 選挙区	transparency	politics	en	irl,parliament,politics,geo	86400	Irish constituencies and Seanad panels used in member records.
cyb-scotparl-parties	https://data.parliament.scot/api/parties	json-array	14	Scottish Parliament — parties	スコットランド議会 政党	transparency	politics	en	gbr,scotland,parliament,politics	86400	Political parties recorded in the Scottish Parliament data service.
cyb-scotparl-committees	https://data.parliament.scot/api/committees	json-array	169	Scottish Parliament — committees	スコットランド議会 委員会	transparency	politics	en	gbr,scotland,parliament,committee	86400	Current and historical Scottish Parliament committees with sessions.
cyb-scotparl-constituencies	https://data.parliament.scot/api/constituencies	json-array	223	Scottish Parliament — constituencies	スコットランド議会 選挙区	transparency	politics	en	gbr,scotland,parliament,geo	86400	Scottish Parliament constituencies across sessions.
cyb-scotparl-regions	https://data.parliament.scot/api/regions	json-array	29	Scottish Parliament — regions	スコットランド議会 地域区	transparency	politics	en	gbr,scotland,parliament,geo	86400	Scottish Parliament electoral regions used for list seats.
cyb-scotparl-memberparties	https://data.parliament.scot/api/memberparties	json-array	976	Scottish Parliament — member party affiliations	スコットランド議会 議員会派履歴	transparency	politics	en	gbr,scotland,parliament,politics	86400	Party affiliation history per member, capturing defections and group changes.
cyb-tweedekamer-zaak	https://gegevensmagazijn.tweedekamer.nl/OData/v4/2.0/Zaak?%24top=50	json:value	50	Dutch House of Representatives — cases (Zaak)	オランダ下院 案件	transparency	politics	nl	nld,parliament,legislation,transparency	21600	Parliamentary cases in the Tweede Kamer data warehouse, the spine linking documents, decisions and votes.
cyb-tweedekamer-document	https://gegevensmagazijn.tweedekamer.nl/OData/v4/2.0/Document?%24top=50	json:value	50	Dutch House of Representatives — documents	オランダ下院 文書	transparency	politics	nl	nld,parliament,legislation,transparency	21600	Documents submitted to the Tweede Kamer with type, date and case linkage.
cyb-tweedekamer-activiteit	https://gegevensmagazijn.tweedekamer.nl/OData/v4/2.0/Activiteit?%24top=50	json:value	50	Dutch House of Representatives — activities	オランダ下院 議事活動	transparency	politics	nl	nld,parliament,politics,transparency	21600	Scheduled and held parliamentary activities including debates and committee sessions.
cyb-tweedekamer-besluit	https://gegevensmagazijn.tweedekamer.nl/OData/v4/2.0/Besluit?%24top=50	json:value	50	Dutch House of Representatives — decisions	オランダ下院 決定	transparency	politics	nl	nld,parliament,voting,transparency	43200	Decisions taken on parliamentary cases, with outcome and decision text.
cyb-tweedekamer-stemming	https://gegevensmagazijn.tweedekamer.nl/OData/v4/2.0/Stemming?%24top=50	json:value	50	Dutch House of Representatives — votes	オランダ下院 採決	transparency	politics	nl	nld,parliament,voting,transparency	43200	Individual and party votes recorded on Tweede Kamer decisions.
cyb-tweedekamer-fractie	https://gegevensmagazijn.tweedekamer.nl/OData/v4/2.0/Fractie?%24top=50	json:value	50	Dutch House of Representatives — parliamentary groups	オランダ下院 会派	transparency	politics	nl	nld,parliament,politics,transparency	86400	Parliamentary groups with seat counts and active periods.
cyb-eduskunta-aanestys	https://avoindata.eduskunta.fi/api/v1/tables/SaliDBAanestys/rows?perPage=50&page=0	json:rowData	50	Parliament of Finland — plenary vote records	フィンランド議会 本会議採決	transparency	politics	fi	fin,parliament,voting,transparency	21600	Plenary session votes from the Eduskunta open data service.
cyb-eduskunta-istunto	https://avoindata.eduskunta.fi/api/v1/tables/SaliDBIstunto/rows?perPage=50&page=0	json:rowData	50	Parliament of Finland — plenary sessions	フィンランド議会 本会議	transparency	politics	fi	fin,parliament,politics,transparency	21600	Plenary sessions with dates, numbering and status.
cyb-eduskunta-mp	https://avoindata.eduskunta.fi/api/v1/tables/MemberOfParliament/rows?perPage=50&page=0	json:rowData	50	Parliament of Finland — members	フィンランド議会 議員	transparency	politics	fi	fin,parliament,politics,transparency	86400	Members of the Eduskunta with party, constituency and term.
cyb-eduskunta-tables	https://avoindata.eduskunta.fi/api/v1/tables/	json-array	19	Parliament of Finland — open data table index	フィンランド議会 データ表索引	transparency	politics	en	fin,parliament,opendata,reference	86400	Index of every table exposed by the Finnish Parliament open data API.
cyb-folketing-oda-sag	https://oda.ft.dk/api/Sag?%24top=50	json:value	50	Danish Parliament ODA — cases	デンマーク議会 案件	transparency	politics	da	dnk,parliament,legislation,transparency	21600	Folketing cases including bills, motions and inquiries with status and type.
cyb-folketing-oda-aktor	https://oda.ft.dk/api/Akt%C3%B8r?%24top=50	json:value	50	Danish Parliament ODA — actors	デンマーク議会 関係者	transparency	politics	da	dnk,parliament,politics,transparency	86400	Actors in the Folketing system: members, ministries, committees and external parties.
cyb-folketing-dokument	https://oda.ft.dk/api/Dokument?%24top=50	json:value	50	Danish Parliament ODA — documents	デンマーク議会 文書	transparency	politics	da	dnk,parliament,legislation,transparency	28800	Documents tied to Folketing cases with type, date and title.
cyb-folketing-afstemning	https://oda.ft.dk/api/Afstemning?%24top=50	json:value	50	Danish Parliament ODA — votes	デンマーク議会 採決	transparency	politics	da	dnk,parliament,voting,transparency	43200	Folketing votes with conclusion and vote type.
cyb-folketing-sagstrin	https://oda.ft.dk/api/Sagstrin?%24top=50	json:value	50	Danish Parliament ODA — case stages	デンマーク議会 審議段階	transparency	politics	da	dnk,parliament,legislation,transparency	43200	Stage-by-stage progress of Folketing cases through readings and committee.
cyb-folketing-stemme	https://oda.ft.dk/api/Stemme?%24top=50	json:value	50	Danish Parliament ODA — individual votes	デンマーク議会 個別投票	transparency	politics	da	dnk,parliament,voting,transparency	57600	Individual member votes attached to each Folketing division.
cyb-sejm-pl-interpellations	https://api.sejm.gov.pl/sejm/term10/interpellations	json-array	50	Sejm of Poland — interpellations	ポーランド下院 質問書	transparency	politics	pl	pol,parliament,questions,transparency	21600	Written interpellations to Polish ministers with sender, recipient and reply status.
cyb-sejm-pl-prints	https://api.sejm.gov.pl/sejm/term10/prints	json-array	3190	Sejm of Poland — parliamentary prints	ポーランド下院 議案文書	transparency	politics	pl	pol,parliament,legislation,transparency	43200	Sejm prints (bills and formal submissions) with title, delivery date and attachments.
cyb-sejm-pl-processes	https://api.sejm.gov.pl/sejm/term10/processes	json-array	50	Sejm of Poland — legislative processes	ポーランド下院 立法過程	transparency	politics	pl	pol,parliament,legislation,transparency	21600	Legislative processes in the current Sejm term with stages and document links.
cyb-camara-br-proposicoes2	https://dadosabertos.camara.leg.br/api/v2/proposicoes?itens=100&formato=json	json:dados	100	Chamber of Deputies of Brazil — legislative propositions	ブラジル下院 議案	transparency	politics	pt	bra,parliament,legislation,transparency	21600	Bills and other propositions before the Brazilian Chamber with type, number and year.
cyb-camara-br-votacoes2	https://dadosabertos.camara.leg.br/api/v2/votacoes?itens=100&formato=json	json:dados	100	Chamber of Deputies of Brazil — votes	ブラジル下院 採決	transparency	politics	pt	bra,parliament,voting,transparency	21600	Recorded votes in the Brazilian Chamber with date, body and summary of the outcome.
cyb-riksdagen-dokumentlista2	https://data.riksdagen.se/dokumentlista/?doktyp=mot&utformat=json&sz=50	json:dokumentlista.dokument	50	Riksdag of Sweden — private members' motions	スウェーデン議会 動議一覧	transparency	politics	sv	swe,parliament,legislation,transparency	21600	Swedish parliamentary motions with submitting member, party and subject.
