id	url	verdict	kind	items	http	bytes	note
3GPP_SPEC_ARCHIVE	https://www.3gpp.org/ftp/Specs/archive/	PASS	html-anchors	46	200	59083	
3GPP_TSG_CT	https://www.3gpp.org/ftp/tsg_ct/	PASS	html-anchors	7	200	22645	
3GPP_TSG_RAN	https://www.3gpp.org/ftp/tsg_ran/	PASS	html-anchors	9	200	24291	
3GPP_TSG_SA	https://www.3gpp.org/ftp/tsg_sa/	PASS	html-anchors	7	200	22378	
ACMA_RRL_DEVICE_REGISTER	https://portal.data.nsw.gov.au/arcgis/rest/services/Hosted/Australian_Communication_and_Media_Authority_Data/FeatureServer/0/query?where=1%3D1&outFields=*&f=json&resultRecordCount=2000	PASS	json:features	2000	200	4548837	
AEMO_PRICE_AND_DEMAND	https://aemo.com.au/aemo/data/nem/priceanddemand/PRICE_AND_DEMAND_202607_NSW1.csv	PASS	csv	4348	200	411288	
AFRINIC_DELEGATED_EXTENDED	https://ftp.afrinic.net/pub/stats/afrinic/delegated-afrinic-extended-latest	PASS	text-lines	19604	200	989825	
AFRINIC_DELEGATED_STATS	https://ftp.afrinic.net/pub/stats/afrinic/delegated-afrinic-latest	PASS	text-lines	9911	200	489442	
AFRINIC_RDAP_AUTNUM	https://rdap.afrinic.net/rdap/autnum/37100	PASS	json:notices	5	200	4576	
AFRINIC_RDAP_ENTITY	https://rdap.afrinic.net/rdap/entity/ORG-AFNC1-AFRINIC	PASS	json:networks	27	200	110762	
AFRINIC_RDAP_REVERSE_DOMAIN	https://rdap.afrinic.net/rdap/domain/2.216.196.in-addr.arpa	PASS	json:notices	5	200	8851	
AIRGOV_GE_STATIONS	https://air.gov.ge/api/stations	PASS	json-array	516	200	55857	
AI_STATISTICS_PUBLICATIONS	https://statistics.gov.ai/StatisticsDept/Publications	PASS	html-anchors	423	200	505251	
AK_DNR_LAND_PERMITS_LEASES	https://arcgis.dnr.alaska.gov/arcgis/rest/services/OpenData/LandActivity_LandPermitOrLease/MapServer/2/query?where=1%3D1&outFields=*&returnGeometry=false&f=json&resultRecordCount=1000	PASS	json:features	1000	200	754175	
AK_DNR_LAND_TRESPASS_CASES	https://arcgis.dnr.alaska.gov/arcgis/rest/services/OpenData/LandActivity_Trespass/MapServer/2/query?where=1%3D1&outFields=*&returnGeometry=false&f=json&resultRecordCount=1000	PASS	json:features	125	200	98030	
AK_DNR_MINERAL_PERMITS_LEASES	https://arcgis.dnr.alaska.gov/arcgis/rest/services/OpenData/MineralActivity_MineralPermitOrLease/MapServer/0/query?where=1%3D1&outFields=*&returnGeometry=false&f=json&resultRecordCount=1000	PASS	json:features	1000	200	755374	
AK_DNR_OIL_GAS_LEASE_SALE_TRACTS	https://arcgis.dnr.alaska.gov/arcgis/rest/services/OpenData/MineralActivity_OGLeaseSaleTract/MapServer/0/query?where=1%3D1&outFields=*&returnGeometry=false&f=json&resultRecordCount=1000	PASS	json:features	1000	200	690009	
AK_DNR_RESOURCE_SALES	https://arcgis.dnr.alaska.gov/arcgis/rest/services/OpenData/LandActivity_ResourceSale/MapServer/1/query?where=1%3D1&outFields=*&returnGeometry=false&f=json&resultRecordCount=1000	PASS	json:features	952	200	691929	
AK_DNR_STATE_MINING_CLAIMS	https://arcgis.dnr.alaska.gov/arcgis/rest/services/OpenData/NaturalResource_StateMiningClaim/MapServer/0/query?where=1%3D1&outFields=*&returnGeometry=false&f=json&resultRecordCount=1000	PASS	json:features	1000	200	858480	
AK_DNR_WATER_WELL_LOGS	https://arcgis.dnr.alaska.gov/arcgis/rest/services/OpenData/NaturalResource_WELTS/MapServer/0/query?where=1%3D1&outFields=*&returnGeometry=false&f=json&resultRecordCount=1000	PASS	json:features	1000	200	735893	
AK_DNR_WELL_SITES	https://arcgis.dnr.alaska.gov/arcgis/rest/services/OpenData/LandActivity_WellSite/MapServer/0/query?where=1%3D1&outFields=*&returnGeometry=false&f=json&resultRecordCount=1000	PASS	json:fields	21	200	9635	
ALERCE_ZTF_OBJECT_LOOKUP	https://api.alerce.online/ztf/v1/objects/ZTF18abvfafa	PASS	json-object	1	200	515	
ALMALINUX_ERRATA_8	https://errata.almalinux.org/8/errata.full.json	PASS	json:data	3237	200	41546021	
ALPINE_SECDB_BRANCH_COMMUNITY	https://secdb.alpinelinux.org/v3.21/community.json	PASS	json:packages	425	200	137154	
ALPINE_SECDB_BRANCH_MAIN	https://secdb.alpinelinux.org/v3.22/main.json	PASS	json:packages	274	200	86612	
AL_AKEP_DECISIONS	https://akep.al/wp-json/wp/v2/posts?per_page=100	PASS	json-array	96	200	1849794	
AL_OPENDATA_DATASET	https://opendata.gov.al/api/Dataset/get/bizneset_sipas_formes_ligjore__2026_	PASS	json:data.keywords	5	200	7748	
AL_OPENDATA_INSTITUTIONS	https://opendata.gov.al/api/Institution	PASS	json:data	21	200	6377	
AL_OPENDATA_POPULAR	https://opendata.gov.al/api/Dataset/getMostAccessedDataSets	PASS	json:data	6	200	1101	
AMTRAKER_STATIONS	https://api-v3.amtraker.com/v3/stations	PASS	json:NYP.trains	59	200	235948	
AM_ARMSTATBANK_INDEX	https://statbank.armstat.am/api/v1/en/ArmStatBank/	PASS	json-array	8	200	691	
AM_ARMSTATBANK_TRADE	https://statbank.armstat.am/api/v1/en/ArmStatBank/5%20Foreign%20trade/	PASS	json-array	3	200	424	
AM_OPENDATA_BULK	https://data.opendata.am/api/3/action/current_package_list_with_resources?limit=100	PASS	json:result	100	200	975826	
ANACONDA_PACKAGE	https://api.anaconda.org/package/conda-forge/numpy	PASS	json:files	3763	200	7405976	
ANACONDA_SEARCH	https://api.anaconda.org/search?name=numpy&limit=50	PASS	json-array	50	200	75970	
ANFR_EMF_PROBE_MEASUREMENTS	https://data.anfr.fr/d4c/api/records/1.0/search/?dataset=28d187a3-1e67-4aa6-970e-e787db97aa99&rows=1000	PASS	json:records	1000	200	470447	
ANFR_HANDSET_SAR	https://data.anfr.fr/d4c/api/records/1.0/search/?dataset=ad8014ec-f631-450e-a259-799188714ef9&rows=1000	PASS	json:records	1000	200	750556	
ANFR_MARITIME_STATIONS	https://data.anfr.fr/d4c/api/records/1.0/search/?dataset=17323bc6-7f78-4683-9d52-35789a0f053f&rows=1000	PASS	json:records	1000	200	690466	
ANFR_MOBILE_OBSERVATORY	https://data.anfr.fr/d4c/api/records/1.0/search/?dataset=a513a5d7-0071-4349-9419-a530dad9ba50&rows=1000	PASS	json:records	1000	200	639486	
ANFR_MOBILE_TRANSMITTERS	https://data.anfr.fr/d4c/api/records/1.0/search/?dataset=dd11fac6-4531-4a27-9c8c-a3a9e4ec2107&rows=1000	PASS	json:records	1000	200	1084062	
ANFR_SMARTMETER_MEASUREMENTS	https://data.anfr.fr/d4c/api/records/1.0/search/?dataset=815b91f9-9632-4aac-9ac6-6a6334356a36&rows=1000	PASS	json:records	364	200	284628	
ANTARES_LOCI	https://api.antares.noirlab.edu/v1/loci?page[limit]=100	PASS	json:data	100	200	202768	
AP19_AU_ACT_SOCRATA	https://www.data.act.gov.au/api/catalog/v1?limit=100	PASS	json:results	100	200	958987	
AP19_AU_AODN_CATALOGUE	https://catalogue-imos.aodn.org.au/geonetwork/srv/eng/q?_content_type=json&fast=index&from=1&to=100	PASS	json:metadata	100	200	1657571	
AP19_AU_MELB_CAFES	https://data.melbourne.vic.gov.au/api/explore/v2.1/catalog/datasets/cafes-and-restaurants-with-seating-capacity/records?limit=100	PASS	json:results	100	200	55083	
AP19_AU_MELB_DEVELOPMENT	https://data.melbourne.vic.gov.au/api/explore/v2.1/catalog/datasets/development-activity-monitor/records?limit=100	PASS	json:results	100	200	105096	
AP19_AU_MELB_MICROCLIMATE	https://data.melbourne.vic.gov.au/api/explore/v2.1/catalog/datasets/microclimate-sensor-readings/records?limit=100	PASS	json:results	56	200	10902	
AP19_AU_MELB_ODS_CAT	https://data.melbourne.vic.gov.au/api/explore/v2.1/catalog/datasets?limit=100	PASS	json:results	100	200	473501	
AP19_AU_MELB_PARKING	https://data.melbourne.vic.gov.au/api/explore/v2.1/catalog/datasets/on-street-parking-bay-sensors/records?limit=100	PASS	json:results	100	200	23920	
AP19_AU_MELB_PEDESTRIAN	https://data.melbourne.vic.gov.au/api/explore/v2.1/catalog/datasets/pedestrian-counting-system-monthly-counts-per-hour/records?limit=100	PASS	json:results	100	200	23027	
AP19_AU_MELB_STREETNAMES	https://data.melbourne.vic.gov.au/api/explore/v2.1/catalog/datasets/street-names/records?limit=100	PASS	json:results	100	200	46209	
AP19_AU_OPENNEM_NETWORKS	https://api.opennem.org.au/networks	PASS	json-array	3	200	296	
AP19_AU_QLD_GEOSCIENCE	https://geoscience.data.qld.gov.au/api/3/action/package_search?q=copper&rows=100	PASS	json:result.results	100	200	1638710	
AP19_AU_TAS_LIST_PUBLIC	https://services.thelist.tas.gov.au/arcgis/rest/services/Public?f=json	PASS	json:services	32	200	1808	
AP19_CN_NMC_PROVINCE	https://www.nmc.cn/rest/province	PASS	json-array	34	200	2428	
AP19_CN_SZSE_LISTED	https://www.szse.cn/api/report/ShowReport/data?SHOWTYPE=JSON&CATALOGID=1110&TABKEY=tab1&PAGENO=1	PASS	json-array	4	200	21476	
AP19_ID_BMKG_FORECAST	https://api.bmkg.go.id/publik/prakiraan-cuaca?adm4=31.71.01.1001	PASS	json:data	1	200	8306	
AP19_IN_JUSTICEHUB	https://justicehub.in/api/3/action/package_search?q=police&rows=100	PASS	json:result.results	58	200	384263	
AP19_IN_OPENCITY	https://data.opencity.in/api/3/action/package_search?q=bengaluru&rows=100	PASS	json:result.results	100	200	798262	
AP19_IN_PINCODE	https://api.postalpincode.in/pincode/110001	PASS	json-array	1	200	5818	
AP19_IN_POSTOFFICE	https://api.postalpincode.in/postoffice/Connaught%20Place	PASS	json-array	1	200	336	
AP19_KR_LAW_ADMBYL	https://www.law.go.kr/DRF/lawSearch.do?OC=test&target=admbyl&type=JSON&display=100&query=%EC%8B%A0%EA%B3%A0	PASS	json:admRulBylSearch.admrulbyl	100	200	83003	
AP19_KR_LAW_ADMRUL	https://www.law.go.kr/DRF/lawSearch.do?OC=test&target=admrul&type=JSON&display=100&query=%EA%B8%88%EC%9C%B5	PASS	json:AdmRulSearch.admrul	100	200	75288	
AP19_KR_LAW_LICBYL	https://www.law.go.kr/DRF/lawSearch.do?OC=test&target=licbyl&type=JSON&display=100&query=%EC%8B%A0%EA%B3%A0	PASS	json:licBylSearch.licbyl	100	200	96970	
AP19_KR_LAW_LSTRM	https://www.law.go.kr/DRF/lawSearch.do?OC=test&target=lstrm&type=JSON&display=100&query=%ED%9A%8C%EC%82%AC	PASS	json:LsTrmSearch.lstrm	100	200	48602	
AP19_KR_LAW_OLDNEW	https://www.law.go.kr/DRF/lawSearch.do?OC=test&target=oldAndNew&type=JSON&display=100&query=%EA%B8%88%EC%9C%B5	PASS	json:OldAndNewLawSearch.oldAndNew	55	200	37916	
AP19_MY_BNM_BASERATE	https://api.bnm.gov.my/public/base-rate	PASS	json:data	35	200	5952	
AP19_MY_BNM_EXRATE	https://api.bnm.gov.my/public/exchange-rate?session=1200&quote=rm	PASS	json:data	27	200	4187	
AP19_MY_BNM_INTEREST	https://api.bnm.gov.my/public/interest-rate?quote=rm	PASS	json:data	3	200	529	
AP19_MY_BNM_KIJANG	https://api.bnm.gov.my/public/kijang-emas	PASS	json-object	1	200	230	
AP19_MY_BNM_OPR	https://api.bnm.gov.my/public/opr	PASS	json-object	1	200	144	
AP19_MY_MET_FORECAST	https://api.data.gov.my/weather/forecast?limit=100	PASS	json-array	100	200	30690	
AP19_MY_MET_QUAKE	https://api.data.gov.my/weather/warning/earthquake?limit=100	PASS	json-array	100	200	51217	
AP19_MY_MET_WARNING	https://api.data.gov.my/weather/warning?limit=100	PASS	json-array	5	200	12623	
AP19_NZ_AKL_HUB	https://data-aucklandcouncil.opendata.arcgis.com/api/search/v1/collections/dataset/items?limit=100	PASS	geojson	100	200	583075	
AP19_NZ_CANTERBURY_HUB	https://opendata.canterburymaps.govt.nz/api/search/v1/collections/dataset/items?limit=100	PASS	geojson	100	200	467028	
AP19_NZ_GEONET_VOLCQUAKE	https://api.geonet.org.nz/volcano/quake/whiteisland	PASS	geojson	97	200	33394	
AP19_NZ_NZTA_HUB	https://opendata-nzta.opendata.arcgis.com/api/search/v1/collections/dataset/items?limit=100	PASS	geojson	21	200	175499	
AP19_NZ_WELLINGTON_HUB	https://opendata.gw.govt.nz/api/search/v1/collections/dataset/items?limit=100	PASS	geojson	100	200	357011	
AP19_ODCAMBODIA_PIVOT	https://data.opendevelopmentcambodia.net/api/3/action/package_search?q=rubber&rows=100	PASS	json:result.results	100	200	966229	
AP19_ODMEKONG_PIVOT	https://data.opendevelopmentmekong.net/api/3/action/package_search?q=dam&rows=100	PASS	json:result.results	100	200	1140023	
AP19_ODMYANMAR_PIVOT	https://data.opendevelopmentmyanmar.net/api/3/action/package_search?q=jade&rows=100	PASS	json:result.results	14	200	287156	
AP19_PH_PSA_OPENSTAT	https://openstat.psa.gov.ph/PXWeb/api/v1/en/DB	PASS	json-array	27	200	1505	
AP19_PH_PSA_OPENSTAT_NODE	https://openstat.psa.gov.ph/PXWeb/api/v1/en/DB/2M	PASS	json-array	11	200	679	
AP19_PK_OPENDATA	https://opendata.com.pk/api/3/action/package_search?q=census&rows=100	PASS	json:result.results	31	200	195297	
AP19_SG_DATAGOVSG_AIRTEMP	https://api.data.gov.sg/v1/environment/air-temperature	PASS	json:metadata.stations	6	200	1017	
AP19_SG_DATAGOVSG_HUMIDITY	https://api.data.gov.sg/v1/environment/relative-humidity	PASS	json:metadata.stations	9	200	1456	
AP19_SG_DATAGOVSG_TRAFFIC	https://api.data.gov.sg/v1/transport/traffic-images	PASS	json:items	1	200	2620	
AP19_SG_DATAGOVSG_UV	https://api.data.gov.sg/v1/environment/uv-index	PASS	json:items	1	200	818	
AP19_SG_DATAGOVSG_WINDDIR	https://api.data.gov.sg/v1/environment/wind-direction	PASS	json:metadata.stations	17	200	2610	
AP19_SG_ONEMAP_SEARCH	https://www.onemap.gov.sg/api/common/elastic/search?searchVal=changi&returnGeom=Y&getAddrDetails=Y	PASS	json:results	10	200	4292	
AP19_SPREP_AMSAMOA	https://americansamoa-data.sprep.org/jsonapi/dataset/dataset?page%5Blimit%5D=50	PASS	json:data	50	200	322908	
AP19_SPREP_COOKIS	https://cookislands-data.sprep.org/jsonapi/dataset/dataset?page%5Blimit%5D=50	PASS	json:data	50	200	310769	
AP19_SPREP_FIJI	https://fiji-data.sprep.org/jsonapi/dataset/dataset?page%5Blimit%5D=50	PASS	json:data	50	200	320176	
AP19_SPREP_FSM	https://fsm-data.sprep.org/jsonapi/dataset/dataset?page%5Blimit%5D=50	PASS	json:data	50	200	311244	
AP19_SPREP_NAURU	https://nauru-data.sprep.org/jsonapi/dataset/dataset?page%5Blimit%5D=50	PASS	json:data	50	200	279211	
AP19_SPREP_NIUE	https://niue-data.sprep.org/jsonapi/dataset/dataset?page%5Blimit%5D=50	PASS	json:data	50	200	287477	
AP19_SPREP_PACIFIC	https://pacific-data.sprep.org/jsonapi/dataset/dataset?page%5Blimit%5D=50	PASS	json:data	50	200	304174	
AP19_SPREP_PALAU	https://palau-data.sprep.org/jsonapi/dataset/dataset?page%5Blimit%5D=50	PASS	json:data	50	200	289687	
AP19_SPREP_PNG	https://png-data.sprep.org/jsonapi/dataset/dataset?page%5Blimit%5D=50	PASS	json:data	50	200	317531	
AP19_SPREP_SAMOA	https://samoa-data.sprep.org/jsonapi/dataset/dataset?page%5Blimit%5D=50	PASS	json:data	50	200	302591	
AP19_SPREP_TIMORLESTE	https://timorleste-data.sprep.org/jsonapi/dataset/dataset?page%5Blimit%5D=50	PASS	json:data	29	200	185880	
AP19_SPREP_TONGA	https://tonga-data.sprep.org/jsonapi/dataset/dataset?page%5Blimit%5D=50	PASS	json:data	50	200	272570	
AP19_SPREP_TUVALU	https://tuvalu-data.sprep.org/jsonapi/dataset/dataset?page%5Blimit%5D=50	PASS	json:data	50	200	292214	
AP19_SPREP_VANUATU	https://vanuatu-data.sprep.org/jsonapi/dataset/dataset?page%5Blimit%5D=50	PASS	json:data	50	200	301502	
AP19_TW_TPEX_AP04	https://www.tpex.org.tw/openapi/v1/mopsfin_t187ap04_O	PASS	json-array	59	200	85578	
AP19_TW_TPEX_AP05	https://www.tpex.org.tw/openapi/v1/mopsfin_t187ap05_O	PASS	json-array	890	200	494726	
AP19_TW_TPEX_DAILYVALUE	https://www.tpex.org.tw/openapi/v1/tpex_daily_market_value	PASS	json-array	888	200	137280	
AP19_TW_TPEX_DISPOSAL	https://www.tpex.org.tw/openapi/v1/tpex_disposal_information	PASS	json-array	16	200	15959	
AP19_TW_TPEX_PERATIO	https://www.tpex.org.tw/openapi/v1/tpex_mainboard_peratio_analysis	PASS	json-array	887	200	156269	
AP19_TW_TWSE_AP06CI	https://openapi.twse.com.tw/v1/opendata/t187ap06_L_ci	PASS	json-array	983	200	1328885	
AP19_TW_TWSE_AP08	https://openapi.twse.com.tw/v1/opendata/t187ap08_L	PASS	json-array	12	200	7430	
AP19_TW_TWSE_AP09	https://openapi.twse.com.tw/v1/opendata/t187ap09_L	PASS	json-array	9	200	30815	
AP19_TW_TWSE_AP11	https://openapi.twse.com.tw/v1/opendata/t187ap11_L	PASS	json-array	27528	200	10375320	
AP19_TW_TWSE_AP12	https://openapi.twse.com.tw/v1/opendata/t187ap12_L	PASS	json-array	1	200	666	
AP19_TW_TWSE_AP14	https://openapi.twse.com.tw/v1/opendata/t187ap14_L	PASS	json-array	992	200	370130	
AP19_TW_TWSE_MIINDEX20	https://openapi.twse.com.tw/v1/exchangeReport/MI_INDEX20	PASS	json-array	20	200	5826	
AP19_TW_TWSE_NEWLIST	https://openapi.twse.com.tw/v1/company/newlisting	PASS	json-array	792	200	230663	
AP19_TW_TWSE_STOCKAVG	https://openapi.twse.com.tw/v1/exchangeReport/STOCK_DAY_AVG_ALL	PASS	json-array	27954	200	3206840	
AP19_TW_TWSE_SUSPEND	https://openapi.twse.com.tw/v1/company/suspendListingCsvAndHtml	PASS	json-array	264	200	17866	
AP19_VN_VNDIRECT_STOCKS	https://api-finfo.vndirect.com.vn/v4/stocks?q=type:STOCK&size=100	PASS	json:data	100	200	14596	
ARCHIVE_ORG_ADVANCED	https://archive.org/advancedsearch.php?q=collection%3Anasa&fl%5B%5D=identifier&fl%5B%5D=title&fl%5B%5D=date&fl%5B%5D=creator&fl%5B%5D=collection&rows=100&output=json	PASS	json:response.docs	100	200	18058	
ARCHLINUX_SEC_CVE	https://security.archlinux.org/CVE-2024-3094/json	PASS	json:groups	1	200	872	
ARCHLINUX_SEC_GROUP	https://security.archlinux.org/group/AVG-2735/json	PASS	json:issues	6	200	500	
ARCHLINUX_SEC_PACKAGE	https://security.archlinux.org/package/openssl/json	PASS	json:issues	43	200	10540	
ARIN_DELEGATED_STATS	https://ftp.arin.net/pub/stats/arin/delegated-arin-extended-latest	PASS	text-lines	202189	200	12761911	
ARTIFACTHUB_PACKAGE_SEARCH	https://artifacthub.io/api/v1/packages/search?ts_query_web=nginx&limit=60&offset=0	PASS	json:packages	60	200	45036	
ARTIFACTHUB_REPOSITORY_SEARCH	https://artifacthub.io/api/v1/repositories/search?limit=60&offset=0	PASS	json-array	60	200	34205	
AR_BCRA_COTIZACIONES	https://api.bcra.gob.ar/estadisticascambiarias/v1.0/Cotizaciones	PASS	json:results.detalle	39	200	4156	
AR_BCRA_DIVISAS	https://api.bcra.gob.ar/estadisticascambiarias/v1.0/Maestros/Divisas	PASS	json:results	44	200	2146	
AR_BCRA_MONETARIAS	https://api.bcra.gob.ar/estadisticas/v4.0/monetarias?limit=1000	PASS	json:results	1000	200	347928	
AR_CAMMESA_REGIONES	https://api.cammesa.com/demanda-svc/demanda/RegionesDemanda	PASS	json-array	36	200	2930	
AR_DATOS_AGRICULTURA	https://datos.magyp.gob.ar/api/3/action/package_search?rows=100	PASS	json:result.results	100	200	964877	
AR_DATOS_BAHIA_BLANCA	https://datos.bahia.gob.ar/api/3/action/package_search?rows=100	PASS	json:result.results	100	200	1094574	
AR_DATOS_JUSTICIA	https://datos.jus.gob.ar/api/3/action/package_search?rows=100	PASS	json:result.results	63	200	840281	
AR_DATOS_MENDOZA	https://datosabiertos.mendoza.gov.ar/api/3/action/package_search?rows=100	PASS	json:result.results	100	200	872215	
AR_DATOS_MININTERIOR	https://datos.mininterior.gob.ar/api/3/action/package_search?rows=100	PASS	json:result.results	15	200	171420	
AR_DATOS_TRANSPORTE	https://datos.transporte.gob.ar/api/3/action/package_search?rows=100	PASS	json:result.results	48	200	407795	
AR_IGN_AEROPUERTOS	https://wms.ign.gob.ar/geoserver/ows?service=WFS&version=1.0.0&request=GetFeature&typeName=ign:puntos_de_transporte_aereo_GB005&maxFeatures=1000&outputFormat=application%2Fjson	PASS	geojson	60	200	25929	
AR_IGN_COMPLEJOS_FRONTERIZOS	https://wms.ign.gob.ar/geoserver/ows?service=WFS&version=1.0.0&request=GetFeature&typeName=ign:complejos_fronterizos&maxFeatures=1000&outputFormat=application%2Fjson	PASS	geojson	144	200	77028	
AR_IGN_ENERGIA	https://wms.ign.gob.ar/geoserver/ows?service=WFS&version=1.0.0&request=GetFeature&typeName=ign:puntos_de_energia_AD010&maxFeatures=1000&outputFormat=application%2Fjson	PASS	geojson	445	200	193624	
AR_SEGEMAR_MINEROMETALOGENETICO	https://sigam.segemar.gov.ar/arcgis/rest/services/250/Minerometalogenetico_250K/MapServer/0/query?where=1%3D1&outFields=*&f=json	PASS	json:features	191	200	185650	
ASF_STAC_COLLECTIONS	https://stac.asf.alaska.edu/collections	PASS	json:links	3	200	5773	
ASF_STAC_HAND_ITEMS	https://stac.asf.alaska.edu/collections/glo-30-hand/items?limit=500	PASS	geojson	500	200	516830	
ATTACK_STIX_MOBILE	https://raw.githubusercontent.com/mitre-attack/attack-stix-data/master/mobile-attack/mobile-attack.json	PASS	json:objects	2635	200	5750325	
AT_RIS_BUNDESRECHT	https://data.bka.gv.at/ris/api/v2.6/bundesrecht?Titel=Datenschutz	PASS	json-object	1	200	113527	
AT_RIS_DSB_DECISIONS	https://data.bka.gv.at/ris/api/v2.6/judikatur?Applikation=Dsk&Suchworte=Auskunft	PASS	json-object	1	200	49466	
AT_RIS_LANDESRECHT	https://data.bka.gv.at/ris/api/v2.6/landesrecht?Titel=Bauordnung	PASS	json-object	1	200	39071	
AT_RIS_VFGH_JUDGMENTS	https://data.bka.gv.at/ris/api/v2.6/judikatur?Applikation=Vfgh&Suchworte=Datenschutz	PASS	json-object	1	200	53379	
AUTOBAHN_CHARGING_STATIONS	https://verkehr.autobahn.de/o/autobahn/A1/services/electric_charging_station	PASS	json:electric_charging_station	31	200	21858	
AUTOBAHN_WARNINGS	https://verkehr.autobahn.de/o/autobahn/A1/services/warning	PASS	json:warning	3	200	7197	
AU_DATAGOV_DEFENCE_DATASETS	https://data.gov.au/data/api/3/action/package_search?q=defence&rows=50	PASS	json:result.results	50	200	317892	
AU_IBAR_REPOSITORY	https://repository.au-ibar.org/server/api/discover/search/objects?query=livestock&size=50	PASS	json:_embedded.facets	6	200	405770	
AVIOWIKI_AIRPORT_SEARCH	https://api.aviowiki.com/free/airports/search?query=Frankfurt&page=0	PASS	json:content	10	200	4696	
AZ_CBAR_FX_XML	https://www.cbar.az/currencies/17.08.2026.xml	PASS	xml:Valute	38	200	12744	
AZ_OPENDATA_CATALOGUE	https://admin.opendata.az/api/3/action/package_search?q=&rows=100	PASS	json:result.results	100	200	860366	
AZ_OPENDATA_DATASET	https://admin.opendata.az/api/3/action/package_show?id=267b4ec5-e844-4bcc-b375-624d4e5b4c77	PASS	json:result.resources	1	200	4484	
BAHRAIN_OPENDATA_CATALOG	https://data.gov.bh/api/explore/v2.1/catalog/datasets?limit=100	PASS	json:results	100	200	458523	
BAHRAIN_OPENDATA_EXPORT	https://data.gov.bh/api/explore/v2.1/catalog/exports/json	PASS	json-array	514	200	2489604	
BAHRAIN_OPENDATA_FACETS	https://data.gov.bh/api/explore/v2.1/catalog/facets	PASS	json:facets	6	200	18275	
BANK_OF_ISRAEL_FX_PAIR	https://boi.org.il/publicapi/getexchangerate?key=USD&asjson=true	PASS	json-object	1	200	142	
BANK_OF_ISRAEL_INTEREST	https://boi.org.il/publicapi/getinterest?asjson=true	PASS	json-object	1	200	112	
BA_CBBH_RATES	https://www.cbbh.ba/CurrencyExchange/GetJson?date=2026-08-14&lang=en	PASS	json:CurrencyExchangeItems	17	200	3809	
BB_GEOPORTAL_DCAT	https://geoportal-bds-lsdept.hub.arcgis.com/api/feed/dcat-us/1.1.json	PASS	json:dataset	10	200	19931	
BB_PARISH_BOUNDARIES	https://services7.arcgis.com/GaT8GzOa0Kqi9sL7/arcgis/rest/services/ParishBoundaries/FeatureServer/1/query?where=1%3D1&outFields=*&returnGeometry=false&f=json	PASS	json:fields	12	200	5230	
BCRA_CENTRAL_DEBTORS	https://api.bcra.gob.ar/CentralDeDeudores/v1.0/Deudas/30500010912	PASS	json:results.periodos	1	200	5758	
BCRA_MONETARY_SERIES	https://api.bcra.gob.ar/estadisticas/v4.0/monetarias	PASS	json:results	1000	200	347928	
BC_MINERAL_TENURE	https://openmaps.gov.bc.ca/geo/pub/WHSE_MINERAL_TENURE.MTA_ACQUIRED_TENURE_SVW/ows?service=WFS&version=2.0.0&request=GetFeature&typeName=pub:WHSE_MINERAL_TENURE.MTA_ACQUIRED_TENURE_SVW&outputFormat=application/json&count=50	PASS	geojson	50	200	69911	
BF_INSD_MICRODATA_CATALOG	https://microdata.insd.bf/index.php/api/catalog/search?format=json&ps=50&sk=enquete	PASS	json:result.rows	38	200	24423	
BGS_AEROMAGNETIC_SURVEY	https://ogcapi.bgs.ac.uk/collections/aeromag/items?limit=100&f=json	PASS	geojson	100	200	91187	
BGS_AGS_BOREHOLE_INDEX	https://ogcapi.bgs.ac.uk/collections/agsboreholeindex/items?limit=100&f=json	PASS	geojson	100	200	87644	
BGS_ERUPTION_SOURCE_PARAMETER	https://ogcapi.bgs.ac.uk/collections/eruption-source-parameter/items?limit=100&f=json	PASS	geojson	100	200	251576	
BGS_GENERIC_SAMPLES_REGISTER	https://ogcapi.bgs.ac.uk/collections/generic-samples-register/items?limit=100&f=json	PASS	geojson	100	200	242217	
BGS_GEOLOGY_625K_FAULTS	https://ogcapi.bgs.ac.uk/collections/bgsgeology625kfaults/items?limit=100&f=json	PASS	geojson	100	200	547206	
BGS_HISTORICAL_EARTHQUAKES	https://ogcapi.bgs.ac.uk/collections/historicalearthquakes/items?limit=100&f=json	PASS	geojson	100	200	80187	
BGS_LANDSLIDE_INDEX	https://ogcapi.bgs.ac.uk/collections/landslideindex/items?limit=100&f=json	PASS	geojson	100	200	93158	
BGS_MINE_PLANS	https://ogcapi.bgs.ac.uk/collections/mine_plans/items?limit=100&f=json	PASS	geojson	100	200	335124	
BGS_MINE_PLANS_MINERALS	https://ogcapi.bgs.ac.uk/collections/mine_plans_minerals/items?limit=100&f=json	PASS	geojson	63	200	28441	
BGS_OFFSHORE_CORE_SAMPLE_DATA	https://ogcapi.bgs.ac.uk/collections/offshore-core-sample-data/items?limit=100&f=json	PASS	geojson	100	200	91363	
BGS_OFFSHORE_GEOPHYSICAL_LINES	https://ogcapi.bgs.ac.uk/collections/offshore-geophysical-survey-lines/items?limit=100&f=json	PASS	geojson	100	200	2302556	
BGS_OFFSHORE_HYDROCARBON_WELLS	https://ogcapi.bgs.ac.uk/collections/offshore-hydrocarbon-wells/items?limit=100&f=json	PASS	geojson	100	200	163511	
BGS_ONSHORE_BOREHOLE_INDEX	https://ogcapi.bgs.ac.uk/collections/onshoreboreholeindex/items?limit=100&f=json	PASS	geojson	100	200	107462	
BGS_RECENT_EARTHQUAKES	https://ogcapi.bgs.ac.uk/collections/recentearthquakes/items?limit=100&f=json	PASS	geojson	100	200	78476	
BGS_WORLD_MINERAL_STATISTICS	https://ogcapi.bgs.ac.uk/collections/world-mineral-statistics/items?limit=100&f=json	PASS	geojson	100	200	186923	
BG_BNB_FX_XML	https://www.bnb.bg/Statistics/StExternalSector/StExchangeRates/StERForeignCurrencies/index.htm?download=xml	PASS	xml:ROW	30	200	7122	
BG_GOVCERT_ADVISORIES	https://www.govcert.bg/wp-json/wp/v2/posts?per_page=100	PASS	json-array	100	200	926993	
BIS_POLICY_RATES	https://stats.bis.org/api/v2/data/dataflow/BIS/WS_CBPOL/1.0/D.US?lastNObservations=30	PASS	json:meta.links	1	200	7250	
BLOCKLIST_DE_SSH	https://lists.blocklist.de/lists/ssh.txt	PASS	text-lines	5240	200	75545	
BLOCKSTREAM_ADDRESS_TXS	https://blockstream.info/api/address/1A1zP1eP5QGefi2DMPTfTL5SLmv7DivfNa/txs	PASS	json-array	25	200	69772	
BLOCKSTREAM_RECENT_BLOCKS	https://blockstream.info/api/blocks	PASS	json-array	10	200	4401	
BM_BDA_COMPANIES	https://www.bda.bm/wp-json/wp/v2/company?per_page=100&page=1	PASS	json-array	100	200	483054	
BNM_FX_RATES	https://api.bnm.gov.my/public/exchange-rate	PASS	json:data	27	200	4279	
BNM_INTERBANK_SWAP	https://api.bnm.gov.my/public/interbank-swap/date/2024-01-15	PASS	json-object	1	200	314	
BOC_VALET_GROUP	https://www.bankofcanada.ca/valet/observations/group/bond_yields_all/json?recent=100	PASS	json:observations	100	200	96441	
BO_INE_PUBLICACIONES	https://www.ine.gob.bo/wp-json/wp/v2/media?media_type=application&per_page=100&page=1	PASS	json-array	12	200	24289	
BO_SEPREC_ARANCELES	https://servicios.seprec.gob.bo/api/publicaciones/aranceles/lista?limite=100	PASS	json:datos	2	200	4011	
BQ_CBS_CARIBBEAN_NL	https://datasets.cbs.nl/odata/v1/CBS/Datasets?%24filter=contains(Title,%27Caribisch%27)&%24top=100	PASS	json:value	75	200	148564	
BRANDMEISTER_TALKGROUPS	https://api.brandmeister.network/v2/talkgroup	PASS	json-object	1	200	44328	
BREW_CASK_INDEX	https://formulae.brew.sh/api/cask.json	PASS	json-array	7702	200	19207284	
BREW_FORMULA	https://formulae.brew.sh/api/formula/openssl@3.json	PASS	json:link_overwrite	10	200	5362	
BR_ANAC_AERONAVES	https://sistemas.anac.gov.br/dadosabertos/Aeronaves/RAB/dados_aeronaves.csv	PASS	csv	307	200	23011824	
BR_ANEEL_AUTO_INFRACAO	https://dadosabertos.aneel.gov.br/dataset/4d690c9d-8158-4b04-ae44-7d3de8616271/resource/f221158a-93a3-423f-b794-4312b6985a24/download/auto-infracao.csv	PASS	csv	461	200	690665	
BR_ANEEL_SIGA_GERACAO	https://dadosabertos.aneel.gov.br/dataset/6d90b77c-c5f5-4d81-bdec-7bc619494bb9/resource/11ec447d-698d-4ab8-977f-b424d5deee6a/download/siga-empreendimentos-geracao.csv	PASS	csv	556	200	8495344	
BR_ANS_OPERADORAS	https://dadosabertos.ans.gov.br/FTP/PDA/operadoras_de_plano_de_saude_ativas/Relatorio_cadop.csv	PASS	csv	656	200	349596	
BR_BCB_EXPECTATIVAS	https://olinda.bcb.gov.br/olinda/servico/Expectativas/versao/v1/odata/ExpectativasMercadoAnuais?%24top=100&%24format=json	PASS	json:value	100	200	24893	
BR_BCB_SGS_SERIES	https://api.bcb.gov.br/dados/serie/bcdata.sgs.433/dados?formato=json	PASS	json-array	559	200	20805	
BR_BCB_TAXAS_JUROS	https://olinda.bcb.gov.br/olinda/servico/taxaJuros/versao/v2/odata/TaxasJurosMensalPorMes?%24top=1000&%24format=json	PASS	json:value	1000	200	253616	
BR_BNDES_DADOS_ABERTOS	https://dadosabertos.bndes.gov.br/api/3/action/package_search?rows=100	PASS	json:result.results	46	200	1011638	
BR_CNES_ESTABELECIMENTOS	https://apidadosabertos.saude.gov.br/cnes/estabelecimentos?limit=100	PASS	json:estabelecimentos	20	200	32391	
BR_CVM_FUNDS	https://dados.cvm.gov.br/dados/FI/CAD/DADOS/cad_fi.csv	PASS	csv	1064	200	17916738	
BR_CVM_ISSUERS	https://dados.cvm.gov.br/dados/CIA_ABERTA/CAD/DADOS/cad_cia_aberta.csv	PASS	text-lines	2678	200	1493193	
BR_DADOS_PERNAMBUCO	https://dados.pe.gov.br/api/3/action/package_search?rows=20	PASS	json:result.results	20	200	1060370	
BR_IBAMA_TERMO_EMBARGO_ITENS	https://dadosabertos.ibama.gov.br/dados/SIFISC/termo_embargo/itens/itens.csv	PASS	csv	1519	200	5733164	
BR_IBGE_SIDRA_MUNICIPAL_POP	https://apisidra.ibge.gov.br/values/t/6579/n6/all/v/9324/p/last%201	PASS	json-array	5572	200	1508654	
BR_INPE_DETER_ALERTS	https://terrabrasilis.dpi.inpe.br/geoserver/deter-amz/ows?service=WFS&version=1.0.0&request=GetFeature&typeName=deter-amz:deter_amz&maxFeatures=500&outputFormat=application%2Fjson	PASS	geojson	500	200	680938	
BR_INPE_PRODES_YEARLY	https://terrabrasilis.dpi.inpe.br/geoserver/prodes-legal-amz/ows?service=WFS&version=1.0.0&request=GetFeature&typeName=prodes-legal-amz:yearly_deforestation&maxFeatures=500&outputFormat=application%2Fjson	PASS	geojson	500	200	570008	
BR_IPEADATA_SERIES	http://www.ipeadata.gov.br/api/odata4/Metadados	PASS	json:value	3604	200	7353515	
BR_PNCP_ATAS	https://pncp.gov.br/api/consulta/v1/atas?dataInicial=20250102&dataFinal=20250104&pagina=1	PASS	json:data	500	200	486930	
BR_PNCP_CONTRATACOES	https://pncp.gov.br/api/consulta/v1/contratacoes/publicacao?dataInicial=20250102&dataFinal=20250103&codigoModalidadeContratacao=6&pagina=1	PASS	json:data	10	200	17376	
BR_PNCP_CONTRATOS	https://pncp.gov.br/api/consulta/v1/contratos?dataInicial=20250102&dataFinal=20250103&pagina=1	PASS	json:data	500	200	857311	
BR_SICONFI_DCA	https://apidatalake.tesouro.gov.br/ords/siconfi/tt/dca?an_exercicio=2023&id_ente=41&no_anexo=DCA-Anexo%20I-C	PASS	json:items	301	200	97046	
BR_SICONFI_RREO	https://apidatalake.tesouro.gov.br/ords/siconfi/tt/rreo?an_exercicio=2023&nr_periodo=1&co_tipo_demonstrativo=RREO&no_anexo=RREO-Anexo%2001&co_esfera=E&id_ente=41	PASS	json:items	619	200	218964	
BTS_BARGE_GRAIN_RATES	https://data.bts.gov/resource/t48m-82hq.json?$limit=1000	PASS	json-array	99	200	16535	
BTS_BRIDGE_AIR_DRAFT	https://data.bts.gov/resource/dasz-28ip.json?$limit=1000	PASS	json-array	21	200	1663	
BTS_CONTAINERSHIP_TEU_CAPACITY	https://data.bts.gov/resource/x6rh-cpwu.json?$limit=1000	PASS	json-array	45	200	3106	
BTS_CONTAINER_DWELL	https://data.bts.gov/resource/nfsh-p62e.json?$limit=1000	PASS	json-array	54	200	6485	
BTS_NCFO_VESSELS	https://data.bts.gov/resource/u6m4-3cmd.json?$limit=1000	PASS	json-array	723	200	603995	
BTS_ONDOCK_RAIL_TERMINALS	https://data.bts.gov/resource/ht7p-2x5y.json?$limit=1000	PASS	json-array	25	200	2672	
BTS_PORT_TEU_MONTHLY	https://data.bts.gov/resource/iahn-a7j4.json?$limit=1000	PASS	json-array	44	200	10870	
BTS_T100_SEGMENT_CARRIER	https://data.transportation.gov/resource/q4tb-tbff.json?$limit=1000	PASS	json-array	1000	200	1141157	
BTS_TANKER_DWELL	https://data.bts.gov/resource/abu9-jbyq.json?$limit=1000	PASS	json-array	54	200	6485	
BTS_TOP_CONTAINER_PORTS	https://data.bts.gov/resource/sn74-xpkp.json?$limit=1000	PASS	json-array	25	200	2248	
BW_UB_UBRISA_REPOSITORY	http://ubrisa.ub.bw/rest/items?limit=50&expand=metadata	PASS	json-array	49	200	182175	
BZ_ELECTIONS_NOTICES	https://elections.gov.bz/wp-json/wp/v2/lsvr_notice?per_page=100&page=1	PASS	json-array	78	200	201841	
BZ_ELECTIONS_OFICINAS	https://elections.gov.bz/wp-json/wp/v2/lsvr_listing?per_page=100&page=1	PASS	json-array	15	200	27769	
CANADA_OPENDATA_SEARCH	https://open.canada.ca/data/api/3/action/package_search?q=defence&rows=100	PASS	json:result.results	100	200	768016	
CARIB_GEOPORTAL_DCAT	https://www.caribbeangeoportal.com/api/feed/dcat-us/1.1.json	PASS	json:dataset	160	200	1141067	
CA_CALGEM_FACILITY_TANKS	https://gis.conservation.ca.gov/server/rest/services/WellSTAR/Facilities/MapServer/0/query?where=1%3D1&outFields=*&returnGeometry=false&f=json&resultRecordCount=1000	PASS	json:features	1000	200	546831	
CA_CALGEM_NOTICES	https://gis.conservation.ca.gov/server/rest/services/WellSTAR/Notices/MapServer/1/query?where=1%3D1&outFields=*&returnGeometry=false&f=json&resultRecordCount=1000	PASS	json:features	1000	200	653243	
CA_CALGEM_SURFACE_EXPRESSIONS	https://gis.conservation.ca.gov/server/rest/services/WellSTAR/Incidents/MapServer/0/query?where=1%3D1&outFields=*&returnGeometry=false&f=json&resultRecordCount=1000	PASS	json:features	59	200	25473	
CA_CALGEM_WELLS	https://gis.conservation.ca.gov/server/rest/services/WellSTAR/Wells/MapServer/0/query?where=1%3D1&outFields=*&returnGeometry=false&f=json&resultRecordCount=1000	PASS	json:features	1000	200	653555	
CA_HC_DPD_ACTIVEINGREDIENT	https://health-products.canada.ca/api/drug/activeingredient/?lang=en	PASS	json-array	120726	200	16085131	
CA_HC_DPD_COMPANY	https://health-products.canada.ca/api/drug/company/?lang=en	PASS	json-array	5246	200	1410347	
CA_HC_DPD_DRUGPRODUCT_ALL	https://health-products.canada.ca/api/drug/drugproduct/?lang=en	PASS	json-array	58222	200	15039234	
CA_HC_DPD_DRUGPRODUCT_DIN	https://health-products.canada.ca/api/drug/drugproduct/?lang=en&din=00559407	PASS	json-array	1	200	250	
CA_HC_DPD_FORM	https://health-products.canada.ca/api/drug/form/?lang=en	PASS	json-array	62705	200	5508269	
CA_HC_DPD_PACKAGING	https://health-products.canada.ca/api/drug/packaging/?lang=en	PASS	json-array	58222	200	6924941	
CA_HC_DPD_PHARMACEUTICALSTD	https://health-products.canada.ca/api/drug/pharmaceuticalstd/?lang=en	PASS	json-array	96401	200	4334538	
CA_HC_DPD_ROUTE	https://health-products.canada.ca/api/drug/route/?lang=en	PASS	json-array	67003	200	6547605	
CA_HC_DPD_SCHEDULE	https://health-products.canada.ca/api/drug/schedule/?lang=en	PASS	json-array	59189	200	3245912	
CA_HC_DPD_STATUS	https://health-products.canada.ca/api/drug/status/?lang=en	PASS	json-array	58222	200	10311124	
CA_HC_DPD_THERAPEUTICCLASS	https://health-products.canada.ca/api/drug/therapeuticclass/?lang=en	PASS	json-array	48010	200	3747358	
CA_HC_DPD_VETERINARYSPECIES	https://health-products.canada.ca/api/drug/veterinaryspecies/?lang=en	PASS	json-array	6543	200	315206	
CA_RECALLS_RECENT	https://healthycanadians.gc.ca/recall-alert-rappel-avis/api/recent/en	PASS	json:results.ALL	15	200	13053	
CBU_UZ_RATES	https://cbu.uz/en/arkhiv-kursov-valyut/json/	PASS	json-array	74	200	25468	
CDC_DEATHS_BY_COUNTY_WEEK	https://data.cdc.gov/resource/ite7-j2w7.json?%24limit=1000	PASS	json-array	1000	200	348268	
CDC_EXCESS_DEATHS_BY_WEEK	https://data.cdc.gov/resource/r8kw-7aab.json?%24limit=1000	PASS	json-array	1000	200	481914	
CDC_NNDSS_WEEKLY_TABLES	https://data.cdc.gov/resource/x9gk-5huc.json?%24limit=1000	PASS	json-array	1000	200	316046	
CDC_NWSS_WASTEWATER_CONCENTRATION	https://data.cdc.gov/resource/g653-rqe2.json?%24limit=1000	PASS	json-array	1000	200	154281	
CD_CAMI_EXPLOITATION_LICENCES	https://services1.arcgis.com/AYIukXzftCPbklHN/ArcGIS/rest/services/DRCPortal_ActiveExploitationLayer_1/FeatureServer/0/query?where=1%3D1&outFields=*&returnGeometry=false&f=json&resultRecordCount=1000	PASS	json:features	716	200	1041872	
CD_CAMI_LICENCE_APPLICATIONS	https://services1.arcgis.com/AYIukXzftCPbklHN/ArcGIS/rest/services/DRCPortal_ApplicationLayer_1/FeatureServer/0/query?where=1%3D1&outFields=*&returnGeometry=false&f=json&resultRecordCount=1000	PASS	json:features	168	200	232920	
CENSUS_GEOCODER	https://geocoding.geo.census.gov/geocoder/locations/onelineaddress?address=1600+Pennsylvania+Ave+Washington+DC&benchmark=Public_AR_Current&format=json	PASS	json:result.addressMatches	2	200	1092	
CERTGH_WP_POSTS	https://cert-gh.org/wp-json/wp/v2/posts?per_page=50&page=1	PASS	json-array	31	200	365860	
CERTPL_DOMAINS_JSON	https://hole.cert.pl/domains/v2/domains.json	PASS	json-array	139313	200	24695418	
CERT_HR_WP_POSTS	https://www.cert.hr/wp-json/wp/v2/posts?per_page=50&page=1	PASS	json-array	50	200	354163	
CERT_KH_WP_POSTS	https://www.camcert.gov.kh/wp-json/wp/v2/posts?per_page=50&page=1	PASS	json-array	50	200	1503745	
CERT_PH_WP_POSTS	https://www.ncert.gov.ph/wp-json/wp/v2/posts?per_page=50&page=1	PASS	json-array	50	200	422344	
CERT_PY_WP_POSTS	https://www.cert.gov.py/wp-json/wp/v2/posts?per_page=50&page=1	PASS	json-array	50	200	237708	
CFS_EXPORT_FLOWS	https://data.transportation.gov/resource/qq62-cjjy.json?$limit=1000	PASS	json-array	1000	200	510893	
CFS_HAZMAT_FLOWS	https://data.transportation.gov/resource/dkgi-gbeh.json?$limit=1000	PASS	json-array	1000	200	915017	
CFTC_COT_DISAGGREGATED	https://publicreporting.cftc.gov/resource/kh3c-gbw2.json?$limit=500	PASS	json-array	500	200	3261633	
CFTC_COT_FINANCIAL	https://publicreporting.cftc.gov/resource/gpe5-46if.json?$limit=500	PASS	json-array	500	200	1548263	
CHROME_PLATFORMS	https://versionhistory.googleapis.com/v1/chrome/platforms	PASS	json:platforms	14	200	1261	
CHROME_RELEASES	https://versionhistory.googleapis.com/v1/chrome/platforms/win/channels/stable/versions/all/releases	PASS	json:releases	2697	200	1028898	
CH_BAKOM_BROADCAST_TX	https://api3.geo.admin.ch/rest/services/api/MapServer/identify?geometryType=esriGeometryEnvelope&geometry=2480000,1070000,2840000,1300000&layers=all:ch.bakom.radio-fernsehsender&mapExtent=2480000,1070000,2840000,1300000&imageDisplay=500,600,96&tolerance=0&sr=2056&geometryFormat=geojson&limit=50	PASS	json:results	50	200	24014	
CH_BAKOM_MOBILE_SITES	https://api3.geo.admin.ch/rest/services/api/MapServer/identify?geometryType=esriGeometryEnvelope&geometry=2480000,1070000,2840000,1300000&layers=all:ch.bakom.standorte-mobilfunkanlagen&mapExtent=2480000,1070000,2840000,1300000&imageDisplay=500,600,96&tolerance=0&sr=2056&geometryFormat=geojson&limit=50	PASS	json:results	50	200	67592	
CH_BAKOM_RADIO_COVERAGE	https://api3.geo.admin.ch/rest/services/api/MapServer/identify?geometryType=esriGeometryEnvelope&geometry=2480000,1070000,2840000,1300000&layers=all:ch.bakom.versorgungsgebiet-ukw&mapExtent=2480000,1070000,2840000,1300000&imageDisplay=500,600,96&tolerance=0&sr=2056&geometryFormat=geojson&limit=50	PASS	json:results	34	200	846895	
CH_BAKOM_TV_COVERAGE	https://api3.geo.admin.ch/rest/services/api/MapServer/identify?geometryType=esriGeometryEnvelope&geometry=2480000,1070000,2840000,1300000&layers=all:ch.bakom.versorgungsgebiet-tv&mapExtent=2480000,1070000,2840000,1300000&imageDisplay=500,600,96&tolerance=0&sr=2056&geometryFormat=geojson&limit=50	PASS	json:results	13	200	399298	
CH_FEDLEX_ACTS_BY_DATE	https://fedlex.data.admin.ch/sparqlendpoint?query=PREFIX%20jolux%3A%20%3Chttp%3A%2F%2Fdata.legilux.public.lu%2Fresource%2Fontology%2Fjolux%23%3E%20SELECT%20%3Fact%20%3Fdate%20WHERE%20%7B%20%3Fact%20a%20jolux%3AAct%20.%20%3Fact%20jolux%3AdateDocument%20%3Fdate%20.%20FILTER%28STRSTARTS%28STR%28%3Fdate%29%2C%222026-08%22%29%29%20%7D&format=application%2Fsparql-results%2Bjson	PASS	json:results.bindings	154	200	31817	
CL_COORDINADOR_COSTO_MARGINAL	https://www.coordinador.cl/wp-json/costo-marginal/v1/data	PASS	json-array	192	200	11677	
CL_SEIA_PROYECTOS	https://seia.sea.gob.cl/busqueda/buscarProyectoResumenAction.php?offset=1&limit=100	PASS	json:data	100	200	149058	
CL_SERVEL_DOCUMENTOS	https://www.servel.cl/wp-json/wp/v2/media?media_type=application&per_page=100&page=1	PASS	json-array	100	200	266482	
CL_SNIFA_UNIDADES	https://snifa.sma.gob.cl/UnidadFiscalizable/Resultado?Pagina=1	PASS	html-anchors	22268	200	39792341	
CL_SUBTEL_DOCUMENTOS	https://www.subtel.gob.cl/wp-json/wp/v2/media?media_type=application&per_page=100&page=1	PASS	json-array	99	200	210570	
CMR_STAC_ASF_COLLECTIONS	https://cmr.earthdata.nasa.gov/stac/ASF/collections?limit=50	PASS	json:collections	50	200	244448	
CMR_STAC_GESDISC_COLLECTIONS	https://cmr.earthdata.nasa.gov/stac/GES_DISC/collections?limit=50	PASS	json:collections	50	200	291916	
CMR_STAC_GHRC_DAAC_COLLECTIONS	https://cmr.earthdata.nasa.gov/stac/GHRC_DAAC/collections?limit=50	PASS	json:collections	50	200	212876	
CMR_STAC_OB_DAAC_COLLECTIONS	https://cmr.earthdata.nasa.gov/stac/OB_DAAC/collections?limit=50	PASS	json:collections	50	200	150404	
CMS_HOSPITAL_GENERAL_INFORMATION	https://data.cms.gov/provider-data/api/1/datastore/query/xubh-q36u/0?limit=500	PASS	json:results	500	200	677942	
CMS_HOSPITAL_HAI_MEASURES	https://data.cms.gov/provider-data/api/1/datastore/query/77hc-ibv8/0?limit=500	PASS	json:results	500	200	231950	
CMS_NURSING_HOME_PROVIDER_INFO	https://data.cms.gov/provider-data/api/1/datastore/query/4pq5-n9py/0?limit=500	PASS	json:results	500	200	2204154	
CNAC_CO_CODE_INDEX	https://cnac.ca/co_codes/co_code_status.htm	PASS	html-anchors	113	200	45455	
CNAC_CO_CODE_STATUS	https://cnac.ca/data/COCodeStatus_NPA416.csv	PASS	csv	801	200	58146	
COINGECKO_EXCHANGES	https://api.coingecko.com/api/v3/exchanges?per_page=100	PASS	json-array	100	200	93319	
CO_ANH_CUENCAS	https://geovisor.anh.gov.co/server/rest/services/GEOVISOR_v32/Cuencas_Sedimentarias_de_Colombia/MapServer/0/query?where=1%3D1&outFields=*&returnGeometry=false&resultRecordCount=1000&f=json	PASS	json:features	24	200	12785	
CO_ANH_TIERRAS_CONTRATOS	https://geovisor.anh.gov.co/server/rest/services/Vista_Tierras_Version_Vigente_Geovisor/MapServer/0/query?where=1%3D1&outFields=*&returnGeometry=false&resultRecordCount=1000&f=json	PASS	json:features	480	200	323378	
CO_ANI_CONCESIONES	https://www.datos.gov.co/resource/b9m8-fgtx.json?%24limit=1000	PASS	json-array	146	200	71180	
CO_ANM_REGALIAS_VOLUMEN	https://www.datos.gov.co/resource/r85m-vv6c.json?%24limit=1000	PASS	json-array	1000	200	449787	
CO_ANM_RUCOM_TITULOS	https://www.datos.gov.co/resource/42ha-fhvj.json?%24limit=1000	PASS	json-array	1000	200	218352	
CO_ANM_TITULOS_ANOTACIONES	https://www.datos.gov.co/resource/si2v-pbq5.json?%24limit=1000	PASS	json-array	1000	200	499240	
CO_BUSINESS_ENTITY_TRANSACTIONS	https://data.colorado.gov/resource/casm-dbbj.json?$q=Registered%20Agent&$limit=1000	PASS	json-array	1000	200	251401	
CO_CHARITY_REGISTRATIONS	https://data.colorado.gov/resource/37wu-kn3g.json?$limit=1000	PASS	json-array	1000	200	2359473	
CO_CHILD_CARE_FACILITIES	https://data.colorado.gov/resource/a9rr-k8mu.json?$limit=1000	PASS	json-array	1000	200	738572	
CO_CONTRALORIA_FUNCIONARIOS	https://www.datos.gov.co/resource/7pn8-vpxh.json?%24limit=1000	PASS	json-array	1000	200	329434	
CO_CRC_POSTDATA_INDICADORES	https://www.postdata.gov.co/jsonapi/node/indicador?page%5Blimit%5D=50	PASS	json:data	5	200	16485	
CO_CRC_POSTDATA_OBI	https://www.postdata.gov.co/jsonapi/node/obi?page%5Blimit%5D=50	PASS	json:data	24	200	109014	
CO_CRC_POSTDATA_OPERADORES	https://www.postdata.gov.co/jsonapi/taxonomy_term/operadores?page%5Blimit%5D=50	PASS	json:data	50	200	105872	
CO_DWR_WELL_PERMITS	https://data.colorado.gov/resource/wumm-7awb.json?$q=WELD&$limit=1000	PASS	json-array	1000	200	959758	
CO_INVIMA_SANCIONATORIOS	https://www.datos.gov.co/resource/rq4n-pzga.json?%24limit=1000	PASS	json-array	1000	200	702880	
CO_JCC_SANCIONES_CONTADORES	https://www.datos.gov.co/resource/fs36-azrv.json?%24limit=1000	PASS	json-array	86	200	31586	
CO_LIQUOR_LICENSES	https://data.colorado.gov/resource/ier5-5ms2.json?$limit=1000	PASS	json-array	1000	200	505342	
CO_LOBBYIST_BILLS	https://data.colorado.gov/resource/sche-yqzf.json?$q=XCEL&$limit=1000	PASS	json-array	1000	200	538768	
CO_LOBBYIST_CLIENTS	https://data.colorado.gov/resource/vp65-spyn.json?$limit=1000	PASS	json-array	1000	200	599913	
CO_LOBBYIST_EXPENDITURES	https://data.colorado.gov/resource/synw-se9p.json?$limit=1000	PASS	json-array	1000	200	521010	
CO_LOBBYIST_INCOME	https://data.colorado.gov/resource/dxfk-9ifj.json?$limit=1000	PASS	json-array	1000	200	527958	
CO_MEDICINA_LEGAL_DESAPARECIDOS	https://www.datos.gov.co/resource/8hqm-7fdt.json?%24limit=1000	PASS	json-array	1000	200	1500509	
CO_MINJUSTICIA_CANNABIS	https://www.datos.gov.co/resource/9m2f-pdxx.json?%24limit=1000	PASS	json-array	112	200	75096	
CO_PETROLEUM_RELEASES	https://data.colorado.gov/resource/iimu-7683.json?$limit=1000	PASS	json-array	1000	200	625436	
CO_PROFESSIONAL_LICENSES	https://data.colorado.gov/resource/7s5z-vewr.json?$q=DENVER&$limit=1000	PASS	json-array	1000	200	555535	
CO_PROFESSIONAL_LOBBYIST_DIRECTORY	https://data.colorado.gov/resource/yk7f-aegj.json?$limit=1000	PASS	json-array	1000	200	555381	
CO_REAL_ESTATE_LICENSEES	https://data.colorado.gov/resource/4zse-6bnw.json?$limit=1000	PASS	json-array	1000	200	472703	
CO_REGALIAS_EJECUCION	https://www.datos.gov.co/resource/g4qj-2p2e.json?%24limit=1000	PASS	json-array	1000	200	381561	
CO_REGISTRADURIA_RESULTADOS_2018	https://www.datos.gov.co/resource/vkjr-c6fe.json?%24limit=1000	PASS	json-array	1000	200	245769	
CO_REGULATED_STORAGE_TANKS	https://data.colorado.gov/resource/iazk-c8xj.json?$limit=1000	PASS	json-array	1000	200	348530	
CO_RETHUS_TALENTO_SALUD	https://www.datos.gov.co/resource/my8c-6xkk.json?%24limit=1000	PASS	json-array	1000	200	297442	
CO_RUNAP_AREAS	https://sinap-api.parquesnacionales.gov.co/api/v1/areas	PASS	json:data	100	200	139401	
CO_RUNAP_ORGANIZACIONES	https://sinap-api.parquesnacionales.gov.co/api/v1/organizaciones	PASS	json:data	47	200	9063	
CO_SECOP_DEFENCE_CONTRACTS	https://www.datos.gov.co/resource/rpmr-utcd.json?%24limit=100&%24where=upper%28nombre_de_la_entidad%29%20like%20%27%25DEFENSA%25%27	PASS	json-array	100	200	111640	
CO_SECOP_II_OFERTAS	https://www.datos.gov.co/resource/wi7w-2nvm.json?%24limit=1000	PASS	json-array	1000	200	922252	
CO_SECOP_I_PROPONENTES	https://www.datos.gov.co/resource/tauh-5jvn.json?%24limit=1000	PASS	json-array	1000	200	363177	
CO_SECOP_MULTAS_SANCIONES	https://www.datos.gov.co/resource/it5q-hg94.json?%24limit=1000	PASS	json-array	548	200	347177	
CO_SGC_ESTACIONES	https://siigeo.sgc.gov.co/stations/toWebPageStations/	PASS	json:Retiradas	209	200	548536	
CO_STATE_LOBBYIST_DIRECTORY	https://data.colorado.gov/resource/aqta-5njj.json?$limit=1000	PASS	json-array	238	200	136194	
CO_TOBACCO_LICENSES	https://data.colorado.gov/resource/ejz2-rwds.json?$limit=1000	PASS	json-array	1000	200	278075	
CO_UPME_PRECIOS_MINERALES	https://www.datos.gov.co/resource/ni93-8mm5.json?%24limit=1000	PASS	json-array	1000	200	236251	
CO_XM_SIMEM_DESPACHO	https://www.simem.co/backend-files/api/PublicData?datasetId=ff027b&startdate=2026-08-15&enddate=2026-08-16	PASS	json:result.records	24192	200	2682494	
CO_XM_SIMEM_PRECIO_BOLSA	https://www.simem.co/backend-files/api/PublicData?datasetId=EC6945&startdate=2026-08-01&enddate=2026-08-02	PASS	json:result.records	288	200	43509	
CRANDB_PKGRELEASES	https://crandb.r-pkg.org/-/pkgreleases?limit=50	PASS	json-array	50	200	25740	
CRANLOGS_PACKAGE	https://cranlogs.r-pkg.org/downloads/total/last-month/ggplot2	PASS	json-array	1	200	83	
CRANLOGS_TOP	https://cranlogs.r-pkg.org/top/last-week/50	PASS	json:downloads	50	200	2190	
CR_HACIENDA_INDICADORES	https://api.hacienda.go.cr/indicadores/tc	PASS	json-object	1	200	255	
CR_SANCARLOS_LICORES	https://idesca.munisc.go.cr/geoserver/ows?service=WFS&version=1.0.0&request=GetFeature&typeName=geonode:patentes_licores_sc&maxFeatures=1000&outputFormat=application%2Fjson	PASS	geojson	857	200	362288	
CR_SANCARLOS_PATENTES	https://idesca.munisc.go.cr/geoserver/ows?service=WFS&version=1.0.0&request=GetFeature&typeName=geonode:patente_comercial_sc&maxFeatures=1000&outputFormat=application%2Fjson	PASS	geojson	1000	200	458817	
CR_SANCARLOS_PREDIOS	https://idesca.munisc.go.cr/geoserver/ows?service=WFS&version=1.0.0&request=GetFeature&typeName=geonode:predios_sc&maxFeatures=1000&outputFormat=application%2Fjson	PASS	geojson	1000	200	1198213	
CR_SANCARLOS_TORRES	https://idesca.munisc.go.cr/geoserver/ows?service=WFS&version=1.0.0&request=GetFeature&typeName=geonode:torres_comunicacion_sc&maxFeatures=1000&outputFormat=application%2Fjson	PASS	geojson	48	200	11300	
CR_SNIT_DISTRITOS	https://geos.snitcr.go.cr/be/IGN_5_CO/wfs?service=WFS&version=1.1.0&request=GetFeature&typeName=IGN_5_CO:limitedistrital_5k&maxFeatures=100&outputFormat=application%2Fjson	PASS	geojson	100	200	21928780	
CSIRT_TT_WP_POSTS	https://ttcsirt.gov.tt/wp-json/wp/v2/posts?per_page=50&page=1	PASS	json-array	50	200	959975	
CT_ARGON_STH	https://ct.googleapis.com/logs/us1/argon2026h1/ct/v1/get-sth	PASS	json-object	1	200	241	
CT_BUSINESS_FILING_HISTORY	https://data.ct.gov/resource/ah3s-bes7.json?$limit=1000	PASS	json-array	1000	200	277756	
CT_ENVIRONMENTAL_ENFORCEMENT	https://data.ct.gov/resource/t2bf-45ba.json?$limit=1000	PASS	json-array	243	200	149058	
CT_INSURANCE_COMPLAINTS	https://data.ct.gov/resource/t64r-mt64.json?$limit=1000	PASS	json-array	1000	200	320257	
CT_LIQUOR_PERMITS	https://data.ct.gov/resource/gwv2-eswx.json?$q=HARTFORD&$limit=1000	PASS	json-array	1000	200	298132	
CT_LOBBYIST_COMMUNICATORS	https://data.ct.gov/resource/4ixq-tnwe.json?$limit=1000	PASS	json-array	782	200	228008	
CT_OPEN_EXPENDITURES_LEDGER	https://data.ct.gov/resource/ajdm-rvz7.json?$q=YALE&$limit=1000	PASS	json-array	1000	200	852105	
CT_PARCEL_CAMA_DATA	https://data.ct.gov/resource/rny9-6ak2.json?$q=HARTFORD&$limit=1000	PASS	json-array	1000	200	1924418	
CT_SPILL_INCIDENTS	https://data.ct.gov/resource/ffju-s5c5.json?$limit=1000	PASS	json-array	944	200	410676	
CVELISTV5_DELTALOG	https://raw.githubusercontent.com/CVEProject/cvelistV5/main/cves/deltaLog.json	PASS	json-array	1389	200	24688526	
CVELISTV5_DELTA_NEW	https://raw.githubusercontent.com/CVEProject/cvelistV5/main/cves/delta.json	PASS	json:updated	1	200	396	
CV_INE_PUBLICATIONS	https://bdmi.ine.cv/site_deploy_api/api/Publication?pageSize=50&currentPage=1	PASS	json:items	50	200	134541	
CV_INE_RELEASE_CALENDAR	https://bdmi.ine.cv/site_deploy_api/api/Calendar	PASS	json-array	151	200	116563	
CV_INE_STATISTICAL_THEMES	https://bdmi.ine.cv/site_deploy_api/api/Theme	PASS	json-array	14	200	5150	
CV_INE_TENDERS	https://bdmi.ine.cv/site_deploy_api/api/Competitions?take=50&skip=0	PASS	json-array	50	200	45093	
CWE_CATEGORY	https://cwe-api.mitre.org/api/v1/cwe/category/137	PASS	json:Categories	1	200	3402	
CWE_VIEW	https://cwe-api.mitre.org/api/v1/cwe/view/1000	PASS	json:Views	1	200	4657	
CW_LANDSCOURANT	https://www.gobiernu.cw/wp-json/wp/v2/landscourant?per_page=100&page=1	PASS	json-array	44	200	306948	
CW_VACATURES	https://www.gobiernu.cw/wp-json/wp/v2/vacature?per_page=100&page=1	PASS	json-array	100	200	1148327	
CY_CYSTAT_BUSINESS_REGISTER	https://cystatdb.cystat.gov.cy/api/v1/en/8.CYSTAT-DB/Business%20Register/	PASS	json-array	1	200	169	
CY_CYSTAT_DB	https://cystatdb.cystat.gov.cy/api/v1/en/	PASS	json-array	1	200	45	
CY_CYSTAT_SUBJECTS	https://cystatdb.cystat.gov.cy/api/v1/en/8.CYSTAT-DB/	PASS	json-array	22	200	1332	
CY_DATAGOV_DCAT	https://www.data.gov.cy/sites/default/files/serialised_datasets/dcat_ap_2_0_json/all_datasets.json	PASS	json:dcat:Distribution	4082	200	10440207	
CZ_ARES_RES_RECORD	https://ares.gov.cz/ekonomicke-subjekty-v-be/rest/ekonomicke-subjekty-res/45244782	PASS	json:zaznamy	1	200	1096	
CZ_ARES_RZP	https://ares.gov.cz/ekonomicke-subjekty-v-be/rest/ekonomicke-subjekty-rzp/27074358	PASS	json:zaznamy	1	200	29472	
CZ_CNB_FX_MONTH	https://api.cnb.cz/cnbapi/fxrates/daily-month?yearMonth=2026-07&lang=EN	PASS	json:rates	124	200	15331	
CZ_CRO_PUBLIC_OFFICIALS	https://cro.justice.cz/verejnost/api/funkcionari?order=DESC&size=100&sort=id	PASS	json:items	10	200	3550	
CZ_JUSTICE_DECISIONS	https://rozhodnuti.justice.cz/api/opendata	PASS	json-array	7	200	596	
CZ_JUSTICE_DECISIONS_YEAR	https://rozhodnuti.justice.cz/api/opendata/2024	PASS	json-array	12	200	1159	
CZ_NKOD_SPARQL	https://data.gov.cz/sparql?query=PREFIX%20dcat%3A%20%3Chttp%3A%2F%2Fwww.w3.org%2Fns%2Fdcat%23%3E%20SELECT%20%3Fd%20%3Ft%20WHERE%20%7B%3Fd%20a%20dcat%3ADataset%3B%20%3Chttp%3A%2F%2Fpurl.org%2Fdc%2Fterms%2Ftitle%3E%20%3Ft%7D%20LIMIT%2050&format=application%2Fsparql-results%2Bjson	PASS	json:results.bindings	50	200	13243	
D3FEND_MAPPINGS	https://d3fend.mitre.org/api/ontology/inference/d3fend-full-mappings.json	PASS	json:results.bindings	16164	200	59995026	
DAPNET_TRANSMITTERS	https://hampager.de/api/transmitters	PASS	json-array	4076	200	2800417	
DATACUBE_CA_STAC_COLLECTIONS	https://datacube.services.geo.ca/stac/api/collections	PASS	json:collections	51	200	148671	
DATACUBE_CA_STAC_SEARCH	https://datacube.services.geo.ca/stac/api/search?limit=500	PASS	geojson	500	200	2648918	
DEFILLAMA_CHAINS	https://api.llama.fi/v2/chains	PASS	json-array	462	200	51339	
DELPHI_EPIDATA_COVIDCAST_META	https://api.delphi.cmu.edu/epidata/covidcast/meta	PASS	json-array	22	200	778164	
DELPHI_EPIDATA_COVID_HOSP_STATE	https://api.delphi.cmu.edu/epidata/covid_hosp_state_timeseries/?states=CA&dates=20200101-20240501	PASS	json:epidata	1524	200	9432054	
DELPHI_EPIDATA_ECDC_ILI	https://api.delphi.cmu.edu/epidata/ecdc_ili/?regions=Austria&epiweeks=201001-202640	PASS	json:epidata	51	200	6166	
DELPHI_EPIDATA_FLUVIEW	https://api.delphi.cmu.edu/epidata/fluview/?regions=nat&epiweeks=200940-202640	PASS	json:epidata	880	200	244664	
DELPHI_EPIDATA_FLUVIEW_CLINICAL	https://api.delphi.cmu.edu/epidata/fluview_clinical/?regions=nat&epiweeks=201540-202640	PASS	json:epidata	515	200	106407	
DELPHI_EPIDATA_HOSP_FACILITY_LOOKUP	https://api.delphi.cmu.edu/epidata/covid_hosp_facility_lookup/?state=ca	PASS	json:epidata	820	200	195693	
DELPHI_EPIDATA_KCDC_ILI	https://api.delphi.cmu.edu/epidata/kcdc_ili/?regions=ROK&epiweeks=200401-202640	PASS	json:epidata	843	200	81878	
DELPHI_EPIDATA_NIDSS_DENGUE	https://api.delphi.cmu.edu/epidata/nidss_dengue/?locations=nationwide&epiweeks=200801-202640	PASS	json:epidata	532	200	28592	
DELPHI_EPIDATA_NIDSS_FLU	https://api.delphi.cmu.edu/epidata/nidss_flu/?regions=nationwide&epiweeks=200801-202640	PASS	json:epidata	519	200	62073	
DELPHI_EPIDATA_PAHO_DENGUE	https://api.delphi.cmu.edu/epidata/paho_dengue/?regions=ca&epiweeks=201401-202640	PASS	json:epidata	342	200	62188	
DEPSDEV_ADVISORY	https://api.deps.dev/v3alpha/advisories/GHSA-jchw-25xp-jwwc	PASS	json:aliases	1	200	293	
DEPSDEV_V3_PACKAGE	https://api.deps.dev/v3/systems/npm/packages/express	PASS	json:versions	288	200	58394	
DE_CENTRAL_CONTRACT_SPEND	https://data.delaware.gov/resource/sifm-293u.json?$limit=1000	PASS	json-array	1000	200	331184	
DE_DIVI_INTENSIVREGISTER_SITES	https://www.intensivregister.de/api/public/intensivregister	PASS	json:data	742	200	404395	
DE_DIVI_INTENSIVREGISTER_STATES	https://www.intensivregister.de/api/public/reporting/laendertabelle	PASS	json:data	16	200	4479	
DE_FOOD_INSPECTION_VIOLATIONS	https://data.delaware.gov/resource/384s-wygj.json?$limit=1000	PASS	json-array	1000	200	440264	
DE_HISTORICAL_BUSINESS_LICENSES	https://data.delaware.gov/resource/khpy-2pnr.json?$q=WILMINGTON&$limit=1000	PASS	json-array	1000	200	555339	
DE_LICENSED_CHILD_CARE	https://data.delaware.gov/resource/iuzd-3dbt.json?$limit=1000	PASS	json-array	1000	200	721761	
DE_LICENSE_DISCIPLINARY_ACTIONS	https://data.delaware.gov/resource/dz6p-akeq.json?$limit=1000	PASS	json-array	1000	200	252404	
DE_PROFESSIONAL_LICENSING	https://data.delaware.gov/resource/pjnv-eaih.json?$limit=1000	PASS	json-array	1000	200	400314	
DE_PUBLIC_CRASH_DATA	https://data.delaware.gov/resource/827n-m6xc.json?$limit=1000	PASS	json-array	1000	200	1018565	
DE_STATE_CHECKBOOK	https://data.delaware.gov/resource/5s6n-7hpx.json?$q=VERIZON&$limit=1000	PASS	json-array	1000	200	280986	
DE_WELL_PERMITS	https://data.delaware.gov/resource/2655-qn8j.json?$limit=1000	PASS	json-array	1000	200	1715959	
DFT_COUNT_POINTS	https://roadtraffic.dft.gov.uk/api/count-points?page=1	PASS	json:data	250	200	91062	
DFT_LOCAL_AUTHORITIES	https://roadtraffic.dft.gov.uk/api/local-authorities	PASS	json-array	214	200	17798	
DFT_TRAFFIC_REGIONS	https://roadtraffic.dft.gov.uk/api/regions	PASS	json-array	11	200	754	
DK_MASTEDB_ANTENNAS	https://mastedatabasen.dk/Master/antenner.json?maxantal=100000	PASS	json-array	69699	200	34574043	
DM_STATISTICS_RELEASES	https://stats.gov.dm/wp-json/wp/v2/media?media_type=application&per_page=100&page=1	PASS	json-array	100	200	271127	
DNS_CLOUDFLARE_CAA	https://cloudflare-dns.com/dns-query?name=github.com&type=CAA	PASS	json:Answer	7	200	686	
DOCKERHUB_REPO_TAGS	https://hub.docker.com/v2/repositories/library/nginx/tags?page_size=100	PASS	json:results	100	200	444878	
DOT_TOC_INCIDENTS	https://data.transportation.gov/resource/d7ji-htf7.json?$limit=1000	PASS	json-array	1000	200	339126	
DOT_TOC_INCIDENT_REPORTS	https://data.transportation.gov/resource/y5mi-ya75.json?$limit=1000	PASS	json-array	1000	200	419969	
DO_HACIENDA_ESTADISTICAS	https://www.hacienda.gob.do/wp-json/wp/v2/estadisticas-fiscale?per_page=100&page=1	PASS	json-array	21	200	233383	
DO_HACIENDA_MARCO_LEGAL	https://www.hacienda.gob.do/wp-json/wp/v2/marco-legal?per_page=100&page=1	PASS	json-array	100	200	689235	
DSHIELD_BACKSCATTER	https://isc.sans.edu/api/backscatter/?json	PASS	json-array	1000	200	58107	
DSHIELD_IP_DETAIL	https://isc.sans.edu/api/ip/8.8.8.8?json	PASS	json-object	1	200	622	
DSHIELD_PORTHISTORY	https://isc.sans.edu/api/porthistory/22?json	PASS	json-object	1	200	2890	
DSHIELD_THREATFEEDS	https://isc.sans.edu/api/threatfeeds?json	PASS	json-array	31	200	1050	
DSHIELD_THREATLIST	https://isc.sans.edu/api/threatlist/shodan?json	PASS	json-array	58	200	3995	
DXSUMMIT_DX_SPOTS	http://www.dxsummit.fi/api/v1/spots	PASS	json-array	50	200	12567	
DZ_TLEMCEN_REPOSITORY	https://dspace.univ-tlemcen.dz/server/api/discover/search/objects?query=algerie&size=50	PASS	json:_embedded.facets	5	200	386536	
EAD_AIR_QUALITY_STATIONS	https://services.arcgis.com/kuR0ZmzEAOg4q3DU/arcgis/rest/services/Air_Quality_Monitoring_Stations/FeatureServer/0/query?where=1%3D1&outFields=*&f=json&resultRecordCount=1000	PASS	json:features	20	200	11568	
EAD_GAZETTEER	https://services.arcgis.com/kuR0ZmzEAOg4q3DU/arcgis/rest/services/Gazetteer/FeatureServer/0/query?where=1%3D1&outFields=*&f=json&resultRecordCount=1000	PASS	json:features	763	200	286485	
EAD_PROTECTED_AREAS	https://services.arcgis.com/kuR0ZmzEAOg4q3DU/arcgis/rest/services/Protected_Areas/FeatureServer/0/query?where=1%3D1&outFields=*&f=json&resultRecordCount=1000	PASS	json:fields	22	200	197266	
EAD_SPECIES_SIGHTINGS	https://services.arcgis.com/kuR0ZmzEAOg4q3DU/arcgis/rest/services/SpeciesSightings/FeatureServer/0/query?where=1%3D1&outFields=*&f=json&resultRecordCount=1000	PASS	json:features	58	200	32696	
EARTHSCOPE_MUSTANG_METRICS	https://service.iris.edu/mustang/metrics/1/query?format=json	PASS	json:metrics	48	200	83848	
EARTHSCOPE_MUSTANG_TARGETS	https://service.iris.edu/mustang/targets/1/query?net=GE&format=json	PASS	json:targets	2140	200	123584	
ECB_MFI_BALANCE_SHEET	https://data-api.ecb.europa.eu/service/data/BSI/M.U2.N.A.A20.A.1.U2.2250.Z01.E?lastNObservations=30&format=jsondata	PASS	json:dataSets	1	200	8368	
ECDC_ERVISS_ILI_ARI_RATES	https://raw.githubusercontent.com/EU-ECDC/Respiratory_viruses_weekly_data/main/data/ILIARIRates.csv	PASS	csv	2821	200	2437657	
ECDC_ERVISS_NONSENTINEL_SEVERITY	https://raw.githubusercontent.com/EU-ECDC/Respiratory_viruses_weekly_data/main/data/nonSentinelSeverity.csv	PASS	csv	2879	200	4393630	
ECDC_ERVISS_SENTINEL_DETECTIONS	https://raw.githubusercontent.com/EU-ECDC/Respiratory_viruses_weekly_data/main/data/sentinelTestsDetectionsPositivity.csv	PASS	csv	2422	200	4032922	
ECDC_ERVISS_VARIANTS	https://raw.githubusercontent.com/EU-ECDC/Respiratory_viruses_weekly_data/main/data/variants.csv	PASS	csv	2465	200	2694619	
ECFR_CCL_TEXT	https://www.ecfr.gov/api/versioner/v1/full/2026-01-01/title-15.xml?part=774	PASS	xml:FP-1	5041	200	2107342	
ECFR_DOE_810_VERSIONS	https://www.ecfr.gov/api/versioner/v1/versions/title-10.json?part=810	PASS	json:content_versions	29	200	7315	
ECFR_EAR_CCL_VERSIONS	https://www.ecfr.gov/api/versioner/v1/versions/title-15.json?part=774	PASS	json:content_versions	165	200	46805	
ECFR_EAR_EMBARGO_VERSIONS	https://www.ecfr.gov/api/versioner/v1/versions/title-15.json?part=746	PASS	json:content_versions	141	200	42399	
ECFR_EAR_ENFORCEMENT_VERSIONS	https://www.ecfr.gov/api/versioner/v1/versions/title-15.json?part=764	PASS	json:content_versions	22	200	5713	
ECFR_EAR_ENTITY_LIST_VERSIONS	https://www.ecfr.gov/api/versioner/v1/versions/title-15.json?part=744	PASS	json:content_versions	367	200	106155	
ECFR_EAR_EXCEPTIONS_VERSIONS	https://www.ecfr.gov/api/versioner/v1/versions/title-15.json?part=740	PASS	json:content_versions	281	200	75247	
ECFR_ENTITY_LIST_TEXT	https://www.ecfr.gov/api/versioner/v1/full/2026-01-01/title-15.xml?part=744	PASS	xml:TR	3415	200	2510681	
ECFR_ITAR_BROKERING_VERSIONS	https://www.ecfr.gov/api/versioner/v1/versions/title-22.json?part=129	PASS	json:content_versions	34	200	8725	
ECFR_ITAR_EMBARGO_VERSIONS	https://www.ecfr.gov/api/versioner/v1/versions/title-22.json?part=126	PASS	json:content_versions	110	200	30962	
ECFR_ITAR_LICENCES_VERSIONS	https://www.ecfr.gov/api/versioner/v1/versions/title-22.json?part=123	PASS	json:content_versions	70	200	19001	
ECFR_ITAR_USML_VERSIONS	https://www.ecfr.gov/api/versioner/v1/versions/title-22.json?part=121	PASS	json:content_versions	58	200	14495	
ECFR_NRC_NUCLEAR_EXPORT_VERSIONS	https://www.ecfr.gov/api/versioner/v1/versions/title-10.json?part=110	PASS	json:content_versions	211	200	56562	
ECFR_USML_TEXT	https://www.ecfr.gov/api/versioner/v1/full/2026-01-01/title-22.xml?part=121	PASS	xml:P	1203	200	240319	
ECMA_PUBLISHED_STANDARDS	https://www.ecma-international.org/publications-and-standards/standards/	PASS	html-anchors	295	200	185145	
ECUCERT_WP_POSTS	https://www.ecucert.gob.ec/wp-json/wp/v2/posts?per_page=50&page=1	PASS	json-array	31	200	730605	
EC_GOBEC_INSTITUCIONES	https://www.gob.ec/api/v1/instituciones	PASS	json-array	500	200	371719	
EC_GOBEC_REGULACIONES	https://www.gob.ec/api/v1/regulaciones?page=1	PASS	json-array	250	200	344127	
EC_GOBEC_TRAMITES	https://www.gob.ec/api/v1/tramites?page=1	PASS	json-array	250	200	1443047	
EC_IGEPN_SISMOS	https://www.igepn.edu.ec/portal/eventos/www/events.csv	PASS	csv	34	200	3647	
EE_AVAANDMED_DATASETS	https://avaandmed.eesti.ee/api/datasets?limit=25	PASS	json:data	25	200	7972	
EE_ELERING_NPS_CURRENT	https://dashboard.elering.ee/api/nps/price/EE/current	PASS	json:data	1	200	66	
EE_INAADRESS_GAZETTEER	https://inaadress.maaamet.ee/inaadress/gazetteer?address=Tartu&results=100&appartment=1	PASS	json:addresses	100	200	116891	
EE_STAT_ECONOMY	https://andmed.stat.ee/api/v1/en/stat/Majandus	PASS	json-array	19	200	1184	
EG_MSA_REPOSITORY	https://repository.msa.edu.eg/server/api/discover/search/objects?query=egypt&size=50	PASS	json:_embedded.facets	5	200	667427	
EIDA_WFCATALOG_BGR	https://eida.bgr.de/eidaws/wfcatalog/1/query?station=BFO&start=2026-07-01&end=2026-07-05&format=json	PASS	json-array	164	200	80908	
EIDA_WFCATALOG_BGS	https://eida.bgs.ac.uk/eidaws/wfcatalog/1/query?station=EDI&start=2026-07-01&end=2026-07-05&format=json	PASS	json-array	12	200	6274	
EIDA_WFCATALOG_EPOSFR	https://seisdata.epos-france.fr/eidaws/wfcatalog/1/query?station=CIEL&start=2026-07-01&end=2026-07-05&format=json	PASS	json-array	48	200	23608	
EIDA_WFCATALOG_ETHZ	https://eida.ethz.ch/eidaws/wfcatalog/1/query?station=DAVOX&start=2026-07-01&end=2026-07-05&format=json	PASS	json-array	92	200	44830	
EIDA_WFCATALOG_GEOFON	https://geofon.gfz.de/eidaws/wfcatalog/1/query?station=APE&start=2026-07-01&end=2026-07-05&format=json	PASS	json-array	84	200	40573	
EIDA_WFCATALOG_ICGC	https://ws.icgc.cat/eidaws/wfcatalog/1/query?station=CADI&start=2026-07-01&end=2026-07-05&format=json	PASS	json-array	12	200	5998	
EIDA_WFCATALOG_INGV	https://webservices.ingv.it/eidaws/wfcatalog/1/query?station=ACER&start=2026-07-01&end=2026-07-05&format=json	PASS	json-array	24	200	11881	
EIDA_WFCATALOG_KOERI	https://eida.koeri.boun.edu.tr/eidaws/wfcatalog/1/query?station=ARMT&start=2024-01-01&end=2024-01-03&format=json	PASS	json-array	6	200	3025	
EIDA_WFCATALOG_LMU	https://erde.geophysik.uni-muenchen.de/eidaws/wfcatalog/1/query?station=ALTM&start=2026-07-01&end=2026-07-05&format=json	PASS	json-array	12	200	5830	
EIDA_WFCATALOG_NIEP	https://eida-sc3.infp.ro/eidaws/wfcatalog/1/query?station=BUC1&start=2024-01-01&end=2024-01-03&format=json	PASS	json-array	18	200	9185	
EIDA_WFCATALOG_NOA	https://eida.gein.noa.gr/eidaws/wfcatalog/1/query?station=ATH&start=2026-07-01&end=2026-07-05&format=json	PASS	json-array	12	200	5905	
EIDA_WFCATALOG_ORFEUS	https://www.orfeus-eu.org/eidaws/wfcatalog/1/query?station=HGN&start=2026-07-01&end=2026-07-05&format=json	PASS	json-array	151	200	75349	
EIDA_WFCATALOG_UIBNORSAR	https://eida.geo.uib.no/eidaws/wfcatalog/1/query?station=BER&start=2026-07-01&end=2026-07-05&format=json	PASS	json-array	12	200	5941	
ELERING_NPS_PRICE	https://dashboard.elering.ee/api/nps/price	PASS	json:data.ee	79	200	13125	
ELIA_GENERATION_BY_FUEL_HIST	https://opendata.elia.be/api/explore/v2.1/catalog/datasets/ods033/records?limit=50	PASS	json:results	50	200	7445	
ELIA_GENERATION_BY_FUEL_RECENT	https://opendata.elia.be/api/explore/v2.1/catalog/datasets/ods177/records?limit=50	PASS	json:results	50	200	8132	
ELIA_GRID_ASSET_LOADING	https://opendata.elia.be/api/explore/v2.1/catalog/datasets/ods124/records?limit=50	PASS	json:results	50	200	24213	
ELIA_LOAD_AND_FORECAST	https://opendata.elia.be/api/explore/v2.1/catalog/datasets/ods002/records?limit=50	PASS	json:results	50	200	15800	
ELIA_RENEWABLE_INTRADAY_FORECAST	https://opendata.elia.be/api/explore/v2.1/catalog/datasets/ods147/records?limit=50	PASS	json:results	50	200	35199	
ELIA_SYSTEM_IMBALANCE	https://opendata.elia.be/api/explore/v2.1/catalog/datasets/ods045/records?limit=50	PASS	json:results	50	200	24863	
ELIA_WIND_PRODUCTION	https://opendata.elia.be/api/explore/v2.1/catalog/datasets/ods031/records?limit=50	PASS	json:results	50	200	30840	
EM6_NZ_PRICE_GENERATION	https://api.em6.co.nz/ords/em6/data_api/free/price	PASS	json:items	182	200	74403	
ENA_PATHOGEN_INFLUENZA_SAMPLES	https://www.ebi.ac.uk/ena/portal/api/search?result=sample&query=tax_tree(11320)&fields=sample_accession,description,country,location,collection_date,center_name,host,isolate,strain,serotype&format=json&limit=1000	PASS	json-array	1000	200	269439	
ENA_PATHOGEN_MTB_RUNS	https://www.ebi.ac.uk/ena/portal/api/search?result=read_run&query=tax_tree(1773)&fields=run_accession,sample_accession,study_accession,country,location,collection_date,center_name,instrument_platform,first_public&format=json&limit=1000	PASS	json-array	1000	200	257759	
ENA_PATHOGEN_SARSCOV2_RUNS	https://www.ebi.ac.uk/ena/portal/api/search?result=read_run&query=tax_tree(2697049)&fields=run_accession,sample_accession,study_accession,country,location,collection_date,center_name,instrument_platform,library_strategy,first_public&format=json&limit=1000	PASS	json-array	1000	200	315783	
ENDOFLIFE_ALL	https://endoflife.date/api/all.json	PASS	json-array	464	200	5868	
ENDOFLIFE_PRODUCT	https://endoflife.date/api/openssl.json	PASS	json-array	14	200	2711	
ENERGINET_CAPACITY_MUNICIPALITY	https://api.energidataservice.dk/dataset/CapacityPerMunicipality?limit=50	PASS	json:records	50	200	18067	
ENERGINET_CO2_PROGNOSIS	https://api.energidataservice.dk/dataset/CO2EmisProg?limit=50	PASS	json:records	50	200	5822	
ENERGINET_ELECTRICITY_BALANCE	https://api.energidataservice.dk/dataset/ElectricityBalanceNonv?limit=50	PASS	json:records	50	200	23797	
ENERGINET_GAS_COMPOSITION	https://api.energidataservice.dk/dataset/GasComposition?limit=50	PASS	json:records	50	200	28177	
ENERGINET_PRODCONSUM_SETTLEMENT	https://api.energidataservice.dk/dataset/ProductionConsumptionSettlement?limit=50&sort=HourUTC%20desc	PASS	json:records	50	200	43367	
ENTSOG_BALANCING_ZONES	https://transparency.entsog.eu/api/v1/balancingzones.json?limit=50	PASS	json:balancingzones	48	200	19642	
ENTSOG_CONNECTION_POINTS	https://transparency.entsog.eu/api/v1/connectionpoints.json?limit=50	PASS	json:connectionpoints	50	200	36161	
ENTSOG_INTERRUPTIONS	https://transparency.entsog.eu/api/v1/interruptions.json?limit=50	PASS	json:interruptions	50	200	49792	
EPA_ENVIROFACTS_FRS	https://data.epa.gov/efservice/frs_program_facility/pgm_sys_acrnm/RCRAINFO/rows/0:499/JSON	PASS	json-array	500	200	686489	
EPA_ENVIROFACTS_SDWIS	https://data.epa.gov/efservice/water_system/state_code/MI/rows/0:499/JSON	PASS	json-array	500	200	674841	
EPA_ENVIROFACTS_TRI	https://data.epa.gov/efservice/tri_facility/state_abbr/CA/rows/0:499/JSON	PASS	json-array	500	200	756376	
EPA_GHG_SUBPART_EMISSIONS	https://data.epa.gov/efservice/pub_facts_subp_ghg_emission/rows/0:100/JSON	PASS	json-array	101	200	10907	
EPA_TRI_RELEASE_QUANTITIES	https://data.epa.gov/efservice/tri_release_qty/rows/0:100/JSON	PASS	json-array	101	200	21865	
EPA_TRI_TRANSFER_QUANTITIES	https://data.epa.gov/efservice/tri_transfer_qty/rows/0:100/JSON	PASS	json-array	101	200	51921	
EPSS_SCORE_PAGE	https://api.first.org/data/v1/epss?limit=100&offset=0	PASS	json:data	100	200	9315	
ES_AEMPS_CIMA_MEDICAMENTOS	https://cima.aemps.es/cima/rest/medicamentos?nombre=ibuprofeno	PASS	json:resultados	138	200	159531	
ES_AEMPS_CIMA_REGISTRO_CAMBIOS	https://cima.aemps.es/cima/rest/registroCambios?fecha=01/01/2020	PASS	json:resultados	200	200	31083	
ES_AEMPS_CIMA_SUPPLY_PROBLEMS	https://cima.aemps.es/cima/rest/psuministro?nombre=ibuprofeno	PASS	json:resultados	5	200	1541	
ES_AEMPS_CIMA_VMPP	https://cima.aemps.es/cima/rest/vmpp?principioActivo=ibuprofeno	PASS	json:resultados	200	200	41799	
ES_BORME_SUMARIO	https://www.boe.es/datosabiertos/api/borme/sumario/20250115	PASS	json-object	1	200	46679	
ES_CATASTRO_PROVINCIAS	https://ovc.catastro.meh.es/ovcservweb/OVCSWLocalizacionRC/OVCCallejero.asmx/ConsultaProvincia	PASS	xml:prov	48	200	3779	
ETHPLORER_TOKEN_INFO	https://api.ethplorer.io/getTokenInfo/0xdac17f958d2ee523a2206206994597c13d831ec7?apiKey=freekey	PASS	json-object	1	200	916	
ETSI_DELIVER_EN	https://www.etsi.org/deliver/etsi_en/	PASS	html-anchors	50	200	5303	
ETSI_DELIVER_TR	https://www.etsi.org/deliver/etsi_tr/	PASS	html-anchors	95	200	9893	
ETSI_DELIVER_TS	https://www.etsi.org/deliver/etsi_ts/	PASS	html-anchors	163	200	16829	
ETSI_IPR_DECLARATION_EXPORT	https://docbox.etsi.org/IPR/Open/	PASS	html-anchors	2	200	13768	
ET_AAU_ELECTRONIC_THESES	https://etd.aau.edu.et/server/api/discover/search/objects?query=ethiopia&size=50	PASS	json:_embedded.facets	5	200	428815	
EUROARGO_FLOAT_RECORD	https://fleetmonitoring.euro-argo.eu/floats/basic/6902746	PASS	json:configDataList	46	200	5926	
EUVD_CRITICAL	https://euvdservices.enisa.europa.eu/api/criticalvulnerabilities	PASS	json-array	4	200	2854	
EUVD_ENISAID	https://euvdservices.enisa.europa.eu/api/enisaid?id=EUVD-2025-4893	PASS	json:enisaIdVulnerability	2	200	2963	
EU_CELLAR_CELEX_METADATA	https://publications.europa.eu/webapi/rdf/sparql?query=PREFIX%20cdm%3A%20%3Chttp%3A%2F%2Fpublications.europa.eu%2Fontology%2Fcdm%23%3E%20SELECT%20%3Fwork%20%3Fcelex%20%3Fdate%20WHERE%20%7B%20%3Fwork%20cdm%3Aresource_legal_id_celex%20%3Fcelex%20.%20%3Fwork%20cdm%3Awork_date_document%20%3Fdate%20.%20FILTER%28STRSTARTS%28STR%28%3Fcelex%29%2C%2262025CJ0401%22%29%29%20%7D&format=application%2Fsparql-results%2Bjson	PASS	json:head.vars	3	200	1182	
EU_CTIS_TRIAL_RETRIEVE	https://euclinicaltrials.eu/ctis-public-api/retrieve/2022-500014-26-00	PASS	json:documents	243	200	316026	
EXPLOITDB_SHELLCODE_INDEX	https://gitlab.com/exploit-database/exploitdb/-/raw/main/files_shellcodes.csv	PASS	csv	972	200	220280	
FAA_ARCGIS_MILITARY_TRAINING_ROUTES	https://services6.arcgis.com/ssFJjBXIUyZDrSYZ/ArcGIS/rest/services/MTRSegment/FeatureServer/0/query?where=1%3D1&outFields=*&f=json&resultRecordCount=500	PASS	json:features	500	200	240102	
FAA_ARCGIS_NAVAIDS	https://services6.arcgis.com/ssFJjBXIUyZDrSYZ/ArcGIS/rest/services/NAVAIDSystem/FeatureServer/0/query?where=1%3D1&outFields=*&f=json&resultRecordCount=500	PASS	json:features	500	200	267042	
FAA_ARCGIS_OBSTACLES	https://services6.arcgis.com/ssFJjBXIUyZDrSYZ/ArcGIS/rest/services/Digital_Obstacle_File/FeatureServer/0/query?where=1%3D1&outFields=*&f=json&resultRecordCount=500	PASS	json:features	500	200	235856	
FAA_ARCGIS_RUNWAYS	https://services6.arcgis.com/ssFJjBXIUyZDrSYZ/ArcGIS/rest/services/Runways/FeatureServer/0/query?where=1%3D1&outFields=*&f=json&resultRecordCount=500	PASS	json:features	500	200	292719	
FAA_ARCGIS_SPECIAL_USE_AIRSPACE	https://services6.arcgis.com/ssFJjBXIUyZDrSYZ/ArcGIS/rest/services/Special_Use_Airspace/FeatureServer/0/query?where=1%3D1&outFields=*&f=json&resultRecordCount=500	PASS	json:features	500	200	4350996	
FAA_ARCGIS_US_AIRPORTS	https://services6.arcgis.com/ssFJjBXIUyZDrSYZ/ArcGIS/rest/services/US_Airport/FeatureServer/0/query?where=1%3D1&outFields=*&f=json&resultRecordCount=500	PASS	json:features	500	200	279939	
FAO_FIFAO_DIVISIONS	https://www.fao.org/fishery/geoserver/fifao/ows?service=WFS&version=1.0.0&request=GetFeature&typeName=fifao:FAO_DIV&outputFormat=application/json	PASS	geojson	201	200	11893385	
FAO_FIFAO_MAJOR_AREAS	https://www.fao.org/fishery/geoserver/fifao/ows?service=WFS&version=1.0.0&request=GetFeature&typeName=fifao:FAO_MAJOR&outputFormat=application/json	PASS	geojson	194	200	27977973	
FAO_FIFAO_SUB_AREAS	https://www.fao.org/fishery/geoserver/fifao/ows?service=WFS&version=1.0.0&request=GetFeature&typeName=fifao:FAO_SUB_AREA&outputFormat=application/json	PASS	geojson	264	200	21205530	
FAO_FIRMS_FISHERY_POINTS	https://www.fao.org/fishery/geoserver/firms/ows?service=WFS&version=1.0.0&request=GetFeature&typeName=firms:fishery_all_points&outputFormat=application/json	PASS	geojson	358	200	181934	
FAO_FIRMS_RESOURCE_POINTS	https://www.fao.org/fishery/geoserver/firms/ows?service=WFS&version=1.0.0&request=GetFeature&typeName=firms:resource_all_points&outputFormat=application/json	PASS	geojson	931	200	470884	
FCC_EAS_GRANTEE_REG	https://opendata.fcc.gov/resource/3b3k-34jp.json?$limit=1000	PASS	json-array	1000	200	300127	
FCC_EAS_TCB	https://opendata.fcc.gov/resource/6dwc-c4xx.json?$limit=1000	PASS	json-array	309	200	87352	
FCC_EAS_TCB_AUTHORITIES	https://opendata.fcc.gov/resource/cxk6-dh2v.json?$limit=1000	PASS	json-array	16	200	4675	
FCC_EAS_TEST_FIRMS	https://opendata.fcc.gov/resource/nubx-v54a.json?$limit=1000	PASS	json-array	591	200	294545	
FCC_EAS_TFAB	https://opendata.fcc.gov/resource/6cjf-vuh4.json?$limit=1000	PASS	json-array	30	200	8462	
FCC_ECFS_FILINGS	https://publicapi.fcc.gov/ecfs/filings?api_key=DEMO_KEY&limit=100	PASS	json:filing	100	200	269508	
FCC_FSS_EARTH_STATION_DOCS	https://opendata.fcc.gov/resource/eg8u-shmc.json?$limit=1000	PASS	json-array	220	200	60704	
FCC_GEOGRAPHY_LOOKUP	https://opendata.fcc.gov/resource/v5vt-e7vw.json?$limit=50000&$offset=0	PASS	json-array	50000	200	9579664	
FCC_LINKED_STATION_NEIGHBORS	https://opendata.fcc.gov/resource/2ah7-n9rk.json?$limit=1000	PASS	json-array	1000	200	109457	
FCC_PIRATE_RADIO_DB	https://opendata.fcc.gov/resource/xqgr-24et.json?$limit=1000	PASS	json-array	197	200	87907	
FCC_PROVIDER_LOOKUP	https://opendata.fcc.gov/resource/awrw-t4m8.json?$limit=50000&$offset=0	PASS	json-array	21737	200	2087124	
FCC_PROVIDER_TABLE_2021	https://opendata.fcc.gov/resource/yd9y-6jqe.json?$limit=50000&$offset=0	PASS	json-array	7398	200	1775531	
FDIC_BRANCH_DEPOSITS	https://banks.data.fdic.gov/api/sod?limit=100&format=json	PASS	json:data	100	200	149871	
FDIC_FAILURES	https://banks.data.fdic.gov/api/failures?limit=100&format=json	PASS	json:data	100	200	57274	
FDIC_FINANCIALS	https://banks.data.fdic.gov/api/financials?limit=100&format=json	PASS	json:data	100	200	293782	
FDIC_INSTITUTIONS	https://banks.data.fdic.gov/api/institutions?filters=ACTIVE%3A1&limit=100&format=json	PASS	json:data	100	200	217965	
FDIC_STRUCTURE_HISTORY	https://banks.data.fdic.gov/api/history?limit=100&format=json	PASS	json:data	100	200	288202	
FDSN_AVAILABILITY_AUSPASS	https://auspass.edu.au/fdsnws/availability/1/extent?sta=ARMA&format=json	PASS	json:datasources	15	200	3831	
FDSN_AVAILABILITY_BGR	https://eida.bgr.de/fdsnws/availability/1/extent?sta=BFO&format=json	PASS	json:datasources	15	200	4130	
FDSN_AVAILABILITY_BGS	https://eida.bgs.ac.uk/fdsnws/availability/1/extent?sta=EDI&format=json	PASS	json:datasources	3	200	891	
FDSN_AVAILABILITY_EPOSFR	https://seisdata.epos-france.fr/fdsnws/availability/1/extent?sta=CIEL&format=json	PASS	json:datasources	24	200	6167	
FDSN_AVAILABILITY_ETHZ	https://eida.ethz.ch/fdsnws/availability/1/extent?sta=DAVOX&format=json	PASS	json:datasources	15	200	4226	
FDSN_AVAILABILITY_GEOFON	https://geofon.gfz.de/fdsnws/availability/1/extent?sta=APE&format=json	PASS	json:datasources	15	200	4145	
FDSN_AVAILABILITY_ICGC	https://ws.icgc.cat/fdsnws/availability/1/extent?sta=CADI&format=json	PASS	json:datasources	9	200	2543	
FDSN_AVAILABILITY_KOERI	https://eida.koeri.boun.edu.tr/fdsnws/availability/1/extent?sta=ARMT&format=json	PASS	json:datasources	9	200	2525	
FDSN_AVAILABILITY_LMU	https://erde.geophysik.uni-muenchen.de/fdsnws/availability/1/extent?sta=ALTM&format=json	PASS	json:datasources	3	200	896	
FDSN_AVAILABILITY_NOA	https://eida.gein.noa.gr/fdsnws/availability/1/extent?sta=ATH&format=json	PASS	json:datasources	3	200	893	
FDSN_AVAILABILITY_ORFEUS	https://www.orfeus-eu.org/fdsnws/availability/1/extent?sta=HGN&format=json	PASS	json:datasources	18	200	4957	
FDSN_AVAILABILITY_SCEDC	https://service.scedc.caltech.edu/fdsnws/availability/1/extent?net=CI&sta=PASA&format=json	PASS	json:datasources	15	200	3453	
FDSN_AVAILABILITY_UIBNORSAR	https://eida.geo.uib.no/fdsnws/availability/1/extent?sta=BER&format=json	PASS	json:datasources	2958	200	823248	
FEODO_IPBLOCKLIST_RECOMMENDED	https://feodotracker.abuse.ch/downloads/ipblocklist_recommended.json	PASS	json-array	1	200	362	
FEWSNET_IPC_CLASSIFICATION	https://fdw.fews.net/api/ipcclassification/?format=json&country_code=DJ	PASS	json-array	200	200	201870	
FEWSNET_IPC_PHASE	https://fdw.fews.net/api/ipcphase/?format=json&country_code=DJ	PASS	json-array	1203	200	1723593	
FINRA_ATS_WEEKLY	https://api.finra.org/data/group/otcMarket/name/weeklySummary?limit=200	PASS	text-lines	201	200	35951	
FINRA_OTC_BLOCKS	https://api.finra.org/data/group/otcMarket/name/otcBlocksSummary?limit=200	PASS	text-lines	201	200	44731	
FINRA_REG_SHO_DAILY	https://api.finra.org/data/group/otcMarket/name/regShoDaily?limit=200	PASS	text-lines	201	200	11687	
FIREHOL_LEVEL2	https://iplists.firehol.org/files/firehol_level2.netset	PASS	text-lines	17614	200	256102	
FIRST_COUNTRIES	https://api.first.org/data/v1/countries?limit=100	PASS	json-object	1	200	5047	
FI_PRH_BY_REGDATE	https://avoindata.prh.fi/opendata-ytj-api/v3/companies?registrationDateStart=2025-01-02&registrationDateEnd=2025-01-03	PASS	json:companies	74	200	199840	
FLIGHTPLANDB_AIRPORT_NAV	https://api.flightplandatabase.com/nav/airport/KJFK	PASS	json:frequencies	20	200	10707	
FLIGHTPLANDB_PLANS_FROM	https://api.flightplandatabase.com/search/plans?fromICAO=EKCH&limit=100	PASS	json-array	100	200	101907	
FMCSA_CARRIER_CENSUS	https://data.transportation.gov/resource/kjg3-diqy.json?$limit=1000	PASS	json-array	1000	200	979650	
FMCSA_MOTUS_AUTHORITY	https://data.transportation.gov/resource/nakq-58th.json?$limit=1000	PASS	json-array	1000	200	423951	
FMCSA_MOTUS_AUTHORITY_HISTORY	https://data.transportation.gov/resource/inys-ebih.json?$limit=1000	PASS	json-array	1000	200	685550	
FOI_ASKTHEEU	https://www.asktheeu.org/feed/search/frontex.json	PASS	json-array	25	200	61840	
FOI_FRAGDENSTAAT_AT	https://fragdenstaat.at/api/v1/request/?limit=50	PASS	json:objects	50	200	264289	
FOI_FRAGDENSTAAT_DE	https://fragdenstaat.de/api/v1/request/?limit=50	PASS	json:objects	50	200	283770	
FOI_IMAMOPRAVOZNATI_HR	https://imamopravoznati.org/feed/search/ugovor.json	PASS	json-array	25	200	45447	
FOI_INFOPROVSECHNY_CZ	https://www.infoprovsechny.cz/feed/search/smlouva.json	PASS	json-array	25	200	42887	
FOI_KIMITTUD_HU	https://kimittud.hu/feed/search/szerzodes.json	PASS	json-array	7	200	12210	
FPDS_AWARD_AIRFORCE	https://www.fpds.gov/ezsearch/FEEDS/ATOM?FEEDNAME=PUBLIC&templateName=1.5.3&q=CONTRACTING_AGENCY_NAME%3A%22DEPT+OF+THE+AIR+FORCE%22	PASS	atom	10	200	174252	
FPDS_AWARD_ARMY	https://www.fpds.gov/ezsearch/FEEDS/ATOM?FEEDNAME=PUBLIC&templateName=1.5.3&q=CONTRACTING_AGENCY_NAME%3A%22DEPT+OF+THE+ARMY%22	PASS	atom	10	200	174708	
FPDS_AWARD_DLA	https://www.fpds.gov/ezsearch/FEEDS/ATOM?FEEDNAME=PUBLIC&templateName=1.5.3&q=CONTRACTING_AGENCY_NAME%3A%22DEFENSE+LOGISTICS+AGENCY%22	PASS	atom	10	200	156618	
FPDS_AWARD_NAVY	https://www.fpds.gov/ezsearch/FEEDS/ATOM?FEEDNAME=PUBLIC&templateName=1.5.3&q=CONTRACTING_AGENCY_NAME%3A%22DEPT+OF+THE+NAVY%22	PASS	atom	10	200	178550	
FPDS_AWARD_OSD	https://www.fpds.gov/ezsearch/FEEDS/ATOM?FEEDNAME=PUBLIC&templateName=1.5.3&q=CONTRACTING_AGENCY_NAME%3A%22DEPT+OF+DEFENSE%22	PASS	atom	10	200	159540	
FPDS_PSC_AIRCRAFT_FIXED	https://www.fpds.gov/ezsearch/FEEDS/ATOM?FEEDNAME=PUBLIC&templateName=1.5.3&q=PRODUCT_OR_SERVICE_CODE%3A%221510%22	PASS	atom	10	200	157161	
FPDS_PSC_AIRCRAFT_ROTARY	https://www.fpds.gov/ezsearch/FEEDS/ATOM?FEEDNAME=PUBLIC&templateName=1.5.3&q=PRODUCT_OR_SERVICE_CODE%3A%221520%22	PASS	atom	10	200	159632	
FPDS_PSC_CBRN_DETECT	https://www.fpds.gov/ezsearch/FEEDS/ATOM?FEEDNAME=PUBLIC&templateName=1.5.3&q=PRODUCT_OR_SERVICE_CODE%3A%226665%22	PASS	atom	10	200	160145	
FPDS_PSC_COMBAT_SHIPS	https://www.fpds.gov/ezsearch/FEEDS/ATOM?FEEDNAME=PUBLIC&templateName=1.5.3&q=PRODUCT_OR_SERVICE_CODE%3A%221905%22	PASS	atom	10	200	195055	
FPDS_PSC_ECM	https://www.fpds.gov/ezsearch/FEEDS/ATOM?FEEDNAME=PUBLIC&templateName=1.5.3&q=PRODUCT_OR_SERVICE_CODE%3A%225865%22	PASS	atom	10	200	161872	
FPDS_PSC_GUIDED_MISSILES	https://www.fpds.gov/ezsearch/FEEDS/ATOM?FEEDNAME=PUBLIC&templateName=1.5.3&q=PRODUCT_OR_SERVICE_CODE%3A%221410%22	PASS	atom	10	200	189561	
FPDS_PSC_GUNS_SMALL	https://www.fpds.gov/ezsearch/FEEDS/ATOM?FEEDNAME=PUBLIC&templateName=1.5.3&q=PRODUCT_OR_SERVICE_CODE%3A%221005%22	PASS	atom	10	200	162131	
FPDS_PSC_MISSILE_COMPONENTS	https://www.fpds.gov/ezsearch/FEEDS/ATOM?FEEDNAME=PUBLIC&templateName=1.5.3&q=PRODUCT_OR_SERVICE_CODE%3A%221420%22	PASS	atom	10	200	147271	
FPDS_PSC_RADAR	https://www.fpds.gov/ezsearch/FEEDS/ATOM?FEEDNAME=PUBLIC&templateName=1.5.3&q=PRODUCT_OR_SERVICE_CODE%3A%225840%22	PASS	atom	10	200	157590	
FPDS_PSC_SPACE_VEHICLES	https://www.fpds.gov/ezsearch/FEEDS/ATOM?FEEDNAME=PUBLIC&templateName=1.5.3&q=PRODUCT_OR_SERVICE_CODE%3A%221810%22	PASS	atom	10	200	165161	
FPDS_PSC_UAV	https://www.fpds.gov/ezsearch/FEEDS/ATOM?FEEDNAME=PUBLIC&templateName=1.5.3&q=PRODUCT_OR_SERVICE_CODE%3A%221550%22	PASS	atom	10	200	191151	
FRA_CROSSING_INVENTORY	https://data.transportation.gov/resource/epxt-h7dt.json?$limit=1000	PASS	json-array	1000	200	1215227	
FRA_GRADE_CROSSING_INCIDENTS	https://data.transportation.gov/resource/uwah-u9bn.json?$limit=1000	PASS	json-array	1000	200	3806912	
FRA_RAILROAD_REFERENCE	https://data.transportation.gov/resource/ks5j-3hdj.json?$limit=1000	PASS	json-array	1000	200	319205	
FRA_RAIL_EQUIPMENT_ACCIDENTS	https://data.transportation.gov/resource/jm8x-ccxs.json?$limit=1000	PASS	json-array	1000	200	4415634	
FR_BODACC_COLLECTIVE	https://bodacc-datadila.opendatasoft.com/api/explore/v2.1/catalog/datasets/annonces-commerciales/records?where=familleavis%3D%22collective%22&limit=100&order_by=dateparution%20desc	PASS	json:results	100	200	206270	
FR_BODACC_CREATION	https://bodacc-datadila.opendatasoft.com/api/explore/v2.1/catalog/datasets/annonces-commerciales/records?where=familleavis%3D%22creation%22&limit=100&order_by=dateparution%20desc	PASS	json:results	100	200	204612	
FR_BODACC_RADIATION	https://bodacc-datadila.opendatasoft.com/api/explore/v2.1/catalog/datasets/annonces-commerciales/records?where=familleavis%3D%22radiation%22&limit=100&order_by=dateparution%20desc	PASS	json:results	100	200	163863	
FR_BODACC_VENTE	https://bodacc-datadila.opendatasoft.com/api/explore/v2.1/catalog/datasets/annonces-commerciales/records?where=familleavis%3D%22vente%22&limit=100&order_by=dateparution%20desc	PASS	json:results	100	200	325262	
FR_IGN_CADASTRE_COMMUNE	https://apicarto.ign.fr/api/cadastre/commune?code_insee=94067	PASS	geojson	1	200	13364	
FR_IGN_CADASTRE_PARCELS	https://apicarto.ign.fr/api/cadastre/parcelle?code_insee=94067&section=0D	PASS	geojson	41	200	32789	
GCAT_ORGS	https://planet4589.org/space/gcat/tsv/tables/orgs.tsv	PASS	text-lines	4106	200	705799	
GCAT_SATCAT	https://planet4589.org/space/gcat/tsv/cat/satcat.tsv	PASS	text-lines	69999	200	19292863	
GD_STATISTICS_RELEASES	https://stats.gov.gd/wp-json/wp/v2/media?media_type=application&per_page=100&page=1	PASS	json-array	100	200	197842	
GE_GEOSTAT_POPULATION	https://pc-axis.geostat.ge/PXWeb/api/v1/en/Database/Demography/Population/	PASS	json-array	11	200	1640	
GE_GEOSTAT_PXWEB	https://pc-axis.geostat.ge/PXWeb/api/v1/en/Database/	PASS	json-array	17	200	1066	
GE_NBG_CURRENCIES	https://nbg.gov.ge/gw/api/ct/monetarypolicy/currencies/en/json/?date=2026-08-14	PASS	json-array	1	200	8751	
GFZ_KP_INDEX	https://kp.gfz.de/app/files/Kp_ap_Ap_SN_F107_since_1932.txt	PASS	text-lines	34567	200	5499745	
GF_ATMO_GUYANE_DCAT	https://data-atmo-guyane.opendata.arcgis.com/api/feed/dcat-us/1.1.json	PASS	json:dataset	22	200	62228	
GF_GEO_COMMUNES	https://geo.api.gouv.fr/departements/973/communes?fields=nom,code,codesPostaux,population,centre	PASS	json-array	22	200	3038	
GH_KNUST_REPOSITORY	https://ir.knust.edu.gh/server/api/discover/search/objects?query=ghana&size=50	PASS	json:_embedded.facets	5	200	478729	
GH_UCC_REPOSITORY	https://ir.ucc.edu.gh/server/api/discover/search/objects?query=fisheries&size=50	PASS	json:_embedded.facets	5	200	450208	
GH_UGSPACE_REPOSITORY	https://ugspace.ug.edu.gh/server/api/discover/search/objects?query=accra&size=50	PASS	json:_embedded.facets	6	200	482198	
GIRO_DIDB_STATIONS	https://lgdc.uml.edu/common/DIDBFastStationList	PASS	html-anchors	131	200	87580	
GITHUB_ADVISORY_ECOSYSTEM	https://api.github.com/advisories?ecosystem=npm&per_page=100	PASS	json-array	100	200	654621	
GLEIF_FUZZY_NAMES	https://api.gleif.org/api/v1/fuzzycompletions?field=entity.legalName&q=toyota	PASS	json:data	10	200	2528	
GLEIF_LEI_ISSUER	https://api.gleif.org/api/v1/lei-issuers/EVK05KS7XY1DEII3R011	PASS	json-object	1	200	636	
GLEIF_MANAGING_LOU	https://api.gleif.org/api/v1/lei-records/7LTWFZYICNSX8D621K86/managing-lou	PASS	json-object	1	200	3195	
GOPROXY_MODULE_VERSIONS	https://proxy.golang.org/github.com/gorilla/mux/@v/list	PASS	text-lines	14	200	98	
GOVCERT_BG_WP_POSTS	https://www.govcert.bg/wp-json/wp/v2/posts?per_page=50&page=1	PASS	json-array	50	200	569178	
GOVULNDB_ID	https://vuln.go.dev/ID/GO-2022-0969.json	PASS	json:credits	5	200	1600	
GP_ENTREPRISES_ANNUAIRE	https://recherche-entreprises.api.gouv.fr/search?departement=971&page=1&per_page=25	PASS	json:results	25	200	169214	
GR_ADMIE_INTERCONNECTIONS	https://www.admie.gr/getOperationMarketFilewRange?dateStart=2026-08-01&dateEnd=2026-08-10&FileCategory=RealTimeSCADAImportsExports	PASS	json-array	10	200	6451	
GR_ADMIE_LOAD_FORECAST	https://www.admie.gr/getOperationMarketFilewRange?dateStart=2026-08-01&dateEnd=2026-08-10&FileCategory=ISP1DayAheadLoadForecast	PASS	json-array	20	200	13841	
GR_ADMIE_SYSTEM_LOAD	https://www.admie.gr/getOperationMarketFilewRange?dateStart=2026-08-01&dateEnd=2026-08-10&FileCategory=RealTimeSCADASystemLoad	PASS	json-array	10	200	5841	
GR_DIAVGEIA_DECISION	https://diavgeia.gov.gr/opendata/decisions/9ΖΥ4ΟΡ1Ι-ΔΗ1.json	PASS	json:signerIds	1	200	999	
GR_EOF_NOTICES	https://www.eof.gr/wp-json/wp/v2/posts?per_page=100	PASS	json-array	100	200	590854	
GR_OASA_LINES	https://telematics.oasa.gr/api/?act=webGetLines	PASS	json-array	476	200	154990	
GR_OASA_ROUTES	https://telematics.oasa.gr/api/?act=webGetRoutes&p1=1151	PASS	json-array	1	200	265	
GSA_PERDIEM_RATES	https://api.gsa.gov/travel/perdiem/v2/rates/conus/lodging/2024?api_key=DEMO_KEY	PASS	json-array	353	200	81330	
GTK_MINING_WASTE_ROCK	https://gtkdata.gtk.fi/arcgis/rest/services/MDaE/Mines_deposits_waste/MapServer/229/query?where=1%3D1&outFields=*&f=json&returnGeometry=false&resultRecordCount=1000	PASS	json:features	43	200	62103	
GTK_MINING_WASTE_TAILINGS	https://gtkdata.gtk.fi/arcgis/rest/services/MDaE/Mines_deposits_waste/MapServer/230/query?where=1%3D1&outFields=*&f=json&returnGeometry=false&resultRecordCount=1000	PASS	json:fields	36	200	52264	
GTK_NORDIC_DEPOSITS_BASE	https://gtkdata.gtk.fi/arcgis/rest/services/Nodd/NordicMineralDepositAndMines_20260220/MapServer/40/query?where=1%3D1&outFields=*&f=json&returnGeometry=false&resultRecordCount=1000	PASS	json:features	562	200	1040134	
GTK_NORDIC_DEPOSITS_ENERGY_METALS	https://gtkdata.gtk.fi/arcgis/rest/services/Nodd/NordicMineralDepositAndMines_20260220/MapServer/43/query?where=1%3D1&outFields=*&f=json&returnGeometry=false&resultRecordCount=1000	PASS	json:fields	52	200	73750	
GTK_NORDIC_DEPOSITS_FERROUS	https://gtkdata.gtk.fi/arcgis/rest/services/Nodd/NordicMineralDepositAndMines_20260220/MapServer/41/query?where=1%3D1&outFields=*&f=json&returnGeometry=false&resultRecordCount=1000	PASS	json:features	696	200	1135908	
GTK_NORDIC_DEPOSITS_PRECIOUS	https://gtkdata.gtk.fi/arcgis/rest/services/Nodd/NordicMineralDepositAndMines_20260220/MapServer/39/query?where=1%3D1&outFields=*&f=json&returnGeometry=false&resultRecordCount=1000	PASS	json:features	131	200	275593	
GT_CNEE_AGENTES	https://cnee.gob.gt/wp-json/wp/v2/agentes-del-sector?per_page=100&page=1	PASS	json-array	95	200	142781	
GT_CNEE_RESOLUCIONES	https://cnee.gob.gt/wp-json/wp/v2/resoluciones?per_page=100&page=1	PASS	json-array	100	200	139131	
GY_PETROLEUM_PROCUREMENT	https://petroleum.gov.gy/wp-json/wp/v2/procurement-notices?per_page=100&page=1	PASS	json-array	4	200	72062	
GY_PETROLEUM_WELLS	https://petroleum.gov.gy/wp-json/wp/v2/oilgas-wells?per_page=100&page=1	PASS	json-array	100	200	949464	
HAMDB_CALLSIGN	https://api.hamdb.org/W1AW/json/josint	PASS	json-object	1	200	582	
HEXDB_AIRPORT_ICAO	https://hexdb.io/api/v1/airport/icao/EGLL	PASS	json-object	1	200	155	
HEXDB_ROUTE_CALLSIGN	https://hexdb.io/api/v1/route/icao/BAW1	PASS	json-object	1	200	71	
HEX_PACKAGE	https://hex.pm/api/packages/phoenix	PASS	json:releases	179	200	33161	
HHS_HOSPITAL_CAPACITY_FACILITY	https://healthdata.gov/resource/anag-cw7u.json?%24limit=1000	PASS	json-array	1000	200	6110832	
HHS_HOSPITAL_CAPACITY_STATE	https://healthdata.gov/resource/g62h-syeh.json?%24limit=1000	PASS	json-array	1000	200	6559052	
HN_ONCAE_CIRCULARES	https://oncae.gob.hn/wp-json/wp/v2/knowledgebase?per_page=100&page=1	PASS	json-array	100	200	1087543	
HN_TSC_DOCUMENTOS	https://www.tsc.gob.hn/wp-json/wp/v2/dlp_document?per_page=100&page=1	PASS	json-array	100	200	2240809	
HOT_TASKING_MANAGER_CAMPAIGNS	https://tasking-manager-production-api.hotosm.org/api/v2/campaigns/	PASS	json:campaigns	493	200	19590	
HOT_TASKING_MANAGER_ORGS	https://tasking-manager-production-api.hotosm.org/api/v2/organisations/?omitManagerList=true	PASS	json:organisations	250	200	107754	
HOT_TASKING_MANAGER_PROJECTS	https://tasking-manager-production-api.hotosm.org/api/v2/projects/?page=1&omitMapResults=true	PASS	json:results	14	200	22923	
HR_CERT_ADVISORIES	https://www.cert.hr/wp-json/wp/v2/posts?per_page=100	PASS	json-array	100	200	667404	
HR_CSV_RESOURCES	https://data.gov.hr/ckan/api/3/action/resource_search?query=format:CSV&limit=100	PASS	json:result.results	100	200	102839	
HR_DETECTIVE_AGENCIES	https://data.gov.hr/ckan/api/3/action/datastore_search?resource_id=4623749f-a3bf-4fb5-b2b8-4c01484b8003&limit=100	PASS	json:result.records	49	200	6921	
HR_NARODNE_NOVINE	https://narodne-novine.nn.hr/search.aspx?upit=&sortiraj=4&kategorija=1&godina=2026&broj=&rpp=100&qtype=1&pretraga=da	PASS	html-anchors	100	200	904006	
HR_RAIL_INFRASTRUCTURE	https://data.gov.hr/ckan/api/3/action/datastore_search?resource_id=457f3943-b4b8-4efe-a7fb-920420bed4d5&limit=100	PASS	json:result.records	56	200	18542	
HR_ZAGREB_COUNCILLORS	https://data.zagreb.hr/api/3/action/datastore_search?resource_id=b8bc32a8-4396-4e74-8072-84b3b5d1423a&limit=100	PASS	json:result.records	48	200	19396	
HR_ZAGREB_LEASES	https://data.zagreb.hr/api/3/action/datastore_search?resource_id=11d4b6d6-d54b-4c6e-9c85-0d1208f1c83c&limit=100	PASS	json:result.records	100	200	68252	
HR_ZAGREB_STREETS	https://data.zagreb.hr/api/3/action/datastore_search?resource_id=b110b7b6-f9b6-4bbf-8db8-a9245895f316&limit=100	PASS	json:result.records	100	200	17311	
HT_BRH_PUBLICATIONS	https://www.brh.ht/wp-json/wp/v2/media?media_type=application&per_page=100&page=1	PASS	json-array	100	200	307208	
HT_GEOPORTAL_DCAT	https://haiti.caribbeangeoportal.com/api/feed/dcat-us/1.1.json	PASS	json:dataset	196	200	763119	
HU_HORTOBAGY_NATURA2000	https://services5.arcgis.com/IQOFrHv0jveiA1qN/arcgis/rest/services/Hortob%C3%A1gyi_Nemzeti_Park_Igazgat%C3%B3s%C3%A1g_Natura2000_h%C3%A1l%C3%B3zat_t%C3%A9rk%C3%A9pe_WFL1/FeatureServer/0/query?where=1%3D1&outFields=*&returnGeometry=false&resultRecordCount=100&f=json	PASS	json:features	100	200	45525	
HU_INSPIRE_ADMIN_UNITS	https://inspire.lechnerkozpont.hu/geoserver/ows?service=WFS&version=2.0.0&request=GetFeature&typeNames=AU.2025%3AAdministrativeUnits.2025&count=100&outputFormat=application%2Fjson	PASS	geojson	100	200	706340	
HU_INSPIRE_BUILDINGS	https://inspire.lechnerkozpont.hu/geoserver/ows?service=WFS&version=2.0.0&request=GetFeature&typeNames=BU%3ABuilding&count=100&outputFormat=application%2Fjson	PASS	geojson	100	200	402456	
HU_INSPIRE_CADASTRAL_PARCELS	https://inspire.lechnerkozpont.hu/geoserver/ows?service=WFS&version=2.0.0&request=GetFeature&typeNames=CP%3ACP.CadastralParcels&count=100&outputFormat=application%2Fjson	PASS	geojson	100	200	99650	
HU_INSPIRE_LAND_COVER	https://inspire.lechnerkozpont.hu/geoserver/ows?service=WFS&version=2.0.0&request=GetFeature&typeNames=LC%3ALC.LandCoverSurfaces&count=100&outputFormat=application%2Fjson	PASS	geojson	100	200	105866	
HU_INSPIRE_ORTHOIMAGERY	https://inspire.lechnerkozpont.hu/geoserver/ows?service=WFS&version=2.0.0&request=GetFeature&typeNames=OI.2025%3AOrthoimageCoveragePolygon2025&count=100&outputFormat=application%2Fjson	PASS	geojson	100	200	130983	
HU_INSPIRE_PLACE_NAMES	https://inspire.lechnerkozpont.hu/geoserver/ows?service=WFS&version=2.0.0&request=GetFeature&typeNames=GN.2026%3AGeographicalNames.2026&count=100&outputFormat=application%2Fjson	PASS	geojson	100	200	104689	
HU_KOZBESZERZES_BULLETINS	https://www.kozbeszerzes.hu/adatbazis/api/hirdetmeny/mt_lapszam/	PASS	json-array	4349	200	219246	
HU_KOZBESZERZES_CPV	https://www.kozbeszerzes.hu/adatbazis/api-ajax/cpvkod/hatalyos/	PASS	json:data	45	200	1114296	
HU_KSH_AGRICULTURE	https://www.ksh.hu/stadat_files/mez/hu/mez0001.csv	PASS	csv	32	200	1319	
HU_KSH_CONSTRUCTION	https://www.ksh.hu/stadat_files/epi/hu/epi0001.csv	PASS	csv	36	200	1079	
HU_KSH_EDUCATION	https://www.ksh.hu/stadat_files/okt/hu/okt0001.csv	PASS	csv	67	200	5477	
HU_KSH_ENERGY	https://www.ksh.hu/stadat_files/ene/hu/ene0001.csv	PASS	csv	27	200	1932	
HU_KSH_ENVIRONMENT	https://www.ksh.hu/stadat_files/kor/hu/kor0001.csv	PASS	csv	27	200	986	
HU_KSH_FOREST	https://www.ksh.hu/stadat_files/kor/hu/kor0002.csv	PASS	csv	8	200	2018	
HU_KSH_GDP	https://www.ksh.hu/stadat_files/gdp/hu/gdp0001.csv	PASS	csv	31	200	2300	
HU_KSH_HEALTH	https://www.ksh.hu/stadat_files/ege/hu/ege0001.csv	PASS	csv	67	200	4403	
HU_KSH_HOUSING	https://www.ksh.hu/stadat_files/lak/hu/lak0001.csv	PASS	csv	28	200	2337	
HU_KSH_INDUSTRY	https://www.ksh.hu/stadat_files/ipa/hu/ipa0001.csv	PASS	csv	26	200	2258	
HU_KSH_LABOUR	https://www.ksh.hu/stadat_files/mun/hu/mun0001.csv	PASS	csv	18	200	2492	
HU_KSH_PRICES	https://www.ksh.hu/stadat_files/ara/hu/ara0001.csv	PASS	csv	17	200	1158	
HU_KSH_SOCIAL_PROTECTION	https://www.ksh.hu/stadat_files/szo/hu/szo0001.csv	PASS	csv	27	200	992	
HU_KSH_TRANSPORT	https://www.ksh.hu/stadat_files/sza/hu/sza0001.csv	PASS	csv	24	200	1326	
HU_MEKH_DOCUMENTS	https://www-wb.mekh.hu/api/v1/dokumentumok	PASS	json:data.tipus	10	200	17161	
HU_OMSZ_STATIONS	https://odp.met.hu/climate/observations_hungary/daily/station_meta_auto.csv	PASS	csv	348	200	46572	
IAEA_NDS_GROUND_STATES	https://www-nds.iaea.org/relnsd/v1/data?fields=ground_states&nuclides=all	PASS	csv	731	200	900613	
IAEA_NDS_LEVELS	https://www-nds.iaea.org/relnsd/v1/data?fields=levels&nuclides=235u	PASS	csv	198	200	20659	
IANA_AS_NUMBERS	https://www.iana.org/assignments/as-numbers/as-numbers-1.csv	PASS	csv	88	200	7936	
IANA_IPV4_SPACE	https://www.iana.org/assignments/ipv4-address-space/ipv4-address-space.csv	PASS	csv	256	200	22972	
IANA_LANGUAGE_SUBTAGS	https://www.iana.org/assignments/language-subtag-registry/language-subtag-registry	PASS	text-lines	49315	200	731799	
IANA_MEDIA_TYPES	https://www.iana.org/assignments/media-types/application.csv	PASS	csv	1795	200	128520	
ICE_COSTARICA_DEMAND	https://apps.grupoice.com/CenceWeb/data/sen/json/DemandaMW	PASS	json:data	48	200	3891	
ICJ_CASE_LIST	https://www.icj-cij.org/list-of-all-cases	PASS	html-anchors	177	200	316093	
ICPAC_GEONODE_CATEGORIES	https://geoportal.icpac.net/api/v2/categories/?page_size=50	PASS	json:categories	20	200	12304	
ICPAC_GEONODE_DOCUMENTS	https://geoportal.icpac.net/api/v2/documents/?search=flood&search_fields=title&search_fields=abstract&page_size=50	PASS	json:documents	50	200	337613	
ICPAC_GEONODE_RESOURCES	https://geoportal.icpac.net/api/v2/resources/?search=drought&search_fields=title&search_fields=abstract&page_size=50	PASS	json:resources	50	200	323581	
IEA_TES_BY_SOURCE	https://api.iea.org/stats/indicator/TESbySource	PASS	json-array	32985	200	8135873	
IESO_DEMAND_HOURLY	https://reports-public.ieso.ca/public/Demand/PUB_Demand.csv	PASS	csv	5596	200	143435	
IESO_DEMAND_ZONAL	https://reports-public.ieso.ca/public/DemandZonal/PUB_DemandZonal.csv	PASS	csv	2651	200	419008	
IESO_GEN_OUTPUT_CAPABILITY	https://reports-public.ieso.ca/public/GenOutputCapabilityMonth/PUB_GenOutputCapabilityMonth.csv	PASS	text-lines	8992	200	997438	
IETF_DOCUMENT_RELATIONS	https://datatracker.ietf.org/api/v1/doc/relateddocument/?format=json&limit=100	PASS	json:objects	100	200	26426	
IETF_DRAFT_SUBMISSIONS	https://datatracker.ietf.org/api/v1/submit/submission/?format=json&limit=100	PASS	json:objects	100	200	123462	
IETF_GROUP_ROLES	https://datatracker.ietf.org/api/v1/group/role/?format=json&limit=100	PASS	json:objects	100	200	22908	
IETF_IESG_BALLOT_POSITIONS	https://datatracker.ietf.org/api/v1/doc/ballotpositiondocevent/?format=json&limit=100	PASS	json:objects	100	200	358457	
IETF_IPR_DOCUMENT_LINKS	https://datatracker.ietf.org/api/v1/ipr/iprdocrel/?format=json&limit=100	PASS	json:objects	100	200	25457	
IETF_IPR_EVENTS	https://datatracker.ietf.org/api/v1/ipr/iprevent/?format=json&limit=100	PASS	json:objects	100	200	34465	
IETF_IPR_GENERIC_DISCLOSURES	https://datatracker.ietf.org/api/v1/ipr/genericiprdisclosure/?format=json&limit=100	PASS	json:objects	100	200	183930	
IETF_IPR_HOLDER_DISCLOSURES	https://datatracker.ietf.org/api/v1/ipr/holderiprdisclosure/?format=json&limit=100	PASS	json:objects	100	200	235838	
IETF_IPR_THIRDPARTY_DISCLOSURES	https://datatracker.ietf.org/api/v1/ipr/thirdpartyiprdisclosure/?format=json&limit=100	PASS	json:objects	100	200	145318	
IETF_LIAISON_STATEMENTS	https://datatracker.ietf.org/api/v1/liaisons/liaisonstatement/?format=json&limit=100	PASS	json:objects	100	200	77025	
IETF_MEETING_SESSIONS	https://datatracker.ietf.org/api/v1/meeting/session/?format=json&limit=100	PASS	json:objects	100	200	186566	
IE_CORK_CATALOGUE	https://data.corkcity.ie/api/3/action/package_search?q=city&rows=100	PASS	json:result.results	34	200	148978	
IE_CORK_GRAVEYARDS	https://data.corkcity.ie/api/3/action/datastore_search?resource_id=4ee7dbf5-74f8-48a2-98a9-98e7ca2fa69c&limit=100	PASS	json:result.records	40	200	5284	
IE_CSO_COLLECTION	https://ws.cso.ie/public/api.restful/PxStat.Data.Cube_API.ReadCollection	PASS	json:link.item	12912	200	44506316	
IE_DLR_DERELICT_SITES	https://data.smartdublin.ie/api/3/action/datastore_search?resource_id=969d35e5-e686-49e2-babc-3b66457d54e5&limit=100	PASS	json:result.records	16	200	4283	
IE_DUBLIN_SOLVENT_REGISTER	https://data.smartdublin.ie/api/3/action/datastore_search?resource_id=6094dd64-389a-41b0-9a61-e1c3dab17e48&limit=100	PASS	json:result.records	66	200	17300	
IE_DUBLIN_VACANT_SITES	https://data.smartdublin.ie/api/3/action/datastore_search?resource_id=d3b5ed8b-e99b-46e0-a46e-4295af20ede8&limit=100	PASS	json:result.records	41	200	16867	
IE_EPA_AIR_SITES	https://gis.epa.ie/geoserver/EPA/wfs?service=WFS&version=1.0.0&request=GetFeature&typeName=EPA:AIR_MonitoringSites&outputFormat=application/json&maxFeatures=1000	PASS	geojson	147	200	114498	
IE_EPA_BATHING_WATERS	https://gis.epa.ie/geoserver/EPA/wfs?service=WFS&version=1.0.0&request=GetFeature&typeName=EPA:WFD_RPA_BATHINGWATERAREAS&outputFormat=application/json&maxFeatures=1000	PASS	geojson	153	200	170209	
IE_FINGAL_PLANNING	https://services5.arcgis.com/CI1e5PKQXvJgmJK8/arcgis/rest/services/Fingal_Planning_Applications/FeatureServer/0/query?where=1%3D1&outFields=*&f=json&resultRecordCount=100	PASS	json:features	100	200	305813	
IE_GAMING_LICENCES	https://data.gov.ie/api/3/action/datastore_search?resource_id=f9923f40-1243-405c-a158-bc746ce0c0d0&limit=100	PASS	json:result.records	92	200	47198	
IE_GEOHIVE_CATALOGUE	https://opendata-geohive.hub.arcgis.com/api/feed/dcat-us/1.1.json	PASS	json:dataset	13	200	73428	
IE_HPSC_HEALTH_PROFILE	https://services1.arcgis.com/eNO7HHeQ3rUcBllm/arcgis/rest/services/CovidStatisticsProfileHPSCIrelandOpenData/FeatureServer/0/query?where=1%3D1&outFields=*&f=json&resultRecordCount=100	PASS	json:features	100	200	108283	
IE_MARINE_ERDDAP_DATASETS	https://erddap.marine.ie/erddap/tabledap/allDatasets.json?datasetID,title,minTime,maxTime	PASS	json:table.rows	87	200	9119	
IE_MARINE_TIDES	https://erddap.marine.ie/erddap/tabledap/imiTidePrediction.json?&time%3E=2026-08-17T00:00:00Z&time%3C=2026-08-17T02:00:00Z	PASS	json:table.rows	950	200	78406	
IE_NATIONAL_MONUMENTS	https://services-eu1.arcgis.com/HyjXgkV6KGMSF3jt/arcgis/rest/services/SMROpenData/FeatureServer/0/query?where=1%3D1&outFields=*&f=json&resultRecordCount=100	PASS	json:features	100	200	163557	
IE_PROPERTY_PRICE_REGISTER	https://www.propertypriceregister.ie/website/npsra/ppr/npsra-ppr.nsf/Downloads/PPR-2024.csv/$FILE/PPR-2024.csv	PASS	csv	1453	200	8444619	
IE_SEAI_WIND_FARMS	https://seaiopendata.blob.core.windows.net/wind/WindFarmsConnectedJune2022.csv	PASS	csv	313	200	37429	
IE_SMARTDUBLIN_CATALOGUE	https://data.smartdublin.ie/api/3/action/package_search?q=register&rows=100	PASS	json:result.results	50	200	505109	
IGRA2_STATION_LIST	https://www.ncei.noaa.gov/pub/data/igra/igra2-station-list.txt	PASS	text-lines	2932	200	260950	
IHR_HEGEMONY_PREFIXES	https://ihr.iijlab.net/ihr/api/hegemony/prefixes/?originasn=2497&af=4&country=JP	PASS	json:results	954	200	422690	
IL_COMPANIES_REGISTER	https://data.gov.il/api/3/action/datastore_search?resource_id=f004176c-b85f-4542-8901-7b3176f9a054&limit=100	PASS	json:result.records	100	200	94074	
IMF_PORTWATCH_AIRPORTS	https://services9.arcgis.com/weJ1QsnbMYJlCHdG/ArcGIS/rest/services/airports_latest/FeatureServer/0/query?where=1%3D1&outFields=*&f=json&resultRecordCount=1000	PASS	json:features	1000	200	253317	
IMF_PORTWATCH_CHOKEPOINT_DAILY	https://services9.arcgis.com/weJ1QsnbMYJlCHdG/ArcGIS/rest/services/Daily_Chokepoints_Data/FeatureServer/0/query?where=1%3D1&outFields=*&f=json&resultRecordCount=1000	PASS	json:features	1000	200	413203	
IMF_PORTWATCH_FR24_AIRPORTS	https://services9.arcgis.com/weJ1QsnbMYJlCHdG/ArcGIS/rest/services/FR24_airports/FeatureServer/0/query?where=1%3D1&outFields=*&f=json&resultRecordCount=1000	PASS	json:features	1000	200	360069	
IMF_PORTWATCH_PORTS	https://services9.arcgis.com/weJ1QsnbMYJlCHdG/ArcGIS/rest/services/PortWatch_ports_database/FeatureServer/0/query?where=1%3D1&outFields=*&f=json&resultRecordCount=1000	PASS	json:features	1000	200	711731	
IMF_PORTWATCH_PORT_DAILY	https://services9.arcgis.com/weJ1QsnbMYJlCHdG/ArcGIS/rest/services/Daily_Ports_Data/FeatureServer/0/query?where=portid%3D%27port1325%27&outFields=*&f=json&resultRecordCount=1000	PASS	json:features	1000	200	574485	
IMF_PORTWATCH_PORT_SPILLOVERS	https://services9.arcgis.com/weJ1QsnbMYJlCHdG/ArcGIS/rest/services/spillovers_port_level_impact/FeatureServer/0/query?where=1%3D1&outFields=*&f=json&resultRecordCount=1000	PASS	json:features	1000	200	431031	
IMF_PORTWATCH_TRADE_REGIONAL	https://services9.arcgis.com/weJ1QsnbMYJlCHdG/ArcGIS/rest/services/Daily_Trade_Data_REG/FeatureServer/0/query?where=1%3D1&outFields=*&f=json&resultRecordCount=1000	PASS	json:features	1000	200	798103	
INFORM_RISK_COUNTRIES	https://drmkc.jrc.ec.europa.eu/inform-index/API/InformAPI/countries/	PASS	json-array	6887	200	1156497	
INFORM_RISK_WORKFLOWS	https://drmkc.jrc.ec.europa.eu/inform-index/API/InformAPI/workflows/	PASS	json-array	143	200	118316	
INFRABEL_DATASET_CATALOG	https://opendata.infrabel.be/api/explore/v2.1/catalog/datasets?limit=100	PASS	json:results	100	200	952459	
INFRABEL_GSMR_BASE_STATIONS	https://opendata.infrabel.be/api/explore/v2.1/catalog/datasets/gsm-r-basisstations-op-het-netwerk/records?limit=100	PASS	json:results	43	200	2526	
INFRABEL_LEVEL_CROSSINGS	https://opendata.infrabel.be/api/explore/v2.1/catalog/datasets/geoow/records?limit=100	PASS	json:results	100	200	41608	
INFRABEL_LINE_SECTIONS	https://opendata.infrabel.be/api/explore/v2.1/catalog/datasets/lijnsecties/records?limit=100	PASS	json:results	100	200	226714	
INFRABEL_MAJOR_INCIDENTS	https://opendata.infrabel.be/api/explore/v2.1/catalog/datasets/belangrijkste-incidenten/records?limit=100	PASS	json:results	100	200	31621	
INFRABEL_OPERATIONAL_POINTS	https://opendata.infrabel.be/api/explore/v2.1/catalog/datasets/operationele-punten-van-het-netwerk/records?limit=100	PASS	json:results	100	200	75587	
INFRABEL_PORT_RAIL_CONNECTIONS	https://opendata.infrabel.be/api/explore/v2.1/catalog/datasets/spooraansluitingen-in-havenzones-in-vlaanderen/records?limit=100	PASS	json:results	100	200	11631	
INFRABEL_SIGNAL_BOXES	https://opendata.infrabel.be/api/explore/v2.1/catalog/datasets/postes-de-signalisation/records?limit=100	PASS	json:results	100	200	11541	
INMET_AUTOMATIC_STATIONS	https://apitempo.inmet.gov.br/estacoes/T	PASS	json-array	674	200	263316	
INMET_CONVENTIONAL_STATIONS	https://apitempo.inmet.gov.br/estacoes/M	PASS	json-array	87	200	34288	
INTERMAGNET_GIN_OBSERVATORIES	https://imag-data.bgs.ac.uk/GIN_V1/GINServices?Request=GetCapabilities&format=json	PASS	json:ObservatoryList	154	200	29241	
INTERMAGNET_GIN_OBSERVATORY_DATA	https://imag-data.bgs.ac.uk/GIN_V1/GINServices?Request=GetData&observatoryIagaCode=ESK&samplesPerDay=minute&publicationState=adj-or-rep&dataStartDate=2024-01-01&dataDuration=1&format=json	PASS	json:datetime	1440	200	86057	
IODA_ENTITIES_ASN	https://api.ioda.inetintel.cc.gatech.edu/v2/entities/query?entityType=asn&limit=50	PASS	json:data	50	200	9363	
IODA_ENTITIES_COUNTRY	https://api.ioda.inetintel.cc.gatech.edu/v2/entities/query?entityType=country	PASS	json:data	253	200	26903	
IODA_OUTAGE_EVENTS	https://api.ioda.inetintel.cc.gatech.edu/v2/outages/events?from=1754697600&until=1754784000&entityType=country&limit=500	PASS	json:data	28	200	6780	
IODA_SIGNALS_RAW_COUNTRY	https://api.ioda.inetintel.cc.gatech.edu/v2/signals/raw/country/IR?from=1754697600&until=1754784000	PASS	json:perf	11	200	61430	
IPMA_SEISMIC	https://api.ipma.pt/open-data/observation/seismic/7.json	PASS	json:data	341	200	117303	
IRAIL_STATIONS	https://api.irail.be/stations/?format=json	PASS	json:station	714	200	121819	
IRIS_IMS_CHANNELS	https://service.iris.edu/fdsnws/station/1/query?net=IM&level=channel&format=xml&nodata=404	PASS	xml:Station	385	200	1247364	
IRIS_IMS_STATIONS	https://service.iris.edu/fdsnws/station/1/query?net=IM&level=station&format=xml&nodata=404	PASS	xml:Station	385	200	185353	
IRS_FATCA_GIIN_LIST	https://apps.irs.gov/app/fatcaFfiList/data/FFIListFull.csv	PASS	csv	2713	200	38854946	
ISRAEL_DATAGOV_GROUPS	https://data.gov.il/api/3/action/group_list?all_fields=true	PASS	json:result	2	200	2401	
ISRAEL_DATAGOV_ORGS	https://data.gov.il/api/3/action/organization_list?all_fields=true	PASS	json:result	61	200	73184	
ISRAEL_DATAGOV_TAGS	https://data.gov.il/api/3/action/tag_list	PASS	json:result	2044	200	110500	
ISTANBUL_OPENDATA_BULK	https://data.ibb.gov.tr/api/3/action/current_package_list_with_resources?limit=100	PASS	json:result	100	200	715378	
ISTANBUL_OPENDATA_GROUPS	https://data.ibb.gov.tr/api/3/action/group_list?all_fields=true	PASS	json:result	9	200	16915	
ISTANBUL_OPENDATA_ORGS	https://data.ibb.gov.tr/api/3/action/organization_list?all_fields=true	PASS	json:result	57	200	53523	
IS_HAGSTOFA_ECONOMY	https://px.hagstofa.is/pxen/api/v1/en/Efnahagur/	PASS	json-array	6	200	393	
IS_HAGSTOFA_ENVIRONMENT	https://px.hagstofa.is/pxen/api/v1/en/Umhverfi/	PASS	json-array	6	200	332	
IS_HAGSTOFA_INDUSTRY	https://px.hagstofa.is/pxen/api/v1/en/Atvinnuvegir/	PASS	json-array	6	200	323	
IS_HAGSTOFA_TRADE	https://px.hagstofa.is/pxen/api/v1/en/Efnahagur/utanrikisverslun/	PASS	json-array	3	200	193	
IS_REYKJAVIK_LIVE	https://borgarvefsja.reykjavik.is/arcgis/rest/services/Borgarvefsja/LifandiGogn/FeatureServer/0/query?where=1%3D1&outFields=*&f=json&resultRecordCount=100	PASS	json:features	100	200	84753	
IS_VEGAGERDIN_ROADS	https://gagnaveita.vegagerdin.is/api/faerd2014_1	PASS	json-array	967	200	391238	
IS_VEGAGERDIN_WEATHER	https://gagnaveita.vegagerdin.is/api/vedur2014_1	PASS	json-array	202	200	101643	
ITLOS_CASE_LIST	https://www.itlos.org/en/main/cases/list-of-cases/	PASS	html-anchors	36	200	62976	
ITU_T_REC_SERIES_G	https://www.itu.int/rec/T-REC-G/e	PASS	html-anchors	789	200	283008	
ITU_T_REC_SERIES_H	https://www.itu.int/rec/T-REC-H/e	PASS	html-anchors	454	200	166571	
ITU_T_REC_SERIES_M	https://www.itu.int/rec/T-REC-M/e	PASS	html-anchors	325	200	119907	
ITU_T_REC_SERIES_Q	https://www.itu.int/rec/T-REC-Q/e	PASS	html-anchors	1004	200	377857	
ITU_T_REC_SERIES_X	https://www.itu.int/rec/T-REC-X/e	PASS	html-anchors	754	200	274091	
ITU_T_REC_SERIES_Y	https://www.itu.int/rec/T-REC-Y/e	PASS	html-anchors	1073	200	373535	
IT_FVG_EMF_MONITORING	https://www.dati.friuliveneziagiulia.it/resource/g844-avf4.json?$limit=1000	PASS	json-array	1000	200	242313	
IT_FVG_MOBILE_SITES	https://www.dati.friuliveneziagiulia.it/resource/28hy-b3b2.json?$limit=1000	PASS	json-array	1000	200	200547	
IT_FVG_RADIO_TX	https://www.dati.friuliveneziagiulia.it/resource/t926-ef8w.json?$limit=1000	PASS	json-array	483	200	93694	
IT_FVG_TV_TX	https://www.dati.friuliveneziagiulia.it/resource/58gi-viwa.json?$limit=1000	PASS	json-array	315	200	58962	
IVAO_WHAZZUP	https://api.ivao.aero/v2/tracker/whazzup	PASS	json:clients.pilots	639	200	929015	
IXF_AIX_JAKARTA	https://aix.area31.id/api/v4/member-export/ixf	PASS	json:member_list	329	200	503981	
IXF_AMSIX	https://stats.ams-ix.net/exports/members.json	PASS	json:member_list	1103	200	586427	
IXF_BCIX	https://www.bcix.de/ixp/api/v4/member-export/ixf/1.0	PASS	json:member_list	147	200	298072	
IXF_BIXBG	http://lg.bix.bg/ixp-member-list	PASS	json:member_list	139	200	52578	
IXF_BIXHU	https://ixpman.bix.hu/api/v4/member-export/ixf	PASS	json:member_list	119	200	199214	
IXF_CIXATL	https://atl.communityix.org/api/v4/member-export/ixf	PASS	json:member_list	115	200	201849	
IXF_DECIX_ASEAN	https://portal.de-cix.net/customer_ase	PASS	json:member_list	137	200	190926	
IXF_EPIX_KATOWICE	https://static.epix.net.pl/peering-db/AS62047.json	PASS	json:member_list	557	200	887441	
IXF_FLIX	https://my.fl-ix.net/api/v4/member-export/ixf/	PASS	json:member_list	180	200	311879	
IXF_FRYSIX	https://ixpmanager.frys-ix.net/api/v4/member-export/ixf/1.0	PASS	json:member_list	322	200	486144	
IXF_GETAFIX_MANILA	https://ixp.getafix.ph/api/v4/member-export/ixf/0.6	PASS	json:member_list	135	200	267952	
IXF_GNMIX	https://ixpmanager.gnm-ix.net/api/v4/member-export/ixf	PASS	json:member_list	919	200	1913952	
IXF_INEX	https://www.inex.ie/ixp/api/v4/member-export/ixf/1.0	PASS	json:member_list	117	200	337257	
IXF_INTERLAN	https://ixpm.interlan.ro/api/v4/member-export/ixf/	PASS	json:member_list	153	200	292034	
IXF_INXZA	https://portal.inx.net.za/api/v4/member-export/ixf/1.0	PASS	json:member_list	284	200	832814	
IXF_IXAUSTRALIA	https://portal.internet.asn.au/api/participants.json	PASS	json:member_list	272	200	163615	
IXF_IXBR_FORTALEZA	https://meu.ix.br/generate_json.php?ixp=CE	PASS	json:member_list	474	200	24217	
IXF_IXBR_RIO	https://meu.ix.br/generate_json.php?ixp=RJ	PASS	json:member_list	470	200	23933	
IXF_IXBR_SAOPAULO	https://meu.ix.br/generate_json.php?ixp=SP	PASS	json:member_list	2413	200	122451	
IXF_IXPN_LAGOS	https://ixpmanager.ixpn.ng/api/v4/member-export/ixf/1.0	PASS	json:member_list	158	200	254097	
IXF_KLEYREX	https://manager.kleyrex.net/api/v4/member-export/ixf/0.7	PASS	json:member_list	474	200	780028	
IXF_LINX	https://portal.linx.net/members.json	PASS	json:member_list	931	200	551882	
IXF_LONAP	https://portal.lonap.net/api/v4/member-export/ixf/	PASS	json:member_list	318	200	618862	
IXF_MEGAPORT_IX	https://lg.megaport.com/megaport.json	PASS	json:member_list	655	200	617614	
IXF_MINAP	https://manager.minap.it/api/v4/member-export/ixf/1.0	PASS	json:member_list	116	200	201466	
IXF_MIXIT	https://dp.mix-it.net/json/participants.json	PASS	json:member_list	466	200	215376	
IXF_MSKIX	https://www.msk-ix.ru/data/json/ixp-member-list-ixf/participants.json	PASS	json:member_list	628	200	589837	
IXF_NAMEX	https://my.namex.it/api/v4/member-export/ixf/0.7	PASS	json:member_list	283	200	481084	
IXF_NAPAFRICA	https://ix.nap.africa/api/v4/member-export/ixf/0.7	PASS	json:member_list	655	200	2205737	
IXF_NETNOD	https://ixpdb-export.netnod.se/	PASS	json:member_list	203	200	329949	
IXF_NINEIX	https://api.nine-ix.net/ix-f/nine	PASS	json:member_list	149	200	92939	
IXF_NIXCZ	https://nix.cz/api/blob/nix.json	PASS	json:member_list	206	200	105100	
IXF_NLIX	https://www.nl-ix.net/participants.json	PASS	json:member_list	666	200	785185	
IXF_ONIX	https://ixpm.onix.cx/api/v4/member-export/ixf/1.0	PASS	json:member_list	200	200	281858	
IXF_PEERINGCZ	https://web-api.peering.cz/participants.json	PASS	json:member_list	210	200	70040	
IXF_SEATTLEIX	https://www.seattleix.net/autogen/participants.json	PASS	json:member_list	400	200	334761	
IXF_SPEEDIX	https://my.speed-ix.net/api/v4/member-export/ixf/1.0	PASS	json:member_list	292	200	497069	
IXF_THEIXP_INDIA	https://ixpmanager.theixp.net/api/v4/member-export/ixf/0.6	PASS	json:member_list	343	200	914856	
IXF_THINX	https://on-net.atman.pl/portal-api/ixf/participants.json	PASS	json:member_list	195	200	56909	
IXF_TOPIX	https://www.top-ix.org/members.json	PASS	json:member_list	117	200	35770	
IXF_TORIX	https://portal.torix.ca/participants.json	PASS	json:member_list	259	200	520117	
IXF_TPIX	https://lg.tpix.pl/members.json	PASS	json:member_list	463	200	218685	
IXF_UAEIX	https://portal.uae-ix.net/customer_dxb	PASS	json:member_list	111	200	165965	
IXF_VIX	https://www.vix.at/fileadmin/vix/participants.json	PASS	json:member_list	185	200	28065	
IXPDB_PROVIDER_LIST	https://api.ixpdb.net/v1/provider/list	PASS	json-array	1128	200	368176	
IZMIR_ARTERIAL_SPEEDS	https://acikveri.bizizmir.com/api/3/action/datastore_search?resource_id=a3bd880f-dfc6-4f65-bbfd-5fcc998268c3&limit=100	PASS	json:result.records	100	200	13835	
IZMIR_BUILDINGS_BY_NEIGHBOURHOOD	https://acikveri.bizizmir.com/api/3/action/datastore_search?resource_id=54af6862-2d36-48d0-838f-a42133e8b943&limit=100	PASS	json:result.records	100	200	8985	
IZMIR_FIRE_SERVICE_2026	https://acikveri.bizizmir.com/api/3/action/datastore_search?resource_id=e7b837ba-9435-4de9-8f6e-3b37807a9743&limit=100	PASS	json:result.records	100	200	28282	
IZMIR_IZMAR_PRICES	https://acikveri.bizizmir.com/api/3/action/datastore_search?resource_id=d243f67a-73bb-4915-a6a4-355c294fc38d&limit=100	PASS	json:result.records	100	200	11764	
IZMIR_OPENDATA_BULK	https://acikveri.bizizmir.com/api/3/action/current_package_list_with_resources?limit=100	PASS	json:result	100	200	673167	
IZMIR_OPENDATA_GROUPS	https://acikveri.bizizmir.com/api/3/action/group_list?all_fields=true	PASS	json:result	10	200	9422	
IZMIR_OPENDATA_ORGS	https://acikveri.bizizmir.com/api/3/action/organization_list?all_fields=true	PASS	json:result	35	200	28185	
IZMIR_OPENDATA_SEARCH	https://acikveri.bizizmir.com/api/3/action/package_search?q=itfaiye&rows=1000	PASS	json:result.results	7	200	75418	
IZMIR_ROADS_BY_DISTRICT	https://acikveri.bizizmir.com/api/3/action/datastore_search?resource_id=9bfbf3cd-ab9d-4fdc-8da8-3537467138ae&limit=100	PASS	json:result.records	100	200	9821	
IZMIR_SEARCH_RESCUE_2026	https://acikveri.bizizmir.com/api/3/action/datastore_search?resource_id=ae8feb0e-0e41-4939-b9e8-529253762023&limit=100	PASS	json:result.records	100	200	43929	
IZMIR_VEHICLE_COUNTS	https://acikveri.bizizmir.com/api/3/action/datastore_search?resource_id=25866cc4-298a-4ee7-bfd3-719ea7f530b2&limit=100	PASS	json:result.records	100	200	20621	
JENKINS_PLUGIN_SITE	https://plugins.jenkins.io/api/plugins/?page=1&limit=50	PASS	json:plugins	50	200	562817	
JENKINS_UPDATE_CENTER	https://updates.jenkins.io/current/update-center.actual.json	PASS	json:warnings	1529	200	3403429	
JM_DATA_GOV_JM_CATALOG	https://data.gov.jm/data.json	PASS	json:dataset	32	200	95555	
JM_DKAN_NODES	https://data.gov.jm/api/dataset/node.json?page=0&parameters%5Btype%5D=dataset	PASS	json-array	20	200	6643	
JODI_OIL_PRIMARY_ANNUAL	https://www.jodidata.org/_resources/files/downloads/oil-data/annual-csv/primary/2025.csv	PASS	csv	5049	200	11598318	
JODI_OIL_PRIMARY_CURRENT	https://www.jodidata.org/_resources/files/downloads/oil-data/annual-csv/primary/primaryyear2026.csv	PASS	csv	5092	200	4760442	
JODI_OIL_SECONDARY_ANNUAL	https://www.jodidata.org/_resources/files/downloads/oil-data/annual-csv/secondary/2025.csv	PASS	csv	5079	200	26432492	
JORDAN_OPENDATA_GROUPS	https://opendata.gov.jo/api/3/action/group_list?all_fields=true	PASS	json:result	15	200	9256	
JORDAN_OPENDATA_ORGS	https://opendata.gov.jo/api/3/action/organization_list?all_fields=true	PASS	json:result	25	200	16022	
JORDAN_OPENDATA_PACKAGES	https://opendata.gov.jo/api/3/action/package_list	PASS	json:result	3772	200	233795	
JORDAN_OPENDATA_TAGS	https://opendata.gov.jo/api/3/action/tag_list	PASS	json:result	2353	200	85409	
KAPSARC_DATA_CATALOG	https://datasource.kapsarc.org/api/explore/v2.1/catalog/datasets?limit=100	PASS	json:results	100	200	930867	
KAPSARC_JODI_CHINA_OIL	https://datasource.kapsarc.org/api/explore/v2.1/catalog/datasets/china/records?limit=100	PASS	json:results	100	200	23743	
KAPSARC_SAMA_BOP	https://datasource.kapsarc.org/api/explore/v2.1/catalog/datasets/balance-of-payments-2005-2014/records?limit=100	PASS	json:results	100	200	19606	
KAPSARC_SAMA_IIP	https://datasource.kapsarc.org/api/explore/v2.1/catalog/datasets/international-investment-position-statment/records?limit=100	PASS	json:results	100	200	17170	
KAPSARC_SAUDI_CONSTRUCTION_COST	https://datasource.kapsarc.org/api/explore/v2.1/catalog/datasets/construction-cost-indices-by-sector-and-section/records?limit=100	PASS	json:results	100	200	15671	
KAPSARC_SAUDI_IO_TABLE	https://datasource.kapsarc.org/api/explore/v2.1/catalog/datasets/input-output-table-at-current-prices/records?limit=100	PASS	json:results	100	200	20296	
KAPSARC_SAUDI_LABOUR_ADMIN	https://datasource.kapsarc.org/api/explore/v2.1/catalog/datasets/labor-market-administrative-records-data/records?limit=100	PASS	json:results	100	200	42111	
KAPSARC_SAUDI_OPERATING_SURPLUS	https://datasource.kapsarc.org/api/explore/v2.1/catalog/datasets/operating-surplus-by-establishment-size-and-economic-activity/records?limit=100	PASS	json:results	100	200	26030	
KAPSARC_SAUDI_PORT_ARRIVALS	https://datasource.kapsarc.org/api/explore/v2.1/catalog/datasets/ships-arriving-at-saudi-ports-by-country-of-registration-and-port-2008-ad/records?limit=100	PASS	json:results	100	200	9950	
KAPSARC_SAUDI_POWER_LOAD	https://datasource.kapsarc.org/api/explore/v2.1/catalog/datasets/saudi-arabia-electricity-load-monthly-by-region/records?limit=100	PASS	json:results	100	200	8334	
KAPSARC_SAUDI_WIND_SPEED	https://datasource.kapsarc.org/api/explore/v2.1/catalog/datasets/rate-wind-speed-in-knots-observed-by-gamep-met-stations-2009xls/records?limit=100	PASS	json:results	100	200	8964	
KC2G_ESSN	https://prop.kc2g.com/api/essn.json	PASS	json:24h	593	200	85154	
KC2G_IONOSONDE_STATIONS	https://prop.kc2g.com/api/stations.json	PASS	json-array	101	200	42534	
KE_KABARAK_REPOSITORY	https://ir.kabarak.ac.ke/server/api/discover/search/objects?query=kenya&size=50	PASS	json:_embedded.facets	5	200	351126	
KE_KARATINA_REPOSITORY	https://karuspace.karu.ac.ke/server/api/discover/search/objects?query=agriculture&size=50	PASS	json:_embedded.facets	6	200	496102	
KE_KENYATTA_REPOSITORY	https://ir-library.ku.ac.ke/server/api/discover/search/objects?query=nairobi&size=50	PASS	json:_embedded.facets	5	200	502284	
KE_MACHAKOS_REPOSITORY	https://ir.mksu.ac.ke/server/api/discover/search/objects?query=water&size=50	PASS	json:_embedded.facets	6	200	390040	
KE_MINING_CADASTRE_LICENCES	https://portal.miningcadastre.go.ke/arcgis/rest/services/LandfolioSOEv2_0_7/MapServer/0/query?where=1%3D1&outFields=*&returnGeometry=false&f=json&resultRecordCount=1000	PASS	json:features	1000	200	1172484	
KE_STRATHMORE_REPOSITORY	https://su-plus.strathmore.edu/server/api/discover/search/objects?query=finance&size=50	PASS	json:_embedded.facets	6	200	500437	
KY_JUDICIAL_DOCUMENTS	https://www.judicial.ky/wp-json/wp/v2/media?media_type=application&per_page=100&page=1	PASS	json-array	100	200	309512	
LACNIC_DELEGATED_STATS	https://ftp.lacnic.net/pub/stats/lacnic/delegated-lacnic-extended-latest	PASS	text-lines	96969	200	4550551	
LATAM_CEPALSTAT_INDICATOR	https://api-cepalstat.cepal.org/cepalstat/api/v1/indicator/2207/data?lang=es&format=json	PASS	json:body.data	1296	200	168555	
LC_STATISTICS_RELEASES	https://stats.gov.lc/wp-json/wp/v2/media?media_type=application&per_page=100&page=1	PASS	json-array	99	200	263213	
LLAMA_HACKS	https://api.llama.fi/hacks	PASS	json-array	1225	200	333097	
LLAMA_STABLECOINS	https://stablecoins.llama.fi/stablecoins?includePrices=true	PASS	json:peggedAssets	419	200	546864	
LLAMA_STABLECOIN_DETAIL	https://stablecoins.llama.fi/stablecoin/1	PASS	json:tokens	3189	200	20808093	
LLAMA_YIELD_POOLS	https://yields.llama.fi/pools	PASS	json:data	16608	200	11412939	
LT_JAR_ACCOUNTS	https://get.data.gov.lt/datasets/gov/rc/jar/balanso_ataskaitos/BalansoAtaskaita?limit(100)	PASS	json:_data	100	200	71076	
LT_JAR_CAPITAL	https://get.data.gov.lt/datasets/gov/rc/jar/ja_kapitalas/JuridinisAsmuoKapitalas?limit(100)	PASS	json:_data	100	200	36137	
LT_JAR_ENTITIES	https://get.data.gov.lt/datasets/gov/rc/jar/iregistruoti/JuridinisAsmuo?limit(100)	PASS	json:_data	100	200	49396	
LT_JAR_MANAGEMENT	https://get.data.gov.lt/datasets/gov/rc/jar/valdymo_organai/ValdymoOrganas?limit(100)	PASS	json:_data	100	200	32074	
LT_JAR_NGO	https://get.data.gov.lt/datasets/gov/rc/jar/iregistruotos_nvo/IregistruotaNVO?limit(100)	PASS	json:_data	100	200	32387	
LT_JAR_OFFICES	https://get.data.gov.lt/datasets/gov/rc/jar/buveines/Buveine?limit(100)	PASS	json:_data	100	200	30783	
LT_RRT_AIRCRAFT_STATIONS	https://get.data.gov.lt/datasets/gov/rrt/leid_orlaiviu_stotys/OrlaiviuStotysLeidimas	PASS	json:_data	2649	200	1340994	
LT_RRT_AMATEUR_LICENCES	https://get.data.gov.lt/datasets/gov/rrt/leid_radijo_megejai/RadijoMegejaiLeidimas	PASS	json:_data	1004	200	384071	
LT_RRT_BROADCAST_TX	https://get.data.gov.lt/datasets/gov/rrt/leid_transliacijos_stotys/TransliacijosStotysLeidimas	PASS	json:_data	493	200	332017	
LT_RRT_SHIP_STATIONS	https://get.data.gov.lt/datasets/gov/rrt/leid_laivu_stotys/LaivuStotysLeidimas	PASS	json:_data	2863	200	1434626	
LT_SPINTA_GOVERNMENT	https://get.data.gov.lt/datasets/gov/rc/:ns	PASS	json:_data	17	200	1158	
LT_SPINTA_REGISTERS	https://get.data.gov.lt/datasets/gov/rc/jar/:ns	PASS	json:_data	20	200	8890	
LUCHTMEETNET_LKI	https://api.luchtmeetnet.nl/open_api/lki?page=1	PASS	json:data	100	200	11342	
LV_BENEFICIAL_OWNERS	https://data.gov.lv/dati/api/3/action/datastore_search?resource_id=20a9b26d-d056-4dbb-ae18-9ff23c87bdee&limit=100	PASS	json:result.records	100	200	29844	
LV_CONSUMER_CREDIT	https://data.gov.lv/dati/api/3/action/datastore_search?resource_id=9853bae0-2157-40f7-8d48-a8a5690d0c8a&limit=100	PASS	json:result.records	74	200	49983	
LV_CSB_PXWEB	https://data.stat.gov.lv/api/v1/en/OSP_PUB/START/	PASS	json-array	11	200	575	
LV_DEBT_COLLECTORS	https://data.gov.lv/dati/api/3/action/datastore_search?resource_id=d2d285ba-b54b-4929-b973-5846efbb33e5&limit=100	PASS	json:result.records	52	200	42763	
LV_GHG_PERMITS	https://data.gov.lv/dati/api/3/action/datastore_search?resource_id=65e8f0b0-186d-4dc7-a100-9e151e2b3b19&limit=100	PASS	json:result.records	47	200	21635	
LV_IPPC_PERMITS	https://data.gov.lv/dati/api/3/action/datastore_search?resource_id=66dd77e3-868d-474c-b24a-4e7e83c0ca34&limit=100	PASS	json:result.records	100	200	87685	
LV_WASTE_OPERATORS	https://data.gov.lv/dati/api/3/action/datastore_search?resource_id=4a3e6292-235e-4083-815d-9ea0c4870f4b&limit=100	PASS	json:result.records	100	200	48157	
LV_WATER_PERMITS	https://data.gov.lv/dati/api/3/action/datastore_search?resource_id=62131cb1-2add-4ef1-a04f-b0eda9fa5576&limit=100	PASS	json:result.records	100	200	40635	
MALTRAIL_COBALTSTRIKE	https://raw.githubusercontent.com/stamparm/maltrail/master/trails/static/malware/cobaltstrike.txt	PASS	text-lines	14746	200	1049212	
MALWAREBAZAAR_CSV_RECENT	https://bazaar.abuse.ch/export/csv/recent/	PASS	csv	466	200	366699	
MAPROULETTE_CHALLENGES	https://maproulette.org/api/v2/challenges?limit=100&page=0	PASS	json-array	100	200	183581	
MASTEDATABASEN_DK_BULK	https://mastedatabasen.dk/Master/antenner.json?radius=400000&lat=56.0&long=10.5&maxantal=200000	PASS	json-array	69699	200	34574043	
MASTEDATABASEN_DK_POSTNR	https://mastedatabasen.dk/Master/antenner.json?postnr=2630&maxantal=20000	PASS	json-array	393	200	195031	
MASTR_UNIT_REGISTER_EXTENDED	https://www.marktstammdatenregister.de/MaStR/Einheit/EinheitJson/GetErweiterteOeffentlicheEinheitStromerzeugung?sort=&page=1&pageSize=50&group=&filter=	PASS	json:Data	50	200	200031	
MCC_MNC_TABLE	https://raw.githubusercontent.com/musalbas/mcc-mnc-table/master/mcc-mnc-table.json	PASS	json-array	2599	200	375741	
MD_BNM_FX_XML	https://www.bnm.md/en/official_exchange_rates?get_xml=1&date=17.08.2026	PASS	xml:Valute	40	200	6943	
MD_DATASET_GOV_CATALOGUE	https://dataset.gov.md/api/3/action/package_search?q=registru&rows=100	PASS	json:result.results	11	200	410596	
MD_DISCHARGE_PERMITS_NONCOMPLIANCE	https://opendata.maryland.gov/resource/cvuy-zwt6.json?$limit=1000	PASS	json-array	510	200	98928	
MD_DISTRICT_COURT_EVICTIONS	https://opendata.maryland.gov/resource/mvqb-b4hf.json?$q=BALTIMORE&$limit=1000	PASS	json-array	1000	200	363748	
MD_LOBBYIST_ACTIVITY_REPORTS	https://opendata.maryland.gov/resource/p6kr-u5k5.json?$limit=1000	PASS	json-array	1000	200	453037	
MD_LOBBYIST_CAMPAIGN_CONTRIBUTIONS	https://opendata.maryland.gov/resource/g76a-nfxj.json?$limit=1000	PASS	json-array	1000	200	196018	
MD_MDE_WATER_VIOLATIONS	https://opendata.maryland.gov/resource/jwx7-mgcz.json?$limit=1000	PASS	json-array	1000	200	293072	
MD_REAL_PROPERTY_ASSESSMENTS	https://opendata.maryland.gov/resource/ed4q-f8tm.json?$q=BALTIMORE&$limit=1000	PASS	json-array	1000	200	13708243	
MD_STATBANK_DB	http://statbank.statistica.md/pxweb/api/v1/en/	PASS	json-array	7	200	453	
MD_STATBANK_ECON	http://statbank.statistica.md/pxweb/api/v1/en/40%20Statistica%20economica/	PASS	json-array	14	200	701	
MD_STATE_PAYMENTS	https://opendata.maryland.gov/resource/7syw-q4cy.json?$limit=1000	PASS	json-array	1000	200	233000	
MEMPOOL_BLOCKS	https://mempool.space/api/v1/blocks	PASS	json-array	15	200	30561	
MEMPOOL_MINING_POOLS	https://mempool.space/api/v1/mining/pools/1y	PASS	json:pools	33	200	6605	
METACPAN_DISTRIBUTION	https://fastapi.metacpan.org/v1/distribution/Moose	PASS	json-object	1	200	547	
METACPAN_RELEASE_SEARCH	https://fastapi.metacpan.org/v1/release/_search?q=distribution:Moose&size=50	PASS	json:hits.hits	50	200	5257921	
METASPLOIT_MODULE_METADATA	https://raw.githubusercontent.com/rapid7/metasploit-framework/master/db/modules_metadata_base.json	PASS	json:exploit_multi/misc/java_jmx_server.autofilter_ports	100	200	11196876	
METEIREANN_STATION_OBS	https://prodapi.metweb.ie/observations/athenry/today	PASS	json-array	18	200	5359	
METEO_LT_STATIONS	https://api.meteo.lt/v1/stations	PASS	json-array	52	200	5683	
ME_AUDITORS	https://data.gov.me/api/3/action/datastore_search?resource_id=78faf91f-695a-4969-9c39-9e076685e0c5&limit=100	PASS	json:result.records	88	200	9562	
ME_DATAGOV_CATALOGUE	https://data.gov.me/api/3/action/package_search?q=registar&rows=100	PASS	json:result.results	54	200	208589	
ME_MEDICINES	https://data.gov.me/api/3/action/datastore_search?resource_id=77c3018f-cc56-4532-992d-5b6a68f86f42&limit=100	PASS	json:result.records	100	200	58115	
ME_PHARMACY_REGISTER	https://data.gov.me/dataset/e89e5e90-2ade-48a6-9689-5a4682a31ff2/resource/c818962c-0cdd-47b9-b1a2-e66b0d74bd50/download/apoteke.json	PASS	json-array	55	200	14521	
ME_REGAGEN_NOTICES	https://www.regagen.co.me/wp-json/wp/v2/posts?per_page=100	PASS	json-array	100	200	705225	
ME_TEMP_WORK_AGENCIES	https://data.gov.me/api/3/action/datastore_search?resource_id=84c02c4f-e870-4c1f-a734-87e33091204d&limit=100	PASS	json:result.records	26	200	10032	
ME_TRADE_UNIONS	https://data.gov.me/api/3/action/datastore_search?resource_id=02295121-60fc-450d-9e09-3da4c2030551&limit=100	PASS	json:result.records	100	200	45596	
MINTIC_CO_FIXED_BROADBAND	https://www.datos.gov.co/resource/n48w-gutb.json?$limit=50000&$offset=0	PASS	json-array	50000	200	15875626	
MINTIC_CO_MOBILE_INTERNET	https://www.datos.gov.co/resource/4z5v-cr6b.json?$limit=50000&$offset=0	PASS	json-array	420	200	50249	
MINTIC_CO_MOBILE_SUBS	https://www.datos.gov.co/resource/nrst-mwx4.json?$limit=50000&$offset=0	PASS	json-array	346	200	73776	
MINTIC_CO_UNIVERSAL_ACCESS	https://www.datos.gov.co/resource/rejx-ewy7.json?$limit=50000&$offset=0	PASS	json-array	1550	200	959677	
MISP_GALAXY_BOTNET	https://raw.githubusercontent.com/MISP/misp-galaxy/main/clusters/botnet.json	PASS	json:values	148	200	114633	
MISP_GALAXY_INTRUSION_SET	https://raw.githubusercontent.com/MISP/misp-galaxy/main/clusters/mitre-intrusion-set.json	PASS	json:values	193	200	938687	
MISP_GALAXY_RANSOMWARE	https://raw.githubusercontent.com/MISP/misp-galaxy/main/clusters/ransomware.json	PASS	json:values	2135	200	1922019	
MISP_GALAXY_TOOL	https://raw.githubusercontent.com/MISP/misp-galaxy/main/clusters/tool.json	PASS	json:values	620	200	479542	
MKDCIRT_WP_POSTS	https://mkd-cirt.mk/wp-json/wp/v2/posts?per_page=50&page=1	PASS	json-array	50	200	3208525	
MK_AEK_PUBLICATIONS	https://www.aek.mk/wp-json/wp/v2/posts?per_page=100	PASS	json-array	100	200	592477	
MK_CIRT_ADVISORIES	https://mkd-cirt.mk/wp-json/wp/v2/posts?per_page=100	PASS	json-array	100	200	6444901	
MK_MAKSTAT_AGRICULTURE	https://makstat.stat.gov.mk/PXWeb/api/v1/en/MakStat/Zemjodelstvo/	PASS	json-array	8	200	541	
MK_MAKSTAT_DB	https://makstat.stat.gov.mk/PXWeb/api/v1/en/MakStat/	PASS	json-array	28	200	1616	
MLAB_SITE_ANNOTATIONS	https://siteinfo.mlab-oti.measurementlab.net/v2/sites/annotations.json	PASS	json-object	1	200	394510	
MLAB_SITE_SWITCHES	https://siteinfo.mlab-oti.measurementlab.net/v1/sites/switches.json	PASS	json-object	1	200	31186	
MOROCCO_OPENDATA_GROUPS	https://www.data.gov.ma/data/api/3/action/group_list?all_fields=true	PASS	json:result	23	200	12669	
MOROCCO_OPENDATA_ORGS	https://www.data.gov.ma/data/api/3/action/organization_list?all_fields=true	PASS	json:result	25	200	15822	
MOROCCO_OPENDATA_PACKAGES	https://www.data.gov.ma/data/api/3/action/package_list	PASS	json:result	666	200	38409	
MO_ALCOHOL_LICENSES	https://data.mo.gov/resource/yyhn-562y.json?$limit=1000	PASS	json-array	1000	200	378878	
MO_LAW_ENFORCEMENT_AGENCIES	https://data.mo.gov/resource/cgbu-k38b.json?$limit=1000	PASS	json-array	588	200	166632	
MO_OIL_GAS_PERMITS	https://data.mo.gov/resource/y64b-aec2.json?$limit=1000	PASS	json-array	1000	200	463464	
MO_TOBACCO_LICENSEES	https://data.mo.gov/resource/inpf-ekav.json?$limit=1000	PASS	json-array	308	200	59343	
MQ_DATAGOUV_DATASETS	https://www.data.gouv.fr/api/1/datasets/?q=Martinique&page_size=100	PASS	json:data	100	200	1627236	
MSRC_SUG_VULNERABILITY	https://api.msrc.microsoft.com/sug/v2.0/en-US/vulnerability?$top=100	PASS	json:value	100	200	266377	
MU_DATA_GOVMU_DATASETS	https://data.govmu.org/api/3/action/package_search?q=statistics&rows=50	PASS	json:result.results	30	200	139972	
MU_DATA_GOVMU_PUBLISHERS	https://data.govmu.org/api/3/action/organization_list?all_fields=true	PASS	json:result	1	200	592	
MW_MZUZU_REPOSITORY	https://repository.mzuni.ac.mw/server/api/discover/search/objects?query=malawi&size=50	PASS	json:_embedded.facets	6	200	484816	
MX_CENACE_PML_NODAL	https://ws01.cenace.gob.mx:8082/SWPML/SIM/SIN/MDA/01PLO-115/2026/08/10/2026/08/12/JSON	PASS	json:Resultados	1	200	14668	
MX_CENACE_PZ_ZONAL	https://ws01.cenace.gob.mx:8082/SWPEND/SIM/SIN/MDA/AGUASCALIENTES/2026/08/10/2026/08/12/JSON	PASS	json:Resultados	1	200	14356	
MX_DOF_NOTA	https://sidofqa.segob.gob.mx/dof/sidof/notas/nota/5796396	PASS	json-object	1	200	465	
NANPA_NPA_DATABASE	https://reports.nanpa.com/public/npa_report.csv	PASS	csv	801	200	116788	
NASA_EXOPLANET_ARCHIVE_PLANETS	https://exoplanetarchive.ipac.caltech.edu/TAP/sync?query=select+pl_name,hostname,discoverymethod,disc_year,disc_facility,pl_orbper,pl_rade,pl_bmasse,sy_dist,ra,dec+from+pscomppars&format=json	PASS	json-array	6354	200	1786868	
NAVCANADA_METAR	https://plan.navcanada.ca/weather/api/alpha/?site=CYYZ&alpha=metar	PASS	json:data	1	200	415	
NAVCANADA_NOTAM	https://plan.navcanada.ca/weather/api/alpha/?site=CYYZ&alpha=notam	PASS	json:data	24	200	14573	
NA_UNAM_REPOSITORY	https://repository.unam.edu.na/server/api/discover/search/objects?query=namibia&size=50	PASS	json:_embedded.facets	5	200	497871	
NBG_CURRENCY_RATES	https://nbg.gov.ge/gw/api/ct/monetarypolicy/currencies/en/json/	PASS	json-array	1	200	8735	
NBP_RATE_HISTORY	https://api.nbp.pl/api/exchangerates/rates/a/usd/last/30?format=json	PASS	json:rates	30	200	2048	
NESO_CAPACITY_MARKET_CMU	https://api.neso.energy/api/3/action/datastore_search?resource_id=25a5fa2e-873d-41c5-8aaf-fbc2b06d79e6&limit=50	PASS	json:result.fields	79	200	168582	
NESO_CAPACITY_MARKET_COMPONENTS	https://api.neso.energy/api/3/action/datastore_search?resource_id=790f5fa0-f8eb-4d82-b98d-0d34d3e404e8&limit=50	PASS	json:result.records	50	200	40807	
NESO_CARBON_INTENSITY_FORECAST	https://api.neso.energy/api/3/action/datastore_search?resource_id=0e5fde43-2de7-4fb4-833d-c7bca3b658b0&limit=50	PASS	json:result.records	50	200	6244	
NESO_CONSTRAINT_FLOWS_LIMITS	https://api.neso.energy/api/3/action/datastore_search?resource_id=38a18ec1-9e40-465d-93fb-301e80fd1352&limit=50	PASS	json:result.records	50	200	7583	
NESO_DAILY_OPMR	https://api.neso.energy/api/3/action/datastore_search?resource_id=0eede912-8820-4c66-a58a-f7436d36b95f&limit=50	PASS	json:result.records	50	200	24473	
NESO_DAILY_WIND_AVAILABILITY	https://api.neso.energy/api/3/action/datastore_search?resource_id=7aa508eb-36f5-4298-820f-2fa6745ae2e7&limit=50	PASS	json:result.records	50	200	4034	
NESO_DATA_PORTAL_CATALOGUE	https://api.neso.energy/api/3/action/package_search?q=constraint&rows=50	PASS	json:result.results	14	200	181165	
NESO_DEMAND_DATA_UPDATE	https://api.neso.energy/api/3/action/datastore_search?resource_id=177f6fa4-ae49-4182-81ea-0c6b35f26ca6&limit=50	PASS	json:result.records	50	200	34114	
NESO_DFS_LIVE_REQUIREMENT	https://api.neso.energy/api/3/action/datastore_search?resource_id=663f3f82-fec8-4c9a-a837-df5db8690a6f&limit=50	PASS	json:result.fields	5	200	1699	
NESO_EMBEDDED_REGISTER	https://api.neso.energy/api/3/action/datastore_search?resource_id=68b6f3a1-e1bf-403b-9062-0269fc758d77&limit=50	PASS	json:result.records	50	200	26401	
NESO_EMBEDDED_SOLAR_WIND_FORECAST	https://api.neso.energy/api/3/action/datastore_search?resource_id=db6c038f-98af-4570-ab60-24d71ebd0ae5&limit=50	PASS	json:result.records	50	200	15932	
NESO_HISTORIC_GENERATION_MIX	https://api.neso.energy/api/3/action/datastore_search?resource_id=f93d1835-75bc-43e5-84ad-12472b180a98&limit=50	PASS	json:result.records	50	200	39393	
NESO_INTERCONNECTOR_AUCTION	https://api.neso.energy/api/3/action/datastore_search?resource_id=6a928369-bed3-445f-af8a-69cdb2cc5089&limit=50	PASS	json:result.records	50	200	33673	
NESO_INTERCONNECTOR_REGISTER	https://api.neso.energy/api/3/action/datastore_search?resource_id=64f7908f-f787-4977-93e1-5342a5f1357f&limit=50	PASS	json:result.records	33	200	21121	
NESO_TEC_REGISTER	https://api.neso.energy/api/3/action/datastore_search?resource_id=17becbab-e3e8-473f-b303-3806f43a6a10&limit=50	PASS	json:result.records	50	200	29476	
NGX_EQUITIES	https://doclib.ngxgroup.com/REST/api/statistics/equities/?market=&sector=&orderby=&pageSize=100&pageNo=0	PASS	json-array	100	200	37870	
NGX_EQUITY_STATISTICS	https://doclib.ngxgroup.com/REST/api/statistics/equities/?market=&sector=&orderby=&pageSize=100&pageNo=0	PASS	json-array	100	200	37870	
NG_NBS_MICRODATA_CATALOG	https://microdata.nigerianstat.gov.ng/index.php/api/catalog/search?format=json&ps=50&sk=survey	PASS	json:result.rows	50	200	30677	
NHTSA_COMPLAINTS	https://api.nhtsa.gov/complaints/complaintsByVehicle?make=ford&model=f-150&modelYear=2020	PASS	json:results	25	200	23580	
NHTSA_RECALLS_VEHICLE	https://api.nhtsa.gov/recalls/recallsByVehicle?make=ford&model=f-150&modelYear=2020	PASS	json:results	11	200	14224	
NHTSA_SAFETY_RATINGS_YEAR	https://api.nhtsa.gov/SafetyRatings/modelyear/2020	PASS	json:Results	38	200	1950	
NHTSA_VPIC_MAKES	https://vpic.nhtsa.dot.gov/api/vehicles/getallmakes?format=json	PASS	json:Results	12340	200	611168	
NI_MARENA_PUBLICACIONES	https://www.marena.gob.ni/wp-json/wp/v2/media?media_type=application&per_page=100&page=1	PASS	json-array	100	200	177425	
NI_TELCOR_PUBLICACIONES	https://www.telcor.gob.ni/wp-json/wp/v2/media?media_type=application&per_page=100&page=1	PASS	json-array	88	200	425520	
NJ_AGENCY_EXPENDITURES	https://data.nj.gov/resource/apet-rp2i.json?$q=VERIZON&$limit=1000	PASS	json-array	1000	200	432091	
NJ_AGENCY_PAYROLL	https://data.nj.gov/resource/iqwc-r2w7.json?$q=SMITH&$limit=1000	PASS	json-array	1000	200	813218	
NJ_CONSTRUCTION_PERMITS	https://data.nj.gov/resource/w9se-dmra.json?$q=NEWARK&$limit=1000	PASS	json-array	1000	200	836365	
NJ_LICENSED_CHILD_CARE_CENTERS	https://data.nj.gov/resource/cru5-4rmm.json?$limit=1000	PASS	json-array	1000	200	311769	
NLM_DAILYMED_APPLICATION_NUMBERS	https://dailymed.nlm.nih.gov/dailymed/services/v2/applicationnumbers.json?pagesize=100	PASS	json:data	100	200	7973	
NLM_DAILYMED_DRUGCLASSES	https://dailymed.nlm.nih.gov/dailymed/services/v2/drugclasses.json?pagesize=100	PASS	json:data	100	200	12269	
NLM_DAILYMED_DRUGNAMES	https://dailymed.nlm.nih.gov/dailymed/services/v2/drugnames.json?pagesize=100	PASS	json:data	100	200	13096	
NLM_DAILYMED_NDCS	https://dailymed.nlm.nih.gov/dailymed/services/v2/ndcs.json?pagesize=100	PASS	json:data	100	200	2929	
NLM_DAILYMED_RXCUIS	https://dailymed.nlm.nih.gov/dailymed/services/v2/rxcuis.json?pagesize=100	PASS	json:data	100	200	10525	
NLM_DAILYMED_SPLS	https://dailymed.nlm.nih.gov/dailymed/services/v2/spls.json?pagesize=100	PASS	json:data	100	200	19987	
NLM_DAILYMED_UNIIS	https://dailymed.nlm.nih.gov/dailymed/services/v2/uniis.json?pagesize=100	PASS	json:data	100	200	8250	
NL_OVERHEID_SRU_LOKAAL	https://repository.overheid.nl/sru?operation=searchRetrieve&version=2.0&query=c.product-area==lokalebekendmakingen&maximumRecords=100	PASS	xml:record	100	200	295623	
NL_OVERHEID_SRU_OFFICIAL	https://repository.overheid.nl/sru?operation=searchRetrieve&version=2.0&query=c.product-area==officielepublicaties&maximumRecords=100	PASS	xml:record	100	200	437855	
NL_OVERHEID_SRU_SGD	https://repository.overheid.nl/sru?operation=searchRetrieve&version=2.0&query=c.product-area==sgd&maximumRecords=100	PASS	xml:itemUrl	153	200	448834	
NL_OVERHEID_SRU_TUCHTRECHT	https://repository.overheid.nl/sru?operation=searchRetrieve&version=2.0&query=c.product-area==tuchtrecht&maximumRecords=100	PASS	xml:record	100	200	307740	
NL_PDOK_LOCATIESERVER	https://api.pdok.nl/bzk/locatieserver/search/v3_1/free?q=Amsterdam&rows=100	PASS	json:response.docs	100	200	79588	
NL_RIVM_ARI_INFECTIERADAR	https://data.rivm.nl/data/covid-19/ARI_Infectieradar_symptomen_per_dag.json	PASS	json-array	2117	200	294243	
NL_RIVM_IC_ADMISSIONS	https://data.rivm.nl/data/covid-19/COVID-19_ic_opnames.json	PASS	json-array	910	200	122382	
NL_RIVM_INFECTIOUS_PREVALENCE	https://data.rivm.nl/data/covid-19/COVID-19_prevalentie.json	PASS	json-array	504	200	52637	
NL_RIVM_REPRODUCTION_NUMBER	https://data.rivm.nl/data/covid-19/COVID-19_reproductiegetal.json	PASS	json-array	644	200	66435	
NL_RIVM_TESTING	https://data.rivm.nl/data/covid-19/COVID-19_uitgevoerde_testen.json	PASS	json-array	13780	200	2793777	
NL_RIVM_VARIANT_SURVEILLANCE	https://data.rivm.nl/data/covid-19/COVID-19_varianten.json	PASS	json-array	11931	200	3006662	
NL_RIVM_WASTEWATER_SAFETY_REGION	https://data.rivm.nl/data/covid-19/COVID-19_rioolwaterdata_veiligheidsregio.json	PASS	json-array	42400	200	8774739	
NL_RIVM_WASTEWATER_SARSCOV2	https://data.rivm.nl/data/covid-19/COVID-19_rioolwaterdata.json	PASS	json-array	180555	200	37204879	
NOAA_FOSS_AFSC_GROUNDFISH	https://apps-st.fisheries.noaa.gov/ods/foss/afsc_groundfish_survey_catch/?limit=100	PASS	json:items	100	200	27279	
NOAA_FOSS_LANDINGS	https://apps-st.fisheries.noaa.gov/ods/foss/landings/?limit=50	PASS	json:items	50	200	17138	
NOAA_FOSS_TRADE	https://apps-st.fisheries.noaa.gov/ods/foss/trade_data/?limit=50	PASS	json:items	50	200	30012	
NODEJS_RELEASE_INDEX	https://nodejs.org/dist/index.json	PASS	json-array	860	200	328491	
NORDPOOL_AGGREGATE_PRICES	https://dataportal-api.nordpoolgroup.com/api/AggregatePrices?year=2025&market=DayAhead&deliveryArea=NO1&currency=EUR	PASS	json:multiAreaDailyAggregates	365	200	62597	
NORDPOOL_DAYAHEAD_PRICES	https://dataportal-api.nordpoolgroup.com/api/DayAheadPrices?date=2026-08-01&market=DayAhead&deliveryArea=NO1&currency=EUR	PASS	json:multiAreaEntries	96	200	11169	
NO_BRREG_ACCOUNTS	https://data.brreg.no/regnskapsregisteret/regnskap/923609016	PASS	json-array	1	200	1408	
NO_BRREG_SUBUNITS	https://data.brreg.no/enhetsregisteret/api/underenheter?navn=equinor&size=100	PASS	json:_embedded.underenheter	100	200	107491	
NO_GEONORGE_ADDRESSES	https://ws.geonorge.no/adresser/v1/sok?sok=Karl%20Johans%20gate&treffPerSide=100	PASS	json:adresser	72	200	42667	
NO_GEONORGE_ADDRESS_POINT	https://ws.geonorge.no/adresser/v1/punktsok?lat=59.91&lon=10.75&radius=500&treffPerSide=100	PASS	json:adresser	100	200	62357	
NPCERT_WP_POSTS	https://npcert.org/wp-json/wp/v2/posts?per_page=50&page=1	PASS	json-array	10	200	110380	
NRC_EVENT_NOTIFICATIONS	https://www.nrc.gov/reading-rm/doc-collections/event-status/event/2026/	PASS	html-anchors	191	200	107294	
NRC_EVENT_REPORTS_2025	https://www.nrc.gov/reading-rm/doc-collections/event-status/event/2025/	PASS	html-anchors	246	200	115814	
NRC_EVENT_REPORTS_2026	https://www.nrc.gov/reading-rm/doc-collections/event-status/event/2026/	PASS	html-anchors	161	200	107294	
NRC_PART21_REPORTS_2026	https://www.nrc.gov/reading-rm/doc-collections/event-status/part21/2026/	PASS	html-anchors	1	200	103934	
NRC_REACTOR_STATUS_REPORTS	https://www.nrc.gov/reading-rm/doc-collections/event-status/reactor-status/2026/	PASS	html-anchors	264	200	116991	
NSF_AWARDS_SEARCH	https://api.nsf.gov/services/v1/awards.json?keyword=hypersonic&rpp=25	PASS	json:response.award	25	200	141808	
NS_LICENSED_COLLECTION_AGENCIES	https://data.novascotia.ca/resource/et8e-is7k.json?$limit=1000	PASS	json-array	60	200	24372	
NS_LICENSED_FOOD_ESTABLISHMENTS	https://data.novascotia.ca/resource/2shh-dv8p.json?$limit=1000	PASS	json-array	1000	200	169880	
NS_LICENSED_LENDERS	https://data.novascotia.ca/resource/hwep-2s8y.json?$limit=1000	PASS	json-array	228	200	79473	
NS_LICENSED_PAYDAY_LENDERS	https://data.novascotia.ca/resource/kjbw-et7g.json?$limit=1000	PASS	json-array	26	200	5650	
NS_ONSHORE_PETROLEUM_WELLS	https://data.novascotia.ca/resource/5q4c-27fh.json?$limit=1000	PASS	json-array	131	200	64810	
NS_PERMANENT_LIQUOR_LICENSES	https://data.novascotia.ca/resource/en23-iwca.json?$limit=1000	PASS	json-array	1000	200	409675	
NUCLEI_TEMPLATE_STATS	https://raw.githubusercontent.com/projectdiscovery/nuclei-templates/main/TEMPLATES-STATS.json	PASS	json:tags	8574	200	309759	
NUGET_CATALOG	https://api.nuget.org/v3/catalog0/index.json	PASS	json:items	22981	200	4403035	
NUGET_REGISTRATION	https://api.nuget.org/v3/registration5-gz-semver2/newtonsoft.json/index.json	PASS	json:@type	3	200	361376	
NUGET_SERVICE_INDEX	https://api.nuget.org/v3/index.json	PASS	json:resources	40	200	9272	
NVE_HYDRO_POWERPLANTS	https://api.nve.no/web/Powerplant/GetHydroPowerPlantsInOperation	PASS	json-array	1862	200	1991197	
NWS_RADAR_SERVERS	https://api.weather.gov/radar/servers	PASS	json:@graph	6	200	50140	
NWS_RADAR_STATION_DETAIL	https://api.weather.gov/radar/stations/KABX	PASS	json:@context	2	200	8953	
NY_AUTHORITY_PROCUREMENT	https://data.ny.gov/resource/ehig-g5x3.json?$limit=1000	PASS	json-array	1000	200	757455	
NY_CAMPAIGN_DISCLOSURES	https://data.ny.gov/resource/e9ss-239a.json?$q=SMITH&$limit=1000	PASS	json-array	1000	200	767482	
NY_CAMPAIGN_FILERS	https://data.ny.gov/resource/7x2g-h32p.json?$limit=1000	PASS	json-array	1000	200	423642	
NY_CANNABIS_LICENSES	https://data.ny.gov/resource/jskf-tt3q.json?$limit=1000	PASS	json-array	1000	200	1225414	
NY_DOS_ALL_FILINGS_SEARCH	https://data.ny.gov/resource/63wc-4exh.json?$q=GOLDMAN&$limit=1000	PASS	json-array	1000	200	442642	
NY_DOS_CONSTITUENT_ENTITIES	https://data.ny.gov/resource/dnbf-xifz.json?$limit=1000	PASS	json-array	1000	200	225236	
NY_DOS_DAILY_ENTITY_FILINGS	https://data.ny.gov/resource/k4vb-judh.json?$limit=1000	PASS	json-array	1000	200	752384	
NY_DOS_ENTITY_STATUS_HISTORY	https://data.ny.gov/resource/3gg2-jgnp.json?$q=INACTIVE&$limit=1000	PASS	json-array	1000	200	127297	
NY_DOS_FILING_ADDRESSES	https://data.ny.gov/resource/2tms-hftb.json?$q=GOLDMAN&$limit=1000	PASS	json-array	1000	200	224577	
NY_DOS_FILING_STOCK	https://data.ny.gov/resource/kiwr-v7e8.json?$limit=1000	PASS	json-array	1000	200	168590	
NY_FOOD_SAFETY_RATINGS	https://data.ny.gov/resource/d6dy-3h7r.json?$limit=1000	PASS	json-array	1000	200	515488	
NY_FOOD_SERVICE_INSPECTIONS	https://health.data.ny.gov/resource/2hcc-shji.json?$q=ALBANY&$limit=1000	PASS	json-array	1000	200	1197564	
NY_LIQUOR_ACTIVE_LICENSES	https://data.ny.gov/resource/9s3h-dpkz.json?$limit=1000	PASS	json-array	1000	200	659920	
NY_LOBBYING_CLIENT_DISCLOSURES	https://data.ny.gov/resource/8bmh-tuz3.json?$limit=1000	PASS	json-array	1000	200	760332	
NY_LOBBYIST_DISCLOSURES	https://data.ny.gov/resource/djsm-9cw7.json?$limit=1000	PASS	json-array	1000	200	1427653	
NY_LOBBYIST_REGISTRATIONS	https://data.ny.gov/resource/se5j-cmbb.json?$limit=1000	PASS	json-array	1000	200	1097385	
NY_MOTOR_VEHICLE_CRASHES	https://data.ny.gov/resource/e8ky-4vqe.json?$q=ALBANY&$limit=1000	PASS	json-array	1000	200	580572	
NY_OIL_GAS_PRODUCTION	https://data.ny.gov/resource/mxea-iw3u.json?$limit=1000	PASS	json-array	1000	200	593382	
NY_OIL_GAS_WELLS	https://data.ny.gov/resource/szye-wmt3.json?$limit=1000	PASS	json-array	1000	200	1445049	
NY_RADIOACTIVE_MATERIALS_LICENSEES	https://health.data.ny.gov/resource/2kvm-29bi.json?$limit=1000	PASS	json-array	962	200	480146	
NY_REAL_ESTATE_APPRAISERS	https://data.ny.gov/resource/3nr4-s9yt.json?$limit=1000	PASS	json-array	1000	200	392089	
NY_STATE_AUTHORITY_SALARIES	https://data.ny.gov/resource/unag-2p27.json?$q=SMITH&$limit=1000	PASS	json-array	1000	200	516807	
NY_STATE_FACILITY_AIR_PERMITS	https://data.ny.gov/resource/2wgt-bc53.json?$limit=1000	PASS	json-array	644	200	336297	
NY_STATE_TITLE_SALARY	https://data.ny.gov/resource/t3vp-5tka.json?$limit=1000	PASS	json-array	1000	200	566991	
NY_TITLE_V_PERMITS	https://data.ny.gov/resource/4n3a-en4b.json?$limit=1000	PASS	json-array	297	200	162509	
OASIS_PUBLISHED_STANDARDS	https://www.oasis-open.org/standards/	PASS	html-anchors	2646	200	1644994	
OCEANOPS_AGENCIES	https://www.ocean-ops.org/api/1/data/agency	PASS	json:data	888	200	421365	
OCEANOPS_ANIBOS_ANIMAL_BORNE	https://www.ocean-ops.org/api/1/data/platform?exp=[%22networkPtfs.network.name='AniBOS'%22]&include=[%22ref%22,%22ptfDepl.lat%22,%22ptfDepl.lon%22,%22ptfStatus.name%22,%22program.country.name%22]	PASS	json:data	2578	200	350147	
OCEANOPS_ANTARCTIC_ICE_BUOYS	https://www.ocean-ops.org/api/1/data/platform?exp=[%22networkPtfs.network.name='Antarctic%20Ice%20Buoys'%22]&include=[%22ref%22,%22ptfDepl.lat%22,%22ptfDepl.lon%22,%22ptfStatus.name%22,%22program.country.name%22]	PASS	json:data	626	200	85025	
OCEANOPS_ARCTIC_ICE_BUOYS	https://www.ocean-ops.org/api/1/data/platform?exp=[%22networkPtfs.network.name='Arctic%20Ice%20Buoys'%22]&include=[%22ref%22,%22ptfDepl.lat%22,%22ptfDepl.lon%22,%22ptfStatus.name%22,%22program.country.name%22]	PASS	json:data	1388	200	184791	
OCEANOPS_ARGO_BGC	https://www.ocean-ops.org/api/1/data/platform?exp=[%22networkPtfs.network.name='Argo%20BGC'%22]&include=[%22ref%22,%22ptfDepl.lat%22,%22ptfDepl.lon%22,%22ptfStatus.name%22,%22program.country.name%22]	PASS	json:data	13	200	1659	
OCEANOPS_ARGO_FLOATS	https://www.ocean-ops.org/api/1/data/platform?exp=[%22networkPtfs.network.name='Argo'%22]&include=[%22ref%22,%22ptfDepl.lat%22,%22ptfDepl.lon%22,%22ptfStatus.name%22,%22program.country.name%22]	PASS	json:data	22346	200	2953568	
OCEANOPS_COUNTRIES	https://www.ocean-ops.org/api/1/data/country	PASS	json:data	251	200	49021	
OCEANOPS_DBCP_BUOYS	https://www.ocean-ops.org/api/1/data/platform?exp=[%22networkPtfs.network.name='DBCP'%22]&include=[%22ref%22,%22ptfDepl.lat%22,%22ptfDepl.lon%22,%22ptfStatus.name%22,%22program.country.name%22]	PASS	json:data	34866	200	4671147	
OCEANOPS_DRIFTER_ARRAY	https://www.ocean-ops.org/api/1/data/platform?exp=[%22networkPtfs.network.name='Global%20Drifter%20Array'%22]&include=[%22ref%22,%22ptfDepl.lat%22,%22ptfDepl.lon%22,%22ptfStatus.name%22,%22program.country.name%22]	PASS	json:data	29471	200	3956885	
OCEANOPS_GLOSS_TIDE_GAUGES	https://www.ocean-ops.org/api/1/data/platform?exp=[%22networkPtfs.network.name='GLOSS'%22]&include=[%22ref%22,%22ptfDepl.lat%22,%22ptfDepl.lon%22,%22ptfStatus.name%22,%22program.country.name%22]	PASS	json:data	294	200	39114	
OCEANOPS_GOSUD_UNDERWAY	https://www.ocean-ops.org/api/1/data/platform?exp=[%22networkPtfs.network.name='GOSUD'%22]&include=[%22ref%22,%22ptfDepl.lat%22,%22ptfDepl.lon%22,%22ptfStatus.name%22,%22program.country.name%22]	PASS	json:data	26	200	3274	
OCEANOPS_HF_RADAR	https://www.ocean-ops.org/api/1/data/platform?exp=[%22networkPtfs.network.name='HF%20Radar'%22]&include=[%22ref%22,%22ptfDepl.lat%22,%22ptfDepl.lon%22,%22ptfStatus.name%22,%22program.country.name%22]	PASS	json:data	410	200	57939	
OCEANOPS_NETWORKS	https://www.ocean-ops.org/api/1/data/network	PASS	json:data	327	200	68732	
OCEANOPS_OCEANGLIDERS	https://www.ocean-ops.org/api/1/data/platform?exp=[%22networkPtfs.network.name='OceanGliders'%22]&include=[%22ref%22,%22ptfDepl.lat%22,%22ptfDepl.lon%22,%22ptfStatus.name%22,%22program.country.name%22]	PASS	json:data	3965	200	532111	
OCEANOPS_OCEANSITES_MOORINGS	https://www.ocean-ops.org/api/1/data/platform?exp=[%22networkPtfs.network.name='OceanSITES'%22]&include=[%22ref%22,%22ptfDepl.lat%22,%22ptfDepl.lon%22,%22ptfStatus.name%22,%22program.country.name%22]	PASS	json:data	5792	200	775356	
OCEANOPS_PLATFORM_LOOKUP	https://www.ocean-ops.org/api/1/data/platform?exp=[%22ref='6902746'%22]	PASS	json:data	1	200	579	
OCEANOPS_PROGRAMMES	https://www.ocean-ops.org/api/1/data/program	PASS	json:data	878	200	215137	
OCEANOPS_SOT_SHIPS	https://www.ocean-ops.org/api/1/data/platform?exp=[%22networkPtfs.network.name='SOT'%22]&include=[%22ref%22,%22ptfDepl.lat%22,%22ptfDepl.lon%22,%22ptfStatus.name%22,%22program.country.name%22]	PASS	json:data	16666	200	2119107	
OCEANOPS_TROPICAL_MOORED_ARRAY	https://www.ocean-ops.org/api/1/data/platform?exp=[%22networkPtfs.network.name='Global%20Tropical%20Moored%20Buoy%20Array'%22]&include=[%22ref%22,%22ptfDepl.lat%22,%22ptfDepl.lon%22,%22ptfStatus.name%22,%22program.country.name%22]	PASS	json:data	3186	200	423696	
OCEANOPS_TSUNAMI_BUOYS	https://www.ocean-ops.org/api/1/data/platform?exp=[%22networkPtfs.network.name='Tsunami%20Buoys'%22]&include=[%22ref%22,%22ptfDepl.lat%22,%22ptfDepl.lon%22,%22ptfStatus.name%22,%22program.country.name%22]	PASS	json:data	92	200	12561	
OCEANOPS_UNMANNED_SURFACE_VEHICLES	https://www.ocean-ops.org/api/1/data/platform?exp=[%22networkPtfs.network.name='Unmanned%20Surface%20Vehicles'%22]&include=[%22ref%22,%22ptfDepl.lat%22,%22ptfDepl.lon%22,%22ptfStatus.name%22,%22program.country.name%22]	PASS	json:data	30	200	4064	
OCEANOPS_VARIABLES	https://www.ocean-ops.org/api/1/data/variable	PASS	json:data	40	200	15908	
OECD_SDMX_CLI	https://sdmx.oecd.org/public/rest/data/OECD.SDD.STES,DSD_STES@DF_CLI,/all?startPeriod=2024-01&format=jsondata	PASS	json:meta.contentLanguages	2	200	323758	
OFAC_SANCTIONED_CRYPTO_BTC	https://raw.githubusercontent.com/0xB10C/ofac-sanctioned-digital-currency-addresses/lists/sanctioned_addresses_XBT.txt	PASS	text-lines	527	200	19783	
OFAC_SANCTIONED_CRYPTO_ETH	https://raw.githubusercontent.com/0xB10C/ofac-sanctioned-digital-currency-addresses/lists/sanctioned_addresses_ETH.txt	PASS	text-lines	100	200	4300	
OFCOM_NUMBERING_S1	https://static.ofcom.org.uk/static/numbering/S1.csv	PASS	csv	5273	200	11537761	
OFCOM_NUMBERING_S1CODE	https://static.ofcom.org.uk/static/numbering/s1_code.txt	PASS	text-lines	289731	200	15870289	
OFCOM_NUMBERING_S3	https://static.ofcom.org.uk/static/numbering/S3.csv	PASS	csv	5000	200	623808	
OFCOM_NUMBERING_S5	https://static.ofcom.org.uk/static/numbering/S5.csv	PASS	csv	993	200	45518	
OFCOM_NUMBERING_S7	https://static.ofcom.org.uk/static/numbering/S7.csv	PASS	csv	4043	200	550587	
OFCOM_NUMBERING_S8	https://static.ofcom.org.uk/static/numbering/S8.csv	PASS	csv	3809	200	729195	
OFCOM_NUMBERING_S9	https://static.ofcom.org.uk/static/numbering/S9.csv	PASS	csv	2915	200	616419	
OFCOM_NUMBERING_SABC	https://static.ofcom.org.uk/static/numbering/sabc.txt	PASS	text-lines	8043	200	285990	
OHSOME_CONTRIBUTIONS_TIMESERIES	https://api.ohsome.org/v1/contributions/count?bboxes=29.0,44.0,35.0,48.0&filter=building%3D%2A&format=json&time=2024-01-01%2F2026-01-01%2FP1M	PASS	json:result	24	200	3006	
ONEBUSAWAY_PS_AGENCIES	https://api.pugetsound.onebusaway.org/api/where/agencies-with-coverage.json?key=TEST	PASS	json:data.list	12	200	4798	
ONEBUSAWAY_PS_ROUTES	https://api.pugetsound.onebusaway.org/api/where/routes-for-agency/1.json?key=TEST	PASS	json:data.list	146	200	42163	
OONI_CIRCUMVENTION_STATS	https://api.ooni.io/api/_/circumvention_stats_by_country	PASS	json:results	204	200	5989	
OONI_DOMAIN_INDEX	https://api.ooni.io/api/_/domains	PASS	json:results	29605	200	2467536	
OONI_DOMAIN_METADATA	https://api.ooni.io/api/_/domain_metadata?domain=twitter.com	PASS	json-object	1	200	57	
OONI_GLOBAL_OVERVIEW	https://api.ooni.io/api/_/global_overview	PASS	json-object	1	200	75	
OONI_IM_NETWORKS	https://api.ooni.io/api/_/im_networks?probe_cc=IR	PASS	json:facebook_messenger.ok_networks	35	200	9859	
OONI_WEBSITE_NETWORKS	https://api.ooni.io/api/_/website_networks?probe_cc=IR	PASS	json:results	38	200	1262	
OPENAERIALMAP_IMAGERY	https://api.openaerialmap.org/meta?limit=100&page=1	PASS	json:results	100	200	169862	
OPENDATA_CH_CONNECTIONS	https://transport.opendata.ch/v1/connections?from=Zurich&to=Bern&limit=16&page=0	PASS	json:connections	16	200	91717	
OPENDATA_DK_CKAN_TRANSPORT	https://portal.opendata.dk/api/3/action/package_search?rows=100&q=trafik	PASS	json:result.results	42	200	520638	
OPENFEC_COMMITTEES	https://api.open.fec.gov/v1/committees/?api_key=DEMO_KEY&per_page=100	PASS	json:results	100	200	105214	
OPENFEC_FILINGS	https://api.open.fec.gov/v1/filings/?api_key=DEMO_KEY&per_page=100	PASS	json:results	100	200	188426	
OPENVEDA_STAC_SEARCH	https://openveda.cloud/api/stac/search?limit=500	PASS	geojson	500	200	3835442	
OR_ACTIVE_NONPROFIT_CORPORATIONS	https://data.oregon.gov/resource/8kyv-b2kw.json?$limit=1000	PASS	json-array	1000	200	370340	
OR_BCD_TRADE_LICENSES	https://data.oregon.gov/resource/vhbr-cuaq.json?$limit=1000	PASS	json-array	1000	200	290322	
OR_CCB_CONTRACTOR_LICENSES	https://data.oregon.gov/resource/g77e-6bhs.json?$limit=1000	PASS	json-array	1000	200	594672	
OR_OLCC_CANNABIS_LICENSES	https://data.oregon.gov/resource/q32u-cmam.json?$limit=1000	PASS	json-array	1000	200	361138	
OR_OLCC_LIQUOR_LICENSES	https://data.oregon.gov/resource/srxe-qkm2.json?$limit=1000	PASS	json-array	1000	200	430364	
OR_PROCUREMENT_ORDERS	https://data.oregon.gov/resource/qyug-f2km.json?$limit=1000	PASS	json-array	1000	200	584347	
OR_STATE_SALARIES	https://data.oregon.gov/resource/4cmg-5yp4.json?$limit=1000	PASS	json-array	1000	200	215112	
OSMOSE_ISSUES_BBOX	https://osmose.openstreetmap.fr/api/0.3/issues?bbox=29.0,44.0,30.0,45.0&limit=500&full=true	PASS	json:issues	147	200	47656	
OSM_API_CHANGESETS_BLACKSEA	https://api.openstreetmap.org/api/0.6/changesets.json?bbox=22.0,44.0,40.5,52.5&closed=true&limit=100	PASS	json:changesets	100	200	52055	
OSM_API_NODE_PARENT_WAYS	https://api.openstreetmap.org/api/0.6/node/257037923/ways.json	PASS	json:elements	1	200	1316	
OSM_API_NOTES_OPEN_BLACKSEA	https://api.openstreetmap.org/api/0.6/notes.json?bbox=29.0,44.0,35.0,48.0&limit=100&closed=0	PASS	geojson	100	200	106267	
OSM_API_NOTE_THREAD	https://api.openstreetmap.org/api/0.6/notes/1000000.json	PASS	json:properties.comments	5	200	1941	
OSM_API_RELATION_HISTORY	https://api.openstreetmap.org/api/0.6/relation/146656/history.json	PASS	json:elements	107	200	198671	
OSM_API_USER_ACCOUNT	https://api.openstreetmap.org/api/0.6/users.json?users=10927	PASS	json:users	1	200	485	
OSM_API_WAY_HISTORY	https://api.openstreetmap.org/api/0.6/way/23733659/history.json	PASS	json:elements	15	200	10358	
OSM_WIKI_RECENTCHANGES	https://wiki.openstreetmap.org/w/api.php?action=query&list=recentchanges&rcprop=title%7Ctimestamp%7Cuser%7Ccomment%7Cids%7Csizes&rclimit=500&rcnamespace=0&format=json	PASS	json:query.recentchanges	500	200	139975	
OSV_ECOSYSTEMS	https://osv-vulnerabilities.storage.googleapis.com/ecosystems.txt	PASS	text-lines	46	200	358	
OVERPASS_BUS_STATION	https://overpass-api.de/api/interpreter?data=%5Bout%3Ajson%5D%5Btimeout%3A25%5D%3Bnwr%5B%22amenity%22%3D%22bus_station%22%5D%2851.4%2C-0.3%2C51.6%2C0.1%29%3Bout%20center%20meta%20100%3B	PASS	json:elements	34	200	30695	
OVERPASS_FERRY_TERMINAL	https://overpass-api.de/api/interpreter?data=%5Bout%3Ajson%5D%5Btimeout%3A25%5D%3Bnwr%5B%22amenity%22%3D%22ferry_terminal%22%5D%2840.9%2C28.8%2C41.2%2C29.3%29%3Bout%20center%20meta%20100%3B	PASS	json:elements	100	200	41944	
OVERPASS_MARINA	https://overpass-api.de/api/interpreter?data=%5Bout%3Ajson%5D%5Btimeout%3A25%5D%3Bnwr%5B%22leisure%22%3D%22marina%22%5D%2852.0%2C4.2%2C52.6%2C5.4%29%3Bout%20center%20meta%20100%3B	PASS	json:elements	100	200	58213	
OVERPASS_RAIL_TURNTABLE	https://overpass-api.de/api/interpreter?data=%5Bout%3Ajson%5D%5Btimeout%3A25%5D%3Bnwr%5B%22railway%22%3D%22turntable%22%5D%2850.5%2C6.5%2C52.0%2C8.5%29%3Bout%20center%20meta%20100%3B	PASS	json:elements	58	200	29121	
OVERPASS_SIGNAL_BOX	https://overpass-api.de/api/interpreter?data=%5Bout%3Ajson%5D%5Btimeout%3A25%5D%3Bnwr%5B%22railway%22%3D%22signal_box%22%5D%2851.3%2C6.8%2C51.8%2C7.6%29%3Bout%20center%20meta%20100%3B	PASS	json:elements	92	200	56955	
OVERPASS_TAXIWAY	https://overpass-api.de/api/interpreter?data=%5Bout%3Ajson%5D%5Btimeout%3A25%5D%3Bnwr%5B%22aeroway%22%3D%22taxiway%22%5D%2848.95%2C2.45%2C49.06%2C2.68%29%3Bout%20center%20meta%20100%3B	PASS	json:elements	100	200	52819	
OVERPASS_VEHICLE_INSPECTION	https://overpass-api.de/api/interpreter?data=%5Bout%3Ajson%5D%5Btimeout%3A25%5D%3Bnwr%5B%22amenity%22%3D%22vehicle_inspection%22%5D%2850.6%2C6.6%2C51.6%2C8.0%29%3Bout%20center%20meta%20100%3B	PASS	json:elements	100	200	62721	
PACKAGIST_P2_PACKAGE	https://repo.packagist.org/p2/monolog/monolog.json	PASS	json:packages.monolog/monolog	87	200	80510	
PACKAGIST_VENDOR_LIST	https://packagist.org/packages/list.json?vendor=symfony	PASS	json:packageNames	413	200	11231	
PALOALTO_PSIRT_CVE	https://security.paloaltonetworks.com/json/CVE-2024-3400	PASS	json-object	1	200	18486	
PA_CRASH_INCIDENTS	https://data.pa.gov/resource/dc5b-gebx.json?$q=PHILADELPHIA&$limit=1000	PASS	json-array	1000	200	4193660	
PA_FOOD_INSPECTIONS	https://data.pa.gov/resource/etb6-jzdg.json?$limit=1000	PASS	json-array	1000	200	490742	
PA_NEW_WELL_INSPECTIONS	https://data.pa.gov/resource/f8fx-8zip.json?$limit=1000	PASS	json-array	1000	200	859712	
PA_NON_DEPOSITORY_LICENSEES	https://data.pa.gov/resource/tyxc-jyug.json?$limit=1000	PASS	json-array	1000	200	321484	
PA_OPIOID_SEIZURES_ARRESTS	https://data.pa.gov/resource/wmgc-6qvd.json?$limit=1000	PASS	json-array	1000	200	585506	
PA_PANAMACOMPRA_RUBROS	https://apisv3.panamacompra.gob.pa/rubro	PASS	json-array	56	200	5121	
PA_PANAMACOMPRA_TIPOS	https://apisv3.panamacompra.gob.pa/procesos-tipo/publico	PASS	json:result	23	200	1820	
PA_REGISTERED_BUSINESSES	https://data.pa.gov/resource/xvd7-5r2c.json?$q=PITTSBURGH&$limit=1000	PASS	json-array	1000	200	454440	
PE_SERNANP_ANP	https://geoservicios.sernanp.gob.pe/arcgis/rest/services/servicios_ogc/peru_sernanp_0102/MapServer/0/query?where=1%3D1&outFields=*&returnGeometry=false&resultRecordCount=1000&f=json	PASS	json:features	104	200	36669	
PE_SERNANP_ZONIFICACION	https://geoservicios.sernanp.gob.pe/arcgis/rest/services/servicios_ogc/peru_sernanp_0213/MapServer/0/query?where=1%3D1&outFields=*&returnGeometry=false&resultRecordCount=1000&f=json	PASS	json:features	1000	200	345524	
PHP_RELEASES	https://www.php.net/releases/index.php?json&max=50	PASS	json:8.supported_versions	4	200	2767	
PISTAR_DCS_HOSTS	https://www.pistar.uk/downloads/DCS_Hosts.txt	PASS	text-lines	1796	200	38303	
PISTAR_DEXTRA_HOSTS	https://www.pistar.uk/downloads/DExtra_Hosts.txt	PASS	text-lines	904	200	19486	
PISTAR_DMR_HOSTS	https://www.pistar.uk/downloads/DMR_Hosts.txt	PASS	text-lines	1258	200	78130	
PISTAR_DPLUS_HOSTS	https://www.pistar.uk/downloads/DPlus_Hosts.txt	PASS	text-lines	1495	200	31574	
PISTAR_FCS_HOSTS	https://www.pistar.uk/downloads/FCS_Hosts.txt	PASS	text-lines	3001	200	101705	
PISTAR_M17_HOSTS	https://www.pistar.uk/downloads/M17_Hosts.txt	PASS	text-lines	103	200	3360	
PISTAR_NXDN_HOSTS	https://www.pistar.uk/downloads/NXDN_Hosts.txt	PASS	text-lines	292	200	8391	
PISTAR_P25_HOSTS	https://www.pistar.uk/downloads/P25_Hosts.txt	PASS	text-lines	310	200	8867	
PISTAR_XLX_HOSTS	https://www.pistar.uk/downloads/XLXHosts.txt	PASS	text-lines	896	200	21284	
PISTAR_YSF_HOSTS	https://www.pistar.uk/downloads/YSF_Hosts.txt	PASS	text-lines	1420	200	78248	
PL_EZAMOWIENIA_BZP	https://ezamowienia.gov.pl/mo-board/api/v1/Board/Search?SearchPhrase=drogi&PageSize=25	PASS	json-array	10	200	15345	
PL_KRS_FULL_EXTRACT	https://api-krs.ms.gov.pl/api/krs/OdpisPelny/0000025237?rejestr=P&format=json	PASS	json-object	1	200	535885	
PL_NFZ_AGREEMENTS	https://api.nfz.gov.pl/app-umw-api/agreements?year=2024&branch=07&format=json&limit=25&api-version=1.2	PASS	json:data.agreements	25	200	17721	
PL_NFZ_PROVIDERS	https://api.nfz.gov.pl/app-umw-api/providers?year=2024&branch=07&format=json&limit=25&api-version=1.2	PASS	json:data.entries	25	200	9277	
PL_SEJM_ELI_MONITOR_POLSKI	https://api.sejm.gov.pl/eli/acts/MP/2026	PASS	json:items	849	200	424499	
PL_SEJM_VOTINGS	https://api.sejm.gov.pl/sejm/term10/votings/1	PASS	json-array	147	200	88097	
PL_VAT_BY_REGON	https://wl-api.mf.gov.pl/api/search/regon/610188201?date=2025-01-15	PASS	json-object	1	200	9006	
PNCP_BR_AIRFORCE_CONTRACTS	https://pncp.gov.br/api/consulta/v1/contratos?dataInicial=20250601&dataFinal=20250630&pagina=1&cnpjOrgao=00394429000100	PASS	json:data	119	200	201778	
PNCP_BR_ARMY_CONTRACTS	https://pncp.gov.br/api/consulta/v1/contratos?dataInicial=20250601&dataFinal=20250630&pagina=1&cnpjOrgao=00394452000103	PASS	json:data	500	200	841360	
PNCP_BR_NAVY_CONTRACTS	https://pncp.gov.br/api/consulta/v1/contratos?dataInicial=20250601&dataFinal=20250630&pagina=1&cnpjOrgao=00394502000144	PASS	json:data	17	200	29453	
PORTWATCH_CHOKEPOINTS_DB	https://services9.arcgis.com/weJ1QsnbMYJlCHdG/arcgis/rest/services/PortWatch_chokepoints_database/FeatureServer/0/query?where=1%3D1&outFields=*&f=json&resultRecordCount=1000	PASS	json:features	28	200	22927	
PORTWATCH_CONTAINER_METRICS	https://services9.arcgis.com/weJ1QsnbMYJlCHdG/arcgis/rest/services/Container_Metrics/FeatureServer/0/query?where=1%3D1&outFields=*&f=json&resultRecordCount=1000	PASS	json:features	460	200	1838678	
PORTWATCH_COUNTRIES_DB	https://services9.arcgis.com/weJ1QsnbMYJlCHdG/arcgis/rest/services/PortWatch_countries_database/FeatureServer/0/query?where=1%3D1&outFields=*&f=json&resultRecordCount=1000	PASS	json:features	196	200	87011	
PORTWATCH_DAILY_CHOKEPOINTS	https://services9.arcgis.com/weJ1QsnbMYJlCHdG/arcgis/rest/services/Daily_Chokepoints_Data/FeatureServer/0/query?where=UPPER(portname)%20LIKE%20UPPER(%27%25Suez%25%27)&outFields=*&f=json&resultRecordCount=1000	PASS	json:features	1000	200	413203	
PORTWATCH_DAILY_PORTS	https://services9.arcgis.com/weJ1QsnbMYJlCHdG/arcgis/rest/services/Daily_Ports_Data/FeatureServer/0/query?where=UPPER(portname)%20LIKE%20UPPER(%27%25Jebel%20Ali%25%27)&outFields=*&f=json&resultRecordCount=1000	PASS	json:features	1000	200	630159	
PORTWATCH_DAILY_REGIONAL	https://services9.arcgis.com/weJ1QsnbMYJlCHdG/arcgis/rest/services/Daily_Regional_Data/FeatureServer/0/query?where=1%3D1&outFields=*&f=json&resultRecordCount=1000	PASS	json:features	1000	200	790512	
PORTWATCH_DAILY_TRADE_WLD	https://services9.arcgis.com/weJ1QsnbMYJlCHdG/arcgis/rest/services/Daily_Trade_Data_WLD/FeatureServer/0/query?where=1%3D1&outFields=*&f=json&resultRecordCount=1000	PASS	json:features	481	200	344873	
PORTWATCH_DISRUPTIONS_DB	https://services9.arcgis.com/weJ1QsnbMYJlCHdG/arcgis/rest/services/portwatch_disruptions_database/FeatureServer/0/query?where=1%3D1&outFields=*&f=json&resultRecordCount=1000	PASS	json:features	132	200	8145685	
PORTWATCH_MARITIME_LINKS	https://services9.arcgis.com/weJ1QsnbMYJlCHdG/arcgis/rest/services/Spillover_Simulator_Maritime_Connections/FeatureServer/0/query?where=1%3D1&outFields=*&f=json&resultRecordCount=1000	PASS	json:features	1000	200	682871	
PORTWATCH_MONTHLY_TRADENOW	https://services9.arcgis.com/weJ1QsnbMYJlCHdG/arcgis/rest/services/Monthly_TradeNow/FeatureServer/0/query?where=1%3D1&outFields=*&f=json&resultRecordCount=1000	PASS	json:features	1000	200	792314	
PORTWATCH_PORTSFACTS	https://services9.arcgis.com/weJ1QsnbMYJlCHdG/arcgis/rest/services/portsfacts/FeatureServer/0/query?where=1%3D1&outFields=*&f=json&resultRecordCount=1000	PASS	json:features	540	200	70672	
PORTWATCH_PORTS_DB	https://services9.arcgis.com/weJ1QsnbMYJlCHdG/arcgis/rest/services/PortWatch_ports_database/FeatureServer/0/query?where=UPPER(portname)%20LIKE%20UPPER(%27%25jeddah%25%27)&outFields=*&f=json&resultRecordCount=1000	PASS	json:fields	23	200	4320	
POTA_PARK_REGISTER	https://api.pota.app/program/parks/US	PASS	json-array	12956	200	2681223	
PR_PRSN_EARTHQUAKES	http://www.prsn.uprm.edu/Data/prsn/RSS/catalogue/eqs1week.xml	PASS	rss	6	200	3398	
PSE_CRB_ROZL	https://api.raporty.pse.pl/api/crb-rozl?$first=50	PASS	json:value	50	200	19110	
PSE_CSDAC_PLN	https://api.raporty.pse.pl/api/csdac-pln?$first=50	PASS	json:value	50	200	13269	
PSE_HIS_WLK_CAL	https://api.raporty.pse.pl/api/his-wlk-cal?$first=50	PASS	json:value	50	200	24972	
PSE_MBU_TU	https://api.raporty.pse.pl/api/mbu-tu?$first=50	PASS	json:value	50	200	17427	
PSE_PK5L_WP	https://api.raporty.pse.pl/api/pk5l-wp?$first=50	PASS	json:value	50	200	38976	
PSE_POEB_RBN	https://api.raporty.pse.pl/api/poeb-rbn?$first=50	PASS	json:value	50	200	15201	
PSE_RCE_PLN	https://api.raporty.pse.pl/api/rce-pln?$first=50	PASS	json:value	50	200	13113	
PSE_ZMB	https://api.raporty.pse.pl/api/zmb?$first=50	PASS	json:value	50	200	18213	
PY_AIP_INSTITUCIONES	https://informacionpublica.paraguay.gov.py/api/institucion/list	PASS	json:data	545	200	64217	
PY_AIP_SOLICITUDES	https://informacionpublica.paraguay.gov.py/api/dashboard/buscar?keyword=salud&page=0&pageSize=100	PASS	json:data.lista	100	200	85640	
PY_CGR_FONACIDE	https://datos-rendicion.contraloria.gov.py/portal-datos-abiertos/fonacide/rendicion/?inicio=0&cantidad=1000	PASS	json:lista	1000	200	309017	
PY_CGR_ONG_RENDICION	https://datos-rendicion.contraloria.gov.py/portal-datos-abiertos/ong/rendicion/?inicio=0&cantidad=1000	PASS	json:lista	1000	200	375174	
PY_DNCP_CLASIFICACION	https://www.contrataciones.gov.py/datos/api/v3/doc/search/classification?nombre=asfalto	PASS	json:list	10	200	8824	
PY_DNCP_OCDS_RECORD	https://www.contrataciones.gov.py/datos/api/v3/doc/ocds/record/ocds-03ad3f-483015-1	PASS	json:extensions	56	200	518415	
PY_DNCP_PARAMETROS	https://www.contrataciones.gov.py/datos/api/v3/doc/parameters/parameters	PASS	json:list	100	200	15408	
PY_DNCP_PROVEEDOR	https://www.contrataciones.gov.py/datos/api/v3/doc/suppliers/80001435-9	PASS	json:details.products	39	200	3635	
PY_MADES_ESTACIONES	https://geoserver.mades.gov.py/geoserver/ows?service=WFS&version=2.0.0&request=GetFeature&typeNames=InventarioAguas:Estaciones_meteorologicas&count=1000&outputFormat=application%2Fjson	PASS	geojson	34	200	11039	
PY_VUE_MIPYMES	https://vueapp.vue.gov.py/datos_abiertos_backend/api/mipymes?page=1&pageSize=100	PASS	json:data	100	200	152930	
PY_VUE_REGISTRO_EMPRESAS	https://vueapp.vue.gov.py/datos_abiertos_backend/api/registro?page=1&pageSize=100	PASS	json:data	100	200	147274	
QATAR_CERTIFICATES_OF_ORIGIN	https://www.data.gov.qa/api/explore/v2.1/catalog/datasets/annual-certificates-of-origin-by-type-and-importing-country-open-access-data/records?limit=100	PASS	json:results	100	200	30748	
QATAR_DISTRICT_COOLING	https://www.data.gov.qa/api/explore/v2.1/catalog/datasets/district-cooling-plants-by-economic-activity-water-source-and-quantity-used-m3/records?limit=100	PASS	json:results	100	200	37018	
QATAR_HEALTH_CENTRE_VISITS	https://www.data.gov.qa/api/explore/v2.1/catalog/datasets/number-of-visitors-to-health-centers-by-health-center/records?limit=100	PASS	json:results	100	200	23473	
QATAR_HIA_AIR_CARGO	https://www.data.gov.qa/api/explore/v2.1/catalog/datasets/cargo-and-mail-via-hamad-international-airport-by-month/records?limit=100	PASS	json:results	100	200	29664	
QATAR_HOMICIDE_SDG	https://www.data.gov.qa/api/explore/v2.1/catalog/datasets/sdg-16-1-1-number-of-victims-of-intentional-homicide-by-motive-and-gender/records?limit=100	PASS	json:results	100	200	18172	
QATAR_MME_FARMS	https://gis.mme.gov.qa/giswai/rest/services/MCIT/FARMS/MapServer/0/query?where=1%3D1&outFields=*&f=json&resultRecordCount=1000	PASS	json:features	1000	200	1477832	
QATAR_MME_IZBAH	https://gis.mme.gov.qa/giswai/rest/services/MCIT/IZBAH/MapServer/0/query?where=1%3D1&outFields=*&f=json&resultRecordCount=1000	PASS	json:features	1000	200	383910	
QATAR_MME_IZBAH_MOBILE	https://gis.mme.gov.qa/giswai/rest/services/MCIT/IzbahJawwalah2026/MapServer/0/query?where=1%3D1&outFields=*&f=json&resultRecordCount=1000	PASS	json:features	966	200	371180	
QATAR_OPENDATA_CATALOG	https://www.data.gov.qa/api/explore/v2.1/catalog/datasets?limit=100	PASS	json:results	100	200	912163	
QATAR_OPENDATA_FACETS	https://www.data.gov.qa/api/explore/v2.1/catalog/facets	PASS	json:facets	4	200	6113	
QATAR_PSA_ARCHAEOLOGY	https://services7.arcgis.com/mffQJB8rpVa5We20/arcgis/rest/services/Archeology_sites_WFL1/FeatureServer/0/query?where=1%3D1&outFields=*&f=json&resultRecordCount=1000	PASS	json:fields	19	200	6623	
QATAR_PSA_EDUCATION	https://services7.arcgis.com/mffQJB8rpVa5We20/arcgis/rest/services/Education_Facilities/FeatureServer/0/query?where=1%3D1&outFields=*&f=json&resultRecordCount=1000	PASS	json:features	762	200	374909	
QATAR_PSA_FACILITIES	https://services7.arcgis.com/mffQJB8rpVa5We20/arcgis/rest/services/Facilities_WFL1/FeatureServer/0/query?where=1%3D1&outFields=*&f=json&resultRecordCount=1000	PASS	json:features	131	200	68238	
QATAR_PSA_FOREIGN_TRADE	https://services7.arcgis.com/mffQJB8rpVa5We20/arcgis/rest/services/Foreign_Trade_2020_WFL1/FeatureServer/0/query?where=1%3D1&outFields=*&f=json&resultRecordCount=1000	PASS	json:features	251	200	8027576	
QATAR_PSA_MAJOR_ROADS	https://services7.arcgis.com/mffQJB8rpVa5We20/arcgis/rest/services/Major_Roads/FeatureServer/0/query?where=1%3D1&outFields=*&f=json&resultRecordCount=1000	PASS	json:features	1000	200	738542	
QATAR_PSA_RAIL	https://services7.arcgis.com/mffQJB8rpVa5We20/arcgis/rest/services/Qatar_Rail_CGIS_F/FeatureServer/0/query?where=1%3D1&outFields=*&f=json&resultRecordCount=1000	PASS	json:features	112	200	55760	
RANSOMWATCH_GROUPS	https://raw.githubusercontent.com/joshhighet/ransomwatch/main/groups.json	PASS	json-array	216	200	291299	
RANSOMWATCH_POSTS	https://raw.githubusercontent.com/joshhighet/ransomwatch/main/posts.json	PASS	json-array	16072	200	2287524	
RBA_MONEY_MARKET	https://www.rba.gov.au/statistics/tables/csv/f1-data.csv	PASS	text-lines	3963	200	305218	
REDHAT_CVE_BY_PACKAGE	https://access.redhat.com/hydra/rest/securitydata/cve.json?package=openssl&per_page=100	PASS	json-array	100	200	755428	
REKOR_LOG_ENTRY	https://rekor.sigstore.dev/api/v1/log/entries?logIndex=1	PASS	json-object	1	200	8114	
REKOR_LOG_STATUS	https://rekor.sigstore.dev/api/v1/log	PASS	json:inactiveShards	2	200	1151	
RENFE_CKAN_PACKAGES	https://data.renfe.com/api/3/action/package_search?rows=100&q=cercanias	PASS	json:result.results	38	200	213997	
RIKSBANK_SERIES_OBS	https://api.riksbank.se/swea/v1/Observations/SEKUSDPMI/2024-01-01/2024-03-31	PASS	json-array	63	200	2450	
RIPENCC_DELEGATED_STATS	https://ftp.ripe.net/pub/stats/ripencc/delegated-ripencc-extended-latest	PASS	text-lines	260294	200	18031582	
RIPESTAT_ASN_NEIGHBOURS_HISTORY	https://stat.ripe.net/data/asn-neighbours-history/data.json?resource=as2497	PASS	json:data.neighbours	343	200	36865	
RIPESTAT_BGP_UPDATE_ACTIVITY	https://stat.ripe.net/data/bgp-update-activity/data.json?resource=as2497	PASS	json:data.updates	28	200	2755	
RIPESTAT_COUNTRY_ASNS	https://stat.ripe.net/data/country-asns/data.json?resource=jp&lod=1	PASS	json:messages	1	200	24160	
RIPESTAT_HISTORICAL_WHOIS	https://stat.ripe.net/data/historical-whois/data.json?resource=as2497	PASS	json:messages	1	200	668	
RIPESTAT_IANA_REGISTRY_INFO	https://stat.ripe.net/data/iana-registry-info/data.json?resource=8.8.8.8	PASS	json:data.resources	1	200	875	
RIPESTAT_MAXMIND_GEO	https://stat.ripe.net/data/maxmind-geo-lite/data.json?resource=8.8.8.8	PASS	json:data.located_resources	1	200	783	
RIPESTAT_PREFIX_ROUTING_CONSISTENCY	https://stat.ripe.net/data/prefix-routing-consistency/data.json?resource=210.130.0.0/16	PASS	json:data.routes	5	200	1530	
RIPESTAT_ROUTING_HISTORY	https://stat.ripe.net/data/routing-history/data.json?resource=as2497	PASS	json:messages	1	200	5671603	
RIPE_ATLAS_ANCHOR_DETAIL	https://atlas.ripe.net/api/v2/anchors/1/	PASS	json:geometry.coordinates	2	200	637	
RIPE_ATLAS_MEASUREMENT_LATEST	https://atlas.ripe.net/api/v2/measurements/1001/latest/	PASS	json-array	13968	200	6234091	
RIPE_DELEGATED_STATS	https://ftp.ripe.net/pub/stats/ripencc/delegated-ripencc-latest	PASS	text-lines	166734	200	8252717	
RO_ANCOM_DECISIONS	https://www.ancom.ro/wp-json/wp/v2/posts?per_page=100	PASS	json-array	100	200	674692	
RO_ANM_MEDICINES	https://www.anm.ro/wp-json/wp/v2/posts?per_page=100	PASS	json-array	100	200	454940	
RO_DATAGOV_PACKAGE	https://data.gov.ro/api/3/action/package_show?id=achizitii-publice	PASS	json:result.resources	54	200	130101	
RO_TEMPO_CONTEXT	http://statistici.insse.ro:8077/tempo-ins/context/	PASS	json-array	340	200	74228	
RO_TEMPO_MATRIX	http://statistici.insse.ro:8077/tempo-ins/matrix/POP105A	PASS	json:dimensionsMap	6	200	17945	
RO_TRANSELECTRICA_SEN	https://www.transelectrica.ro/sen-filter	PASS	json-array	63	200	1017	
RS_DATAGOV_DATASET	https://data.gov.rs/api/1/datasets/6a82b22958b467ffbba83312/	PASS	json:resources	1	200	3075	
RS_EMS_NOTICES	https://www.ems.rs/wp-json/wp/v2/posts?per_page=100	PASS	json-array	100	200	2504735	
RUBYGEMS_OWNERS	https://rubygems.org/api/v1/gems/rails/owners.json	PASS	json-array	10	200	552	
RUBYGEMS_REVERSE_DEPS	https://rubygems.org/api/v1/gems/rails/reverse_dependencies.json	PASS	json-array	13509	200	228200	
RUBYGEMS_VERSIONS	https://rubygems.org/api/v1/versions/rails.json	PASS	json-array	519	200	463850	
RWS_WATER_DISCHARGE	https://waterinfo.rws.nl/api/point/latestmeasurement?parameterid=waterafvoer	PASS	geojson	66	200	42733	
SCORECARD_PROJECT	https://api.securityscorecards.dev/projects/github.com/kubernetes/kubernetes	PASS	json:checks	14	200	16731	
SI_BUSINESS_REGISTER	https://podatki.gov.si/api/3/action/datastore_search?resource_id=beb70929-3d0d-41c6-9af2-25d525d906d3&limit=100	PASS	json:result.records	100	200	73751	
SI_DISABILITY_COMPANIES	https://podatki.gov.si/api/3/action/datastore_search?resource_id=c33d8e51-dfb5-450e-9beb-bf44120ddf59&limit=100	PASS	json:result.records	71	200	88937	
SI_GURS_CADASTRAL_MUN	https://ipi.eprostor.gov.si/wfs-si-gurs-kn/wfs?service=WFS&version=2.0.0&request=GetFeature&typeNames=SI.GURS.KN:KATASTRSKE_OBCINE&count=1000&outputFormat=application/json	PASS	geojson	1000	200	14676102	
SI_GURS_HOUSE_NUMBERS	https://ipi.eprostor.gov.si/wfs-si-gurs-kn/wfs?service=WFS&version=2.0.0&request=GetFeature&typeNames=SI.GURS.KN:HISNE_STEVILKE&count=1000&outputFormat=application/json	PASS	geojson	1000	200	496241	
SI_GURS_MUNICIPALITIES	https://ipi.eprostor.gov.si/wfs-si-gurs-rpe/wfs?service=WFS&version=2.0.0&request=GetFeature&typeNames=SI.GURS.RPE:OBCINE&count=250&outputFormat=application/json	PASS	geojson	212	200	10848593	
SI_GURS_SETTLEMENTS	https://ipi.eprostor.gov.si/wfs-si-gurs-rpe/wfs?service=WFS&version=2.0.0&request=GetFeature&typeNames=SI.GURS.RPE:NASELJA&count=1000&outputFormat=application/json	PASS	geojson	1000	200	6621426	
SI_GURS_STREETS	https://ipi.eprostor.gov.si/wfs-si-gurs-rpe/wfs?service=WFS&version=2.0.0&request=GetFeature&typeNames=SI.GURS.RPE:ULICE&count=1000&outputFormat=application/json	PASS	geojson	1000	200	1045511	
SI_HEALER_LICENCES	https://podatki.gov.si/api/3/action/datastore_search?resource_id=c6408144-48f0-4e03-9d35-172a7779fece&limit=100	PASS	json:result.records	100	200	26095	
SI_PERSONAL_ASSISTANCE	https://podatki.gov.si/api/3/action/datastore_search?resource_id=fb609a9b-0183-430c-a438-ee4ca3ba973d&limit=100	PASS	json:result.fields	13	200	3573	
SI_PXWEB_TABLES	https://pxweb.stat.si/SiStatData/api/v1/en/Data/	PASS	json-array	4837	200	908863	
SI_PXWEB_TABLE_META	https://pxweb.stat.si/SiStatData/api/v1/en/Data/0300230S.px	PASS	json:variables	4	200	4659	
SK_DATACUBE_BUSINESS_DEMOGRAPHY	https://data.statistics.sk/api/v2/dataset/og1005rs/all/all/all?lang=en&type=json	PASS	json:value	2200	200	13969	
SK_DATACUBE_CRIME	https://data.statistics.sk/api/v2/dataset/sk1001rs/all/all/all?lang=en&type=json	PASS	json:value	368	200	3280	
SK_DATACUBE_ELECTRICITY	https://data.statistics.sk/api/v2/dataset/en1001ms/all/all/all?lang=en&type=json	PASS	json:value	1911	200	10512	
SK_DATACUBE_TRANSPORT	https://data.statistics.sk/api/v2/dataset/do1001rs/all/all/all/all?lang=en&type=json	PASS	json:value	702	200	5251	
SK_DATACUBE_WATER	https://data.statistics.sk/api/v2/dataset/vh1001rs/all/all/all?lang=en&type=json	PASS	json:value	6256	200	33264	
SK_NBS_FX_CSV	https://nbs.sk/export/sk/exchange-rate/2026-08-01/csv	PASS	csv	1	200	354	
SK_OKTE_DAY_AHEAD	https://isot.okte.sk/api/v1/dam/results?deliveryDayFrom=2026-08-10&deliveryDayTo=2026-08-16&productType=15	PASS	json-array	672	200	470523	
SK_REGISTERUZ_UNITS	https://www.registeruz.sk/cruz-public/api/uctovne-jednotky?zmenene-od=2024-01-01&max-zaznamov=100	PASS	json:id	100	200	326	
SK_REGISTERUZ_ZAVIERKA	https://www.registeruz.sk/cruz-public/api/uctovna-zavierka?id=6183429	PASS	json:idUctovnychVykazov	1	200	294	
SK_RPO_ENTITY_HISTORY	https://api.statistics.sk/rpo/v1/entity/937053?showHistoricalData=true	PASS	json:deposits	39	200	40689	
SK_RPVS_AUTHORISED	https://rpvs.gov.sk/opendatav2/OpravneneOsoby	PASS	json:value	20	200	5725	
SK_RPVS_OFFICIALS	https://rpvs.gov.sk/opendatav2/VerejniFunkcionari	PASS	json:value	20	200	3571	
SMHI_HYDROOBS_STATIONS	https://opendata-download-hydroobs.smhi.se/api/version/1.0/parameter/1/station.json	PASS	json:station	720	200	591287	
SMHI_METOBS_STATIONS	https://opendata-download-metobs.smhi.se/api/version/1.0/parameter/1/station.json	PASS	json:station	1000	200	782750	
SNB_STATISTICAL_CUBE	https://data.snb.ch/api/cube/rendoblim/data/json/en	PASS	json:timeseries	13	200	192460	
SODIR_FACILITY_FIXED	https://factpages.sodir.no/public?/Factpages/external/tableview/facility_fixed&rs:Format=CSV&Top100=false	PASS	csv	657	200	278102	
SODIR_FIELD_RESERVES	https://factpages.sodir.no/public?/Factpages/external/tableview/field_reserves&rs:Format=CSV&Top100=false	PASS	csv	2076	200	225259	
SODIR_WELLBORE_EXPLORATION	https://factpages.sodir.no/public?/Factpages/external/tableview/wellbore_exploration_all&rs:Format=CSV&Top100=false	PASS	csv	270	200	1729049	
SONDEHUB_LISTENER_TELEMETRY	https://api.v2.sondehub.org/listeners/telemetry?duration=1h	PASS	json-object	1	200	408023	
SONDEHUB_PREDICTIONS	https://api.v2.sondehub.org/predictions?vehicles=	PASS	json-array	202	200	487476	
SONDEHUB_SONDE_TELEMETRY	https://api.v2.sondehub.org/sondes/telemetry?duration=1h	PASS	json-object	1	200	95486	
SOTA_ASSOCIATIONS	https://api-db2.sota.org.uk/api/associations	PASS	json-array	227	200	66941	
SR_ABS_PUBLICATIONS	https://www.statistics-suriname.org/wp-json/wp/v2/media?media_type=application&per_page=100&page=1	PASS	json-array	100	200	182970	
SR_GOV_AANBESTEDINGEN	https://www.gov.sr/wp-json/wp/v2/aanbestedingen?per_page=100&page=1	PASS	json-array	100	200	982898	
SR_GOV_BEKENDMAKING	https://www.gov.sr/wp-json/wp/v2/bekendmaking?per_page=100&page=1	PASS	json-array	100	200	1092888	
STAC_EODATAHUB_UK_COLLECTIONS	https://eodatahub.org.uk/api/catalogue/stac/collections	PASS	json:collections	10	200	34518	
STAC_EODC_COLLECTIONS	https://stac.eodc.eu/api/v1/collections	PASS	json:collections	69	200	287540	
STAC_EODC_GFM_ITEMS	https://stac.eodc.eu/api/v1/collections/GFM/items?limit=100	PASS	geojson	100	200	1166228	
STAC_SWISSTOPO_SWISSALTI3D_ITEMS	https://data.geo.admin.ch/api/stac/v0.9/collections/ch.swisstopo.swissalti3d/items?limit=100	PASS	geojson	100	200	291447	
STAC_TERRABYTE_COLLECTIONS	https://stac.terrabyte.lrz.de/public/api/collections	PASS	json:collections	32	200	247043	
STAC_TERRABYTE_LANDSAT_ITEMS	https://stac.terrabyte.lrz.de/public/api/collections/landsat-ot-c2-l2/items?limit=100	PASS	geojson	100	200	2225355	
STAC_TERRABYTE_SENTINEL1_GRD_ITEMS	https://stac.terrabyte.lrz.de/public/api/collections/sentinel-1-grd/items?limit=100	PASS	geojson	100	200	697971	
STAC_TERRABYTE_SENTINEL2_ITEMS	https://stac.terrabyte.lrz.de/public/api/collections/sentinel-2-c1-l2a/items?limit=100	PASS	geojson	100	200	1656688	
SV_COMPRASAL_ADJUDICACIONES	https://www.comprasal.gob.sv/api/v1/publico/obtener/procesos/publicos?page=1&per_page=100	PASS	json:data	100	200	211687	
SV_COMPRASAL_INSTITUCIONES	https://www.comprasal.gob.sv/api/v1/publico/obtener/instituciones	PASS	json:data	567	200	39943	
SV_COMPRASAL_PROCESOS_ACTIVOS	https://www.comprasal.gob.sv/api/v1/publico/obtener/procesos/disponibles	PASS	json-array	369	200	1112469	
SWISS_WARMATERIEL_DATASETS	https://ckan.opendata.swiss/api/3/action/package_search?q=Kriegsmaterial&rows=50	PASS	json:result.results	4	200	919200	
SYKE_HYDRO_SITES	https://rajapinnat.ymparisto.fi/api/Hydrologiarajapinta/1.1/odata/Paikka?$top=50	PASS	json:value	50	200	27953	
TAGINFO_KEYS_ALL	https://taginfo.openstreetmap.org/api/4/keys/all?page=1&rp=100&sortname=count_all&sortorder=desc	PASS	json:data	100	200	29456	
TAGINFO_KEY_PROJECTS	https://taginfo.openstreetmap.org/api/4/key/projects?key=operator&page=1&rp=100	PASS	json:data	100	200	45083	
TAGINFO_KEY_SIMILAR	https://taginfo.openstreetmap.org/api/4/key/similar?key=operator&page=1&rp=100	PASS	json:data	100	200	7331	
TAGINFO_KEY_WIKI_PAGES	https://taginfo.openstreetmap.org/api/4/key/wiki_pages?key=operator	PASS	json:data	15	200	11555	
TAGINFO_RELATION_ROLES	https://taginfo.openstreetmap.org/api/4/relation/roles?rtype=multipolygon&page=1&rp=100	PASS	json:data	100	200	28688	
TAGINFO_TAGS_POPULAR	https://taginfo.openstreetmap.org/api/4/tags/popular?page=1&rp=100&sortname=count_all&sortorder=desc	PASS	json:data	100	200	27071	
TAGINFO_TAG_CHRONOLOGY	https://taginfo.openstreetmap.org/api/4/tag/chronology?key=amenity&value=refugee_site	PASS	json:data	797	200	44307	
TAGINFO_TAG_COMBINATIONS	https://taginfo.openstreetmap.org/api/4/tag/combinations?key=man_made&value=petroleum_well&page=1&rp=100&sortname=to_count&sortorder=desc	PASS	json:data	34	200	3981	
TAIPOWER_SYSTEM_LOAD	https://service.taipower.com.tw/data/opendata/apply/file/d006020/001.json	PASS	json:records	4	200	690	
TEAM_CYMRU_FULLBOGONS	https://www.team-cymru.org/Services/Bogons/fullbogons-ipv4.txt	PASS	text-lines	3021	200	47660	
TELAVIV_ANTENNAS_PLANNED	https://gisn.tel-aviv.gov.il/arcgis/rest/services/IView2/MapServer/953/query?where=1%3D1&outFields=*&f=json&resultRecordCount=1000	PASS	json:features	23	200	10857	
TELAVIV_ATMS	https://gisn.tel-aviv.gov.il/arcgis/rest/services/IView2/MapServer/690/query?where=1%3D1&outFields=*&f=json&resultRecordCount=1000	PASS	json:features	450	200	248408	
TELAVIV_BUILDING_PERMITS	https://gisn.tel-aviv.gov.il/arcgis/rest/services/IView2/MapServer/772/query?where=1%3D1&outFields=*&f=json&resultRecordCount=1000	PASS	json:features	1000	200	2669924	
TELAVIV_BUSINESSES	https://gisn.tel-aviv.gov.il/arcgis/rest/services/IView2/MapServer/925/query?where=1%3D1&outFields=*&f=json&resultRecordCount=1000	PASS	json:features	1000	200	429161	
TELAVIV_CELL_ANTENNAS	https://gisn.tel-aviv.gov.il/arcgis/rest/services/IView2/MapServer/625/query?where=1%3D1&outFields=*&f=json&resultRecordCount=1000	PASS	json:features	892	200	716748	
TELAVIV_CEMETERIES	https://gisn.tel-aviv.gov.il/arcgis/rest/services/IView2/MapServer/546/query?where=1%3D1&outFields=*&f=json&resultRecordCount=1000	PASS	json:features	18	200	7739	
TELAVIV_CONSTRUCTION_SITES	https://gisn.tel-aviv.gov.il/arcgis/rest/services/IView2/MapServer/499/query?where=1%3D1&outFields=*&f=json&resultRecordCount=1000	PASS	json:features	1000	200	2780458	
TELAVIV_DEFIBRILLATORS	https://gisn.tel-aviv.gov.il/arcgis/rest/services/IView2/MapServer/478/query?where=1%3D1&outFields=*&f=json&resultRecordCount=1000	PASS	json:features	406	200	196221	
TELAVIV_FUEL_STATIONS	https://gisn.tel-aviv.gov.il/arcgis/rest/services/IView2/MapServer/548/query?where=1%3D1&outFields=*&f=json&resultRecordCount=1000	PASS	json:features	49	200	41319	
TELAVIV_GIS_LAYER_INDEX	https://gisn.tel-aviv.gov.il/arcgis/rest/services/IView2/MapServer?f=json	PASS	json:layers	250	200	61070	
TELAVIV_MEDICAL_INSTITUTIONS	https://gisn.tel-aviv.gov.il/arcgis/rest/services/IView2/MapServer/565/query?where=1%3D1&outFields=*&f=json&resultRecordCount=1000	PASS	json:features	47	200	24425	
TELAVIV_SCHOOLS	https://gisn.tel-aviv.gov.il/arcgis/rest/services/IView2/MapServer/769/query?where=1%3D1&outFields=*&f=json&resultRecordCount=1000	PASS	json:features	216	200	276395	
TERRAFORM_MODULES	https://registry.terraform.io/v1/modules?limit=50&offset=0	PASS	json:modules	50	200	22837	
TERRAFORM_PROVIDERS	https://registry.terraform.io/v1/providers?limit=50&offset=0	PASS	json:providers	50	200	19264	
TFL_FERRY_PORTS	https://api.tfl.gov.uk/StopPoint/Type/NaptanFerryPort	PASS	json-array	497	200	540972	
TFL_JAMCAMS	https://api.tfl.gov.uk/Place/Type/JamCam	PASS	json-array	890	200	1146102	
TFL_JOURNEY_MODES	https://api.tfl.gov.uk/Journey/Meta/Modes	PASS	json-array	30	200	5176	
TFL_LIFT_DISRUPTIONS	https://api.tfl.gov.uk/Disruptions/Lifts	PASS	json-array	26	200	9659	
TFL_MODE_ARRIVALS	https://api.tfl.gov.uk/Mode/tube/Arrivals	PASS	json-array	169	200	158370	
TFL_ROAD_CORRIDORS	https://api.tfl.gov.uk/Road	PASS	json-array	24	200	9580	
TFL_STOPPOINTS_BY_MODE	https://api.tfl.gov.uk/StopPoint/Mode/dlr	PASS	json:stopPoints	274	200	1372813	
THREATFOX_CSV_RECENT	https://threatfox.abuse.ch/export/csv/recent/	PASS	text-lines	5247	200	1200526	
TLEAPI_SATELLITE_INDEX	https://tle.ivanstanojevic.me/api/tle/	PASS	json:member	20	200	6679	
TLEAPI_SATELLITE_SEARCH	https://tle.ivanstanojevic.me/api/tle/?search=cosmos	PASS	json:member	20	200	6868	
TLE_SATELLITE_ELEMENT_SETS	https://tle.ivanstanojevic.me/api/tle?page-size=100	PASS	json:member	100	200	31499	
TPEX_AUDIT_COMMITTEE	https://www.tpex.org.tw/openapi/v1/mopsfin_t187ap31_O	PASS	json-array	861	200	183753	
TPEX_BOARD_ELECTION	https://www.tpex.org.tw/openapi/v1/mopsfin_t187ap34_O	PASS	json-array	3134	200	1898167	
TPEX_BOARD_SHORTFALL	https://www.tpex.org.tw/openapi/v1/mopsfin_t187ap08_O	PASS	json-array	15	200	10823	
TPEX_BOND_CONVERT	https://www.tpex.org.tw/openapi/v1/bond_ISSBD5_data	PASS	json-array	419	200	449647	
TPEX_BOND_GOVT	https://www.tpex.org.tw/openapi/v1/bond_ISSBD1_data	PASS	json-array	197	200	199000	
TPEX_BROKER_STAFF	https://www.tpex.org.tw/openapi/v1/mopsfin_t187ap01	PASS	json-array	4	200	3094	
TPEX_CHAIRMAN_IS_GM	https://www.tpex.org.tw/openapi/v1/mopsfin_t187ap33_O	PASS	json-array	890	200	153866	
TPEX_CONTROL_CHANGE	https://www.tpex.org.tw/openapi/v1/mopsfin_t187ap24_O	PASS	json-array	22	200	9979	
TPEX_DIRECTOR_HOLDINGS	https://www.tpex.org.tw/openapi/v1/mopsfin_t187ap11_O	PASS	json-array	17517	200	6597882	
TPEX_DIRECTOR_PAY	https://www.tpex.org.tw/openapi/v1/mopsfin_t187ap29_A_O	PASS	json-array	851	200	1022062	
TPEX_DISCLOSURE_BREACH	https://www.tpex.org.tw/openapi/v1/mopsfin_t187ap23_O	PASS	json-array	17	200	10355	
TPEX_ESB_DEALERS	https://www.tpex.org.tw/openapi/v1/tpex_esb_recommended_dealer	PASS	json-array	1115	200	371995	
TPEX_ESG_COMMITTEES	https://www.tpex.org.tw/openapi/v1/t187ap46_O_9	PASS	json-array	885	200	248526	
TPEX_FOREIGN_OWNERSHIP	https://www.tpex.org.tw/openapi/v1/tpex_3insti_qfii	PASS	json-array	891	200	307899	
TPEX_FSC_PENALTIES	https://www.tpex.org.tw/openapi/v1/mopsfin_t187ap22_O	PASS	json-array	19	200	7534	
TPEX_GISA_COMPANIES	https://www.tpex.org.tw/openapi/v1/tpex_gisa_company	PASS	json-array	137	200	14019	
TPEX_GISA_FINANCING	https://www.tpex.org.tw/openapi/v1/tpex_gisa_financing_history	PASS	json-array	3	200	2562	
TPEX_INSIDER_TRANSFER	https://www.tpex.org.tw/openapi/v1/mopsfin_t187ap12_O	PASS	json-array	3	200	2039	
TPEX_INTL_BONDS	https://www.tpex.org.tw/openapi/v1/tpex_international_bond_issue_investor	PASS	json-array	7	200	4749	
TPEX_LISTED_BASIC_R	https://www.tpex.org.tw/openapi/v1/mopsfin_t187ap03_R	PASS	json-array	361	200	435783	
TPEX_LISTING_APPLICANTS	https://www.tpex.org.tw/openapi/v1/tpex_esb_applicant_companies	PASS	json-array	810	200	273998	
TPEX_MAJOR_HOLDERS	https://www.tpex.org.tw/openapi/v1/mopsfin_t187ap02_O	PASS	json-array	1003	200	122880	
TPEX_MARGIN_UTILISATION	https://www.tpex.org.tw/openapi/v1/tpex_margin_trading_margin_used	PASS	json-array	20	200	2165	
TPEX_PLEDGE_RATIO	https://www.tpex.org.tw/openapi/v1/mopsfin_t187ap09_O	PASS	json-array	9	200	25185	
TPEX_SCOPE_CHANGE	https://www.tpex.org.tw/openapi/v1/mopsfin_t187ap25_O	PASS	json-array	10	200	4025	
TPEX_SHAREHOLDER_PROPOSALS	https://www.tpex.org.tw/openapi/v1/mopsfin_t187ap35_O	PASS	json-array	893	200	296830	
TPEX_TRADING_WARNINGS	https://www.tpex.org.tw/openapi/v1/tpex_trading_warning_information	PASS	json-array	30	200	8983	
TPEX_WARRANT_ISSUE	https://www.tpex.org.tw/openapi/v1/tpex_warrant_issue	PASS	json-array	9573	200	4017472	
TRAFICOM_AMATEUR_CALLSIGN	https://opendata.traficom.fi/api/v1/RadioamatoorienKutsumerkit?$top=1000	PASS	json:value	1000	200	52735	
TRAFICOM_FREQ_TABLE	https://opendata.traficom.fi/api/v1/Taajuusjakotaulukko?$top=1000	PASS	json:value	1000	200	728452	
TRAFICOM_MMSI_REGISTER	https://opendata.traficom.fi/api/v1/Meriradionumerot?$top=1000	PASS	json:value	1000	200	80111	
TRAFICOM_RADIO_TX	https://opendata.traficom.fi/api/v1/Radioasematiedot?$top=1000	PASS	json:value	1000	200	2811800	
TRAFICOM_TV_TX	https://opendata.traficom.fi/api/v1/TVAsematiedot?$top=1000	PASS	json:value	1000	200	2806010	
TRONSCAN_ACCOUNT	https://apilist.tronscanapi.com/api/account?address=TR7NHqjeKQxGTCi8q8ZY4pL8otSzgjLj6t	PASS	json:tokens	575	200	483090	
TRONSCAN_TOP_ACCOUNTS	https://apilist.tronscanapi.com/api/account/list?limit=25&start=0	PASS	json:data	25	200	11320	
TR_TCMB_FX_XML	https://www.tcmb.gov.tr/kurlar/today.xml	PASS	xml:Currency	22	200	9097	
TT_CENTRAL_BANK_FOREX	https://www.central-bank.org.tt/wp-json/rates/v1/forex-rate/2020-2024	PASS	json:cbttdailyforexrates	1827	200	665142	
TT_CENTRAL_BANK_INTEREST	https://www.central-bank.org.tt/wp-json/rates/v1/interest-rate	PASS	json-object	1	200	56	
TWSE_ALTERED_TRADING	https://openapi.twse.com.tw/v1/exchangeReport/TWT85U	PASS	json-array	10	200	681	
TWSE_BROKER_LICENCE	https://openapi.twse.com.tw/v1/brokerService/secRegData	PASS	json-array	21	200	2794	
TWSE_DIVIDENDS	https://openapi.twse.com.tw/v1/opendata/t187ap45_L	PASS	json-array	1224	200	2455142	
TWSE_ESG_CONTROL	https://openapi.twse.com.tw/v1/opendata/t187ap46_L_18	PASS	json-array	1079	200	231227	
TWSE_ESG_INFOSEC	https://openapi.twse.com.tw/v1/opendata/t187ap46_L_16	PASS	json-array	833	200	198567	
TWSE_ESG_RISKPOLICY	https://openapi.twse.com.tw/v1/opendata/t187ap46_L_19	PASS	json-array	823	200	583315	
TWSE_ETF_ACCOUNTS	https://openapi.twse.com.tw/v1/ETFReport/ETFRank	PASS	json-array	20	200	4079	
TWSE_FUND_MASTER	https://openapi.twse.com.tw/v1/opendata/t187ap47_L	PASS	json-array	268	200	337535	
TWSE_MARGIN_BALANCE	https://openapi.twse.com.tw/v1/exchangeReport/MI_MARGN	PASS	json-array	1295	200	466164	
TWSE_PUBCO_BALANCE	https://openapi.twse.com.tw/v1/opendata/t187ap07_X_ci	PASS	json-array	212	200	180303	
TWSE_PUBCO_REVENUE	https://openapi.twse.com.tw/v1/opendata/t187ap05_P	PASS	json-array	296	200	157788	
TWSE_QFII_TOP20	https://openapi.twse.com.tw/v1/fund/MI_QFIIS_sort_20	PASS	json-array	20	200	4063	
TWSE_TRADING_HALTS	https://openapi.twse.com.tw/v1/exchangeReport/TWTAWU	PASS	json-array	1	200	170	
TX_DIR_COOP_CONTRACT_CUSTOMERS	https://data.texas.gov/resource/4v6c-qfkr.json?$limit=1000	PASS	json-array	362	200	142831	
TX_HOTEL_TAX_PERMITS	https://data.texas.gov/resource/hdzd-884n.json?$limit=1000	PASS	json-array	1000	200	313162	
TX_INSURANCE_COMPLAINTS	https://data.texas.gov/resource/ubdr-4uff.json?$limit=1000	PASS	json-array	1000	200	589743	
TX_MIXED_BEVERAGE_PERMITS	https://data.texas.gov/resource/8f4g-cpk9.json?$limit=1000	PASS	json-array	1000	200	419525	
TX_PUC_INFORMAL_COMPLAINTS	https://data.texas.gov/resource/cxnx-7tf4.json?$limit=1000	PASS	json-array	1000	200	506171	
TX_REAL_ESTATE_LICENSEES	https://data.texas.gov/resource/s7ft-44qi.json?$limit=1000	PASS	json-array	1000	200	566554	
TX_RRC_PIPELINES	https://gis.rrc.texas.gov/server/rest/services/rrc_public/RRC_Public_Viewer_Srvs/MapServer/13/query?where=1%3D1&outFields=*&returnGeometry=false&f=json&resultRecordCount=1000	PASS	json:features	1000	200	480223	
TX_RRC_UIC_WELLS	https://data.texas.gov/resource/givw-z9t4.json?$q=MIDLAND&$limit=1000	PASS	json-array	481	200	291136	
TX_RRC_WELLBORE_PLUGGING	https://data.texas.gov/resource/wfzn-9fje.json?$limit=1000	PASS	json-array	1000	200	217143	
TX_RRC_WELL_BOTTOM_LOCATIONS	https://data.texas.gov/resource/uumf-5r4y.json?$limit=1000	PASS	json-array	1000	200	125737	
TX_RRC_WELL_LOCATIONS	https://gis.rrc.texas.gov/server/rest/services/rrc_public/RRC_Public_Viewer_Srvs/MapServer/1/query?where=1%3D1&outFields=*&returnGeometry=false&f=json&resultRecordCount=1000	PASS	json:features	1000	200	327947	
TX_SALES_TAX_LOCATIONS	https://data.texas.gov/resource/3kx8-uryv.json?$q=AUSTIN&$limit=1000	PASS	json-array	1000	200	792594	
TX_SALES_TAX_PERMIT_HOLDERS	https://data.texas.gov/resource/jrea-zgmq.json?$q=HOUSTON&$limit=1000	PASS	json-array	1000	200	636054	
TX_TABC_LICENSES	https://data.texas.gov/resource/7hf9-qc9f.json?$limit=1000	PASS	json-array	1000	200	864684	
TX_TCEQ_COMPLAINTS	https://data.texas.gov/resource/tdzs-qqjn.json?$limit=1000	PASS	json-array	1000	200	874339	
TX_TCEQ_NOTICES_OF_ENFORCEMENT	https://data.texas.gov/resource/rua3-iswk.json?$limit=1000	PASS	json-array	1000	200	645318	
TX_TCEQ_VIOLATION_CITATIONS	https://data.texas.gov/resource/gyd4-wuys.json?$limit=1000	PASS	json-array	1000	200	726273	
TX_TDLR_ALL_LICENSES	https://data.texas.gov/resource/7358-krk7.json?$q=HOUSTON&$limit=1000	PASS	json-array	1000	200	564788	
TZ_COSTECH_REPOSITORY	https://repository.costech.or.tz/server/api/discover/search/objects?query=tanzania&size=10	PASS	json:_embedded.facets	5	200	76798	
TZ_PPRA_NEST_OCDS_RELEASES	https://nest.go.tz/gateway/nest-data-portal-api/api/releases	PASS	json:releases	50	200	33500	
UA_ADDRESS_REGISTER	https://data.gov.ua/api/3/action/datastore_search?resource_id=0d9f131a-389f-407d-8f49-cee60838af22&limit=100	PASS	json:result.records	100	200	35484	
UA_DATAGOV_BULK	https://data.gov.ua/api/3/action/current_package_list_with_resources?limit=100	PASS	json:result	100	200	9729987	
UA_DREAM_COMPANY	https://public-api.dream.gov.ua/marketplace/public/companies/UA-EDR-05408846	PASS	json:data.partners	14	200	18580	
UA_DREAM_PROJECTS	https://public-api.dream.gov.ua/marketplace/public/dream/ideas?from=2023-09-08T09:37:53.882914Z&order=asc	PASS	json:data	1000	200	137010	
UA_DREAM_PROJECT_DETAIL	https://public-api.dream.gov.ua/marketplace/public/dream/ideas/29x2er4k-8693-4r06-axn3-colyq2r4jjx5	PASS	json:cdu_response.criteria	50	200	106207	
UA_NBU_BANK_INDICATORS	https://bank.gov.ua/NBUStatService/v1/statdirectory/basindbank?json&period=m&date=202506	PASS	json-array	83	200	28043	
UA_NBU_DEPOSITS	https://bank.gov.ua/NBUStatService/v1/statdirectory/deposit?json&period=m&date=202506	PASS	json-array	42964	200	15145025	
UA_NBU_EXCHANGE_SITE	https://bank.gov.ua/NBU_Exchange/exchange_site?start=20240101&end=20240102&valcode=usd&sort=exchangedate&order=desc&json	PASS	json-array	2	200	417	
UA_NBU_EXTERNAL_DEBT	https://bank.gov.ua/NBUStatService/v1/statdirectory/grossextdebt?json&period=q&date=20250101	PASS	json-array	189	200	58400	
UA_NBU_LOANS	https://bank.gov.ua/NBUStatService/v1/statdirectory/loan?json&period=m&date=202506	PASS	json-array	43898	200	16581799	
UA_NBU_RESERVES	https://bank.gov.ua/NBUStatService/v1/statdirectory/res?json&period=m&date=202506	PASS	json-array	6	200	1254	
UA_NBU_STAT_DIRECTORY	https://bank.gov.ua/NBUStatService/v1/statdirectory?json	PASS	json-array	44	200	7515	
UA_OPENPROCUREMENT_AGREEMENTS	https://public.api.openprocurement.org/api/2.5/agreements?limit=100	PASS	json:data	100	200	9921	
UA_OPENPROCUREMENT_CONTRACTS	https://public.api.openprocurement.org/api/2.5/contracts?limit=100	PASS	json:data	100	200	9928	
UA_OPENPROCUREMENT_PLANS	https://public.api.openprocurement.org/api/2.5/plans?limit=100	PASS	json:data	100	200	9920	
UA_OPENPROCUREMENT_TENDERS	https://public.api.openprocurement.org/api/2.5/tenders?limit=100	PASS	json:data	100	200	9924	
UA_PROZORRO_MONITORINGS	https://audit-api.prozorro.gov.ua/api/2.5/monitorings?limit=100	PASS	json:data	100	200	9820	
UA_PROZORRO_QUALIFICATIONS	https://public-api.prozorro.gov.ua/api/2.5/qualifications?limit=100	PASS	json:data	100	200	9934	
UA_PROZORRO_SUBMISSIONS	https://public-api.prozorro.gov.ua/api/2.5/submissions?limit=100	PASS	json:data	100	200	9928	
UA_PROZORRO_TENDER_DETAIL	https://public-api.prozorro.gov.ua/api/2.5/tenders/d9116ce196ce4cfea5d32707db82035b	PASS	json:data.questions	1	200	25992	
UA_SPENDING_ACTS	https://api.spending.gov.ua/api/v2/disposers/acts?disposerId=00037256	PASS	json:documents	1000	200	947280	
UA_SPENDING_CPV	https://api.spending.gov.ua/api/v2/dictionaries/procurement	PASS	json-array	9458	200	899459	
UA_SPENDING_KVED	https://api.spending.gov.ua/api/v2/dictionaries/kved	PASS	json-array	615	200	100228	
UA_SPENDING_LIABILITIES	https://api.spending.gov.ua/api/v2/liabilities/fu?payer_edrpou=00037256&startdater=2024-01-01&enddater=2024-01-31	PASS	json-array	44	200	40130	
UBUNTU_CVE_BY_PACKAGE	https://ubuntu.com/security/cves.json?package=openssl&limit=20	PASS	json:cves	20	200	272590	
UBUNTU_CVE_DETAIL	https://ubuntu.com/security/cves/CVE-2021-3711.json	PASS	json:packages	4	200	15213	
UBUNTU_USN_BY_CVE	https://ubuntu.com/security/notices.json?cve_id=CVE-2021-3711	PASS	json:notices	1	200	4898	
UG_MAKERERE_REPOSITORY	https://makir.mak.ac.ug/server/api/discover/search/objects?query=kampala&size=50	PASS	json:_embedded.facets	5	200	318936	
UKHSA_CDIFFICILE_ENGLAND	https://api.ukhsa-dashboard.data.gov.uk/themes/infectious_disease/sub_themes/gastrointestinal/topics/C-difficile/geography_types/Nation/geographies/England/metrics/c-difficile_cases_countsByOnsetType?page_size=365	PASS	json:results	126	200	50997	
UKHSA_COVID_ADMISSIONS_ENGLAND	https://api.ukhsa-dashboard.data.gov.uk/themes/infectious_disease/sub_themes/respiratory/topics/COVID-19/geography_types/Nation/geographies/England/metrics/COVID-19_healthcare_admissionByDay?page_size=365	PASS	json:results	365	200	139397	
UKHSA_COVID_CASES_ENGLAND	https://api.ukhsa-dashboard.data.gov.uk/themes/infectious_disease/sub_themes/respiratory/topics/COVID-19/geography_types/Nation/geographies/England/metrics/COVID-19_cases_casesByDay?page_size=365	PASS	json:results	365	200	134538	
UKHSA_COVID_DEATHS_ENGLAND	https://api.ukhsa-dashboard.data.gov.uk/themes/infectious_disease/sub_themes/respiratory/topics/COVID-19/geography_types/Nation/geographies/England/metrics/COVID-19_deaths_ONSByDay?page_size=365	PASS	json:results	365	200	134058	
UKHSA_COVID_LINEAGE_ENGLAND	https://api.ukhsa-dashboard.data.gov.uk/themes/infectious_disease/sub_themes/respiratory/topics/COVID-19/geography_types/Nation/geographies/England/metrics/COVID-19_cases_lineagePercentByWeek?page_size=365	PASS	json:results	365	200	138015	
UKHSA_COVID_OCCUPIED_BEDS_ENGLAND	https://api.ukhsa-dashboard.data.gov.uk/themes/infectious_disease/sub_themes/respiratory/topics/COVID-19/geography_types/Nation/geographies/England/metrics/COVID-19_healthcare_occupiedBedsByDay?page_size=365	PASS	json:results	365	200	140853	
UKHSA_COVID_POSITIVITY_ENGLAND	https://api.ukhsa-dashboard.data.gov.uk/themes/infectious_disease/sub_themes/respiratory/topics/COVID-19/geography_types/Nation/geographies/England/metrics/COVID-19_testing_positivity7DayRolling?page_size=365	PASS	json:results	365	200	139424	
UKHSA_COVID_VACCINE_UPTAKE_ENGLAND	https://api.ukhsa-dashboard.data.gov.uk/themes/infectious_disease/sub_themes/respiratory/topics/COVID-19/geography_types/Nation/geographies/England/metrics/COVID-19_vaccinations_autumn24_uptakeByDay?page_size=365	PASS	json:results	365	200	142840	
UKHSA_DASHBOARD_ID_SUBTHEMES	https://api.ukhsa-dashboard.data.gov.uk/themes/infectious_disease/sub_themes	PASS	json-array	10	200	1323	
UKHSA_DASHBOARD_RESP_TOPICS	https://api.ukhsa-dashboard.data.gov.uk/themes/infectious_disease/sub_themes/respiratory/topics	PASS	json-array	13	200	1927	
UKHSA_DASHBOARD_THEMES	https://api.ukhsa-dashboard.data.gov.uk/themes	PASS	json-array	4	200	401	
UKHSA_ECOLI_RESISTANCE_ENGLAND	https://api.ukhsa-dashboard.data.gov.uk/themes/infectious_disease/sub_themes/antimicrobial_resistance/topics/E-coli/geography_types/Nation/geographies/England/metrics/e-coli_testing_bacteraemiaPercentResistantRollingMonth?page_size=365	PASS	json:results	365	200	152742	
UKHSA_HEPATITIS_C_ENGLAND	https://api.ukhsa-dashboard.data.gov.uk/themes/infectious_disease/sub_themes/bloodborne/topics/Hepatitis-C/geography_types/Nation/geographies/England/metrics/hepatitis-c_cases_prevalenceByYearEstimate?page_size=100	PASS	json:results	14	200	5490	
UKHSA_INFLUENZA_HOSP_ENGLAND	https://api.ukhsa-dashboard.data.gov.uk/themes/infectious_disease/sub_themes/respiratory/topics/Influenza/geography_types/Nation/geographies/England/metrics/influenza_healthcare_hospitalAdmissionRateByWeek?page_size=365	PASS	json:results	365	200	144509	
UKHSA_INFLUENZA_ICU_ENGLAND	https://api.ukhsa-dashboard.data.gov.uk/themes/infectious_disease/sub_themes/respiratory/topics/Influenza/geography_types/Nation/geographies/England/metrics/influenza_healthcare_ICUHDUadmissionRateByWeek?page_size=365	PASS	json:results	365	200	143740	
UKHSA_INFLUENZA_POSITIVITY_ENGLAND	https://api.ukhsa-dashboard.data.gov.uk/themes/infectious_disease/sub_themes/respiratory/topics/Influenza/geography_types/Nation/geographies/England/metrics/influenza_testing_positivityByWeek?page_size=365	PASS	json:results	365	200	138835	
UKHSA_INFLUENZA_SURVEY_ILI_ENGLAND	https://api.ukhsa-dashboard.data.gov.uk/themes/infectious_disease/sub_themes/respiratory/topics/Influenza/geography_types/Nation/geographies/England/metrics/influenza_cases_surveyILIRateByWeek?page_size=365	PASS	json:results	22	200	8368	
UKHSA_MEASLES_CASES_ENGLAND	https://api.ukhsa-dashboard.data.gov.uk/themes/infectious_disease/sub_themes/vaccine_preventable/topics/Measles/geography_types/Nation/geographies/England/metrics/measles_cases_casesByOnsetWeek?page_size=365	PASS	json:results	365	200	138568	
UKHSA_MMR1_COVERAGE_ENGLAND	https://api.ukhsa-dashboard.data.gov.uk/themes/immunisation/sub_themes/childhood-vaccines/topics/MMR1/geography_types/Nation/geographies/England/metrics/MMR1_coverage_coverageByYear?page_size=100	PASS	json:results	32	200	11742	
UKHSA_RSV_ADMISSIONS_ENGLAND	https://api.ukhsa-dashboard.data.gov.uk/themes/infectious_disease/sub_themes/respiratory/topics/RSV/geography_types/Nation/geographies/England/metrics/RSV_healthcare_admissionRateByWeek?page_size=365	PASS	json:results	365	200	137372	
UKTT_CHAPTERS	https://www.trade-tariff.service.gov.uk/api/v2/chapters	PASS	json:data	98	200	20944	
UKTT_COMMODITY	https://www.trade-tariff.service.gov.uk/api/v2/commodities/0101210000	PASS	json:included	603	200	268847	
UKTT_GEOGRAPHICAL_AREAS	https://www.trade-tariff.service.gov.uk/api/v2/geographical_areas	PASS	json:data	366	200	379813	
UKTT_HEADING	https://www.trade-tariff.service.gov.uk/api/v2/headings/0101	PASS	json:included	28	200	12897	
UKTT_QUOTA_SEARCH	https://www.trade-tariff.service.gov.uk/api/v2/quotas/search?year=2024	PASS	json:included	308	200	86225	
UKTT_SECTIONS	https://www.trade-tariff.service.gov.uk/api/v2/sections	PASS	json:data	21	200	4898	
UK_EC_DONATIONS	https://search.electoralcommission.org.uk/api/search/Donations?rows=100&et=pp&sort=AcceptedDate&order=desc&start=0	PASS	json:Result	50	200	95240	
UK_FSA_FHRS_ESTABLISHMENTS	https://ratings.food.gov.uk/OpenDataFiles/FHRS501en-GB.json	PASS	json:FHRSEstablishment.EstablishmentCollection	1459	200	935055	
UK_FSA_FOOD_ALERTS	https://data.food.gov.uk/food-alerts/id?_limit=100&_sort=-created	PASS	json:items	100	200	171939	
UK_GAZETTE_ALL_NOTICES	https://www.thegazette.co.uk/all-notices/notice/data.json?results-page-size=100	PASS	json:entry	100	200	200531	
UK_GAZETTE_BELFAST	https://www.thegazette.co.uk/all-notices/notice/data.json?edition=belfast&results-page-size=100	PASS	json:entry	100	200	195078	
UK_GAZETTE_CORPORATE_INSOLVENCY	https://www.thegazette.co.uk/all-notices/notice/data.json?noticetypes=2450&results-page-size=100	PASS	json:entry	100	200	204954	
UK_GAZETTE_EDINBURGH	https://www.thegazette.co.uk/all-notices/notice/data.json?edition=edinburgh&results-page-size=100	PASS	json:entry	100	200	207738	
UK_GAZETTE_WILLS_PROBATE	https://www.thegazette.co.uk/wills-and-probate/notice/data.json?results-page-size=100	PASS	json:entry	100	200	199780	
UK_GOVUK_ASYLUM_SUPPORT_DECISIONS	https://www.gov.uk/api/search.json?filter_format=asylum_support_decision&count=100	PASS	json:results	100	200	619868	
UK_GOVUK_AWE_PUBS	https://www.gov.uk/api/search.json?filter_organisations=atomic-weapons-establishment&count=50	PASS	json:results	11	200	57094	
UK_GOVUK_DASA_PUBS	https://www.gov.uk/api/search.json?filter_organisations=defence-and-security-accelerator&count=50	PASS	json:results	50	200	199907	
UK_GOVUK_DES_PUBS	https://www.gov.uk/api/search.json?filter_organisations=defence-equipment-and-support&count=50	PASS	json:results	50	200	316084	
UK_GOVUK_DIO_PUBS	https://www.gov.uk/api/search.json?filter_organisations=defence-infrastructure-organisation&count=50	PASS	json:results	50	200	269828	
UK_GOVUK_DNO_PUBS	https://www.gov.uk/api/search.json?filter_organisations=defence-nuclear-organisation&count=50	PASS	json:results	29	200	197677	
UK_GOVUK_DSA_PUBS	https://www.gov.uk/api/search.json?filter_organisations=defence-safety-authority&count=50	PASS	json:results	50	200	333144	
UK_GOVUK_DSTL_PUBS	https://www.gov.uk/api/search.json?filter_organisations=defence-science-and-technology-laboratory&count=50	PASS	json:results	50	200	191447	
UK_GOVUK_EAT_DECISIONS	https://www.gov.uk/api/search.json?filter_format=employment_appeal_tribunal_decision&count=100	PASS	json:results	100	200	618560	
UK_GOVUK_ECJU_PUBS	https://www.gov.uk/api/search.json?filter_organisations=export-control-joint-unit&count=50	PASS	json:results	50	200	316477	
UK_GOVUK_INTERNATIONAL_TREATIES	https://www.gov.uk/api/search.json?filter_content_store_document_type=international_treaty&count=100	PASS	json:results	100	200	256276	
UK_GOVUK_MOD_PUBS	https://www.gov.uk/api/search.json?filter_organisations=ministry-of-defence&count=50	PASS	json:results	50	200	333959	
UK_GOVUK_ONR_PUBS	https://www.gov.uk/api/search.json?filter_organisations=office-for-nuclear-regulation&count=50	PASS	json:results	50	200	256755	
UK_GOVUK_RESIDENTIAL_PROPERTY_TRIBUNAL	https://www.gov.uk/api/search.json?filter_format=residential_property_tribunal_decision&count=100	PASS	json:results	100	200	637059	
UK_GOVUK_SDA_PUBS	https://www.gov.uk/api/search.json?filter_organisations=submarine-delivery-agency&count=50	PASS	json:results	49	200	290441	
UK_GOVUK_SSRO_PUBS	https://www.gov.uk/api/search.json?filter_organisations=single-source-regulations-office&count=50	PASS	json:results	50	200	112532	
UK_GOVUK_UKHO_PUBS	https://www.gov.uk/api/search.json?filter_organisations=uk-hydrographic-office&count=50	PASS	json:results	50	200	126854	
UK_LANDREG_PPI_ADDRESS	https://landregistry.data.gov.uk/data/ppi/address.json?_pageSize=100	PASS	json:result.items	100	200	36207	
UK_LAND_REGISTRY_PPI	https://landregistry.data.gov.uk/data/ppi/transaction-record.json?_pageSize=100	PASS	json:result.items	100	200	211113	
UK_LAND_REGISTRY_TRANSACTION_COUNT	https://landregistry.data.gov.uk/data/ukhpi/region/united-kingdom/month/2024-01.json	PASS	json:result.type	2	200	2407	
UK_NHSBSA_OPENDATA_PACKAGES	https://opendata.nhsbsa.net/api/3/action/package_search?rows=100	PASS	json:result.results	100	200	14838111	
UK_NHSBSA_PRESCRIBING_EPD	https://opendata.nhsbsa.net/api/3/action/datastore_search?resource_id=EPD_202301&limit=100	PASS	json:result.records	100	200	75817	
UK_NHS_SCOTLAND_OPENDATA_PACKAGES	https://www.opendata.nhs.scot/api/3/action/package_search?rows=100	PASS	json:result.results	100	200	1867975	
UK_OFSI_CONSOLIDATED_XML	https://ofsistorage.blob.core.windows.net/publishlive/2022format/ConList.xml	PASS	xml:FinancialSanctionsTarget	19761	200	54098673	
UNCOMTRADE_ARMS_AMMO_EXP	https://comtradeapi.un.org/public/v1/preview/C/A/HS?reporterCode=276&period=2022&cmdCode=93&flowCode=X	PASS	json:data	500	200	445982	
UNCOMTRADE_ARMS_AMMO_IMP	https://comtradeapi.un.org/public/v1/preview/C/A/HS?reporterCode=276&period=2022&cmdCode=93&flowCode=M	PASS	json:data	500	200	444936	
UNESCO_UIS_VERSIONS	https://api.uis.unesco.org/api/public/versions	PASS	json-array	15	200	8246	
UNHCR_ASYLUM_APPLICATIONS	https://api.unhcr.org/population/v1/asylum-applications/?limit=100&yearFrom=2023&coo=SYR	PASS	json:items	100	200	21749	
UNHCR_COUNTRY_LIST	https://api.unhcr.org/population/v1/countries/	PASS	json:items	232	200	76640	
UNHCR_DEMOGRAPHICS	https://api.unhcr.org/population/v1/demographics/?limit=100&yearFrom=2023	PASS	json:items	25	200	9396	
UNHCR_IDMC_DISPLACEMENT	https://api.unhcr.org/population/v1/idmc/?limit=100&yearFrom=2023	PASS	json:items	36	200	4925	
UNHCR_POPULATION_FOOTNOTES	https://api.unhcr.org/population/v1/footnotes/	PASS	json:items	100	200	47731	
UNHCR_POPULATION_TOTALS	https://api.unhcr.org/population/v1/population/?limit=100&yearFrom=2023	PASS	json:items	75	200	20352	
UNHCR_SOLUTIONS	https://api.unhcr.org/population/v1/solutions/?limit=100&yearFrom=2023	PASS	json:items	67	200	14221	
UNLOCODE_CODELIST_MIRROR	https://raw.githubusercontent.com/datasets/un-locode/main/data/code-list.csv	PASS	csv	3153	200	7287475	
URLHAUS_TEXT_ONLINE	https://urlhaus.abuse.ch/downloads/text_online/	PASS	text-lines	16076	200	1329034	
USASPEND_DOD_AWARD_CATEGORY	https://api.usaspending.gov/api/v2/agency/097/obligations_by_award_category/?fiscal_year=2025	PASS	json:results	6	200	376	
USASPEND_DOD_BUDGETARY_RESOURCES	https://api.usaspending.gov/api/v2/agency/097/budgetary_resources/	PASS	json:agency_data_by_year	10	200	5264	
USASPEND_DOD_BUDGET_FUNCTION	https://api.usaspending.gov/api/v2/agency/097/budget_function/?fiscal_year=2025	PASS	json:results	6	200	1755	
USASPEND_DOD_FEDERAL_ACCOUNT	https://api.usaspending.gov/api/v2/agency/097/federal_account/?fiscal_year=2025&limit=100	PASS	json:results	100	200	124643	
USASPEND_DOD_OBJECT_CLASS	https://api.usaspending.gov/api/v2/agency/097/object_class/?fiscal_year=2025&limit=100	PASS	json:results	35	200	3968	
USASPEND_DOD_PROGRAM_ACTIVITY	https://api.usaspending.gov/api/v2/agency/097/program_activity/?fiscal_year=2025&limit=100	PASS	json:results	100	200	10807	
USASPEND_DOD_SUBAGENCY	https://api.usaspending.gov/api/v2/agency/097/sub_agency/?fiscal_year=2025&limit=100	PASS	json:results	26	200	154245	
USITC_HTS_SEARCH	https://hts.usitc.gov/reststop/search?keyword=vessel	PASS	json-array	142	200	171159	
US_FISCAL_CASH_BALANCE	https://api.fiscaldata.treasury.gov/services/api/fiscal_service/v1/accounting/dts/operating_cash_balance?page[size]=100&sort=-record_date	PASS	json:data	100	200	49781	
US_FISCAL_MTS	https://api.fiscaldata.treasury.gov/services/api/fiscal_service/v1/accounting/mts/mts_table_1?page[size]=100&sort=-record_date	PASS	json:data	100	200	62846	
US_TREASURY_AUCTIONS	https://www.treasurydirect.gov/TA_WS/securities/auctioned?format=json&days=90	PASS	json-array	89	200	315578	
UY_CKAN_MONTEVIDEO	https://ckan.montevideo.gub.uy/api/3/action/package_search?rows=100	PASS	json:result.results	100	200	1146415	
UY_DIPUTADOS_NOMINA	https://documentos.diputados.gub.uy/docs/DAdiputadosNomina2.json	PASS	json-array	344	200	64325	
UY_MIDES_HOSPITALES	https://mapas.mides.gub.uy/geoserver/ows?service=WFS&version=1.0.0&request=GetFeature&typeName=IDE:Hospitales&maxFeatures=1000&outputFormat=application%2Fjson	PASS	geojson	25	200	9969	
UY_MONTEVIDEO_GEONETWORK	https://geoweb.montevideo.gub.uy/geonetwork/srv/spa/q?_content_type=json&fast=index&from=1&to=100	PASS	json:metadata	100	200	572852	
UY_MTOP_AEROPUERTOS	https://geoservicios.mtop.gub.uy/geoserver/ows?service=WFS&version=2.0.0&request=GetFeature&typeNames=inf_tte_ttelog_aereo:aeropuertos&count=1000&outputFormat=application%2Fjson	PASS	geojson	15	200	6226	
UY_OSE_DATOS_ABIERTOS	https://datos.ose.com.uy/api/3/action/package_search?rows=100	PASS	json:result.results	23	200	278315	
UZ_CBU_ARCHIVE	https://cbu.uz/uz/arkhiv-kursov-valyut/json/all/2026-08-01/	PASS	json-array	74	200	25484	
UZ_CBU_CURRENCY	https://cbu.uz/uz/arkhiv-kursov-valyut/json/USD/	PASS	json-array	1	200	296	
UZ_CBU_RATES	https://cbu.uz/uz/arkhiv-kursov-valyut/json/	PASS	json-array	74	200	25468	
VATSIM_NETWORK_DATA	https://data.vatsim.net/v3/vatsim-data.json	PASS	json:pilots	1979	200	2144552	
VATSIM_TRANSCEIVERS	https://data.vatsim.net/v3/transceivers-data.json	PASS	json-array	2383	200	831730	
VC_STATISTICS_RELEASES	https://stats.gov.vc/wp-json/wp/v2/media?media_type=application&per_page=100&page=1	PASS	json-array	100	200	749019	
VIAGGIATRENO_STATION_SEARCH	http://www.viaggiatreno.it/infomobilita/resteasy/viaggiatreno/cercaStazione/ROMA	PASS	json-array	19	200	1694	
VPIC_WMI_FOR_MANUFACTURER	https://vpic.nhtsa.dot.gov/api/vehicles/GetWMIsForManufacturer/hon?format=json	PASS	json:Results	104	200	21309	
VT_STATE_POLICE_DUI_ARRESTS	https://data.vermont.gov/resource/cgjb-4rbe.json?$limit=1000	PASS	json-array	1000	200	383493	
VT_VENDOR_PAYMENTS	https://data.vermont.gov/resource/786x-sbp3.json?$q=IBM&$limit=1000	PASS	json-array	132	200	47475	
VULNLOOKUP_BROWSE_VENDOR	https://vulnerability.circl.lu/api/browse/microsoft	PASS	json-array	3012	200	100820	
VULNLOOKUP_SEARCH_PRODUCT	https://vulnerability.circl.lu/api/search/microsoft/windows_10	PASS	json:results.nvd	10	200	113917	
VULNLOOKUP_VULN	https://vulnerability.circl.lu/api/vulnerability/CVE-2024-3094	PASS	json:containers.adp	2	200	10547	
W3C_AFFILIATIONS	https://api.w3.org/affiliations?items=100&embed=1	PASS	json:_links.affiliations	100	200	103704	
W3C_AFFILIATION_PARTICIPANTS	https://api.w3.org/affiliations/1001/participants?items=100	PASS	json:_links.participants	8	200	1799	
W3C_ECOSYSTEMS	https://api.w3.org/ecosystems?items=100&embed=1	PASS	json:_links.ecosystems	9	200	9566	
W3C_GROUPS	https://api.w3.org/groups?items=100&embed=1	PASS	json:_links.groups	100	200	234670	
W3C_GROUP_PARTICIPANTS	https://api.w3.org/groups/wg/webrtc/users?items=100	PASS	json:_links.users	84	200	16277	
W3C_SPECIFICATION_SERIES	https://api.w3.org/specification-series?items=100&embed=1	PASS	json:_links.specification-series	100	200	78544	
W3C_SPEC_VERSIONS	https://api.w3.org/specifications/webrtc/versions?items=100&embed=1	PASS	json:_links.version-history	38	200	66485	
W3C_TRANSLATIONS	https://api.w3.org/translations?items=100&embed=1	PASS	json:_links.translations	100	200	456832	
W3C_TR_SPECIFICATIONS	https://api.w3.org/specifications?items=100&embed=1	PASS	json:_links.specifications	100	200	167887	
WA_AGENCY_CONTRACTS	https://data.wa.gov/resource/6fx9-ncas.json?$limit=1000	PASS	json-array	1000	200	757981	
WA_CONTRACTOR_BONDS	https://data.wa.gov/resource/bzff-4fmt.json?$limit=1000	PASS	json-array	1000	200	459569	
WA_CONTRACTOR_INSURANCE	https://data.wa.gov/resource/ciwg-agsx.json?$limit=1000	PASS	json-array	1000	200	618018	
WA_CONTRACTOR_LICENSES	https://data.wa.gov/resource/m8qx-ubtq.json?$limit=1000	PASS	json-array	1000	200	644962	
WA_CONTRACTOR_PRINCIPALS	https://data.wa.gov/resource/4xk5-x9j6.json?$limit=1000	PASS	json-array	1000	200	339521	
WA_CRIME_NIBRS	https://data.wa.gov/resource/vvfu-ry7f.json?$limit=1000	PASS	json-array	1000	200	702124	
WA_LOBBYIST_AGENTS	https://data.wa.gov/resource/bp5b-jrti.json?$limit=1000	PASS	json-array	1000	200	3610068	
WA_LOBBYIST_AGENT_EMPLOYERS	https://data.wa.gov/resource/e7sd-jbuy.json?$limit=1000	PASS	json-array	1000	200	1199608	
WA_LOBBYIST_COMPENSATION	https://data.wa.gov/resource/9nnw-c693.json?$limit=1000	PASS	json-array	1000	200	908966	
WA_LOBBYIST_EMPLOYMENT_REGISTRATIONS	https://data.wa.gov/resource/xhn7-64im.json?$limit=1000	PASS	json-array	1000	200	855400	
WA_PDC_CONTRIBUTIONS	https://data.wa.gov/resource/kv7h-kjye.json?$q=BOEING&$limit=1000	PASS	json-array	1000	200	891903	
WA_PDC_ENFORCEMENT_CASES	https://data.wa.gov/resource/a4ma-dq6s.json?$limit=1000	PASS	json-array	1000	200	2793778	
WA_PDC_EXPENDITURES	https://data.wa.gov/resource/tijg-9zyp.json?$q=SEATTLE&$limit=1000	PASS	json-array	1000	200	717963	
WA_PDC_INDEPENDENT_EXPENDITURES	https://data.wa.gov/resource/67cp-h962.json?$limit=1000	PASS	json-array	1000	200	1123959	
WA_PDC_LAST_MINUTE_CONTRIBUTIONS	https://data.wa.gov/resource/mppc-zjn9.json?$limit=1000	PASS	json-array	1000	200	3089849	
WA_RESTAURANT_INSPECTIONS_ASOTIN	https://data.wa.gov/resource/tb2x-p7u5.json?$limit=1000	PASS	json-array	84	200	27778	
WA_STATEWIDE_CONTRACT_SALES	https://data.wa.gov/resource/n8q6-4twj.json?$limit=1000	PASS	json-array	1000	200	384030	
WA_WEBS_VENDORS	https://data.wa.gov/resource/3kwi-7zsj.json?$limit=1000	PASS	json-array	1000	200	410145	
WDID_CALLSIGN	https://query.wikidata.org/sparql?query=SELECT%20%3Fitem%20%3FitemLabel%20%3Fextid%20%3FcountryLabel%20WHERE%20%7B%0A%20%20%3Fitem%20wdt%3AP2317%20%3Fextid%20.%0A%20%20OPTIONAL%20%7B%20%3Fitem%20wdt%3AP17%20%3Fcountry%20%7D%0A%20%20SERVICE%20wikibase%3Alabel%20%7B%20bd%3AserviceParam%20wikibase%3Alanguage%20%22en%2Cmul%22%20%7D%0A%7D%20LIMIT%203000&format=json	PASS	json:results.bindings	3000	200	974423	
WDID_EU_TRANSPARENCY	https://query.wikidata.org/sparql?query=SELECT%20%3Fitem%20%3FitemLabel%20%3Fextid%20%3FcountryLabel%20WHERE%20%7B%0A%20%20%3Fitem%20wdt%3AP3608%20%3Fextid%20.%0A%20%20OPTIONAL%20%7B%20%3Fitem%20wdt%3AP17%20%3Fcountry%20%7D%0A%20%20SERVICE%20wikibase%3Alabel%20%7B%20bd%3AserviceParam%20wikibase%3Alanguage%20%22en%2Cmul%22%20%7D%0A%7D%20LIMIT%203000&format=json	PASS	json:results.bindings	3000	200	1343147	
WDID_GRID	https://query.wikidata.org/sparql?query=SELECT%20%3Fitem%20%3FitemLabel%20%3Fextid%20%3FcountryLabel%20WHERE%20%7B%0A%20%20%3Fitem%20wdt%3AP2427%20%3Fextid%20.%0A%20%20OPTIONAL%20%7B%20%3Fitem%20wdt%3AP17%20%3Fcountry%20%7D%0A%20%20SERVICE%20wikibase%3Alabel%20%7B%20bd%3AserviceParam%20wikibase%3Alanguage%20%22en%2Cmul%22%20%7D%0A%7D%20LIMIT%205000&format=json	PASS	json:results.bindings	5000	200	2323031	
WDID_IATA_AIRPORT	https://query.wikidata.org/sparql?query=SELECT%20%3Fitem%20%3FitemLabel%20%3Fextid%20%3FcountryLabel%20WHERE%20%7B%0A%20%20%3Fitem%20wdt%3AP238%20%3Fextid%20.%0A%20%20OPTIONAL%20%7B%20%3Fitem%20wdt%3AP17%20%3Fcountry%20%7D%0A%20%20SERVICE%20wikibase%3Alabel%20%7B%20bd%3AserviceParam%20wikibase%3Alanguage%20%22en%2Cmul%22%20%7D%0A%7D%20LIMIT%205000&format=json	PASS	json:results.bindings	5000	200	2229056	
WDID_ICAO_AIRPORT	https://query.wikidata.org/sparql?query=SELECT%20%3Fitem%20%3FitemLabel%20%3Fextid%20%3FcountryLabel%20WHERE%20%7B%0A%20%20%3Fitem%20wdt%3AP239%20%3Fextid%20.%0A%20%20OPTIONAL%20%7B%20%3Fitem%20wdt%3AP17%20%3Fcountry%20%7D%0A%20%20SERVICE%20wikibase%3Alabel%20%7B%20bd%3AserviceParam%20wikibase%3Alanguage%20%22en%2Cmul%22%20%7D%0A%7D%20LIMIT%205000&format=json	PASS	json:results.bindings	5000	200	2217256	
WDID_IMO_SHIP	https://query.wikidata.org/sparql?query=SELECT%20%3Fitem%20%3FitemLabel%20%3Fextid%20%3FcountryLabel%20WHERE%20%7B%0A%20%20%3Fitem%20wdt%3AP458%20%3Fextid%20.%0A%20%20OPTIONAL%20%7B%20%3Fitem%20wdt%3AP17%20%3Fcountry%20%7D%0A%20%20SERVICE%20wikibase%3Alabel%20%7B%20bd%3AserviceParam%20wikibase%3Alanguage%20%22en%2Cmul%22%20%7D%0A%7D%20LIMIT%20800&format=json	PASS	json:results.bindings	800	200	257602	
WDID_ISIN	https://query.wikidata.org/sparql?query=SELECT%20%3Fitem%20%3FitemLabel%20%3Fextid%20%3FcountryLabel%20WHERE%20%7B%0A%20%20%3Fitem%20wdt%3AP946%20%3Fextid%20.%0A%20%20OPTIONAL%20%7B%20%3Fitem%20wdt%3AP17%20%3Fcountry%20%7D%0A%20%20SERVICE%20wikibase%3Alabel%20%7B%20bd%3AserviceParam%20wikibase%3Alanguage%20%22en%2Cmul%22%20%7D%0A%7D%20LIMIT%205000&format=json	PASS	json:results.bindings	5000	200	2187209	
WDID_LEI	https://query.wikidata.org/sparql?query=SELECT%20%3Fitem%20%3FitemLabel%20%3Fextid%20%3FcountryLabel%20WHERE%20%7B%0A%20%20%3Fitem%20wdt%3AP1278%20%3Fextid%20.%0A%20%20OPTIONAL%20%7B%20%3Fitem%20wdt%3AP17%20%3Fcountry%20%7D%0A%20%20SERVICE%20wikibase%3Alabel%20%7B%20bd%3AserviceParam%20wikibase%3Alanguage%20%22en%2Cmul%22%20%7D%0A%7D%20LIMIT%205000&format=json	PASS	json:results.bindings	5000	200	2297287	
WDID_MMSI	https://query.wikidata.org/sparql?query=SELECT%20%3Fitem%20%3FitemLabel%20%3Fextid%20%3FcountryLabel%20WHERE%20%7B%0A%20%20%3Fitem%20wdt%3AP587%20%3Fextid%20.%0A%20%20OPTIONAL%20%7B%20%3Fitem%20wdt%3AP17%20%3Fcountry%20%7D%0A%20%20SERVICE%20wikibase%3Alabel%20%7B%20bd%3AserviceParam%20wikibase%3Alanguage%20%22en%2Cmul%22%20%7D%0A%7D%20LIMIT%202000&format=json	PASS	json:results.bindings	2000	200	648804	
WDID_ROR	https://query.wikidata.org/sparql?query=SELECT%20%3Fitem%20%3FitemLabel%20%3Fextid%20%3FcountryLabel%20WHERE%20%7B%0A%20%20%3Fitem%20wdt%3AP6782%20%3Fextid%20.%0A%20%20OPTIONAL%20%7B%20%3Fitem%20wdt%3AP17%20%3Fcountry%20%7D%0A%20%20SERVICE%20wikibase%3Alabel%20%7B%20bd%3AserviceParam%20wikibase%3Alanguage%20%22en%2Cmul%22%20%7D%0A%7D%20LIMIT%20800&format=json	PASS	json:results.bindings	800	200	371379	
WDID_SEC_CIK	https://query.wikidata.org/sparql?query=SELECT%20%3Fitem%20%3FitemLabel%20%3Fextid%20%3FcountryLabel%20WHERE%20%7B%0A%20%20%3Fitem%20wdt%3AP5531%20%3Fextid%20.%0A%20%20OPTIONAL%20%7B%20%3Fitem%20wdt%3AP17%20%3Fcountry%20%7D%0A%20%20SERVICE%20wikibase%3Alabel%20%7B%20bd%3AserviceParam%20wikibase%3Alanguage%20%22en%2Cmul%22%20%7D%0A%7D%20LIMIT%205000&format=json	PASS	json:results.bindings	3830	200	1676725	
WDID_SIREN_FR	https://query.wikidata.org/sparql?query=SELECT%20%3Fitem%20%3FitemLabel%20%3Fextid%20%3FcountryLabel%20WHERE%20%7B%0A%20%20%3Fitem%20wdt%3AP1616%20%3Fextid%20.%0A%20%20OPTIONAL%20%7B%20%3Fitem%20wdt%3AP17%20%3Fcountry%20%7D%0A%20%20SERVICE%20wikibase%3Alabel%20%7B%20bd%3AserviceParam%20wikibase%3Alanguage%20%22en%2Cmul%22%20%7D%0A%7D%20LIMIT%205000&format=json	PASS	json:results.bindings	5000	200	2113296	
WDID_TICKER	https://query.wikidata.org/sparql?query=SELECT%20%3Fitem%20%3FitemLabel%20%3Fextid%20%3FcountryLabel%20WHERE%20%7B%0A%20%20%3Fitem%20wdt%3AP249%20%3Fextid%20.%0A%20%20OPTIONAL%20%7B%20%3Fitem%20wdt%3AP17%20%3Fcountry%20%7D%0A%20%20SERVICE%20wikibase%3Alabel%20%7B%20bd%3AserviceParam%20wikibase%3Alanguage%20%22en%2Cmul%22%20%7D%0A%7D%20LIMIT%205000&format=json	PASS	json:results.bindings	40	200	16366	
WDID_UK_COMPANY	https://query.wikidata.org/sparql?query=SELECT%20%3Fitem%20%3FitemLabel%20%3Fextid%20%3FcountryLabel%20WHERE%20%7B%0A%20%20%3Fitem%20wdt%3AP2622%20%3Fextid%20.%0A%20%20OPTIONAL%20%7B%20%3Fitem%20wdt%3AP17%20%3Fcountry%20%7D%0A%20%20SERVICE%20wikibase%3Alabel%20%7B%20bd%3AserviceParam%20wikibase%3Alanguage%20%22en%2Cmul%22%20%7D%0A%7D%20LIMIT%205000&format=json	PASS	json:results.bindings	5000	200	2284407	
WD_AIRPORTS	https://query.wikidata.org/sparql?query=SELECT%20%3Fitem%20%3FitemLabel%20%3FcountryLabel%20%3Flat%20%3Flon%20%3FoperatorLabel%20%3Finception%20WHERE%20%7B%0A%20%20%3Fitem%20wdt%3AP31%20wd%3AQ1248784%20.%0A%20%20OPTIONAL%20%7B%20%3Fitem%20wdt%3AP17%20%3Fcountry%20%7D%0A%20%20OPTIONAL%20%7B%20%3Fitem%20p%3AP625/psv%3AP625%20%3Fc%20.%20%3Fc%20wikibase%3AgeoLatitude%20%3Flat%20%3B%20wikibase%3AgeoLongitude%20%3Flon%20%7D%0A%20%20OPTIONAL%20%7B%20%3Fitem%20wdt%3AP137%20%3Foperator%20%7D%0A%20%20OPTIONAL%20%7B%20%3Fitem%20wdt%3AP571%20%3Finception%20%7D%0A%20%20SERVICE%20wikibase%3Alabel%20%7B%20bd%3AserviceParam%20wikibase%3Alanguage%20%22en%2Cmul%22%20%7D%0A%7D%20LIMIT%205000&format=json	PASS	json:results.bindings	5000	200	3629249	
WD_AIR_BASES	https://query.wikidata.org/sparql?query=SELECT%20%3Fitem%20%3FitemLabel%20%3FcountryLabel%20%3Flat%20%3Flon%20%3FoperatorLabel%20%3Finception%20WHERE%20%7B%0A%20%20%3Fitem%20wdt%3AP31%20wd%3AQ695850%20.%0A%20%20OPTIONAL%20%7B%20%3Fitem%20wdt%3AP17%20%3Fcountry%20%7D%0A%20%20OPTIONAL%20%7B%20%3Fitem%20p%3AP625/psv%3AP625%20%3Fc%20.%20%3Fc%20wikibase%3AgeoLatitude%20%3Flat%20%3B%20wikibase%3AgeoLongitude%20%3Flon%20%7D%0A%20%20OPTIONAL%20%7B%20%3Fitem%20wdt%3AP137%20%3Foperator%20%7D%0A%20%20OPTIONAL%20%7B%20%3Fitem%20wdt%3AP571%20%3Finception%20%7D%0A%20%20SERVICE%20wikibase%3Alabel%20%7B%20bd%3AserviceParam%20wikibase%3Alanguage%20%22en%2Cmul%22%20%7D%0A%7D%20LIMIT%205000&format=json	PASS	json:results.bindings	3765	200	2957018	
WD_ARMED_ORGANISATIONS	https://query.wikidata.org/sparql?query=SELECT%20%3Fitem%20%3FitemLabel%20%3FcountryLabel%20%3Flat%20%3Flon%20%3FoperatorLabel%20%3Finception%20WHERE%20%7B%0A%20%20%3Fitem%20wdt%3AP31%20wd%3AQ17149090%20.%0A%20%20OPTIONAL%20%7B%20%3Fitem%20wdt%3AP17%20%3Fcountry%20%7D%0A%20%20OPTIONAL%20%7B%20%3Fitem%20p%3AP625/psv%3AP625%20%3Fc%20.%20%3Fc%20wikibase%3AgeoLatitude%20%3Flat%20%3B%20wikibase%3AgeoLongitude%20%3Flon%20%7D%0A%20%20OPTIONAL%20%7B%20%3Fitem%20wdt%3AP137%20%3Foperator%20%7D%0A%20%20OPTIONAL%20%7B%20%3Fitem%20wdt%3AP571%20%3Finception%20%7D%0A%20%20SERVICE%20wikibase%3Alabel%20%7B%20bd%3AserviceParam%20wikibase%3Alanguage%20%22en%2Cmul%22%20%7D%0A%7D%20LIMIT%203000&format=json	PASS	json:results.bindings	506	200	211893	
WD_BORDER_CROSSINGS	https://query.wikidata.org/sparql?query=SELECT%20%3Fitem%20%3FitemLabel%20%3FcountryLabel%20%3Flat%20%3Flon%20%3FoperatorLabel%20%3Finception%20WHERE%20%7B%0A%20%20%3Fitem%20wdt%3AP31/wdt%3AP279%2A%20wd%3AQ11997398%20.%0A%20%20OPTIONAL%20%7B%20%3Fitem%20wdt%3AP17%20%3Fcountry%20%7D%0A%20%20OPTIONAL%20%7B%20%3Fitem%20p%3AP625/psv%3AP625%20%3Fc%20.%20%3Fc%20wikibase%3AgeoLatitude%20%3Flat%20%3B%20wikibase%3AgeoLongitude%20%3Flon%20%7D%0A%20%20OPTIONAL%20%7B%20%3Fitem%20wdt%3AP137%20%3Foperator%20%7D%0A%20%20OPTIONAL%20%7B%20%3Fitem%20wdt%3AP571%20%3Finception%20%7D%0A%20%20SERVICE%20wikibase%3Alabel%20%7B%20bd%3AserviceParam%20wikibase%3Alanguage%20%22en%2Cmul%22%20%7D%0A%7D%20LIMIT%202000&format=json	PASS	json:head.vars	7	200	159	
WD_CENTRAL_BANKS	https://query.wikidata.org/sparql?query=SELECT%20%3Fitem%20%3FitemLabel%20%3FcountryLabel%20%3Flat%20%3Flon%20%3FoperatorLabel%20%3Finception%20WHERE%20%7B%0A%20%20%3Fitem%20wdt%3AP31/wdt%3AP279%2A%20wd%3AQ66344%20.%0A%20%20OPTIONAL%20%7B%20%3Fitem%20wdt%3AP17%20%3Fcountry%20%7D%0A%20%20OPTIONAL%20%7B%20%3Fitem%20p%3AP625/psv%3AP625%20%3Fc%20.%20%3Fc%20wikibase%3AgeoLatitude%20%3Flat%20%3B%20wikibase%3AgeoLongitude%20%3Flon%20%7D%0A%20%20OPTIONAL%20%7B%20%3Fitem%20wdt%3AP137%20%3Foperator%20%7D%0A%20%20OPTIONAL%20%7B%20%3Fitem%20wdt%3AP571%20%3Finception%20%7D%0A%20%20SERVICE%20wikibase%3Alabel%20%7B%20bd%3AserviceParam%20wikibase%3Alanguage%20%22en%2Cmul%22%20%7D%0A%7D%20LIMIT%20500&format=json	PASS	json:results.bindings	321	200	197681	
WD_DEFENCE_COMPANIES	https://query.wikidata.org/sparql?query=SELECT%20%3Fitem%20%3FitemLabel%20%3FcountryLabel%20%3Flat%20%3Flon%20%3FoperatorLabel%20%3Finception%20WHERE%20%7B%0A%20%20%3Fitem%20wdt%3AP31/wdt%3AP279%2A%20wd%3AQ1195942%20.%0A%20%20OPTIONAL%20%7B%20%3Fitem%20wdt%3AP17%20%3Fcountry%20%7D%0A%20%20OPTIONAL%20%7B%20%3Fitem%20p%3AP625/psv%3AP625%20%3Fc%20.%20%3Fc%20wikibase%3AgeoLatitude%20%3Flat%20%3B%20wikibase%3AgeoLongitude%20%3Flon%20%7D%0A%20%20OPTIONAL%20%7B%20%3Fitem%20wdt%3AP137%20%3Foperator%20%7D%0A%20%20OPTIONAL%20%7B%20%3Fitem%20wdt%3AP571%20%3Finception%20%7D%0A%20%20SERVICE%20wikibase%3Alabel%20%7B%20bd%3AserviceParam%20wikibase%3Alanguage%20%22en%2Cmul%22%20%7D%0A%7D%20LIMIT%202000&format=json	PASS	json:results.bindings	2000	200	1345633	
WD_EMBASSIES	https://query.wikidata.org/sparql?query=SELECT%20%3Fitem%20%3FitemLabel%20%3FcountryLabel%20%3Flat%20%3Flon%20%3FoperatorLabel%20%3Finception%20WHERE%20%7B%0A%20%20%3Fitem%20wdt%3AP31%20wd%3AQ3917681%20.%0A%20%20OPTIONAL%20%7B%20%3Fitem%20wdt%3AP17%20%3Fcountry%20%7D%0A%20%20OPTIONAL%20%7B%20%3Fitem%20p%3AP625/psv%3AP625%20%3Fc%20.%20%3Fc%20wikibase%3AgeoLatitude%20%3Flat%20%3B%20wikibase%3AgeoLongitude%20%3Flon%20%7D%0A%20%20OPTIONAL%20%7B%20%3Fitem%20wdt%3AP137%20%3Foperator%20%7D%0A%20%20OPTIONAL%20%7B%20%3Fitem%20wdt%3AP571%20%3Finception%20%7D%0A%20%20SERVICE%20wikibase%3Alabel%20%7B%20bd%3AserviceParam%20wikibase%3Alanguage%20%22en%2Cmul%22%20%7D%0A%7D%20LIMIT%205000&format=json	PASS	json:results.bindings	5000	200	2644722	
WD_INTELLIGENCE_AGENCIES	https://query.wikidata.org/sparql?query=SELECT%20%3Fitem%20%3FitemLabel%20%3FcountryLabel%20%3Flat%20%3Flon%20%3FoperatorLabel%20%3Finception%20WHERE%20%7B%0A%20%20%3Fitem%20wdt%3AP31/wdt%3AP279%2A%20wd%3AQ1057214%20.%0A%20%20OPTIONAL%20%7B%20%3Fitem%20wdt%3AP17%20%3Fcountry%20%7D%0A%20%20OPTIONAL%20%7B%20%3Fitem%20p%3AP625/psv%3AP625%20%3Fc%20.%20%3Fc%20wikibase%3AgeoLatitude%20%3Flat%20%3B%20wikibase%3AgeoLongitude%20%3Flon%20%7D%0A%20%20OPTIONAL%20%7B%20%3Fitem%20wdt%3AP137%20%3Foperator%20%7D%0A%20%20OPTIONAL%20%7B%20%3Fitem%20wdt%3AP571%20%3Finception%20%7D%0A%20%20SERVICE%20wikibase%3Alabel%20%7B%20bd%3AserviceParam%20wikibase%3Alanguage%20%22en%2Cmul%22%20%7D%0A%7D%20LIMIT%201000&format=json	PASS	json:results.bindings	58	200	24398	
WD_LIGHTHOUSES	https://query.wikidata.org/sparql?query=SELECT%20%3Fitem%20%3FitemLabel%20%3FcountryLabel%20%3Flat%20%3Flon%20%3FoperatorLabel%20%3Finception%20WHERE%20%7B%0A%20%20%3Fitem%20wdt%3AP31%20wd%3AQ39715%20.%0A%20%20OPTIONAL%20%7B%20%3Fitem%20wdt%3AP17%20%3Fcountry%20%7D%0A%20%20OPTIONAL%20%7B%20%3Fitem%20p%3AP625/psv%3AP625%20%3Fc%20.%20%3Fc%20wikibase%3AgeoLatitude%20%3Flat%20%3B%20wikibase%3AgeoLongitude%20%3Flon%20%7D%0A%20%20OPTIONAL%20%7B%20%3Fitem%20wdt%3AP137%20%3Foperator%20%7D%0A%20%20OPTIONAL%20%7B%20%3Fitem%20wdt%3AP571%20%3Finception%20%7D%0A%20%20SERVICE%20wikibase%3Alabel%20%7B%20bd%3AserviceParam%20wikibase%3Alanguage%20%22en%2Cmul%22%20%7D%0A%7D%20LIMIT%205000&format=json	PASS	json:results.bindings	5000	200	3876924	
WD_MILITARY_BASES	https://query.wikidata.org/sparql?query=SELECT%20%3Fitem%20%3FitemLabel%20%3FcountryLabel%20%3Flat%20%3Flon%20%3FoperatorLabel%20%3Finception%20WHERE%20%7B%0A%20%20%3Fitem%20wdt%3AP31/wdt%3AP279%2A%20wd%3AQ245016%20.%0A%20%20OPTIONAL%20%7B%20%3Fitem%20wdt%3AP17%20%3Fcountry%20%7D%0A%20%20OPTIONAL%20%7B%20%3Fitem%20p%3AP625/psv%3AP625%20%3Fc%20.%20%3Fc%20wikibase%3AgeoLatitude%20%3Flat%20%3B%20wikibase%3AgeoLongitude%20%3Flon%20%7D%0A%20%20OPTIONAL%20%7B%20%3Fitem%20wdt%3AP137%20%3Foperator%20%7D%0A%20%20OPTIONAL%20%7B%20%3Fitem%20wdt%3AP571%20%3Finception%20%7D%0A%20%20SERVICE%20wikibase%3Alabel%20%7B%20bd%3AserviceParam%20wikibase%3Alanguage%20%22en%2Cmul%22%20%7D%0A%7D%20LIMIT%205000&format=json	PASS	json:results.bindings	5000	200	3398054	
WD_MINES	https://query.wikidata.org/sparql?query=SELECT%20%3Fitem%20%3FitemLabel%20%3FcountryLabel%20%3Flat%20%3Flon%20%3FoperatorLabel%20%3Finception%20WHERE%20%7B%0A%20%20%3Fitem%20wdt%3AP31%20wd%3AQ820477%20.%0A%20%20OPTIONAL%20%7B%20%3Fitem%20wdt%3AP17%20%3Fcountry%20%7D%0A%20%20OPTIONAL%20%7B%20%3Fitem%20p%3AP625/psv%3AP625%20%3Fc%20.%20%3Fc%20wikibase%3AgeoLatitude%20%3Flat%20%3B%20wikibase%3AgeoLongitude%20%3Flon%20%7D%0A%20%20OPTIONAL%20%7B%20%3Fitem%20wdt%3AP137%20%3Foperator%20%7D%0A%20%20OPTIONAL%20%7B%20%3Fitem%20wdt%3AP571%20%3Finception%20%7D%0A%20%20SERVICE%20wikibase%3Alabel%20%7B%20bd%3AserviceParam%20wikibase%3Alanguage%20%22en%2Cmul%22%20%7D%0A%7D%20LIMIT%205000&format=json	PASS	json:results.bindings	5000	200	3193275	
WD_NAVAL_BASES	https://query.wikidata.org/sparql?query=SELECT%20%3Fitem%20%3FitemLabel%20%3FcountryLabel%20%3Flat%20%3Flon%20%3FoperatorLabel%20%3Finception%20WHERE%20%7B%0A%20%20%3Fitem%20wdt%3AP31/wdt%3AP279%2A%20wd%3AQ2085381%20.%0A%20%20OPTIONAL%20%7B%20%3Fitem%20wdt%3AP17%20%3Fcountry%20%7D%0A%20%20OPTIONAL%20%7B%20%3Fitem%20p%3AP625/psv%3AP625%20%3Fc%20.%20%3Fc%20wikibase%3AgeoLatitude%20%3Flat%20%3B%20wikibase%3AgeoLongitude%20%3Flon%20%7D%0A%20%20OPTIONAL%20%7B%20%3Fitem%20wdt%3AP137%20%3Foperator%20%7D%0A%20%20OPTIONAL%20%7B%20%3Fitem%20wdt%3AP571%20%3Finception%20%7D%0A%20%20SERVICE%20wikibase%3Alabel%20%7B%20bd%3AserviceParam%20wikibase%3Alanguage%20%22en%2Cmul%22%20%7D%0A%7D%20LIMIT%203000&format=json	PASS	json:results.bindings	3000	200	1520599	
WD_NEWS_AGENCIES	https://query.wikidata.org/sparql?query=SELECT%20%3Fitem%20%3FitemLabel%20%3FcountryLabel%20%3Flat%20%3Flon%20%3FoperatorLabel%20%3Finception%20WHERE%20%7B%0A%20%20%3Fitem%20wdt%3AP31/wdt%3AP279%2A%20wd%3AQ192283%20.%0A%20%20OPTIONAL%20%7B%20%3Fitem%20wdt%3AP17%20%3Fcountry%20%7D%0A%20%20OPTIONAL%20%7B%20%3Fitem%20p%3AP625/psv%3AP625%20%3Fc%20.%20%3Fc%20wikibase%3AgeoLatitude%20%3Flat%20%3B%20wikibase%3AgeoLongitude%20%3Flon%20%7D%0A%20%20OPTIONAL%20%7B%20%3Fitem%20wdt%3AP137%20%3Foperator%20%7D%0A%20%20OPTIONAL%20%7B%20%3Fitem%20wdt%3AP571%20%3Finception%20%7D%0A%20%20SERVICE%20wikibase%3Alabel%20%7B%20bd%3AserviceParam%20wikibase%3Alanguage%20%22en%2Cmul%22%20%7D%0A%7D%20LIMIT%201000&format=json	PASS	json:results.bindings	819	200	391517	
WD_NUCLEAR_PLANTS	https://query.wikidata.org/sparql?query=SELECT%20%3Fitem%20%3FitemLabel%20%3FcountryLabel%20%3Flat%20%3Flon%20%3FoperatorLabel%20%3Finception%20WHERE%20%7B%0A%20%20%3Fitem%20wdt%3AP31/wdt%3AP279%2A%20wd%3AQ134447%20.%0A%20%20OPTIONAL%20%7B%20%3Fitem%20wdt%3AP17%20%3Fcountry%20%7D%0A%20%20OPTIONAL%20%7B%20%3Fitem%20p%3AP625/psv%3AP625%20%3Fc%20.%20%3Fc%20wikibase%3AgeoLatitude%20%3Flat%20%3B%20wikibase%3AgeoLongitude%20%3Flon%20%7D%0A%20%20OPTIONAL%20%7B%20%3Fitem%20wdt%3AP137%20%3Foperator%20%7D%0A%20%20OPTIONAL%20%7B%20%3Fitem%20wdt%3AP571%20%3Finception%20%7D%0A%20%20SERVICE%20wikibase%3Alabel%20%7B%20bd%3AserviceParam%20wikibase%3Alanguage%20%22en%2Cmul%22%20%7D%0A%7D%20LIMIT%203000&format=json	PASS	json:results.bindings	451	200	332328	
WD_OIL_REFINERIES	https://query.wikidata.org/sparql?query=SELECT%20%3Fitem%20%3FitemLabel%20%3FcountryLabel%20%3Flat%20%3Flon%20%3FoperatorLabel%20%3Finception%20WHERE%20%7B%0A%20%20%3Fitem%20wdt%3AP31/wdt%3AP279%2A%20wd%3AQ131734%20.%0A%20%20OPTIONAL%20%7B%20%3Fitem%20wdt%3AP17%20%3Fcountry%20%7D%0A%20%20OPTIONAL%20%7B%20%3Fitem%20p%3AP625/psv%3AP625%20%3Fc%20.%20%3Fc%20wikibase%3AgeoLatitude%20%3Flat%20%3B%20wikibase%3AgeoLongitude%20%3Flon%20%7D%0A%20%20OPTIONAL%20%7B%20%3Fitem%20wdt%3AP137%20%3Foperator%20%7D%0A%20%20OPTIONAL%20%7B%20%3Fitem%20wdt%3AP571%20%3Finception%20%7D%0A%20%20SERVICE%20wikibase%3Alabel%20%7B%20bd%3AserviceParam%20wikibase%3Alanguage%20%22en%2Cmul%22%20%7D%0A%7D%20LIMIT%202000&format=json	PASS	json:results.bindings	2000	200	1110907	
WD_POLITICAL_PARTIES	https://query.wikidata.org/sparql?query=SELECT%20%3Fitem%20%3FitemLabel%20%3FcountryLabel%20%3Flat%20%3Flon%20%3FoperatorLabel%20%3Finception%20WHERE%20%7B%0A%20%20%3Fitem%20wdt%3AP31%20wd%3AQ7278%20.%0A%20%20OPTIONAL%20%7B%20%3Fitem%20wdt%3AP17%20%3Fcountry%20%7D%0A%20%20OPTIONAL%20%7B%20%3Fitem%20p%3AP625/psv%3AP625%20%3Fc%20.%20%3Fc%20wikibase%3AgeoLatitude%20%3Flat%20%3B%20wikibase%3AgeoLongitude%20%3Flon%20%7D%0A%20%20OPTIONAL%20%7B%20%3Fitem%20wdt%3AP137%20%3Foperator%20%7D%0A%20%20OPTIONAL%20%7B%20%3Fitem%20wdt%3AP571%20%3Finception%20%7D%0A%20%20SERVICE%20wikibase%3Alabel%20%7B%20bd%3AserviceParam%20wikibase%3Alanguage%20%22en%2Cmul%22%20%7D%0A%7D%20LIMIT%205000&format=json	PASS	json:results.bindings	5000	200	2530225	
WD_PORTS	https://query.wikidata.org/sparql?query=SELECT%20%3Fitem%20%3FitemLabel%20%3FcountryLabel%20%3Flat%20%3Flon%20%3FoperatorLabel%20%3Finception%20WHERE%20%7B%0A%20%20%3Fitem%20wdt%3AP31%20wd%3AQ44782%20.%0A%20%20OPTIONAL%20%7B%20%3Fitem%20wdt%3AP17%20%3Fcountry%20%7D%0A%20%20OPTIONAL%20%7B%20%3Fitem%20p%3AP625/psv%3AP625%20%3Fc%20.%20%3Fc%20wikibase%3AgeoLatitude%20%3Flat%20%3B%20wikibase%3AgeoLongitude%20%3Flon%20%7D%0A%20%20OPTIONAL%20%7B%20%3Fitem%20wdt%3AP137%20%3Foperator%20%7D%0A%20%20OPTIONAL%20%7B%20%3Fitem%20wdt%3AP571%20%3Finception%20%7D%0A%20%20SERVICE%20wikibase%3Alabel%20%7B%20bd%3AserviceParam%20wikibase%3Alanguage%20%22en%2Cmul%22%20%7D%0A%7D%20LIMIT%205000&format=json	PASS	json:results.bindings	5000	200	2985170	
WD_POWER_STATIONS	https://query.wikidata.org/sparql?query=SELECT%20%3Fitem%20%3FitemLabel%20%3FcountryLabel%20%3Flat%20%3Flon%20%3FoperatorLabel%20%3Finception%20WHERE%20%7B%0A%20%20%3Fitem%20wdt%3AP31%20wd%3AQ159719%20.%0A%20%20OPTIONAL%20%7B%20%3Fitem%20wdt%3AP17%20%3Fcountry%20%7D%0A%20%20OPTIONAL%20%7B%20%3Fitem%20p%3AP625/psv%3AP625%20%3Fc%20.%20%3Fc%20wikibase%3AgeoLatitude%20%3Flat%20%3B%20wikibase%3AgeoLongitude%20%3Flon%20%7D%0A%20%20OPTIONAL%20%7B%20%3Fitem%20wdt%3AP137%20%3Foperator%20%7D%0A%20%20OPTIONAL%20%7B%20%3Fitem%20wdt%3AP571%20%3Finception%20%7D%0A%20%20SERVICE%20wikibase%3Alabel%20%7B%20bd%3AserviceParam%20wikibase%3Alanguage%20%22en%2Cmul%22%20%7D%0A%7D%20LIMIT%201000&format=json	PASS	json:results.bindings	1000	200	654934	
WD_PRISONS	https://query.wikidata.org/sparql?query=SELECT%20%3Fitem%20%3FitemLabel%20%3FcountryLabel%20%3Flat%20%3Flon%20%3FoperatorLabel%20%3Finception%20WHERE%20%7B%0A%20%20%3Fitem%20wdt%3AP31/wdt%3AP279%2A%20wd%3AQ40357%20.%0A%20%20OPTIONAL%20%7B%20%3Fitem%20wdt%3AP17%20%3Fcountry%20%7D%0A%20%20OPTIONAL%20%7B%20%3Fitem%20p%3AP625/psv%3AP625%20%3Fc%20.%20%3Fc%20wikibase%3AgeoLatitude%20%3Flat%20%3B%20wikibase%3AgeoLongitude%20%3Flon%20%7D%0A%20%20OPTIONAL%20%7B%20%3Fitem%20wdt%3AP137%20%3Foperator%20%7D%0A%20%20OPTIONAL%20%7B%20%3Fitem%20wdt%3AP571%20%3Finception%20%7D%0A%20%20SERVICE%20wikibase%3Alabel%20%7B%20bd%3AserviceParam%20wikibase%3Alanguage%20%22en%2Cmul%22%20%7D%0A%7D%20LIMIT%203000&format=json	PASS	json:results.bindings	3000	200	2036921	
WD_RESEARCH_INSTITUTES	https://query.wikidata.org/sparql?query=SELECT%20%3Fitem%20%3FitemLabel%20%3FcountryLabel%20%3Flat%20%3Flon%20%3FoperatorLabel%20%3Finception%20WHERE%20%7B%0A%20%20%3Fitem%20wdt%3AP31%20wd%3AQ31855%20.%0A%20%20OPTIONAL%20%7B%20%3Fitem%20wdt%3AP17%20%3Fcountry%20%7D%0A%20%20OPTIONAL%20%7B%20%3Fitem%20p%3AP625/psv%3AP625%20%3Fc%20.%20%3Fc%20wikibase%3AgeoLatitude%20%3Flat%20%3B%20wikibase%3AgeoLongitude%20%3Flon%20%7D%0A%20%20OPTIONAL%20%7B%20%3Fitem%20wdt%3AP137%20%3Foperator%20%7D%0A%20%20OPTIONAL%20%7B%20%3Fitem%20wdt%3AP571%20%3Finception%20%7D%0A%20%20SERVICE%20wikibase%3Alabel%20%7B%20bd%3AserviceParam%20wikibase%3Alanguage%20%22en%2Cmul%22%20%7D%0A%7D%20LIMIT%205000&format=json	PASS	json:results.bindings	5000	200	3203325	
WD_SEMICONDUCTOR_FABS	https://query.wikidata.org/sparql?query=SELECT%20%3Fitem%20%3FitemLabel%20%3FcountryLabel%20%3Flat%20%3Flon%20%3FoperatorLabel%20%3Finception%20WHERE%20%7B%0A%20%20%3Fitem%20wdt%3AP31/wdt%3AP279%2A%20wd%3AQ1058914%20.%0A%20%20OPTIONAL%20%7B%20%3Fitem%20wdt%3AP17%20%3Fcountry%20%7D%0A%20%20OPTIONAL%20%7B%20%3Fitem%20p%3AP625/psv%3AP625%20%3Fc%20.%20%3Fc%20wikibase%3AgeoLatitude%20%3Flat%20%3B%20wikibase%3AgeoLongitude%20%3Flon%20%7D%0A%20%20OPTIONAL%20%7B%20%3Fitem%20wdt%3AP137%20%3Foperator%20%7D%0A%20%20OPTIONAL%20%7B%20%3Fitem%20wdt%3AP571%20%3Finception%20%7D%0A%20%20SERVICE%20wikibase%3Alabel%20%7B%20bd%3AserviceParam%20wikibase%3Alanguage%20%22en%2Cmul%22%20%7D%0A%7D%20LIMIT%20500&format=json	PASS	json:results.bindings	500	200	262467	
WD_SHIPYARDS	https://query.wikidata.org/sparql?query=SELECT%20%3Fitem%20%3FitemLabel%20%3FcountryLabel%20%3Flat%20%3Flon%20%3FoperatorLabel%20%3Finception%20WHERE%20%7B%0A%20%20%3Fitem%20wdt%3AP31/wdt%3AP279%2A%20wd%3AQ190928%20.%0A%20%20OPTIONAL%20%7B%20%3Fitem%20wdt%3AP17%20%3Fcountry%20%7D%0A%20%20OPTIONAL%20%7B%20%3Fitem%20p%3AP625/psv%3AP625%20%3Fc%20.%20%3Fc%20wikibase%3AgeoLatitude%20%3Flat%20%3B%20wikibase%3AgeoLongitude%20%3Flon%20%7D%0A%20%20OPTIONAL%20%7B%20%3Fitem%20wdt%3AP137%20%3Foperator%20%7D%0A%20%20OPTIONAL%20%7B%20%3Fitem%20wdt%3AP571%20%3Finception%20%7D%0A%20%20SERVICE%20wikibase%3Alabel%20%7B%20bd%3AserviceParam%20wikibase%3Alanguage%20%22en%2Cmul%22%20%7D%0A%7D%20LIMIT%202000&format=json	PASS	json:results.bindings	1820	200	1096164	
WD_SPACEPORTS	https://query.wikidata.org/sparql?query=SELECT%20%3Fitem%20%3FitemLabel%20%3FcountryLabel%20%3Flat%20%3Flon%20%3FoperatorLabel%20%3Finception%20WHERE%20%7B%0A%20%20%3Fitem%20wdt%3AP31/wdt%3AP279%2A%20wd%3AQ26529%20.%0A%20%20OPTIONAL%20%7B%20%3Fitem%20wdt%3AP17%20%3Fcountry%20%7D%0A%20%20OPTIONAL%20%7B%20%3Fitem%20p%3AP625/psv%3AP625%20%3Fc%20.%20%3Fc%20wikibase%3AgeoLatitude%20%3Flat%20%3B%20wikibase%3AgeoLongitude%20%3Flon%20%7D%0A%20%20OPTIONAL%20%7B%20%3Fitem%20wdt%3AP137%20%3Foperator%20%7D%0A%20%20OPTIONAL%20%7B%20%3Fitem%20wdt%3AP571%20%3Finception%20%7D%0A%20%20SERVICE%20wikibase%3Alabel%20%7B%20bd%3AserviceParam%20wikibase%3Alanguage%20%22en%2Cmul%22%20%7D%0A%7D%20LIMIT%20500&format=json	PASS	json:results.bindings	318	200	111066	
WD_STOCK_EXCHANGES	https://query.wikidata.org/sparql?query=SELECT%20%3Fitem%20%3FitemLabel%20%3FcountryLabel%20%3Flat%20%3Flon%20%3FoperatorLabel%20%3Finception%20WHERE%20%7B%0A%20%20%3Fitem%20wdt%3AP31/wdt%3AP279%2A%20wd%3AQ11691%20.%0A%20%20OPTIONAL%20%7B%20%3Fitem%20wdt%3AP17%20%3Fcountry%20%7D%0A%20%20OPTIONAL%20%7B%20%3Fitem%20p%3AP625/psv%3AP625%20%3Fc%20.%20%3Fc%20wikibase%3AgeoLatitude%20%3Flat%20%3B%20wikibase%3AgeoLongitude%20%3Flon%20%7D%0A%20%20OPTIONAL%20%7B%20%3Fitem%20wdt%3AP137%20%3Foperator%20%7D%0A%20%20OPTIONAL%20%7B%20%3Fitem%20wdt%3AP571%20%3Finception%20%7D%0A%20%20SERVICE%20wikibase%3Alabel%20%7B%20bd%3AserviceParam%20wikibase%3Alanguage%20%22en%2Cmul%22%20%7D%0A%7D%20LIMIT%20500&format=json	PASS	json:results.bindings	500	200	232621	
WD_TELECOM_OPERATORS	https://query.wikidata.org/sparql?query=SELECT%20%3Fitem%20%3FitemLabel%20%3FcountryLabel%20%3Flat%20%3Flon%20%3FoperatorLabel%20%3Finception%20WHERE%20%7B%0A%20%20%3Fitem%20wdt%3AP31/wdt%3AP279%2A%20wd%3AQ2401749%20.%0A%20%20OPTIONAL%20%7B%20%3Fitem%20wdt%3AP17%20%3Fcountry%20%7D%0A%20%20OPTIONAL%20%7B%20%3Fitem%20p%3AP625/psv%3AP625%20%3Fc%20.%20%3Fc%20wikibase%3AgeoLatitude%20%3Flat%20%3B%20wikibase%3AgeoLongitude%20%3Flon%20%7D%0A%20%20OPTIONAL%20%7B%20%3Fitem%20wdt%3AP137%20%3Foperator%20%7D%0A%20%20OPTIONAL%20%7B%20%3Fitem%20wdt%3AP571%20%3Finception%20%7D%0A%20%20SERVICE%20wikibase%3Alabel%20%7B%20bd%3AserviceParam%20wikibase%3Alanguage%20%22en%2Cmul%22%20%7D%0A%7D%20LIMIT%203000&format=json	PASS	json:results.bindings	1174	200	563064	
WD_THINK_TANKS	https://query.wikidata.org/sparql?query=SELECT%20%3Fitem%20%3FitemLabel%20%3FcountryLabel%20%3Flat%20%3Flon%20%3FoperatorLabel%20%3Finception%20WHERE%20%7B%0A%20%20%3Fitem%20wdt%3AP31/wdt%3AP279%2A%20wd%3AQ188860%20.%0A%20%20OPTIONAL%20%7B%20%3Fitem%20wdt%3AP17%20%3Fcountry%20%7D%0A%20%20OPTIONAL%20%7B%20%3Fitem%20p%3AP625/psv%3AP625%20%3Fc%20.%20%3Fc%20wikibase%3AgeoLatitude%20%3Flat%20%3B%20wikibase%3AgeoLongitude%20%3Flon%20%7D%0A%20%20OPTIONAL%20%7B%20%3Fitem%20wdt%3AP137%20%3Foperator%20%7D%0A%20%20OPTIONAL%20%7B%20%3Fitem%20wdt%3AP571%20%3Finception%20%7D%0A%20%20SERVICE%20wikibase%3Alabel%20%7B%20bd%3AserviceParam%20wikibase%3Alanguage%20%22en%2Cmul%22%20%7D%0A%7D%20LIMIT%202000&format=json	PASS	json:results.bindings	2000	200	502057	
WD_TREATIES	https://query.wikidata.org/sparql?query=SELECT%20%3Fitem%20%3FitemLabel%20%3FcountryLabel%20%3Flat%20%3Flon%20%3FoperatorLabel%20%3Finception%20WHERE%20%7B%0A%20%20%3Fitem%20wdt%3AP31%20wd%3AQ131569%20.%0A%20%20OPTIONAL%20%7B%20%3Fitem%20wdt%3AP17%20%3Fcountry%20%7D%0A%20%20OPTIONAL%20%7B%20%3Fitem%20p%3AP625/psv%3AP625%20%3Fc%20.%20%3Fc%20wikibase%3AgeoLatitude%20%3Flat%20%3B%20wikibase%3AgeoLongitude%20%3Flon%20%7D%0A%20%20OPTIONAL%20%7B%20%3Fitem%20wdt%3AP137%20%3Foperator%20%7D%0A%20%20OPTIONAL%20%7B%20%3Fitem%20wdt%3AP571%20%3Finception%20%7D%0A%20%20SERVICE%20wikibase%3Alabel%20%7B%20bd%3AserviceParam%20wikibase%3Alanguage%20%22en%2Cmul%22%20%7D%0A%7D%20LIMIT%203000&format=json	PASS	json:results.bindings	3000	200	895972	
WEBTRIS_AREAS	https://webtris.nationalhighways.co.uk/api/v1.0/areas	PASS	json:areas	25	200	4814	
WEBTRIS_SITES	https://webtris.nationalhighways.co.uk/api/v1.0/sites	PASS	json:sites	20076	200	4146321	
WFIGS_INCIDENT_LOCATIONS	https://services3.arcgis.com/T4QMspbfLg3qTGWY/arcgis/rest/services/WFIGS_Incident_Locations_Current/FeatureServer/0/query?where=1%3D1&outFields=*&f=json&resultRecordCount=50	PASS	json:fields	97	200	159890	
WHO_GHO_DIMENSIONS	https://ghoapi.azureedge.net/api/DIMENSION	PASS	json:value	200	200	12008	
WHO_IRIS_PUBLICATION_SEARCH	https://iris.who.int/server/api/discover/search/objects?query=avian%20influenza&size=100	PASS	json:_embedded.facets	9	200	773215	
WHO_XMART_FLUID_EPI	https://xmart-api-public.who.int/FLUMART/VIW_FID_EPI?%24format=json&%24top=1000	PASS	json:value	1000	200	752558	
WHO_XMART_FLUNET_SENTINEL	https://xmart-api-public.who.int/FLUMART/VIW_FNT?%24format=json&%24top=1000	PASS	json:value	1000	200	977505	
WHO_XMART_FOODBORNE_BURDEN	https://xmart-api-public.who.int/NUTRITION/FACT_FBD?%24format=json&%24top=1000	PASS	json:value	1000	200	1218841	
WHO_XMART_GHE_FULL	https://xmart-api-public.who.int/DEX_CMS/GHE_FULL?%24format=json&%24top=1000	PASS	json:value	1000	200	1484564	
WHO_XMART_NCD_ALCOHOL	https://xmart-api-public.who.int/NCD/FACT_NCD_ALCOHOL?%24format=json&%24top=1000	PASS	json:value	1000	200	1298915	
WHO_XMART_NCD_CANCER	https://xmart-api-public.who.int/NCD/FACT_NCD_CANCER?%24format=json&%24top=1000	PASS	json:value	1000	200	1174706	
WHO_XMART_NCD_HYPERTENSION	https://xmart-api-public.who.int/NCD/FACT_NCD_RISKFACTOR_HYPERTENSION?%24format=json&%24top=1000	PASS	json:value	1000	200	1316052	
WHO_XMART_NCD_MORTALITY	https://xmart-api-public.who.int/NCD/FACT_NCD_MORTALITY?%24format=json&%24top=1000	PASS	json:value	1000	200	1396861	
WHO_XMART_NUTRITION_GTT_SURVEY	https://xmart-api-public.who.int/NUTRITION/GTT_SURVEY?%24format=json&%24top=1000	PASS	json:value	1000	200	703136	
WHO_XMART_NUTRITION_VMNIS	https://xmart-api-public.who.int/NUTRITION/VMNIS_MICRONUTS_PUBLIC?%24format=json&%24top=1000	PASS	json:value	1000	200	3105946	
WHO_XMART_PIP_COUNTRY	https://xmart-api-public.who.int/PIP/OUT_1_PP?%24format=json&%24top=1000	PASS	json:value	582	200	683278	
WHO_XMART_POPULATION_COUNT	https://xmart-api-public.who.int/DEX_CMS/POP_COUNT?%24format=json&%24top=1000	PASS	json:value	1000	200	608700	
WHO_XMART_TOBACCO_FACT	https://xmart-api-public.who.int/TOBACCO/FACT_TOBACCO?%24format=json&%24top=1000	PASS	json:value	1000	200	1016994	
WHO_XMART_TOBACCO_PREVALENCE	https://xmart-api-public.who.int/TOBACCO/WHOTobPrev?%24format=json&%24top=1000	PASS	json:value	1000	200	708556	
WHO_XMART_TOBACCO_TREATY_PARTIES	https://xmart-api-public.who.int/TOBACCO/TREATY_PARTIES?%24format=json&%24top=1000	PASS	json:value	1000	200	713978	
WHO_XMART_WHSA_FACT	https://xmart-api-public.who.int/DEX_CMS/WHSA_FACT?%24format=json&%24top=1000	PASS	json:value	1000	200	1332459	
WHO_XMART_WIISE_AEFI	https://xmart-api-public.who.int/WIISE/AD_AEFI?%24format=json&%24top=1000	PASS	json:value	1000	200	882019	
WHO_XMART_WIISE_COVERAGES	https://xmart-api-public.who.int/WIISE/AD_COVERAGES?%24format=json&%24top=1000	PASS	json:value	1000	200	1475923	
WHO_XMART_WIISE_HPV_ADMIN	https://xmart-api-public.who.int/WIISE/AD_HPVADMINS?%24format=json&%24top=1000	PASS	json:value	1000	200	1453111	
WHO_XMART_WIISE_INCIDENCES	https://xmart-api-public.who.int/WIISE/AD_INCIDENCES?%24format=json&%24top=1000	PASS	json:value	1000	200	1760439	
WHO_XMART_WIISE_MNTE	https://xmart-api-public.who.int/WIISE/AD_MNTE?%24format=json&%24top=1000	PASS	json:value	1000	200	876437	
WHO_XMART_WIISE_OUTBREAKS	https://xmart-api-public.who.int/WIISE/AD_OUTBREAKS?%24format=json&%24top=1000	PASS	json:value	1000	200	1456371	
WHO_XMART_WIISE_SCHEDULES	https://xmart-api-public.who.int/WIISE/AD_SCHEDULES?%24format=json&%24top=1000	PASS	json:value	1000	200	1151662	
WHO_XMART_WIISE_SIA_CONDUCTED	https://xmart-api-public.who.int/WIISE/AD_SIA_CONDUCTED?%24format=json&%24top=1000	PASS	json:value	1000	200	1196348	
WHO_XMART_WIISE_SURVEY_RESULTS	https://xmart-api-public.who.int/WIISE/AD_SURVEYS_RESULTS?%24format=json&%24top=1000	PASS	json:value	1000	200	1192076	
WHO_XMART_WIISE_SURV_LAB	https://xmart-api-public.who.int/WIISE/AD_SURV_LAB?%24format=json&%24top=1000	PASS	json:value	980	200	1006437	
WHO_XMART_WIISE_VACCINE_INTRO	https://xmart-api-public.who.int/WIISE/AD_VACCINE_INTRODUCTIONS?%24format=json&%24top=1000	PASS	json:value	1000	200	976063	
WIKIMEDIA_FEATURED_FEED	https://api.wikimedia.org/feed/v1/wikipedia/en/featured/2024/01/15	PASS	json:mostread.articles	43	200	326104	
WIKIMEDIA_SEARCH_PAGE	https://api.wikimedia.org/core/v1/wikipedia/en/search/page?q=sanctions&limit=100	PASS	json:pages	100	200	56989	
WIPO_UDRP_CCTLD_DECISIONS	https://www.wipo.int/amc/en/domains/decisionsx/index-cctld.html	PASS	html-anchors	717	200	148601	
WIPO_UDRP_GTLD_DECISIONS	https://www.wipo.int/amc/en/domains/decisionsx/index-gtld.html	PASS	html-anchors	385	200	69434	
WOAH_WAHIS_COUNTRY_REGISTER	https://wahis.woah.org/api/v1/pi/country/list	PASS	json-array	245	200	12460	
WORDPRESS_PLUGIN_REGISTRY	https://api.wordpress.org/plugins/info/1.2/?action=query_plugins&request[per_page]=100&request[page]=1	PASS	json:plugins	100	200	1126315	
WORDPRESS_THEME_REGISTRY	https://api.wordpress.org/themes/info/1.2/?action=query_themes&request[per_page]=100&request[page]=1	PASS	json:themes	100	200	157218	
WORLDBANK_COUNTRY_REGISTER	https://api.worldbank.org/v2/country?format=json&per_page=100	PASS	json-array	2	200	38202	
WORLDBANK_INDICATOR_CATALOGUE	https://api.worldbank.org/v2/indicator?format=json&per_page=100	PASS	json-array	2	200	29344	
WORLDBANK_SOURCE_REGISTER	https://api.worldbank.org/v2/sources?format=json&per_page=100	PASS	json-array	2	200	13048	
WWFF_SPOTS	https://spots.wwff.co/static/spots.json	PASS	json-array	76	200	31945	
XK_ASKDATA_DB	https://askdata.rks-gov.net/api/v1/en/	PASS	json-array	2	200	65	
XK_ASKDATA_ENERGY	https://askdata.rks-gov.net/api/v1/en/ASKdata/Energy/	PASS	json-array	3	200	203	
XK_ASKDATA_SUBJECTS	https://askdata.rks-gov.net/api/v1/en/ASKdata/	PASS	json-array	26	200	1659	
ZA_CSIR_RESEARCHSPACE	https://researchspace.csir.co.za/server/api/discover/search/objects?query=energy&size=50	PASS	json:_embedded.facets	5	200	677760	
ZA_HSRC_REPOSITORY	https://repository.hsrc.ac.za/rest/items?limit=50&expand=metadata	PASS	json-array	23	200	113600	
ZA_MUNIMONEY_AGED_DEBTORS	https://municipaldata.treasury.gov.za/api/cubes/aged_debtor_v2/facts?page=0&pagesize=100	PASS	json:data	100	200	65978	
ZA_MUNIMONEY_AUDIT_OPINIONS	https://municipaldata.treasury.gov.za/api/cubes/audit_opinions/facts?page=0&pagesize=100	PASS	json:data	100	200	34436	
ZA_MUNIMONEY_CAPITAL	https://municipaldata.treasury.gov.za/api/cubes/capital_v2/facts?page=0&pagesize=100	PASS	json:data	100	200	44645	
ZA_MUNIMONEY_CASHFLOW	https://municipaldata.treasury.gov.za/api/cubes/cflow_v2/facts?page=0&pagesize=100	PASS	json:data	100	200	40690	
ZA_MUNIMONEY_CUBE_CATALOGUE	https://municipaldata.treasury.gov.za/api/cubes	PASS	json:data	21	200	5783	
ZA_MUNIMONEY_INCOME_EXPENDITURE	https://municipaldata.treasury.gov.za/api/cubes/incexp_v2/facts?page=0&pagesize=100	PASS	json:data	100	200	60805	
ZA_MUNIMONEY_MUNICIPALITIES	https://municipaldata.treasury.gov.za/api/cubes/municipalities/facts?page=0&pagesize=100	PASS	json:data	100	200	80933	
ZA_MUNIMONEY_OFFICIALS	https://municipaldata.treasury.gov.za/api/cubes/officials/facts?page=0&pagesize=100	PASS	json:data	100	200	30987	
ZA_NWU_REPOSITORY	https://repository.nwu.ac.za/server/api/discover/search/objects?query=platinum&size=50	PASS	json:_embedded.facets	6	200	607623	
ZA_STELLENBOSCH_SCHOLAR	https://scholar.sun.ac.za/server/api/discover/search/objects?query=wine&size=50	PASS	json:_embedded.facets	5	200	730839	
ZA_WITS_WIREDSPACE	https://wiredspace.wits.ac.za/server/api/discover/search/objects?query=mining&size=50	PASS	json:_embedded.facets	6	200	557110	
ZW_BINDURA_REPOSITORY	https://ir.buse.ac.zw/server/api/discover/search/objects?query=zimbabwe&size=50	PASS	json:_embedded.facets	5	200	450785	
