id	url	kind	items	name	name_ja	collector	category	lang	tags	interval	description
jp-jma-warning-011000	https://www.jma.go.jp/bosai/warning/data/warning/011000.json	json:areaTypes	2	JMA Warnings and Advisories — Souya, Hokkaido	気象庁 警報・注意報 宗谷地方	jp_prefectural	disaster	ja	japan,prefecture,jma,warning,disaster,011000	900	Live warning/advisory state for every municipality in Souya, Hokkaido (JMA office 011000): warning codes, issue times and the per-area breakdown as published by the Japan Meteorological Agency.
jp-jma-warning-012000	https://www.jma.go.jp/bosai/warning/data/warning/012000.json	json:areaTypes	2	JMA Warnings and Advisories — Kamikawa/Rumoi, Hokkaido	気象庁 警報・注意報 上川・留萌地方	jp_prefectural	disaster	ja	japan,prefecture,jma,warning,disaster,012000	900	Live warning/advisory state for every municipality in Kamikawa/Rumoi, Hokkaido (JMA office 012000): warning codes, issue times and the per-area breakdown as published by the Japan Meteorological Agency.
jp-jma-warning-013000	https://www.jma.go.jp/bosai/warning/data/warning/013000.json	json:areaTypes	2	JMA Warnings and Advisories — Abashiri/Kitami/Monbetsu, Hokkaido	気象庁 警報・注意報 網走・北見・紋別地方	jp_prefectural	disaster	ja	japan,prefecture,jma,warning,disaster,013000	900	Live warning/advisory state for every municipality in Abashiri/Kitami/Monbetsu, Hokkaido (JMA office 013000): warning codes, issue times and the per-area breakdown as published by the Japan Meteorological Agency.
jp-jma-warning-014100	https://www.jma.go.jp/bosai/warning/data/warning/014100.json	json:areaTypes	2	JMA Warnings and Advisories — Kushiro/Nemuro/Tokachi, Hokkaido	気象庁 警報・注意報 釧路・根室・十勝地方	jp_prefectural	disaster	ja	japan,prefecture,jma,warning,disaster,014100	900	Live warning/advisory state for every municipality in Kushiro/Nemuro/Tokachi, Hokkaido (JMA office 014100): warning codes, issue times and the per-area breakdown as published by the Japan Meteorological Agency.
jp-jma-warning-015000	https://www.jma.go.jp/bosai/warning/data/warning/015000.json	json:areaTypes	2	JMA Warnings and Advisories — Tokachi, Hokkaido	気象庁 警報・注意報 十勝地方	jp_prefectural	disaster	ja	japan,prefecture,jma,warning,disaster,015000	900	Live warning/advisory state for every municipality in Tokachi, Hokkaido (JMA office 015000): warning codes, issue times and the per-area breakdown as published by the Japan Meteorological Agency.
jp-jma-warning-016000	https://www.jma.go.jp/bosai/warning/data/warning/016000.json	json:areaTypes	2	JMA Warnings and Advisories — Ishikari/Sorachi/Shiribeshi, Hokkaido	気象庁 警報・注意報 石狩・空知・後志地方	jp_prefectural	disaster	ja	japan,prefecture,jma,warning,disaster,016000	900	Live warning/advisory state for every municipality in Ishikari/Sorachi/Shiribeshi, Hokkaido (JMA office 016000): warning codes, issue times and the per-area breakdown as published by the Japan Meteorological Agency.
jp-jma-warning-017000	https://www.jma.go.jp/bosai/warning/data/warning/017000.json	json:areaTypes	2	JMA Warnings and Advisories — Iburi/Hidaka, Hokkaido	気象庁 警報・注意報 胆振・日高地方	jp_prefectural	disaster	ja	japan,prefecture,jma,warning,disaster,017000	900	Live warning/advisory state for every municipality in Iburi/Hidaka, Hokkaido (JMA office 017000): warning codes, issue times and the per-area breakdown as published by the Japan Meteorological Agency.
jp-jma-warning-020000	https://www.jma.go.jp/bosai/warning/data/warning/020000.json	json:areaTypes	2	JMA Warnings and Advisories — Aomori Prefecture	気象庁 警報・注意報 青森県	jp_prefectural	disaster	ja	japan,prefecture,jma,warning,disaster,020000	900	Live warning/advisory state for every municipality in Aomori Prefecture (JMA office 020000): warning codes, issue times and the per-area breakdown as published by the Japan Meteorological Agency.
jp-jma-warning-030000	https://www.jma.go.jp/bosai/warning/data/warning/030000.json	json:areaTypes	2	JMA Warnings and Advisories — Iwate Prefecture	気象庁 警報・注意報 岩手県	jp_prefectural	disaster	ja	japan,prefecture,jma,warning,disaster,030000	900	Live warning/advisory state for every municipality in Iwate Prefecture (JMA office 030000): warning codes, issue times and the per-area breakdown as published by the Japan Meteorological Agency.
jp-jma-warning-040000	https://www.jma.go.jp/bosai/warning/data/warning/040000.json	json:areaTypes	2	JMA Warnings and Advisories — Miyagi Prefecture	気象庁 警報・注意報 宮城県	jp_prefectural	disaster	ja	japan,prefecture,jma,warning,disaster,040000	900	Live warning/advisory state for every municipality in Miyagi Prefecture (JMA office 040000): warning codes, issue times and the per-area breakdown as published by the Japan Meteorological Agency.
jp-jma-warning-050000	https://www.jma.go.jp/bosai/warning/data/warning/050000.json	json:areaTypes	2	JMA Warnings and Advisories — Akita Prefecture	気象庁 警報・注意報 秋田県	jp_prefectural	disaster	ja	japan,prefecture,jma,warning,disaster,050000	900	Live warning/advisory state for every municipality in Akita Prefecture (JMA office 050000): warning codes, issue times and the per-area breakdown as published by the Japan Meteorological Agency.
jp-jma-warning-060000	https://www.jma.go.jp/bosai/warning/data/warning/060000.json	json:areaTypes	2	JMA Warnings and Advisories — Yamagata Prefecture	気象庁 警報・注意報 山形県	jp_prefectural	disaster	ja	japan,prefecture,jma,warning,disaster,060000	900	Live warning/advisory state for every municipality in Yamagata Prefecture (JMA office 060000): warning codes, issue times and the per-area breakdown as published by the Japan Meteorological Agency.
jp-jma-warning-070000	https://www.jma.go.jp/bosai/warning/data/warning/070000.json	json:areaTypes	2	JMA Warnings and Advisories — Fukushima Prefecture	気象庁 警報・注意報 福島県	jp_prefectural	disaster	ja	japan,prefecture,jma,warning,disaster,070000	900	Live warning/advisory state for every municipality in Fukushima Prefecture (JMA office 070000): warning codes, issue times and the per-area breakdown as published by the Japan Meteorological Agency.
jp-jma-warning-080000	https://www.jma.go.jp/bosai/warning/data/warning/080000.json	json:areaTypes	2	JMA Warnings and Advisories — Ibaraki Prefecture	気象庁 警報・注意報 茨城県	jp_prefectural	disaster	ja	japan,prefecture,jma,warning,disaster,080000	900	Live warning/advisory state for every municipality in Ibaraki Prefecture (JMA office 080000): warning codes, issue times and the per-area breakdown as published by the Japan Meteorological Agency.
jp-jma-warning-090000	https://www.jma.go.jp/bosai/warning/data/warning/090000.json	json:areaTypes	2	JMA Warnings and Advisories — Tochigi Prefecture	気象庁 警報・注意報 栃木県	jp_prefectural	disaster	ja	japan,prefecture,jma,warning,disaster,090000	900	Live warning/advisory state for every municipality in Tochigi Prefecture (JMA office 090000): warning codes, issue times and the per-area breakdown as published by the Japan Meteorological Agency.
jp-jma-warning-100000	https://www.jma.go.jp/bosai/warning/data/warning/100000.json	json:areaTypes	2	JMA Warnings and Advisories — Gunma Prefecture	気象庁 警報・注意報 群馬県	jp_prefectural	disaster	ja	japan,prefecture,jma,warning,disaster,100000	900	Live warning/advisory state for every municipality in Gunma Prefecture (JMA office 100000): warning codes, issue times and the per-area breakdown as published by the Japan Meteorological Agency.
jp-jma-warning-110000	https://www.jma.go.jp/bosai/warning/data/warning/110000.json	json:areaTypes	2	JMA Warnings and Advisories — Saitama Prefecture	気象庁 警報・注意報 埼玉県	jp_prefectural	disaster	ja	japan,prefecture,jma,warning,disaster,110000	900	Live warning/advisory state for every municipality in Saitama Prefecture (JMA office 110000): warning codes, issue times and the per-area breakdown as published by the Japan Meteorological Agency.
jp-jma-warning-120000	https://www.jma.go.jp/bosai/warning/data/warning/120000.json	json:areaTypes	2	JMA Warnings and Advisories — Chiba Prefecture	気象庁 警報・注意報 千葉県	jp_prefectural	disaster	ja	japan,prefecture,jma,warning,disaster,120000	900	Live warning/advisory state for every municipality in Chiba Prefecture (JMA office 120000): warning codes, issue times and the per-area breakdown as published by the Japan Meteorological Agency.
jp-jma-warning-130000	https://www.jma.go.jp/bosai/warning/data/warning/130000.json	json:areaTypes	2	JMA Warnings and Advisories — Tokyo Metropolis	気象庁 警報・注意報 東京都	jp_prefectural	disaster	ja	japan,prefecture,jma,warning,disaster,130000	900	Live warning/advisory state for every municipality in Tokyo Metropolis (JMA office 130000): warning codes, issue times and the per-area breakdown as published by the Japan Meteorological Agency.
jp-jma-warning-140000	https://www.jma.go.jp/bosai/warning/data/warning/140000.json	json:areaTypes	2	JMA Warnings and Advisories — Kanagawa Prefecture	気象庁 警報・注意報 神奈川県	jp_prefectural	disaster	ja	japan,prefecture,jma,warning,disaster,140000	900	Live warning/advisory state for every municipality in Kanagawa Prefecture (JMA office 140000): warning codes, issue times and the per-area breakdown as published by the Japan Meteorological Agency.
jp-jma-warning-150000	https://www.jma.go.jp/bosai/warning/data/warning/150000.json	json:areaTypes	2	JMA Warnings and Advisories — Niigata Prefecture	気象庁 警報・注意報 新潟県	jp_prefectural	disaster	ja	japan,prefecture,jma,warning,disaster,150000	900	Live warning/advisory state for every municipality in Niigata Prefecture (JMA office 150000): warning codes, issue times and the per-area breakdown as published by the Japan Meteorological Agency.
jp-jma-warning-160000	https://www.jma.go.jp/bosai/warning/data/warning/160000.json	json:areaTypes	2	JMA Warnings and Advisories — Toyama Prefecture	気象庁 警報・注意報 富山県	jp_prefectural	disaster	ja	japan,prefecture,jma,warning,disaster,160000	900	Live warning/advisory state for every municipality in Toyama Prefecture (JMA office 160000): warning codes, issue times and the per-area breakdown as published by the Japan Meteorological Agency.
jp-jma-warning-170000	https://www.jma.go.jp/bosai/warning/data/warning/170000.json	json:areaTypes	2	JMA Warnings and Advisories — Ishikawa Prefecture	気象庁 警報・注意報 石川県	jp_prefectural	disaster	ja	japan,prefecture,jma,warning,disaster,170000	900	Live warning/advisory state for every municipality in Ishikawa Prefecture (JMA office 170000): warning codes, issue times and the per-area breakdown as published by the Japan Meteorological Agency.
jp-jma-warning-180000	https://www.jma.go.jp/bosai/warning/data/warning/180000.json	json:areaTypes	2	JMA Warnings and Advisories — Fukui Prefecture	気象庁 警報・注意報 福井県	jp_prefectural	disaster	ja	japan,prefecture,jma,warning,disaster,180000	900	Live warning/advisory state for every municipality in Fukui Prefecture (JMA office 180000): warning codes, issue times and the per-area breakdown as published by the Japan Meteorological Agency.
jp-jma-warning-190000	https://www.jma.go.jp/bosai/warning/data/warning/190000.json	json:areaTypes	2	JMA Warnings and Advisories — Yamanashi Prefecture	気象庁 警報・注意報 山梨県	jp_prefectural	disaster	ja	japan,prefecture,jma,warning,disaster,190000	900	Live warning/advisory state for every municipality in Yamanashi Prefecture (JMA office 190000): warning codes, issue times and the per-area breakdown as published by the Japan Meteorological Agency.
jp-jma-warning-200000	https://www.jma.go.jp/bosai/warning/data/warning/200000.json	json:areaTypes	2	JMA Warnings and Advisories — Nagano Prefecture	気象庁 警報・注意報 長野県	jp_prefectural	disaster	ja	japan,prefecture,jma,warning,disaster,200000	900	Live warning/advisory state for every municipality in Nagano Prefecture (JMA office 200000): warning codes, issue times and the per-area breakdown as published by the Japan Meteorological Agency.
jp-jma-warning-210000	https://www.jma.go.jp/bosai/warning/data/warning/210000.json	json:areaTypes	2	JMA Warnings and Advisories — Gifu Prefecture	気象庁 警報・注意報 岐阜県	jp_prefectural	disaster	ja	japan,prefecture,jma,warning,disaster,210000	900	Live warning/advisory state for every municipality in Gifu Prefecture (JMA office 210000): warning codes, issue times and the per-area breakdown as published by the Japan Meteorological Agency.
jp-jma-warning-220000	https://www.jma.go.jp/bosai/warning/data/warning/220000.json	json:areaTypes	2	JMA Warnings and Advisories — Shizuoka Prefecture	気象庁 警報・注意報 静岡県	jp_prefectural	disaster	ja	japan,prefecture,jma,warning,disaster,220000	900	Live warning/advisory state for every municipality in Shizuoka Prefecture (JMA office 220000): warning codes, issue times and the per-area breakdown as published by the Japan Meteorological Agency.
jp-jma-warning-230000	https://www.jma.go.jp/bosai/warning/data/warning/230000.json	json:areaTypes	2	JMA Warnings and Advisories — Aichi Prefecture	気象庁 警報・注意報 愛知県	jp_prefectural	disaster	ja	japan,prefecture,jma,warning,disaster,230000	900	Live warning/advisory state for every municipality in Aichi Prefecture (JMA office 230000): warning codes, issue times and the per-area breakdown as published by the Japan Meteorological Agency.
jp-jma-warning-240000	https://www.jma.go.jp/bosai/warning/data/warning/240000.json	json:areaTypes	2	JMA Warnings and Advisories — Mie Prefecture	気象庁 警報・注意報 三重県	jp_prefectural	disaster	ja	japan,prefecture,jma,warning,disaster,240000	900	Live warning/advisory state for every municipality in Mie Prefecture (JMA office 240000): warning codes, issue times and the per-area breakdown as published by the Japan Meteorological Agency.
jp-jma-warning-250000	https://www.jma.go.jp/bosai/warning/data/warning/250000.json	json:areaTypes	2	JMA Warnings and Advisories — Shiga Prefecture	気象庁 警報・注意報 滋賀県	jp_prefectural	disaster	ja	japan,prefecture,jma,warning,disaster,250000	900	Live warning/advisory state for every municipality in Shiga Prefecture (JMA office 250000): warning codes, issue times and the per-area breakdown as published by the Japan Meteorological Agency.
jp-jma-warning-260000	https://www.jma.go.jp/bosai/warning/data/warning/260000.json	json:areaTypes	2	JMA Warnings and Advisories — Kyoto Prefecture	気象庁 警報・注意報 京都府	jp_prefectural	disaster	ja	japan,prefecture,jma,warning,disaster,260000	900	Live warning/advisory state for every municipality in Kyoto Prefecture (JMA office 260000): warning codes, issue times and the per-area breakdown as published by the Japan Meteorological Agency.
jp-jma-warning-270000	https://www.jma.go.jp/bosai/warning/data/warning/270000.json	json:areaTypes	2	JMA Warnings and Advisories — Osaka Prefecture	気象庁 警報・注意報 大阪府	jp_prefectural	disaster	ja	japan,prefecture,jma,warning,disaster,270000	900	Live warning/advisory state for every municipality in Osaka Prefecture (JMA office 270000): warning codes, issue times and the per-area breakdown as published by the Japan Meteorological Agency.
jp-jma-warning-280000	https://www.jma.go.jp/bosai/warning/data/warning/280000.json	json:areaTypes	2	JMA Warnings and Advisories — Hyogo Prefecture	気象庁 警報・注意報 兵庫県	jp_prefectural	disaster	ja	japan,prefecture,jma,warning,disaster,280000	900	Live warning/advisory state for every municipality in Hyogo Prefecture (JMA office 280000): warning codes, issue times and the per-area breakdown as published by the Japan Meteorological Agency.
jp-jma-warning-290000	https://www.jma.go.jp/bosai/warning/data/warning/290000.json	json:areaTypes	2	JMA Warnings and Advisories — Nara Prefecture	気象庁 警報・注意報 奈良県	jp_prefectural	disaster	ja	japan,prefecture,jma,warning,disaster,290000	900	Live warning/advisory state for every municipality in Nara Prefecture (JMA office 290000): warning codes, issue times and the per-area breakdown as published by the Japan Meteorological Agency.
jp-jma-warning-300000	https://www.jma.go.jp/bosai/warning/data/warning/300000.json	json:areaTypes	2	JMA Warnings and Advisories — Wakayama Prefecture	気象庁 警報・注意報 和歌山県	jp_prefectural	disaster	ja	japan,prefecture,jma,warning,disaster,300000	900	Live warning/advisory state for every municipality in Wakayama Prefecture (JMA office 300000): warning codes, issue times and the per-area breakdown as published by the Japan Meteorological Agency.
jp-jma-warning-310000	https://www.jma.go.jp/bosai/warning/data/warning/310000.json	json:areaTypes	2	JMA Warnings and Advisories — Tottori Prefecture	気象庁 警報・注意報 鳥取県	jp_prefectural	disaster	ja	japan,prefecture,jma,warning,disaster,310000	900	Live warning/advisory state for every municipality in Tottori Prefecture (JMA office 310000): warning codes, issue times and the per-area breakdown as published by the Japan Meteorological Agency.
jp-jma-warning-320000	https://www.jma.go.jp/bosai/warning/data/warning/320000.json	json:areaTypes	2	JMA Warnings and Advisories — Shimane Prefecture	気象庁 警報・注意報 島根県	jp_prefectural	disaster	ja	japan,prefecture,jma,warning,disaster,320000	900	Live warning/advisory state for every municipality in Shimane Prefecture (JMA office 320000): warning codes, issue times and the per-area breakdown as published by the Japan Meteorological Agency.
jp-jma-warning-330000	https://www.jma.go.jp/bosai/warning/data/warning/330000.json	json:areaTypes	2	JMA Warnings and Advisories — Okayama Prefecture	気象庁 警報・注意報 岡山県	jp_prefectural	disaster	ja	japan,prefecture,jma,warning,disaster,330000	900	Live warning/advisory state for every municipality in Okayama Prefecture (JMA office 330000): warning codes, issue times and the per-area breakdown as published by the Japan Meteorological Agency.
jp-jma-warning-340000	https://www.jma.go.jp/bosai/warning/data/warning/340000.json	json:areaTypes	2	JMA Warnings and Advisories — Hiroshima Prefecture	気象庁 警報・注意報 広島県	jp_prefectural	disaster	ja	japan,prefecture,jma,warning,disaster,340000	900	Live warning/advisory state for every municipality in Hiroshima Prefecture (JMA office 340000): warning codes, issue times and the per-area breakdown as published by the Japan Meteorological Agency.
jp-jma-warning-350000	https://www.jma.go.jp/bosai/warning/data/warning/350000.json	json:areaTypes	2	JMA Warnings and Advisories — Yamaguchi Prefecture	気象庁 警報・注意報 山口県	jp_prefectural	disaster	ja	japan,prefecture,jma,warning,disaster,350000	900	Live warning/advisory state for every municipality in Yamaguchi Prefecture (JMA office 350000): warning codes, issue times and the per-area breakdown as published by the Japan Meteorological Agency.
jp-jma-warning-360000	https://www.jma.go.jp/bosai/warning/data/warning/360000.json	json:areaTypes	2	JMA Warnings and Advisories — Tokushima Prefecture	気象庁 警報・注意報 徳島県	jp_prefectural	disaster	ja	japan,prefecture,jma,warning,disaster,360000	900	Live warning/advisory state for every municipality in Tokushima Prefecture (JMA office 360000): warning codes, issue times and the per-area breakdown as published by the Japan Meteorological Agency.
jp-jma-warning-370000	https://www.jma.go.jp/bosai/warning/data/warning/370000.json	json:areaTypes	2	JMA Warnings and Advisories — Kagawa Prefecture	気象庁 警報・注意報 香川県	jp_prefectural	disaster	ja	japan,prefecture,jma,warning,disaster,370000	900	Live warning/advisory state for every municipality in Kagawa Prefecture (JMA office 370000): warning codes, issue times and the per-area breakdown as published by the Japan Meteorological Agency.
jp-jma-warning-380000	https://www.jma.go.jp/bosai/warning/data/warning/380000.json	json:areaTypes	2	JMA Warnings and Advisories — Ehime Prefecture	気象庁 警報・注意報 愛媛県	jp_prefectural	disaster	ja	japan,prefecture,jma,warning,disaster,380000	900	Live warning/advisory state for every municipality in Ehime Prefecture (JMA office 380000): warning codes, issue times and the per-area breakdown as published by the Japan Meteorological Agency.
jp-jma-warning-390000	https://www.jma.go.jp/bosai/warning/data/warning/390000.json	json:areaTypes	2	JMA Warnings and Advisories — Kochi Prefecture	気象庁 警報・注意報 高知県	jp_prefectural	disaster	ja	japan,prefecture,jma,warning,disaster,390000	900	Live warning/advisory state for every municipality in Kochi Prefecture (JMA office 390000): warning codes, issue times and the per-area breakdown as published by the Japan Meteorological Agency.
jp-jma-warning-400000	https://www.jma.go.jp/bosai/warning/data/warning/400000.json	json:areaTypes	2	JMA Warnings and Advisories — Fukuoka Prefecture	気象庁 警報・注意報 福岡県	jp_prefectural	disaster	ja	japan,prefecture,jma,warning,disaster,400000	900	Live warning/advisory state for every municipality in Fukuoka Prefecture (JMA office 400000): warning codes, issue times and the per-area breakdown as published by the Japan Meteorological Agency.
jp-jma-warning-410000	https://www.jma.go.jp/bosai/warning/data/warning/410000.json	json:areaTypes	2	JMA Warnings and Advisories — Saga Prefecture	気象庁 警報・注意報 佐賀県	jp_prefectural	disaster	ja	japan,prefecture,jma,warning,disaster,410000	900	Live warning/advisory state for every municipality in Saga Prefecture (JMA office 410000): warning codes, issue times and the per-area breakdown as published by the Japan Meteorological Agency.
jp-jma-warning-420000	https://www.jma.go.jp/bosai/warning/data/warning/420000.json	json:areaTypes	2	JMA Warnings and Advisories — Nagasaki Prefecture	気象庁 警報・注意報 長崎県	jp_prefectural	disaster	ja	japan,prefecture,jma,warning,disaster,420000	900	Live warning/advisory state for every municipality in Nagasaki Prefecture (JMA office 420000): warning codes, issue times and the per-area breakdown as published by the Japan Meteorological Agency.
jp-jma-warning-430000	https://www.jma.go.jp/bosai/warning/data/warning/430000.json	json:areaTypes	2	JMA Warnings and Advisories — Kumamoto Prefecture	気象庁 警報・注意報 熊本県	jp_prefectural	disaster	ja	japan,prefecture,jma,warning,disaster,430000	900	Live warning/advisory state for every municipality in Kumamoto Prefecture (JMA office 430000): warning codes, issue times and the per-area breakdown as published by the Japan Meteorological Agency.
jp-jma-warning-440000	https://www.jma.go.jp/bosai/warning/data/warning/440000.json	json:areaTypes	2	JMA Warnings and Advisories — Oita Prefecture	気象庁 警報・注意報 大分県	jp_prefectural	disaster	ja	japan,prefecture,jma,warning,disaster,440000	900	Live warning/advisory state for every municipality in Oita Prefecture (JMA office 440000): warning codes, issue times and the per-area breakdown as published by the Japan Meteorological Agency.
jp-jma-warning-450000	https://www.jma.go.jp/bosai/warning/data/warning/450000.json	json:areaTypes	2	JMA Warnings and Advisories — Miyazaki Prefecture	気象庁 警報・注意報 宮崎県	jp_prefectural	disaster	ja	japan,prefecture,jma,warning,disaster,450000	900	Live warning/advisory state for every municipality in Miyazaki Prefecture (JMA office 450000): warning codes, issue times and the per-area breakdown as published by the Japan Meteorological Agency.
jp-jma-warning-460100	https://www.jma.go.jp/bosai/warning/data/warning/460100.json	json:areaTypes	2	JMA Warnings and Advisories — Kagoshima Prefecture	気象庁 警報・注意報 鹿児島県	jp_prefectural	disaster	ja	japan,prefecture,jma,warning,disaster,460100	900	Live warning/advisory state for every municipality in Kagoshima Prefecture (JMA office 460100): warning codes, issue times and the per-area breakdown as published by the Japan Meteorological Agency.
jp-jma-warning-471000	https://www.jma.go.jp/bosai/warning/data/warning/471000.json	json:areaTypes	2	JMA Warnings and Advisories — Okinawa Main Island	気象庁 警報・注意報 沖縄本島地方	jp_prefectural	disaster	ja	japan,prefecture,jma,warning,disaster,471000	900	Live warning/advisory state for every municipality in Okinawa Main Island (JMA office 471000): warning codes, issue times and the per-area breakdown as published by the Japan Meteorological Agency.
jp-jma-warning-472000	https://www.jma.go.jp/bosai/warning/data/warning/472000.json	json:areaTypes	2	JMA Warnings and Advisories — Daito Islands, Okinawa	気象庁 警報・注意報 大東島地方	jp_prefectural	disaster	ja	japan,prefecture,jma,warning,disaster,472000	900	Live warning/advisory state for every municipality in Daito Islands, Okinawa (JMA office 472000): warning codes, issue times and the per-area breakdown as published by the Japan Meteorological Agency.
jp-jma-warning-473000	https://www.jma.go.jp/bosai/warning/data/warning/473000.json	json:areaTypes	2	JMA Warnings and Advisories — Miyakojima, Okinawa	気象庁 警報・注意報 宮古島地方	jp_prefectural	disaster	ja	japan,prefecture,jma,warning,disaster,473000	900	Live warning/advisory state for every municipality in Miyakojima, Okinawa (JMA office 473000): warning codes, issue times and the per-area breakdown as published by the Japan Meteorological Agency.
jp-jma-warning-474000	https://www.jma.go.jp/bosai/warning/data/warning/474000.json	json:areaTypes	2	JMA Warnings and Advisories — Yaeyama, Okinawa	気象庁 警報・注意報 八重山地方	jp_prefectural	disaster	ja	japan,prefecture,jma,warning,disaster,474000	900	Live warning/advisory state for every municipality in Yaeyama, Okinawa (JMA office 474000): warning codes, issue times and the per-area breakdown as published by the Japan Meteorological Agency.
jp-ckan-tokyo-organization-list	https://catalog.data.metro.tokyo.lg.jp/api/3/action/organization_list?all_fields=true&limit=1000	json:result	25	Tokyo Metropolitan Government Open Data — Publisher Registry	東京都オープンデータカタログ 提供組織一覧	jp_prefectural	opendata	ja	japan,opendata,ckan,registry,tokyo	86400	Every publishing organisation in the portal with title, description and dataset count. Source: Tokyo Metropolitan Government Open Data.
jp-ckan-tokyo-group-list	https://catalog.data.metro.tokyo.lg.jp/api/3/action/group_list?all_fields=true	json:result	16	Tokyo Metropolitan Government Open Data — Group Registry	東京都オープンデータカタログ グループ一覧	jp_prefectural	opendata	ja	japan,opendata,ckan,registry,tokyo	86400	Every thematic group defined in the portal, with dataset counts. Source: Tokyo Metropolitan Government Open Data.
jp-ckan-tokyo-tag-list	https://catalog.data.metro.tokyo.lg.jp/api/3/action/tag_list?all_fields=false	json:result	7	Tokyo Metropolitan Government Open Data — Tag Vocabulary	東京都オープンデータカタログ タグ語彙	jp_prefectural	opendata	ja	japan,opendata,ckan,registry,tokyo	86400	The portal's full free-tag vocabulary — a cheap map of what the publisher covers. Source: Tokyo Metropolitan Government Open Data.
jp-ckan-tokyo-license-list	https://catalog.data.metro.tokyo.lg.jp/api/3/action/license_list	json:result	20	Tokyo Metropolitan Government Open Data — Licence Registry	東京都オープンデータカタログ ライセンス一覧	jp_prefectural	opendata	ja	japan,opendata,ckan,registry,tokyo	86400	Licences in use across the portal's datasets. Source: Tokyo Metropolitan Government Open Data.
jp-ckan-tokyo-q-bousai	https://catalog.data.metro.tokyo.lg.jp/api/3/action/package_search?rows=100&q=防災	json:result.results	100	Tokyo Metropolitan Government Open Data — Disaster Preparedness Datasets	東京都オープンデータカタログ 防災データセット	jp_prefectural	disaster	ja	japan,opendata,ckan,bousai,tokyo	86400	Every dataset in Tokyo Metropolitan Government Open Data matching '防災' (disaster preparedness), with publisher, licence, resources and update time as held in the catalogue.
jp-ckan-tokyo-q-jinko	https://catalog.data.metro.tokyo.lg.jp/api/3/action/package_search?rows=100&q=人口	json:result.results	100	Tokyo Metropolitan Government Open Data — Population Datasets	東京都オープンデータカタログ 人口データセット	jp_prefectural	statistics	ja	japan,opendata,ckan,jinko,tokyo	86400	Every dataset in Tokyo Metropolitan Government Open Data matching '人口' (population), with publisher, licence, resources and update time as held in the catalogue.
jp-ckan-tokyo-q-koutsuu	https://catalog.data.metro.tokyo.lg.jp/api/3/action/package_search?rows=100&q=交通	json:result.results	100	Tokyo Metropolitan Government Open Data — Transport Datasets	東京都オープンデータカタログ 交通データセット	jp_prefectural	transport	ja	japan,opendata,ckan,koutsuu,tokyo	86400	Every dataset in Tokyo Metropolitan Government Open Data matching '交通' (transport), with publisher, licence, resources and update time as held in the catalogue.
jp-ckan-tokyo-q-iryou	https://catalog.data.metro.tokyo.lg.jp/api/3/action/package_search?rows=100&q=医療	json:result.results	100	Tokyo Metropolitan Government Open Data — Healthcare Datasets	東京都オープンデータカタログ 医療データセット	jp_prefectural	health	ja	japan,opendata,ckan,iryou,tokyo	86400	Every dataset in Tokyo Metropolitan Government Open Data matching '医療' (healthcare), with publisher, licence, resources and update time as held in the catalogue.
jp-ckan-tokyo-q-kyouiku	https://catalog.data.metro.tokyo.lg.jp/api/3/action/package_search?rows=100&q=教育	json:result.results	100	Tokyo Metropolitan Government Open Data — Education Datasets	東京都オープンデータカタログ 教育データセット	jp_prefectural	education	ja	japan,opendata,ckan,kyouiku,tokyo	86400	Every dataset in Tokyo Metropolitan Government Open Data matching '教育' (education), with publisher, licence, resources and update time as held in the catalogue.
jp-ckan-tokyo-q-gakkou	https://catalog.data.metro.tokyo.lg.jp/api/3/action/package_search?rows=100&q=学校	json:result.results	100	Tokyo Metropolitan Government Open Data — Schools Datasets	東京都オープンデータカタログ 学校データセット	jp_prefectural	education	ja	japan,opendata,ckan,gakkou,tokyo	86400	Every dataset in Tokyo Metropolitan Government Open Data matching '学校' (schools), with publisher, licence, resources and update time as held in the catalogue.
jp-ckan-tokyo-q-shisetsu	https://catalog.data.metro.tokyo.lg.jp/api/3/action/package_search?rows=100&q=施設	json:result.results	100	Tokyo Metropolitan Government Open Data — Public Facilities Datasets	東京都オープンデータカタログ 施設データセット	jp_prefectural	infrastructure	ja	japan,opendata,ckan,shisetsu,tokyo	86400	Every dataset in Tokyo Metropolitan Government Open Data matching '施設' (public facilities), with publisher, licence, resources and update time as held in the catalogue.
jp-ckan-tokyo-q-kankou	https://catalog.data.metro.tokyo.lg.jp/api/3/action/package_search?rows=100&q=観光	json:result.results	100	Tokyo Metropolitan Government Open Data — Tourism Datasets	東京都オープンデータカタログ 観光データセット	jp_prefectural	tourism	ja	japan,opendata,ckan,kankou,tokyo	86400	Every dataset in Tokyo Metropolitan Government Open Data matching '観光' (tourism), with publisher, licence, resources and update time as held in the catalogue.
jp-ckan-tokyo-q-kankyou	https://catalog.data.metro.tokyo.lg.jp/api/3/action/package_search?rows=100&q=環境	json:result.results	100	Tokyo Metropolitan Government Open Data — Environment Datasets	東京都オープンデータカタログ 環境データセット	jp_prefectural	environment	ja	japan,opendata,ckan,kankyou,tokyo	86400	Every dataset in Tokyo Metropolitan Government Open Data matching '環境' (environment), with publisher, licence, resources and update time as held in the catalogue.
jp-ckan-tokyo-q-toukei	https://catalog.data.metro.tokyo.lg.jp/api/3/action/package_search?rows=100&q=統計	json:result.results	100	Tokyo Metropolitan Government Open Data — Statistics Datasets	東京都オープンデータカタログ 統計データセット	jp_prefectural	statistics	ja	japan,opendata,ckan,toukei,tokyo	86400	Every dataset in Tokyo Metropolitan Government Open Data matching '統計' (statistics), with publisher, licence, resources and update time as held in the catalogue.
jp-ckan-tokyo-q-zaisei	https://catalog.data.metro.tokyo.lg.jp/api/3/action/package_search?rows=100&q=財政	json:result.results	100	Tokyo Metropolitan Government Open Data — Public Finance Datasets	東京都オープンデータカタログ 財政データセット	jp_prefectural	economy	ja	japan,opendata,ckan,zaisei,tokyo	86400	Every dataset in Tokyo Metropolitan Government Open Data matching '財政' (public finance), with publisher, licence, resources and update time as held in the catalogue.
jp-ckan-tokyo-q-nyuusatsu	https://catalog.data.metro.tokyo.lg.jp/api/3/action/package_search?rows=100&q=入札	json:result.results	2	Tokyo Metropolitan Government Open Data — Procurement And Tenders Datasets	東京都オープンデータカタログ 入札データセット	jp_prefectural	procurement	ja	japan,opendata,ckan,nyuusatsu,tokyo	86400	Every dataset in Tokyo Metropolitan Government Open Data matching '入札' (procurement and tenders), with publisher, licence, resources and update time as held in the catalogue.
jp-ckan-tokyo-q-hinanjo	https://catalog.data.metro.tokyo.lg.jp/api/3/action/package_search?rows=100&q=避難所	json:result.results	100	Tokyo Metropolitan Government Open Data — Evacuation Shelters Datasets	東京都オープンデータカタログ 避難所データセット	jp_prefectural	disaster	ja	japan,opendata,ckan,hinanjo,tokyo	86400	Every dataset in Tokyo Metropolitan Government Open Data matching '避難所' (evacuation shelters), with publisher, licence, resources and update time as held in the catalogue.
jp-ckan-tokyo-q-suidou	https://catalog.data.metro.tokyo.lg.jp/api/3/action/package_search?rows=100&q=水道	json:result.results	100	Tokyo Metropolitan Government Open Data — Water Supply Datasets	東京都オープンデータカタログ 水道データセット	jp_prefectural	infrastructure	ja	japan,opendata,ckan,suidou,tokyo	86400	Every dataset in Tokyo Metropolitan Government Open Data matching '水道' (water supply), with publisher, licence, resources and update time as held in the catalogue.
jp-ckan-tokyo-q-gomi	https://catalog.data.metro.tokyo.lg.jp/api/3/action/package_search?rows=100&q=ごみ	json:result.results	100	Tokyo Metropolitan Government Open Data — Waste Collection Datasets	東京都オープンデータカタログ ごみデータセット	jp_prefectural	environment	ja	japan,opendata,ckan,gomi,tokyo	86400	Every dataset in Tokyo Metropolitan Government Open Data matching 'ごみ' (waste collection), with publisher, licence, resources and update time as held in the catalogue.
jp-ckan-tokyo-q-chiiki	https://catalog.data.metro.tokyo.lg.jp/api/3/action/package_search?rows=100&q=地域	json:result.results	100	Tokyo Metropolitan Government Open Data — Regional Planning Datasets	東京都オープンデータカタログ 地域データセット	jp_prefectural	government	ja	japan,opendata,ckan,chiiki,tokyo	86400	Every dataset in Tokyo Metropolitan Government Open Data matching '地域' (regional planning), with publisher, licence, resources and update time as held in the catalogue.
jp-ckan-tokyo-q-anzen	https://catalog.data.metro.tokyo.lg.jp/api/3/action/package_search?rows=100&q=安全	json:result.results	100	Tokyo Metropolitan Government Open Data — Public Safety Datasets	東京都オープンデータカタログ 安全データセット	jp_prefectural	security	ja	japan,opendata,ckan,anzen,tokyo	86400	Every dataset in Tokyo Metropolitan Government Open Data matching '安全' (public safety), with publisher, licence, resources and update time as held in the catalogue.
jp-ckan-tokyo-q-kasen	https://catalog.data.metro.tokyo.lg.jp/api/3/action/package_search?rows=100&q=河川	json:result.results	100	Tokyo Metropolitan Government Open Data — Rivers And Flood Control Datasets	東京都オープンデータカタログ 河川データセット	jp_prefectural	disaster	ja	japan,opendata,ckan,kasen,tokyo	86400	Every dataset in Tokyo Metropolitan Government Open Data matching '河川' (rivers and flood control), with publisher, licence, resources and update time as held in the catalogue.
jp-ckan-tokyo-q-doro	https://catalog.data.metro.tokyo.lg.jp/api/3/action/package_search?rows=100&q=道路	json:result.results	100	Tokyo Metropolitan Government Open Data — Roads Datasets	東京都オープンデータカタログ 道路データセット	jp_prefectural	infrastructure	ja	japan,opendata,ckan,doro,tokyo	86400	Every dataset in Tokyo Metropolitan Government Open Data matching '道路' (roads), with publisher, licence, resources and update time as held in the catalogue.
jp-ckan-tokyo-q-hoikuen	https://catalog.data.metro.tokyo.lg.jp/api/3/action/package_search?rows=100&q=保育園	json:result.results	96	Tokyo Metropolitan Government Open Data — Childcare Facilities Datasets	東京都オープンデータカタログ 保育園データセット	jp_prefectural	education	ja	japan,opendata,ckan,hoikuen,tokyo	86400	Every dataset in Tokyo Metropolitan Government Open Data matching '保育園' (childcare facilities), with publisher, licence, resources and update time as held in the catalogue.
jp-ckan-tokyo-q-byouin	https://catalog.data.metro.tokyo.lg.jp/api/3/action/package_search?rows=100&q=病院	json:result.results	66	Tokyo Metropolitan Government Open Data — Hospitals Datasets	東京都オープンデータカタログ 病院データセット	jp_prefectural	health	ja	japan,opendata,ckan,byouin,tokyo	86400	Every dataset in Tokyo Metropolitan Government Open Data matching '病院' (hospitals), with publisher, licence, resources and update time as held in the catalogue.
jp-ckan-tokyo-q-keisatsu	https://catalog.data.metro.tokyo.lg.jp/api/3/action/package_search?rows=100&q=警察	json:result.results	79	Tokyo Metropolitan Government Open Data — Policing Datasets	東京都オープンデータカタログ 警察データセット	jp_prefectural	security	ja	japan,opendata,ckan,keisatsu,tokyo	86400	Every dataset in Tokyo Metropolitan Government Open Data matching '警察' (policing), with publisher, licence, resources and update time as held in the catalogue.
jp-ckan-tokyo-q-shoubou	https://catalog.data.metro.tokyo.lg.jp/api/3/action/package_search?rows=100&q=消防	json:result.results	100	Tokyo Metropolitan Government Open Data — Fire And Rescue Datasets	東京都オープンデータカタログ 消防データセット	jp_prefectural	disaster	ja	japan,opendata,ckan,shoubou,tokyo	86400	Every dataset in Tokyo Metropolitan Government Open Data matching '消防' (fire and rescue), with publisher, licence, resources and update time as held in the catalogue.
jp-ckan-tokyo-q-jishin	https://catalog.data.metro.tokyo.lg.jp/api/3/action/package_search?rows=100&q=地震	json:result.results	88	Tokyo Metropolitan Government Open Data — Earthquakes Datasets	東京都オープンデータカタログ 地震データセット	jp_prefectural	disaster	ja	japan,opendata,ckan,jishin,tokyo	86400	Every dataset in Tokyo Metropolitan Government Open Data matching '地震' (earthquakes), with publisher, licence, resources and update time as held in the catalogue.
jp-ckan-tokyo-q-tsunami	https://catalog.data.metro.tokyo.lg.jp/api/3/action/package_search?rows=100&q=津波	json:result.results	17	Tokyo Metropolitan Government Open Data — Tsunami Datasets	東京都オープンデータカタログ 津波データセット	jp_prefectural	disaster	ja	japan,opendata,ckan,tsunami,tokyo	86400	Every dataset in Tokyo Metropolitan Government Open Data matching '津波' (tsunami), with publisher, licence, resources and update time as held in the catalogue.
jp-ckan-tokyo-q-dosha	https://catalog.data.metro.tokyo.lg.jp/api/3/action/package_search?rows=100&q=土砂災害	json:result.results	100	Tokyo Metropolitan Government Open Data — Landslide Hazard Datasets	東京都オープンデータカタログ 土砂災害データセット	jp_prefectural	disaster	ja	japan,opendata,ckan,dosha,tokyo	86400	Every dataset in Tokyo Metropolitan Government Open Data matching '土砂災害' (landslide hazard), with publisher, licence, resources and update time as held in the catalogue.
jp-ckan-tokyo-q-kouzui	https://catalog.data.metro.tokyo.lg.jp/api/3/action/package_search?rows=100&q=洪水	json:result.results	6	Tokyo Metropolitan Government Open Data — Flooding Datasets	東京都オープンデータカタログ 洪水データセット	jp_prefectural	disaster	ja	japan,opendata,ckan,kouzui,tokyo	86400	Every dataset in Tokyo Metropolitan Government Open Data matching '洪水' (flooding), with publisher, licence, resources and update time as held in the catalogue.
jp-ckan-tokyo-q-kion	https://catalog.data.metro.tokyo.lg.jp/api/3/action/package_search?rows=100&q=気温	json:result.results	31	Tokyo Metropolitan Government Open Data — Temperature Datasets	東京都オープンデータカタログ 気温データセット	jp_prefectural	weather	ja	japan,opendata,ckan,kion,tokyo	86400	Every dataset in Tokyo Metropolitan Government Open Data matching '気温' (temperature), with publisher, licence, resources and update time as held in the catalogue.
jp-ckan-tokyo-q-denryoku	https://catalog.data.metro.tokyo.lg.jp/api/3/action/package_search?rows=100&q=電力	json:result.results	43	Tokyo Metropolitan Government Open Data — Electricity Datasets	東京都オープンデータカタログ 電力データセット	jp_prefectural	energy	ja	japan,opendata,ckan,denryoku,tokyo	86400	Every dataset in Tokyo Metropolitan Government Open Data matching '電力' (electricity), with publisher, licence, resources and update time as held in the catalogue.
jp-ckan-tokyo-q-tsuushin	https://catalog.data.metro.tokyo.lg.jp/api/3/action/package_search?rows=100&q=通信	json:result.results	100	Tokyo Metropolitan Government Open Data — Telecommunications Datasets	東京都オープンデータカタログ 通信データセット	jp_prefectural	telecom	ja	japan,opendata,ckan,tsuushin,tokyo	86400	Every dataset in Tokyo Metropolitan Government Open Data matching '通信' (telecommunications), with publisher, licence, resources and update time as held in the catalogue.
jp-ckan-tokyo-q-joho	https://catalog.data.metro.tokyo.lg.jp/api/3/action/package_search?rows=100&q=情報システム	json:result.results	100	Tokyo Metropolitan Government Open Data — Information Systems Datasets	東京都オープンデータカタログ 情報システムデータセット	jp_prefectural	technology	ja	japan,opendata,ckan,joho,tokyo	86400	Every dataset in Tokyo Metropolitan Government Open Data matching '情報システム' (information systems), with publisher, licence, resources and update time as held in the catalogue.
jp-ckan-tokyo-q-dejitaru	https://catalog.data.metro.tokyo.lg.jp/api/3/action/package_search?rows=100&q=デジタル	json:result.results	100	Tokyo Metropolitan Government Open Data — Digital Government Datasets	東京都オープンデータカタログ デジタルデータセット	jp_prefectural	technology	ja	japan,opendata,ckan,dejitaru,tokyo	86400	Every dataset in Tokyo Metropolitan Government Open Data matching 'デジタル' (digital government), with publisher, licence, resources and update time as held in the catalogue.
jp-ckan-tokyo-q-kigyou	https://catalog.data.metro.tokyo.lg.jp/api/3/action/package_search?rows=100&q=企業	json:result.results	100	Tokyo Metropolitan Government Open Data — Enterprises Datasets	東京都オープンデータカタログ 企業データセット	jp_prefectural	corporate	ja	japan,opendata,ckan,kigyou,tokyo	86400	Every dataset in Tokyo Metropolitan Government Open Data matching '企業' (enterprises), with publisher, licence, resources and update time as held in the catalogue.
jp-ckan-tokyo-q-sangyou	https://catalog.data.metro.tokyo.lg.jp/api/3/action/package_search?rows=100&q=産業	json:result.results	100	Tokyo Metropolitan Government Open Data — Industry Datasets	東京都オープンデータカタログ 産業データセット	jp_prefectural	industry	ja	japan,opendata,ckan,sangyou,tokyo	86400	Every dataset in Tokyo Metropolitan Government Open Data matching '産業' (industry), with publisher, licence, resources and update time as held in the catalogue.
jp-ckan-tokyo-q-koujou	https://catalog.data.metro.tokyo.lg.jp/api/3/action/package_search?rows=100&q=工場	json:result.results	42	Tokyo Metropolitan Government Open Data — Factories Datasets	東京都オープンデータカタログ 工場データセット	jp_prefectural	industry	ja	japan,opendata,ckan,koujou,tokyo	86400	Every dataset in Tokyo Metropolitan Government Open Data matching '工場' (factories), with publisher, licence, resources and update time as held in the catalogue.
jp-ckan-tokyo-q-kouwan	https://catalog.data.metro.tokyo.lg.jp/api/3/action/package_search?rows=100&q=港湾	json:result.results	100	Tokyo Metropolitan Government Open Data — Ports Datasets	東京都オープンデータカタログ 港湾データセット	jp_prefectural	maritime	ja	japan,opendata,ckan,kouwan,tokyo	86400	Every dataset in Tokyo Metropolitan Government Open Data matching '港湾' (ports), with publisher, licence, resources and update time as held in the catalogue.
jp-ckan-tokyo-q-kuukou	https://catalog.data.metro.tokyo.lg.jp/api/3/action/package_search?rows=100&q=空港	json:result.results	52	Tokyo Metropolitan Government Open Data — Airports Datasets	東京都オープンデータカタログ 空港データセット	jp_prefectural	aviation	ja	japan,opendata,ckan,kuukou,tokyo	86400	Every dataset in Tokyo Metropolitan Government Open Data matching '空港' (airports), with publisher, licence, resources and update time as held in the catalogue.
jp-ckan-tokyo-q-tetsudou	https://catalog.data.metro.tokyo.lg.jp/api/3/action/package_search?rows=100&q=鉄道	json:result.results	17	Tokyo Metropolitan Government Open Data — Railways Datasets	東京都オープンデータカタログ 鉄道データセット	jp_prefectural	transport	ja	japan,opendata,ckan,tetsudou,tokyo	86400	Every dataset in Tokyo Metropolitan Government Open Data matching '鉄道' (railways), with publisher, licence, resources and update time as held in the catalogue.
jp-ckan-tokyo-q-basu	https://catalog.data.metro.tokyo.lg.jp/api/3/action/package_search?rows=100&q=バス	json:result.results	63	Tokyo Metropolitan Government Open Data — Bus Services Datasets	東京都オープンデータカタログ バスデータセット	jp_prefectural	transport	ja	japan,opendata,ckan,basu,tokyo	86400	Every dataset in Tokyo Metropolitan Government Open Data matching 'バス' (bus services), with publisher, licence, resources and update time as held in the catalogue.
jp-ckan-tokyo-q-chuusha	https://catalog.data.metro.tokyo.lg.jp/api/3/action/package_search?rows=100&q=駐車場	json:result.results	100	Tokyo Metropolitan Government Open Data — Parking Datasets	東京都オープンデータカタログ 駐車場データセット	jp_prefectural	transport	ja	japan,opendata,ckan,chuusha,tokyo	86400	Every dataset in Tokyo Metropolitan Government Open Data matching '駐車場' (parking), with publisher, licence, resources and update time as held in the catalogue.
jp-ckan-yokohama-organization-list	https://data.city.yokohama.lg.jp/api/3/action/organization_list?all_fields=true&limit=1000	json:result	25	City of Yokohama Open Data — Publisher Registry	横浜市オープンデータ 提供組織一覧	jp_prefectural	opendata	ja	japan,opendata,ckan,registry,yokohama	86400	Every publishing organisation in the portal with title, description and dataset count. Source: City of Yokohama Open Data.
jp-ckan-yokohama-group-list	https://data.city.yokohama.lg.jp/api/3/action/group_list?all_fields=true	json:result	12	City of Yokohama Open Data — Group Registry	横浜市オープンデータ グループ一覧	jp_prefectural	opendata	ja	japan,opendata,ckan,registry,yokohama	86400	Every thematic group defined in the portal, with dataset counts. Source: City of Yokohama Open Data.
jp-ckan-yokohama-tag-list	https://data.city.yokohama.lg.jp/api/3/action/tag_list?all_fields=false	json:result	28	City of Yokohama Open Data — Tag Vocabulary	横浜市オープンデータ タグ語彙	jp_prefectural	opendata	ja	japan,opendata,ckan,registry,yokohama	86400	The portal's full free-tag vocabulary — a cheap map of what the publisher covers. Source: City of Yokohama Open Data.
jp-ckan-yokohama-license-list	https://data.city.yokohama.lg.jp/api/3/action/license_list	json:result	15	City of Yokohama Open Data — Licence Registry	横浜市オープンデータ ライセンス一覧	jp_prefectural	opendata	ja	japan,opendata,ckan,registry,yokohama	86400	Licences in use across the portal's datasets. Source: City of Yokohama Open Data.
jp-ckan-yokohama-recent-changes	https://data.city.yokohama.lg.jp/api/3/action/recently_changed_packages_activity_list?limit=100	json:result	100	City of Yokohama Open Data — Recent Dataset Activity	横浜市オープンデータ 最近の更新	jp_prefectural	opendata	ja	japan,opendata,ckan,registry,yokohama	86400	The most recent create/update activity across the whole catalogue — a change feed for the portal. Source: City of Yokohama Open Data.
jp-ckan-yokohama-q-bousai	https://data.city.yokohama.lg.jp/api/3/action/package_search?rows=100&q=防災	json:result.results	16	City of Yokohama Open Data — Disaster Preparedness Datasets	横浜市オープンデータ 防災データセット	jp_prefectural	disaster	ja	japan,opendata,ckan,bousai,yokohama	86400	Every dataset in City of Yokohama Open Data matching '防災' (disaster preparedness), with publisher, licence, resources and update time as held in the catalogue.
jp-ckan-yokohama-q-jinko	https://data.city.yokohama.lg.jp/api/3/action/package_search?rows=100&q=人口	json:result.results	100	City of Yokohama Open Data — Population Datasets	横浜市オープンデータ 人口データセット	jp_prefectural	statistics	ja	japan,opendata,ckan,jinko,yokohama	86400	Every dataset in City of Yokohama Open Data matching '人口' (population), with publisher, licence, resources and update time as held in the catalogue.
jp-ckan-yokohama-q-koutsuu	https://data.city.yokohama.lg.jp/api/3/action/package_search?rows=100&q=交通	json:result.results	23	City of Yokohama Open Data — Transport Datasets	横浜市オープンデータ 交通データセット	jp_prefectural	transport	ja	japan,opendata,ckan,koutsuu,yokohama	86400	Every dataset in City of Yokohama Open Data matching '交通' (transport), with publisher, licence, resources and update time as held in the catalogue.
jp-ckan-yokohama-q-iryou	https://data.city.yokohama.lg.jp/api/3/action/package_search?rows=100&q=医療	json:result.results	18	City of Yokohama Open Data — Healthcare Datasets	横浜市オープンデータ 医療データセット	jp_prefectural	health	ja	japan,opendata,ckan,iryou,yokohama	86400	Every dataset in City of Yokohama Open Data matching '医療' (healthcare), with publisher, licence, resources and update time as held in the catalogue.
jp-ckan-yokohama-q-kyouiku	https://data.city.yokohama.lg.jp/api/3/action/package_search?rows=100&q=教育	json:result.results	15	City of Yokohama Open Data — Education Datasets	横浜市オープンデータ 教育データセット	jp_prefectural	education	ja	japan,opendata,ckan,kyouiku,yokohama	86400	Every dataset in City of Yokohama Open Data matching '教育' (education), with publisher, licence, resources and update time as held in the catalogue.
jp-ckan-yokohama-q-gakkou	https://data.city.yokohama.lg.jp/api/3/action/package_search?rows=100&q=学校	json:result.results	13	City of Yokohama Open Data — Schools Datasets	横浜市オープンデータ 学校データセット	jp_prefectural	education	ja	japan,opendata,ckan,gakkou,yokohama	86400	Every dataset in City of Yokohama Open Data matching '学校' (schools), with publisher, licence, resources and update time as held in the catalogue.
jp-ckan-yokohama-q-shisetsu	https://data.city.yokohama.lg.jp/api/3/action/package_search?rows=100&q=施設	json:result.results	100	City of Yokohama Open Data — Public Facilities Datasets	横浜市オープンデータ 施設データセット	jp_prefectural	infrastructure	ja	japan,opendata,ckan,shisetsu,yokohama	86400	Every dataset in City of Yokohama Open Data matching '施設' (public facilities), with publisher, licence, resources and update time as held in the catalogue.
jp-ckan-yokohama-q-kankou	https://data.city.yokohama.lg.jp/api/3/action/package_search?rows=100&q=観光	json:result.results	6	City of Yokohama Open Data — Tourism Datasets	横浜市オープンデータ 観光データセット	jp_prefectural	tourism	ja	japan,opendata,ckan,kankou,yokohama	86400	Every dataset in City of Yokohama Open Data matching '観光' (tourism), with publisher, licence, resources and update time as held in the catalogue.
jp-ckan-yokohama-q-kankyou	https://data.city.yokohama.lg.jp/api/3/action/package_search?rows=100&q=環境	json:result.results	30	City of Yokohama Open Data — Environment Datasets	横浜市オープンデータ 環境データセット	jp_prefectural	environment	ja	japan,opendata,ckan,kankyou,yokohama	86400	Every dataset in City of Yokohama Open Data matching '環境' (environment), with publisher, licence, resources and update time as held in the catalogue.
jp-ckan-yokohama-q-toukei	https://data.city.yokohama.lg.jp/api/3/action/package_search?rows=100&q=統計	json:result.results	100	City of Yokohama Open Data — Statistics Datasets	横浜市オープンデータ 統計データセット	jp_prefectural	statistics	ja	japan,opendata,ckan,toukei,yokohama	86400	Every dataset in City of Yokohama Open Data matching '統計' (statistics), with publisher, licence, resources and update time as held in the catalogue.
jp-ckan-yokohama-q-zaisei	https://data.city.yokohama.lg.jp/api/3/action/package_search?rows=100&q=財政	json:result.results	26	City of Yokohama Open Data — Public Finance Datasets	横浜市オープンデータ 財政データセット	jp_prefectural	economy	ja	japan,opendata,ckan,zaisei,yokohama	86400	Every dataset in City of Yokohama Open Data matching '財政' (public finance), with publisher, licence, resources and update time as held in the catalogue.
jp-ckan-yokohama-q-hinanjo	https://data.city.yokohama.lg.jp/api/3/action/package_search?rows=100&q=避難所	json:result.results	40	City of Yokohama Open Data — Evacuation Shelters Datasets	横浜市オープンデータ 避難所データセット	jp_prefectural	disaster	ja	japan,opendata,ckan,hinanjo,yokohama	86400	Every dataset in City of Yokohama Open Data matching '避難所' (evacuation shelters), with publisher, licence, resources and update time as held in the catalogue.
jp-ckan-yokohama-q-suidou	https://data.city.yokohama.lg.jp/api/3/action/package_search?rows=100&q=水道	json:result.results	6	City of Yokohama Open Data — Water Supply Datasets	横浜市オープンデータ 水道データセット	jp_prefectural	infrastructure	ja	japan,opendata,ckan,suidou,yokohama	86400	Every dataset in City of Yokohama Open Data matching '水道' (water supply), with publisher, licence, resources and update time as held in the catalogue.
jp-ckan-yokohama-q-gomi	https://data.city.yokohama.lg.jp/api/3/action/package_search?rows=100&q=ごみ	json:result.results	17	City of Yokohama Open Data — Waste Collection Datasets	横浜市オープンデータ ごみデータセット	jp_prefectural	environment	ja	japan,opendata,ckan,gomi,yokohama	86400	Every dataset in City of Yokohama Open Data matching 'ごみ' (waste collection), with publisher, licence, resources and update time as held in the catalogue.
jp-ckan-yokohama-q-chiiki	https://data.city.yokohama.lg.jp/api/3/action/package_search?rows=100&q=地域	json:result.results	77	City of Yokohama Open Data — Regional Planning Datasets	横浜市オープンデータ 地域データセット	jp_prefectural	government	ja	japan,opendata,ckan,chiiki,yokohama	86400	Every dataset in City of Yokohama Open Data matching '地域' (regional planning), with publisher, licence, resources and update time as held in the catalogue.
jp-ckan-yokohama-q-anzen	https://data.city.yokohama.lg.jp/api/3/action/package_search?rows=100&q=安全	json:result.results	17	City of Yokohama Open Data — Public Safety Datasets	横浜市オープンデータ 安全データセット	jp_prefectural	security	ja	japan,opendata,ckan,anzen,yokohama	86400	Every dataset in City of Yokohama Open Data matching '安全' (public safety), with publisher, licence, resources and update time as held in the catalogue.
jp-ckan-yokohama-q-kasen	https://data.city.yokohama.lg.jp/api/3/action/package_search?rows=100&q=河川	json:result.results	3	City of Yokohama Open Data — Rivers And Flood Control Datasets	横浜市オープンデータ 河川データセット	jp_prefectural	disaster	ja	japan,opendata,ckan,kasen,yokohama	86400	Every dataset in City of Yokohama Open Data matching '河川' (rivers and flood control), with publisher, licence, resources and update time as held in the catalogue.
jp-ckan-yokohama-q-doro	https://data.city.yokohama.lg.jp/api/3/action/package_search?rows=100&q=道路	json:result.results	21	City of Yokohama Open Data — Roads Datasets	横浜市オープンデータ 道路データセット	jp_prefectural	infrastructure	ja	japan,opendata,ckan,doro,yokohama	86400	Every dataset in City of Yokohama Open Data matching '道路' (roads), with publisher, licence, resources and update time as held in the catalogue.
jp-ckan-yokohama-q-hoikuen	https://data.city.yokohama.lg.jp/api/3/action/package_search?rows=100&q=保育園	json:result.results	3	City of Yokohama Open Data — Childcare Facilities Datasets	横浜市オープンデータ 保育園データセット	jp_prefectural	education	ja	japan,opendata,ckan,hoikuen,yokohama	86400	Every dataset in City of Yokohama Open Data matching '保育園' (childcare facilities), with publisher, licence, resources and update time as held in the catalogue.
jp-ckan-yokohama-q-byouin	https://data.city.yokohama.lg.jp/api/3/action/package_search?rows=100&q=病院	json:result.results	3	City of Yokohama Open Data — Hospitals Datasets	横浜市オープンデータ 病院データセット	jp_prefectural	health	ja	japan,opendata,ckan,byouin,yokohama	86400	Every dataset in City of Yokohama Open Data matching '病院' (hospitals), with publisher, licence, resources and update time as held in the catalogue.
jp-ckan-yokohama-q-keisatsu	https://data.city.yokohama.lg.jp/api/3/action/package_search?rows=100&q=警察	json:result.results	4	City of Yokohama Open Data — Policing Datasets	横浜市オープンデータ 警察データセット	jp_prefectural	security	ja	japan,opendata,ckan,keisatsu,yokohama	86400	Every dataset in City of Yokohama Open Data matching '警察' (policing), with publisher, licence, resources and update time as held in the catalogue.
jp-ckan-yokohama-q-shoubou	https://data.city.yokohama.lg.jp/api/3/action/package_search?rows=100&q=消防	json:result.results	63	City of Yokohama Open Data — Fire And Rescue Datasets	横浜市オープンデータ 消防データセット	jp_prefectural	disaster	ja	japan,opendata,ckan,shoubou,yokohama	86400	Every dataset in City of Yokohama Open Data matching '消防' (fire and rescue), with publisher, licence, resources and update time as held in the catalogue.
jp-ckan-yokohama-q-jishin	https://data.city.yokohama.lg.jp/api/3/action/package_search?rows=100&q=地震	json:result.results	10	City of Yokohama Open Data — Earthquakes Datasets	横浜市オープンデータ 地震データセット	jp_prefectural	disaster	ja	japan,opendata,ckan,jishin,yokohama	86400	Every dataset in City of Yokohama Open Data matching '地震' (earthquakes), with publisher, licence, resources and update time as held in the catalogue.
jp-ckan-yokohama-q-tsunami	https://data.city.yokohama.lg.jp/api/3/action/package_search?rows=100&q=津波	json:result.results	1	City of Yokohama Open Data — Tsunami Datasets	横浜市オープンデータ 津波データセット	jp_prefectural	disaster	ja	japan,opendata,ckan,tsunami,yokohama	86400	Every dataset in City of Yokohama Open Data matching '津波' (tsunami), with publisher, licence, resources and update time as held in the catalogue.
jp-ckan-yokohama-q-dosha	https://data.city.yokohama.lg.jp/api/3/action/package_search?rows=100&q=土砂災害	json:result.results	10	City of Yokohama Open Data — Landslide Hazard Datasets	横浜市オープンデータ 土砂災害データセット	jp_prefectural	disaster	ja	japan,opendata,ckan,dosha,yokohama	86400	Every dataset in City of Yokohama Open Data matching '土砂災害' (landslide hazard), with publisher, licence, resources and update time as held in the catalogue.
jp-ckan-yokohama-q-kion	https://data.city.yokohama.lg.jp/api/3/action/package_search?rows=100&q=気温	json:result.results	2	City of Yokohama Open Data — Temperature Datasets	横浜市オープンデータ 気温データセット	jp_prefectural	weather	ja	japan,opendata,ckan,kion,yokohama	86400	Every dataset in City of Yokohama Open Data matching '気温' (temperature), with publisher, licence, resources and update time as held in the catalogue.
jp-ckan-yokohama-q-tsuushin	https://data.city.yokohama.lg.jp/api/3/action/package_search?rows=100&q=通信	json:result.results	4	City of Yokohama Open Data — Telecommunications Datasets	横浜市オープンデータ 通信データセット	jp_prefectural	telecom	ja	japan,opendata,ckan,tsuushin,yokohama	86400	Every dataset in City of Yokohama Open Data matching '通信' (telecommunications), with publisher, licence, resources and update time as held in the catalogue.
jp-ckan-yokohama-q-joho	https://data.city.yokohama.lg.jp/api/3/action/package_search?rows=100&q=情報システム	json:result.results	100	City of Yokohama Open Data — Information Systems Datasets	横浜市オープンデータ 情報システムデータセット	jp_prefectural	technology	ja	japan,opendata,ckan,joho,yokohama	86400	Every dataset in City of Yokohama Open Data matching '情報システム' (information systems), with publisher, licence, resources and update time as held in the catalogue.
jp-ckan-yokohama-q-dejitaru	https://data.city.yokohama.lg.jp/api/3/action/package_search?rows=100&q=デジタル	json:result.results	4	City of Yokohama Open Data — Digital Government Datasets	横浜市オープンデータ デジタルデータセット	jp_prefectural	technology	ja	japan,opendata,ckan,dejitaru,yokohama	86400	Every dataset in City of Yokohama Open Data matching 'デジタル' (digital government), with publisher, licence, resources and update time as held in the catalogue.
jp-ckan-yokohama-q-kigyou	https://data.city.yokohama.lg.jp/api/3/action/package_search?rows=100&q=企業	json:result.results	15	City of Yokohama Open Data — Enterprises Datasets	横浜市オープンデータ 企業データセット	jp_prefectural	corporate	ja	japan,opendata,ckan,kigyou,yokohama	86400	Every dataset in City of Yokohama Open Data matching '企業' (enterprises), with publisher, licence, resources and update time as held in the catalogue.
jp-ckan-yokohama-q-sangyou	https://data.city.yokohama.lg.jp/api/3/action/package_search?rows=100&q=産業	json:result.results	13	City of Yokohama Open Data — Industry Datasets	横浜市オープンデータ 産業データセット	jp_prefectural	industry	ja	japan,opendata,ckan,sangyou,yokohama	86400	Every dataset in City of Yokohama Open Data matching '産業' (industry), with publisher, licence, resources and update time as held in the catalogue.
jp-ckan-yokohama-q-koujou	https://data.city.yokohama.lg.jp/api/3/action/package_search?rows=100&q=工場	json:result.results	2	City of Yokohama Open Data — Factories Datasets	横浜市オープンデータ 工場データセット	jp_prefectural	industry	ja	japan,opendata,ckan,koujou,yokohama	86400	Every dataset in City of Yokohama Open Data matching '工場' (factories), with publisher, licence, resources and update time as held in the catalogue.
jp-ckan-yokohama-q-kouwan	https://data.city.yokohama.lg.jp/api/3/action/package_search?rows=100&q=港湾	json:result.results	16	City of Yokohama Open Data — Ports Datasets	横浜市オープンデータ 港湾データセット	jp_prefectural	maritime	ja	japan,opendata,ckan,kouwan,yokohama	86400	Every dataset in City of Yokohama Open Data matching '港湾' (ports), with publisher, licence, resources and update time as held in the catalogue.
jp-ckan-yokohama-q-tetsudou	https://data.city.yokohama.lg.jp/api/3/action/package_search?rows=100&q=鉄道	json:result.results	16	City of Yokohama Open Data — Railways Datasets	横浜市オープンデータ 鉄道データセット	jp_prefectural	transport	ja	japan,opendata,ckan,tetsudou,yokohama	86400	Every dataset in City of Yokohama Open Data matching '鉄道' (railways), with publisher, licence, resources and update time as held in the catalogue.
jp-ckan-yokohama-q-basu	https://data.city.yokohama.lg.jp/api/3/action/package_search?rows=100&q=バス	json:result.results	16	City of Yokohama Open Data — Bus Services Datasets	横浜市オープンデータ バスデータセット	jp_prefectural	transport	ja	japan,opendata,ckan,basu,yokohama	86400	Every dataset in City of Yokohama Open Data matching 'バス' (bus services), with publisher, licence, resources and update time as held in the catalogue.
jp-ckan-yokohama-q-chuusha	https://data.city.yokohama.lg.jp/api/3/action/package_search?rows=100&q=駐車場	json:result.results	10	City of Yokohama Open Data — Parking Datasets	横浜市オープンデータ 駐車場データセット	jp_prefectural	transport	ja	japan,opendata,ckan,chuusha,yokohama	86400	Every dataset in City of Yokohama Open Data matching '駐車場' (parking), with publisher, licence, resources and update time as held in the catalogue.
jp-ckan-geospatial-organization-list	https://www.geospatial.jp/ckan/api/3/action/organization_list?all_fields=true&limit=1000	json:result	25	G-Spatial Information Center (Japan) — Publisher Registry	G空間情報センター 提供組織一覧	jp_prefectural	opendata	ja	japan,opendata,ckan,registry,geospatial	86400	Every publishing organisation in the portal with title, description and dataset count. Source: G-Spatial Information Center (Japan).
jp-ckan-geospatial-tag-list	https://www.geospatial.jp/ckan/api/3/action/tag_list?all_fields=false	json:result	5837	G-Spatial Information Center (Japan) — Tag Vocabulary	G空間情報センター タグ語彙	jp_prefectural	opendata	ja	japan,opendata,ckan,registry,geospatial	86400	The portal's full free-tag vocabulary — a cheap map of what the publisher covers. Source: G-Spatial Information Center (Japan).
jp-ckan-geospatial-license-list	https://www.geospatial.jp/ckan/api/3/action/license_list	json:result	18	G-Spatial Information Center (Japan) — Licence Registry	G空間情報センター ライセンス一覧	jp_prefectural	opendata	ja	japan,opendata,ckan,registry,geospatial	86400	Licences in use across the portal's datasets. Source: G-Spatial Information Center (Japan).
jp-ckan-geospatial-q-jinko	https://www.geospatial.jp/ckan/api/3/action/package_search?rows=100&q=人口	json:result.results	100	G-Spatial Information Center (Japan) — Population Datasets	G空間情報センター 人口データセット	jp_prefectural	statistics	ja	japan,opendata,ckan,jinko,geospatial	86400	Every dataset in G-Spatial Information Center (Japan) matching '人口' (population), with publisher, licence, resources and update time as held in the catalogue.
jp-ckan-geospatial-q-koutsuu	https://www.geospatial.jp/ckan/api/3/action/package_search?rows=100&q=交通	json:result.results	49	G-Spatial Information Center (Japan) — Transport Datasets	G空間情報センター 交通データセット	jp_prefectural	transport	ja	japan,opendata,ckan,koutsuu,geospatial	86400	Every dataset in G-Spatial Information Center (Japan) matching '交通' (transport), with publisher, licence, resources and update time as held in the catalogue.
jp-ckan-geospatial-q-iryou	https://www.geospatial.jp/ckan/api/3/action/package_search?rows=100&q=医療	json:result.results	100	G-Spatial Information Center (Japan) — Healthcare Datasets	G空間情報センター 医療データセット	jp_prefectural	health	ja	japan,opendata,ckan,iryou,geospatial	86400	Every dataset in G-Spatial Information Center (Japan) matching '医療' (healthcare), with publisher, licence, resources and update time as held in the catalogue.
jp-ckan-geospatial-q-kyouiku	https://www.geospatial.jp/ckan/api/3/action/package_search?rows=100&q=教育	json:result.results	91	G-Spatial Information Center (Japan) — Education Datasets	G空間情報センター 教育データセット	jp_prefectural	education	ja	japan,opendata,ckan,kyouiku,geospatial	86400	Every dataset in G-Spatial Information Center (Japan) matching '教育' (education), with publisher, licence, resources and update time as held in the catalogue.
jp-ckan-geospatial-q-gakkou	https://www.geospatial.jp/ckan/api/3/action/package_search?rows=100&q=学校	json:result.results	100	G-Spatial Information Center (Japan) — Schools Datasets	G空間情報センター 学校データセット	jp_prefectural	education	ja	japan,opendata,ckan,gakkou,geospatial	86400	Every dataset in G-Spatial Information Center (Japan) matching '学校' (schools), with publisher, licence, resources and update time as held in the catalogue.
jp-ckan-geospatial-q-shisetsu	https://www.geospatial.jp/ckan/api/3/action/package_search?rows=100&q=施設	json:result.results	100	G-Spatial Information Center (Japan) — Public Facilities Datasets	G空間情報センター 施設データセット	jp_prefectural	infrastructure	ja	japan,opendata,ckan,shisetsu,geospatial	86400	Every dataset in G-Spatial Information Center (Japan) matching '施設' (public facilities), with publisher, licence, resources and update time as held in the catalogue.
jp-ckan-geospatial-q-kankou	https://www.geospatial.jp/ckan/api/3/action/package_search?rows=100&q=観光	json:result.results	96	G-Spatial Information Center (Japan) — Tourism Datasets	G空間情報センター 観光データセット	jp_prefectural	tourism	ja	japan,opendata,ckan,kankou,geospatial	86400	Every dataset in G-Spatial Information Center (Japan) matching '観光' (tourism), with publisher, licence, resources and update time as held in the catalogue.
jp-ckan-geospatial-q-kankyou	https://www.geospatial.jp/ckan/api/3/action/package_search?rows=100&q=環境	json:result.results	23	G-Spatial Information Center (Japan) — Environment Datasets	G空間情報センター 環境データセット	jp_prefectural	environment	ja	japan,opendata,ckan,kankyou,geospatial	86400	Every dataset in G-Spatial Information Center (Japan) matching '環境' (environment), with publisher, licence, resources and update time as held in the catalogue.
jp-ckan-geospatial-q-toukei	https://www.geospatial.jp/ckan/api/3/action/package_search?rows=100&q=統計	json:result.results	100	G-Spatial Information Center (Japan) — Statistics Datasets	G空間情報センター 統計データセット	jp_prefectural	statistics	ja	japan,opendata,ckan,toukei,geospatial	86400	Every dataset in G-Spatial Information Center (Japan) matching '統計' (statistics), with publisher, licence, resources and update time as held in the catalogue.
jp-ckan-geospatial-q-hinanjo	https://www.geospatial.jp/ckan/api/3/action/package_search?rows=100&q=避難所	json:result.results	64	G-Spatial Information Center (Japan) — Evacuation Shelters Datasets	G空間情報センター 避難所データセット	jp_prefectural	disaster	ja	japan,opendata,ckan,hinanjo,geospatial	86400	Every dataset in G-Spatial Information Center (Japan) matching '避難所' (evacuation shelters), with publisher, licence, resources and update time as held in the catalogue.
jp-ckan-geospatial-q-suidou	https://www.geospatial.jp/ckan/api/3/action/package_search?rows=100&q=水道	json:result.results	11	G-Spatial Information Center (Japan) — Water Supply Datasets	G空間情報センター 水道データセット	jp_prefectural	infrastructure	ja	japan,opendata,ckan,suidou,geospatial	86400	Every dataset in G-Spatial Information Center (Japan) matching '水道' (water supply), with publisher, licence, resources and update time as held in the catalogue.
jp-ckan-geospatial-q-gomi	https://www.geospatial.jp/ckan/api/3/action/package_search?rows=100&q=ごみ	json:result.results	12	G-Spatial Information Center (Japan) — Waste Collection Datasets	G空間情報センター ごみデータセット	jp_prefectural	environment	ja	japan,opendata,ckan,gomi,geospatial	86400	Every dataset in G-Spatial Information Center (Japan) matching 'ごみ' (waste collection), with publisher, licence, resources and update time as held in the catalogue.
jp-ckan-geospatial-q-anzen	https://www.geospatial.jp/ckan/api/3/action/package_search?rows=100&q=安全	json:result.results	71	G-Spatial Information Center (Japan) — Public Safety Datasets	G空間情報センター 安全データセット	jp_prefectural	security	ja	japan,opendata,ckan,anzen,geospatial	86400	Every dataset in G-Spatial Information Center (Japan) matching '安全' (public safety), with publisher, licence, resources and update time as held in the catalogue.
jp-ckan-geospatial-q-kasen	https://www.geospatial.jp/ckan/api/3/action/package_search?rows=100&q=河川	json:result.results	100	G-Spatial Information Center (Japan) — Rivers And Flood Control Datasets	G空間情報センター 河川データセット	jp_prefectural	disaster	ja	japan,opendata,ckan,kasen,geospatial	86400	Every dataset in G-Spatial Information Center (Japan) matching '河川' (rivers and flood control), with publisher, licence, resources and update time as held in the catalogue.
jp-ckan-geospatial-q-doro	https://www.geospatial.jp/ckan/api/3/action/package_search?rows=100&q=道路	json:result.results	100	G-Spatial Information Center (Japan) — Roads Datasets	G空間情報センター 道路データセット	jp_prefectural	infrastructure	ja	japan,opendata,ckan,doro,geospatial	86400	Every dataset in G-Spatial Information Center (Japan) matching '道路' (roads), with publisher, licence, resources and update time as held in the catalogue.
jp-ckan-geospatial-q-hoikuen	https://www.geospatial.jp/ckan/api/3/action/package_search?rows=100&q=保育園	json:result.results	43	G-Spatial Information Center (Japan) — Childcare Facilities Datasets	G空間情報センター 保育園データセット	jp_prefectural	education	ja	japan,opendata,ckan,hoikuen,geospatial	86400	Every dataset in G-Spatial Information Center (Japan) matching '保育園' (childcare facilities), with publisher, licence, resources and update time as held in the catalogue.
jp-ckan-geospatial-q-byouin	https://www.geospatial.jp/ckan/api/3/action/package_search?rows=100&q=病院	json:result.results	19	G-Spatial Information Center (Japan) — Hospitals Datasets	G空間情報センター 病院データセット	jp_prefectural	health	ja	japan,opendata,ckan,byouin,geospatial	86400	Every dataset in G-Spatial Information Center (Japan) matching '病院' (hospitals), with publisher, licence, resources and update time as held in the catalogue.
jp-ckan-geospatial-q-keisatsu	https://www.geospatial.jp/ckan/api/3/action/package_search?rows=100&q=警察	json:result.results	56	G-Spatial Information Center (Japan) — Policing Datasets	G空間情報センター 警察データセット	jp_prefectural	security	ja	japan,opendata,ckan,keisatsu,geospatial	86400	Every dataset in G-Spatial Information Center (Japan) matching '警察' (policing), with publisher, licence, resources and update time as held in the catalogue.
jp-ckan-geospatial-q-shoubou	https://www.geospatial.jp/ckan/api/3/action/package_search?rows=100&q=消防	json:result.results	83	G-Spatial Information Center (Japan) — Fire And Rescue Datasets	G空間情報センター 消防データセット	jp_prefectural	disaster	ja	japan,opendata,ckan,shoubou,geospatial	86400	Every dataset in G-Spatial Information Center (Japan) matching '消防' (fire and rescue), with publisher, licence, resources and update time as held in the catalogue.
jp-ckan-geospatial-q-dosha	https://www.geospatial.jp/ckan/api/3/action/package_search?rows=100&q=土砂災害	json:result.results	16	G-Spatial Information Center (Japan) — Landslide Hazard Datasets	G空間情報センター 土砂災害データセット	jp_prefectural	disaster	ja	japan,opendata,ckan,dosha,geospatial	86400	Every dataset in G-Spatial Information Center (Japan) matching '土砂災害' (landslide hazard), with publisher, licence, resources and update time as held in the catalogue.
jp-ckan-geospatial-q-kouzui	https://www.geospatial.jp/ckan/api/3/action/package_search?rows=100&q=洪水	json:result.results	19	G-Spatial Information Center (Japan) — Flooding Datasets	G空間情報センター 洪水データセット	jp_prefectural	disaster	ja	japan,opendata,ckan,kouzui,geospatial	86400	Every dataset in G-Spatial Information Center (Japan) matching '洪水' (flooding), with publisher, licence, resources and update time as held in the catalogue.
jp-ckan-geospatial-q-kion	https://www.geospatial.jp/ckan/api/3/action/package_search?rows=100&q=気温	json:result.results	1	G-Spatial Information Center (Japan) — Temperature Datasets	G空間情報センター 気温データセット	jp_prefectural	weather	ja	japan,opendata,ckan,kion,geospatial	86400	Every dataset in G-Spatial Information Center (Japan) matching '気温' (temperature), with publisher, licence, resources and update time as held in the catalogue.
jp-ckan-geospatial-q-denryoku	https://www.geospatial.jp/ckan/api/3/action/package_search?rows=100&q=電力	json:result.results	1	G-Spatial Information Center (Japan) — Electricity Datasets	G空間情報センター 電力データセット	jp_prefectural	energy	ja	japan,opendata,ckan,denryoku,geospatial	86400	Every dataset in G-Spatial Information Center (Japan) matching '電力' (electricity), with publisher, licence, resources and update time as held in the catalogue.
jp-ckan-geospatial-q-tsuushin	https://www.geospatial.jp/ckan/api/3/action/package_search?rows=100&q=通信	json:result.results	2	G-Spatial Information Center (Japan) — Telecommunications Datasets	G空間情報センター 通信データセット	jp_prefectural	telecom	ja	japan,opendata,ckan,tsuushin,geospatial	86400	Every dataset in G-Spatial Information Center (Japan) matching '通信' (telecommunications), with publisher, licence, resources and update time as held in the catalogue.
jp-ckan-geospatial-q-joho	https://www.geospatial.jp/ckan/api/3/action/package_search?rows=100&q=情報システム	json:result.results	1	G-Spatial Information Center (Japan) — Information Systems Datasets	G空間情報センター 情報システムデータセット	jp_prefectural	technology	ja	japan,opendata,ckan,joho,geospatial	86400	Every dataset in G-Spatial Information Center (Japan) matching '情報システム' (information systems), with publisher, licence, resources and update time as held in the catalogue.
jp-ckan-geospatial-q-dejitaru	https://www.geospatial.jp/ckan/api/3/action/package_search?rows=100&q=デジタル	json:result.results	15	G-Spatial Information Center (Japan) — Digital Government Datasets	G空間情報センター デジタルデータセット	jp_prefectural	technology	ja	japan,opendata,ckan,dejitaru,geospatial	86400	Every dataset in G-Spatial Information Center (Japan) matching 'デジタル' (digital government), with publisher, licence, resources and update time as held in the catalogue.
jp-ckan-geospatial-q-kigyou	https://www.geospatial.jp/ckan/api/3/action/package_search?rows=100&q=企業	json:result.results	19	G-Spatial Information Center (Japan) — Enterprises Datasets	G空間情報センター 企業データセット	jp_prefectural	corporate	ja	japan,opendata,ckan,kigyou,geospatial	86400	Every dataset in G-Spatial Information Center (Japan) matching '企業' (enterprises), with publisher, licence, resources and update time as held in the catalogue.
jp-ckan-geospatial-q-sangyou	https://www.geospatial.jp/ckan/api/3/action/package_search?rows=100&q=産業	json:result.results	96	G-Spatial Information Center (Japan) — Industry Datasets	G空間情報センター 産業データセット	jp_prefectural	industry	ja	japan,opendata,ckan,sangyou,geospatial	86400	Every dataset in G-Spatial Information Center (Japan) matching '産業' (industry), with publisher, licence, resources and update time as held in the catalogue.
jp-ckan-geospatial-q-koujou	https://www.geospatial.jp/ckan/api/3/action/package_search?rows=100&q=工場	json:result.results	1	G-Spatial Information Center (Japan) — Factories Datasets	G空間情報センター 工場データセット	jp_prefectural	industry	ja	japan,opendata,ckan,koujou,geospatial	86400	Every dataset in G-Spatial Information Center (Japan) matching '工場' (factories), with publisher, licence, resources and update time as held in the catalogue.
jp-ckan-geospatial-q-kouwan	https://www.geospatial.jp/ckan/api/3/action/package_search?rows=100&q=港湾	json:result.results	10	G-Spatial Information Center (Japan) — Ports Datasets	G空間情報センター 港湾データセット	jp_prefectural	maritime	ja	japan,opendata,ckan,kouwan,geospatial	86400	Every dataset in G-Spatial Information Center (Japan) matching '港湾' (ports), with publisher, licence, resources and update time as held in the catalogue.
jp-ckan-geospatial-q-kuukou	https://www.geospatial.jp/ckan/api/3/action/package_search?rows=100&q=空港	json:result.results	6	G-Spatial Information Center (Japan) — Airports Datasets	G空間情報センター 空港データセット	jp_prefectural	aviation	ja	japan,opendata,ckan,kuukou,geospatial	86400	Every dataset in G-Spatial Information Center (Japan) matching '空港' (airports), with publisher, licence, resources and update time as held in the catalogue.
jp-ckan-geospatial-q-tetsudou	https://www.geospatial.jp/ckan/api/3/action/package_search?rows=100&q=鉄道	json:result.results	5	G-Spatial Information Center (Japan) — Railways Datasets	G空間情報センター 鉄道データセット	jp_prefectural	transport	ja	japan,opendata,ckan,tetsudou,geospatial	86400	Every dataset in G-Spatial Information Center (Japan) matching '鉄道' (railways), with publisher, licence, resources and update time as held in the catalogue.
jp-ckan-geospatial-q-basu	https://www.geospatial.jp/ckan/api/3/action/package_search?rows=100&q=バス	json:result.results	13	G-Spatial Information Center (Japan) — Bus Services Datasets	G空間情報センター バスデータセット	jp_prefectural	transport	ja	japan,opendata,ckan,basu,geospatial	86400	Every dataset in G-Spatial Information Center (Japan) matching 'バス' (bus services), with publisher, licence, resources and update time as held in the catalogue.
jp-ckan-geospatial-q-chuusha	https://www.geospatial.jp/ckan/api/3/action/package_search?rows=100&q=駐車場	json:result.results	12	G-Spatial Information Center (Japan) — Parking Datasets	G空間情報センター 駐車場データセット	jp_prefectural	transport	ja	japan,opendata,ckan,chuusha,geospatial	86400	Every dataset in G-Spatial Information Center (Japan) matching '駐車場' (parking), with publisher, licence, resources and update time as held in the catalogue.
fr-geoapi-departements	https://geo.api.gouv.fr/departements?fields=nom,code,codeRegion,chefLieu	json-array	101	France — Departments	フランス 県一覧	fr_prefectural	government	fr	france,registry,geoapi,departements	604800	Every French department with its INSEE code, prefecture seat and parent region.
fr-geoapi-epcis	https://geo.api.gouv.fr/epcis?fields=nom,code,type,financement,population	json-array	1255	France — Intercommunal Bodies (EPCI)	フランス 広域行政組織	fr_prefectural	government	fr	france,registry,geoapi,epcis	604800	Every French EPCI — metropoles, urban and commune communities — with type, funding regime and population.
fr-geoapi-communes-region-11	https://geo.api.gouv.fr/communes?codeRegion=11&fields=nom,code,codesPostaux,siren,centre,surface,population,codeEpci,codeDepartement,codeRegion&format=json	json-array	1266	France — Communes of Île-de-France	フランス Île-de-France 地域圏 全市町村	fr_prefectural	government	fr	france,commune,region,geoapi,11	604800	Every commune in the Île-de-France region with INSEE code, postal codes, SIREN, centroid, population and department linkage.
fr-geoapi-communes-region-24	https://geo.api.gouv.fr/communes?codeRegion=24&fields=nom,code,codesPostaux,siren,centre,surface,population,codeEpci,codeDepartement,codeRegion&format=json	json-array	1754	France — Communes of Centre-Val de Loire	フランス Centre-Val de Loire 地域圏 全市町村	fr_prefectural	government	fr	france,commune,region,geoapi,24	604800	Every commune in the Centre-Val de Loire region with INSEE code, postal codes, SIREN, centroid, population and department linkage.
fr-geoapi-communes-region-27	https://geo.api.gouv.fr/communes?codeRegion=27&fields=nom,code,codesPostaux,siren,centre,surface,population,codeEpci,codeDepartement,codeRegion&format=json	json-array	3685	France — Communes of Bourgogne-Franche-Comté	フランス Bourgogne-Franche-Comté 地域圏 全市町村	fr_prefectural	government	fr	france,commune,region,geoapi,27	604800	Every commune in the Bourgogne-Franche-Comté region with INSEE code, postal codes, SIREN, centroid, population and department linkage.
fr-geoapi-communes-region-28	https://geo.api.gouv.fr/communes?codeRegion=28&fields=nom,code,codesPostaux,siren,centre,surface,population,codeEpci,codeDepartement,codeRegion&format=json	json-array	2644	France — Communes of Normandie	フランス Normandie 地域圏 全市町村	fr_prefectural	government	fr	france,commune,region,geoapi,28	604800	Every commune in the Normandie region with INSEE code, postal codes, SIREN, centroid, population and department linkage.
fr-geoapi-communes-region-32	https://geo.api.gouv.fr/communes?codeRegion=32&fields=nom,code,codesPostaux,siren,centre,surface,population,codeEpci,codeDepartement,codeRegion&format=json	json-array	3782	France — Communes of Hauts-de-France	フランス Hauts-de-France 地域圏 全市町村	fr_prefectural	government	fr	france,commune,region,geoapi,32	604800	Every commune in the Hauts-de-France region with INSEE code, postal codes, SIREN, centroid, population and department linkage.
fr-geoapi-communes-region-44	https://geo.api.gouv.fr/communes?codeRegion=44&fields=nom,code,codesPostaux,siren,centre,surface,population,codeEpci,codeDepartement,codeRegion&format=json	json-array	5115	France — Communes of Grand Est	フランス Grand Est 地域圏 全市町村	fr_prefectural	government	fr	france,commune,region,geoapi,44	604800	Every commune in the Grand Est region with INSEE code, postal codes, SIREN, centroid, population and department linkage.
fr-geoapi-communes-region-52	https://geo.api.gouv.fr/communes?codeRegion=52&fields=nom,code,codesPostaux,siren,centre,surface,population,codeEpci,codeDepartement,codeRegion&format=json	json-array	1228	France — Communes of Pays de la Loire	フランス Pays de la Loire 地域圏 全市町村	fr_prefectural	government	fr	france,commune,region,geoapi,52	604800	Every commune in the Pays de la Loire region with INSEE code, postal codes, SIREN, centroid, population and department linkage.
fr-geoapi-communes-region-53	https://geo.api.gouv.fr/communes?codeRegion=53&fields=nom,code,codesPostaux,siren,centre,surface,population,codeEpci,codeDepartement,codeRegion&format=json	json-array	1202	France — Communes of Bretagne	フランス Bretagne 地域圏 全市町村	fr_prefectural	government	fr	france,commune,region,geoapi,53	604800	Every commune in the Bretagne region with INSEE code, postal codes, SIREN, centroid, population and department linkage.
fr-geoapi-communes-region-75	https://geo.api.gouv.fr/communes?codeRegion=75&fields=nom,code,codesPostaux,siren,centre,surface,population,codeEpci,codeDepartement,codeRegion&format=json	json-array	4293	France — Communes of Nouvelle-Aquitaine	フランス Nouvelle-Aquitaine 地域圏 全市町村	fr_prefectural	government	fr	france,commune,region,geoapi,75	604800	Every commune in the Nouvelle-Aquitaine region with INSEE code, postal codes, SIREN, centroid, population and department linkage.
fr-geoapi-communes-region-76	https://geo.api.gouv.fr/communes?codeRegion=76&fields=nom,code,codesPostaux,siren,centre,surface,population,codeEpci,codeDepartement,codeRegion&format=json	json-array	4446	France — Communes of Occitanie	フランス Occitanie 地域圏 全市町村	fr_prefectural	government	fr	france,commune,region,geoapi,76	604800	Every commune in the Occitanie region with INSEE code, postal codes, SIREN, centroid, population and department linkage.
fr-geoapi-communes-region-84	https://geo.api.gouv.fr/communes?codeRegion=84&fields=nom,code,codesPostaux,siren,centre,surface,population,codeEpci,codeDepartement,codeRegion&format=json	json-array	4025	France — Communes of Auvergne-Rhône-Alpes	フランス Auvergne-Rhône-Alpes 地域圏 全市町村	fr_prefectural	government	fr	france,commune,region,geoapi,84	604800	Every commune in the Auvergne-Rhône-Alpes region with INSEE code, postal codes, SIREN, centroid, population and department linkage.
fr-geoapi-communes-region-93	https://geo.api.gouv.fr/communes?codeRegion=93&fields=nom,code,codesPostaux,siren,centre,surface,population,codeEpci,codeDepartement,codeRegion&format=json	json-array	946	France — Communes of Provence-Alpes-Côte d'Azur	フランス Provence-Alpes-Côte d'Azur 地域圏 全市町村	fr_prefectural	government	fr	france,commune,region,geoapi,93	604800	Every commune in the Provence-Alpes-Côte d'Azur region with INSEE code, postal codes, SIREN, centroid, population and department linkage.
fr-geoapi-communes-region-94	https://geo.api.gouv.fr/communes?codeRegion=94&fields=nom,code,codesPostaux,siren,centre,surface,population,codeEpci,codeDepartement,codeRegion&format=json	json-array	360	France — Communes of Corse	フランス Corse 地域圏 全市町村	fr_prefectural	government	fr	france,commune,region,geoapi,94	604800	Every commune in the Corse region with INSEE code, postal codes, SIREN, centroid, population and department linkage.
fr-geoapi-communes-region-01	https://geo.api.gouv.fr/communes?codeRegion=01&fields=nom,code,codesPostaux,siren,centre,surface,population,codeEpci,codeDepartement,codeRegion&format=json	json-array	32	France — Communes of Guadeloupe	フランス Guadeloupe 地域圏 全市町村	fr_prefectural	government	fr	france,commune,region,geoapi,01	604800	Every commune in the Guadeloupe region with INSEE code, postal codes, SIREN, centroid, population and department linkage.
fr-geoapi-communes-region-02	https://geo.api.gouv.fr/communes?codeRegion=02&fields=nom,code,codesPostaux,siren,centre,surface,population,codeEpci,codeDepartement,codeRegion&format=json	json-array	34	France — Communes of Martinique	フランス Martinique 地域圏 全市町村	fr_prefectural	government	fr	france,commune,region,geoapi,02	604800	Every commune in the Martinique region with INSEE code, postal codes, SIREN, centroid, population and department linkage.
fr-geoapi-communes-region-03	https://geo.api.gouv.fr/communes?codeRegion=03&fields=nom,code,codesPostaux,siren,centre,surface,population,codeEpci,codeDepartement,codeRegion&format=json	json-array	22	France — Communes of Guyane	フランス Guyane 地域圏 全市町村	fr_prefectural	government	fr	france,commune,region,geoapi,03	604800	Every commune in the Guyane region with INSEE code, postal codes, SIREN, centroid, population and department linkage.
fr-geoapi-communes-region-04	https://geo.api.gouv.fr/communes?codeRegion=04&fields=nom,code,codesPostaux,siren,centre,surface,population,codeEpci,codeDepartement,codeRegion&format=json	json-array	24	France — Communes of La Réunion	フランス La Réunion 地域圏 全市町村	fr_prefectural	government	fr	france,commune,region,geoapi,04	604800	Every commune in the La Réunion region with INSEE code, postal codes, SIREN, centroid, population and department linkage.
fr-geoapi-communes-region-06	https://geo.api.gouv.fr/communes?codeRegion=06&fields=nom,code,codesPostaux,siren,centre,surface,population,codeEpci,codeDepartement,codeRegion&format=json	json-array	17	France — Communes of Mayotte	フランス Mayotte 地域圏 全市町村	fr_prefectural	government	fr	france,commune,region,geoapi,06	604800	Every commune in the Mayotte region with INSEE code, postal codes, SIREN, centroid, population and department linkage.
us-arcgishub-police-stations	https://hub.arcgis.com/api/search/v1/collections/dataset/items?limit=100&q=police%20station	geojson	100	ArcGIS Hub — Police Station Layers	ArcGIS Hub police station レイヤー	us_state	security	en	usa,gis,arcgis,hub,catalog,police-stations	86400	Public ArcGIS Hub datasets matching 'police station', across US state, county and municipal GIS sites: title, owner organisation, extent, licence and the service URL each layer is served from.
us-arcgishub-fire-stations	https://hub.arcgis.com/api/search/v1/collections/dataset/items?limit=100&q=fire%20station	geojson	100	ArcGIS Hub — Fire Station Layers	ArcGIS Hub fire station レイヤー	us_state	disaster	en	usa,gis,arcgis,hub,catalog,fire-stations	86400	Public ArcGIS Hub datasets matching 'fire station', across US state, county and municipal GIS sites: title, owner organisation, extent, licence and the service URL each layer is served from.
us-arcgishub-hospitals	https://hub.arcgis.com/api/search/v1/collections/dataset/items?limit=100&q=hospital	geojson	100	ArcGIS Hub — Hospital Layers	ArcGIS Hub hospital レイヤー	us_state	health	en	usa,gis,arcgis,hub,catalog,hospitals	86400	Public ArcGIS Hub datasets matching 'hospital', across US state, county and municipal GIS sites: title, owner organisation, extent, licence and the service URL each layer is served from.
us-arcgishub-schools	https://hub.arcgis.com/api/search/v1/collections/dataset/items?limit=100&q=school	geojson	100	ArcGIS Hub — School Layers	ArcGIS Hub school レイヤー	us_state	education	en	usa,gis,arcgis,hub,catalog,schools	86400	Public ArcGIS Hub datasets matching 'school', across US state, county and municipal GIS sites: title, owner organisation, extent, licence and the service URL each layer is served from.
us-arcgishub-colleges	https://hub.arcgis.com/api/search/v1/collections/dataset/items?limit=100&q=college%20campus	geojson	100	ArcGIS Hub — College Campus Layers	ArcGIS Hub college campus レイヤー	us_state	education	en	usa,gis,arcgis,hub,catalog,colleges	86400	Public ArcGIS Hub datasets matching 'college campus', across US state, county and municipal GIS sites: title, owner organisation, extent, licence and the service URL each layer is served from.
us-arcgishub-libraries	https://hub.arcgis.com/api/search/v1/collections/dataset/items?limit=100&q=library	geojson	100	ArcGIS Hub — Library Layers	ArcGIS Hub library レイヤー	us_state	government	en	usa,gis,arcgis,hub,catalog,libraries	86400	Public ArcGIS Hub datasets matching 'library', across US state, county and municipal GIS sites: title, owner organisation, extent, licence and the service URL each layer is served from.
us-arcgishub-government-buildings	https://hub.arcgis.com/api/search/v1/collections/dataset/items?limit=100&q=government%20building	geojson	100	ArcGIS Hub — Government Building Layers	ArcGIS Hub government building レイヤー	us_state	government	en	usa,gis,arcgis,hub,catalog,government-buildings	86400	Public ArcGIS Hub datasets matching 'government building', across US state, county and municipal GIS sites: title, owner organisation, extent, licence and the service URL each layer is served from.
us-arcgishub-military	https://hub.arcgis.com/api/search/v1/collections/dataset/items?limit=100&q=military%20installation	geojson	100	ArcGIS Hub — Military Installation Layers	ArcGIS Hub military installation レイヤー	us_state	security	en	usa,gis,arcgis,hub,catalog,military	86400	Public ArcGIS Hub datasets matching 'military installation', across US state, county and municipal GIS sites: title, owner organisation, extent, licence and the service URL each layer is served from.
us-arcgishub-airports	https://hub.arcgis.com/api/search/v1/collections/dataset/items?limit=100&q=airport	geojson	100	ArcGIS Hub — Airport Layers	ArcGIS Hub airport レイヤー	us_state	aviation	en	usa,gis,arcgis,hub,catalog,airports	86400	Public ArcGIS Hub datasets matching 'airport', across US state, county and municipal GIS sites: title, owner organisation, extent, licence and the service URL each layer is served from.
us-arcgishub-ports	https://hub.arcgis.com/api/search/v1/collections/dataset/items?limit=100&q=port%20facility	geojson	100	ArcGIS Hub — Port Facility Layers	ArcGIS Hub port facility レイヤー	us_state	maritime	en	usa,gis,arcgis,hub,catalog,ports	86400	Public ArcGIS Hub datasets matching 'port facility', across US state, county and municipal GIS sites: title, owner organisation, extent, licence and the service URL each layer is served from.
us-arcgishub-railroads	https://hub.arcgis.com/api/search/v1/collections/dataset/items?limit=100&q=railroad	geojson	100	ArcGIS Hub — Railroad Layers	ArcGIS Hub railroad レイヤー	us_state	transport	en	usa,gis,arcgis,hub,catalog,railroads	86400	Public ArcGIS Hub datasets matching 'railroad', across US state, county and municipal GIS sites: title, owner organisation, extent, licence and the service URL each layer is served from.
us-arcgishub-bridges	https://hub.arcgis.com/api/search/v1/collections/dataset/items?limit=100&q=bridge	geojson	100	ArcGIS Hub — Bridge Layers	ArcGIS Hub bridge レイヤー	us_state	infrastructure	en	usa,gis,arcgis,hub,catalog,bridges	86400	Public ArcGIS Hub datasets matching 'bridge', across US state, county and municipal GIS sites: title, owner organisation, extent, licence and the service URL each layer is served from.
us-arcgishub-dams	https://hub.arcgis.com/api/search/v1/collections/dataset/items?limit=100&q=dam	geojson	100	ArcGIS Hub — Dam Layers	ArcGIS Hub dam レイヤー	us_state	infrastructure	en	usa,gis,arcgis,hub,catalog,dams	86400	Public ArcGIS Hub datasets matching 'dam', across US state, county and municipal GIS sites: title, owner organisation, extent, licence and the service URL each layer is served from.
us-arcgishub-power-plants	https://hub.arcgis.com/api/search/v1/collections/dataset/items?limit=100&q=power%20plant	geojson	100	ArcGIS Hub — Power Plant Layers	ArcGIS Hub power plant レイヤー	us_state	energy	en	usa,gis,arcgis,hub,catalog,power-plants	86400	Public ArcGIS Hub datasets matching 'power plant', across US state, county and municipal GIS sites: title, owner organisation, extent, licence and the service URL each layer is served from.
us-arcgishub-substations	https://hub.arcgis.com/api/search/v1/collections/dataset/items?limit=100&q=electric%20substation	geojson	100	ArcGIS Hub — Electric Substation Layers	ArcGIS Hub electric substation レイヤー	us_state	energy	en	usa,gis,arcgis,hub,catalog,substations	86400	Public ArcGIS Hub datasets matching 'electric substation', across US state, county and municipal GIS sites: title, owner organisation, extent, licence and the service URL each layer is served from.
us-arcgishub-pipelines	https://hub.arcgis.com/api/search/v1/collections/dataset/items?limit=100&q=pipeline	geojson	100	ArcGIS Hub — Pipeline Layers	ArcGIS Hub pipeline レイヤー	us_state	infrastructure	en	usa,gis,arcgis,hub,catalog,pipelines	86400	Public ArcGIS Hub datasets matching 'pipeline', across US state, county and municipal GIS sites: title, owner organisation, extent, licence and the service URL each layer is served from.
us-arcgishub-water-treatment	https://hub.arcgis.com/api/search/v1/collections/dataset/items?limit=100&q=water%20treatment%20plant	geojson	100	ArcGIS Hub — Water Treatment Plant Layers	ArcGIS Hub water treatment plant レイヤー	us_state	infrastructure	en	usa,gis,arcgis,hub,catalog,water-treatment	86400	Public ArcGIS Hub datasets matching 'water treatment plant', across US state, county and municipal GIS sites: title, owner organisation, extent, licence and the service URL each layer is served from.
us-arcgishub-cell-towers	https://hub.arcgis.com/api/search/v1/collections/dataset/items?limit=100&q=cell%20tower	geojson	100	ArcGIS Hub — Cell Tower Layers	ArcGIS Hub cell tower レイヤー	us_state	telecom	en	usa,gis,arcgis,hub,catalog,cell-towers	86400	Public ArcGIS Hub datasets matching 'cell tower', across US state, county and municipal GIS sites: title, owner organisation, extent, licence and the service URL each layer is served from.
us-arcgishub-broadband	https://hub.arcgis.com/api/search/v1/collections/dataset/items?limit=100&q=broadband%20service	geojson	100	ArcGIS Hub — Broadband Service Layers	ArcGIS Hub broadband service レイヤー	us_state	telecom	en	usa,gis,arcgis,hub,catalog,broadband	86400	Public ArcGIS Hub datasets matching 'broadband service', across US state, county and municipal GIS sites: title, owner organisation, extent, licence and the service URL each layer is served from.
us-arcgishub-traffic-cameras	https://hub.arcgis.com/api/search/v1/collections/dataset/items?limit=100&q=traffic%20camera	geojson	100	ArcGIS Hub — Traffic Camera Layers	ArcGIS Hub traffic camera レイヤー	us_state	cameras	en	usa,gis,arcgis,hub,catalog,traffic-cameras	86400	Public ArcGIS Hub datasets matching 'traffic camera', across US state, county and municipal GIS sites: title, owner organisation, extent, licence and the service URL each layer is served from.
us-arcgishub-surveillance-cameras	https://hub.arcgis.com/api/search/v1/collections/dataset/items?limit=100&q=surveillance%20camera	geojson	100	ArcGIS Hub — Surveillance Camera Layers	ArcGIS Hub surveillance camera レイヤー	us_state	cameras	en	usa,gis,arcgis,hub,catalog,surveillance-cameras	86400	Public ArcGIS Hub datasets matching 'surveillance camera', across US state, county and municipal GIS sites: title, owner organisation, extent, licence and the service URL each layer is served from.
us-arcgishub-traffic-counts	https://hub.arcgis.com/api/search/v1/collections/dataset/items?limit=100&q=traffic%20count	geojson	100	ArcGIS Hub — Traffic Count Layers	ArcGIS Hub traffic count レイヤー	us_state	transport	en	usa,gis,arcgis,hub,catalog,traffic-counts	86400	Public ArcGIS Hub datasets matching 'traffic count', across US state, county and municipal GIS sites: title, owner organisation, extent, licence and the service URL each layer is served from.
us-arcgishub-parcels	https://hub.arcgis.com/api/search/v1/collections/dataset/items?limit=100&q=parcel	geojson	100	ArcGIS Hub — Parcel Layers	ArcGIS Hub parcel レイヤー	us_state	geospatial	en	usa,gis,arcgis,hub,catalog,parcels	86400	Public ArcGIS Hub datasets matching 'parcel', across US state, county and municipal GIS sites: title, owner organisation, extent, licence and the service URL each layer is served from.
us-arcgishub-zoning	https://hub.arcgis.com/api/search/v1/collections/dataset/items?limit=100&q=zoning	geojson	100	ArcGIS Hub — Zoning Layers	ArcGIS Hub zoning レイヤー	us_state	geospatial	en	usa,gis,arcgis,hub,catalog,zoning	86400	Public ArcGIS Hub datasets matching 'zoning', across US state, county and municipal GIS sites: title, owner organisation, extent, licence and the service URL each layer is served from.
us-arcgishub-building-footprints	https://hub.arcgis.com/api/search/v1/collections/dataset/items?limit=100&q=building%20footprint	geojson	100	ArcGIS Hub — Building Footprint Layers	ArcGIS Hub building footprint レイヤー	us_state	geospatial	en	usa,gis,arcgis,hub,catalog,building-footprints	86400	Public ArcGIS Hub datasets matching 'building footprint', across US state, county and municipal GIS sites: title, owner organisation, extent, licence and the service URL each layer is served from.
us-arcgishub-addresses	https://hub.arcgis.com/api/search/v1/collections/dataset/items?limit=100&q=address%20point	geojson	100	ArcGIS Hub — Address Point Layers	ArcGIS Hub address point レイヤー	us_state	geospatial	en	usa,gis,arcgis,hub,catalog,addresses	86400	Public ArcGIS Hub datasets matching 'address point', across US state, county and municipal GIS sites: title, owner organisation, extent, licence and the service URL each layer is served from.
us-arcgishub-floodplain	https://hub.arcgis.com/api/search/v1/collections/dataset/items?limit=100&q=floodplain	geojson	100	ArcGIS Hub — Floodplain Layers	ArcGIS Hub floodplain レイヤー	us_state	disaster	en	usa,gis,arcgis,hub,catalog,floodplain	86400	Public ArcGIS Hub datasets matching 'floodplain', across US state, county and municipal GIS sites: title, owner organisation, extent, licence and the service URL each layer is served from.
us-arcgishub-wildfire-risk	https://hub.arcgis.com/api/search/v1/collections/dataset/items?limit=100&q=wildfire%20risk	geojson	100	ArcGIS Hub — Wildfire Risk Layers	ArcGIS Hub wildfire risk レイヤー	us_state	disaster	en	usa,gis,arcgis,hub,catalog,wildfire-risk	86400	Public ArcGIS Hub datasets matching 'wildfire risk', across US state, county and municipal GIS sites: title, owner organisation, extent, licence and the service URL each layer is served from.
us-arcgishub-evacuation-routes	https://hub.arcgis.com/api/search/v1/collections/dataset/items?limit=100&q=evacuation%20route	geojson	100	ArcGIS Hub — Evacuation Route Layers	ArcGIS Hub evacuation route レイヤー	us_state	disaster	en	usa,gis,arcgis,hub,catalog,evacuation-routes	86400	Public ArcGIS Hub datasets matching 'evacuation route', across US state, county and municipal GIS sites: title, owner organisation, extent, licence and the service URL each layer is served from.
us-arcgishub-crime-incidents	https://hub.arcgis.com/api/search/v1/collections/dataset/items?limit=100&q=crime%20incident	geojson	100	ArcGIS Hub — Crime Incident Layers	ArcGIS Hub crime incident レイヤー	us_state	crime	en	usa,gis,arcgis,hub,catalog,crime-incidents	86400	Public ArcGIS Hub datasets matching 'crime incident', across US state, county and municipal GIS sites: title, owner organisation, extent, licence and the service URL each layer is served from.
us-arcgishub-code-enforcement	https://hub.arcgis.com/api/search/v1/collections/dataset/items?limit=100&q=code%20enforcement	geojson	100	ArcGIS Hub — Code Enforcement Layers	ArcGIS Hub code enforcement レイヤー	us_state	government	en	usa,gis,arcgis,hub,catalog,code-enforcement	86400	Public ArcGIS Hub datasets matching 'code enforcement', across US state, county and municipal GIS sites: title, owner organisation, extent, licence and the service URL each layer is served from.
us-arcgishub-voting-precincts	https://hub.arcgis.com/api/search/v1/collections/dataset/items?limit=100&q=voting%20precinct	geojson	100	ArcGIS Hub — Voting Precinct Layers	ArcGIS Hub voting precinct レイヤー	us_state	government	en	usa,gis,arcgis,hub,catalog,voting-precincts	86400	Public ArcGIS Hub datasets matching 'voting precinct', across US state, county and municipal GIS sites: title, owner organisation, extent, licence and the service URL each layer is served from.
us-socrata-search-body-worn-camera	https://api.us.socrata.com/api/catalog/v1?limit=100&q=body%20worn%20camera	json:results	4	Socrata Cross-Portal Search — Body Worn Camera	Socrata 横断検索 body worn camera	us_state	cameras	en	usa,opendata,socrata,search,body-worn-camera	86400	Every Socrata-hosted asset across all US government portals matching 'body worn camera': owning domain, dataset identifier, category, column schema and last update — a cross-jurisdiction sweep in one request.
us-socrata-search-surveillance-technology	https://api.us.socrata.com/api/catalog/v1?limit=100&q=surveillance%20technology	json:results	96	Socrata Cross-Portal Search — Surveillance Technology	Socrata 横断検索 surveillance technology	us_state	security	en	usa,opendata,socrata,search,surveillance-technology	86400	Every Socrata-hosted asset across all US government portals matching 'surveillance technology': owning domain, dataset identifier, category, column schema and last update — a cross-jurisdiction sweep in one request.
us-socrata-search-license-plate-reader	https://api.us.socrata.com/api/catalog/v1?limit=100&q=license%20plate%20reader	json:results	18	Socrata Cross-Portal Search — License Plate Reader	Socrata 横断検索 license plate reader	us_state	security	en	usa,opendata,socrata,search,license-plate-reader	86400	Every Socrata-hosted asset across all US government portals matching 'license plate reader': owning domain, dataset identifier, category, column schema and last update — a cross-jurisdiction sweep in one request.
us-socrata-search-police-stops	https://api.us.socrata.com/api/catalog/v1?limit=100&q=police%20stops	json:results	100	Socrata Cross-Portal Search — Police Stops	Socrata 横断検索 police stops	us_state	crime	en	usa,opendata,socrata,search,police-stops	86400	Every Socrata-hosted asset across all US government portals matching 'police stops': owning domain, dataset identifier, category, column schema and last update — a cross-jurisdiction sweep in one request.
us-socrata-search-use-of-force	https://api.us.socrata.com/api/catalog/v1?limit=100&q=use%20of%20force	json:results	100	Socrata Cross-Portal Search — Use Of Force	Socrata 横断検索 use of force	us_state	crime	en	usa,opendata,socrata,search,use-of-force	86400	Every Socrata-hosted asset across all US government portals matching 'use of force': owning domain, dataset identifier, category, column schema and last update — a cross-jurisdiction sweep in one request.
us-socrata-search-arrests	https://api.us.socrata.com/api/catalog/v1?limit=100&q=arrests	json:results	100	Socrata Cross-Portal Search — Arrests	Socrata 横断検索 arrests	us_state	crime	en	usa,opendata,socrata,search,arrests	86400	Every Socrata-hosted asset across all US government portals matching 'arrests': owning domain, dataset identifier, category, column schema and last update — a cross-jurisdiction sweep in one request.
us-socrata-search-calls-for-service	https://api.us.socrata.com/api/catalog/v1?limit=100&q=calls%20for%20service	json:results	100	Socrata Cross-Portal Search — Calls For Service	Socrata 横断検索 calls for service	us_state	crime	en	usa,opendata,socrata,search,calls-for-service	86400	Every Socrata-hosted asset across all US government portals matching 'calls for service': owning domain, dataset identifier, category, column schema and last update — a cross-jurisdiction sweep in one request.
us-socrata-search-311-requests	https://api.us.socrata.com/api/catalog/v1?limit=100&q=311%20service%20requests	json:results	100	Socrata Cross-Portal Search — 311 Service Requests	Socrata 横断検索 311 service requests	us_state	government	en	usa,opendata,socrata,search,311-requests	86400	Every Socrata-hosted asset across all US government portals matching '311 service requests': owning domain, dataset identifier, category, column schema and last update — a cross-jurisdiction sweep in one request.
us-socrata-search-building-permits	https://api.us.socrata.com/api/catalog/v1?limit=100&q=building%20permits	json:results	100	Socrata Cross-Portal Search — Building Permits	Socrata 横断検索 building permits	us_state	geospatial	en	usa,opendata,socrata,search,building-permits	86400	Every Socrata-hosted asset across all US government portals matching 'building permits': owning domain, dataset identifier, category, column schema and last update — a cross-jurisdiction sweep in one request.
us-socrata-search-business-licenses	https://api.us.socrata.com/api/catalog/v1?limit=100&q=business%20licenses	json:results	100	Socrata Cross-Portal Search — Business Licenses	Socrata 横断検索 business licenses	us_state	corporate	en	usa,opendata,socrata,search,business-licenses	86400	Every Socrata-hosted asset across all US government portals matching 'business licenses': owning domain, dataset identifier, category, column schema and last update — a cross-jurisdiction sweep in one request.
us-socrata-search-contractor-registry	https://api.us.socrata.com/api/catalog/v1?limit=100&q=contractor%20registry	json:results	6	Socrata Cross-Portal Search — Contractor Registry	Socrata 横断検索 contractor registry	us_state	corporate	en	usa,opendata,socrata,search,contractor-registry	86400	Every Socrata-hosted asset across all US government portals matching 'contractor registry': owning domain, dataset identifier, category, column schema and last update — a cross-jurisdiction sweep in one request.
us-socrata-search-lobbyist-registry	https://api.us.socrata.com/api/catalog/v1?limit=100&q=lobbyist%20registration	json:results	100	Socrata Cross-Portal Search — Lobbyist Registration	Socrata 横断検索 lobbyist registration	us_state	transparency	en	usa,opendata,socrata,search,lobbyist-registry	86400	Every Socrata-hosted asset across all US government portals matching 'lobbyist registration': owning domain, dataset identifier, category, column schema and last update — a cross-jurisdiction sweep in one request.
us-socrata-search-campaign-contributions	https://api.us.socrata.com/api/catalog/v1?limit=100&q=campaign%20contributions	json:results	100	Socrata Cross-Portal Search — Campaign Contributions	Socrata 横断検索 campaign contributions	us_state	transparency	en	usa,opendata,socrata,search,campaign-contributions	86400	Every Socrata-hosted asset across all US government portals matching 'campaign contributions': owning domain, dataset identifier, category, column schema and last update — a cross-jurisdiction sweep in one request.
us-socrata-search-public-salaries	https://api.us.socrata.com/api/catalog/v1?limit=100&q=employee%20salaries	json:results	100	Socrata Cross-Portal Search — Employee Salaries	Socrata 横断検索 employee salaries	us_state	transparency	en	usa,opendata,socrata,search,public-salaries	86400	Every Socrata-hosted asset across all US government portals matching 'employee salaries': owning domain, dataset identifier, category, column schema and last update — a cross-jurisdiction sweep in one request.
us-socrata-search-budget-expenditures	https://api.us.socrata.com/api/catalog/v1?limit=100&q=budget%20expenditures	json:results	100	Socrata Cross-Portal Search — Budget Expenditures	Socrata 横断検索 budget expenditures	us_state	economy	en	usa,opendata,socrata,search,budget-expenditures	86400	Every Socrata-hosted asset across all US government portals matching 'budget expenditures': owning domain, dataset identifier, category, column schema and last update — a cross-jurisdiction sweep in one request.
us-socrata-search-vendor-payments	https://api.us.socrata.com/api/catalog/v1?limit=100&q=vendor%20payments	json:results	100	Socrata Cross-Portal Search — Vendor Payments	Socrata 横断検索 vendor payments	us_state	procurement	en	usa,opendata,socrata,search,vendor-payments	86400	Every Socrata-hosted asset across all US government portals matching 'vendor payments': owning domain, dataset identifier, category, column schema and last update — a cross-jurisdiction sweep in one request.
us-socrata-search-procurement-contracts	https://api.us.socrata.com/api/catalog/v1?limit=100&q=procurement%20contracts	json:results	100	Socrata Cross-Portal Search — Procurement Contracts	Socrata 横断検索 procurement contracts	us_state	procurement	en	usa,opendata,socrata,search,procurement-contracts	86400	Every Socrata-hosted asset across all US government portals matching 'procurement contracts': owning domain, dataset identifier, category, column schema and last update — a cross-jurisdiction sweep in one request.
us-socrata-search-school-performance	https://api.us.socrata.com/api/catalog/v1?limit=100&q=school%20performance	json:results	100	Socrata Cross-Portal Search — School Performance	Socrata 横断検索 school performance	us_state	education	en	usa,opendata,socrata,search,school-performance	86400	Every Socrata-hosted asset across all US government portals matching 'school performance': owning domain, dataset identifier, category, column schema and last update — a cross-jurisdiction sweep in one request.
us-socrata-search-school-enrollment	https://api.us.socrata.com/api/catalog/v1?limit=100&q=school%20enrollment	json:results	100	Socrata Cross-Portal Search — School Enrollment	Socrata 横断検索 school enrollment	us_state	education	en	usa,opendata,socrata,search,school-enrollment	86400	Every Socrata-hosted asset across all US government portals matching 'school enrollment': owning domain, dataset identifier, category, column schema and last update — a cross-jurisdiction sweep in one request.
us-socrata-search-student-demographics	https://api.us.socrata.com/api/catalog/v1?limit=100&q=student%20demographics	json:results	100	Socrata Cross-Portal Search — Student Demographics	Socrata 横断検索 student demographics	us_state	education	en	usa,opendata,socrata,search,student-demographics	86400	Every Socrata-hosted asset across all US government portals matching 'student demographics': owning domain, dataset identifier, category, column schema and last update — a cross-jurisdiction sweep in one request.
us-socrata-search-hospital-quality	https://api.us.socrata.com/api/catalog/v1?limit=100&q=hospital%20quality	json:results	100	Socrata Cross-Portal Search — Hospital Quality	Socrata 横断検索 hospital quality	us_state	health	en	usa,opendata,socrata,search,hospital-quality	86400	Every Socrata-hosted asset across all US government portals matching 'hospital quality': owning domain, dataset identifier, category, column schema and last update — a cross-jurisdiction sweep in one request.
us-socrata-search-inspections	https://api.us.socrata.com/api/catalog/v1?limit=100&q=restaurant%20inspections	json:results	100	Socrata Cross-Portal Search — Restaurant Inspections	Socrata 横断検索 restaurant inspections	us_state	health	en	usa,opendata,socrata,search,inspections	86400	Every Socrata-hosted asset across all US government portals matching 'restaurant inspections': owning domain, dataset identifier, category, column schema and last update — a cross-jurisdiction sweep in one request.
us-socrata-search-environmental-violations	https://api.us.socrata.com/api/catalog/v1?limit=100&q=environmental%20violations	json:results	100	Socrata Cross-Portal Search — Environmental Violations	Socrata 横断検索 environmental violations	us_state	environment	en	usa,opendata,socrata,search,environmental-violations	86400	Every Socrata-hosted asset across all US government portals matching 'environmental violations': owning domain, dataset identifier, category, column schema and last update — a cross-jurisdiction sweep in one request.
us-socrata-search-air-monitoring	https://api.us.socrata.com/api/catalog/v1?limit=100&q=air%20monitoring	json:results	100	Socrata Cross-Portal Search — Air Monitoring	Socrata 横断検索 air monitoring	us_state	environment	en	usa,opendata,socrata,search,air-monitoring	86400	Every Socrata-hosted asset across all US government portals matching 'air monitoring': owning domain, dataset identifier, category, column schema and last update — a cross-jurisdiction sweep in one request.
us-socrata-search-water-testing	https://api.us.socrata.com/api/catalog/v1?limit=100&q=water%20testing	json:results	100	Socrata Cross-Portal Search — Water Testing	Socrata 横断検索 water testing	us_state	environment	en	usa,opendata,socrata,search,water-testing	86400	Every Socrata-hosted asset across all US government portals matching 'water testing': owning domain, dataset identifier, category, column schema and last update — a cross-jurisdiction sweep in one request.
us-socrata-search-traffic-collisions	https://api.us.socrata.com/api/catalog/v1?limit=100&q=traffic%20collisions	json:results	100	Socrata Cross-Portal Search — Traffic Collisions	Socrata 横断検索 traffic collisions	us_state	transport	en	usa,opendata,socrata,search,traffic-collisions	86400	Every Socrata-hosted asset across all US government portals matching 'traffic collisions': owning domain, dataset identifier, category, column schema and last update — a cross-jurisdiction sweep in one request.
us-socrata-search-transit-ridership	https://api.us.socrata.com/api/catalog/v1?limit=100&q=transit%20ridership	json:results	100	Socrata Cross-Portal Search — Transit Ridership	Socrata 横断検索 transit ridership	us_state	transport	en	usa,opendata,socrata,search,transit-ridership	86400	Every Socrata-hosted asset across all US government portals matching 'transit ridership': owning domain, dataset identifier, category, column schema and last update — a cross-jurisdiction sweep in one request.
us-socrata-search-street-closures	https://api.us.socrata.com/api/catalog/v1?limit=100&q=street%20closures	json:results	93	Socrata Cross-Portal Search — Street Closures	Socrata 横断検索 street closures	us_state	transport	en	usa,opendata,socrata,search,street-closures	86400	Every Socrata-hosted asset across all US government portals matching 'street closures': owning domain, dataset identifier, category, column schema and last update — a cross-jurisdiction sweep in one request.
us-socrata-search-evictions	https://api.us.socrata.com/api/catalog/v1?limit=100&q=evictions	json:results	54	Socrata Cross-Portal Search — Evictions	Socrata 横断検索 evictions	us_state	geospatial	en	usa,opendata,socrata,search,evictions	86400	Every Socrata-hosted asset across all US government portals matching 'evictions': owning domain, dataset identifier, category, column schema and last update — a cross-jurisdiction sweep in one request.
us-socrata-search-property-assessments	https://api.us.socrata.com/api/catalog/v1?limit=100&q=property%20assessments	json:results	100	Socrata Cross-Portal Search — Property Assessments	Socrata 横断検索 property assessments	us_state	geospatial	en	usa,opendata,socrata,search,property-assessments	86400	Every Socrata-hosted asset across all US government portals matching 'property assessments': owning domain, dataset identifier, category, column schema and last update — a cross-jurisdiction sweep in one request.
us-socrata-search-vacant-properties	https://api.us.socrata.com/api/catalog/v1?limit=100&q=vacant%20properties	json:results	83	Socrata Cross-Portal Search — Vacant Properties	Socrata 横断検索 vacant properties	us_state	geospatial	en	usa,opendata,socrata,search,vacant-properties	86400	Every Socrata-hosted asset across all US government portals matching 'vacant properties': owning domain, dataset identifier, category, column schema and last update — a cross-jurisdiction sweep in one request.
us-socrata-search-broadband-access	https://api.us.socrata.com/api/catalog/v1?limit=100&q=broadband%20access	json:results	100	Socrata Cross-Portal Search — Broadband Access	Socrata 横断検索 broadband access	us_state	telecom	en	usa,opendata,socrata,search,broadband-access	86400	Every Socrata-hosted asset across all US government portals matching 'broadband access': owning domain, dataset identifier, category, column schema and last update — a cross-jurisdiction sweep in one request.
us-socrata-search-cybersecurity-incidents	https://api.us.socrata.com/api/catalog/v1?limit=100&q=cybersecurity%20incidents	json:results	3	Socrata Cross-Portal Search — Cybersecurity Incidents	Socrata 横断検索 cybersecurity incidents	us_state	cyber	en	usa,opendata,socrata,search,cybersecurity-incidents	86400	Every Socrata-hosted asset across all US government portals matching 'cybersecurity incidents': owning domain, dataset identifier, category, column schema and last update — a cross-jurisdiction sweep in one request.
us-socrata-search-emergency-shelters	https://api.us.socrata.com/api/catalog/v1?limit=100&q=emergency%20shelters	json:results	100	Socrata Cross-Portal Search — Emergency Shelters	Socrata 横断検索 emergency shelters	us_state	disaster	en	usa,opendata,socrata,search,emergency-shelters	86400	Every Socrata-hosted asset across all US government portals matching 'emergency shelters': owning domain, dataset identifier, category, column schema and last update — a cross-jurisdiction sweep in one request.
us-socrata-search-power-outages	https://api.us.socrata.com/api/catalog/v1?limit=100&q=power%20outages	json:results	100	Socrata Cross-Portal Search — Power Outages	Socrata 横断検索 power outages	us_state	energy	en	usa,opendata,socrata,search,power-outages	86400	Every Socrata-hosted asset across all US government portals matching 'power outages': owning domain, dataset identifier, category, column schema and last update — a cross-jurisdiction sweep in one request.
fr-geoapi-communes-01	https://geo.api.gouv.fr/communes?codeDepartement=01&fields=nom,code,codesPostaux,siren,centre,surface,population,codeEpci,codeDepartement,codeRegion&format=json	json-array	391	France — Communes of Department 01	フランス 01県 全市町村	fr_prefectural	government	fr	france,commune,prefecture,registry,geoapi,01	604800	Every commune in French department 01 with INSEE code, postal codes, SIREN identifier, centroid, area, population and EPCI/region linkage — the official state geographic reference.
fr-geoapi-communes-02	https://geo.api.gouv.fr/communes?codeDepartement=02&fields=nom,code,codesPostaux,siren,centre,surface,population,codeEpci,codeDepartement,codeRegion&format=json	json-array	797	France — Communes of Department 02	フランス 02県 全市町村	fr_prefectural	government	fr	france,commune,prefecture,registry,geoapi,02	604800	Every commune in French department 02 with INSEE code, postal codes, SIREN identifier, centroid, area, population and EPCI/region linkage — the official state geographic reference.
fr-geoapi-communes-03	https://geo.api.gouv.fr/communes?codeDepartement=03&fields=nom,code,codesPostaux,siren,centre,surface,population,codeEpci,codeDepartement,codeRegion&format=json	json-array	317	France — Communes of Department 03	フランス 03県 全市町村	fr_prefectural	government	fr	france,commune,prefecture,registry,geoapi,03	604800	Every commune in French department 03 with INSEE code, postal codes, SIREN identifier, centroid, area, population and EPCI/region linkage — the official state geographic reference.
fr-geoapi-communes-04	https://geo.api.gouv.fr/communes?codeDepartement=04&fields=nom,code,codesPostaux,siren,centre,surface,population,codeEpci,codeDepartement,codeRegion&format=json	json-array	198	France — Communes of Department 04	フランス 04県 全市町村	fr_prefectural	government	fr	france,commune,prefecture,registry,geoapi,04	604800	Every commune in French department 04 with INSEE code, postal codes, SIREN identifier, centroid, area, population and EPCI/region linkage — the official state geographic reference.
fr-geoapi-communes-05	https://geo.api.gouv.fr/communes?codeDepartement=05&fields=nom,code,codesPostaux,siren,centre,surface,population,codeEpci,codeDepartement,codeRegion&format=json	json-array	162	France — Communes of Department 05	フランス 05県 全市町村	fr_prefectural	government	fr	france,commune,prefecture,registry,geoapi,05	604800	Every commune in French department 05 with INSEE code, postal codes, SIREN identifier, centroid, area, population and EPCI/region linkage — the official state geographic reference.
fr-geoapi-communes-06	https://geo.api.gouv.fr/communes?codeDepartement=06&fields=nom,code,codesPostaux,siren,centre,surface,population,codeEpci,codeDepartement,codeRegion&format=json	json-array	163	France — Communes of Department 06	フランス 06県 全市町村	fr_prefectural	government	fr	france,commune,prefecture,registry,geoapi,06	604800	Every commune in French department 06 with INSEE code, postal codes, SIREN identifier, centroid, area, population and EPCI/region linkage — the official state geographic reference.
fr-geoapi-communes-07	https://geo.api.gouv.fr/communes?codeDepartement=07&fields=nom,code,codesPostaux,siren,centre,surface,population,codeEpci,codeDepartement,codeRegion&format=json	json-array	335	France — Communes of Department 07	フランス 07県 全市町村	fr_prefectural	government	fr	france,commune,prefecture,registry,geoapi,07	604800	Every commune in French department 07 with INSEE code, postal codes, SIREN identifier, centroid, area, population and EPCI/region linkage — the official state geographic reference.
fr-geoapi-communes-08	https://geo.api.gouv.fr/communes?codeDepartement=08&fields=nom,code,codesPostaux,siren,centre,surface,population,codeEpci,codeDepartement,codeRegion&format=json	json-array	447	France — Communes of Department 08	フランス 08県 全市町村	fr_prefectural	government	fr	france,commune,prefecture,registry,geoapi,08	604800	Every commune in French department 08 with INSEE code, postal codes, SIREN identifier, centroid, area, population and EPCI/region linkage — the official state geographic reference.
fr-geoapi-communes-09	https://geo.api.gouv.fr/communes?codeDepartement=09&fields=nom,code,codesPostaux,siren,centre,surface,population,codeEpci,codeDepartement,codeRegion&format=json	json-array	325	France — Communes of Department 09	フランス 09県 全市町村	fr_prefectural	government	fr	france,commune,prefecture,registry,geoapi,09	604800	Every commune in French department 09 with INSEE code, postal codes, SIREN identifier, centroid, area, population and EPCI/region linkage — the official state geographic reference.
fr-geoapi-communes-10	https://geo.api.gouv.fr/communes?codeDepartement=10&fields=nom,code,codesPostaux,siren,centre,surface,population,codeEpci,codeDepartement,codeRegion&format=json	json-array	431	France — Communes of Department 10	フランス 10県 全市町村	fr_prefectural	government	fr	france,commune,prefecture,registry,geoapi,10	604800	Every commune in French department 10 with INSEE code, postal codes, SIREN identifier, centroid, area, population and EPCI/region linkage — the official state geographic reference.
fr-geoapi-communes-11	https://geo.api.gouv.fr/communes?codeDepartement=11&fields=nom,code,codesPostaux,siren,centre,surface,population,codeEpci,codeDepartement,codeRegion&format=json	json-array	433	France — Communes of Department 11	フランス 11県 全市町村	fr_prefectural	government	fr	france,commune,prefecture,registry,geoapi,11	604800	Every commune in French department 11 with INSEE code, postal codes, SIREN identifier, centroid, area, population and EPCI/region linkage — the official state geographic reference.
fr-geoapi-communes-12	https://geo.api.gouv.fr/communes?codeDepartement=12&fields=nom,code,codesPostaux,siren,centre,surface,population,codeEpci,codeDepartement,codeRegion&format=json	json-array	285	France — Communes of Department 12	フランス 12県 全市町村	fr_prefectural	government	fr	france,commune,prefecture,registry,geoapi,12	604800	Every commune in French department 12 with INSEE code, postal codes, SIREN identifier, centroid, area, population and EPCI/region linkage — the official state geographic reference.
fr-geoapi-communes-13	https://geo.api.gouv.fr/communes?codeDepartement=13&fields=nom,code,codesPostaux,siren,centre,surface,population,codeEpci,codeDepartement,codeRegion&format=json	json-array	119	France — Communes of Department 13	フランス 13県 全市町村	fr_prefectural	government	fr	france,commune,prefecture,registry,geoapi,13	604800	Every commune in French department 13 with INSEE code, postal codes, SIREN identifier, centroid, area, population and EPCI/region linkage — the official state geographic reference.
fr-geoapi-communes-14	https://geo.api.gouv.fr/communes?codeDepartement=14&fields=nom,code,codesPostaux,siren,centre,surface,population,codeEpci,codeDepartement,codeRegion&format=json	json-array	526	France — Communes of Department 14	フランス 14県 全市町村	fr_prefectural	government	fr	france,commune,prefecture,registry,geoapi,14	604800	Every commune in French department 14 with INSEE code, postal codes, SIREN identifier, centroid, area, population and EPCI/region linkage — the official state geographic reference.
fr-geoapi-communes-15	https://geo.api.gouv.fr/communes?codeDepartement=15&fields=nom,code,codesPostaux,siren,centre,surface,population,codeEpci,codeDepartement,codeRegion&format=json	json-array	250	France — Communes of Department 15	フランス 15県 全市町村	fr_prefectural	government	fr	france,commune,prefecture,registry,geoapi,15	604800	Every commune in French department 15 with INSEE code, postal codes, SIREN identifier, centroid, area, population and EPCI/region linkage — the official state geographic reference.
fr-geoapi-communes-16	https://geo.api.gouv.fr/communes?codeDepartement=16&fields=nom,code,codesPostaux,siren,centre,surface,population,codeEpci,codeDepartement,codeRegion&format=json	json-array	359	France — Communes of Department 16	フランス 16県 全市町村	fr_prefectural	government	fr	france,commune,prefecture,registry,geoapi,16	604800	Every commune in French department 16 with INSEE code, postal codes, SIREN identifier, centroid, area, population and EPCI/region linkage — the official state geographic reference.
fr-geoapi-communes-17	https://geo.api.gouv.fr/communes?codeDepartement=17&fields=nom,code,codesPostaux,siren,centre,surface,population,codeEpci,codeDepartement,codeRegion&format=json	json-array	462	France — Communes of Department 17	フランス 17県 全市町村	fr_prefectural	government	fr	france,commune,prefecture,registry,geoapi,17	604800	Every commune in French department 17 with INSEE code, postal codes, SIREN identifier, centroid, area, population and EPCI/region linkage — the official state geographic reference.
fr-geoapi-communes-18	https://geo.api.gouv.fr/communes?codeDepartement=18&fields=nom,code,codesPostaux,siren,centre,surface,population,codeEpci,codeDepartement,codeRegion&format=json	json-array	286	France — Communes of Department 18	フランス 18県 全市町村	fr_prefectural	government	fr	france,commune,prefecture,registry,geoapi,18	604800	Every commune in French department 18 with INSEE code, postal codes, SIREN identifier, centroid, area, population and EPCI/region linkage — the official state geographic reference.
fr-geoapi-communes-19	https://geo.api.gouv.fr/communes?codeDepartement=19&fields=nom,code,codesPostaux,siren,centre,surface,population,codeEpci,codeDepartement,codeRegion&format=json	json-array	277	France — Communes of Department 19	フランス 19県 全市町村	fr_prefectural	government	fr	france,commune,prefecture,registry,geoapi,19	604800	Every commune in French department 19 with INSEE code, postal codes, SIREN identifier, centroid, area, population and EPCI/region linkage — the official state geographic reference.
fr-geoapi-communes-2a	https://geo.api.gouv.fr/communes?codeDepartement=2A&fields=nom,code,codesPostaux,siren,centre,surface,population,codeEpci,codeDepartement,codeRegion&format=json	json-array	124	France — Communes of Department 2A	フランス 2A県 全市町村	fr_prefectural	government	fr	france,commune,prefecture,registry,geoapi,2A	604800	Every commune in French department 2A with INSEE code, postal codes, SIREN identifier, centroid, area, population and EPCI/region linkage — the official state geographic reference.
fr-geoapi-communes-2b	https://geo.api.gouv.fr/communes?codeDepartement=2B&fields=nom,code,codesPostaux,siren,centre,surface,population,codeEpci,codeDepartement,codeRegion&format=json	json-array	236	France — Communes of Department 2B	フランス 2B県 全市町村	fr_prefectural	government	fr	france,commune,prefecture,registry,geoapi,2B	604800	Every commune in French department 2B with INSEE code, postal codes, SIREN identifier, centroid, area, population and EPCI/region linkage — the official state geographic reference.
fr-geoapi-communes-21	https://geo.api.gouv.fr/communes?codeDepartement=21&fields=nom,code,codesPostaux,siren,centre,surface,population,codeEpci,codeDepartement,codeRegion&format=json	json-array	698	France — Communes of Department 21	フランス 21県 全市町村	fr_prefectural	government	fr	france,commune,prefecture,registry,geoapi,21	604800	Every commune in French department 21 with INSEE code, postal codes, SIREN identifier, centroid, area, population and EPCI/region linkage — the official state geographic reference.
fr-geoapi-communes-22	https://geo.api.gouv.fr/communes?codeDepartement=22&fields=nom,code,codesPostaux,siren,centre,surface,population,codeEpci,codeDepartement,codeRegion&format=json	json-array	344	France — Communes of Department 22	フランス 22県 全市町村	fr_prefectural	government	fr	france,commune,prefecture,registry,geoapi,22	604800	Every commune in French department 22 with INSEE code, postal codes, SIREN identifier, centroid, area, population and EPCI/region linkage — the official state geographic reference.
fr-geoapi-communes-23	https://geo.api.gouv.fr/communes?codeDepartement=23&fields=nom,code,codesPostaux,siren,centre,surface,population,codeEpci,codeDepartement,codeRegion&format=json	json-array	255	France — Communes of Department 23	フランス 23県 全市町村	fr_prefectural	government	fr	france,commune,prefecture,registry,geoapi,23	604800	Every commune in French department 23 with INSEE code, postal codes, SIREN identifier, centroid, area, population and EPCI/region linkage — the official state geographic reference.
fr-geoapi-communes-24	https://geo.api.gouv.fr/communes?codeDepartement=24&fields=nom,code,codesPostaux,siren,centre,surface,population,codeEpci,codeDepartement,codeRegion&format=json	json-array	503	France — Communes of Department 24	フランス 24県 全市町村	fr_prefectural	government	fr	france,commune,prefecture,registry,geoapi,24	604800	Every commune in French department 24 with INSEE code, postal codes, SIREN identifier, centroid, area, population and EPCI/region linkage — the official state geographic reference.
fr-geoapi-communes-25	https://geo.api.gouv.fr/communes?codeDepartement=25&fields=nom,code,codesPostaux,siren,centre,surface,population,codeEpci,codeDepartement,codeRegion&format=json	json-array	563	France — Communes of Department 25	フランス 25県 全市町村	fr_prefectural	government	fr	france,commune,prefecture,registry,geoapi,25	604800	Every commune in French department 25 with INSEE code, postal codes, SIREN identifier, centroid, area, population and EPCI/region linkage — the official state geographic reference.
fr-geoapi-communes-26	https://geo.api.gouv.fr/communes?codeDepartement=26&fields=nom,code,codesPostaux,siren,centre,surface,population,codeEpci,codeDepartement,codeRegion&format=json	json-array	362	France — Communes of Department 26	フランス 26県 全市町村	fr_prefectural	government	fr	france,commune,prefecture,registry,geoapi,26	604800	Every commune in French department 26 with INSEE code, postal codes, SIREN identifier, centroid, area, population and EPCI/region linkage — the official state geographic reference.
fr-geoapi-communes-27	https://geo.api.gouv.fr/communes?codeDepartement=27&fields=nom,code,codesPostaux,siren,centre,surface,population,codeEpci,codeDepartement,codeRegion&format=json	json-array	585	France — Communes of Department 27	フランス 27県 全市町村	fr_prefectural	government	fr	france,commune,prefecture,registry,geoapi,27	604800	Every commune in French department 27 with INSEE code, postal codes, SIREN identifier, centroid, area, population and EPCI/region linkage — the official state geographic reference.
fr-geoapi-communes-28	https://geo.api.gouv.fr/communes?codeDepartement=28&fields=nom,code,codesPostaux,siren,centre,surface,population,codeEpci,codeDepartement,codeRegion&format=json	json-array	363	France — Communes of Department 28	フランス 28県 全市町村	fr_prefectural	government	fr	france,commune,prefecture,registry,geoapi,28	604800	Every commune in French department 28 with INSEE code, postal codes, SIREN identifier, centroid, area, population and EPCI/region linkage — the official state geographic reference.
fr-geoapi-communes-29	https://geo.api.gouv.fr/communes?codeDepartement=29&fields=nom,code,codesPostaux,siren,centre,surface,population,codeEpci,codeDepartement,codeRegion&format=json	json-array	277	France — Communes of Department 29	フランス 29県 全市町村	fr_prefectural	government	fr	france,commune,prefecture,registry,geoapi,29	604800	Every commune in French department 29 with INSEE code, postal codes, SIREN identifier, centroid, area, population and EPCI/region linkage — the official state geographic reference.
fr-geoapi-communes-30	https://geo.api.gouv.fr/communes?codeDepartement=30&fields=nom,code,codesPostaux,siren,centre,surface,population,codeEpci,codeDepartement,codeRegion&format=json	json-array	350	France — Communes of Department 30	フランス 30県 全市町村	fr_prefectural	government	fr	france,commune,prefecture,registry,geoapi,30	604800	Every commune in French department 30 with INSEE code, postal codes, SIREN identifier, centroid, area, population and EPCI/region linkage — the official state geographic reference.
fr-geoapi-communes-31	https://geo.api.gouv.fr/communes?codeDepartement=31&fields=nom,code,codesPostaux,siren,centre,surface,population,codeEpci,codeDepartement,codeRegion&format=json	json-array	586	France — Communes of Department 31	フランス 31県 全市町村	fr_prefectural	government	fr	france,commune,prefecture,registry,geoapi,31	604800	Every commune in French department 31 with INSEE code, postal codes, SIREN identifier, centroid, area, population and EPCI/region linkage — the official state geographic reference.
fr-geoapi-communes-32	https://geo.api.gouv.fr/communes?codeDepartement=32&fields=nom,code,codesPostaux,siren,centre,surface,population,codeEpci,codeDepartement,codeRegion&format=json	json-array	458	France — Communes of Department 32	フランス 32県 全市町村	fr_prefectural	government	fr	france,commune,prefecture,registry,geoapi,32	604800	Every commune in French department 32 with INSEE code, postal codes, SIREN identifier, centroid, area, population and EPCI/region linkage — the official state geographic reference.
fr-geoapi-communes-33	https://geo.api.gouv.fr/communes?codeDepartement=33&fields=nom,code,codesPostaux,siren,centre,surface,population,codeEpci,codeDepartement,codeRegion&format=json	json-array	534	France — Communes of Department 33	フランス 33県 全市町村	fr_prefectural	government	fr	france,commune,prefecture,registry,geoapi,33	604800	Every commune in French department 33 with INSEE code, postal codes, SIREN identifier, centroid, area, population and EPCI/region linkage — the official state geographic reference.
fr-geoapi-communes-34	https://geo.api.gouv.fr/communes?codeDepartement=34&fields=nom,code,codesPostaux,siren,centre,surface,population,codeEpci,codeDepartement,codeRegion&format=json	json-array	341	France — Communes of Department 34	フランス 34県 全市町村	fr_prefectural	government	fr	france,commune,prefecture,registry,geoapi,34	604800	Every commune in French department 34 with INSEE code, postal codes, SIREN identifier, centroid, area, population and EPCI/region linkage — the official state geographic reference.
fr-geoapi-communes-35	https://geo.api.gouv.fr/communes?codeDepartement=35&fields=nom,code,codesPostaux,siren,centre,surface,population,codeEpci,codeDepartement,codeRegion&format=json	json-array	332	France — Communes of Department 35	フランス 35県 全市町村	fr_prefectural	government	fr	france,commune,prefecture,registry,geoapi,35	604800	Every commune in French department 35 with INSEE code, postal codes, SIREN identifier, centroid, area, population and EPCI/region linkage — the official state geographic reference.
fr-geoapi-communes-36	https://geo.api.gouv.fr/communes?codeDepartement=36&fields=nom,code,codesPostaux,siren,centre,surface,population,codeEpci,codeDepartement,codeRegion&format=json	json-array	241	France — Communes of Department 36	フランス 36県 全市町村	fr_prefectural	government	fr	france,commune,prefecture,registry,geoapi,36	604800	Every commune in French department 36 with INSEE code, postal codes, SIREN identifier, centroid, area, population and EPCI/region linkage — the official state geographic reference.
fr-geoapi-communes-37	https://geo.api.gouv.fr/communes?codeDepartement=37&fields=nom,code,codesPostaux,siren,centre,surface,population,codeEpci,codeDepartement,codeRegion&format=json	json-array	272	France — Communes of Department 37	フランス 37県 全市町村	fr_prefectural	government	fr	france,commune,prefecture,registry,geoapi,37	604800	Every commune in French department 37 with INSEE code, postal codes, SIREN identifier, centroid, area, population and EPCI/region linkage — the official state geographic reference.
fr-geoapi-communes-38	https://geo.api.gouv.fr/communes?codeDepartement=38&fields=nom,code,codesPostaux,siren,centre,surface,population,codeEpci,codeDepartement,codeRegion&format=json	json-array	512	France — Communes of Department 38	フランス 38県 全市町村	fr_prefectural	government	fr	france,commune,prefecture,registry,geoapi,38	604800	Every commune in French department 38 with INSEE code, postal codes, SIREN identifier, centroid, area, population and EPCI/region linkage — the official state geographic reference.
fr-geoapi-communes-39	https://geo.api.gouv.fr/communes?codeDepartement=39&fields=nom,code,codesPostaux,siren,centre,surface,population,codeEpci,codeDepartement,codeRegion&format=json	json-array	492	France — Communes of Department 39	フランス 39県 全市町村	fr_prefectural	government	fr	france,commune,prefecture,registry,geoapi,39	604800	Every commune in French department 39 with INSEE code, postal codes, SIREN identifier, centroid, area, population and EPCI/region linkage — the official state geographic reference.
fr-geoapi-communes-40	https://geo.api.gouv.fr/communes?codeDepartement=40&fields=nom,code,codesPostaux,siren,centre,surface,population,codeEpci,codeDepartement,codeRegion&format=json	json-array	327	France — Communes of Department 40	フランス 40県 全市町村	fr_prefectural	government	fr	france,commune,prefecture,registry,geoapi,40	604800	Every commune in French department 40 with INSEE code, postal codes, SIREN identifier, centroid, area, population and EPCI/region linkage — the official state geographic reference.
fr-geoapi-communes-41	https://geo.api.gouv.fr/communes?codeDepartement=41&fields=nom,code,codesPostaux,siren,centre,surface,population,codeEpci,codeDepartement,codeRegion&format=json	json-array	267	France — Communes of Department 41	フランス 41県 全市町村	fr_prefectural	government	fr	france,commune,prefecture,registry,geoapi,41	604800	Every commune in French department 41 with INSEE code, postal codes, SIREN identifier, centroid, area, population and EPCI/region linkage — the official state geographic reference.
fr-geoapi-communes-42	https://geo.api.gouv.fr/communes?codeDepartement=42&fields=nom,code,codesPostaux,siren,centre,surface,population,codeEpci,codeDepartement,codeRegion&format=json	json-array	320	France — Communes of Department 42	フランス 42県 全市町村	fr_prefectural	government	fr	france,commune,prefecture,registry,geoapi,42	604800	Every commune in French department 42 with INSEE code, postal codes, SIREN identifier, centroid, area, population and EPCI/region linkage — the official state geographic reference.
fr-geoapi-communes-43	https://geo.api.gouv.fr/communes?codeDepartement=43&fields=nom,code,codesPostaux,siren,centre,surface,population,codeEpci,codeDepartement,codeRegion&format=json	json-array	257	France — Communes of Department 43	フランス 43県 全市町村	fr_prefectural	government	fr	france,commune,prefecture,registry,geoapi,43	604800	Every commune in French department 43 with INSEE code, postal codes, SIREN identifier, centroid, area, population and EPCI/region linkage — the official state geographic reference.
fr-geoapi-communes-44	https://geo.api.gouv.fr/communes?codeDepartement=44&fields=nom,code,codesPostaux,siren,centre,surface,population,codeEpci,codeDepartement,codeRegion&format=json	json-array	207	France — Communes of Department 44	フランス 44県 全市町村	fr_prefectural	government	fr	france,commune,prefecture,registry,geoapi,44	604800	Every commune in French department 44 with INSEE code, postal codes, SIREN identifier, centroid, area, population and EPCI/region linkage — the official state geographic reference.
fr-geoapi-communes-45	https://geo.api.gouv.fr/communes?codeDepartement=45&fields=nom,code,codesPostaux,siren,centre,surface,population,codeEpci,codeDepartement,codeRegion&format=json	json-array	325	France — Communes of Department 45	フランス 45県 全市町村	fr_prefectural	government	fr	france,commune,prefecture,registry,geoapi,45	604800	Every commune in French department 45 with INSEE code, postal codes, SIREN identifier, centroid, area, population and EPCI/region linkage — the official state geographic reference.
fr-geoapi-communes-46	https://geo.api.gouv.fr/communes?codeDepartement=46&fields=nom,code,codesPostaux,siren,centre,surface,population,codeEpci,codeDepartement,codeRegion&format=json	json-array	312	France — Communes of Department 46	フランス 46県 全市町村	fr_prefectural	government	fr	france,commune,prefecture,registry,geoapi,46	604800	Every commune in French department 46 with INSEE code, postal codes, SIREN identifier, centroid, area, population and EPCI/region linkage — the official state geographic reference.
fr-geoapi-communes-47	https://geo.api.gouv.fr/communes?codeDepartement=47&fields=nom,code,codesPostaux,siren,centre,surface,population,codeEpci,codeDepartement,codeRegion&format=json	json-array	319	France — Communes of Department 47	フランス 47県 全市町村	fr_prefectural	government	fr	france,commune,prefecture,registry,geoapi,47	604800	Every commune in French department 47 with INSEE code, postal codes, SIREN identifier, centroid, area, population and EPCI/region linkage — the official state geographic reference.
fr-geoapi-communes-48	https://geo.api.gouv.fr/communes?codeDepartement=48&fields=nom,code,codesPostaux,siren,centre,surface,population,codeEpci,codeDepartement,codeRegion&format=json	json-array	152	France — Communes of Department 48	フランス 48県 全市町村	fr_prefectural	government	fr	france,commune,prefecture,registry,geoapi,48	604800	Every commune in French department 48 with INSEE code, postal codes, SIREN identifier, centroid, area, population and EPCI/region linkage — the official state geographic reference.
fr-geoapi-communes-49	https://geo.api.gouv.fr/communes?codeDepartement=49&fields=nom,code,codesPostaux,siren,centre,surface,population,codeEpci,codeDepartement,codeRegion&format=json	json-array	176	France — Communes of Department 49	フランス 49県 全市町村	fr_prefectural	government	fr	france,commune,prefecture,registry,geoapi,49	604800	Every commune in French department 49 with INSEE code, postal codes, SIREN identifier, centroid, area, population and EPCI/region linkage — the official state geographic reference.
fr-geoapi-communes-50	https://geo.api.gouv.fr/communes?codeDepartement=50&fields=nom,code,codesPostaux,siren,centre,surface,population,codeEpci,codeDepartement,codeRegion&format=json	json-array	445	France — Communes of Department 50	フランス 50県 全市町村	fr_prefectural	government	fr	france,commune,prefecture,registry,geoapi,50	604800	Every commune in French department 50 with INSEE code, postal codes, SIREN identifier, centroid, area, population and EPCI/region linkage — the official state geographic reference.
fr-geoapi-communes-51	https://geo.api.gouv.fr/communes?codeDepartement=51&fields=nom,code,codesPostaux,siren,centre,surface,population,codeEpci,codeDepartement,codeRegion&format=json	json-array	610	France — Communes of Department 51	フランス 51県 全市町村	fr_prefectural	government	fr	france,commune,prefecture,registry,geoapi,51	604800	Every commune in French department 51 with INSEE code, postal codes, SIREN identifier, centroid, area, population and EPCI/region linkage — the official state geographic reference.
fr-geoapi-communes-52	https://geo.api.gouv.fr/communes?codeDepartement=52&fields=nom,code,codesPostaux,siren,centre,surface,population,codeEpci,codeDepartement,codeRegion&format=json	json-array	426	France — Communes of Department 52	フランス 52県 全市町村	fr_prefectural	government	fr	france,commune,prefecture,registry,geoapi,52	604800	Every commune in French department 52 with INSEE code, postal codes, SIREN identifier, centroid, area, population and EPCI/region linkage — the official state geographic reference.
fr-geoapi-communes-53	https://geo.api.gouv.fr/communes?codeDepartement=53&fields=nom,code,codesPostaux,siren,centre,surface,population,codeEpci,codeDepartement,codeRegion&format=json	json-array	240	France — Communes of Department 53	フランス 53県 全市町村	fr_prefectural	government	fr	france,commune,prefecture,registry,geoapi,53	604800	Every commune in French department 53 with INSEE code, postal codes, SIREN identifier, centroid, area, population and EPCI/region linkage — the official state geographic reference.
fr-geoapi-communes-54	https://geo.api.gouv.fr/communes?codeDepartement=54&fields=nom,code,codesPostaux,siren,centre,surface,population,codeEpci,codeDepartement,codeRegion&format=json	json-array	591	France — Communes of Department 54	フランス 54県 全市町村	fr_prefectural	government	fr	france,commune,prefecture,registry,geoapi,54	604800	Every commune in French department 54 with INSEE code, postal codes, SIREN identifier, centroid, area, population and EPCI/region linkage — the official state geographic reference.
fr-geoapi-communes-55	https://geo.api.gouv.fr/communes?codeDepartement=55&fields=nom,code,codesPostaux,siren,centre,surface,population,codeEpci,codeDepartement,codeRegion&format=json	json-array	499	France — Communes of Department 55	フランス 55県 全市町村	fr_prefectural	government	fr	france,commune,prefecture,registry,geoapi,55	604800	Every commune in French department 55 with INSEE code, postal codes, SIREN identifier, centroid, area, population and EPCI/region linkage — the official state geographic reference.
fr-geoapi-communes-56	https://geo.api.gouv.fr/communes?codeDepartement=56&fields=nom,code,codesPostaux,siren,centre,surface,population,codeEpci,codeDepartement,codeRegion&format=json	json-array	249	France — Communes of Department 56	フランス 56県 全市町村	fr_prefectural	government	fr	france,commune,prefecture,registry,geoapi,56	604800	Every commune in French department 56 with INSEE code, postal codes, SIREN identifier, centroid, area, population and EPCI/region linkage — the official state geographic reference.
fr-geoapi-communes-57	https://geo.api.gouv.fr/communes?codeDepartement=57&fields=nom,code,codesPostaux,siren,centre,surface,population,codeEpci,codeDepartement,codeRegion&format=json	json-array	725	France — Communes of Department 57	フランス 57県 全市町村	fr_prefectural	government	fr	france,commune,prefecture,registry,geoapi,57	604800	Every commune in French department 57 with INSEE code, postal codes, SIREN identifier, centroid, area, population and EPCI/region linkage — the official state geographic reference.
fr-geoapi-communes-58	https://geo.api.gouv.fr/communes?codeDepartement=58&fields=nom,code,codesPostaux,siren,centre,surface,population,codeEpci,codeDepartement,codeRegion&format=json	json-array	309	France — Communes of Department 58	フランス 58県 全市町村	fr_prefectural	government	fr	france,commune,prefecture,registry,geoapi,58	604800	Every commune in French department 58 with INSEE code, postal codes, SIREN identifier, centroid, area, population and EPCI/region linkage — the official state geographic reference.
fr-geoapi-communes-59	https://geo.api.gouv.fr/communes?codeDepartement=59&fields=nom,code,codesPostaux,siren,centre,surface,population,codeEpci,codeDepartement,codeRegion&format=json	json-array	647	France — Communes of Department 59	フランス 59県 全市町村	fr_prefectural	government	fr	france,commune,prefecture,registry,geoapi,59	604800	Every commune in French department 59 with INSEE code, postal codes, SIREN identifier, centroid, area, population and EPCI/region linkage — the official state geographic reference.
fr-geoapi-communes-60	https://geo.api.gouv.fr/communes?codeDepartement=60&fields=nom,code,codesPostaux,siren,centre,surface,population,codeEpci,codeDepartement,codeRegion&format=json	json-array	680	France — Communes of Department 60	フランス 60県 全市町村	fr_prefectural	government	fr	france,commune,prefecture,registry,geoapi,60	604800	Every commune in French department 60 with INSEE code, postal codes, SIREN identifier, centroid, area, population and EPCI/region linkage — the official state geographic reference.
fr-geoapi-communes-61	https://geo.api.gouv.fr/communes?codeDepartement=61&fields=nom,code,codesPostaux,siren,centre,surface,population,codeEpci,codeDepartement,codeRegion&format=json	json-array	381	France — Communes of Department 61	フランス 61県 全市町村	fr_prefectural	government	fr	france,commune,prefecture,registry,geoapi,61	604800	Every commune in French department 61 with INSEE code, postal codes, SIREN identifier, centroid, area, population and EPCI/region linkage — the official state geographic reference.
fr-geoapi-communes-62	https://geo.api.gouv.fr/communes?codeDepartement=62&fields=nom,code,codesPostaux,siren,centre,surface,population,codeEpci,codeDepartement,codeRegion&format=json	json-array	887	France — Communes of Department 62	フランス 62県 全市町村	fr_prefectural	government	fr	france,commune,prefecture,registry,geoapi,62	604800	Every commune in French department 62 with INSEE code, postal codes, SIREN identifier, centroid, area, population and EPCI/region linkage — the official state geographic reference.
fr-geoapi-communes-63	https://geo.api.gouv.fr/communes?codeDepartement=63&fields=nom,code,codesPostaux,siren,centre,surface,population,codeEpci,codeDepartement,codeRegion&format=json	json-array	463	France — Communes of Department 63	フランス 63県 全市町村	fr_prefectural	government	fr	france,commune,prefecture,registry,geoapi,63	604800	Every commune in French department 63 with INSEE code, postal codes, SIREN identifier, centroid, area, population and EPCI/region linkage — the official state geographic reference.
fr-geoapi-communes-64	https://geo.api.gouv.fr/communes?codeDepartement=64&fields=nom,code,codesPostaux,siren,centre,surface,population,codeEpci,codeDepartement,codeRegion&format=json	json-array	545	France — Communes of Department 64	フランス 64県 全市町村	fr_prefectural	government	fr	france,commune,prefecture,registry,geoapi,64	604800	Every commune in French department 64 with INSEE code, postal codes, SIREN identifier, centroid, area, population and EPCI/region linkage — the official state geographic reference.
fr-geoapi-communes-65	https://geo.api.gouv.fr/communes?codeDepartement=65&fields=nom,code,codesPostaux,siren,centre,surface,population,codeEpci,codeDepartement,codeRegion&format=json	json-array	469	France — Communes of Department 65	フランス 65県 全市町村	fr_prefectural	government	fr	france,commune,prefecture,registry,geoapi,65	604800	Every commune in French department 65 with INSEE code, postal codes, SIREN identifier, centroid, area, population and EPCI/region linkage — the official state geographic reference.
fr-geoapi-communes-66	https://geo.api.gouv.fr/communes?codeDepartement=66&fields=nom,code,codesPostaux,siren,centre,surface,population,codeEpci,codeDepartement,codeRegion&format=json	json-array	226	France — Communes of Department 66	フランス 66県 全市町村	fr_prefectural	government	fr	france,commune,prefecture,registry,geoapi,66	604800	Every commune in French department 66 with INSEE code, postal codes, SIREN identifier, centroid, area, population and EPCI/region linkage — the official state geographic reference.
fr-geoapi-communes-67	https://geo.api.gouv.fr/communes?codeDepartement=67&fields=nom,code,codesPostaux,siren,centre,surface,population,codeEpci,codeDepartement,codeRegion&format=json	json-array	514	France — Communes of Department 67	フランス 67県 全市町村	fr_prefectural	government	fr	france,commune,prefecture,registry,geoapi,67	604800	Every commune in French department 67 with INSEE code, postal codes, SIREN identifier, centroid, area, population and EPCI/region linkage — the official state geographic reference.
fr-geoapi-communes-68	https://geo.api.gouv.fr/communes?codeDepartement=68&fields=nom,code,codesPostaux,siren,centre,surface,population,codeEpci,codeDepartement,codeRegion&format=json	json-array	366	France — Communes of Department 68	フランス 68県 全市町村	fr_prefectural	government	fr	france,commune,prefecture,registry,geoapi,68	604800	Every commune in French department 68 with INSEE code, postal codes, SIREN identifier, centroid, area, population and EPCI/region linkage — the official state geographic reference.
fr-geoapi-communes-69	https://geo.api.gouv.fr/communes?codeDepartement=69&fields=nom,code,codesPostaux,siren,centre,surface,population,codeEpci,codeDepartement,codeRegion&format=json	json-array	266	France — Communes of Department 69	フランス 69県 全市町村	fr_prefectural	government	fr	france,commune,prefecture,registry,geoapi,69	604800	Every commune in French department 69 with INSEE code, postal codes, SIREN identifier, centroid, area, population and EPCI/region linkage — the official state geographic reference.
fr-geoapi-communes-70	https://geo.api.gouv.fr/communes?codeDepartement=70&fields=nom,code,codesPostaux,siren,centre,surface,population,codeEpci,codeDepartement,codeRegion&format=json	json-array	536	France — Communes of Department 70	フランス 70県 全市町村	fr_prefectural	government	fr	france,commune,prefecture,registry,geoapi,70	604800	Every commune in French department 70 with INSEE code, postal codes, SIREN identifier, centroid, area, population and EPCI/region linkage — the official state geographic reference.
fr-geoapi-communes-71	https://geo.api.gouv.fr/communes?codeDepartement=71&fields=nom,code,codesPostaux,siren,centre,surface,population,codeEpci,codeDepartement,codeRegion&format=json	json-array	563	France — Communes of Department 71	フランス 71県 全市町村	fr_prefectural	government	fr	france,commune,prefecture,registry,geoapi,71	604800	Every commune in French department 71 with INSEE code, postal codes, SIREN identifier, centroid, area, population and EPCI/region linkage — the official state geographic reference.
fr-geoapi-communes-72	https://geo.api.gouv.fr/communes?codeDepartement=72&fields=nom,code,codesPostaux,siren,centre,surface,population,codeEpci,codeDepartement,codeRegion&format=json	json-array	352	France — Communes of Department 72	フランス 72県 全市町村	fr_prefectural	government	fr	france,commune,prefecture,registry,geoapi,72	604800	Every commune in French department 72 with INSEE code, postal codes, SIREN identifier, centroid, area, population and EPCI/region linkage — the official state geographic reference.
fr-geoapi-communes-73	https://geo.api.gouv.fr/communes?codeDepartement=73&fields=nom,code,codesPostaux,siren,centre,surface,population,codeEpci,codeDepartement,codeRegion&format=json	json-array	273	France — Communes of Department 73	フランス 73県 全市町村	fr_prefectural	government	fr	france,commune,prefecture,registry,geoapi,73	604800	Every commune in French department 73 with INSEE code, postal codes, SIREN identifier, centroid, area, population and EPCI/region linkage — the official state geographic reference.
fr-geoapi-communes-74	https://geo.api.gouv.fr/communes?codeDepartement=74&fields=nom,code,codesPostaux,siren,centre,surface,population,codeEpci,codeDepartement,codeRegion&format=json	json-array	279	France — Communes of Department 74	フランス 74県 全市町村	fr_prefectural	government	fr	france,commune,prefecture,registry,geoapi,74	604800	Every commune in French department 74 with INSEE code, postal codes, SIREN identifier, centroid, area, population and EPCI/region linkage — the official state geographic reference.
fr-geoapi-communes-75	https://geo.api.gouv.fr/communes?codeDepartement=75&fields=nom,code,codesPostaux,siren,centre,surface,population,codeEpci,codeDepartement,codeRegion&format=json	json-array	1	France — Communes of Department 75	フランス 75県 全市町村	fr_prefectural	government	fr	france,commune,prefecture,registry,geoapi,75	604800	Every commune in French department 75 with INSEE code, postal codes, SIREN identifier, centroid, area, population and EPCI/region linkage — the official state geographic reference.
fr-geoapi-communes-76	https://geo.api.gouv.fr/communes?codeDepartement=76&fields=nom,code,codesPostaux,siren,centre,surface,population,codeEpci,codeDepartement,codeRegion&format=json	json-array	707	France — Communes of Department 76	フランス 76県 全市町村	fr_prefectural	government	fr	france,commune,prefecture,registry,geoapi,76	604800	Every commune in French department 76 with INSEE code, postal codes, SIREN identifier, centroid, area, population and EPCI/region linkage — the official state geographic reference.
fr-geoapi-communes-77	https://geo.api.gouv.fr/communes?codeDepartement=77&fields=nom,code,codesPostaux,siren,centre,surface,population,codeEpci,codeDepartement,codeRegion&format=json	json-array	507	France — Communes of Department 77	フランス 77県 全市町村	fr_prefectural	government	fr	france,commune,prefecture,registry,geoapi,77	604800	Every commune in French department 77 with INSEE code, postal codes, SIREN identifier, centroid, area, population and EPCI/region linkage — the official state geographic reference.
fr-geoapi-communes-78	https://geo.api.gouv.fr/communes?codeDepartement=78&fields=nom,code,codesPostaux,siren,centre,surface,population,codeEpci,codeDepartement,codeRegion&format=json	json-array	259	France — Communes of Department 78	フランス 78県 全市町村	fr_prefectural	government	fr	france,commune,prefecture,registry,geoapi,78	604800	Every commune in French department 78 with INSEE code, postal codes, SIREN identifier, centroid, area, population and EPCI/region linkage — the official state geographic reference.
fr-geoapi-communes-79	https://geo.api.gouv.fr/communes?codeDepartement=79&fields=nom,code,codesPostaux,siren,centre,surface,population,codeEpci,codeDepartement,codeRegion&format=json	json-array	252	France — Communes of Department 79	フランス 79県 全市町村	fr_prefectural	government	fr	france,commune,prefecture,registry,geoapi,79	604800	Every commune in French department 79 with INSEE code, postal codes, SIREN identifier, centroid, area, population and EPCI/region linkage — the official state geographic reference.
fr-geoapi-communes-80	https://geo.api.gouv.fr/communes?codeDepartement=80&fields=nom,code,codesPostaux,siren,centre,surface,population,codeEpci,codeDepartement,codeRegion&format=json	json-array	771	France — Communes of Department 80	フランス 80県 全市町村	fr_prefectural	government	fr	france,commune,prefecture,registry,geoapi,80	604800	Every commune in French department 80 with INSEE code, postal codes, SIREN identifier, centroid, area, population and EPCI/region linkage — the official state geographic reference.
fr-geoapi-communes-81	https://geo.api.gouv.fr/communes?codeDepartement=81&fields=nom,code,codesPostaux,siren,centre,surface,population,codeEpci,codeDepartement,codeRegion&format=json	json-array	314	France — Communes of Department 81	フランス 81県 全市町村	fr_prefectural	government	fr	france,commune,prefecture,registry,geoapi,81	604800	Every commune in French department 81 with INSEE code, postal codes, SIREN identifier, centroid, area, population and EPCI/region linkage — the official state geographic reference.
fr-geoapi-communes-82	https://geo.api.gouv.fr/communes?codeDepartement=82&fields=nom,code,codesPostaux,siren,centre,surface,population,codeEpci,codeDepartement,codeRegion&format=json	json-array	195	France — Communes of Department 82	フランス 82県 全市町村	fr_prefectural	government	fr	france,commune,prefecture,registry,geoapi,82	604800	Every commune in French department 82 with INSEE code, postal codes, SIREN identifier, centroid, area, population and EPCI/region linkage — the official state geographic reference.
fr-geoapi-communes-83	https://geo.api.gouv.fr/communes?codeDepartement=83&fields=nom,code,codesPostaux,siren,centre,surface,population,codeEpci,codeDepartement,codeRegion&format=json	json-array	153	France — Communes of Department 83	フランス 83県 全市町村	fr_prefectural	government	fr	france,commune,prefecture,registry,geoapi,83	604800	Every commune in French department 83 with INSEE code, postal codes, SIREN identifier, centroid, area, population and EPCI/region linkage — the official state geographic reference.
fr-geoapi-communes-84	https://geo.api.gouv.fr/communes?codeDepartement=84&fields=nom,code,codesPostaux,siren,centre,surface,population,codeEpci,codeDepartement,codeRegion&format=json	json-array	151	France — Communes of Department 84	フランス 84県 全市町村	fr_prefectural	government	fr	france,commune,prefecture,registry,geoapi,84	604800	Every commune in French department 84 with INSEE code, postal codes, SIREN identifier, centroid, area, population and EPCI/region linkage — the official state geographic reference.
fr-geoapi-communes-85	https://geo.api.gouv.fr/communes?codeDepartement=85&fields=nom,code,codesPostaux,siren,centre,surface,population,codeEpci,codeDepartement,codeRegion&format=json	json-array	253	France — Communes of Department 85	フランス 85県 全市町村	fr_prefectural	government	fr	france,commune,prefecture,registry,geoapi,85	604800	Every commune in French department 85 with INSEE code, postal codes, SIREN identifier, centroid, area, population and EPCI/region linkage — the official state geographic reference.
fr-geoapi-communes-86	https://geo.api.gouv.fr/communes?codeDepartement=86&fields=nom,code,codesPostaux,siren,centre,surface,population,codeEpci,codeDepartement,codeRegion&format=json	json-array	265	France — Communes of Department 86	フランス 86県 全市町村	fr_prefectural	government	fr	france,commune,prefecture,registry,geoapi,86	604800	Every commune in French department 86 with INSEE code, postal codes, SIREN identifier, centroid, area, population and EPCI/region linkage — the official state geographic reference.
fr-geoapi-communes-87	https://geo.api.gouv.fr/communes?codeDepartement=87&fields=nom,code,codesPostaux,siren,centre,surface,population,codeEpci,codeDepartement,codeRegion&format=json	json-array	195	France — Communes of Department 87	フランス 87県 全市町村	fr_prefectural	government	fr	france,commune,prefecture,registry,geoapi,87	604800	Every commune in French department 87 with INSEE code, postal codes, SIREN identifier, centroid, area, population and EPCI/region linkage — the official state geographic reference.
fr-geoapi-communes-88	https://geo.api.gouv.fr/communes?codeDepartement=88&fields=nom,code,codesPostaux,siren,centre,surface,population,codeEpci,codeDepartement,codeRegion&format=json	json-array	506	France — Communes of Department 88	フランス 88県 全市町村	fr_prefectural	government	fr	france,commune,prefecture,registry,geoapi,88	604800	Every commune in French department 88 with INSEE code, postal codes, SIREN identifier, centroid, area, population and EPCI/region linkage — the official state geographic reference.
fr-geoapi-communes-89	https://geo.api.gouv.fr/communes?codeDepartement=89&fields=nom,code,codesPostaux,siren,centre,surface,population,codeEpci,codeDepartement,codeRegion&format=json	json-array	423	France — Communes of Department 89	フランス 89県 全市町村	fr_prefectural	government	fr	france,commune,prefecture,registry,geoapi,89	604800	Every commune in French department 89 with INSEE code, postal codes, SIREN identifier, centroid, area, population and EPCI/region linkage — the official state geographic reference.
fr-geoapi-communes-90	https://geo.api.gouv.fr/communes?codeDepartement=90&fields=nom,code,codesPostaux,siren,centre,surface,population,codeEpci,codeDepartement,codeRegion&format=json	json-array	101	France — Communes of Department 90	フランス 90県 全市町村	fr_prefectural	government	fr	france,commune,prefecture,registry,geoapi,90	604800	Every commune in French department 90 with INSEE code, postal codes, SIREN identifier, centroid, area, population and EPCI/region linkage — the official state geographic reference.
fr-geoapi-communes-91	https://geo.api.gouv.fr/communes?codeDepartement=91&fields=nom,code,codesPostaux,siren,centre,surface,population,codeEpci,codeDepartement,codeRegion&format=json	json-array	194	France — Communes of Department 91	フランス 91県 全市町村	fr_prefectural	government	fr	france,commune,prefecture,registry,geoapi,91	604800	Every commune in French department 91 with INSEE code, postal codes, SIREN identifier, centroid, area, population and EPCI/region linkage — the official state geographic reference.
fr-geoapi-communes-92	https://geo.api.gouv.fr/communes?codeDepartement=92&fields=nom,code,codesPostaux,siren,centre,surface,population,codeEpci,codeDepartement,codeRegion&format=json	json-array	36	France — Communes of Department 92	フランス 92県 全市町村	fr_prefectural	government	fr	france,commune,prefecture,registry,geoapi,92	604800	Every commune in French department 92 with INSEE code, postal codes, SIREN identifier, centroid, area, population and EPCI/region linkage — the official state geographic reference.
fr-geoapi-communes-93	https://geo.api.gouv.fr/communes?codeDepartement=93&fields=nom,code,codesPostaux,siren,centre,surface,population,codeEpci,codeDepartement,codeRegion&format=json	json-array	39	France — Communes of Department 93	フランス 93県 全市町村	fr_prefectural	government	fr	france,commune,prefecture,registry,geoapi,93	604800	Every commune in French department 93 with INSEE code, postal codes, SIREN identifier, centroid, area, population and EPCI/region linkage — the official state geographic reference.
fr-geoapi-communes-94	https://geo.api.gouv.fr/communes?codeDepartement=94&fields=nom,code,codesPostaux,siren,centre,surface,population,codeEpci,codeDepartement,codeRegion&format=json	json-array	47	France — Communes of Department 94	フランス 94県 全市町村	fr_prefectural	government	fr	france,commune,prefecture,registry,geoapi,94	604800	Every commune in French department 94 with INSEE code, postal codes, SIREN identifier, centroid, area, population and EPCI/region linkage — the official state geographic reference.
fr-geoapi-communes-95	https://geo.api.gouv.fr/communes?codeDepartement=95&fields=nom,code,codesPostaux,siren,centre,surface,population,codeEpci,codeDepartement,codeRegion&format=json	json-array	183	France — Communes of Department 95	フランス 95県 全市町村	fr_prefectural	government	fr	france,commune,prefecture,registry,geoapi,95	604800	Every commune in French department 95 with INSEE code, postal codes, SIREN identifier, centroid, area, population and EPCI/region linkage — the official state geographic reference.
fr-geoapi-communes-971	https://geo.api.gouv.fr/communes?codeDepartement=971&fields=nom,code,codesPostaux,siren,centre,surface,population,codeEpci,codeDepartement,codeRegion&format=json	json-array	32	France — Communes of Department 971	フランス 971県 全市町村	fr_prefectural	government	fr	france,commune,prefecture,registry,geoapi,971	604800	Every commune in French department 971 with INSEE code, postal codes, SIREN identifier, centroid, area, population and EPCI/region linkage — the official state geographic reference.
fr-geoapi-communes-972	https://geo.api.gouv.fr/communes?codeDepartement=972&fields=nom,code,codesPostaux,siren,centre,surface,population,codeEpci,codeDepartement,codeRegion&format=json	json-array	34	France — Communes of Department 972	フランス 972県 全市町村	fr_prefectural	government	fr	france,commune,prefecture,registry,geoapi,972	604800	Every commune in French department 972 with INSEE code, postal codes, SIREN identifier, centroid, area, population and EPCI/region linkage — the official state geographic reference.
fr-geoapi-communes-973	https://geo.api.gouv.fr/communes?codeDepartement=973&fields=nom,code,codesPostaux,siren,centre,surface,population,codeEpci,codeDepartement,codeRegion&format=json	json-array	22	France — Communes of Department 973	フランス 973県 全市町村	fr_prefectural	government	fr	france,commune,prefecture,registry,geoapi,973	604800	Every commune in French department 973 with INSEE code, postal codes, SIREN identifier, centroid, area, population and EPCI/region linkage — the official state geographic reference.
fr-geoapi-communes-974	https://geo.api.gouv.fr/communes?codeDepartement=974&fields=nom,code,codesPostaux,siren,centre,surface,population,codeEpci,codeDepartement,codeRegion&format=json	json-array	24	France — Communes of Department 974	フランス 974県 全市町村	fr_prefectural	government	fr	france,commune,prefecture,registry,geoapi,974	604800	Every commune in French department 974 with INSEE code, postal codes, SIREN identifier, centroid, area, population and EPCI/region linkage — the official state geographic reference.
fr-geoapi-communes-976	https://geo.api.gouv.fr/communes?codeDepartement=976&fields=nom,code,codesPostaux,siren,centre,surface,population,codeEpci,codeDepartement,codeRegion&format=json	json-array	17	France — Communes of Department 976	フランス 976県 全市町村	fr_prefectural	government	fr	france,commune,prefecture,registry,geoapi,976	604800	Every commune in French department 976 with INSEE code, postal codes, SIREN identifier, centroid, area, population and EPCI/region linkage — the official state geographic reference.
fr-datagouv-q-securite	https://www.data.gouv.fr/api/1/datasets/?page_size=100&q=sécurité	json:data	100	data.gouv.fr — Security Datasets	data.gouv.fr securityデータセット	fr_government	security	fr	france,opendata,datagouv,securite	86400	Datasets published on the French national open-data portal matching 'sécurité' (security) — with publishing organisation, resources, licence, temporal coverage and quality score.
fr-datagouv-q-delinquance	https://www.data.gouv.fr/api/1/datasets/?page_size=100&q=délinquance	json:data	5	data.gouv.fr — Crime Statistics Datasets	data.gouv.fr crime statisticsデータセット	fr_government	crime	fr	france,opendata,datagouv,delinquance	86400	Datasets published on the French national open-data portal matching 'délinquance' (crime statistics) — with publishing organisation, resources, licence, temporal coverage and quality score.
fr-datagouv-q-prefecture	https://www.data.gouv.fr/api/1/datasets/?page_size=100&q=préfecture	json:data	22	data.gouv.fr — Prefecture Datasets	data.gouv.fr prefectureデータセット	fr_government	government	fr	france,opendata,datagouv,prefecture	86400	Datasets published on the French national open-data portal matching 'préfecture' (prefecture) — with publishing organisation, resources, licence, temporal coverage and quality score.
fr-datagouv-q-education	https://www.data.gouv.fr/api/1/datasets/?page_size=100&q=éducation	json:data	26	data.gouv.fr — Education Datasets	data.gouv.fr educationデータセット	fr_government	education	fr	france,opendata,datagouv,education	86400	Datasets published on the French national open-data portal matching 'éducation' (education) — with publishing organisation, resources, licence, temporal coverage and quality score.
fr-datagouv-q-ecole	https://www.data.gouv.fr/api/1/datasets/?page_size=100&q=école	json:data	100	data.gouv.fr — Schools Datasets	data.gouv.fr schoolsデータセット	fr_government	education	fr	france,opendata,datagouv,ecole	86400	Datasets published on the French national open-data portal matching 'école' (schools) — with publishing organisation, resources, licence, temporal coverage and quality score.
fr-datagouv-q-universite	https://www.data.gouv.fr/api/1/datasets/?page_size=100&q=université	json:data	39	data.gouv.fr — Universities Datasets	data.gouv.fr universitiesデータセット	fr_government	education	fr	france,opendata,datagouv,universite	86400	Datasets published on the French national open-data portal matching 'université' (universities) — with publishing organisation, resources, licence, temporal coverage and quality score.
fr-datagouv-q-entreprise	https://www.data.gouv.fr/api/1/datasets/?page_size=100&q=entreprise	json:data	100	data.gouv.fr — Enterprises Datasets	data.gouv.fr enterprisesデータセット	fr_government	corporate	fr	france,opendata,datagouv,entreprise	86400	Datasets published on the French national open-data portal matching 'entreprise' (enterprises) — with publishing organisation, resources, licence, temporal coverage and quality score.
fr-datagouv-q-emploi	https://www.data.gouv.fr/api/1/datasets/?page_size=100&q=emploi	json:data	100	data.gouv.fr — Employment Datasets	data.gouv.fr employmentデータセット	fr_government	economy	fr	france,opendata,datagouv,emploi	86400	Datasets published on the French national open-data portal matching 'emploi' (employment) — with publishing organisation, resources, licence, temporal coverage and quality score.
fr-datagouv-q-marches-publics	https://www.data.gouv.fr/api/1/datasets/?page_size=100&q=marchés%20publics	json:data	100	data.gouv.fr — Public Procurement Datasets	data.gouv.fr public procurementデータセット	fr_government	procurement	fr	france,opendata,datagouv,marches-publics	86400	Datasets published on the French national open-data portal matching 'marchés publics' (public procurement) — with publishing organisation, resources, licence, temporal coverage and quality score.
fr-datagouv-q-subvention	https://www.data.gouv.fr/api/1/datasets/?page_size=100&q=subvention	json:data	100	data.gouv.fr — Public Subsidies Datasets	data.gouv.fr public subsidiesデータセット	fr_government	transparency	fr	france,opendata,datagouv,subvention	86400	Datasets published on the French national open-data portal matching 'subvention' (public subsidies) — with publishing organisation, resources, licence, temporal coverage and quality score.
fr-datagouv-q-budget	https://www.data.gouv.fr/api/1/datasets/?page_size=100&q=budget	json:data	100	data.gouv.fr — Public Budgets Datasets	data.gouv.fr public budgetsデータセット	fr_government	economy	fr	france,opendata,datagouv,budget	86400	Datasets published on the French national open-data portal matching 'budget' (public budgets) — with publishing organisation, resources, licence, temporal coverage and quality score.
fr-datagouv-q-elus	https://www.data.gouv.fr/api/1/datasets/?page_size=100&q=élus	json:data	100	data.gouv.fr — Elected Officials Datasets	data.gouv.fr elected officialsデータセット	fr_government	government	fr	france,opendata,datagouv,elus	86400	Datasets published on the French national open-data portal matching 'élus' (elected officials) — with publishing organisation, resources, licence, temporal coverage and quality score.
fr-datagouv-q-sante	https://www.data.gouv.fr/api/1/datasets/?page_size=100&q=santé	json:data	100	data.gouv.fr — Health Datasets	data.gouv.fr healthデータセット	fr_government	health	fr	france,opendata,datagouv,sante	86400	Datasets published on the French national open-data portal matching 'santé' (health) — with publishing organisation, resources, licence, temporal coverage and quality score.
fr-datagouv-q-hopital	https://www.data.gouv.fr/api/1/datasets/?page_size=100&q=hôpital	json:data	3	data.gouv.fr — Hospitals Datasets	data.gouv.fr hospitalsデータセット	fr_government	health	fr	france,opendata,datagouv,hopital	86400	Datasets published on the French national open-data portal matching 'hôpital' (hospitals) — with publishing organisation, resources, licence, temporal coverage and quality score.
fr-datagouv-q-transport	https://www.data.gouv.fr/api/1/datasets/?page_size=100&q=transport	json:data	100	data.gouv.fr — Transport Datasets	data.gouv.fr transportデータセット	fr_government	transport	fr	france,opendata,datagouv,transport	86400	Datasets published on the French national open-data portal matching 'transport' (transport) — with publishing organisation, resources, licence, temporal coverage and quality score.
fr-datagouv-q-mobilite	https://www.data.gouv.fr/api/1/datasets/?page_size=100&q=mobilité	json:data	100	data.gouv.fr — Mobility Datasets	data.gouv.fr mobilityデータセット	fr_government	transport	fr	france,opendata,datagouv,mobilite	86400	Datasets published on the French national open-data portal matching 'mobilité' (mobility) — with publishing organisation, resources, licence, temporal coverage and quality score.
fr-datagouv-q-energie	https://www.data.gouv.fr/api/1/datasets/?page_size=100&q=énergie	json:data	100	data.gouv.fr — Energy Datasets	data.gouv.fr energyデータセット	fr_government	energy	fr	france,opendata,datagouv,energie	86400	Datasets published on the French national open-data portal matching 'énergie' (energy) — with publishing organisation, resources, licence, temporal coverage and quality score.
fr-datagouv-q-environnement	https://www.data.gouv.fr/api/1/datasets/?page_size=100&q=environnement	json:data	78	data.gouv.fr — Environment Datasets	data.gouv.fr environmentデータセット	fr_government	environment	fr	france,opendata,datagouv,environnement	86400	Datasets published on the French national open-data portal matching 'environnement' (environment) — with publishing organisation, resources, licence, temporal coverage and quality score.
fr-datagouv-q-risques	https://www.data.gouv.fr/api/1/datasets/?page_size=100&q=risques%20naturels	json:data	100	data.gouv.fr — Natural Hazards Datasets	data.gouv.fr natural hazardsデータセット	fr_government	disaster	fr	france,opendata,datagouv,risques	86400	Datasets published on the French national open-data portal matching 'risques naturels' (natural hazards) — with publishing organisation, resources, licence, temporal coverage and quality score.
fr-datagouv-q-inondation	https://www.data.gouv.fr/api/1/datasets/?page_size=100&q=inondation	json:data	100	data.gouv.fr — Flooding Datasets	data.gouv.fr floodingデータセット	fr_government	disaster	fr	france,opendata,datagouv,inondation	86400	Datasets published on the French national open-data portal matching 'inondation' (flooding) — with publishing organisation, resources, licence, temporal coverage and quality score.
fr-datagouv-q-logement	https://www.data.gouv.fr/api/1/datasets/?page_size=100&q=logement	json:data	100	data.gouv.fr — Housing Datasets	data.gouv.fr housingデータセット	fr_government	geospatial	fr	france,opendata,datagouv,logement	86400	Datasets published on the French national open-data portal matching 'logement' (housing) — with publishing organisation, resources, licence, temporal coverage and quality score.
fr-datagouv-q-urbanisme	https://www.data.gouv.fr/api/1/datasets/?page_size=100&q=urbanisme	json:data	100	data.gouv.fr — Urban Planning Datasets	data.gouv.fr urban planningデータセット	fr_government	geospatial	fr	france,opendata,datagouv,urbanisme	86400	Datasets published on the French national open-data portal matching 'urbanisme' (urban planning) — with publishing organisation, resources, licence, temporal coverage and quality score.
fr-datagouv-q-cadastre	https://www.data.gouv.fr/api/1/datasets/?page_size=100&q=cadastre	json:data	100	data.gouv.fr — Land Registry Datasets	data.gouv.fr land registryデータセット	fr_government	geospatial	fr	france,opendata,datagouv,cadastre	86400	Datasets published on the French national open-data portal matching 'cadastre' (land registry) — with publishing organisation, resources, licence, temporal coverage and quality score.
fr-datagouv-q-population	https://www.data.gouv.fr/api/1/datasets/?page_size=100&q=population	json:data	100	data.gouv.fr — Population Datasets	data.gouv.fr populationデータセット	fr_government	statistics	fr	france,opendata,datagouv,population	86400	Datasets published on the French national open-data portal matching 'population' (population) — with publishing organisation, resources, licence, temporal coverage and quality score.
fr-datagouv-q-commune	https://www.data.gouv.fr/api/1/datasets/?page_size=100&q=commune	json:data	100	data.gouv.fr — Communes Datasets	data.gouv.fr communesデータセット	fr_government	government	fr	france,opendata,datagouv,commune	86400	Datasets published on the French national open-data portal matching 'commune' (communes) — with publishing organisation, resources, licence, temporal coverage and quality score.
fr-datagouv-q-cybersecurite	https://www.data.gouv.fr/api/1/datasets/?page_size=100&q=cybersécurité	json:data	3	data.gouv.fr — Cyber Security Datasets	data.gouv.fr cyber securityデータセット	fr_government	cyber	fr	france,opendata,datagouv,cybersecurite	86400	Datasets published on the French national open-data portal matching 'cybersécurité' (cyber security) — with publishing organisation, resources, licence, temporal coverage and quality score.
fr-datagouv-q-numerique	https://www.data.gouv.fr/api/1/datasets/?page_size=100&q=numérique	json:data	100	data.gouv.fr — Digital Services Datasets	data.gouv.fr digital servicesデータセット	fr_government	technology	fr	france,opendata,datagouv,numerique	86400	Datasets published on the French national open-data portal matching 'numérique' (digital services) — with publishing organisation, resources, licence, temporal coverage and quality score.
fr-datagouv-q-telecom	https://www.data.gouv.fr/api/1/datasets/?page_size=100&q=télécommunications	json:data	6	data.gouv.fr — Telecommunications Datasets	data.gouv.fr telecommunicationsデータセット	fr_government	telecom	fr	france,opendata,datagouv,telecom	86400	Datasets published on the French national open-data portal matching 'télécommunications' (telecommunications) — with publishing organisation, resources, licence, temporal coverage and quality score.
fr-datagouv-q-reseau	https://www.data.gouv.fr/api/1/datasets/?page_size=100&q=réseau	json:data	100	data.gouv.fr — Networks Datasets	data.gouv.fr networksデータセット	fr_government	infrastructure	fr	france,opendata,datagouv,reseau	86400	Datasets published on the French national open-data portal matching 'réseau' (networks) — with publishing organisation, resources, licence, temporal coverage and quality score.
fr-datagouv-q-eau	https://www.data.gouv.fr/api/1/datasets/?page_size=100&q=eau	json:data	100	data.gouv.fr — Water Datasets	data.gouv.fr waterデータセット	fr_government	environment	fr	france,opendata,datagouv,eau	86400	Datasets published on the French national open-data portal matching 'eau' (water) — with publishing organisation, resources, licence, temporal coverage and quality score.
fr-datagouv-q-dechets	https://www.data.gouv.fr/api/1/datasets/?page_size=100&q=déchets	json:data	100	data.gouv.fr — Waste Datasets	data.gouv.fr wasteデータセット	fr_government	environment	fr	france,opendata,datagouv,dechets	86400	Datasets published on the French national open-data portal matching 'déchets' (waste) — with publishing organisation, resources, licence, temporal coverage and quality score.
fr-datagouv-q-agriculture	https://www.data.gouv.fr/api/1/datasets/?page_size=100&q=agriculture	json:data	52	data.gouv.fr — Agriculture Datasets	data.gouv.fr agricultureデータセット	fr_government	agriculture	fr	france,opendata,datagouv,agriculture	86400	Datasets published on the French national open-data portal matching 'agriculture' (agriculture) — with publishing organisation, resources, licence, temporal coverage and quality score.
fr-datagouv-q-tourisme	https://www.data.gouv.fr/api/1/datasets/?page_size=100&q=tourisme	json:data	100	data.gouv.fr — Tourism Datasets	data.gouv.fr tourismデータセット	fr_government	tourism	fr	france,opendata,datagouv,tourisme	86400	Datasets published on the French national open-data portal matching 'tourisme' (tourism) — with publishing organisation, resources, licence, temporal coverage and quality score.
fr-datagouv-q-culture	https://www.data.gouv.fr/api/1/datasets/?page_size=100&q=culture	json:data	100	data.gouv.fr — Culture Datasets	data.gouv.fr cultureデータセット	fr_government	culture	fr	france,opendata,datagouv,culture	86400	Datasets published on the French national open-data portal matching 'culture' (culture) — with publishing organisation, resources, licence, temporal coverage and quality score.
fr-datagouv-q-police	https://www.data.gouv.fr/api/1/datasets/?page_size=100&q=police	json:data	100	data.gouv.fr — Policing Datasets	data.gouv.fr policingデータセット	fr_government	security	fr	france,opendata,datagouv,police	86400	Datasets published on the French national open-data portal matching 'police' (policing) — with publishing organisation, resources, licence, temporal coverage and quality score.
fr-datagouv-q-gendarmerie	https://www.data.gouv.fr/api/1/datasets/?page_size=100&q=gendarmerie	json:data	42	data.gouv.fr — Gendarmerie Datasets	data.gouv.fr gendarmerieデータセット	fr_government	security	fr	france,opendata,datagouv,gendarmerie	86400	Datasets published on the French national open-data portal matching 'gendarmerie' (gendarmerie) — with publishing organisation, resources, licence, temporal coverage and quality score.
fr-datagouv-q-pompiers	https://www.data.gouv.fr/api/1/datasets/?page_size=100&q=pompiers	json:data	5	data.gouv.fr — Fire And Rescue Datasets	data.gouv.fr fire and rescueデータセット	fr_government	disaster	fr	france,opendata,datagouv,pompiers	86400	Datasets published on the French national open-data portal matching 'pompiers' (fire and rescue) — with publishing organisation, resources, licence, temporal coverage and quality score.
fr-datagouv-q-defense	https://www.data.gouv.fr/api/1/datasets/?page_size=100&q=défense	json:data	100	data.gouv.fr — Defence Datasets	data.gouv.fr defenceデータセット	fr_government	security	fr	france,opendata,datagouv,defense	86400	Datasets published on the French national open-data portal matching 'défense' (defence) — with publishing organisation, resources, licence, temporal coverage and quality score.
fr-datagouv-q-justice	https://www.data.gouv.fr/api/1/datasets/?page_size=100&q=justice	json:data	23	data.gouv.fr — Justice Datasets	data.gouv.fr justiceデータセット	fr_government	legal	fr	france,opendata,datagouv,justice	86400	Datasets published on the French national open-data portal matching 'justice' (justice) — with publishing organisation, resources, licence, temporal coverage and quality score.
fr-datagouv-q-tribunal	https://www.data.gouv.fr/api/1/datasets/?page_size=100&q=tribunal	json:data	2	data.gouv.fr — Courts Datasets	data.gouv.fr courtsデータセット	fr_government	legal	fr	france,opendata,datagouv,tribunal	86400	Datasets published on the French national open-data portal matching 'tribunal' (courts) — with publishing organisation, resources, licence, temporal coverage and quality score.
fr-datagouv-q-douane	https://www.data.gouv.fr/api/1/datasets/?page_size=100&q=douane	json:data	6	data.gouv.fr — Customs Datasets	data.gouv.fr customsデータセット	fr_government	government	fr	france,opendata,datagouv,douane	86400	Datasets published on the French national open-data portal matching 'douane' (customs) — with publishing organisation, resources, licence, temporal coverage and quality score.
fr-datagouv-q-aeroport	https://www.data.gouv.fr/api/1/datasets/?page_size=100&q=aéroport	json:data	57	data.gouv.fr — Airports Datasets	data.gouv.fr airportsデータセット	fr_government	aviation	fr	france,opendata,datagouv,aeroport	86400	Datasets published on the French national open-data portal matching 'aéroport' (airports) — with publishing organisation, resources, licence, temporal coverage and quality score.
fr-datagouv-q-port	https://www.data.gouv.fr/api/1/datasets/?page_size=100&q=port	json:data	100	data.gouv.fr — Ports Datasets	data.gouv.fr portsデータセット	fr_government	maritime	fr	france,opendata,datagouv,port	86400	Datasets published on the French national open-data portal matching 'port' (ports) — with publishing organisation, resources, licence, temporal coverage and quality score.
fr-datagouv-q-ferroviaire	https://www.data.gouv.fr/api/1/datasets/?page_size=100&q=ferroviaire	json:data	100	data.gouv.fr — Rail Datasets	data.gouv.fr railデータセット	fr_government	transport	fr	france,opendata,datagouv,ferroviaire	86400	Datasets published on the French national open-data portal matching 'ferroviaire' (rail) — with publishing organisation, resources, licence, temporal coverage and quality score.
fr-datagouv-q-velo	https://www.data.gouv.fr/api/1/datasets/?page_size=100&q=vélo	json:data	100	data.gouv.fr — Cycling Datasets	data.gouv.fr cyclingデータセット	fr_government	transport	fr	france,opendata,datagouv,velo	86400	Datasets published on the French national open-data portal matching 'vélo' (cycling) — with publishing organisation, resources, licence, temporal coverage and quality score.
fr-datagouv-q-stationnement	https://www.data.gouv.fr/api/1/datasets/?page_size=100&q=stationnement	json:data	100	data.gouv.fr — Parking Datasets	data.gouv.fr parkingデータセット	fr_government	transport	fr	france,opendata,datagouv,stationnement	86400	Datasets published on the French national open-data portal matching 'stationnement' (parking) — with publishing organisation, resources, licence, temporal coverage and quality score.
fr-datagouv-q-camera	https://www.data.gouv.fr/api/1/datasets/?page_size=100&q=vidéoprotection	json:data	9	data.gouv.fr — Video Surveillance Datasets	data.gouv.fr video surveillanceデータセット	fr_government	cameras	fr	france,opendata,datagouv,camera	86400	Datasets published on the French national open-data portal matching 'vidéoprotection' (video surveillance) — with publishing organisation, resources, licence, temporal coverage and quality score.
fr-datagouv-q-capteur	https://www.data.gouv.fr/api/1/datasets/?page_size=100&q=capteur	json:data	22	data.gouv.fr — Sensors Datasets	data.gouv.fr sensorsデータセット	fr_government	infrastructure	fr	france,opendata,datagouv,capteur	86400	Datasets published on the French national open-data portal matching 'capteur' (sensors) — with publishing organisation, resources, licence, temporal coverage and quality score.
fr-datagouv-q-qualite-air	https://www.data.gouv.fr/api/1/datasets/?page_size=100&q=qualité%20de%20l'air	json:data	67	data.gouv.fr — Air Quality Datasets	data.gouv.fr air qualityデータセット	fr_government	environment	fr	france,opendata,datagouv,qualite-air	86400	Datasets published on the French national open-data portal matching 'qualité de l'air' (air quality) — with publishing organisation, resources, licence, temporal coverage and quality score.
fr-datagouv-q-bruit	https://www.data.gouv.fr/api/1/datasets/?page_size=100&q=bruit	json:data	100	data.gouv.fr — Noise Datasets	data.gouv.fr noiseデータセット	fr_government	environment	fr	france,opendata,datagouv,bruit	86400	Datasets published on the French national open-data portal matching 'bruit' (noise) — with publishing organisation, resources, licence, temporal coverage and quality score.
fr-datagouv-q-radon	https://www.data.gouv.fr/api/1/datasets/?page_size=100&q=radon	json:data	21	data.gouv.fr — Radon Datasets	data.gouv.fr radonデータセット	fr_government	environment	fr	france,opendata,datagouv,radon	86400	Datasets published on the French national open-data portal matching 'radon' (radon) — with publishing organisation, resources, licence, temporal coverage and quality score.
fr-datagouv-q-nucleaire	https://www.data.gouv.fr/api/1/datasets/?page_size=100&q=nucléaire	json:data	17	data.gouv.fr — Nuclear Datasets	data.gouv.fr nuclearデータセット	fr_government	energy	fr	france,opendata,datagouv,nucleaire	86400	Datasets published on the French national open-data portal matching 'nucléaire' (nuclear) — with publishing organisation, resources, licence, temporal coverage and quality score.
fr-datagouv-q-electricite	https://www.data.gouv.fr/api/1/datasets/?page_size=100&q=électricité	json:data	43	data.gouv.fr — Electricity Datasets	data.gouv.fr electricityデータセット	fr_government	energy	fr	france,opendata,datagouv,electricite	86400	Datasets published on the French national open-data portal matching 'électricité' (electricity) — with publishing organisation, resources, licence, temporal coverage and quality score.
fr-datagouv-q-gaz	https://www.data.gouv.fr/api/1/datasets/?page_size=100&q=gaz	json:data	100	data.gouv.fr — Gas Datasets	data.gouv.fr gasデータセット	fr_government	energy	fr	france,opendata,datagouv,gaz	86400	Datasets published on the French national open-data portal matching 'gaz' (gas) — with publishing organisation, resources, licence, temporal coverage and quality score.
fr-datagouv-q-industrie	https://www.data.gouv.fr/api/1/datasets/?page_size=100&q=industrie	json:data	36	data.gouv.fr — Industry Datasets	data.gouv.fr industryデータセット	fr_government	industry	fr	france,opendata,datagouv,industrie	86400	Datasets published on the French national open-data portal matching 'industrie' (industry) — with publishing organisation, resources, licence, temporal coverage and quality score.
fr-datagouv-q-icpe	https://www.data.gouv.fr/api/1/datasets/?page_size=100&q=installation%20classée	json:data	75	data.gouv.fr — Classified Industrial Sites Datasets	data.gouv.fr classified industrial sitesデータセット	fr_government	industry	fr	france,opendata,datagouv,icpe	86400	Datasets published on the French national open-data portal matching 'installation classée' (classified industrial sites) — with publishing organisation, resources, licence, temporal coverage and quality score.
fr-datagouv-q-foncier	https://www.data.gouv.fr/api/1/datasets/?page_size=100&q=foncier	json:data	100	data.gouv.fr — Land Ownership Datasets	data.gouv.fr land ownershipデータセット	fr_government	geospatial	fr	france,opendata,datagouv,foncier	86400	Datasets published on the French national open-data portal matching 'foncier' (land ownership) — with publishing organisation, resources, licence, temporal coverage and quality score.
fr-datagouv-q-immobilier	https://www.data.gouv.fr/api/1/datasets/?page_size=100&q=immobilier	json:data	44	data.gouv.fr — Real Estate Datasets	data.gouv.fr real estateデータセット	fr_government	geospatial	fr	france,opendata,datagouv,immobilier	86400	Datasets published on the French national open-data portal matching 'immobilier' (real estate) — with publishing organisation, resources, licence, temporal coverage and quality score.
fr-datagouv-q-association	https://www.data.gouv.fr/api/1/datasets/?page_size=100&q=association	json:data	100	data.gouv.fr — Non-Profits Datasets	data.gouv.fr non-profitsデータセット	fr_government	civil-society	fr	france,opendata,datagouv,association	86400	Datasets published on the French national open-data portal matching 'association' (non-profits) — with publishing organisation, resources, licence, temporal coverage and quality score.
fr-datagouv-q-statistiques	https://www.data.gouv.fr/api/1/datasets/?page_size=100&q=statistiques	json:data	100	data.gouv.fr — Statistics Datasets	data.gouv.fr statisticsデータセット	fr_government	statistics	fr	france,opendata,datagouv,statistiques	86400	Datasets published on the French national open-data portal matching 'statistiques' (statistics) — with publishing organisation, resources, licence, temporal coverage and quality score.
fr-datagouv-q-collectivite	https://www.data.gouv.fr/api/1/datasets/?page_size=100&q=collectivité%20territoriale	json:data	54	data.gouv.fr — Local Authorities Datasets	data.gouv.fr local authoritiesデータセット	fr_government	government	fr	france,opendata,datagouv,collectivite	86400	Datasets published on the French national open-data portal matching 'collectivité territoriale' (local authorities) — with publishing organisation, resources, licence, temporal coverage and quality score.
fr-datagouv-q-departement	https://www.data.gouv.fr/api/1/datasets/?page_size=100&q=département	json:data	100	data.gouv.fr — Departments Datasets	data.gouv.fr departmentsデータセット	fr_government	government	fr	france,opendata,datagouv,departement	86400	Datasets published on the French national open-data portal matching 'département' (departments) — with publishing organisation, resources, licence, temporal coverage and quality score.
fr-datagouv-q-region	https://www.data.gouv.fr/api/1/datasets/?page_size=100&q=région	json:data	100	data.gouv.fr — Regions Datasets	data.gouv.fr regionsデータセット	fr_government	government	fr	france,opendata,datagouv,region	86400	Datasets published on the French national open-data portal matching 'région' (regions) — with publishing organisation, resources, licence, temporal coverage and quality score.
fr-datagouv-q-intercommunalite	https://www.data.gouv.fr/api/1/datasets/?page_size=100&q=intercommunalité	json:data	34	data.gouv.fr — Intercommunal Bodies Datasets	data.gouv.fr intercommunal bodiesデータセット	fr_government	government	fr	france,opendata,datagouv,intercommunalite	86400	Datasets published on the French national open-data portal matching 'intercommunalité' (intercommunal bodies) — with publishing organisation, resources, licence, temporal coverage and quality score.
fr-datagouv-q-election	https://www.data.gouv.fr/api/1/datasets/?page_size=100&q=élection	json:data	100	data.gouv.fr — Elections Datasets	data.gouv.fr electionsデータセット	fr_government	government	fr	france,opendata,datagouv,election	86400	Datasets published on the French national open-data portal matching 'élection' (elections) — with publishing organisation, resources, licence, temporal coverage and quality score.
fr-datagouv-q-deliberation	https://www.data.gouv.fr/api/1/datasets/?page_size=100&q=délibération	json:data	100	data.gouv.fr — Council Deliberations Datasets	data.gouv.fr council deliberationsデータセット	fr_government	government	fr	france,opendata,datagouv,deliberation	86400	Datasets published on the French national open-data portal matching 'délibération' (council deliberations) — with publishing organisation, resources, licence, temporal coverage and quality score.
fr-datagouv-q-recensement	https://www.data.gouv.fr/api/1/datasets/?page_size=100&q=recensement	json:data	100	data.gouv.fr — Census Datasets	data.gouv.fr censusデータセット	fr_government	statistics	fr	france,opendata,datagouv,recensement	86400	Datasets published on the French national open-data portal matching 'recensement' (census) — with publishing organisation, resources, licence, temporal coverage and quality score.
fr-datagouv-q-siren	https://www.data.gouv.fr/api/1/datasets/?page_size=100&q=siren	json:data	100	data.gouv.fr — Company Identifiers Datasets	data.gouv.fr company identifiersデータセット	fr_government	corporate	fr	france,opendata,datagouv,siren	86400	Datasets published on the French national open-data portal matching 'siren' (company identifiers) — with publishing organisation, resources, licence, temporal coverage and quality score.
fr-datagouv-q-etablissement	https://www.data.gouv.fr/api/1/datasets/?page_size=100&q=établissement	json:data	100	data.gouv.fr — Establishments Datasets	data.gouv.fr establishmentsデータセット	fr_government	corporate	fr	france,opendata,datagouv,etablissement	86400	Datasets published on the French national open-data portal matching 'établissement' (establishments) — with publishing organisation, resources, licence, temporal coverage and quality score.
fr-datagouv-q-industrie-defense	https://www.data.gouv.fr/api/1/datasets/?page_size=100&q=industrie%20de%20défense	json:data	5	data.gouv.fr — Defence Industry Datasets	data.gouv.fr defence industryデータセット	fr_government	security	fr	france,opendata,datagouv,industrie-defense	86400	Datasets published on the French national open-data portal matching 'industrie de défense' (defence industry) — with publishing organisation, resources, licence, temporal coverage and quality score.
fr-datagouv-q-aeronautique	https://www.data.gouv.fr/api/1/datasets/?page_size=100&q=aéronautique	json:data	19	data.gouv.fr — Aeronautics Datasets	data.gouv.fr aeronauticsデータセット	fr_government	aviation	fr	france,opendata,datagouv,aeronautique	86400	Datasets published on the French national open-data portal matching 'aéronautique' (aeronautics) — with publishing organisation, resources, licence, temporal coverage and quality score.
fr-datagouv-q-spatial	https://www.data.gouv.fr/api/1/datasets/?page_size=100&q=spatial	json:data	40	data.gouv.fr — Space Datasets	data.gouv.fr spaceデータセット	fr_government	space	fr	france,opendata,datagouv,spatial	86400	Datasets published on the French national open-data portal matching 'spatial' (space) — with publishing organisation, resources, licence, temporal coverage and quality score.
fr-datagouv-q-recherche	https://www.data.gouv.fr/api/1/datasets/?page_size=100&q=recherche	json:data	100	data.gouv.fr — Research Datasets	data.gouv.fr researchデータセット	fr_government	education	fr	france,opendata,datagouv,recherche	86400	Datasets published on the French national open-data portal matching 'recherche' (research) — with publishing organisation, resources, licence, temporal coverage and quality score.
fr-datagouv-q-laboratoire	https://www.data.gouv.fr/api/1/datasets/?page_size=100&q=laboratoire	json:data	53	data.gouv.fr — Laboratories Datasets	data.gouv.fr laboratoriesデータセット	fr_government	education	fr	france,opendata,datagouv,laboratoire	86400	Datasets published on the French national open-data portal matching 'laboratoire' (laboratories) — with publishing organisation, resources, licence, temporal coverage and quality score.
fr-datagouv-q-etudiant	https://www.data.gouv.fr/api/1/datasets/?page_size=100&q=étudiant	json:data	90	data.gouv.fr — Students Datasets	data.gouv.fr studentsデータセット	fr_government	education	fr	france,opendata,datagouv,etudiant	86400	Datasets published on the French national open-data portal matching 'étudiant' (students) — with publishing organisation, resources, licence, temporal coverage and quality score.
fr-datagouv-q-college	https://www.data.gouv.fr/api/1/datasets/?page_size=100&q=collège	json:data	100	data.gouv.fr — Middle Schools Datasets	data.gouv.fr middle schoolsデータセット	fr_government	education	fr	france,opendata,datagouv,college	86400	Datasets published on the French national open-data portal matching 'collège' (middle schools) — with publishing organisation, resources, licence, temporal coverage and quality score.
fr-datagouv-q-formation	https://www.data.gouv.fr/api/1/datasets/?page_size=100&q=formation%20professionnelle	json:data	21	data.gouv.fr — Vocational Training Datasets	data.gouv.fr vocational trainingデータセット	fr_government	education	fr	france,opendata,datagouv,formation	86400	Datasets published on the French national open-data portal matching 'formation professionnelle' (vocational training) — with publishing organisation, resources, licence, temporal coverage and quality score.
fr-datagouv-q-hebergement	https://www.data.gouv.fr/api/1/datasets/?page_size=100&q=hébergement	json:data	81	data.gouv.fr — Accommodation Datasets	data.gouv.fr accommodationデータセット	fr_government	geospatial	fr	france,opendata,datagouv,hebergement	86400	Datasets published on the French national open-data portal matching 'hébergement' (accommodation) — with publishing organisation, resources, licence, temporal coverage and quality score.
fr-datagouv-q-antenne	https://www.data.gouv.fr/api/1/datasets/?page_size=100&q=antenne%20relais	json:data	3	data.gouv.fr — Mobile Masts Datasets	data.gouv.fr mobile mastsデータセット	fr_government	telecom	fr	france,opendata,datagouv,antenne	86400	Datasets published on the French national open-data portal matching 'antenne relais' (mobile masts) — with publishing organisation, resources, licence, temporal coverage and quality score.
fr-datagouv-organizations	https://www.data.gouv.fr/api/1/organizations/?page_size=100	json:data	100	data.gouv.fr — Organisation Registry	data.gouv.fr 組織レジストリ	fr_government	registry	fr	france,opendata,datagouv,registry,organizations	86400	Public bodies publishing on data.gouv.fr, with SIRET, badges and dataset counts.
fr-datagouv-dataservices	https://www.data.gouv.fr/api/1/dataservices/?page_size=100	json:data	100	data.gouv.fr — API Registry	data.gouv.fr API レジストリ	fr_government	registry	fr	france,opendata,datagouv,registry,dataservices	86400	Machine-readable APIs registered on data.gouv.fr, with base URLs and access conditions.
fr-entreprises-defense	https://recherche-entreprises.api.gouv.fr/search?q=défense&per_page=25	json:results	25	France Company Register — Defence Contractors	フランス企業登記 defence contractors	fr_corporate	corporate	fr	france,corporate,sirene,registry,defense	86400	French legal units matching 'défense' (defence contractors) from the state SIRENE-backed company search: SIREN, SIRET, NAF activity code, legal form, headcount band, officers and establishment addresses.
fr-entreprises-armement	https://recherche-entreprises.api.gouv.fr/search?q=armement&per_page=25	json:results	25	France Company Register — Armaments	フランス企業登記 armaments	fr_corporate	corporate	fr	france,corporate,sirene,registry,armement	86400	French legal units matching 'armement' (armaments) from the state SIRENE-backed company search: SIREN, SIRET, NAF activity code, legal form, headcount band, officers and establishment addresses.
fr-entreprises-aeronautique	https://recherche-entreprises.api.gouv.fr/search?q=aéronautique&per_page=25	json:results	25	France Company Register — Aeronautics	フランス企業登記 aeronautics	fr_corporate	corporate	fr	france,corporate,sirene,registry,aeronautique	86400	French legal units matching 'aéronautique' (aeronautics) from the state SIRENE-backed company search: SIREN, SIRET, NAF activity code, legal form, headcount band, officers and establishment addresses.
fr-entreprises-spatial	https://recherche-entreprises.api.gouv.fr/search?q=spatial&per_page=25	json:results	25	France Company Register — Space Industry	フランス企業登記 space industry	fr_corporate	corporate	fr	france,corporate,sirene,registry,spatial	86400	French legal units matching 'spatial' (space industry) from the state SIRENE-backed company search: SIREN, SIRET, NAF activity code, legal form, headcount band, officers and establishment addresses.
fr-entreprises-nucleaire	https://recherche-entreprises.api.gouv.fr/search?q=nucléaire&per_page=25	json:results	25	France Company Register — Nuclear Industry	フランス企業登記 nuclear industry	fr_corporate	corporate	fr	france,corporate,sirene,registry,nucleaire	86400	French legal units matching 'nucléaire' (nuclear industry) from the state SIRENE-backed company search: SIREN, SIRET, NAF activity code, legal form, headcount band, officers and establishment addresses.
fr-entreprises-cybersecurite	https://recherche-entreprises.api.gouv.fr/search?q=cybersécurité&per_page=25	json:results	25	France Company Register — Cyber Security	フランス企業登記 cyber security	fr_corporate	corporate	fr	france,corporate,sirene,registry,cybersecurite	86400	French legal units matching 'cybersécurité' (cyber security) from the state SIRENE-backed company search: SIREN, SIRET, NAF activity code, legal form, headcount band, officers and establishment addresses.
fr-entreprises-informatique	https://recherche-entreprises.api.gouv.fr/search?q=informatique&per_page=25	json:results	25	France Company Register — It Services	フランス企業登記 IT services	fr_corporate	corporate	fr	france,corporate,sirene,registry,informatique	86400	French legal units matching 'informatique' (IT services) from the state SIRENE-backed company search: SIREN, SIRET, NAF activity code, legal form, headcount band, officers and establishment addresses.
fr-entreprises-logiciel	https://recherche-entreprises.api.gouv.fr/search?q=logiciel&per_page=25	json:results	25	France Company Register — Software	フランス企業登記 software	fr_corporate	corporate	fr	france,corporate,sirene,registry,logiciel	86400	French legal units matching 'logiciel' (software) from the state SIRENE-backed company search: SIREN, SIRET, NAF activity code, legal form, headcount band, officers and establishment addresses.
fr-entreprises-datacenter	https://recherche-entreprises.api.gouv.fr/search?q=datacenter&per_page=25	json:results	25	France Company Register — Data Centres	フランス企業登記 data centres	fr_corporate	corporate	fr	france,corporate,sirene,registry,datacenter	86400	French legal units matching 'datacenter' (data centres) from the state SIRENE-backed company search: SIREN, SIRET, NAF activity code, legal form, headcount band, officers and establishment addresses.
fr-entreprises-telecom	https://recherche-entreprises.api.gouv.fr/search?q=télécommunications&per_page=25	json:results	25	France Company Register — Telecommunications	フランス企業登記 telecommunications	fr_corporate	corporate	fr	france,corporate,sirene,registry,telecom	86400	French legal units matching 'télécommunications' (telecommunications) from the state SIRENE-backed company search: SIREN, SIRET, NAF activity code, legal form, headcount band, officers and establishment addresses.
fr-entreprises-semiconducteur	https://recherche-entreprises.api.gouv.fr/search?q=semiconducteur&per_page=25	json:results	23	France Company Register — Semiconductors	フランス企業登記 semiconductors	fr_corporate	corporate	fr	france,corporate,sirene,registry,semiconducteur	86400	French legal units matching 'semiconducteur' (semiconductors) from the state SIRENE-backed company search: SIREN, SIRET, NAF activity code, legal form, headcount band, officers and establishment addresses.
fr-entreprises-biotechnologie	https://recherche-entreprises.api.gouv.fr/search?q=biotechnologie&per_page=25	json:results	25	France Company Register — Biotechnology	フランス企業登記 biotechnology	fr_corporate	corporate	fr	france,corporate,sirene,registry,biotechnologie	86400	French legal units matching 'biotechnologie' (biotechnology) from the state SIRENE-backed company search: SIREN, SIRET, NAF activity code, legal form, headcount band, officers and establishment addresses.
fr-entreprises-pharmaceutique	https://recherche-entreprises.api.gouv.fr/search?q=pharmaceutique&per_page=25	json:results	25	France Company Register — Pharmaceuticals	フランス企業登記 pharmaceuticals	fr_corporate	corporate	fr	france,corporate,sirene,registry,pharmaceutique	86400	French legal units matching 'pharmaceutique' (pharmaceuticals) from the state SIRENE-backed company search: SIREN, SIRET, NAF activity code, legal form, headcount band, officers and establishment addresses.
fr-entreprises-chimie	https://recherche-entreprises.api.gouv.fr/search?q=chimie&per_page=25	json:results	25	France Company Register — Chemicals	フランス企業登記 chemicals	fr_corporate	corporate	fr	france,corporate,sirene,registry,chimie	86400	French legal units matching 'chimie' (chemicals) from the state SIRENE-backed company search: SIREN, SIRET, NAF activity code, legal form, headcount band, officers and establishment addresses.
fr-entreprises-energie	https://recherche-entreprises.api.gouv.fr/search?q=énergie&per_page=25	json:results	25	France Company Register — Energy	フランス企業登記 energy	fr_corporate	corporate	fr	france,corporate,sirene,registry,energie	86400	French legal units matching 'énergie' (energy) from the state SIRENE-backed company search: SIREN, SIRET, NAF activity code, legal form, headcount band, officers and establishment addresses.
fr-entreprises-laboratoire	https://recherche-entreprises.api.gouv.fr/search?q=laboratoire&per_page=25	json:results	25	France Company Register — Laboratories	フランス企業登記 laboratories	fr_corporate	corporate	fr	france,corporate,sirene,registry,laboratoire	86400	French legal units matching 'laboratoire' (laboratories) from the state SIRENE-backed company search: SIREN, SIRET, NAF activity code, legal form, headcount band, officers and establishment addresses.
fr-ods-education-catalog	https://data.education.gouv.fr/api/explore/v2.1/catalog/datasets?limit=100	json:results	100	French Ministry of Education Open Data — Dataset Catalogue	フランス教育省オープンデータ データセット目録	fr_opendata	registry	fr	france,opendata,opendatasoft,registry,education	86400	Every dataset published by French Ministry of Education Open Data, with field schemas, record counts, themes, licences and modification times.
fr-ods-education-facets	https://data.education.gouv.fr/api/explore/v2.1/catalog/facets	json:facets	6	French Ministry of Education Open Data — Catalogue Facets	フランス教育省オープンデータ ファセット	fr_opendata	education	fr	france,opendata,opendatasoft,facets,education	86400	Theme, keyword, publisher and licence facet counts across French Ministry of Education Open Data — a one-request map of the portal's subject coverage.
fr-ods-enseignementsup-catalog	https://data.enseignementsup-recherche.gouv.fr/api/explore/v2.1/catalog/datasets?limit=100	json:results	100	French Higher Education and Research Open Data — Dataset Catalogue	フランス高等教育・研究省 データセット目録	fr_opendata	registry	fr	france,opendata,opendatasoft,registry,enseignementsup	86400	Every dataset published by French Higher Education and Research Open Data, with field schemas, record counts, themes, licences and modification times.
fr-ods-enseignementsup-facets	https://data.enseignementsup-recherche.gouv.fr/api/explore/v2.1/catalog/facets	json:facets	6	French Higher Education and Research Open Data — Catalogue Facets	フランス高等教育・研究省 ファセット	fr_opendata	education	fr	france,opendata,opendatasoft,facets,enseignementsup	86400	Theme, keyword, publisher and licence facet counts across French Higher Education and Research Open Data — a one-request map of the portal's subject coverage.
fr-ods-paris-facets	https://opendata.paris.fr/api/explore/v2.1/catalog/facets	json:facets	5	City of Paris Open Data — Catalogue Facets	パリ市オープンデータ ファセット	fr_opendata	government	fr	france,opendata,opendatasoft,facets,paris	86400	Theme, keyword, publisher and licence facet counts across City of Paris Open Data — a one-request map of the portal's subject coverage.
fr-ods-iledefrance-facets	https://data.iledefrance.fr/api/explore/v2.1/catalog/facets	json:facets	5	Île-de-France Region Open Data — Catalogue Facets	イル・ド・フランス地域圏 ファセット	fr_opendata	government	fr	france,opendata,opendatasoft,facets,iledefrance	86400	Theme, keyword, publisher and licence facet counts across Île-de-France Region Open Data — a one-request map of the portal's subject coverage.
fr-ods-idfmobilites-catalog	https://data.iledefrance-mobilites.fr/api/explore/v2.1/catalog/datasets?limit=100	json:results	96	Île-de-France Mobilités Open Data — Dataset Catalogue	イル・ド・フランス交通 データセット目録	fr_opendata	registry	fr	france,opendata,opendatasoft,registry,idfmobilites	86400	Every dataset published by Île-de-France Mobilités Open Data, with field schemas, record counts, themes, licences and modification times.
fr-ods-idfmobilites-facets	https://data.iledefrance-mobilites.fr/api/explore/v2.1/catalog/facets	json:facets	6	Île-de-France Mobilités Open Data — Catalogue Facets	イル・ド・フランス交通 ファセット	fr_opendata	transport	fr	france,opendata,opendatasoft,facets,idfmobilites	86400	Theme, keyword, publisher and licence facet counts across Île-de-France Mobilités Open Data — a one-request map of the portal's subject coverage.
fr-ods-toulouse-facets	https://data.toulouse-metropole.fr/api/explore/v2.1/catalog/facets	json:facets	5	Toulouse Métropole Open Data — Catalogue Facets	トゥールーズ都市圏 ファセット	fr_opendata	government	fr	france,opendata,opendatasoft,facets,toulouse	86400	Theme, keyword, publisher and licence facet counts across Toulouse Métropole Open Data — a one-request map of the portal's subject coverage.
fr-ods-rennes-facets	https://data.rennesmetropole.fr/api/explore/v2.1/catalog/facets	json:facets	6	Rennes Métropole Open Data — Catalogue Facets	レンヌ都市圏 ファセット	fr_opendata	government	fr	france,opendata,opendatasoft,facets,rennes	86400	Theme, keyword, publisher and licence facet counts across Rennes Métropole Open Data — a one-request map of the portal's subject coverage.
fr-ods-nantes-facets	https://data.nantesmetropole.fr/api/explore/v2.1/catalog/facets	json:facets	7	Nantes Métropole Open Data — Catalogue Facets	ナント都市圏 ファセット	fr_opendata	government	fr	france,opendata,opendatasoft,facets,nantes	86400	Theme, keyword, publisher and licence facet counts across Nantes Métropole Open Data — a one-request map of the portal's subject coverage.
fr-ods-bordeaux-facets	https://opendata.bordeaux-metropole.fr/api/explore/v2.1/catalog/facets	json:facets	6	Bordeaux Métropole Open Data — Catalogue Facets	ボルドー都市圏 ファセット	fr_opendata	government	fr	france,opendata,opendatasoft,facets,bordeaux	86400	Theme, keyword, publisher and licence facet counts across Bordeaux Métropole Open Data — a one-request map of the portal's subject coverage.
fr-ods-angers-facets	https://data.angers.fr/api/explore/v2.1/catalog/facets	json:facets	5	Angers Loire Métropole Open Data — Catalogue Facets	アンジェ都市圏 ファセット	fr_opendata	government	fr	france,opendata,opendatasoft,facets,angers	86400	Theme, keyword, publisher and licence facet counts across Angers Loire Métropole Open Data — a one-request map of the portal's subject coverage.
fr-ods-issy-facets	https://data.issy.com/api/explore/v2.1/catalog/facets	json:facets	5	Issy-les-Moulineaux Open Data — Catalogue Facets	イシー・レ・ムリノー市 ファセット	fr_opendata	government	fr	france,opendata,opendatasoft,facets,issy	86400	Theme, keyword, publisher and licence facet counts across Issy-les-Moulineaux Open Data — a one-request map of the portal's subject coverage.
fr-ods-centrevaldeloire-facets	https://data.centrevaldeloire.fr/api/explore/v2.1/catalog/facets	json:facets	6	Centre-Val de Loire Region Open Data — Catalogue Facets	サントル地域圏 ファセット	fr_opendata	government	fr	france,opendata,opendatasoft,facets,centrevaldeloire	86400	Theme, keyword, publisher and licence facet counts across Centre-Val de Loire Region Open Data — a one-request map of the portal's subject coverage.
fr-ods-occitanie-facets	https://data.laregion.fr/api/explore/v2.1/catalog/facets	json:facets	5	Occitanie Region Open Data — Catalogue Facets	オクシタニー地域圏 ファセット	fr_opendata	government	fr	france,opendata,opendatasoft,facets,occitanie	86400	Theme, keyword, publisher and licence facet counts across Occitanie Region Open Data — a one-request map of the portal's subject coverage.
fr-ods-bretagne-facets	https://data.bretagne.bzh/api/explore/v2.1/catalog/facets	json:facets	6	Brittany Region Open Data — Catalogue Facets	ブルターニュ地域圏 ファセット	fr_opendata	government	fr	france,opendata,opendatasoft,facets,bretagne	86400	Theme, keyword, publisher and licence facet counts across Brittany Region Open Data — a one-request map of the portal's subject coverage.
fr-ods-odre-facets	https://odre.opendatasoft.com/api/explore/v2.1/catalog/facets	json:facets	8	Réseaux Énergies Open Data (RTE/GRTgaz) — Catalogue Facets	フランス送電網オープンデータ ファセット	fr_opendata	energy	fr	france,opendata,opendatasoft,facets,odre	86400	Theme, keyword, publisher and licence facet counts across Réseaux Énergies Open Data (RTE/GRTgaz) — a one-request map of the portal's subject coverage.
fr-ods-public-facets	https://public.opendatasoft.com/api/explore/v2.1/catalog/facets	json:facets	9	OpenDataSoft Public Catalogue — Catalogue Facets	OpenDataSoft 公開カタログ ファセット	fr_opendata	opendata	fr	france,opendata,opendatasoft,facets,public	86400	Theme, keyword, publisher and licence facet counts across OpenDataSoft Public Catalogue — a one-request map of the portal's subject coverage.
fr-ods-boamp-catalog	https://boamp-datadila.opendatasoft.com/api/explore/v2.1/catalog/datasets?limit=100	json:results	25	BOAMP Public Procurement Notices — Dataset Catalogue	BOAMP 公共調達公告 データセット目録	fr_opendata	registry	fr	france,opendata,opendatasoft,registry,boamp	86400	Every dataset published by BOAMP Public Procurement Notices, with field schemas, record counts, themes, licences and modification times.
fr-ods-boamp-facets	https://boamp-datadila.opendatasoft.com/api/explore/v2.1/catalog/facets	json:facets	6	BOAMP Public Procurement Notices — Catalogue Facets	BOAMP 公共調達公告 ファセット	fr_opendata	procurement	fr	france,opendata,opendatasoft,facets,boamp	86400	Theme, keyword, publisher and licence facet counts across BOAMP Public Procurement Notices — a one-request map of the portal's subject coverage.
fr-ods-bodacc-catalog	https://bodacc-datadila.opendatasoft.com/api/explore/v2.1/catalog/datasets?limit=100	json:results	9	BODACC Civil and Commercial Announcements — Dataset Catalogue	BODACC 商業公告 データセット目録	fr_opendata	registry	fr	france,opendata,opendatasoft,registry,bodacc	86400	Every dataset published by BODACC Civil and Commercial Announcements, with field schemas, record counts, themes, licences and modification times.
fr-ods-bodacc-facets	https://bodacc-datadila.opendatasoft.com/api/explore/v2.1/catalog/facets	json:facets	6	BODACC Civil and Commercial Announcements — Catalogue Facets	BODACC 商業公告 ファセット	fr_opendata	corporate	fr	france,opendata,opendatasoft,facets,bodacc	86400	Theme, keyword, publisher and licence facet counts across BODACC Civil and Commercial Announcements — a one-request map of the portal's subject coverage.
fr-ods-economie-facets	https://data.economie.gouv.fr/api/explore/v2.1/catalog/facets	json:facets	5	French Ministry of the Economy Open Data — Catalogue Facets	フランス経済省オープンデータ ファセット	fr_opendata	economy	fr	france,opendata,opendatasoft,facets,economie	86400	Theme, keyword, publisher and licence facet counts across French Ministry of the Economy Open Data — a one-request map of the portal's subject coverage.
fr-ods-sncf-catalog	https://ressources.data.sncf.com/api/explore/v2.1/catalog/datasets?limit=100	json:results	100	SNCF Open Data — Dataset Catalogue	SNCF オープンデータ データセット目録	fr_opendata	registry	fr	france,opendata,opendatasoft,registry,sncf	86400	Every dataset published by SNCF Open Data, with field schemas, record counts, themes, licences and modification times.
fr-ods-sncf-facets	https://ressources.data.sncf.com/api/explore/v2.1/catalog/facets	json:facets	6	SNCF Open Data — Catalogue Facets	SNCF オープンデータ ファセット	fr_opendata	transport	fr	france,opendata,opendatasoft,facets,sncf	86400	Theme, keyword, publisher and licence facet counts across SNCF Open Data — a one-request map of the portal's subject coverage.
fr-ods-ratp-facets	https://data.ratp.fr/api/explore/v2.1/catalog/facets	json:facets	6	RATP Open Data — Catalogue Facets	RATP オープンデータ ファセット	fr_opendata	transport	fr	france,opendata,opendatasoft,facets,ratp	86400	Theme, keyword, publisher and licence facet counts across RATP Open Data — a one-request map of the portal's subject coverage.
fr-schools-annuaire-971	https://data.education.gouv.fr/api/explore/v2.1/catalog/datasets/fr-en-annuaire-education/records?limit=100&refine=code_departement%3A%22971%22	json:results	100	France School Directory — Department 971	フランス学校名簿 971県	fr_education	education	fr	france,school,education,directory,971	604800	Every state and private school registered in French department 971: UAI identifier, name, type, level, address, coordinates, contact details and education authority.
fr-schools-annuaire-972	https://data.education.gouv.fr/api/explore/v2.1/catalog/datasets/fr-en-annuaire-education/records?limit=100&refine=code_departement%3A%22972%22	json:results	100	France School Directory — Department 972	フランス学校名簿 972県	fr_education	education	fr	france,school,education,directory,972	604800	Every state and private school registered in French department 972: UAI identifier, name, type, level, address, coordinates, contact details and education authority.
fr-schools-annuaire-973	https://data.education.gouv.fr/api/explore/v2.1/catalog/datasets/fr-en-annuaire-education/records?limit=100&refine=code_departement%3A%22973%22	json:results	100	France School Directory — Department 973	フランス学校名簿 973県	fr_education	education	fr	france,school,education,directory,973	604800	Every state and private school registered in French department 973: UAI identifier, name, type, level, address, coordinates, contact details and education authority.
fr-schools-annuaire-974	https://data.education.gouv.fr/api/explore/v2.1/catalog/datasets/fr-en-annuaire-education/records?limit=100&refine=code_departement%3A%22974%22	json:results	100	France School Directory — Department 974	フランス学校名簿 974県	fr_education	education	fr	france,school,education,directory,974	604800	Every state and private school registered in French department 974: UAI identifier, name, type, level, address, coordinates, contact details and education authority.
fr-schools-annuaire-976	https://data.education.gouv.fr/api/explore/v2.1/catalog/datasets/fr-en-annuaire-education/records?limit=100&refine=code_departement%3A%22976%22	json:results	100	France School Directory — Department 976	フランス学校名簿 976県	fr_education	education	fr	france,school,education,directory,976	604800	Every state and private school registered in French department 976: UAI identifier, name, type, level, address, coordinates, contact details and education authority.
us-socrata-discovery-nyc	https://api.us.socrata.com/api/catalog/v1?limit=100&domains=data.cityofnewyork.us	json:results	100	New York City Open Data — Asset Discovery	ニューヨーク市 データ資産一覧	us_state	registry	en	usa,opendata,socrata,discovery,nyc	86400	Every dataset, chart, map, filtered view and file published on data.cityofnewyork.us, via the Socrata federated discovery API: identifier, owner, category, column schema and update time.
us-socrata-metadata-nyc	https://data.cityofnewyork.us/api/views/metadata/v1?limit=100	json-array	100	New York City Open Data — Asset Metadata	ニューヨーク市 メタデータ	us_state	opendata	en	usa,opendata,socrata,metadata,nyc	86400	Portal-side metadata for the assets hosted on data.cityofnewyork.us: name, description, category, tags, attribution, licence, owner and provenance for each view.
us-socrata-discovery-nystate	https://api.us.socrata.com/api/catalog/v1?limit=100&domains=data.ny.gov	json:results	100	New York State Open Data — Asset Discovery	ニューヨーク州 データ資産一覧	us_state	registry	en	usa,opendata,socrata,discovery,nystate	86400	Every dataset, chart, map, filtered view and file published on data.ny.gov, via the Socrata federated discovery API: identifier, owner, category, column schema and update time.
us-socrata-metadata-nystate	https://data.ny.gov/api/views/metadata/v1?limit=100	json-array	100	New York State Open Data — Asset Metadata	ニューヨーク州 メタデータ	us_state	opendata	en	usa,opendata,socrata,metadata,nystate	86400	Portal-side metadata for the assets hosted on data.ny.gov: name, description, category, tags, attribution, licence, owner and provenance for each view.
us-socrata-discovery-nyhealth	https://api.us.socrata.com/api/catalog/v1?limit=100&domains=health.data.ny.gov	json:results	100	New York State Health Data — Asset Discovery	ニューヨーク州保健 データ資産一覧	us_state	registry	en	usa,opendata,socrata,discovery,nyhealth	86400	Every dataset, chart, map, filtered view and file published on health.data.ny.gov, via the Socrata federated discovery API: identifier, owner, category, column schema and update time.
us-socrata-metadata-nyhealth	https://health.data.ny.gov/api/views/metadata/v1?limit=100	json-array	100	New York State Health Data — Asset Metadata	ニューヨーク州保健 メタデータ	us_state	opendata	en	usa,opendata,socrata,metadata,nyhealth	86400	Portal-side metadata for the assets hosted on health.data.ny.gov: name, description, category, tags, attribution, licence, owner and provenance for each view.
us-socrata-discovery-chicago	https://api.us.socrata.com/api/catalog/v1?limit=100&domains=data.cityofchicago.org	json:results	100	City of Chicago Open Data — Asset Discovery	シカゴ市 データ資産一覧	us_state	registry	en	usa,opendata,socrata,discovery,chicago	86400	Every dataset, chart, map, filtered view and file published on data.cityofchicago.org, via the Socrata federated discovery API: identifier, owner, category, column schema and update time.
us-socrata-metadata-chicago	https://data.cityofchicago.org/api/views/metadata/v1?limit=100	json-array	100	City of Chicago Open Data — Asset Metadata	シカゴ市 メタデータ	us_state	opendata	en	usa,opendata,socrata,metadata,chicago	86400	Portal-side metadata for the assets hosted on data.cityofchicago.org: name, description, category, tags, attribution, licence, owner and provenance for each view.
us-socrata-discovery-cook	https://api.us.socrata.com/api/catalog/v1?limit=100&domains=datacatalog.cookcountyil.gov	json:results	100	Cook County Open Data — Asset Discovery	クック郡 データ資産一覧	us_state	registry	en	usa,opendata,socrata,discovery,cook	86400	Every dataset, chart, map, filtered view and file published on datacatalog.cookcountyil.gov, via the Socrata federated discovery API: identifier, owner, category, column schema and update time.
us-socrata-discovery-illinois	https://api.us.socrata.com/api/catalog/v1?limit=100&domains=data.illinois.gov	json:timings.searchMillis	2	State of Illinois Open Data — Asset Discovery	イリノイ州 データ資産一覧	us_state	registry	en	usa,opendata,socrata,discovery,illinois	86400	Every dataset, chart, map, filtered view and file published on data.illinois.gov, via the Socrata federated discovery API: identifier, owner, category, column schema and update time.
us-socrata-metadata-illinois	https://data.illinois.gov/api/views/metadata/v1?limit=100	json-array	100	State of Illinois Open Data — Asset Metadata	イリノイ州 メタデータ	us_state	opendata	en	usa,opendata,socrata,metadata,illinois	86400	Portal-side metadata for the assets hosted on data.illinois.gov: name, description, category, tags, attribution, licence, owner and provenance for each view.
us-socrata-discovery-austin	https://api.us.socrata.com/api/catalog/v1?limit=100&domains=data.austintexas.gov	json:results	3	City of Austin Open Data — Asset Discovery	オースティン市 データ資産一覧	us_state	registry	en	usa,opendata,socrata,discovery,austin	86400	Every dataset, chart, map, filtered view and file published on data.austintexas.gov, via the Socrata federated discovery API: identifier, owner, category, column schema and update time.
us-socrata-metadata-austin	https://data.austintexas.gov/api/views/metadata/v1?limit=100	json-array	100	City of Austin Open Data — Asset Metadata	オースティン市 メタデータ	us_state	opendata	en	usa,opendata,socrata,metadata,austin	86400	Portal-side metadata for the assets hosted on data.austintexas.gov: name, description, category, tags, attribution, licence, owner and provenance for each view.
us-socrata-discovery-texas	https://api.us.socrata.com/api/catalog/v1?limit=100&domains=data.texas.gov	json:results	100	State of Texas Open Data — Asset Discovery	テキサス州 データ資産一覧	us_state	registry	en	usa,opendata,socrata,discovery,texas	86400	Every dataset, chart, map, filtered view and file published on data.texas.gov, via the Socrata federated discovery API: identifier, owner, category, column schema and update time.
us-socrata-metadata-texas	https://data.texas.gov/api/views/metadata/v1?limit=100	json-array	100	State of Texas Open Data — Asset Metadata	テキサス州 メタデータ	us_state	opendata	en	usa,opendata,socrata,metadata,texas	86400	Portal-side metadata for the assets hosted on data.texas.gov: name, description, category, tags, attribution, licence, owner and provenance for each view.
us-socrata-discovery-dallas	https://api.us.socrata.com/api/catalog/v1?limit=100&domains=www.dallasopendata.com	json:results	100	City of Dallas Open Data — Asset Discovery	ダラス市 データ資産一覧	us_state	registry	en	usa,opendata,socrata,discovery,dallas	86400	Every dataset, chart, map, filtered view and file published on www.dallasopendata.com, via the Socrata federated discovery API: identifier, owner, category, column schema and update time.
us-socrata-metadata-dallas	https://www.dallasopendata.com/api/views/metadata/v1?limit=100	json-array	100	City of Dallas Open Data — Asset Metadata	ダラス市 メタデータ	us_state	opendata	en	usa,opendata,socrata,metadata,dallas	86400	Portal-side metadata for the assets hosted on www.dallasopendata.com: name, description, category, tags, attribution, licence, owner and provenance for each view.
us-socrata-discovery-seattle	https://api.us.socrata.com/api/catalog/v1?limit=100&domains=data.seattle.gov	json:results	100	City of Seattle Open Data — Asset Discovery	シアトル市 データ資産一覧	us_state	registry	en	usa,opendata,socrata,discovery,seattle	86400	Every dataset, chart, map, filtered view and file published on data.seattle.gov, via the Socrata federated discovery API: identifier, owner, category, column schema and update time.
us-socrata-metadata-seattle	https://data.seattle.gov/api/views/metadata/v1?limit=100	json-array	100	City of Seattle Open Data — Asset Metadata	シアトル市 メタデータ	us_state	opendata	en	usa,opendata,socrata,metadata,seattle	86400	Portal-side metadata for the assets hosted on data.seattle.gov: name, description, category, tags, attribution, licence, owner and provenance for each view.
us-socrata-discovery-kingcounty	https://api.us.socrata.com/api/catalog/v1?limit=100&domains=data.kingcounty.gov	json:results	100	King County Open Data — Asset Discovery	キング郡 データ資産一覧	us_state	registry	en	usa,opendata,socrata,discovery,kingcounty	86400	Every dataset, chart, map, filtered view and file published on data.kingcounty.gov, via the Socrata federated discovery API: identifier, owner, category, column schema and update time.
us-socrata-metadata-kingcounty	https://data.kingcounty.gov/api/views/metadata/v1?limit=100	json-array	100	King County Open Data — Asset Metadata	キング郡 メタデータ	us_state	opendata	en	usa,opendata,socrata,metadata,kingcounty	86400	Portal-side metadata for the assets hosted on data.kingcounty.gov: name, description, category, tags, attribution, licence, owner and provenance for each view.
us-socrata-discovery-washington	https://api.us.socrata.com/api/catalog/v1?limit=100&domains=data.wa.gov	json:results	100	Washington State Open Data — Asset Discovery	ワシントン州 データ資産一覧	us_state	registry	en	usa,opendata,socrata,discovery,washington	86400	Every dataset, chart, map, filtered view and file published on data.wa.gov, via the Socrata federated discovery API: identifier, owner, category, column schema and update time.
us-socrata-metadata-washington	https://data.wa.gov/api/views/metadata/v1?limit=100	json-array	100	Washington State Open Data — Asset Metadata	ワシントン州 メタデータ	us_state	opendata	en	usa,opendata,socrata,metadata,washington	86400	Portal-side metadata for the assets hosted on data.wa.gov: name, description, category, tags, attribution, licence, owner and provenance for each view.
us-socrata-discovery-oregon	https://api.us.socrata.com/api/catalog/v1?limit=100&domains=data.oregon.gov	json:results	100	State of Oregon Open Data — Asset Discovery	オレゴン州 データ資産一覧	us_state	registry	en	usa,opendata,socrata,discovery,oregon	86400	Every dataset, chart, map, filtered view and file published on data.oregon.gov, via the Socrata federated discovery API: identifier, owner, category, column schema and update time.
us-socrata-metadata-oregon	https://data.oregon.gov/api/views/metadata/v1?limit=100	json-array	100	State of Oregon Open Data — Asset Metadata	オレゴン州 メタデータ	us_state	opendata	en	usa,opendata,socrata,metadata,oregon	86400	Portal-side metadata for the assets hosted on data.oregon.gov: name, description, category, tags, attribution, licence, owner and provenance for each view.
us-socrata-discovery-losangeles	https://api.us.socrata.com/api/catalog/v1?limit=100&domains=data.lacity.org	json:results	100	City of Los Angeles Open Data — Asset Discovery	ロサンゼルス市 データ資産一覧	us_state	registry	en	usa,opendata,socrata,discovery,losangeles	86400	Every dataset, chart, map, filtered view and file published on data.lacity.org, via the Socrata federated discovery API: identifier, owner, category, column schema and update time.
us-socrata-metadata-losangeles	https://data.lacity.org/api/views/metadata/v1?limit=100	json-array	100	City of Los Angeles Open Data — Asset Metadata	ロサンゼルス市 メタデータ	us_state	opendata	en	usa,opendata,socrata,metadata,losangeles	86400	Portal-side metadata for the assets hosted on data.lacity.org: name, description, category, tags, attribution, licence, owner and provenance for each view.
us-socrata-discovery-sfgov	https://api.us.socrata.com/api/catalog/v1?limit=100&domains=data.sfgov.org	json:results	5	City of San Francisco Open Data — Asset Discovery	サンフランシスコ市 データ資産一覧	us_state	registry	en	usa,opendata,socrata,discovery,sfgov	86400	Every dataset, chart, map, filtered view and file published on data.sfgov.org, via the Socrata federated discovery API: identifier, owner, category, column schema and update time.
us-socrata-metadata-sfgov	https://data.sfgov.org/api/views/metadata/v1?limit=100	json-array	100	City of San Francisco Open Data — Asset Metadata	サンフランシスコ市 メタデータ	us_state	opendata	en	usa,opendata,socrata,metadata,sfgov	86400	Portal-side metadata for the assets hosted on data.sfgov.org: name, description, category, tags, attribution, licence, owner and provenance for each view.
us-socrata-discovery-oakland	https://api.us.socrata.com/api/catalog/v1?limit=100&domains=data.oaklandca.gov	json:results	100	City of Oakland Open Data — Asset Discovery	オークランド市 データ資産一覧	us_state	registry	en	usa,opendata,socrata,discovery,oakland	86400	Every dataset, chart, map, filtered view and file published on data.oaklandca.gov, via the Socrata federated discovery API: identifier, owner, category, column schema and update time.
us-socrata-metadata-oakland	https://data.oaklandca.gov/api/views/metadata/v1?limit=100	json-array	100	City of Oakland Open Data — Asset Metadata	オークランド市 メタデータ	us_state	opendata	en	usa,opendata,socrata,metadata,oakland	86400	Portal-side metadata for the assets hosted on data.oaklandca.gov: name, description, category, tags, attribution, licence, owner and provenance for each view.
us-socrata-discovery-colorado	https://api.us.socrata.com/api/catalog/v1?limit=100&domains=data.colorado.gov	json:results	100	State of Colorado Open Data — Asset Discovery	コロラド州 データ資産一覧	us_state	registry	en	usa,opendata,socrata,discovery,colorado	86400	Every dataset, chart, map, filtered view and file published on data.colorado.gov, via the Socrata federated discovery API: identifier, owner, category, column schema and update time.
us-socrata-metadata-colorado	https://data.colorado.gov/api/views/metadata/v1?limit=100	json-array	100	State of Colorado Open Data — Asset Metadata	コロラド州 メタデータ	us_state	opendata	en	usa,opendata,socrata,metadata,colorado	86400	Portal-side metadata for the assets hosted on data.colorado.gov: name, description, category, tags, attribution, licence, owner and provenance for each view.
us-socrata-discovery-maryland	https://api.us.socrata.com/api/catalog/v1?limit=100&domains=opendata.maryland.gov	json:results	100	State of Maryland Open Data — Asset Discovery	メリーランド州 データ資産一覧	us_state	registry	en	usa,opendata,socrata,discovery,maryland	86400	Every dataset, chart, map, filtered view and file published on opendata.maryland.gov, via the Socrata federated discovery API: identifier, owner, category, column schema and update time.
us-socrata-metadata-maryland	https://opendata.maryland.gov/api/views/metadata/v1?limit=100	json-array	100	State of Maryland Open Data — Asset Metadata	メリーランド州 メタデータ	us_state	opendata	en	usa,opendata,socrata,metadata,maryland	86400	Portal-side metadata for the assets hosted on opendata.maryland.gov: name, description, category, tags, attribution, licence, owner and provenance for each view.
us-socrata-discovery-montgomery	https://api.us.socrata.com/api/catalog/v1?limit=100&domains=data.montgomerycountymd.gov	json:results	100	Montgomery County Open Data — Asset Discovery	モンゴメリー郡 データ資産一覧	us_state	registry	en	usa,opendata,socrata,discovery,montgomery	86400	Every dataset, chart, map, filtered view and file published on data.montgomerycountymd.gov, via the Socrata federated discovery API: identifier, owner, category, column schema and update time.
us-socrata-metadata-montgomery	https://data.montgomerycountymd.gov/api/views/metadata/v1?limit=100	json-array	100	Montgomery County Open Data — Asset Metadata	モンゴメリー郡 メタデータ	us_state	opendata	en	usa,opendata,socrata,metadata,montgomery	86400	Portal-side metadata for the assets hosted on data.montgomerycountymd.gov: name, description, category, tags, attribution, licence, owner and provenance for each view.
us-socrata-discovery-connecticut	https://api.us.socrata.com/api/catalog/v1?limit=100&domains=data.ct.gov	json:results	100	State of Connecticut Open Data — Asset Discovery	コネチカット州 データ資産一覧	us_state	registry	en	usa,opendata,socrata,discovery,connecticut	86400	Every dataset, chart, map, filtered view and file published on data.ct.gov, via the Socrata federated discovery API: identifier, owner, category, column schema and update time.
us-socrata-metadata-connecticut	https://data.ct.gov/api/views/metadata/v1?limit=100	json-array	100	State of Connecticut Open Data — Asset Metadata	コネチカット州 メタデータ	us_state	opendata	en	usa,opendata,socrata,metadata,connecticut	86400	Portal-side metadata for the assets hosted on data.ct.gov: name, description, category, tags, attribution, licence, owner and provenance for each view.
us-socrata-discovery-delaware	https://api.us.socrata.com/api/catalog/v1?limit=100&domains=data.delaware.gov	json:results	100	State of Delaware Open Data — Asset Discovery	デラウェア州 データ資産一覧	us_state	registry	en	usa,opendata,socrata,discovery,delaware	86400	Every dataset, chart, map, filtered view and file published on data.delaware.gov, via the Socrata federated discovery API: identifier, owner, category, column schema and update time.
us-socrata-discovery-newjersey	https://api.us.socrata.com/api/catalog/v1?limit=100&domains=data.nj.gov	json:results	100	State of New Jersey Open Data — Asset Discovery	ニュージャージー州 データ資産一覧	us_state	registry	en	usa,opendata,socrata,discovery,newjersey	86400	Every dataset, chart, map, filtered view and file published on data.nj.gov, via the Socrata federated discovery API: identifier, owner, category, column schema and update time.
us-socrata-metadata-newjersey	https://data.nj.gov/api/views/metadata/v1?limit=100	json-array	100	State of New Jersey Open Data — Asset Metadata	ニュージャージー州 メタデータ	us_state	opendata	en	usa,opendata,socrata,metadata,newjersey	86400	Portal-side metadata for the assets hosted on data.nj.gov: name, description, category, tags, attribution, licence, owner and provenance for each view.
us-socrata-discovery-pennsylvania	https://api.us.socrata.com/api/catalog/v1?limit=100&domains=data.pa.gov	json:results	100	Commonwealth of Pennsylvania Open Data — Asset Discovery	ペンシルベニア州 データ資産一覧	us_state	registry	en	usa,opendata,socrata,discovery,pennsylvania	86400	Every dataset, chart, map, filtered view and file published on data.pa.gov, via the Socrata federated discovery API: identifier, owner, category, column schema and update time.
us-socrata-metadata-pennsylvania	https://data.pa.gov/api/views/metadata/v1?limit=100	json-array	100	Commonwealth of Pennsylvania Open Data — Asset Metadata	ペンシルベニア州 メタデータ	us_state	opendata	en	usa,opendata,socrata,metadata,pennsylvania	86400	Portal-side metadata for the assets hosted on data.pa.gov: name, description, category, tags, attribution, licence, owner and provenance for each view.
us-socrata-discovery-michigan	https://api.us.socrata.com/api/catalog/v1?limit=100&domains=data.michigan.gov	json:results	100	State of Michigan Open Data — Asset Discovery	ミシガン州 データ資産一覧	us_state	registry	en	usa,opendata,socrata,discovery,michigan	86400	Every dataset, chart, map, filtered view and file published on data.michigan.gov, via the Socrata federated discovery API: identifier, owner, category, column schema and update time.
us-socrata-metadata-michigan	https://data.michigan.gov/api/views/metadata/v1?limit=100	json-array	100	State of Michigan Open Data — Asset Metadata	ミシガン州 メタデータ	us_state	opendata	en	usa,opendata,socrata,metadata,michigan	86400	Portal-side metadata for the assets hosted on data.michigan.gov: name, description, category, tags, attribution, licence, owner and provenance for each view.
us-socrata-discovery-missouri	https://api.us.socrata.com/api/catalog/v1?limit=100&domains=data.mo.gov	json:results	100	State of Missouri Open Data — Asset Discovery	ミズーリ州 データ資産一覧	us_state	registry	en	usa,opendata,socrata,discovery,missouri	86400	Every dataset, chart, map, filtered view and file published on data.mo.gov, via the Socrata federated discovery API: identifier, owner, category, column schema and update time.
us-socrata-metadata-missouri	https://data.mo.gov/api/views/metadata/v1?limit=100	json-array	100	State of Missouri Open Data — Asset Metadata	ミズーリ州 メタデータ	us_state	opendata	en	usa,opendata,socrata,metadata,missouri	86400	Portal-side metadata for the assets hosted on data.mo.gov: name, description, category, tags, attribution, licence, owner and provenance for each view.
us-socrata-discovery-kansascity	https://api.us.socrata.com/api/catalog/v1?limit=100&domains=data.kcmo.org	json:results	100	Kansas City Open Data — Asset Discovery	カンザスシティ データ資産一覧	us_state	registry	en	usa,opendata,socrata,discovery,kansascity	86400	Every dataset, chart, map, filtered view and file published on data.kcmo.org, via the Socrata federated discovery API: identifier, owner, category, column schema and update time.
us-socrata-metadata-kansascity	https://data.kcmo.org/api/views/metadata/v1?limit=100	json-array	100	Kansas City Open Data — Asset Metadata	カンザスシティ メタデータ	us_state	opendata	en	usa,opendata,socrata,metadata,kansascity	86400	Portal-side metadata for the assets hosted on data.kcmo.org: name, description, category, tags, attribution, licence, owner and provenance for each view.
us-socrata-discovery-cambridge	https://api.us.socrata.com/api/catalog/v1?limit=100&domains=data.cambridgema.gov	json:results	100	City of Cambridge Open Data — Asset Discovery	ケンブリッジ市 データ資産一覧	us_state	registry	en	usa,opendata,socrata,discovery,cambridge	86400	Every dataset, chart, map, filtered view and file published on data.cambridgema.gov, via the Socrata federated discovery API: identifier, owner, category, column schema and update time.
us-socrata-metadata-cambridge	https://data.cambridgema.gov/api/views/metadata/v1?limit=100	json-array	100	City of Cambridge Open Data — Asset Metadata	ケンブリッジ市 メタデータ	us_state	opendata	en	usa,opendata,socrata,metadata,cambridge	86400	Portal-side metadata for the assets hosted on data.cambridgema.gov: name, description, category, tags, attribution, licence, owner and provenance for each view.
us-socrata-discovery-cdc	https://api.us.socrata.com/api/catalog/v1?limit=100&domains=data.cdc.gov	json:results	100	US CDC Open Data — Asset Discovery	米国CDC データ資産一覧	us_state	registry	en	usa,opendata,socrata,discovery,cdc	86400	Every dataset, chart, map, filtered view and file published on data.cdc.gov, via the Socrata federated discovery API: identifier, owner, category, column schema and update time.
us-socrata-metadata-cdc	https://data.cdc.gov/api/views/metadata/v1?limit=100	json-array	100	US CDC Open Data — Asset Metadata	米国CDC メタデータ	us_state	opendata	en	usa,opendata,socrata,metadata,cdc	86400	Portal-side metadata for the assets hosted on data.cdc.gov: name, description, category, tags, attribution, licence, owner and provenance for each view.
us-socrata-discovery-chronicdata	https://api.us.socrata.com/api/catalog/v1?limit=100&domains=chronicdata.cdc.gov	json:results	100	US CDC Chronic Disease Data — Asset Discovery	米国CDC 慢性疾患 データ資産一覧	us_state	registry	en	usa,opendata,socrata,discovery,chronicdata	86400	Every dataset, chart, map, filtered view and file published on chronicdata.cdc.gov, via the Socrata federated discovery API: identifier, owner, category, column schema and update time.
us-socrata-metadata-chronicdata	https://chronicdata.cdc.gov/api/views/metadata/v1?limit=100	json-array	100	US CDC Chronic Disease Data — Asset Metadata	米国CDC 慢性疾患 メタデータ	us_state	opendata	en	usa,opendata,socrata,metadata,chronicdata	86400	Portal-side metadata for the assets hosted on chronicdata.cdc.gov: name, description, category, tags, attribution, licence, owner and provenance for each view.
us-socrata-discovery-healthdata	https://api.us.socrata.com/api/catalog/v1?limit=100&domains=healthdata.gov	json:results	100	US HealthData.gov — Asset Discovery	米国保健データ データ資産一覧	us_state	registry	en	usa,opendata,socrata,discovery,healthdata	86400	Every dataset, chart, map, filtered view and file published on healthdata.gov, via the Socrata federated discovery API: identifier, owner, category, column schema and update time.
us-socrata-metadata-healthdata	https://healthdata.gov/api/views/metadata/v1?limit=100	json-array	100	US HealthData.gov — Asset Metadata	米国保健データ メタデータ	us_state	opendata	en	usa,opendata,socrata,metadata,healthdata	86400	Portal-side metadata for the assets hosted on healthdata.gov: name, description, category, tags, attribution, licence, owner and provenance for each view.
us-socrata-discovery-fcc	https://api.us.socrata.com/api/catalog/v1?limit=100&domains=opendata.fcc.gov	json:results	100	US FCC Open Data — Asset Discovery	米国FCC データ資産一覧	us_state	registry	en	usa,opendata,socrata,discovery,fcc	86400	Every dataset, chart, map, filtered view and file published on opendata.fcc.gov, via the Socrata federated discovery API: identifier, owner, category, column schema and update time.
us-socrata-metadata-fcc	https://opendata.fcc.gov/api/views/metadata/v1?limit=100	json-array	100	US FCC Open Data — Asset Metadata	米国FCC メタデータ	us_state	opendata	en	usa,opendata,socrata,metadata,fcc	86400	Portal-side metadata for the assets hosted on opendata.fcc.gov: name, description, category, tags, attribution, licence, owner and provenance for each view.
us-socrata-discovery-dot	https://api.us.socrata.com/api/catalog/v1?limit=100&domains=data.transportation.gov	json:results	3	US DOT Open Data — Asset Discovery	米国運輸省 データ資産一覧	us_state	registry	en	usa,opendata,socrata,discovery,dot	86400	Every dataset, chart, map, filtered view and file published on data.transportation.gov, via the Socrata federated discovery API: identifier, owner, category, column schema and update time.
us-socrata-metadata-dot	https://data.transportation.gov/api/views/metadata/v1?limit=100	json-array	100	US DOT Open Data — Asset Metadata	米国運輸省 メタデータ	us_state	opendata	en	usa,opendata,socrata,metadata,dot	86400	Portal-side metadata for the assets hosted on data.transportation.gov: name, description, category, tags, attribution, licence, owner and provenance for each view.
us-socrata-discovery-bts	https://api.us.socrata.com/api/catalog/v1?limit=100&domains=data.bts.gov	json:results	100	US Bureau of Transportation Statistics — Asset Discovery	米国運輸統計局 データ資産一覧	us_state	registry	en	usa,opendata,socrata,discovery,bts	86400	Every dataset, chart, map, filtered view and file published on data.bts.gov, via the Socrata federated discovery API: identifier, owner, category, column schema and update time.
us-socrata-metadata-bts	https://data.bts.gov/api/views/metadata/v1?limit=100	json-array	100	US Bureau of Transportation Statistics — Asset Metadata	米国運輸統計局 メタデータ	us_state	opendata	en	usa,opendata,socrata,metadata,bts	86400	Portal-side metadata for the assets hosted on data.bts.gov: name, description, category, tags, attribution, licence, owner and provenance for each view.
us-caltrans-cctv-d01	https://cwwp2.dot.ca.gov/data/d1/cctv/cctvStatusD01.json	json:data	145	Caltrans CCTV Cameras — District 01 (Eureka / North Coast)	カリフォルニア州道路カメラ 第01管区	us_cameras	cameras	en	usa,california,camera,cctv,roadway,d01	1800	Every Caltrans traffic camera in District 01 (Eureka / North Coast): location name, route and postmile, latitude/longitude, in-service state and the current still-image and stream URLs.
us-caltrans-cms-d01	https://cwwp2.dot.ca.gov/data/d1/cms/cmsStatusD01.json	json:data	28	Caltrans Changeable Message Signs — District 01 (Eureka / North Coast)	カリフォルニア州可変情報板 第01管区	us_cameras	transport	en	usa,california,roadway,signage,d01	1800	Live text displayed on every changeable message sign in Caltrans District 01 (Eureka / North Coast), with sign location and coordinates — a running feed of incidents and closures.
us-caltrans-lcs-d01	https://cwwp2.dot.ca.gov/data/d1/lcs/lcsStatusD01.json	json:data	570	Caltrans Lane Closures — District 01 (Eureka / North Coast)	カリフォルニア州車線規制 第01管区	us_cameras	transport	en	usa,california,roadway,closure,d01	1800	Active and planned lane closures in Caltrans District 01 (Eureka / North Coast): route, postmile range, work type, schedule and the closure's coordinates.
us-caltrans-cctv-d02	https://cwwp2.dot.ca.gov/data/d2/cctv/cctvStatusD02.json	json:data	91	Caltrans CCTV Cameras — District 02 (Redding / Northeast)	カリフォルニア州道路カメラ 第02管区	us_cameras	cameras	en	usa,california,camera,cctv,roadway,d02	1800	Every Caltrans traffic camera in District 02 (Redding / Northeast): location name, route and postmile, latitude/longitude, in-service state and the current still-image and stream URLs.
us-caltrans-cms-d02	https://cwwp2.dot.ca.gov/data/d2/cms/cmsStatusD02.json	json:data	44	Caltrans Changeable Message Signs — District 02 (Redding / Northeast)	カリフォルニア州可変情報板 第02管区	us_cameras	transport	en	usa,california,roadway,signage,d02	1800	Live text displayed on every changeable message sign in Caltrans District 02 (Redding / Northeast), with sign location and coordinates — a running feed of incidents and closures.
us-caltrans-lcs-d02	https://cwwp2.dot.ca.gov/data/d2/lcs/lcsStatusD02.json	json:data	198	Caltrans Lane Closures — District 02 (Redding / Northeast)	カリフォルニア州車線規制 第02管区	us_cameras	transport	en	usa,california,roadway,closure,d02	1800	Active and planned lane closures in Caltrans District 02 (Redding / Northeast): route, postmile range, work type, schedule and the closure's coordinates.
us-caltrans-cctv-d03	https://cwwp2.dot.ca.gov/data/d3/cctv/cctvStatusD03.json	json:data	276	Caltrans CCTV Cameras — District 03 (Marysville / Sacramento Valley)	カリフォルニア州道路カメラ 第03管区	us_cameras	cameras	en	usa,california,camera,cctv,roadway,d03	1800	Every Caltrans traffic camera in District 03 (Marysville / Sacramento Valley): location name, route and postmile, latitude/longitude, in-service state and the current still-image and stream URLs.
us-caltrans-cms-d03	https://cwwp2.dot.ca.gov/data/d3/cms/cmsStatusD03.json	json:data	108	Caltrans Changeable Message Signs — District 03 (Marysville / Sacramento Valley)	カリフォルニア州可変情報板 第03管区	us_cameras	transport	en	usa,california,roadway,signage,d03	1800	Live text displayed on every changeable message sign in Caltrans District 03 (Marysville / Sacramento Valley), with sign location and coordinates — a running feed of incidents and closures.
us-caltrans-lcs-d03	https://cwwp2.dot.ca.gov/data/d3/lcs/lcsStatusD03.json	json:data	919	Caltrans Lane Closures — District 03 (Marysville / Sacramento Valley)	カリフォルニア州車線規制 第03管区	us_cameras	transport	en	usa,california,roadway,closure,d03	1800	Active and planned lane closures in Caltrans District 03 (Marysville / Sacramento Valley): route, postmile range, work type, schedule and the closure's coordinates.
us-caltrans-cctv-d04	https://cwwp2.dot.ca.gov/data/d4/cctv/cctvStatusD04.json	json:data	744	Caltrans CCTV Cameras — District 04 (Bay Area / Oakland)	カリフォルニア州道路カメラ 第04管区	us_cameras	cameras	en	usa,california,camera,cctv,roadway,d04	1800	Every Caltrans traffic camera in District 04 (Bay Area / Oakland): location name, route and postmile, latitude/longitude, in-service state and the current still-image and stream URLs.
us-caltrans-cms-d04	https://cwwp2.dot.ca.gov/data/d4/cms/cmsStatusD04.json	json:data	189	Caltrans Changeable Message Signs — District 04 (Bay Area / Oakland)	カリフォルニア州可変情報板 第04管区	us_cameras	transport	en	usa,california,roadway,signage,d04	1800	Live text displayed on every changeable message sign in Caltrans District 04 (Bay Area / Oakland), with sign location and coordinates — a running feed of incidents and closures.
us-caltrans-lcs-d04	https://cwwp2.dot.ca.gov/data/d4/lcs/lcsStatusD04.json	json:data	1237	Caltrans Lane Closures — District 04 (Bay Area / Oakland)	カリフォルニア州車線規制 第04管区	us_cameras	transport	en	usa,california,roadway,closure,d04	1800	Active and planned lane closures in Caltrans District 04 (Bay Area / Oakland): route, postmile range, work type, schedule and the closure's coordinates.
us-caltrans-cctv-d05	https://cwwp2.dot.ca.gov/data/d5/cctv/cctvStatusD05.json	json:data	180	Caltrans CCTV Cameras — District 05 (San Luis Obispo / Central Coast)	カリフォルニア州道路カメラ 第05管区	us_cameras	cameras	en	usa,california,camera,cctv,roadway,d05	1800	Every Caltrans traffic camera in District 05 (San Luis Obispo / Central Coast): location name, route and postmile, latitude/longitude, in-service state and the current still-image and stream URLs.
us-caltrans-cms-d05	https://cwwp2.dot.ca.gov/data/d5/cms/cmsStatusD05.json	json:data	22	Caltrans Changeable Message Signs — District 05 (San Luis Obispo / Central Coast)	カリフォルニア州可変情報板 第05管区	us_cameras	transport	en	usa,california,roadway,signage,d05	1800	Live text displayed on every changeable message sign in Caltrans District 05 (San Luis Obispo / Central Coast), with sign location and coordinates — a running feed of incidents and closures.
us-caltrans-lcs-d05	https://cwwp2.dot.ca.gov/data/d5/lcs/lcsStatusD05.json	json:data	596	Caltrans Lane Closures — District 05 (San Luis Obispo / Central Coast)	カリフォルニア州車線規制 第05管区	us_cameras	transport	en	usa,california,roadway,closure,d05	1800	Active and planned lane closures in Caltrans District 05 (San Luis Obispo / Central Coast): route, postmile range, work type, schedule and the closure's coordinates.
us-caltrans-cctv-d06	https://cwwp2.dot.ca.gov/data/d6/cctv/cctvStatusD06.json	json:data	128	Caltrans CCTV Cameras — District 06 (Fresno / South Valley)	カリフォルニア州道路カメラ 第06管区	us_cameras	cameras	en	usa,california,camera,cctv,roadway,d06	1800	Every Caltrans traffic camera in District 06 (Fresno / South Valley): location name, route and postmile, latitude/longitude, in-service state and the current still-image and stream URLs.
us-caltrans-cms-d06	https://cwwp2.dot.ca.gov/data/d6/cms/cmsStatusD06.json	json:data	118	Caltrans Changeable Message Signs — District 06 (Fresno / South Valley)	カリフォルニア州可変情報板 第06管区	us_cameras	transport	en	usa,california,roadway,signage,d06	1800	Live text displayed on every changeable message sign in Caltrans District 06 (Fresno / South Valley), with sign location and coordinates — a running feed of incidents and closures.
us-caltrans-lcs-d06	https://cwwp2.dot.ca.gov/data/d6/lcs/lcsStatusD06.json	json:data	922	Caltrans Lane Closures — District 06 (Fresno / South Valley)	カリフォルニア州車線規制 第06管区	us_cameras	transport	en	usa,california,roadway,closure,d06	1800	Active and planned lane closures in Caltrans District 06 (Fresno / South Valley): route, postmile range, work type, schedule and the closure's coordinates.
us-caltrans-cctv-d07	https://cwwp2.dot.ca.gov/data/d7/cctv/cctvStatusD07.json	json:data	570	Caltrans CCTV Cameras — District 07 (Los Angeles / Ventura)	カリフォルニア州道路カメラ 第07管区	us_cameras	cameras	en	usa,california,camera,cctv,roadway,d07	1800	Every Caltrans traffic camera in District 07 (Los Angeles / Ventura): location name, route and postmile, latitude/longitude, in-service state and the current still-image and stream URLs.
us-caltrans-cms-d07	https://cwwp2.dot.ca.gov/data/d7/cms/cmsStatusD07.json	json:data	145	Caltrans Changeable Message Signs — District 07 (Los Angeles / Ventura)	カリフォルニア州可変情報板 第07管区	us_cameras	transport	en	usa,california,roadway,signage,d07	1800	Live text displayed on every changeable message sign in Caltrans District 07 (Los Angeles / Ventura), with sign location and coordinates — a running feed of incidents and closures.
us-caltrans-cctv-d08	https://cwwp2.dot.ca.gov/data/d8/cctv/cctvStatusD08.json	json:data	503	Caltrans CCTV Cameras — District 08 (San Bernardino / Riverside)	カリフォルニア州道路カメラ 第08管区	us_cameras	cameras	en	usa,california,camera,cctv,roadway,d08	1800	Every Caltrans traffic camera in District 08 (San Bernardino / Riverside): location name, route and postmile, latitude/longitude, in-service state and the current still-image and stream URLs.
us-caltrans-cms-d08	https://cwwp2.dot.ca.gov/data/d8/cms/cmsStatusD08.json	json:data	95	Caltrans Changeable Message Signs — District 08 (San Bernardino / Riverside)	カリフォルニア州可変情報板 第08管区	us_cameras	transport	en	usa,california,roadway,signage,d08	1800	Live text displayed on every changeable message sign in Caltrans District 08 (San Bernardino / Riverside), with sign location and coordinates — a running feed of incidents and closures.
us-caltrans-lcs-d08	https://cwwp2.dot.ca.gov/data/d8/lcs/lcsStatusD08.json	json:data	1285	Caltrans Lane Closures — District 08 (San Bernardino / Riverside)	カリフォルニア州車線規制 第08管区	us_cameras	transport	en	usa,california,roadway,closure,d08	1800	Active and planned lane closures in Caltrans District 08 (San Bernardino / Riverside): route, postmile range, work type, schedule and the closure's coordinates.
us-caltrans-cctv-d09	https://cwwp2.dot.ca.gov/data/d9/cctv/cctvStatusD09.json	json:data	23	Caltrans CCTV Cameras — District 09 (Bishop / Eastern Sierra)	カリフォルニア州道路カメラ 第09管区	us_cameras	cameras	en	usa,california,camera,cctv,roadway,d09	1800	Every Caltrans traffic camera in District 09 (Bishop / Eastern Sierra): location name, route and postmile, latitude/longitude, in-service state and the current still-image and stream URLs.
us-caltrans-cms-d09	https://cwwp2.dot.ca.gov/data/d9/cms/cmsStatusD09.json	json:data	15	Caltrans Changeable Message Signs — District 09 (Bishop / Eastern Sierra)	カリフォルニア州可変情報板 第09管区	us_cameras	transport	en	usa,california,roadway,signage,d09	1800	Live text displayed on every changeable message sign in Caltrans District 09 (Bishop / Eastern Sierra), with sign location and coordinates — a running feed of incidents and closures.
us-caltrans-lcs-d09	https://cwwp2.dot.ca.gov/data/d9/lcs/lcsStatusD09.json	json:data	51	Caltrans Lane Closures — District 09 (Bishop / Eastern Sierra)	カリフォルニア州車線規制 第09管区	us_cameras	transport	en	usa,california,roadway,closure,d09	1800	Active and planned lane closures in Caltrans District 09 (Bishop / Eastern Sierra): route, postmile range, work type, schedule and the closure's coordinates.
us-caltrans-cctv-d10	https://cwwp2.dot.ca.gov/data/d10/cctv/cctvStatusD10.json	json:data	154	Caltrans CCTV Cameras — District 10 (Stockton / Central Valley)	カリフォルニア州道路カメラ 第10管区	us_cameras	cameras	en	usa,california,camera,cctv,roadway,d10	1800	Every Caltrans traffic camera in District 10 (Stockton / Central Valley): location name, route and postmile, latitude/longitude, in-service state and the current still-image and stream URLs.
us-caltrans-cms-d10	https://cwwp2.dot.ca.gov/data/d10/cms/cmsStatusD10.json	json:data	107	Caltrans Changeable Message Signs — District 10 (Stockton / Central Valley)	カリフォルニア州可変情報板 第10管区	us_cameras	transport	en	usa,california,roadway,signage,d10	1800	Live text displayed on every changeable message sign in Caltrans District 10 (Stockton / Central Valley), with sign location and coordinates — a running feed of incidents and closures.
us-caltrans-lcs-d10	https://cwwp2.dot.ca.gov/data/d10/lcs/lcsStatusD10.json	json:data	649	Caltrans Lane Closures — District 10 (Stockton / Central Valley)	カリフォルニア州車線規制 第10管区	us_cameras	transport	en	usa,california,roadway,closure,d10	1800	Active and planned lane closures in Caltrans District 10 (Stockton / Central Valley): route, postmile range, work type, schedule and the closure's coordinates.
us-caltrans-cctv-d11	https://cwwp2.dot.ca.gov/data/d11/cctv/cctvStatusD11.json	json:data	324	Caltrans CCTV Cameras — District 11 (San Diego / Imperial)	カリフォルニア州道路カメラ 第11管区	us_cameras	cameras	en	usa,california,camera,cctv,roadway,d11	1800	Every Caltrans traffic camera in District 11 (San Diego / Imperial): location name, route and postmile, latitude/longitude, in-service state and the current still-image and stream URLs.
us-caltrans-cms-d11	https://cwwp2.dot.ca.gov/data/d11/cms/cmsStatusD11.json	json:data	80	Caltrans Changeable Message Signs — District 11 (San Diego / Imperial)	カリフォルニア州可変情報板 第11管区	us_cameras	transport	en	usa,california,roadway,signage,d11	1800	Live text displayed on every changeable message sign in Caltrans District 11 (San Diego / Imperial), with sign location and coordinates — a running feed of incidents and closures.
us-caltrans-lcs-d11	https://cwwp2.dot.ca.gov/data/d11/lcs/lcsStatusD11.json	json:data	372	Caltrans Lane Closures — District 11 (San Diego / Imperial)	カリフォルニア州車線規制 第11管区	us_cameras	transport	en	usa,california,roadway,closure,d11	1800	Active and planned lane closures in Caltrans District 11 (San Diego / Imperial): route, postmile range, work type, schedule and the closure's coordinates.
us-caltrans-cctv-d12	https://cwwp2.dot.ca.gov/data/d12/cctv/cctvStatusD12.json	json:data	385	Caltrans CCTV Cameras — District 12 (Orange County)	カリフォルニア州道路カメラ 第12管区	us_cameras	cameras	en	usa,california,camera,cctv,roadway,d12	1800	Every Caltrans traffic camera in District 12 (Orange County): location name, route and postmile, latitude/longitude, in-service state and the current still-image and stream URLs.
us-caltrans-cms-d12	https://cwwp2.dot.ca.gov/data/d12/cms/cmsStatusD12.json	json:data	67	Caltrans Changeable Message Signs — District 12 (Orange County)	カリフォルニア州可変情報板 第12管区	us_cameras	transport	en	usa,california,roadway,signage,d12	1800	Live text displayed on every changeable message sign in Caltrans District 12 (Orange County), with sign location and coordinates — a running feed of incidents and closures.
us-caltrans-lcs-d12	https://cwwp2.dot.ca.gov/data/d12/lcs/lcsStatusD12.json	json:data	898	Caltrans Lane Closures — District 12 (Orange County)	カリフォルニア州車線規制 第12管区	us_cameras	transport	en	usa,california,roadway,closure,d12	1800	Active and planned lane closures in Caltrans District 12 (Orange County): route, postmile range, work type, schedule and the closure's coordinates.
