id	url	kind	items	name	name_ja	collector	category	lang	tags	interval	description
gov-federalregister-docs	https://www.federalregister.gov/api/v1/documents.json?per_page=100&order=newest	json:results	100	US Federal Register — Newest Documents	米国連邦官報 最新文書	government	gazette	en	usa,gazette,regulation,rulemaking	3600	Every rule, proposed rule and notice published in the US Federal Register, newest first, with agency and docket metadata.
gov-federalregister-pi	https://www.federalregister.gov/api/v1/public-inspection-documents/current.json	json:results	80	US Federal Register — Public Inspection	米国連邦官報 事前公開文書	government	gazette	en	usa,gazette,regulation,earlywarning	3600	Documents filed for public inspection before formal Federal Register publication — the earliest sight of new US rules.
gov-federalregister-agencies	https://www.federalregister.gov/api/v1/agencies.json	json-array	472	US Federal Register — Agency Registry	米国連邦官報 発行機関一覧	government	registry	en	usa,registry,agencies	86400	Canonical list of 472 US federal agencies and sub-agencies that publish in the Federal Register.
gov-govinfo-bills	https://www.govinfo.gov/rss/bills.xml	rss	100	GovInfo — Congressional Bills	米国連邦議会 法案	legal	parliament	en	usa,legislation,bills,congress	3600	Newly published US House and Senate bill texts from the Government Publishing Office.
gov-govinfo-plaw	https://www.govinfo.gov/rss/plaw.xml	rss	100	GovInfo — Public Laws	米国 成立法律	legal	parliament	en	usa,legislation,statute	86400	Public Laws as enacted, published by the US Government Publishing Office.
gov-govinfo-fr	https://www.govinfo.gov/rss/fr.xml	rss	100	GovInfo — Federal Register Issues	米国連邦官報 発行号	government	gazette	en	usa,gazette,regulation	3600	Daily Federal Register issues as released on GovInfo.
gov-govinfo-dcpd	https://www.govinfo.gov/rss/dcpd.xml	rss	99	GovInfo — Presidential Documents	米国大統領文書集	government	gazette	en	usa,president,executive,proclamations	86400	Compilation of Presidential Documents: executive orders, proclamations, remarks and memoranda.
gov-govinfo-chrg	https://www.govinfo.gov/rss/chrg.xml	rss	100	GovInfo — Congressional Hearings	米国連邦議会 公聴会記録	legal	parliament	en	usa,congress,hearings,transcripts	86400	Full transcripts of US Congressional committee hearings as published.
gov-govinfo-budget	https://www.govinfo.gov/rss/budget.xml	rss	99	GovInfo — US Budget Documents	米国連邦予算文書	government	statistics	en	usa,budget,fiscal	86400	Budget of the United States Government documents and appendices.
gov-govinfo-cdoc	https://www.govinfo.gov/rss/cdoc.xml	rss	100	GovInfo — Congressional Documents	米国連邦議会 文書	legal	parliament	en	usa,congress,documents	86400	Congressional documents submitted to the House and Senate.
gov-govinfo-cfr	https://www.govinfo.gov/rss/cfr.xml	rss	100	GovInfo — Code of Federal Regulations	米国連邦規則集	legal	regulator	en	usa,regulation,cfr,codified	86400	Annual and updated titles of the US Code of Federal Regulations.
gov-govinfo-comps	https://www.govinfo.gov/rss/comps.xml	rss	100	GovInfo — Statute Compilations	米国 法令編纂集	legal	parliament	en	usa,statute,compilation	86400	Compilations of statutes as amended, prepared by the House Office of the Law Revision Counsel.
gov-govinfo-cprt	https://www.govinfo.gov/rss/cprt.xml	rss	99	GovInfo — Congressional Committee Prints	米国議会委員会印刷物	legal	parliament	en	usa,congress,committee	86400	Committee prints: staff studies and background reports prepared for US Congressional committees.
gov-govinfo-crec	https://www.govinfo.gov/rss/crec.xml	rss	100	GovInfo — Congressional Record	米国連邦議会議事録	legal	parliament	en	usa,congress,hansard,debates	3600	The daily Congressional Record — verbatim proceedings of the US House and Senate.
gov-govinfo-crpt	https://www.govinfo.gov/rss/crpt.xml	rss	100	GovInfo — Congressional Reports	米国連邦議会 報告書	legal	parliament	en	usa,congress,reports	86400	House and Senate committee reports accompanying legislation.
gov-govinfo-gaoreports	https://www.govinfo.gov/rss/gaoreports.xml	rss	54	GovInfo — GAO Reports	米国会計検査院 報告書	government	transparency	en	usa,audit,oversight,gao	86400	Government Accountability Office audit and oversight reports as published on GovInfo.
gov-govinfo-hob	https://www.govinfo.gov/rss/hob.xml	rss	44	GovInfo — History of Bills	米国 法案審議経過	legal	parliament	en	usa,congress,legislative-history	86400	History of Bills: procedural action trail for legislation before the US Congress.
gov-govinfo-statute	https://www.govinfo.gov/rss/statute.xml	rss	100	GovInfo — Statutes at Large	米国 法令全書	legal	parliament	en	usa,statute,statutes-at-large	86400	United States Statutes at Large, the permanent collection of enacted federal law.
gov-govinfo-uscode	https://www.govinfo.gov/rss/uscode.xml	rss	100	GovInfo — United States Code	米国 合衆国法典	legal	parliament	en	usa,statute,uscode,codified	86400	Newly released titles and sections of the codified United States Code.
gov-congress-most-viewed	https://www.congress.gov/rss/most-viewed-bills.xml	rss	1	Congress.gov — Most-Viewed Bills	米国議会 閲覧上位法案	legal	parliament	en	usa,congress,bills,attention	86400	Weekly ranking of the bills the public is reading most on congress.gov — a cheap attention signal on US legislation.
gov-govtrack-bills	https://www.govtrack.us/api/v2/bill?limit=50&order_by=-current_status_date	json:objects	50	GovTrack — US Bill Status	GovTrack 米国法案ステータス	legal	parliament	en	usa,congress,bills,status	3600	Structured status changes for US federal bills, ordered by most recent action.
gov-govtrack-votes	https://www.govtrack.us/api/v2/vote?limit=50&order_by=-created	json:objects	50	GovTrack — US Congressional Votes	GovTrack 米国議会採決	legal	parliament	en	usa,congress,votes,rollcall	3600	Roll-call votes in the US House and Senate with chamber, result and question.
gov-govtrack-roles	https://www.govtrack.us/api/v2/role?limit=50&current=true	json:objects	50	GovTrack — Sitting Members of Congress	GovTrack 現職議員一覧	legal	parliament	en	usa,congress,members,pep	86400	Current US Senators and Representatives with party, state and term dates.
gov-sec-speeches	https://www.sec.gov/news/speeches-statements.rss	rss	25	SEC — Speeches and Statements	米国SEC 講演・声明	finance	regulator	en	usa,sec,securities,regulator	3600	Speeches and public statements by US Securities and Exchange Commission officials.
gov-cftc-press	https://www.cftc.gov/RSS/RSSGP/rssgp.xml	rss	10	CFTC — Press Releases	米国CFTC 報道発表	finance	regulator	en	usa,cftc,derivatives,regulator	3600	Press releases from the US Commodity Futures Trading Commission.
gov-occ-bulletins	https://www.occ.gov/rss/occ_bulletins.xml	rss	10	OCC — Supervisory Bulletins	米国通貨監督庁 監督通達	finance	regulator	en	usa,occ,banking,supervision	86400	Bulletins issued by the Office of the Comptroller of the Currency to national banks.
gov-fed-speeches	https://www.federalreserve.gov/feeds/speeches.xml	rss	15	Federal Reserve — Speeches	FRB 講演	finance	regulator	en	usa,fed,centralbank,speeches	3600	Speeches by Federal Reserve Board governors and the Chair.
gov-fed-testimony	https://www.federalreserve.gov/feeds/testimony.xml	rss	15	Federal Reserve — Congressional Testimony	FRB 議会証言	finance	regulator	en	usa,fed,centralbank,testimony	3600	Federal Reserve testimony delivered to US Congressional committees.
gov-fed-press-bcreg	https://www.federalreserve.gov/feeds/press_bcreg.xml	rss	15	Federal Reserve — Banking Supervision Releases	FRB 銀行監督発表	finance	regulator	en	usa,fed,banking,supervision	3600	Federal Reserve announcements on banking supervision and regulation.
gov-fed-press-monetary	https://www.federalreserve.gov/feeds/press_monetary.xml	rss	15	Federal Reserve — Monetary Policy Releases	FRB 金融政策発表	finance	regulator	en	usa,fed,monetary,fomc	3600	FOMC statements, minutes and other monetary policy announcements.
gov-fed-press-orders	https://www.federalreserve.gov/feeds/press_orders.xml	rss	15	Federal Reserve — Orders on Banking Applications	FRB 銀行申請認可命令	finance	regulator	en	usa,fed,mergers,applications	3600	Federal Reserve orders approving or denying bank mergers, acquisitions and formations.
gov-fed-press-other	https://www.federalreserve.gov/feeds/press_other.xml	rss	15	Federal Reserve — Other Announcements	FRB その他発表	finance	regulator	en	usa,fed,announcements	3600	Federal Reserve announcements outside monetary policy and supervision.
gov-fed-h15	https://www.federalreserve.gov/feeds/h15.xml	rss	79	Federal Reserve H.15 — Selected Interest Rates	FRB H.15 主要金利	finance	statistics	en	usa,fed,rates,timeseries	86400	Daily release of selected US interest rates including Treasury yields and SOFR-linked series.
gov-fed-h41	https://www.federalreserve.gov/feeds/h41.xml	rss	120	Federal Reserve H.4.1 — Balance Sheet	FRB H.4.1 バランスシート	finance	statistics	en	usa,fed,balancesheet,timeseries	86400	Weekly Federal Reserve balance sheet: factors affecting reserve balances.
gov-fed-h8	https://www.federalreserve.gov/feeds/h8.xml	rss	72	Federal Reserve H.8 — Commercial Bank Assets	FRB H.8 商業銀行資産	finance	statistics	en	usa,fed,banking,timeseries	86400	Weekly assets and liabilities of US commercial banks.
gov-fed-g19	https://www.federalreserve.gov/feeds/g19.xml	rss	44	Federal Reserve G.19 — Consumer Credit	FRB G.19 消費者信用	finance	statistics	en	usa,fed,credit,timeseries	86400	Monthly US consumer credit outstanding by type and holder.
gov-fed-z1	https://www.federalreserve.gov/feeds/z1.xml	rss	261	Federal Reserve Z.1 — Financial Accounts	FRB Z.1 資金循環統計	finance	statistics	en	usa,fed,flowoffunds,timeseries	86400	Financial Accounts of the United States — sectoral balance sheets and flow of funds.
gov-fed-feds-papers	https://www.federalreserve.gov/feeds/feds.xml	rss	15	Federal Reserve — FEDS Working Papers	FRB FEDS ワーキングペーパー	finance	statistics	en	usa,fed,research	86400	Finance and Economics Discussion Series research papers from the Federal Reserve Board.
gov-fed-ifdp-papers	https://www.federalreserve.gov/feeds/ifdp.xml	rss	15	Federal Reserve — International Finance Papers	FRB 国際金融討論論文	finance	statistics	en	usa,fed,research,international	86400	International Finance Discussion Papers from the Federal Reserve Board.
gov-treasury-fiscaldata-debt	https://api.fiscaldata.treasury.gov/services/api/fiscal_service/v2/accounting/od/debt_to_penny?page[size]=50&sort=-record_date	json:data	50	US Treasury — Debt to the Penny	米国財務省 国債残高日次	finance	statistics	en	usa,treasury,debt,timeseries	86400	Daily outstanding US public debt, split into debt held by the public and intragovernmental holdings.
gov-treasury-fiscaldata-rates	https://api.fiscaldata.treasury.gov/services/api/fiscal_service/v2/accounting/od/avg_interest_rates?page[size]=50&sort=-record_date	json:data	50	US Treasury — Average Interest Rates	米国財務省 平均利率	finance	statistics	en	usa,treasury,rates,timeseries	86400	Monthly average interest rates on US Treasury marketable and non-marketable securities.
gov-treasury-fiscaldata-mspd	https://api.fiscaldata.treasury.gov/services/api/fiscal_service/v1/debt/mspd/mspd_table_1?page[size]=50&sort=-record_date	json:data	50	US Treasury — Monthly Statement of Public Debt	米国財務省 月次公債明細	finance	statistics	en	usa,treasury,debt,timeseries	86400	Monthly Statement of the Public Debt: summary of US Treasury securities outstanding.
gov-treasury-fiscaldata-exchange	https://api.fiscaldata.treasury.gov/services/api/fiscal_service/v1/accounting/od/rates_of_exchange?page[size]=50&sort=-record_date	json:data	50	US Treasury — Official Rates of Exchange	米国財務省 公定為替レート	finance	statistics	en	usa,treasury,fx,timeseries	86400	Quarterly US Treasury reporting rates of exchange used for federal accounting.
gov-usaspending-agencies	https://api.usaspending.gov/api/v2/references/toptier_agencies/	json:results	111	USAspending — Federal Agency Budgets	USAspending 連邦機関予算	government	transparency	en	usa,spending,budget,transparency	86400	Budgetary resources and obligations for every top-tier US federal agency.
gov-usaspending-defcodes	https://api.usaspending.gov/api/v2/references/def_codes/	json:codes	52	USAspending — Disaster and Emergency Codes	USAspending 災害・緊急支出コード	government	transparency	en	usa,spending,disaster,transparency	86400	Disaster Emergency Fund codes used to tag US emergency and supplemental spending.
gov-usaspending-budgetfunctions	https://api.usaspending.gov/api/v2/budget_functions/list_budget_functions/	json:results	20	USAspending — Budget Functions	USAspending 予算機能分類	government	transparency	en	usa,spending,budget	86400	Budget function and sub-function taxonomy used to classify all US federal spending.
gov-cfpb-complaints	https://www.consumerfinance.gov/data-research/consumer-complaints/search/api/v1/?size=50&no_aggs=true	json:hits.hits	50	CFPB — Consumer Complaint Database	米国CFPB 消費者苦情DB	finance	regulator	en	usa,cfpb,complaints,consumer	3600	Consumer complaints filed against US financial firms, with product, issue, company and state.
gov-cfpb-newsroom	https://www.consumerfinance.gov/about-us/newsroom/feed/	rss	20	CFPB — Newsroom	米国CFPB 報道発表	finance	regulator	en	usa,cfpb,enforcement,consumer	3600	Press releases and enforcement announcements from the US Consumer Financial Protection Bureau.
gov-justice-news	https://www.justice.gov/news/rss	rss	25	US Department of Justice — All News	米国司法省 ニュース	legal	courts	en	usa,doj,prosecution,enforcement	3600	All Department of Justice news items: indictments, settlements, policy and leadership announcements.
gov-fbi-wanted	https://api.fbi.gov/wanted/v1/list	json:items	20	FBI — Wanted Persons API	FBI 指名手配リスト	legal	watchlist	en	usa,fbi,wanted,watchlist	21600	Structured FBI wanted and seeking-information records with aliases, images and field office.
gov-ice-news	https://www.ice.gov/rss.xml	rss	10	ICE — Newsroom	米国ICE 報道発表	government	regulator	en	usa,ice,immigration,enforcement	3600	US Immigration and Customs Enforcement news releases and operational announcements.
gov-dod-news	https://www.defense.gov/DesktopModules/ArticleCS/RSS.ashx?ContentType=1&Site=945&max=20	rss	20	US Department of Defense — Releases	米国国防総省 発表	government	regulator	en	usa,dod,defense,military	3600	Official US Department of Defense press releases and contract announcements.
gov-dol-releases	https://www.dol.gov/rss/releases.xml	rss	10	US Department of Labor — News Releases	米国労働省 報道発表	government	regulator	en	usa,dol,labor,enforcement	3600	US Department of Labor news, including wage-and-hour and safety enforcement actions.
gov-osha-news	https://www.osha.gov/news/newsreleases.xml	rss	5	OSHA — News Releases	米国OSHA 報道発表	government	regulator	en	usa,osha,workplace,safety	3600	Occupational Safety and Health Administration citations, penalties and safety announcements.
gov-cbo-pubs	https://www.cbo.gov/publications/all/rss.xml	rss	30	Congressional Budget Office — Publications	米国議会予算局 刊行物	government	transparency	en	usa,cbo,fiscal,analysis	86400	Cost estimates, budget outlooks and analytic reports from the US Congressional Budget Office.
gov-bea-news	https://apps.bea.gov/rss/rss.xml	rss	47	Bureau of Economic Analysis — Releases	米国経済分析局 統計発表	government	statistics	en	usa,bea,gdp,statistics	86400	GDP, personal income and trade statistics releases from the US Bureau of Economic Analysis.
gov-fda-press	https://www.fda.gov/about-fda/contact-fda/stay-informed/rss-feeds/press-releases/rss.xml	rss	20	FDA — Press Announcements	米国FDA 報道発表	government	regulator	en	usa,fda,medicines,regulator	3600	US Food and Drug Administration press announcements including approvals and enforcement.
gov-openfda-drug-enforcement	https://api.fda.gov/drug/enforcement.json?limit=50	json:results	50	openFDA — Drug Recall Enforcement	openFDA 医薬品回収	government	regulator	en	usa,fda,recalls,drugs	21600	Structured US drug recall enforcement reports with firm, reason, classification and distribution.
gov-openfda-food-enforcement	https://api.fda.gov/food/enforcement.json?limit=50	json:results	50	openFDA — Food Recall Enforcement	openFDA 食品回収	government	regulator	en	usa,fda,recalls,food	21600	Structured US food recall enforcement reports including contamination reason and recall depth.
gov-openfda-device-enforcement	https://api.fda.gov/device/enforcement.json?limit=50	json:results	50	openFDA — Device Recall Enforcement	openFDA 医療機器回収	government	regulator	en	usa,fda,recalls,devices	21600	Structured US medical device recall enforcement reports.
gov-openfda-device-recall	https://api.fda.gov/device/recall.json?limit=50	json:results	50	openFDA — Device Recall Records	openFDA 医療機器回収記録	government	regulator	en	usa,fda,devices,recalls	21600	Device recall records including product codes, root cause and firm action.
gov-openfda-device-event	https://api.fda.gov/device/event.json?limit=50	json:results	50	openFDA — Device Adverse Events	openFDA 医療機器有害事象	government	regulator	en	usa,fda,devices,adverse-events	21600	MAUDE adverse-event reports for medical devices, with device, manufacturer and event narrative.
gov-openfda-drug-label	https://api.fda.gov/drug/label.json?limit=50	json:results	50	openFDA — Structured Drug Labels	openFDA 医薬品添付文書	government	regulator	en	usa,fda,drugs,labels	86400	Structured Product Labeling records for US-marketed drugs, including warnings and ingredients.
gov-cpsc-recalls	https://www.saferproducts.gov/RestWebServices/Recall?format=json&RecallDateStart=2026-01-01	json-array	373	CPSC — Consumer Product Recalls	米国CPSC 製品リコール	government	regulator	en	usa,cpsc,recalls,consumer	21600	US Consumer Product Safety Commission recall records with hazard, remedy, importer and units.
gov-nhtsa-recall-makes	https://api.nhtsa.gov/products/vehicle/makes?issueType=r&modelYear=2025	json:results	196	NHTSA — Vehicle Makes with Open Recalls	NHTSA リコール対象自動車メーカー	government	regulator	en	usa,nhtsa,recalls,vehicles	86400	Vehicle makes with active US safety recalls for a given model year — entry point to NHTSA recall detail.
gov-ofac-cons-csv	https://sanctionslistservice.ofac.treas.gov/api/PublicationPreview/exports/CONS_PRIM.CSV	csv	366	OFAC — Consolidated Non-SDN List	OFAC 非SDN統合リスト	government	sanctions	en	usa,ofac,sanctions,consolidated	86400	US Treasury OFAC consolidated non-SDN sanctions list (SSI, FSE, NS-MBS and related programmes).
gov-ofac-alt-csv	https://sanctionslistservice.ofac.treas.gov/api/PublicationPreview/exports/ALT.CSV	csv	4061	OFAC — SDN Alternate Names	OFAC SDN別名リスト	government	sanctions	en	usa,ofac,sanctions,aliases	86400	Alternate spellings, a.k.a.s and formerly-known-as names for OFAC SDN entries — essential for name matching.
gov-opensanctions-index	https://data.opensanctions.org/datasets/latest/index.json	json:datasets	462	OpenSanctions — Dataset Catalogue	OpenSanctions データセット目録	government	sanctions	en	sanctions,catalogue,global	86400	Master index of all 460+ OpenSanctions source datasets with coverage, entity counts and refresh times.
gov-opensanctions-sanctions	https://data.opensanctions.org/datasets/latest/sanctions/index.json	json:children	93	OpenSanctions — Sanctions Collection	OpenSanctions 制裁コレクション	government	sanctions	en	sanctions,global,watchlist	86400	Index of every sanctions regime OpenSanctions aggregates, across 93 national and supranational lists.
gov-opensanctions-peps	https://data.opensanctions.org/datasets/latest/peps/index.json	json:children	190	OpenSanctions — PEP Collection	OpenSanctions 重要公人コレクション	government	transparency	en	pep,politicians,global	86400	Index of politically exposed person datasets covering 190 national sources.
gov-opensanctions-crime	https://data.opensanctions.org/datasets/latest/crime/index.json	json:children	62	OpenSanctions — Crime and Wanted Lists	OpenSanctions 犯罪・手配リスト	legal	watchlist	en	crime,wanted,global	86400	Index of law-enforcement wanted, fugitive and criminal-designation datasets.
gov-opensanctions-debarment	https://data.opensanctions.org/datasets/latest/debarment/index.json	json:children	61	OpenSanctions — Debarment Collection	OpenSanctions 入札排除コレクション	government	procurement	en	debarment,procurement,global	86400	Index of procurement debarment and exclusion lists from development banks and national authorities.
gov-opensanctions-securities	https://data.opensanctions.org/datasets/latest/securities/index.json	json:children	26	OpenSanctions — Securities Datasets	OpenSanctions 証券データセット	finance	registry	en	securities,isin,global	86400	Index of securities and instrument identifier datasets used for sanctions ownership tracing.
gov-opensanctions-default	https://data.opensanctions.org/datasets/latest/default/index.json	json:children	461	OpenSanctions — Default Collection	OpenSanctions 既定コレクション	government	sanctions	en	sanctions,pep,global	86400	The default OpenSanctions collection index — combined sanctions, PEP and criminal-watchlist sources.
gov-opensanctions-us-ofac	https://data.opensanctions.org/datasets/latest/us_ofac_sdn/index.json	json:resources	6	OpenSanctions — OFAC SDN Mirror	OpenSanctions OFAC SDN 版	government	sanctions	en	sanctions,ofac,usa	86400	OpenSanctions build of the US OFAC SDN list, with normalised entities and download resources.
gov-opensanctions-eu-fsf	https://data.opensanctions.org/datasets/latest/eu_fsf/index.json	json:resources	6	OpenSanctions — EU Consolidated Sanctions	OpenSanctions EU統合制裁リスト	government	sanctions	en	sanctions,eu	86400	OpenSanctions build of the EU Financial Sanctions Files consolidated list.
gov-opensanctions-gb-hmt	https://data.opensanctions.org/datasets/latest/gb_hmt_sanctions/index.json	json:resources	6	OpenSanctions — UK HMT Sanctions	OpenSanctions 英国財務省制裁リスト	government	sanctions	en	sanctions,uk,ofsi	86400	OpenSanctions build of the UK HM Treasury / OFSI consolidated sanctions list.
gov-opensanctions-un-sc	https://data.opensanctions.org/datasets/latest/un_sc_sanctions/index.json	json:resources	6	OpenSanctions — UN Security Council List	OpenSanctions 国連安保理制裁リスト	government	sanctions	en	sanctions,un,securitycouncil	86400	OpenSanctions build of the UN Security Council consolidated sanctions list.
gov-opensanctions-ch-seco	https://data.opensanctions.org/datasets/latest/ch_seco_sanctions/index.json	json:resources	6	OpenSanctions — Swiss SECO Sanctions	OpenSanctions スイスSECO制裁リスト	government	sanctions	en	sanctions,switzerland,seco	86400	OpenSanctions build of the Swiss State Secretariat for Economic Affairs sanctions list.
gov-opensanctions-wd-peps	https://data.opensanctions.org/datasets/latest/wd_peps/index.json	json:resources	1	OpenSanctions — Wikidata PEPs	OpenSanctions Wikidata由来PEP	government	transparency	en	pep,wikidata,global	86400	Politically exposed persons derived from Wikidata office-holder statements worldwide.
gov-opensanctions-wb-debarred	https://data.opensanctions.org/datasets/latest/worldbank_debarred/index.json	json:resources	5	OpenSanctions — World Bank Debarred Firms	OpenSanctions 世銀入札排除企業	government	procurement	en	debarment,worldbank,procurement	86400	World Bank debarred and cross-debarred firms and individuals, normalised by OpenSanctions.
gov-sanctionsmap-eu	https://www.sanctionsmap.eu/api/v1/data	json:data.searchTypes	2	EU Sanctions Map — Regime Data	EU制裁マップ データ	government	sanctions	en	sanctions,eu,regimes	86400	Machine-readable EU Sanctions Map: every EU restrictive-measure regime, legal act and target country.
gov-ecb-pub	https://www.ecb.europa.eu/rss/pub.html	rss	15	ECB — Publications	欧州中央銀行 刊行物	finance	statistics	en	eu,ecb,centralbank,research	86400	European Central Bank working papers, occasional papers and statistical publications.
gov-ecb-fxref-usd	https://www.ecb.europa.eu/rss/fxref-usd.html	rss	5	ECB Reference Rate — USD	ECB 参照レート 米ドル	finance	statistics	en	eu,ecb,fx,timeseries	86400	Daily ECB euro foreign exchange reference rate against the US dollar.
gov-ecb-fxref-jpy	https://www.ecb.europa.eu/rss/fxref-jpy.html	rss	5	ECB Reference Rate — JPY	ECB 参照レート 日本円	finance	statistics	ja	eu,ecb,fx,japan,timeseries	86400	Daily ECB euro foreign exchange reference rate against the Japanese yen.
gov-ecb-fxref-gbp	https://www.ecb.europa.eu/rss/fxref-gbp.html	rss	5	ECB Reference Rate — GBP	ECB 参照レート 英ポンド	finance	statistics	en	eu,ecb,fx,timeseries	86400	Daily ECB euro foreign exchange reference rate against sterling.
gov-ecb-fxref-chf	https://www.ecb.europa.eu/rss/fxref-chf.html	rss	5	ECB Reference Rate — CHF	ECB 参照レート スイスフラン	finance	statistics	en	eu,ecb,fx,timeseries	86400	Daily ECB euro foreign exchange reference rate against the Swiss franc.
gov-ecb-fxref-cny	https://www.ecb.europa.eu/rss/fxref-cny.html	rss	5	ECB Reference Rate — CNY	ECB 参照レート 人民元	finance	statistics	en	eu,ecb,fx,china,timeseries	86400	Daily ECB euro foreign exchange reference rate against the Chinese yuan.
gov-europarl-press-en	https://www.europarl.europa.eu/rss/doc/press-releases/en.xml	rss	20	European Parliament — Press Releases (EN)	欧州議会 報道発表（英語）	government	parliament	en	eu,parliament,press	3600	Official European Parliament press releases in English.
gov-europarl-press-fr	https://www.europarl.europa.eu/rss/doc/press-releases/fr.xml	rss	20	European Parliament — Press Releases (FR)	欧州議会 報道発表（仏語）	government	parliament	fr	eu,parliament,press	3600	Official European Parliament press releases in French.
gov-europarl-press-de	https://www.europarl.europa.eu/rss/doc/press-releases/de.xml	rss	20	European Parliament — Press Releases (DE)	欧州議会 報道発表（独語）	government	parliament	de	eu,parliament,press	3600	Official European Parliament press releases in German.
gov-europarl-press-es	https://www.europarl.europa.eu/rss/doc/press-releases/es.xml	rss	20	European Parliament — Press Releases (ES)	欧州議会 報道発表（西語）	government	parliament	es	eu,parliament,press	3600	Official European Parliament press releases in Spanish.
gov-europarl-opendata-docs	https://data.europarl.europa.eu/api/v2/documents?format=application%2Fld%2Bjson&limit=50	json:data	50	European Parliament — Open Data Documents	欧州議会 オープンデータ文書	government	parliament	en	eu,parliament,documents,linkeddata	3600	Linked-data records for European Parliament tabled documents, reports and resolutions.
gov-europarl-opendata-meps	https://data.europarl.europa.eu/api/v2/meps?format=application%2Fld%2Bjson&limit=50	json:data	50	European Parliament — MEP Registry	欧州議会 議員登録データ	government	parliament	en	eu,parliament,members,pep	86400	Structured registry of Members of the European Parliament with country and political group.
gov-eucommission-press-fr	https://ec.europa.eu/commission/presscorner/api/rss?language=fr	rss	10	European Commission — Press Corner (FR)	欧州委員会 報道発表（仏語）	government	regulator	fr	eu,commission,press	3600	European Commission press releases, statements and speeches in French.
gov-eucommission-press-de	https://ec.europa.eu/commission/presscorner/api/rss?language=de	rss	10	European Commission — Press Corner (DE)	欧州委員会 報道発表（独語）	government	regulator	de	eu,commission,press	3600	European Commission press releases, statements and speeches in German.
gov-eucommission-press-es	https://ec.europa.eu/commission/presscorner/api/rss?language=es	rss	10	European Commission — Press Corner (ES)	欧州委員会 報道発表（西語）	government	regulator	es	eu,commission,press	3600	European Commission press releases, statements and speeches in Spanish.
gov-eucommission-press-it	https://ec.europa.eu/commission/presscorner/api/rss?language=it	rss	10	European Commission — Press Corner (IT)	欧州委員会 報道発表（伊語）	government	regulator	it	eu,commission,press	3600	European Commission press releases, statements and speeches in Italian.
gov-eucommission-press-pl	https://ec.europa.eu/commission/presscorner/api/rss?language=pl	rss	10	European Commission — Press Corner (PL)	欧州委員会 報道発表（波語）	government	regulator	pl	eu,commission,press	3600	European Commission press releases, statements and speeches in Polish.
gov-eucommission-press-nl	https://ec.europa.eu/commission/presscorner/api/rss?language=nl	rss	10	European Commission — Press Corner (NL)	欧州委員会 報道発表（蘭語）	government	regulator	nl	eu,commission,press	3600	European Commission press releases, statements and speeches in Dutch.
gov-eucommission-press-pt	https://ec.europa.eu/commission/presscorner/api/rss?language=pt	rss	10	European Commission — Press Corner (PT)	欧州委員会 報道発表（葡語）	government	regulator	pt	eu,commission,press	3600	European Commission press releases, statements and speeches in Portuguese.
gov-esma-news	https://www.esma.europa.eu/rss.xml	rss	10	ESMA — News and Decisions	欧州証券市場監督機構 ニュース	finance	regulator	en	eu,esma,securities,regulator	3600	European Securities and Markets Authority news, guidelines and supervisory decisions.
gov-efsa-news	https://www.efsa.europa.eu/en/all/rss	rss	30	EFSA — Food Safety Outputs	欧州食品安全機関 発表	government	regulator	en	eu,efsa,foodsafety,regulator	3600	European Food Safety Authority scientific opinions, alerts and news.
gov-edpb-news	https://www.edpb.europa.eu/rss.xml	rss	10	European Data Protection Board — News	欧州データ保護会議 ニュース	legal	regulator	en	eu,gdpr,dataprotection,privacy	3600	EDPB guidelines, binding decisions and statements on EU data protection enforcement.
gov-fra-news	https://fra.europa.eu/en/rss.xml	rss	10	EU Fundamental Rights Agency — News	EU基本権機関 ニュース	government	transparency	en	eu,humanrights,fra	3600	Reports and news from the EU Agency for Fundamental Rights.
gov-eige-news	https://eige.europa.eu/rss.xml	rss	12	European Institute for Gender Equality — News	欧州ジェンダー平等研究所 ニュース	government	statistics	en	eu,gender,eige	86400	EIGE research, indices and policy news on gender equality across the EU.
gov-era-news	https://www.era.europa.eu/rss.xml	rss	10	EU Agency for Railways — News	欧州鉄道機関 ニュース	government	regulator	en	eu,rail,safety,regulator	86400	European Union Agency for Railways safety certifications, standards and announcements.
gov-cedefop-news	https://www.cedefop.europa.eu/en/rss.xml	rss	10	Cedefop — Vocational Training News	欧州職業訓練開発センター ニュース	government	statistics	en	eu,cedefop,skills,labour	86400	Cedefop analyses of EU vocational education, skills forecasts and labour market data.
gov-eu-vies-status	https://ec.europa.eu/taxation_customs/vies/rest-api/check-status	json:countries	28	EU VIES — VAT Service Availability	EU VIES 付加価値税照会稼働状況	finance	registry	en	eu,vat,tax,registry	3600	Live availability of each member state's VAT number validation service in the EU VIES system.
gov-eurostat-gdp	https://ec.europa.eu/eurostat/api/dissemination/statistics/1.0/data/nama_10_gdp?format=JSON&lang=en&lastTimePeriod=1	json:extension.annotation	16	Eurostat — GDP and Main Aggregates	ユーロスタット GDP主要集計	government	statistics	en	eu,eurostat,gdp,timeseries	86400	JSON-stat cube of annual GDP and main national accounts aggregates for all EU and EFTA countries.
gov-dataeuropa-search	https://data.europa.eu/api/hub/search/search?q=procurement&limit=50	json:result.results	50	data.europa.eu — Dataset Search	欧州オープンデータポータル 検索	government	procurement	en	eu,opendata,procurement,catalogue	86400	Search across the official EU open data portal, here scoped to public procurement datasets.
gov-echr-hudoc	https://hudoc.echr.coe.int/app/query/results?query=contentsitename%3AECHR&select=itemid%2Cdocname%2Cappno&sort=&start=0&length=50	json:results	50	ECHR HUDOC — Judgments and Decisions	欧州人権裁判所 判例DB	legal	courts	en	echr,humanrights,courts,europe	21600	Judgments and decisions of the European Court of Human Rights from the HUDOC case-law database.
gov-icc-press	https://www.icc-cpi.int/rss.xml	rss	10	International Criminal Court — News	国際刑事裁判所 ニュース	legal	courts	en	icc,warcrimes,courts,international	3600	International Criminal Court press releases, arrest warrants and situation updates.
gov-un-news-fr	https://news.un.org/feed/subscribe/fr/news/all/rss.xml	rss	30	UN News (French)	国連ニュース（仏語）	government	transparency	fr	un,news,multilateral	3600	United Nations news service in French across all UN bodies and missions.
gov-un-news-es	https://news.un.org/feed/subscribe/es/news/all/rss.xml	rss	30	UN News (Spanish)	国連ニュース（西語）	government	transparency	es	un,news,multilateral	3600	United Nations news service in Spanish across all UN bodies and missions.
gov-un-news-ar	https://news.un.org/feed/subscribe/ar/news/all/rss.xml	rss	30	UN News (Arabic)	国連ニュース（アラビア語）	government	transparency	ar	un,news,multilateral	3600	United Nations news service in Arabic across all UN bodies and missions.
gov-un-news-ru	https://news.un.org/feed/subscribe/ru/news/all/rss.xml	rss	30	UN News (Russian)	国連ニュース（露語）	government	transparency	ru	un,news,multilateral	3600	United Nations news service in Russian across all UN bodies and missions.
gov-un-news-zh	https://news.un.org/feed/subscribe/zh/news/all/rss.xml	rss	30	UN News (Chinese)	国連ニュース（中国語）	government	transparency	zh	un,news,multilateral	3600	United Nations news service in Chinese across all UN bodies and missions.
gov-ohchr-news	https://www.ohchr.org/en/rss.xml	rss	10	UN Human Rights Office — News	国連人権高等弁務官事務所 ニュース	government	transparency	en	un,humanrights,ohchr	3600	OHCHR statements, special rapporteur communications and country human rights findings.
gov-unep-news	https://www.unep.org/rss.xml	rss	10	UN Environment Programme — News	国連環境計画 ニュース	government	regulator	en	un,environment,unep	3600	UN Environment Programme announcements, treaty negotiations and assessments.
gov-unhcr-population	https://api.unhcr.org/population/v1/population/?limit=50&yearFrom=2023	json:items	50	UNHCR — Refugee Population Statistics	UNHCR 難民人口統計	government	statistics	en	un,unhcr,refugees,statistics	86400	Refugee, asylum-seeker and IDP population figures by country of origin and asylum.
gov-unsd-sdg-indicators	https://unstats.un.org/SDGAPI/v1/sdg/Indicator/List	json-array	251	UN SDG — Indicator Registry	国連SDG 指標一覧	government	statistics	en	un,sdg,indicators,statistics	604800	Full registry of the 251 UN Sustainable Development Goal indicators with series and targets.
gov-un-comtrade-reporters	https://comtradeapi.un.org/files/v1/app/reference/Reporters.json	json:results	255	UN Comtrade — Reporter Registry	国連コムトレード 報告国一覧	government	statistics	en	un,trade,comtrade,reference	604800	Reference list of all reporting countries and territories in UN Comtrade trade statistics.
gov-unesco-uis-indicators	https://api.uis.unesco.org/api/public/definitions/indicators	json-array	5063	UNESCO UIS — Indicator Definitions	ユネスコ統計研究所 指標定義	government	statistics	en	un,unesco,education,statistics	604800	Over 5,000 UNESCO Institute for Statistics indicator definitions covering education, science and culture.
gov-wto-news	https://www.wto.org/library/rss/latest_news_e.xml	rss	10	WTO — Latest News	世界貿易機関 最新ニュース	government	regulator	en	wto,trade,disputes	3600	World Trade Organization news: disputes, accessions, notifications and council meetings.
gov-wipo-news	https://www.wipo.int/pressroom/en/rss.xml	rss	10	WIPO — Press Room	世界知的所有権機関 報道発表	government	regulator	en	wipo,ip,patents,trademarks	86400	World Intellectual Property Organization press releases and treaty developments.
gov-bis-cbspeeches	https://www.bis.org/doclist/cbspeeches.rss	rss	25	BIS — Central Bankers' Speeches	BIS 中央銀行総裁講演集	finance	statistics	en	bis,centralbank,speeches,global	86400	Bank for International Settlements collection of speeches by central bank governors worldwide.
gov-imf-datamapper-indicators	https://www.imf.org/external/datamapper/api/v1/indicators	json-object	1	IMF DataMapper — Indicator Catalogue	IMF データマッパー 指標目録	finance	statistics	en	imf,statistics,macro	604800	Catalogue of every IMF DataMapper macroeconomic indicator with units and source dataset.
gov-worldbank-projects	https://search.worldbank.org/api/v2/projects?format=json&rows=50	json-object	1	World Bank — Project Operations	世界銀行 プロジェクト一覧	government	transparency	en	worldbank,projects,development,finance	86400	World Bank lending operations with country, sector, commitment amount and approval status.
gov-worldbank-procnotices	https://search.worldbank.org/api/v2/procnotices?format=json&rows=50	json:procnotices	50	World Bank — Procurement Notices	世界銀行 調達公告	government	procurement	en	worldbank,procurement,tenders,global	21600	Live World Bank procurement notices: bids, expressions of interest and contract awards worldwide.
gov-worldbank-wds	https://search.worldbank.org/api/v2/wds?format=json&rows=50	json-object	1	World Bank — Documents and Reports	世界銀行 文書・報告書	government	transparency	en	worldbank,documents,development	86400	World Bank Documents & Reports archive: country reports, appraisals and evaluations.
gov-worldbank-indicators	https://api.worldbank.org/v2/indicator?format=json&per_page=100	json-array	2	World Bank — Indicator Catalogue	世界銀行 指標カタログ	government	statistics	en	worldbank,indicators,statistics	604800	Catalogue of World Bank development indicators with source, topic and definition.
gov-worldbank-sources	https://api.worldbank.org/v2/sources?format=json&per_page=100	json-array	2	World Bank — Data Source Registry	世界銀行 データソース一覧	government	statistics	en	worldbank,statistics,reference	604800	Registry of World Bank data sources and databanks feeding the open data API.
gov-hdx-packages	https://data.humdata.org/api/3/action/package_search?rows=50	json:result.results	50	OCHA HDX — Humanitarian Data Catalogue	OCHA HDX 人道データ目録	government	transparency	en	un,ocha,humanitarian,opendata	21600	UN OCHA Humanitarian Data Exchange: newly published crisis, displacement and needs datasets.
gov-iati-registry	https://iatiregistry.org/api/3/action/package_search?rows=50	json:result.results	50	IATI Registry — Aid Activity Publishers	IATI 援助活動レジストリ	government	transparency	en	aid,iati,transparency,development	86400	International Aid Transparency Initiative registry of donor activity files and publishers.
gov-idea-elections	https://www.idea.int/rss.xml	rss	10	International IDEA — Democracy and Elections	国際IDEA 民主主義・選挙	government	elections	en	elections,democracy,governance	86400	International IDEA analysis of electoral processes, constitutions and democratic backsliding.
gov-afdb-news	https://www.afdb.org/en/news-and-events/rss	rss	20	African Development Bank — News	アフリカ開発銀行 ニュース	government	transparency	en	africa,afdb,development,finance	3600	African Development Bank project approvals, country strategies and governance announcements.
gov-gleif-lei-issuers	https://api.gleif.org/api/v1/lei-issuers?page[size]=50	json:data	40	GLEIF — LEI Issuing Organisations	GLEIF LEI発行機関	finance	registry	en	lei,gleif,registry,global	604800	Accredited Local Operating Units authorised to issue Legal Entity Identifiers worldwide.
gov-gleif-lei-jp	https://api.gleif.org/api/v1/lei-records?filter[entity.legalAddress.country]=JP&page[size]=50	json:data	50	GLEIF — Japanese LEI Records	GLEIF 日本法人LEI	finance	registry	en	lei,gleif,japan,registry	86400	Legal Entity Identifier records for entities registered in Japan, with legal name and address.
gov-govuk-search	https://www.gov.uk/api/search.json?count=50&order=-public_timestamp	json:results	50	GOV.UK — Whole-Site Content Search	GOV.UK 全文検索API	government	transparency	en	uk,govuk,search,announcements	3600	Every newly published GOV.UK item across all departments, ordered by publication time.
gov-govuk-guidance-atom	https://www.gov.uk/search/guidance-and-regulation.atom	atom	20	GOV.UK — Guidance and Regulation	GOV.UK 指針・規制	government	regulator	en	uk,govuk,guidance,regulation	3600	New UK government guidance and regulatory documents across all departments.
gov-govuk-policy-atom	https://www.gov.uk/search/policy-papers-and-consultations.atom	atom	20	GOV.UK — Policy Papers and Consultations	GOV.UK 政策文書・意見公募	government	transparency	en	uk,govuk,policy,consultations	3600	UK policy papers and open consultations as published.
gov-govuk-transparency-atom	https://www.gov.uk/search/transparency-and-freedom-of-information-releases.atom	atom	20	GOV.UK — Transparency and FOI Releases	GOV.UK 情報公開・透明性資料	government	transparency	en	uk,govuk,foi,transparency	3600	UK transparency data and Freedom of Information disclosure logs.
gov-govuk-stats-atom	https://www.gov.uk/search/research-and-statistics.atom	atom	20	GOV.UK — Research and Statistics	GOV.UK 調査・統計	government	statistics	en	uk,govuk,statistics	3600	UK official statistics and research publications across all departments.
gov-govuk-all-atom	https://www.gov.uk/search/all.atom	atom	10	GOV.UK — All Content	GOV.UK 全コンテンツ	government	transparency	en	uk,govuk,firehose	3600	Combined firehose of newly published GOV.UK content of every document type.
gov-govuk-cma-cases	https://www.gov.uk/cma-cases.atom	atom	50	CMA — Competition Cases	英国CMA 競争法事件	legal	regulator	en	uk,cma,antitrust,mergers	3600	UK Competition and Markets Authority merger, cartel and market investigation case updates.
gov-govuk-drug-alerts	https://www.gov.uk/drug-device-alerts.atom	atom	50	MHRA — Drug and Device Alerts	MHRA 医薬品・医療機器警報	government	regulator	en	uk,mhra,recalls,medicines	3600	UK medicines and medical device safety alerts, recalls and field safety notices.
gov-govuk-org-hmt	https://www.gov.uk/government/organisations/hm-treasury.atom	atom	20	HM Treasury — Announcements	英国財務省 発表	finance	regulator	en	uk,treasury,fiscal,sanctions	3600	UK HM Treasury announcements including fiscal statements and financial sanctions notices.
gov-govuk-org-moj	https://www.gov.uk/government/organisations/ministry-of-justice.atom	atom	20	Ministry of Justice — Announcements	英国法務省 発表	legal	courts	en	uk,justice,courts,prisons	3600	UK Ministry of Justice announcements on courts, sentencing and prisons.
gov-govuk-org-ago	https://www.gov.uk/government/organisations/attorney-generals-office.atom	atom	20	Attorney General's Office — Announcements	英国法務長官府 発表	legal	courts	en	uk,attorneygeneral,prosecution	3600	UK Attorney General's Office announcements, including unduly lenient sentence referrals.
gov-govuk-org-cps	https://www.gov.uk/government/organisations/crown-prosecution-service.atom	atom	20	Crown Prosecution Service — Announcements	英国検察庁 発表	legal	courts	en	uk,cps,prosecution,charges	3600	UK Crown Prosecution Service charging decisions and prosecution outcomes.
gov-govuk-org-nca	https://www.gov.uk/government/organisations/national-crime-agency.atom	atom	20	National Crime Agency — Announcements	英国国家犯罪対策庁 発表	legal	watchlist	en	uk,nca,organisedcrime,lawenforcement	3600	UK National Crime Agency operations against organised crime, trafficking and money laundering.
gov-govuk-org-homeoffice	https://www.gov.uk/government/organisations/home-office.atom	atom	20	Home Office — Announcements	英国内務省 発表	government	regulator	en	uk,homeoffice,immigration,policing	3600	UK Home Office announcements on immigration, policing and counter-terrorism.
gov-govuk-org-hmrc	https://www.gov.uk/government/organisations/hm-revenue-customs.atom	atom	20	HMRC — Announcements	英国歳入関税庁 発表	finance	regulator	en	uk,hmrc,tax,customs	3600	UK HM Revenue & Customs tax policy, compliance and deliberate defaulter announcements.
gov-govuk-org-companieshouse	https://www.gov.uk/government/organisations/companies-house.atom	atom	20	Companies House — Announcements	英国会社登記所 発表	finance	registry	en	uk,companies,registry,beneficialownership	3600	UK Companies House policy, enforcement and register reform announcements.
gov-govuk-org-insolvency	https://www.gov.uk/government/organisations/insolvency-service.atom	atom	20	Insolvency Service — Announcements	英国破産管財局 発表	finance	registry	en	uk,insolvency,disqualification,enforcement	3600	UK Insolvency Service director disqualifications, bankruptcy restrictions and prosecutions.
gov-govuk-org-cma	https://www.gov.uk/government/organisations/competition-and-markets-authority.atom	atom	20	CMA — Announcements	英国競争・市場庁 発表	legal	regulator	en	uk,cma,competition,consumer	3600	UK Competition and Markets Authority news beyond formal case pages.
gov-govuk-org-hmcts	https://www.gov.uk/government/organisations/hm-courts-and-tribunals-service.atom	atom	20	HM Courts and Tribunals Service	英国裁判所・審判所庁	legal	courts	en	uk,courts,tribunals,listings	3600	UK courts and tribunals service operational notices and listing changes.
gov-govuk-org-mhra	https://www.gov.uk/government/organisations/medicines-and-healthcare-products-regulatory-agency.atom	atom	20	MHRA — Announcements	英国医薬品庁 発表	government	regulator	en	uk,mhra,medicines,devices	3600	UK Medicines and Healthcare products Regulatory Agency approvals and enforcement.
gov-govuk-org-charity	https://www.gov.uk/government/organisations/charity-commission.atom	atom	20	Charity Commission — Announcements	英国チャリティ委員会 発表	legal	regulator	en	uk,charities,registry,inquiries	3600	UK Charity Commission statutory inquiries, removals and regulatory alerts.
gov-govuk-org-gambling	https://www.gov.uk/government/organisations/gambling-commission.atom	atom	20	Gambling Commission — Announcements	英国賭博委員会 発表	legal	regulator	en	uk,gambling,licensing,enforcement	3600	UK Gambling Commission licence actions, fines and regulatory decisions.
gov-govuk-org-ea	https://www.gov.uk/government/organisations/environment-agency.atom	atom	20	Environment Agency — Announcements	英国環境庁 発表	government	regulator	en	uk,environment,pollution,enforcement	3600	UK Environment Agency prosecutions, permits and pollution incident announcements.
gov-govuk-org-fsa	https://www.gov.uk/government/organisations/food-standards-agency.atom	atom	20	Food Standards Agency — Announcements	英国食品基準庁 発表	government	regulator	en	uk,foodsafety,recalls,regulator	3600	UK Food Standards Agency food alerts, recalls and enforcement.
gov-govuk-org-ukhsa	https://www.gov.uk/government/organisations/uk-health-security-agency.atom	atom	20	UK Health Security Agency	英国健康安全保障庁	government	regulator	en	uk,health,outbreaks,surveillance	3600	UKHSA outbreak reports, health protection guidance and surveillance updates.
gov-govuk-org-dwp	https://www.gov.uk/government/organisations/department-for-work-pensions.atom	atom	20	Department for Work and Pensions	英国雇用年金省	government	regulator	en	uk,welfare,pensions,statistics	3600	UK DWP benefits policy, fraud enforcement and pension announcements.
gov-govuk-org-dft	https://www.gov.uk/government/organisations/department-for-transport.atom	atom	20	Department for Transport	英国運輸省	government	regulator	en	uk,transport,rail,aviation	3600	UK Department for Transport policy, funding and safety announcements.
gov-govuk-org-dfe	https://www.gov.uk/government/organisations/department-for-education.atom	atom	20	Department for Education	英国教育省	government	regulator	en	uk,education,schools	3600	UK Department for Education policy and school system announcements.
gov-govuk-org-defra	https://www.gov.uk/government/organisations/department-for-environment-food-rural-affairs.atom	atom	20	Defra — Environment, Food and Rural Affairs	英国環境・食料・農村地域省	government	regulator	en	uk,defra,environment,agriculture	3600	UK Defra announcements on environment, farming, fisheries and biosecurity.
gov-govuk-org-dhsc	https://www.gov.uk/government/organisations/department-of-health-and-social-care.atom	atom	20	Department of Health and Social Care	英国保健・社会福祉省	government	regulator	en	uk,health,socialcare	3600	UK Department of Health and Social Care policy and NHS announcements.
gov-govuk-org-dbt	https://www.gov.uk/government/organisations/department-for-business-and-trade.atom	atom	20	Department for Business and Trade	英国ビジネス・貿易省	government	regulator	en	uk,trade,business,exportcontrol	3600	UK Department for Business and Trade announcements including trade remedies and export controls.
gov-govuk-org-cabinet	https://www.gov.uk/government/organisations/cabinet-office.atom	atom	20	Cabinet Office — Announcements	英国内閣府 発表	government	transparency	en	uk,cabinetoffice,procurement,transparency	3600	UK Cabinet Office announcements on government functions, procurement policy and transparency.
gov-govuk-org-gld	https://www.gov.uk/government/organisations/government-legal-department.atom	atom	20	Government Legal Department	英国政府法務省	legal	courts	en	uk,legal,litigation	3600	UK Government Legal Department litigation and legal-service announcements.
gov-govuk-org-landregistry	https://www.gov.uk/government/organisations/land-registry.atom	atom	20	HM Land Registry — Announcements	英国土地登記所 発表	finance	registry	en	uk,landregistry,property,ownership	3600	UK HM Land Registry property ownership data releases and registration policy.
gov-govuk-org-voa	https://www.gov.uk/government/organisations/valuation-office-agency.atom	atom	20	Valuation Office Agency	英国資産評価庁	finance	registry	en	uk,property,valuation,rates	86400	UK Valuation Office Agency rating list and property valuation announcements.
gov-govuk-org-ofsted	https://www.gov.uk/government/organisations/ofsted.atom	atom	20	Ofsted — Announcements	英国教育水準局 発表	government	regulator	en	uk,ofsted,inspection,education	3600	UK Ofsted inspection findings and regulatory announcements.
gov-govuk-org-ofqual	https://www.gov.uk/government/organisations/ofqual.atom	atom	20	Ofqual — Announcements	英国資格試験規制機関 発表	government	regulator	en	uk,ofqual,qualifications	86400	UK Ofqual qualifications regulation decisions and enforcement.
gov-govuk-org-orr	https://www.gov.uk/government/organisations/office-of-rail-and-road.atom	atom	20	Office of Rail and Road	英国鉄道道路庁	government	regulator	en	uk,rail,roads,regulator	3600	UK Office of Rail and Road safety enforcement, licensing and performance data.
gov-govuk-org-caa	https://www.gov.uk/government/organisations/civil-aviation-authority.atom	atom	20	UK Civil Aviation Authority	英国民間航空局	government	regulator	en	uk,aviation,caa,regulator	3600	UK Civil Aviation Authority licensing, airspace and consumer enforcement announcements.
gov-govuk-org-mca	https://www.gov.uk/government/organisations/maritime-and-coastguard-agency.atom	atom	20	Maritime and Coastguard Agency	英国海事沿岸警備庁	government	regulator	en	uk,maritime,shipping,safety	3600	UK Maritime and Coastguard Agency ship detentions, safety bulletins and notices.
gov-govuk-org-mmo	https://www.gov.uk/government/organisations/marine-management-organisation.atom	atom	20	Marine Management Organisation	英国海洋管理機構	government	regulator	en	uk,marine,fisheries,licensing	86400	UK Marine Management Organisation fisheries enforcement and marine licensing decisions.
gov-govuk-org-naturalengland	https://www.gov.uk/government/organisations/natural-england.atom	atom	20	Natural England — Announcements	英国ネイチャー・イングランド 発表	government	regulator	en	uk,conservation,licensing	86400	Natural England conservation designations, licences and enforcement.
gov-govuk-org-borderforce	https://www.gov.uk/government/organisations/border-force.atom	atom	20	UK Border Force — Announcements	英国国境警備隊 発表	government	regulator	en	uk,border,customs,seizures	3600	UK Border Force seizures, interdictions and operational announcements.
gov-govuk-org-dvsa	https://www.gov.uk/government/organisations/driver-and-vehicle-standards-agency.atom	atom	20	Driver and Vehicle Standards Agency	英国運転者・車両基準庁	government	regulator	en	uk,vehicles,roadsafety,enforcement	86400	UK DVSA operator licensing, roadworthiness enforcement and vehicle recalls.
gov-govuk-org-ukspace	https://www.gov.uk/government/organisations/uk-space-agency.atom	atom	20	UK Space Agency — Announcements	英国宇宙庁 発表	government	regulator	en	uk,space,licensing	86400	UK Space Agency launch licensing, funding and programme announcements.
gov-ukparl-bills	https://bills-api.parliament.uk/api/v1/Bills?take=50	json:items	50	UK Parliament — Bills API	英国議会 法案API	legal	parliament	en	uk,parliament,bills,legislation	3600	Structured status of every bill before the UK Parliament with stage, sponsor and house.
gov-ukparl-members	https://members-api.parliament.uk/api/Members/Search?take=20&IsCurrentMember=true	json:items	20	UK Parliament — Members API	英国議会 議員API	legal	parliament	en	uk,parliament,members,pep	86400	Sitting MPs and Lords with party, constituency and membership history.
gov-ukparl-commons-divisions	https://commonsvotes-api.parliament.uk/data/divisions.json/search?take=50	json-array	25	UK Commons — Division Votes	英国下院 採決記録	legal	parliament	en	uk,parliament,votes,commons	3600	Recorded division votes in the UK House of Commons with aye/no counts.
gov-ukparl-lords-divisions	https://lordsvotes-api.parliament.uk/data/Divisions/search?take=25	json-array	25	UK Lords — Division Votes	英国上院 採決記録	legal	parliament	en	uk,parliament,votes,lords	3600	Recorded division votes in the UK House of Lords.
gov-ukparl-committees	https://committees-api.parliament.uk/api/Committees?take=30	json:items	30	UK Parliament — Committees	英国議会 委員会一覧	legal	parliament	en	uk,parliament,committees	86400	Registry of UK parliamentary select and joint committees with membership and remit.
gov-ukparl-cttee-publications	https://committees-api.parliament.uk/api/Publications?take=30	json:items	30	UK Parliament — Committee Publications	英国議会 委員会刊行物	legal	parliament	en	uk,parliament,committees,reports	3600	Committee reports, evidence sessions and written submissions published by UK Parliament.
gov-ukparl-interests	https://interests-api.parliament.uk/api/v1/Interests/?take=25	json:items	20	UK Parliament — Register of Members' Interests	英国議会 議員利益登録	legal	transparency	en	uk,parliament,lobbying,conflicts	86400	Declared financial interests, gifts and outside employment of UK parliamentarians.
gov-ukparl-treaties	https://treaties-api.parliament.uk/api/Treaty?take=25	json:items	25	UK Parliament — Treaty Scrutiny	英国議会 条約審査	legal	parliament	en	uk,treaties,parliament,international	86400	Treaties laid before the UK Parliament under CRaG with scrutiny status.
gov-uklegislation-new	https://www.legislation.gov.uk/new/data.feed	atom	20	legislation.gov.uk — Newly Published	英国法令 新規公布	legal	gazette	en	uk,legislation,statute,gazette	3600	Every piece of UK legislation as it is published, across all types and jurisdictions.
gov-uklegislation-uksi	https://www.legislation.gov.uk/uksi/data.feed	atom	20	legislation.gov.uk — UK Statutory Instruments	英国 法定文書（SI）	legal	gazette	en	uk,legislation,statutoryinstrument	3600	UK Statutory Instruments as made, the main vehicle for UK secondary legislation.
gov-judiciary-uk	https://www.judiciary.uk/feed/	atom	10	Judiciary of England and Wales — Judgments	英国司法府 判決	legal	courts	en	uk,courts,judgments,rulings	3600	Judgments, sentencing remarks and coroner reports published by the Judiciary of England and Wales.
gov-fca-news	https://www.fca.org.uk/news/rss.xml	rss	20	FCA — News and Enforcement	英国金融行為監督機構 ニュース	finance	regulator	en	uk,fca,financial,enforcement	3600	UK Financial Conduct Authority final notices, warnings and policy statements.
gov-ons-releases	https://www.ons.gov.uk/releasecalendar?rss	rss	10	ONS — Statistical Release Calendar	英国国家統計局 公表予定	government	statistics	en	uk,ons,statistics,calendar	86400	Forthcoming and just-published UK Office for National Statistics releases.
gov-ons-datasets	https://api.beta.ons.gov.uk/v1/datasets?limit=50	json:items	50	ONS — Open Dataset API	英国国家統計局 データセットAPI	government	statistics	en	uk,ons,statistics,api	86400	Machine-readable catalogue of ONS datasets with editions and versions.
gov-findatender-ocds	https://www.find-tender.service.gov.uk/api/1.0/ocdsReleasePackages	json:releases	100	Find a Tender — UK OCDS Feed	英国政府調達 OCDSフィード	government	procurement	en	uk,procurement,tenders,ocds	3600	Open Contracting Data Standard releases for high-value UK public procurement notices.
gov-contractsfinder-ocds	https://www.contractsfinder.service.gov.uk/Published/Notices/OCDS/Search?publishedFrom=2026-07-01	json:releases	100	Contracts Finder — UK OCDS Feed	英国契約検索 OCDSフィード	government	procurement	en	uk,procurement,contracts,ocds	3600	OCDS releases for below-threshold UK public contracts and awards from Contracts Finder.
gov-nao-reports	https://www.nao.org.uk/feed/	atom	11	National Audit Office — Reports	英国会計検査院 報告書	government	transparency	en	uk,audit,oversight,spending	86400	UK National Audit Office value-for-money reports and investigations.
gov-uk-hse	https://press.hse.gov.uk/feed/	rss	10	Health and Safety Executive — Press	英国安全衛生庁 報道発表	government	regulator	en	uk,hse,workplace,prosecutions	3600	UK Health and Safety Executive prosecutions, fines and safety alerts.
gov-nireland-news	https://www.northernireland.gov.uk/rss.xml	rss	10	Northern Ireland Executive — News	北アイルランド行政府 ニュース	government	transparency	en	uk,northernireland,devolved	3600	Northern Ireland Executive departmental announcements and ministerial statements.
gov-scotparl-members	https://data.parliament.scot/api/members	json-array	416	Scottish Parliament — Members Data	スコットランド議会 議員データ	legal	parliament	en	uk,scotland,parliament,members	86400	Open data on all past and present Members of the Scottish Parliament.
gov-oireachtas-legislation	https://api.oireachtas.ie/v1/legislation?limit=50	json:results	50	Oireachtas — Irish Legislation	アイルランド議会 立法	legal	parliament	en	ireland,parliament,bills,legislation	3600	Bills and acts before the Irish Oireachtas with stage history and sponsor.
gov-oireachtas-members	https://api.oireachtas.ie/v1/members?limit=50	json:results	50	Oireachtas — Members	アイルランド議会 議員	legal	parliament	en	ireland,parliament,members,pep	86400	Members of the Dáil and Seanad with party, constituency and terms.
gov-oireachtas-debates	https://api.oireachtas.ie/v1/debates?limit=10	json:results	10	Oireachtas — Debate Records	アイルランド議会 議事録	legal	parliament	en	ireland,parliament,hansard,debates	3600	Irish parliamentary debate records with speaker attribution and full text links.
gov-oireachtas-questions	https://api.oireachtas.ie/v1/questions?limit=25	json:results	25	Oireachtas — Parliamentary Questions	アイルランド議会 質問	legal	parliament	en	ireland,parliament,questions,oversight	3600	Parliamentary questions and ministerial answers in the Irish Oireachtas.
gov-oireachtas-divisions	https://api.oireachtas.ie/v1/divisions?limit=25	json:results	25	Oireachtas — Division Votes	アイルランド議会 採決	legal	parliament	en	ireland,parliament,votes	3600	Recorded division votes in the Dáil and Seanad.
gov-oireachtas-parties	https://api.oireachtas.ie/v1/parties?limit=25	json:results	11	Oireachtas — Political Parties	アイルランド議会 政党一覧	legal	parliament	en	ireland,parliament,parties	604800	Registry of political parties represented in the Irish Oireachtas.
gov-fr-datagouv-datasets	https://www.data.gouv.fr/api/1/datasets/?page_size=50	json:data	50	data.gouv.fr — French Open Datasets	フランス公開データ データセット	government	transparency	fr	france,opendata,catalogue	86400	Newly published datasets on the French national open data platform.
gov-fr-datagouv-orgs	https://www.data.gouv.fr/api/1/organizations/?page_size=50	json:data	50	data.gouv.fr — Publishing Organisations	フランス公開データ 公開機関	government	registry	fr	france,opendata,organisations	604800	Registry of French public bodies publishing open data, with sector and activity.
gov-fr-recherche-entreprises	https://recherche-entreprises.api.gouv.fr/search?q=societe&per_page=25	json:results	25	Recherche d'entreprises — French Company Registry	フランス企業検索API	finance	registry	fr	france,companies,registry,sirene	86400	Official French company search API over the SIRENE register with directors and NAF codes.
gov-fr-sirene-ods	https://public.opendatasoft.com/api/records/1.0/search/?dataset=economicref-france-sirene-v3&rows=50	json:records	50	SIRENE v3 — French Establishment Register	SIRENE v3 フランス事業所登録	finance	registry	fr	france,companies,sirene,registry	86400	French SIRENE establishment register records with SIRET, address and activity code.
gov-fr-bodacc-ods	https://bodacc-datadila.opendatasoft.com/api/records/1.0/search/?dataset=annonces-commerciales&rows=50&sort=dateparution	json:records	50	BODACC — French Commercial Gazette	BODACC フランス商事公告	legal	gazette	fr	france,gazette,insolvency,companies	21600	French Bulletin officiel des annonces civiles et commerciales: incorporations, sales and insolvencies.
gov-fr-boamp-ods	https://boamp-datadila.opendatasoft.com/api/records/1.0/search/?dataset=boamp&rows=50&sort=dateparution	json:records	50	BOAMP — French Public Tender Notices	BOAMP フランス公共調達公告	government	procurement	fr	france,procurement,tenders	3600	French Bulletin officiel des annonces de marchés publics: tender notices and awards.
gov-fr-senat-presse	https://www.senat.fr/rss/presse.xml	atom	13	Sénat — Press Releases	フランス上院 報道発表	legal	parliament	fr	france,parliament,senate	3600	Press releases and legislative announcements from the French Senate.
gov-cnil-actu	https://www.cnil.fr/fr/rss.xml	rss	10	CNIL — Data Protection Decisions	CNIL フランス個人情報保護	legal	regulator	fr	france,gdpr,privacy,sanctions	3600	French data protection authority sanctions, guidance and enforcement decisions.
gov-govdata-de	https://www.govdata.de/ckan/api/3/action/package_search?rows=50	json:result.results	50	GovData — German Open Data Portal	GovData ドイツ公開データ	government	transparency	de	germany,opendata,catalogue	86400	Newly published datasets across German federal, state and municipal open data portals.
gov-de-abgeordnetenwatch-politicians	https://www.abgeordnetenwatch.de/api/v2/politicians?range_end=50	json:data	50	Abgeordnetenwatch — German Politicians	Abgeordnetenwatch ドイツ政治家DB	legal	transparency	de	germany,parliament,politicians,pep	86400	Structured records of German federal and state politicians, mandates and party affiliations.
gov-de-abgeordnetenwatch-polls	https://www.abgeordnetenwatch.de/api/v2/polls?range_end=50	json:data	50	Abgeordnetenwatch — Bundestag Votes	Abgeordnetenwatch 連邦議会採決	legal	parliament	de	germany,parliament,votes,bundestag	86400	Recorded Bundestag and Landtag votes with per-member voting behaviour.
gov-de-abgeordnetenwatch-parliaments	https://www.abgeordnetenwatch.de/api/v2/parliaments?range_end=50	json:data	18	Abgeordnetenwatch — German Parliaments	Abgeordnetenwatch ドイツ議会一覧	legal	parliament	de	germany,parliament,reference	604800	Registry of the German federal, state and European parliaments tracked by Abgeordnetenwatch.
gov-de-openlegaldata-cases	https://de.openlegaldata.io/api/cases/?limit=50	json:results	10	Open Legal Data — German Court Decisions	Open Legal Data ドイツ判例	legal	courts	de	germany,courts,judgments,caselaw	21600	Full-text German court decisions from federal and state courts in structured form.
gov-de-openlegaldata-laws	https://de.openlegaldata.io/api/laws/?limit=50	json:results	50	Open Legal Data — German Statutes	Open Legal Data ドイツ法令	legal	parliament	de	germany,legislation,statute	86400	Structured German federal statutes and individual code sections.
gov-ch-fedlex-sparql	https://fedlex.data.admin.ch/sparqlendpoint?query=SELECT%20*%20WHERE%20%7B%3Fs%20%3Fp%20%3Fo%7D%20LIMIT%2020&format=application%2Fsparql-results%2Bjson	json:results.bindings	20	Fedlex — Swiss Law Linked Data	Fedlex スイス法令リンクトデータ	legal	gazette	de	switzerland,legislation,sparql,linkeddata	86400	SPARQL endpoint over Swiss federal law and the Official Compilation published on Fedlex.
gov-ch-swissparl-sessions	https://ws.parlament.ch/odata.svc/Session?$format=json&$top=50	json:d	50	Swiss Parliament — Sessions OData	スイス連邦議会 会期データ	legal	parliament	de	switzerland,parliament,sessions	86400	OData feed of Swiss Federal Assembly sessions, used as the key to business and vote records.
gov-it-camera-sparql	https://dati.camera.it/sparql?query=SELECT%20*%20WHERE%20%7B%3Fs%20%3Fp%20%3Fo%7D%20LIMIT%2020&format=application%2Fsparql-results%2Bjson	json:results.bindings	20	Camera dei Deputati — Linked Open Data	イタリア下院 リンクト・オープンデータ	legal	parliament	it	italy,parliament,sparql,linkeddata	86400	SPARQL endpoint over the Italian Chamber of Deputies linked open data on members and bills.
gov-it-dati-ckan	https://www.dati.gov.it/opendata/api/3/action/package_search?rows=50	json:result.results	50	dati.gov.it — Italian Open Data	dati.gov.it イタリア公開データ	government	transparency	it	italy,opendata,catalogue	86400	Newly published datasets across the Italian national open data catalogue.
gov-it-gazzetta-s1	https://www.gazzettaufficiale.it/rss/S1	rss	2	Gazzetta Ufficiale — Constitutional Court Series	イタリア官報 憲法裁判所特別号	legal	gazette	it	italy,gazette,constitutionalcourt	86400	Italian Official Gazette special series carrying Constitutional Court rulings and referrals.
gov-es-datos-catalog	https://datos.gob.es/apidata/catalog/dataset?_pageSize=20&_page=0	csv	71	datos.gob.es — Spanish Open Data Catalogue	datos.gob.es スペイン公開データ	government	transparency	es	spain,opendata,catalogue	86400	Linked-data catalogue of datasets published by Spanish national, regional and local bodies.
gov-pt-dados-datasets	https://dados.gov.pt/api/1/datasets/?page_size=50	json:data	50	dados.gov.pt — Portuguese Open Data	dados.gov.pt ポルトガル公開データ	government	transparency	pt	portugal,opendata,catalogue	86400	Newly published datasets on the Portuguese national open data portal.
gov-nl-data-overheid	https://data.overheid.nl/data/api/3/action/package_search?rows=50	json:result.results	50	data.overheid.nl — Dutch Open Data	data.overheid.nl オランダ公開データ	government	transparency	nl	netherlands,opendata,catalogue	86400	Newly published datasets across Dutch national and municipal government.
gov-nl-tweedekamer-document	https://gegevensmagazijn.tweedekamer.nl/OData/v4/2.0/Document?$top=20&$format=json	json:value	20	Tweede Kamer — Parliamentary Documents	オランダ下院 議会文書	legal	parliament	nl	netherlands,parliament,documents	3600	Documents tabled in the Dutch House of Representatives via the official OData magazine.
gov-nl-tweedekamer-zaak	https://gegevensmagazijn.tweedekamer.nl/OData/v4/2.0/Zaak?$top=20&$format=json	json:value	20	Tweede Kamer — Parliamentary Cases	オランダ下院 議案	legal	parliament	nl	netherlands,parliament,cases	3600	Cases (zaken) before the Dutch House of Representatives with type and status.
gov-nl-tweedekamer-besluit	https://gegevensmagazijn.tweedekamer.nl/OData/v4/2.0/Besluit?$top=20&$format=json	json:value	20	Tweede Kamer — Decisions	オランダ下院 決定	legal	parliament	nl	netherlands,parliament,decisions	3600	Decisions taken by the Dutch House of Representatives on tabled business.
gov-nl-tweedekamer-stemming	https://gegevensmagazijn.tweedekamer.nl/OData/v4/2.0/Stemming?$top=20&$format=json	json:value	20	Tweede Kamer — Votes	オランダ下院 採決	legal	parliament	nl	netherlands,parliament,votes	3600	Vote records in the Dutch House of Representatives by party and motion.
gov-nl-tweedekamer-persoon	https://gegevensmagazijn.tweedekamer.nl/OData/v4/2.0/Persoon?$top=20&$format=json	json:value	20	Tweede Kamer — Person Registry	オランダ下院 人物登録	legal	parliament	nl	netherlands,parliament,members,pep	86400	Registry of persons appearing in Dutch parliamentary records: MPs, ministers and officials.
gov-dk-ft-sag	https://oda.ft.dk/api/Sag?$top=50&$orderby=opdateringsdato%20desc	json:value	50	Folketinget — Parliamentary Cases	デンマーク議会 議案	legal	parliament	da	denmark,parliament,bills	3600	Danish Folketing cases (bills, motions, inquiries) ordered by most recent update.
gov-dk-ft-dokument	https://oda.ft.dk/api/Dokument?$top=50&$orderby=opdateringsdato%20desc	json:value	50	Folketinget — Documents	デンマーク議会 文書	legal	parliament	da	denmark,parliament,documents	3600	Documents filed in the Danish Folketing with type, date and case linkage.
gov-dk-ft-afstemning	https://oda.ft.dk/api/Afstemning?$top=50	json:value	50	Folketinget — Votes	デンマーク議会 採決	legal	parliament	da	denmark,parliament,votes	3600	Recorded votes in the Danish Folketing with outcome and vote counts.
gov-dk-ft-aktoer	https://oda.ft.dk/api/Akt%C3%B8r?$top=50	json:value	50	Folketinget — Actors Registry	デンマーク議会 関係者登録	legal	parliament	da	denmark,parliament,members,pep	86400	Registry of people and bodies in Danish parliamentary records: MPs, ministries, committees.
gov-dk-ft-moede	https://oda.ft.dk/api/M%C3%B8de?$top=50	json:value	50	Folketinget — Meetings	デンマーク議会 会議	legal	parliament	da	denmark,parliament,meetings	3600	Danish Folketing sittings and committee meetings with agenda linkage.
gov-no-brreg-enheter	https://data.brreg.no/enhetsregisteret/api/enheter?size=50	json:_embedded.enheter	50	Brønnøysund — Norwegian Company Register	ブレンネーウス ノルウェー企業登録	finance	registry	no	norway,companies,registry,beneficialownership	86400	Norwegian Central Coordinating Register of Legal Entities with organisation number and roles.
gov-no-brreg-konkurs	https://data.brreg.no/enhetsregisteret/api/enheter?size=50&konkurs=true	json:_embedded.enheter	50	Brønnøysund — Norwegian Bankruptcies	ブレンネーウス ノルウェー破産企業	finance	registry	no	norway,insolvency,bankruptcy,registry	21600	Norwegian registered entities flagged as bankrupt — a direct corporate-distress signal.
gov-no-stortinget-saker	https://data.stortinget.no/eksport/saker?format=json&sesjonid=2025-2026	json:saker_liste	650	Stortinget — Parliamentary Cases	ノルウェー議会 議案	legal	parliament	no	norway,parliament,bills	3600	All cases before the Norwegian Storting for the current session with committee and status.
gov-no-stortinget-representanter	https://data.stortinget.no/eksport/representanter?format=json	json:representanter_liste	169	Stortinget — Representatives	ノルウェー議会 議員	legal	parliament	no	norway,parliament,members,pep	86400	Sitting members of the Norwegian Storting with party and county.
gov-no-stortinget-komiteer	https://data.stortinget.no/eksport/komiteer?format=json	json:komiteer_liste	18	Stortinget — Committees	ノルウェー議会 委員会	legal	parliament	no	norway,parliament,committees	604800	Standing committees of the Norwegian Storting.
gov-no-stortinget-sesjoner	https://data.stortinget.no/eksport/sesjoner?format=json	json:sesjoner_liste	43	Stortinget — Sessions	ノルウェー議会 会期	legal	parliament	no	norway,parliament,sessions	604800	Historic and current Storting sessions, the key needed to page other Storting exports.
gov-se-riksdagen-docs	https://data.riksdagen.se/dokumentlista/?sok=&doktyp=&utformat=json&sz=50	json:dokumentlista.dokument	53	Riksdagen — Swedish Parliament Documents	スウェーデン議会 文書	legal	parliament	sv	sweden,parliament,documents,bills	3600	All document types filed in the Swedish Riksdag: bills, motions, protocols and reports.
gov-si-data	https://podatki.gov.si/api/3/action/package_search?rows=50	json:result.results	50	podatki.gov.si — Slovenian Open Data	podatki.gov.si スロベニア公開データ	government	transparency	sl	slovenia,opendata,catalogue	86400	Newly published datasets on the Slovenian national open data portal.
gov-lv-data	https://data.gov.lv/dati/lv/api/3/action/package_search?rows=50	json:result.results	50	data.gov.lv — Latvian Open Data	data.gov.lv ラトビア公開データ	government	transparency	lv	latvia,opendata,catalogue	86400	Newly published datasets on the Latvian national open data portal.
gov-lu-data	https://data.public.lu/api/1/datasets/?page_size=50	json:data	50	data.public.lu — Luxembourg Open Data	data.public.lu ルクセンブルク公開データ	government	transparency	fr	luxembourg,opendata,catalogue	86400	Newly published datasets on the Luxembourg national open data portal.
gov-ro-data	https://data.gov.ro/api/3/action/package_search?rows=50	json:result.results	50	data.gov.ro — Romanian Open Data	data.gov.ro ルーマニア公開データ	government	transparency	ro	romania,opendata,catalogue	86400	Newly published datasets on the Romanian national open data portal.
gov-rs-data	https://data.gov.rs/api/1/datasets/?page_size=50	json:data	50	data.gov.rs — Serbian Open Data	data.gov.rs セルビア公開データ	government	transparency	sr	serbia,opendata,catalogue,balkans	86400	Newly published datasets on the Serbian national open data portal.
gov-pl-sejm-mps	https://api.sejm.gov.pl/sejm/term10/MP	json-array	499	Sejm — Polish MPs	ポーランド下院 議員	legal	parliament	pl	poland,parliament,members,pep	86400	All 460 sitting and replaced members of the Polish Sejm with district and party.
gov-pl-sejm-proceedings	https://api.sejm.gov.pl/sejm/term10/proceedings	json-array	75	Sejm — Sittings	ポーランド下院 会議	legal	parliament	pl	poland,parliament,sittings	3600	Sittings of the Polish Sejm with agenda items and dates.
gov-pl-sejm-interpellations	https://api.sejm.gov.pl/sejm/term10/interpellations?limit=50	json-array	50	Sejm — Interpellations	ポーランド下院 質問書	legal	parliament	pl	poland,parliament,questions,oversight	3600	Written interpellations to Polish ministers with subject, author and reply status.
gov-pl-sejm-committees	https://api.sejm.gov.pl/sejm/term10/committees	json-array	40	Sejm — Committees	ポーランド下院 委員会	legal	parliament	pl	poland,parliament,committees	604800	Standing and special committees of the Polish Sejm.
gov-pl-sejm-clubs	https://api.sejm.gov.pl/sejm/term10/clubs	json-array	12	Sejm — Parliamentary Clubs	ポーランド下院 会派	legal	parliament	pl	poland,parliament,parties	604800	Parliamentary clubs and circles in the Polish Sejm with member counts.
gov-pl-eli-du	https://api.sejm.gov.pl/eli/acts/DU/2026	json:items	1067	Dziennik Ustaw — Polish Journal of Laws	ポーランド官報（法律公報）	legal	gazette	pl	poland,gazette,legislation,eli	86400	Every act published in the Polish Journal of Laws for the current year, in ELI format.
gov-pl-eli-mp	https://api.sejm.gov.pl/eli/acts/MP/2026	json:items	768	Monitor Polski — Polish Official Gazette	ポーランド官報（モニトル・ポルスキ）	legal	gazette	pl	poland,gazette,resolutions,eli	86400	Resolutions, orders and official notices published in Monitor Polski for the current year.
gov-gr-diavgeia-search	https://diavgeia.gov.gr/opendata/search.json?size=50	json:decisions	50	Diavgeia — Greek Transparency Decisions	Diavgeia ギリシャ行政決定公開	government	transparency	el	greece,transparency,decisions,spending	3600	Every administrative decision Greek public bodies must publish, including spending commitments.
gov-gr-diavgeia-orgs	https://diavgeia.gov.gr/opendata/organizations.json	json:organizations	5417	Diavgeia — Greek Public Bodies	Diavgeia ギリシャ公的機関一覧	government	registry	el	greece,transparency,registry	604800	Registry of over 5,400 Greek public bodies obliged to publish decisions on Diavgeia.
gov-ua-prozorro	https://public.api.openprocurement.org/api/2.5/tenders	json:data	100	ProZorro — Ukrainian Public Procurement	ProZorro ウクライナ公共調達	government	procurement	uk	ukraine,procurement,tenders,ocds	1800	Live feed of every tender published on Ukraine's ProZorro e-procurement system.
gov-ua-data-ckan	https://data.gov.ua/api/3/action/package_search?rows=50	json:result.results	50	data.gov.ua — Ukrainian Open Data	data.gov.ua ウクライナ公開データ	government	transparency	uk	ukraine,opendata,catalogue	86400	Newly published datasets on the Ukrainian national open data portal.
gov-ua-rada-mps	https://data.rada.gov.ua/ogd/mps/skl9/mps-data.json	json:mps	467	Verkhovna Rada — Ukrainian MPs	ウクライナ最高会議 議員データ	legal	parliament	uk	ukraine,parliament,members,pep	86400	Full open dataset of Ukrainian MPs with faction, committee and assistant records.
gov-md-mtender	https://public.mtender.gov.md/tenders	json:data	100	MTender — Moldovan Public Procurement	MTender モルドバ公共調達	government	procurement	ro	moldova,procurement,tenders,ocds	1800	Live OCDS tender feed from Moldova's MTender e-procurement platform.
gov-am-data	https://data.opendata.am/api/3/action/package_search?rows=50	json:result.results	50	Armenia Open Data	アルメニア公開データ	government	transparency	hy	armenia,opendata,caucasus,catalogue	86400	Newly published datasets on the Armenian open data portal.
gov-kg-data	https://data.gov.kg/api/3/action/package_search?rows=50	json:result.results	50	data.gov.kg — Kyrgyz Open Data	data.gov.kg キルギス公開データ	government	transparency	ru	kyrgyzstan,opendata,centralasia,catalogue	86400	Newly published datasets on the Kyrgyz Republic national open data portal.
gov-il-knesset-bills	https://knesset.gov.il/Odata/ParliamentInfo.svc/KNS_Bill?$top=50&$format=json	json:value	50	Knesset — Israeli Bills	クネセト イスラエル法案	legal	parliament	he	israel,parliament,bills	3600	Bills before the Israeli Knesset with status, initiator and committee, via the official OData service.
gov-il-knesset-members	https://knesset.gov.il/Odata/ParliamentInfo.svc/KNS_Person?$top=50&$format=json	json:value	50	Knesset — Person Registry	クネセト 人物登録	legal	parliament	he	israel,parliament,members,pep	86400	Registry of Knesset members and officials appearing in parliamentary records.
gov-il-knesset-committees	https://knesset.gov.il/Odata/ParliamentInfo.svc/KNS_Committee?$top=50&$format=json	json:value	50	Knesset — Committees	クネセト 委員会	legal	parliament	he	israel,parliament,committees	604800	Israeli Knesset committees with type and Knesset term.
gov-il-knesset-plenum	https://knesset.gov.il/Odata/ParliamentInfo.svc/KNS_PlenumSession?$top=50&$format=json	json:value	50	Knesset — Plenum Sessions	クネセト 本会議	legal	parliament	he	israel,parliament,sessions	3600	Plenum sessions of the Israeli Knesset with dates and agenda linkage.
gov-il-knesset-votes	https://knesset.gov.il/Odata/Votes.svc/vote_rslts_kmmbr_shadow?$top=50&$format=json	json:value	50	Knesset — Member Vote Results	クネセト 議員別採決結果	legal	parliament	he	israel,parliament,votes	3600	Per-member vote results in the Israeli Knesset from the official votes OData service.
gov-il-data-ckan	https://data.gov.il/api/3/action/package_search?rows=50	json:result.results	50	data.gov.il — Israeli Open Data	data.gov.il イスラエル公開データ	government	transparency	he	israel,opendata,catalogue	86400	Newly published datasets on the Israeli national open data portal.
gov-ma-data	https://www.data.gov.ma/data/api/3/action/package_search?rows=50	json:result.results	50	data.gov.ma — Moroccan Open Data	data.gov.ma モロッコ公開データ	government	transparency	fr	morocco,opendata,africa,catalogue	86400	Newly published datasets on the Moroccan national open data portal.
gov-za-gov-news	https://www.gov.za/rss.xml	rss	10	South African Government — News	南アフリカ政府 ニュース	government	transparency	en	southafrica,africa,government,press	3600	Official South African government statements, cabinet decisions and departmental news.
gov-za-sars	https://www.sars.gov.za/feed/	rss	10	SARS — South African Revenue Service	南アフリカ歳入庁	finance	regulator	en	southafrica,tax,customs,africa	3600	South African Revenue Service tax and customs announcements, rulings and enforcement.
gov-za-pmg-bills	https://api.pmg.org.za/bill/	json:results	50	PMG — South African Bills Tracker	PMG 南アフリカ法案追跡	legal	parliament	en	southafrica,parliament,bills,africa	21600	Parliamentary Monitoring Group tracker of every bill before the South African Parliament.
gov-za-pmg-committees	https://api.pmg.org.za/committee/	json:results	50	PMG — South African Committees	PMG 南アフリカ議会委員会	legal	parliament	en	southafrica,parliament,committees,africa	86400	South African parliamentary committees with house and meeting history.
gov-za-pmg-members	https://api.pmg.org.za/member/	json:results	50	PMG — South African MPs	PMG 南アフリカ議員	legal	parliament	en	southafrica,parliament,members,pep,africa	86400	Members of the South African Parliament with party and committee membership.
gov-ke-cbk	https://www.centralbank.go.ke/feed/	rss	10	Central Bank of Kenya — News	ケニア中央銀行 ニュース	finance	regulator	en	kenya,centralbank,africa	3600	Central Bank of Kenya monetary policy decisions, circulars and banking sector notices.
gov-ca-open-ckan	https://open.canada.ca/data/en/api/3/action/package_search?rows=20	json:result.results	20	Open Government Canada — Datasets	カナダ政府 公開データ	government	transparency	en	canada,opendata,catalogue	86400	Newly published datasets on the Government of Canada open data portal.
gov-ca-news-en	https://api.io.canada.ca/io-server/gc/news/en/v2?sort=publishedDate&orderBy=desc&pick=50&format=atom	atom	50	Government of Canada — News (EN)	カナダ政府 ニュース（英語）	government	transparency	en	canada,government,press	3600	All Government of Canada news releases and statements across departments, in English.
gov-ca-news-fr	https://api.io.canada.ca/io-server/gc/news/fr/v2?sort=publishedDate&orderBy=desc&pick=50&format=atom	atom	50	Government of Canada — News (FR)	カナダ政府 ニュース（仏語）	government	transparency	fr	canada,government,press	3600	All Government of Canada news releases and statements across departments, in French.
gov-ca-legisinfo	https://www.parl.ca/legisinfo/en/bills/json	json-array	185	LEGISinfo — Canadian Bills	LEGISinfo カナダ法案	legal	parliament	en	canada,parliament,bills,legislation	3600	Every bill before the Parliament of Canada with stage, sponsor and royal assent status.
gov-ca-boc-valet-fx	https://www.bankofcanada.ca/valet/observations/FXUSDCAD/json?recent=30	json:observations	30	Bank of Canada Valet — USD/CAD Rate	カナダ銀行 為替レートAPI	finance	statistics	en	canada,centralbank,fx,timeseries	86400	Bank of Canada Valet API daily USD/CAD exchange rate observations.
gov-ca-statcan-cubes	https://www150.statcan.gc.ca/t1/wds/rest/getAllCubesListLite	json-array	8221	Statistics Canada — Data Cube Registry	カナダ統計局 データキューブ一覧	government	statistics	en	canada,statistics,statcan,catalogue	604800	Registry of all 8,000+ Statistics Canada data tables with release dates and dimensions.
gov-br-camara-proposicoes	https://dadosabertos.camara.leg.br/api/v2/proposicoes?itens=50&ordem=DESC&ordenarPor=id&formato=json	json:dados	50	Câmara dos Deputados — Bills	ブラジル下院 法案	legal	parliament	pt	brazil,parliament,bills,latam	3600	Newly filed propositions in the Brazilian Chamber of Deputies with type, number and author.
gov-br-camara-deputados	https://dadosabertos.camara.leg.br/api/v2/deputados?itens=100&formato=json	json:dados	100	Câmara dos Deputados — Members	ブラジル下院 議員	legal	parliament	pt	brazil,parliament,members,pep,latam	86400	All 513 Brazilian federal deputies with party, state and contact details.
gov-br-camara-votacoes	https://dadosabertos.camara.leg.br/api/v2/votacoes?itens=50&formato=json	json:dados	50	Câmara dos Deputados — Votes	ブラジル下院 採決	legal	parliament	pt	brazil,parliament,votes,latam	3600	Recorded votes in the Brazilian Chamber of Deputies with subject and outcome.
gov-br-camara-eventos	https://dadosabertos.camara.leg.br/api/v2/eventos?itens=50&formato=json	json:dados	49	Câmara dos Deputados — Events	ブラジル下院 会議日程	legal	parliament	pt	brazil,parliament,events,latam	3600	Scheduled sittings, committee sessions and hearings in the Brazilian Chamber.
gov-br-camara-orgaos	https://dadosabertos.camara.leg.br/api/v2/orgaos?itens=50&formato=json	json:dados	50	Câmara dos Deputados — Bodies	ブラジル下院 内部機関	legal	parliament	pt	brazil,parliament,committees,latam	604800	Committees, commissions and internal bodies of the Brazilian Chamber of Deputies.
gov-br-camara-frentes	https://dadosabertos.camara.leg.br/api/v2/frentes?itens=50&formato=json	json:dados	50	Câmara dos Deputados — Caucuses	ブラジル下院 議員連盟	legal	transparency	pt	brazil,parliament,caucuses,lobbying,latam	86400	Registered parliamentary caucuses (frentes) in Brazil — a useful lobbying-influence map.
gov-br-camara-partidos	https://dadosabertos.camara.leg.br/api/v2/partidos?itens=50&formato=json	json:dados	22	Câmara dos Deputados — Parties	ブラジル下院 政党	legal	parliament	pt	brazil,parliament,parties,latam	604800	Political parties with representation in the Brazilian Chamber of Deputies.
gov-br-senado-senadores	https://legis.senado.leg.br/dadosabertos/senador/lista/atual.json	json-object	1	Senado Federal — Sitting Senators	ブラジル上院 現職議員	legal	parliament	pt	brazil,parliament,members,pep,latam	86400	All sitting Brazilian federal senators with state, party and mandate details.
gov-br-senado-materias	https://legis.senado.leg.br/dadosabertos/materia/atualizadas.json	json-object	1	Senado Federal — Updated Bills	ブラジル上院 更新議案	legal	parliament	pt	brazil,parliament,bills,latam	3600	Brazilian Senate legislative matters updated in the last window, with status changes.
gov-br-ibge-noticias	https://servicodados.ibge.gov.br/api/v3/noticias/?qtd=50	json:items	30	IBGE — Statistical News	IBGE ブラジル統計ニュース	government	statistics	pt	brazil,statistics,ibge,latam	21600	Brazilian Institute of Geography and Statistics release announcements and data commentary.
gov-br-ibge-municipios	https://servicodados.ibge.gov.br/api/v1/localidades/municipios	json-array	5571	IBGE — Municipality Registry	IBGE ブラジル市町村台帳	government	registry	pt	brazil,geography,registry,latam	604800	All 5,571 Brazilian municipalities with IBGE codes, microregion and state — a geocoding backbone.
gov-co-secop1	https://www.datos.gov.co/resource/p6dx-8zbt.json?$limit=50	json-array	50	SECOP I — Colombian Procurement	SECOP I コロンビア調達	government	procurement	es	colombia,procurement,contracts,latam	3600	Colombian SECOP I public contracting records with entity, value and contractor.
gov-co-secop2	https://www.datos.gov.co/resource/rpmr-utcd.json?$limit=50	json-array	50	SECOP II — Colombian Procurement	SECOP II コロンビア調達	government	procurement	es	colombia,procurement,contracts,latam	3600	Colombian SECOP II electronic contracting records including awards and modifications.
gov-co-socrata-catalog	https://api.us.socrata.com/api/catalog/v1?domains=www.datos.gov.co&limit=50	json:results	50	datos.gov.co — Colombian Dataset Catalogue	datos.gov.co コロンビア データ目録	government	transparency	es	colombia,opendata,catalogue,latam	86400	Catalogue of Colombian government open datasets, the discovery layer above SECOP and others.
gov-ar-datos-ckan	https://datos.gob.ar/api/3/action/package_search?rows=50	json:result.results	50	datos.gob.ar — Argentine Open Data	datos.gob.ar アルゼンチン公開データ	government	transparency	es	argentina,opendata,catalogue,latam	86400	Newly published datasets on the Argentine national open data portal.
gov-ar-diputados-ckan	https://datos.hcdn.gob.ar/api/3/action/package_search?rows=50	json:result.results	29	Cámara de Diputados Argentina — Open Data	アルゼンチン下院 公開データ	legal	parliament	es	argentina,parliament,opendata,latam	86400	Open datasets published by the Argentine Chamber of Deputies: votes, members, expenses.
gov-cl-datos-ckan	https://datos.gob.cl/api/3/action/package_search?rows=50	json:result.results	50	datos.gob.cl — Chilean Open Data	datos.gob.cl チリ公開データ	government	transparency	es	chile,opendata,catalogue,latam	86400	Newly published datasets on the Chilean national open data portal.
gov-uy-datos-ckan	https://catalogodatos.gub.uy/api/3/action/package_search?rows=50	json:result.results	50	Catálogo de Datos Uruguay	ウルグアイ公開データ目録	government	transparency	es	uruguay,opendata,catalogue,latam	86400	Newly published datasets on the Uruguayan national open data catalogue.
gov-pa-datos-ckan	https://www.datosabiertos.gob.pa/api/3/action/package_search?rows=50	json:result.results	50	Datos Abiertos Panamá	パナマ公開データ	government	transparency	es	panama,opendata,catalogue,latam	86400	Newly published datasets on the Panamanian national open data portal.
gov-do-datos-ckan	https://datos.gob.do/api/3/action/package_search?rows=50	json:result.results	50	Datos Abiertos República Dominicana	ドミニカ共和国公開データ	government	transparency	es	dominicanrepublic,opendata,catalogue,latam	86400	Newly published datasets on the Dominican Republic national open data portal.
gov-au-data-ckan	https://data.gov.au/data/api/3/action/package_search?rows=50	json:result.results	50	data.gov.au — Australian Open Data	data.gov.au オーストラリア公開データ	government	transparency	en	australia,opendata,catalogue,pacific	86400	Newly published datasets across Australian federal, state and territory government.
gov-au-rba-speeches	https://www.rba.gov.au/rss/rss-cb-speeches.xml	rss	1	Reserve Bank of Australia — Speeches	オーストラリア準備銀行 講演	finance	regulator	en	australia,centralbank,speeches	86400	Speeches by Reserve Bank of Australia governors and assistant governors.
gov-nz-beehive	https://www.beehive.govt.nz/rss.xml	rss	30	Beehive — New Zealand Government Releases	ニュージーランド政府 発表	government	transparency	en	newzealand,government,press,pacific	3600	Official New Zealand ministerial releases and speeches from the Beehive.
gov-hk-data-ckan	https://data.gov.hk/en-data/api/3/action/package_search?rows=50	json:result.results	50	DATA.GOV.HK — Hong Kong Open Data	DATA.GOV.HK 香港公開データ	government	transparency	en	hongkong,opendata,catalogue,asia	86400	Newly published datasets on the Hong Kong government open data portal.
gov-hk-legco-bills	http://app.legco.gov.hk/BillsDB/odata/Vbills?$top=25&$format=json	json:value	25	LegCo — Hong Kong Bills Database	立法会 香港法案データベース	legal	parliament	en	hongkong,parliament,bills,asia	86400	Bills before the Hong Kong Legislative Council with reading dates and ordinance numbers.
gov-tw-ly-bills	https://ly.govapi.tw/v2/bills?limit=50	json:bills	50	Legislative Yuan — Taiwanese Bills	立法院 台湾法案	legal	parliament	zh	taiwan,parliament,bills,asia	3600	Bills before the Taiwanese Legislative Yuan with proposer, session and status.
gov-tw-ly-legislators	https://ly.govapi.tw/v2/legislators?limit=50	json:legislators	50	Legislative Yuan — Legislators	立法院 台湾立法委員	legal	parliament	zh	taiwan,parliament,members,pep,asia	86400	Members of the Taiwanese Legislative Yuan with party, constituency and term.
gov-sg-datasets	https://api-production.data.gov.sg/v2/public/api/datasets?page=1	json:data.datasets	10	data.gov.sg — Singapore Datasets	data.gov.sg シンガポール データセット	government	transparency	en	singapore,opendata,catalogue,asia	86400	Datasets published on the Singapore government open data platform.
gov-kr-law-search	https://www.law.go.kr/DRF/lawSearch.do?OC=test&target=law&type=JSON&display=20	json:LawSearch.law	20	Korea Law Information — Statute Search	韓国法令情報 法令検索	legal	parliament	ko	korea,legislation,statute,asia	86400	Korean national statute search API returning law names, ministries and effective dates.
gov-in-sebi-news	https://www.sebi.gov.in/sebirss.xml	rss	30	SEBI — Indian Securities Regulator	インドSEBI 証券規制	finance	regulator	en	india,sebi,securities,regulator,asia	3600	Securities and Exchange Board of India orders, circulars and enforcement actions.
gov-jp-egov-laws	https://laws.e-gov.go.jp/api/2/laws?limit=50	json:laws	50	e-Gov — Japanese Statute Database	e-Gov 法令データベース	legal	parliament	ja	japan,legislation,statute,egov	86400	Official Japanese e-Gov statute API listing laws with promulgation number and effective date.
gov-jp-kokkai-meetings	https://kokkai.ndl.go.jp/api/meeting_list?nameOfHouse=%E8%A1%86%E8%AD%B0%E9%99%A2&maximumRecords=10&recordPacking=json	json:meetingRecord	10	National Diet — Meeting Records API	国会会議録検索 会議一覧	legal	parliament	ja	japan,parliament,diet,hansard	3600	National Diet Library API listing House of Representatives meeting records with committee and date.
gov-jp-kokkai-speech	https://kokkai.ndl.go.jp/api/speech?any=%E4%BA%88%E7%AE%97&maximumRecords=10&recordPacking=json	json:speechRecord	10	National Diet — Speech Search API	国会会議録検索 発言検索	legal	parliament	ja	japan,parliament,diet,hansard	3600	Full-text search over verbatim National Diet speeches with speaker, party and committee.
gov-jp-fsa-news	https://www.fsa.go.jp/fsaNewsListAll_rss2.xml	rss	15	FSA Japan — All News	金融庁 新着情報	finance	regulator	ja	japan,fsa,financial,regulator	3600	Japan Financial Services Agency announcements, administrative actions and consultations.
gov-jp-boj-whatsnew	https://www.boj.or.jp/rss/whatsnew.xml	rss	57	Bank of Japan — What's New	日本銀行 新着情報	finance	regulator	ja	japan,boj,centralbank,monetary	3600	Bank of Japan releases: policy decisions, statistics, speeches and market operations.
gov-jp-cao-news	https://www.cao.go.jp/rss/news.rdf	rss	10	Cabinet Office Japan — News	内閣府 新着情報	government	transparency	ja	japan,cabinetoffice,policy	3600	Japanese Cabinet Office announcements, council papers and economic assessments.
gov-jp-mhlw-news	https://www.mhlw.go.jp/stf/news.rdf	rss	122	MHLW Japan — New Information	厚生労働省 新着情報	government	regulator	ja	japan,mhlw,health,labour	3600	Japan Ministry of Health, Labour and Welfare notices, statistics and approvals.
gov-jp-soumu-news	https://www.soumu.go.jp/news.rdf	rss	20	MIC Japan — News	総務省 新着情報	government	regulator	ja	japan,mic,telecom,localgov	3600	Japan Ministry of Internal Affairs and Communications releases on telecoms and local government.
gov-socrata-data-ny	https://api.us.socrata.com/api/catalog/v1?domains=data.ny.gov&limit=50	json:results	50	Open Data NY — Dataset Catalogue	ニューヨーク州 公開データ目録	government	transparency	en	usa,newyork,opendata,catalogue	86400	Catalogue of New York State open datasets including lobbying, licensing and enforcement data.
gov-socrata-data-tx	https://api.us.socrata.com/api/catalog/v1?domains=data.texas.gov&limit=50	json:results	50	Open Data Texas — Dataset Catalogue	テキサス州 公開データ目録	government	transparency	en	usa,texas,opendata,catalogue	86400	Catalogue of Texas state open datasets across agencies and regulators.
gov-socrata-data-wa	https://api.us.socrata.com/api/catalog/v1?domains=data.wa.gov&limit=50	json:results	50	Open Data Washington — Dataset Catalogue	ワシントン州 公開データ目録	government	transparency	en	usa,washington,opendata,catalogue	86400	Catalogue of Washington State open datasets across agencies and regulators.
gov-pacer-cacd	https://ecf.cacd.uscourts.gov/cgi-bin/rss_outside.pl	rss	20	PACER — C.D. California Docket Feed	米連邦地裁 カリフォルニア中部 訴訟記録	legal	courts	en	usa,courts,dockets,pacer	1800	Live docket entries filed in the US District Court for the Central District of California.
gov-pacer-caed	https://ecf.caed.uscourts.gov/cgi-bin/rss_outside.pl	rss	20	PACER — E.D. California Docket Feed	米連邦地裁 カリフォルニア東部 訴訟記録	legal	courts	en	usa,courts,dockets,pacer	1800	Live docket entries filed in the US District Court for the Eastern District of California.
gov-pacer-casd	https://ecf.casd.uscourts.gov/cgi-bin/rss_outside.pl	rss	20	PACER — S.D. California Docket Feed	米連邦地裁 カリフォルニア南部 訴訟記録	legal	courts	en	usa,courts,dockets,pacer	1800	Live docket entries filed in the US District Court for the Southern District of California.
gov-pacer-ilnd	https://ecf.ilnd.uscourts.gov/cgi-bin/rss_outside.pl	rss	20	PACER — N.D. Illinois Docket Feed	米連邦地裁 イリノイ北部 訴訟記録	legal	courts	en	usa,courts,dockets,pacer	1800	Live docket entries filed in the US District Court for the Northern District of Illinois.
gov-pacer-txsd	https://ecf.txsd.uscourts.gov/cgi-bin/rss_outside.pl	rss	20	PACER — S.D. Texas Docket Feed	米連邦地裁 テキサス南部 訴訟記録	legal	courts	en	usa,courts,dockets,pacer	1800	Live docket entries filed in the US District Court for the Southern District of Texas.
gov-pacer-txed	https://ecf.txed.uscourts.gov/cgi-bin/rss_outside.pl	rss	20	PACER — E.D. Texas Docket Feed	米連邦地裁 テキサス東部 訴訟記録	legal	courts	en	usa,courts,dockets,pacer,patent	1800	Live docket entries from the Eastern District of Texas, the leading US patent litigation venue.
gov-pacer-txwd	https://ecf.txwd.uscourts.gov/cgi-bin/rss_outside.pl	rss	20	PACER — W.D. Texas Docket Feed	米連邦地裁 テキサス西部 訴訟記録	legal	courts	en	usa,courts,dockets,pacer,patent	1800	Live docket entries from the Western District of Texas, a major patent and immigration venue.
gov-pacer-flsd	https://ecf.flsd.uscourts.gov/cgi-bin/rss_outside.pl	rss	20	PACER — S.D. Florida Docket Feed	米連邦地裁 フロリダ南部 訴訟記録	legal	courts	en	usa,courts,dockets,pacer	1800	Live docket entries filed in the US District Court for the Southern District of Florida.
gov-pacer-flmd	https://ecf.flmd.uscourts.gov/cgi-bin/rss_outside.pl	rss	20	PACER — M.D. Florida Docket Feed	米連邦地裁 フロリダ中部 訴訟記録	legal	courts	en	usa,courts,dockets,pacer	1800	Live docket entries filed in the US District Court for the Middle District of Florida.
gov-pacer-njd	https://ecf.njd.uscourts.gov/cgi-bin/rss_outside.pl	rss	20	PACER — District of New Jersey Docket Feed	米連邦地裁 ニュージャージー 訴訟記録	legal	courts	en	usa,courts,dockets,pacer,pharma	1800	Live docket entries from the District of New Jersey, a key pharmaceutical litigation venue.
gov-pacer-mad	https://ecf.mad.uscourts.gov/cgi-bin/rss_outside.pl	rss	20	PACER — District of Massachusetts Docket Feed	米連邦地裁 マサチューセッツ 訴訟記録	legal	courts	en	usa,courts,dockets,pacer	1800	Live docket entries filed in the US District Court for the District of Massachusetts.
gov-pacer-ded	https://ecf.ded.uscourts.gov/cgi-bin/rss_outside.pl	rss	20	PACER — District of Delaware Docket Feed	米連邦地裁 デラウェア 訴訟記録	legal	courts	en	usa,courts,dockets,pacer,corporate	1800	Live docket entries from the District of Delaware, the main US corporate and IP litigation venue.
gov-pacer-paed	https://ecf.paed.uscourts.gov/cgi-bin/rss_outside.pl	rss	20	PACER — E.D. Pennsylvania Docket Feed	米連邦地裁 ペンシルベニア東部 訴訟記録	legal	courts	en	usa,courts,dockets,pacer	1800	Live docket entries filed in the US District Court for the Eastern District of Pennsylvania.
gov-pacer-pawd	https://ecf.pawd.uscourts.gov/cgi-bin/rss_outside.pl	rss	20	PACER — W.D. Pennsylvania Docket Feed	米連邦地裁 ペンシルベニア西部 訴訟記録	legal	courts	en	usa,courts,dockets,pacer	1800	Live docket entries filed in the US District Court for the Western District of Pennsylvania.
gov-pacer-mied	https://ecf.mied.uscourts.gov/cgi-bin/rss_outside.pl	rss	20	PACER — E.D. Michigan Docket Feed	米連邦地裁 ミシガン東部 訴訟記録	legal	courts	en	usa,courts,dockets,pacer	1800	Live docket entries filed in the US District Court for the Eastern District of Michigan.
gov-pacer-ohnd	https://ecf.ohnd.uscourts.gov/cgi-bin/rss_outside.pl	rss	20	PACER — N.D. Ohio Docket Feed	米連邦地裁 オハイオ北部 訴訟記録	legal	courts	en	usa,courts,dockets,pacer	1800	Live docket entries filed in the US District Court for the Northern District of Ohio.
gov-pacer-ohsd	https://ecf.ohsd.uscourts.gov/cgi-bin/rss_outside.pl	rss	20	PACER — S.D. Ohio Docket Feed	米連邦地裁 オハイオ南部 訴訟記録	legal	courts	en	usa,courts,dockets,pacer	1800	Live docket entries filed in the US District Court for the Southern District of Ohio.
gov-pacer-nvd	https://ecf.nvd.uscourts.gov/cgi-bin/rss_outside.pl	rss	20	PACER — District of Nevada Docket Feed	米連邦地裁 ネバダ 訴訟記録	legal	courts	en	usa,courts,dockets,pacer	1800	Live docket entries filed in the US District Court for the District of Nevada.
gov-pacer-azd	https://ecf.azd.uscourts.gov/cgi-bin/rss_outside.pl	rss	20	PACER — District of Arizona Docket Feed	米連邦地裁 アリゾナ 訴訟記録	legal	courts	en	usa,courts,dockets,pacer	1800	Live docket entries filed in the US District Court for the District of Arizona.
gov-pacer-cod	https://ecf.cod.uscourts.gov/cgi-bin/rss_outside.pl	rss	20	PACER — District of Colorado Docket Feed	米連邦地裁 コロラド 訴訟記録	legal	courts	en	usa,courts,dockets,pacer	1800	Live docket entries filed in the US District Court for the District of Colorado.
gov-pacer-ctd	https://ecf.ctd.uscourts.gov/cgi-bin/rss_outside.pl	rss	20	PACER — District of Connecticut Docket Feed	米連邦地裁 コネチカット 訴訟記録	legal	courts	en	usa,courts,dockets,pacer	1800	Live docket entries filed in the US District Court for the District of Connecticut.
gov-pacer-moed	https://ecf.moed.uscourts.gov/cgi-bin/rss_outside.pl	rss	20	PACER — E.D. Missouri Docket Feed	米連邦地裁 ミズーリ東部 訴訟記録	legal	courts	en	usa,courts,dockets,pacer	1800	Live docket entries filed in the US District Court for the Eastern District of Missouri.
gov-pacer-wawd	https://ecf.wawd.uscourts.gov/cgi-bin/rss_outside.pl	rss	20	PACER — W.D. Washington Docket Feed	米連邦地裁 ワシントン西部 訴訟記録	legal	courts	en	usa,courts,dockets,pacer	1800	Live docket entries filed in the US District Court for the Western District of Washington.
gov-pacer-waed	https://ecf.waed.uscourts.gov/cgi-bin/rss_outside.pl	rss	20	PACER — E.D. Washington Docket Feed	米連邦地裁 ワシントン東部 訴訟記録	legal	courts	en	usa,courts,dockets,pacer	1800	Live docket entries filed in the US District Court for the Eastern District of Washington.
gov-pacer-ord	https://ecf.ord.uscourts.gov/cgi-bin/rss_outside.pl	rss	20	PACER — District of Oregon Docket Feed	米連邦地裁 オレゴン 訴訟記録	legal	courts	en	usa,courts,dockets,pacer	1800	Live docket entries filed in the US District Court for the District of Oregon.
gov-pacer-nced	https://ecf.nced.uscourts.gov/cgi-bin/rss_outside.pl	rss	20	PACER — E.D. North Carolina Docket Feed	米連邦地裁 ノースカロライナ東部 訴訟記録	legal	courts	en	usa,courts,dockets,pacer	1800	Live docket entries filed in the US District Court for the Eastern District of North Carolina.
gov-pacer-scd	https://ecf.scd.uscourts.gov/cgi-bin/rss_outside.pl	rss	20	PACER — District of South Carolina Docket Feed	米連邦地裁 サウスカロライナ 訴訟記録	legal	courts	en	usa,courts,dockets,pacer	1800	Live docket entries filed in the US District Court for the District of South Carolina.
gov-pacer-tnmd	https://ecf.tnmd.uscourts.gov/cgi-bin/rss_outside.pl	rss	20	PACER — M.D. Tennessee Docket Feed	米連邦地裁 テネシー中部 訴訟記録	legal	courts	en	usa,courts,dockets,pacer	1800	Live docket entries filed in the US District Court for the Middle District of Tennessee.
gov-pacer-utd	https://ecf.utd.uscourts.gov/cgi-bin/rss_outside.pl	rss	20	PACER — District of Utah Docket Feed	米連邦地裁 ユタ 訴訟記録	legal	courts	en	usa,courts,dockets,pacer	1800	Live docket entries filed in the US District Court for the District of Utah.
gov-pacer-laed	https://ecf.laed.uscourts.gov/cgi-bin/rss_outside.pl	rss	20	PACER — E.D. Louisiana Docket Feed	米連邦地裁 ルイジアナ東部 訴訟記録	legal	courts	en	usa,courts,dockets,pacer	1800	Live docket entries filed in the US District Court for the Eastern District of Louisiana.
gov-pacer-prd	https://ecf.prd.uscourts.gov/cgi-bin/rss_outside.pl	rss	20	PACER — District of Puerto Rico Docket Feed	米連邦地裁 プエルトリコ 訴訟記録	legal	courts	en	usa,courts,dockets,pacer	1800	Live docket entries filed in the US District Court for the District of Puerto Rico.
gov-pacer-mowd	https://ecf.mowd.uscourts.gov/cgi-bin/rss_outside.pl	rss	20	PACER — W.D. Missouri Docket Feed	米連邦地裁 ミズーリ西部 訴訟記録	legal	courts	en	usa,courts,dockets,pacer	1800	Live docket entries filed in the US District Court for the Western District of Missouri.
gov-pacer-innd	https://ecf.innd.uscourts.gov/cgi-bin/rss_outside.pl	rss	20	PACER — N.D. Indiana Docket Feed	米連邦地裁 インディアナ北部 訴訟記録	legal	courts	en	usa,courts,dockets,pacer	1800	Live docket entries filed in the US District Court for the Northern District of Indiana.
gov-pacer-mtd	https://ecf.mtd.uscourts.gov/cgi-bin/rss_outside.pl	rss	20	PACER — District of Montana Docket Feed	米連邦地裁 モンタナ 訴訟記録	legal	courts	en	usa,courts,dockets,pacer	1800	Live docket entries filed in the US District Court for the District of Montana.
gov-pacer-hid	https://ecf.hid.uscourts.gov/cgi-bin/rss_outside.pl	rss	20	PACER — District of Hawaii Docket Feed	米連邦地裁 ハワイ 訴訟記録	legal	courts	en	usa,courts,dockets,pacer	1800	Live docket entries filed in the US District Court for the District of Hawaii.
gov-pacer-akd	https://ecf.akd.uscourts.gov/cgi-bin/rss_outside.pl	rss	20	PACER — District of Alaska Docket Feed	米連邦地裁 アラスカ 訴訟記録	legal	courts	en	usa,courts,dockets,pacer	1800	Live docket entries filed in the US District Court for the District of Alaska.
sec-faa-adhp	https://services6.arcgis.com/ssFJjBXIUyZDrSYZ/arcgis/rest/services/ADHP/FeatureServer/0/query?where=1%3D1&outFields=*&f=geojson&resultRecordCount=500	geojson	500	FAA Aerodromes and Heliports	FAA 飛行場・ヘリポート	aviation	airspace	en	airport,aerodrome,heliport,nasr	86400	FAA NASR aeronautical data published as ArcGIS features: FAA Aerodromes and Heliports. Real published US aeronautical geometry, refreshed on the 28-day AIRAC cycle.
sec-faa-airspace	https://services6.arcgis.com/ssFJjBXIUyZDrSYZ/arcgis/rest/services/Airspace/FeatureServer/0/query?where=1%3D1&outFields=*&f=geojson&resultRecordCount=300	geojson	300	FAA Airspace Volumes	FAA 空域ボリューム	aviation	airspace	en	airspace,volume,nasr	86400	FAA NASR aeronautical data published as ArcGIS features: FAA Airspace Volumes. Real published US aeronautical geometry, refreshed on the 28-day AIRAC cycle.
sec-faa-airspace-schedule	https://services6.arcgis.com/ssFJjBXIUyZDrSYZ/arcgis/rest/services/Airspace_Schedule/FeatureServer/0/query?where=1%3D1&outFields=*&f=geojson&resultRecordCount=500	geojson	268	FAA Airspace Activation Schedules	FAA 空域運用スケジュール	aviation	airspace	en	airspace,schedule,activation	86400	FAA NASR aeronautical data published as ArcGIS features: FAA Airspace Activation Schedules. Real published US aeronautical geometry, refreshed on the 28-day AIRAC cycle.
sec-faa-apron	https://services6.arcgis.com/ssFJjBXIUyZDrSYZ/arcgis/rest/services/AM_Apron/FeatureServer/0/query?where=1%3D1&outFields=*&f=geojson&resultRecordCount=300	geojson	300	FAA Airport Aprons	FAA 空港エプロン	aviation	airspace	en	airport,apron,mapping	86400	FAA NASR aeronautical data published as ArcGIS features: FAA Airport Aprons. Real published US aeronautical geometry, refreshed on the 28-day AIRAC cycle.
sec-faa-beacon	https://services6.arcgis.com/ssFJjBXIUyZDrSYZ/arcgis/rest/services/AM_Beacon/FeatureServer/0/query?where=1%3D1&outFields=*&f=geojson&resultRecordCount=500	geojson	160	FAA Airport Beacons	FAA 空港標識灯	aviation	airspace	en	airport,beacon,lighting	86400	FAA NASR aeronautical data published as ArcGIS features: FAA Airport Beacons. Real published US aeronautical geometry, refreshed on the 28-day AIRAC cycle.
sec-faa-hotspot	https://services6.arcgis.com/ssFJjBXIUyZDrSYZ/arcgis/rest/services/AM_Hotspot/FeatureServer/0/query?where=1%3D1&outFields=*&f=geojson&resultRecordCount=500	geojson	128	FAA Runway Incursion Hot Spots	FAA 滑走路誤進入ホットスポット	aviation	aviation-safety	en	runway,hotspot,incursion,safety	86400	FAA NASR aeronautical data published as ArcGIS features: FAA Runway Incursion Hot Spots. Real published US aeronautical geometry, refreshed on the 28-day AIRAC cycle.
sec-faa-am-runway	https://services6.arcgis.com/ssFJjBXIUyZDrSYZ/arcgis/rest/services/AM_Runway/FeatureServer/0/query?where=1%3D1&outFields=*&f=geojson&resultRecordCount=300	geojson	300	FAA Airport Mapping Runways	FAA 空港マッピング滑走路	aviation	airspace	en	airport,runway,mapping	86400	FAA NASR aeronautical data published as ArcGIS features: FAA Airport Mapping Runways. Real published US aeronautical geometry, refreshed on the 28-day AIRAC cycle.
sec-faa-special-movement	https://services6.arcgis.com/ssFJjBXIUyZDrSYZ/arcgis/rest/services/AM_Special_Movement/FeatureServer/0/query?where=1%3D1&outFields=*&f=geojson&resultRecordCount=300	geojson	189	FAA Special Movement Areas	FAA 特別移動区域	aviation	airspace	en	airport,movement-area	86400	FAA NASR aeronautical data published as ArcGIS features: FAA Special Movement Areas. Real published US aeronautical geometry, refreshed on the 28-day AIRAC cycle.
sec-faa-taxiway	https://services6.arcgis.com/ssFJjBXIUyZDrSYZ/arcgis/rest/services/AM_Taxiway/FeatureServer/0/query?where=1%3D1&outFields=*&f=geojson&resultRecordCount=200	geojson	200	FAA Taxiways	FAA 誘導路	aviation	airspace	en	airport,taxiway,mapping	86400	FAA NASR aeronautical data published as ArcGIS features: FAA Taxiways. Real published US aeronautical geometry, refreshed on the 28-day AIRAC cycle.
sec-faa-wind-indicator	https://services6.arcgis.com/ssFJjBXIUyZDrSYZ/arcgis/rest/services/AM_Wind_Indicator/FeatureServer/0/query?where=1%3D1&outFields=*&f=geojson&resultRecordCount=500	geojson	500	FAA Wind Indicators	FAA 風向指示器	aviation	airspace	en	airport,windsock	86400	FAA NASR aeronautical data published as ArcGIS features: FAA Wind Indicators. Real published US aeronautical geometry, refreshed on the 28-day AIRAC cycle.
sec-faa-ats-route	https://services6.arcgis.com/ssFJjBXIUyZDrSYZ/arcgis/rest/services/ATS_Route/FeatureServer/0/query?where=1%3D1&outFields=*&f=geojson&resultRecordCount=300	geojson	300	FAA ATS Routes	FAA ATS航空路	aviation	airspace	en	route,ats,airway	86400	FAA NASR aeronautical data published as ArcGIS features: FAA ATS Routes. Real published US aeronautical geometry, refreshed on the 28-day AIRAC cycle.
sec-faa-airspace-boundary	https://services6.arcgis.com/ssFJjBXIUyZDrSYZ/arcgis/rest/services/Boundary_Airspace/FeatureServer/0/query?where=1%3D1&outFields=*&f=geojson&resultRecordCount=200	geojson	200	FAA Airspace Boundaries	FAA 空域境界	aviation	airspace	en	airspace,boundary	86400	FAA NASR aeronautical data published as ArcGIS features: FAA Airspace Boundaries. Real published US aeronautical geometry, refreshed on the 28-day AIRAC cycle.
sec-faa-changeover	https://services6.arcgis.com/ssFJjBXIUyZDrSYZ/arcgis/rest/services/ChangeOver/FeatureServer/0/query?where=1%3D1&outFields=*&f=geojson&resultRecordCount=500	geojson	499	FAA Changeover Points	FAA 切替点	aviation	airspace	en	navaid,changeover	86400	FAA NASR aeronautical data published as ArcGIS features: FAA Changeover Points. Real published US aeronautical geometry, refreshed on the 28-day AIRAC cycle.
sec-faa-clearance	https://services6.arcgis.com/ssFJjBXIUyZDrSYZ/arcgis/rest/services/Clearances/FeatureServer/0/query?where=1%3D1&outFields=*&f=geojson&resultRecordCount=500	geojson	500	FAA Clearance Delivery Points	FAA クリアランス地点	aviation	airspace	en	clearance,atc	86400	FAA NASR aeronautical data published as ArcGIS features: FAA Clearance Delivery Points. Real published US aeronautical geometry, refreshed on the 28-day AIRAC cycle.
sec-faa-designated-point	https://services6.arcgis.com/ssFJjBXIUyZDrSYZ/arcgis/rest/services/DesignatedPoint/FeatureServer/0/query?where=1%3D1&outFields=*&f=geojson&resultRecordCount=500	geojson	500	FAA Designated Points and Waypoints	FAA 指定点・ウェイポイント	aviation	airspace	en	waypoint,fix,navigation	86400	FAA NASR aeronautical data published as ArcGIS features: FAA Designated Points and Waypoints. Real published US aeronautical geometry, refreshed on the 28-day AIRAC cycle.
sec-faa-enroute-info	https://services6.arcgis.com/ssFJjBXIUyZDrSYZ/arcgis/rest/services/EnrouteInformation/FeatureServer/0/query?where=1%3D1&outFields=*&f=geojson&resultRecordCount=500	geojson	500	FAA Enroute Route Information	FAA エンルート航路情報	aviation	airspace	en	enroute,route,table	86400	FAA NASR aeronautical data published as ArcGIS features: FAA Enroute Route Information. Real published US aeronautical geometry, refreshed on the 28-day AIRAC cycle.
sec-faa-enroute-status	https://services6.arcgis.com/ssFJjBXIUyZDrSYZ/arcgis/rest/services/EnrouteStatus/FeatureServer/0/query?where=1%3D1&outFields=OBJECTID&resultRecordCount=60&geometryPrecision=5&outSR=4326&f=geojson	geojson	15	FAA Enroute Chart Status	FAA エンルートチャート整備状況	aviation	airspace	en	enroute,chart,status	86400	FAA NASR aeronautical data published as ArcGIS features: FAA Enroute Chart Status. Real published US aeronautical geometry, refreshed on the 28-day AIRAC cycle.
sec-faa-uas-facility-map	https://services6.arcgis.com/ssFJjBXIUyZDrSYZ/arcgis/rest/services/FAA_UAS_FacilityMap_Data/FeatureServer/0/query?where=1%3D1&outFields=*&f=geojson&resultRecordCount=500	geojson	500	FAA UAS Facility Maps (LAANC ceilings)	FAA 無人機施設マップ（LAANC上限高度）	aviation	airspace	en	uas,drone,laanc,ceiling	86400	FAA NASR aeronautical data published as ArcGIS features: FAA UAS Facility Maps (LAANC ceilings). Real published US aeronautical geometry, refreshed on the 28-day AIRAC cycle.
sec-faa-frequency	https://services6.arcgis.com/ssFJjBXIUyZDrSYZ/arcgis/rest/services/Frequencies/FeatureServer/0/query?where=1%3D1&outFields=*&f=geojson&resultRecordCount=500	geojson	500	FAA Aeronautical Frequencies	FAA 航空無線周波数	aviation	airspace	en	frequency,radio,atc	86400	FAA NASR aeronautical data published as ArcGIS features: FAA Aeronautical Frequencies. Real published US aeronautical geometry, refreshed on the 28-day AIRAC cycle.
sec-faa-holding-pattern	https://services6.arcgis.com/ssFJjBXIUyZDrSYZ/arcgis/rest/services/HoldingPattern/FeatureServer/0/query?where=1%3D1&outFields=*&f=geojson&resultRecordCount=500	geojson	500	FAA Holding Patterns	FAA ホールディングパターン	aviation	airspace	en	holding,procedure	86400	FAA NASR aeronautical data published as ArcGIS features: FAA Holding Patterns. Real published US aeronautical geometry, refreshed on the 28-day AIRAC cycle.
sec-faa-ils-component	https://services6.arcgis.com/ssFJjBXIUyZDrSYZ/arcgis/rest/services/ILS_Component/FeatureServer/0/query?where=1%3D1&outFields=*&f=geojson&resultRecordCount=500	geojson	500	FAA ILS Components	FAA ILS構成要素	aviation	airspace	en	ils,approach,navaid	86400	FAA NASR aeronautical data published as ArcGIS features: FAA ILS Components. Real published US aeronautical geometry, refreshed on the 28-day AIRAC cycle.
sec-faa-ils-system	https://services6.arcgis.com/ssFJjBXIUyZDrSYZ/arcgis/rest/services/ILSSystemNew/FeatureServer/0/query?where=1%3D1&outFields=*&f=geojson&resultRecordCount=500	geojson	281	FAA ILS Systems	FAA ILSシステム	aviation	airspace	en	ils,approach,navaid	86400	FAA NASR aeronautical data published as ArcGIS features: FAA ILS Systems. Real published US aeronautical geometry, refreshed on the 28-day AIRAC cycle.
sec-faa-mtr-segment	https://services6.arcgis.com/ssFJjBXIUyZDrSYZ/arcgis/rest/services/MTRSegment/FeatureServer/0/query?where=1%3D1&outFields=*&f=geojson&resultRecordCount=300	geojson	300	FAA Military Training Route Segments	FAA 軍用訓練航路区間	aviation	defence	en	military,training-route,mtr	86400	FAA NASR aeronautical data published as ArcGIS features: FAA Military Training Route Segments. Real published US aeronautical geometry, refreshed on the 28-day AIRAC cycle.
sec-faa-navaid-component	https://services6.arcgis.com/ssFJjBXIUyZDrSYZ/arcgis/rest/services/NavaidComponent/FeatureServer/0/query?where=1%3D1&outFields=*&f=geojson&resultRecordCount=500	geojson	500	FAA NAVAID Components	FAA 航法援助施設構成要素	aviation	airspace	en	navaid,vor,ndb	86400	FAA NASR aeronautical data published as ArcGIS features: FAA NAVAID Components. Real published US aeronautical geometry, refreshed on the 28-day AIRAC cycle.
sec-faa-navaid-system	https://services6.arcgis.com/ssFJjBXIUyZDrSYZ/arcgis/rest/services/NAVAIDSystem/FeatureServer/0/query?where=1%3D1&outFields=*&f=geojson&resultRecordCount=500	geojson	500	FAA NAVAID Systems	FAA 航法援助施設システム	aviation	airspace	en	navaid,vor,dme,tacan	86400	FAA NASR aeronautical data published as ArcGIS features: FAA NAVAID Systems. Real published US aeronautical geometry, refreshed on the 28-day AIRAC cycle.
sec-faa-notes	https://services6.arcgis.com/ssFJjBXIUyZDrSYZ/arcgis/rest/services/Notes/FeatureServer/0/query?where=1%3D1&outFields=*&f=geojson&resultRecordCount=500	geojson	500	FAA Aeronautical Notes	FAA 航空注記	aviation	airspace	en	notes,remarks	86400	FAA NASR aeronautical data published as ArcGIS features: FAA Aeronautical Notes. Real published US aeronautical geometry, refreshed on the 28-day AIRAC cycle.
sec-faa-prohibited-areas	https://services6.arcgis.com/ssFJjBXIUyZDrSYZ/arcgis/rest/services/Prohibited_Areas/FeatureServer/0/query?where=1%3D1&outFields=*&f=geojson&resultRecordCount=500	geojson	13	FAA Prohibited Areas	FAA 飛行禁止区域	aviation	airspace	en	prohibited,restricted,airspace	86400	FAA NASR aeronautical data published as ArcGIS features: FAA Prohibited Areas. Real published US aeronautical geometry, refreshed on the 28-day AIRAC cycle.
sec-faa-radial-bearing	https://services6.arcgis.com/ssFJjBXIUyZDrSYZ/arcgis/rest/services/RadialBearing/FeatureServer/0/query?where=1%3D1&outFields=*&f=geojson&resultRecordCount=500	geojson	500	FAA Radials and Bearings	FAA ラジアル・方位	aviation	airspace	en	radial,bearing,navaid	86400	FAA NASR aeronautical data published as ArcGIS features: FAA Radials and Bearings. Real published US aeronautical geometry, refreshed on the 28-day AIRAC cycle.
sec-faa-recreational-flyer-sites	https://services6.arcgis.com/ssFJjBXIUyZDrSYZ/arcgis/rest/services/Recreational_Flyer_Fixed_Sites/FeatureServer/0/query?where=1%3D1&outFields=*&f=geojson&resultRecordCount=500	geojson	500	FAA Recreational Flyer Fixed Sites	FAA 趣味用無人機固定サイト	aviation	airspace	en	uas,drone,recreational	86400	FAA NASR aeronautical data published as ArcGIS features: FAA Recreational Flyer Fixed Sites. Real published US aeronautical geometry, refreshed on the 28-day AIRAC cycle.
sec-faa-route-airspace	https://services6.arcgis.com/ssFJjBXIUyZDrSYZ/arcgis/rest/services/Route_Airspace/FeatureServer/0/query?where=1%3D1&outFields=*&f=geojson&resultRecordCount=300	geojson	300	FAA Route Airspace	FAA 航路空域	aviation	airspace	en	route,airspace	86400	FAA NASR aeronautical data published as ArcGIS features: FAA Route Airspace. Real published US aeronautical geometry, refreshed on the 28-day AIRAC cycle.
sec-faa-route-portion	https://services6.arcgis.com/ssFJjBXIUyZDrSYZ/arcgis/rest/services/RoutePortion/FeatureServer/0/query?where=1%3D1&outFields=*&f=geojson&resultRecordCount=500	geojson	500	FAA Route Portions	FAA 航路区間	aviation	airspace	en	route,segment,table	86400	FAA NASR aeronautical data published as ArcGIS features: FAA Route Portions. Real published US aeronautical geometry, refreshed on the 28-day AIRAC cycle.
sec-faa-runway-area	https://services6.arcgis.com/ssFJjBXIUyZDrSYZ/arcgis/rest/services/RunwayArea/FeatureServer/0/query?where=1%3D1&outFields=*&f=geojson&resultRecordCount=200	geojson	200	FAA Runway Surface Areas	FAA 滑走路面区域	aviation	airspace	en	runway,surface	86400	FAA NASR aeronautical data published as ArcGIS features: FAA Runway Surface Areas. Real published US aeronautical geometry, refreshed on the 28-day AIRAC cycle.
sec-faa-runway-line	https://services6.arcgis.com/ssFJjBXIUyZDrSYZ/arcgis/rest/services/RunwayLine/FeatureServer/0/query?where=1%3D1&outFields=*&f=geojson&resultRecordCount=200	geojson	200	FAA Runway Centrelines	FAA 滑走路中心線	aviation	airspace	en	runway,centreline	86400	FAA NASR aeronautical data published as ArcGIS features: FAA Runway Centrelines. Real published US aeronautical geometry, refreshed on the 28-day AIRAC cycle.
sec-faa-runway	https://services6.arcgis.com/ssFJjBXIUyZDrSYZ/arcgis/rest/services/Runways/FeatureServer/0/query?where=1%3D1&outFields=*&f=geojson&resultRecordCount=300	geojson	300	FAA Runways	FAA 滑走路	aviation	airspace	en	runway,airport	86400	FAA NASR aeronautical data published as ArcGIS features: FAA Runways. Real published US aeronautical geometry, refreshed on the 28-day AIRAC cycle.
sec-faa-services	https://services6.arcgis.com/ssFJjBXIUyZDrSYZ/arcgis/rest/services/Services/FeatureServer/0/query?where=1%3D1&outFields=*&f=geojson&resultRecordCount=500	geojson	500	FAA Air Traffic Services	FAA 航空交通業務	aviation	airspace	en	atc,service	86400	FAA NASR aeronautical data published as ArcGIS features: FAA Air Traffic Services. Real published US aeronautical geometry, refreshed on the 28-day AIRAC cycle.
sec-faa-sua	https://services6.arcgis.com/ssFJjBXIUyZDrSYZ/arcgis/rest/services/Special_Use_Airspace/FeatureServer/0/query?where=1%3D1&outFields=*&f=geojson&resultRecordCount=200	geojson	200	FAA Special Use Airspace	FAA 特別用途空域	aviation	defence	en	sua,restricted,warning-area,military	86400	FAA NASR aeronautical data published as ArcGIS features: FAA Special Use Airspace. Real published US aeronautical geometry, refreshed on the 28-day AIRAC cycle.
sec-faa-us-airport	https://services6.arcgis.com/ssFJjBXIUyZDrSYZ/arcgis/rest/services/US_Airport/FeatureServer/0/query?where=1%3D1&outFields=*&f=geojson&resultRecordCount=500	geojson	500	FAA US Airports	FAA 米国空港	aviation	airspace	en	airport,nasr	86400	FAA NASR aeronautical data published as ArcGIS features: FAA US Airports. Real published US aeronautical geometry, refreshed on the 28-day AIRAC cycle.
sec-faa-frz-rid	https://services6.arcgis.com/ssFJjBXIUyZDrSYZ/arcgis/rest/services/FAA_Recognized_Identification_Areas/FeatureServer/0/query?where=1%3D1&outFields=*&f=geojson&resultRecordCount=500	geojson	500	FAA Recognized Identification Areas	FAA 公認識別区域（無人機）	aviation	airspace	en	uas,drone,rid	86400	FAA NASR aeronautical data published as ArcGIS features: FAA Recognized Identification Areas. Real published US aeronautical geometry, refreshed on the 28-day AIRAC cycle.
sec-faa-obstacle	https://services6.arcgis.com/ssFJjBXIUyZDrSYZ/arcgis/rest/services/Digital_Obstacle_File/FeatureServer/0/query?where=1%3D1&outFields=*&f=geojson&resultRecordCount=500	geojson	500	FAA Digital Obstacle File	FAA デジタル障害物ファイル	aviation	aviation-safety	en	obstacle,dof,tower,hazard	86400	FAA NASR aeronautical data published as ArcGIS features: FAA Digital Obstacle File. Real published US aeronautical geometry, refreshed on the 28-day AIRAC cycle.
sec-faa-stadium-tfr	https://services6.arcgis.com/ssFJjBXIUyZDrSYZ/arcgis/rest/services/Stadiums/FeatureServer/0/query?where=1%3D1&outFields=*&f=geojson&resultRecordCount=500	geojson	203	FAA Stadium Flight Restrictions	FAA スタジアム飛行制限	aviation	airspace	en	tfr,stadium,restriction	86400	FAA NASR aeronautical data published as ArcGIS features: FAA Stadium Flight Restrictions. Real published US aeronautical geometry, refreshed on the 28-day AIRAC cycle.
sec-faa-ndz-tfr	https://services6.arcgis.com/ssFJjBXIUyZDrSYZ/arcgis/rest/services/National_Defense_Airspace_TFR_Areas/FeatureServer/0/query?where=1%3D1&outFields=*&f=geojson&resultRecordCount=300	geojson	8	FAA National Defense Airspace TFR Areas	FAA 国防空域一時飛行制限区域	aviation	defence	en	tfr,national-defense,restriction	86400	FAA NASR aeronautical data published as ArcGIS features: FAA National Defense Airspace TFR Areas. Real published US aeronautical geometry, refreshed on the 28-day AIRAC cycle.
sec-faa-class-airspace	https://services6.arcgis.com/ssFJjBXIUyZDrSYZ/arcgis/rest/services/Class_Airspace/FeatureServer/0/query?where=1%3D1&outFields=OBJECTID%2CIDENT%2CNAME%2CLOCAL_TYPE%2CCLASS&resultRecordCount=60&geometryPrecision=5&outSR=4326&f=geojson	geojson	60	FAA Class Airspace	FAA クラス空域	aviation	airspace	en	airspace,class,controlled	86400	FAA NASR aeronautical data published as ArcGIS features: FAA Class Airspace. Real published US aeronautical geometry, refreshed on the 28-day AIRAC cycle.
sec-faa-nsuf-parttime	https://services6.arcgis.com/ssFJjBXIUyZDrSYZ/arcgis/rest/services/Part_Time_National_Security_UAS_Flight_Restrictions/FeatureServer/0/query?where=1%3D1&outFields=*&f=geojson&resultRecordCount=300	geojson	5	FAA Part-Time National Security UAS Restrictions	FAA 時間限定国家安全保障無人機制限	aviation	defence	en	uas,national-security,restriction	86400	FAA NASR aeronautical data published as ArcGIS features: FAA Part-Time National Security UAS Restrictions. Real published US aeronautical geometry, refreshed on the 28-day AIRAC cycle.
sec-ntad-aviation-facilities	https://services.arcgis.com/xOi1kZaI0eWDREZv/arcgis/rest/services/NTAD_Aviation_Facilities/FeatureServer/0/query?where=1%3D1&outFields=*&f=geojson&resultRecordCount=500	geojson	500	NTAD Aviation Facilities	NTAD 航空施設	aviation	airspace	en	airport,heliport,ntad,usa	604800	US DOT National Transportation Atlas layer (NTAD Aviation Facilities) with authoritative published geometry; useful as a persistent infrastructure base layer.
sec-ntad-spaceports	https://services.arcgis.com/xOi1kZaI0eWDREZv/arcgis/rest/services/NTAD_Spaceports/FeatureServer/0/query?where=1%3D1&outFields=*&f=geojson&resultRecordCount=500	geojson	20	NTAD Spaceports	NTAD 宇宙港	aviation	space	en	spaceport,launch-site,ntad,usa	604800	US DOT National Transportation Atlas layer (NTAD Spaceports) with authoritative published geometry; useful as a persistent infrastructure base layer.
sec-ntad-military-bases	https://services.arcgis.com/xOi1kZaI0eWDREZv/arcgis/rest/services/NTAD_Military_Bases/FeatureServer/0/query?where=1%3D1&outFields=*&resultRecordCount=60&geometryPrecision=5&outSR=4326&f=geojson	geojson	60	NTAD Military Bases	NTAD 軍事基地	geopolitics	defence	en	military,base,installation,ntad,usa	604800	US DOT National Transportation Atlas layer (NTAD Military Bases) with authoritative published geometry; useful as a persistent infrastructure base layer.
sec-ntad-strategic-seaports	https://services.arcgis.com/xOi1kZaI0eWDREZv/arcgis/rest/services/NTAD_Commercial_Strategic_Seaports/FeatureServer/0/query?where=1%3D1&outFields=*&f=geojson&resultRecordCount=500	geojson	18	NTAD Commercial Strategic Seaports	NTAD 戦略商業港湾	maritime	shipping	en	port,strategic,seaport,ntad,usa	604800	US DOT National Transportation Atlas layer (NTAD Commercial Strategic Seaports) with authoritative published geometry; useful as a persistent infrastructure base layer.
sec-ntad-ferry-routes	https://services.arcgis.com/xOi1kZaI0eWDREZv/arcgis/rest/services/NTAD_Ferry_Routes/FeatureServer/0/query?where=1%3D1&outFields=OBJECTID&resultRecordCount=100&geometryPrecision=5&outSR=4326&f=geojson	geojson	100	NTAD Ferry Routes	NTAD フェリー航路	maritime	shipping	en	ferry,route,ntad,usa	604800	US DOT National Transportation Atlas layer (NTAD Ferry Routes) with authoritative published geometry; useful as a persistent infrastructure base layer.
sec-ntad-ferry-terminals	https://services.arcgis.com/xOi1kZaI0eWDREZv/arcgis/rest/services/NTAD_Ferry_Terminals/FeatureServer/0/query?where=1%3D1&outFields=*&f=geojson&resultRecordCount=500	geojson	500	NTAD Ferry Terminals	NTAD フェリーターミナル	maritime	shipping	en	ferry,terminal,ntad,usa	604800	US DOT National Transportation Atlas layer (NTAD Ferry Terminals) with authoritative published geometry; useful as a persistent infrastructure base layer.
sec-ntad-marine-highways	https://services.arcgis.com/xOi1kZaI0eWDREZv/arcgis/rest/services/NTAD_Marine_Highways/FeatureServer/0/query?where=1%3D1&outFields=*&f=geojson&resultRecordCount=300	geojson	35	NTAD Marine Highways	NTAD 海上ハイウェイ	maritime	shipping	en	marine-highway,corridor,ntad,usa	604800	US DOT National Transportation Atlas layer (NTAD Marine Highways) with authoritative published geometry; useful as a persistent infrastructure base layer.
sec-ntad-principal-ports	https://services.arcgis.com/xOi1kZaI0eWDREZv/arcgis/rest/services/NTAD_Hazard_Exposure_Principal_Ports/FeatureServer/0/query?where=1%3D1&outFields=OBJECTID&resultRecordCount=100&geometryPrecision=5&outSR=4326&f=geojson	geojson	100	NTAD Principal Ports	NTAD 主要港湾	maritime	shipping	en	port,ntad,usa	604800	US DOT National Transportation Atlas layer (NTAD Principal Ports) with authoritative published geometry; useful as a persistent infrastructure base layer.
sec-ntad-marad-gateways	https://services.arcgis.com/xOi1kZaI0eWDREZv/arcgis/rest/services/NTAD_DOT_MARAD_Gateway_Offices/FeatureServer/0/query?where=1%3D1&outFields=*&f=geojson&resultRecordCount=500	geojson	10	NTAD MARAD Gateway Offices	NTAD MARADゲートウェイ事務所	maritime	shipping	en	marad,gateway,ntad,usa	604800	US DOT National Transportation Atlas layer (NTAD MARAD Gateway Offices) with authoritative published geometry; useful as a persistent infrastructure base layer.
sec-ntad-intermodal-liquid-bulk	https://services.arcgis.com/xOi1kZaI0eWDREZv/arcgis/rest/services/NTAD_Intermodal_Freight_Facilities_Liquid_Bulk/FeatureServer/0/query?where=1%3D1&outFields=*&f=geojson&resultRecordCount=500	geojson	500	NTAD Liquid Bulk Terminals	NTAD 液体バルクターミナル	maritime	shipping	en	intermodal,liquid-bulk,terminal,usa	604800	US DOT National Transportation Atlas layer (NTAD Liquid Bulk Terminals) with authoritative published geometry; useful as a persistent infrastructure base layer.
sec-ntad-intermodal-roro	https://services.arcgis.com/xOi1kZaI0eWDREZv/arcgis/rest/services/NTAD_Intermodal_Freight_Facilities_Marine_Roll_on_Roll_off/FeatureServer/0/query?where=1%3D1&outFields=*&f=geojson&resultRecordCount=500	geojson	84	NTAD Ro-Ro Terminals	NTAD ローロー船ターミナル	maritime	shipping	en	intermodal,roro,terminal,usa	604800	US DOT National Transportation Atlas layer (NTAD Ro-Ro Terminals) with authoritative published geometry; useful as a persistent infrastructure base layer.
sec-ntad-intermodal-air-truck	https://services.arcgis.com/xOi1kZaI0eWDREZv/arcgis/rest/services/NTAD_Intermodal_Freight_Facilities_Air_to_Truck/FeatureServer/0/query?where=1%3D1&outFields=*&f=geojson&resultRecordCount=500	geojson	404	NTAD Air-to-Truck Freight Facilities	NTAD 航空・トラック貨物施設	aviation	shipping	en	intermodal,air-cargo,freight,usa	604800	US DOT National Transportation Atlas layer (NTAD Air-to-Truck Freight Facilities) with authoritative published geometry; useful as a persistent infrastructure base layer.
sec-ntad-intermodal-pipeline-terminals	https://services.arcgis.com/xOi1kZaI0eWDREZv/arcgis/rest/services/NTAD_Intermodal_Freight_Facilities_Pipeline_Terminals/FeatureServer/0/query?where=1%3D1&outFields=*&f=geojson&resultRecordCount=500	geojson	500	NTAD Pipeline Terminals	NTAD パイプラインターミナル	maritime	shipping	en	intermodal,pipeline,terminal,usa	604800	US DOT National Transportation Atlas layer (NTAD Pipeline Terminals) with authoritative published geometry; useful as a persistent infrastructure base layer.
sec-ntad-rail-yards	https://services.arcgis.com/xOi1kZaI0eWDREZv/arcgis/rest/services/NTAD_Rail_Yards/FeatureServer/0/query?where=1%3D1&outFields=*&f=geojson&resultRecordCount=500	geojson	500	NTAD Rail Yards	NTAD 鉄道操車場	geopolitics	shipping	en	rail,yard,logistics,usa	604800	US DOT National Transportation Atlas layer (NTAD Rail Yards) with authoritative published geometry; useful as a persistent infrastructure base layer.
sec-ntad-dams	https://services.arcgis.com/xOi1kZaI0eWDREZv/arcgis/rest/services/NTAD_Dams/FeatureServer/0/query?where=1%3D1&outFields=*&f=geojson&resultRecordCount=500	geojson	500	NTAD Dams	NTAD ダム	geopolitics	defence	en	dam,critical-infrastructure,usa	604800	US DOT National Transportation Atlas layer (NTAD Dams) with authoritative published geometry; useful as a persistent infrastructure base layer.
sec-ntad-airport-parcels	https://services.arcgis.com/xOi1kZaI0eWDREZv/arcgis/rest/services/NTAD_Hazard_Exposure_Primary_Airport_Parcels/FeatureServer/0/query?where=1%3D1&outFields=*&f=geojson&resultRecordCount=300	geojson	300	NTAD Primary Airport Parcels	NTAD 主要空港敷地	aviation	airspace	en	airport,parcel,footprint,usa	604800	US DOT National Transportation Atlas layer (NTAD Primary Airport Parcels) with authoritative published geometry; useful as a persistent infrastructure base layer.
sec-noaa-ntm-aoi	https://gis.charttools.noaa.gov/arcgis/rest/services/MarineChart_Services/NNU_AOI_PRODUCTION/FeatureServer/0/query?where=1%3D1&outFields=*&resultRecordCount=500&geometryPrecision=5&outSR=4326&f=geojson	geojson	500	NOAA Notice to Mariners Chart Update Areas	NOAA 水路通報 海図更新区域	maritime	navwarning	en	ntm,chart,update,noaa	86400	Areas of NOAA electronic navigational charts changed by recent Notices to Mariners, with real chart-update geometry.
sec-noaa-ntm-beta-crit	https://gis.charttools.noaa.gov/arcgis/rest/services/MarineChart_Services/beta_notice_to_mariner_critical_updates/FeatureServer/0/query?where=1%3D1&outFields=*&resultRecordCount=500&geometryPrecision=5&outSR=4326&f=geojson	geojson	500	NOAA Critical Chart Corrections	NOAA 重要海図訂正	maritime	navwarning	en	ntm,critical,correction,aton	86400	Critical Notice to Mariners corrections (aids to navigation added, moved or removed) as points with real published latitude/longitude.
sec-noaa-maritime-limits	https://gis.charttools.noaa.gov/arcgis/rest/services/MaritimeBoundaries/US_Maritime_Limits_Boundaries/MapServer/0/query?where=1%3D1&outFields=*&resultRecordCount=200&geometryPrecision=5&outSR=4326&f=geojson	geojson	200	NOAA US Maritime Limits and Boundaries	NOAA 米国海洋限界・境界	maritime	navwarning	en	maritime-boundary,eez,territorial-sea	604800	Official US territorial sea, contiguous zone and EEZ limit lines as published by NOAA; coarse-but-real zone geometry, not point events.
sec-noaa-enc-coverage	https://gis.charttools.noaa.gov/arcgis/rest/services/encdirect/enc_coverage/MapServer/0/query?where=1%3D1&outFields=*&resultRecordCount=300&geometryPrecision=5&outSR=4326&f=geojson	geojson	18	NOAA ENC Coverage Cells	NOAA ENCカバレッジセル	maritime	navwarning	en	enc,chart,coverage	604800	Coverage footprints of NOAA electronic navigational chart cells; real cell polygons useful for chart-availability questions.
sec-noaa-nav-managers	https://gis.charttools.noaa.gov/arcgis/rest/services/Navigation_Services/NOAA_Navigation_Managers/MapServer/0/query?where=1%3D1&outFields=*&resultRecordCount=100&geometryPrecision=5&outSR=4326&f=geojson	geojson	11	NOAA Navigation Manager Areas	NOAA 航行管理官担当区域	maritime	navwarning	en	noaa,navigation,contact	604800	NOAA regional navigation manager points of contact with their real published office locations.
sec-nga-navwarn-current	https://msi.nga.mil/api/publications/broadcast-warn/current-warnings?output=json	json-array	5	NGA Current Broadcast Navigational Warnings	NGA 現行航行警報	maritime	navwarning	en	navwarn,navarea,hydropac,hydrolant,nga	3600	The in-force NAVAREA/HYDROLANT/HYDROPAC broadcast warning texts issued by NGA; positions are embedded in the warning text, not as structured geometry.
sec-nga-navwarn-subregions	https://msi.nga.mil/api/publications/broadcast-warn/subregions?output=json	json-array	52	NGA Navigational Warning Subregions	NGA 航行警報サブリージョン	maritime	navwarning	en	navwarn,subregion,index,nga	604800	Index of NGA broadcast-warning subregions used to scope NAVAREA warning queries.
sec-nga-dgps	https://msi.nga.mil/api/publications/ngalol/dgpsstations?output=json&includeRemovals=false	json:ngalol	163	NGA Differential GPS Stations (Pub 112 series)	NGA ディファレンシャルGPS局	maritime	navwarning	en	dgps,radionavigation,pub112,nga	604800	Worldwide differential GPS station list with real per-station positions published in degrees/minutes/seconds.
sec-nga-radiobeacons	https://msi.nga.mil/api/publications/ngalol/radiobeacons?output=json&includeRemovals=false	json:ngalol	586	NGA Radiobeacons (Pub 110-117)	NGA 無線標識局	maritime	navwarning	en	radiobeacon,radionavigation,aton,nga	604800	Worldwide marine and aeromarine radiobeacon list with real per-station positions published in degrees/minutes/seconds.
sec-nga-radionav-warn	https://msi.nga.mil/api/publications/radio-navaids/warn?output=json	json:radio-navaids	279	NGA Radio Navigational Warning Stations	NGA 無線航行警報放送局	maritime	navwarning	en	radio,navwarn,broadcast,nga	604800	Stations that broadcast radio navigational warnings, with frequencies, times and the sea areas they serve.
sec-nga-ntm-graphics	https://msi.nga.mil/api/publications/ntm/ntm-graphics?output=json	json:ntmGraphics	174	NGA Notice to Mariners Graphics Index	NGA 水路通報図版索引	maritime	navwarning	en	ntm,chartlet,graphic,nga	86400	Index of chartlets and graphics issued with NGA Notices to Mariners, keyed by chart and notice number.
sec-nga-ntm-navpub-corr	https://msi.nga.mil/api/publications/ntm/ntm-nav-pub-corr?output=json	json:navPubCorr	305	NGA Notice to Mariners Publication Corrections	NGA 水路書誌訂正	maritime	navwarning	en	ntm,publication,correction,nga	86400	Corrections to NGA navigational publications issued through the weekly Notice to Mariners.
sec-nga-dnc	https://msi.nga.mil/api/publications/products/dnc?output=json	json:prodcat	31	NGA Digital Nautical Chart Catalogue	NGA デジタル航海用海図カタログ	maritime	navwarning	en	dnc,chart,catalogue,nga	604800	Catalogue of NGA Digital Nautical Chart libraries and their currency.
sec-nga-nganos	https://msi.nga.mil/api/publications/products/nganos?output=json	json:prodcat	9369	NGA Nautical and Aeronautical Product Catalogue	NGA 海図・航空図製品カタログ	maritime	navwarning	en	chart,catalogue,product,nga	604800	Full NGA nautical/aeronautical standard product catalogue with edition and currency data.
sec-nga-tod	https://msi.nga.mil/api/publications/products/tod?output=json	json:prodcat	117	NGA Tactical Oceanographic Data Catalogue	NGA 戦術海洋データカタログ	maritime	navwarning	en	tod,oceanographic,catalogue,nga	604800	Catalogue of NGA tactical oceanographic data products and their coverage levels.
sec-nga-modu-areas	https://msi.nga.mil/api/publications/modu/areas?output=json	json:subregions	31	NGA Mobile Offshore Drilling Unit Areas	NGA 移動式海洋掘削装置区域	maritime	shipping	en	modu,offshore,drilling,nga	604800	Index of the sea areas used by NGA to report mobile offshore drilling unit positions.
sec-cablemap-cable-index	https://www.submarinecablemap.com/api/v3/cable/all.json	json-array	697	Submarine Cable Map — Cable Index	海底ケーブルマップ — ケーブル一覧	maritime	shipping	en	cable,subsea,telecom,index	604800	Metadata index of submarine cables (name, ready-for-service year, owners, landing points) without geometry.
sec-fedreg-dod	https://www.federalregister.gov/api/v1/documents.json?conditions%5Bagencies%5D%5B%5D=defense-department&per_page=100&order=newest&fields%5B%5D=title&fields%5B%5D=html_url&fields%5B%5D=publication_date&fields%5B%5D=abstract&fields%5B%5D=document_number&fields%5B%5D=type	json:results	100	Federal Register — Department of Defense	官報 — 米国防総省	geopolitics	defence	en	dod,rulemaking,regulation,federal-register,usa	3600	US Federal Register rulemakings, notices and proposed rules issued by Department of Defense; the authoritative first-publication channel for US regulatory action.
sec-fedreg-state	https://www.federalregister.gov/api/v1/documents.json?conditions%5Bagencies%5D%5B%5D=state-department&per_page=100&order=newest&fields%5B%5D=title&fields%5B%5D=html_url&fields%5B%5D=publication_date&fields%5B%5D=abstract&fields%5B%5D=document_number&fields%5B%5D=type	json:results	100	Federal Register — Department of State	官報 — 米国務省	geopolitics	defence	en	state-department,foreign-policy,federal-register,usa	3600	US Federal Register rulemakings, notices and proposed rules issued by Department of State; the authoritative first-publication channel for US regulatory action.
sec-fedreg-bis	https://www.federalregister.gov/api/v1/documents.json?conditions%5Bagencies%5D%5B%5D=industry-and-security-bureau&per_page=100&order=newest&fields%5B%5D=title&fields%5B%5D=html_url&fields%5B%5D=publication_date&fields%5B%5D=abstract&fields%5B%5D=document_number&fields%5B%5D=type	json:results	100	Federal Register — Bureau of Industry and Security	官報 — 米産業安全保障局	geopolitics	armscontrol	en	export-control,bis,entity-list,federal-register,usa	3600	US Federal Register rulemakings, notices and proposed rules issued by Bureau of Industry and Security; the authoritative first-publication channel for US regulatory action.
sec-fedreg-faa	https://www.federalregister.gov/api/v1/documents.json?conditions%5Bagencies%5D%5B%5D=federal-aviation-administration&per_page=100&order=newest&fields%5B%5D=title&fields%5B%5D=html_url&fields%5B%5D=publication_date&fields%5B%5D=abstract&fields%5B%5D=document_number&fields%5B%5D=type	json:results	100	Federal Register — FAA	官報 — 米連邦航空局	aviation	aviation-safety	en	faa,airworthiness,ad,regulation,federal-register,usa	3600	US Federal Register rulemakings, notices and proposed rules issued by FAA; the authoritative first-publication channel for US regulatory action.
sec-fedreg-uscg	https://www.federalregister.gov/api/v1/documents.json?conditions%5Bagencies%5D%5B%5D=coast-guard&per_page=100&order=newest&fields%5B%5D=title&fields%5B%5D=html_url&fields%5B%5D=publication_date&fields%5B%5D=abstract&fields%5B%5D=document_number&fields%5B%5D=type	json:results	100	Federal Register — US Coast Guard	官報 — 米沿岸警備隊	maritime	navwarning	en	uscg,safety-zone,security-zone,federal-register,usa	3600	US Federal Register rulemakings, notices and proposed rules issued by US Coast Guard; the authoritative first-publication channel for US regulatory action.
sec-fedreg-tsa	https://www.federalregister.gov/api/v1/documents.json?conditions%5Bagencies%5D%5B%5D=transportation-security-administration&per_page=100&order=newest&fields%5B%5D=title&fields%5B%5D=html_url&fields%5B%5D=publication_date&fields%5B%5D=abstract&fields%5B%5D=document_number&fields%5B%5D=type	json:results	100	Federal Register — TSA	官報 — 米運輸保安庁	aviation	aviation-safety	en	tsa,aviation-security,federal-register,usa	3600	US Federal Register rulemakings, notices and proposed rules issued by TSA; the authoritative first-publication channel for US regulatory action.
sec-fedreg-nrc	https://www.federalregister.gov/api/v1/documents.json?conditions%5Bagencies%5D%5B%5D=nuclear-regulatory-commission&per_page=100&order=newest&fields%5B%5D=title&fields%5B%5D=html_url&fields%5B%5D=publication_date&fields%5B%5D=abstract&fields%5B%5D=document_number&fields%5B%5D=type	json:results	100	Federal Register — Nuclear Regulatory Commission	官報 — 米原子力規制委員会	geopolitics	armscontrol	en	nrc,nuclear,licensing,federal-register,usa	3600	US Federal Register rulemakings, notices and proposed rules issued by Nuclear Regulatory Commission; the authoritative first-publication channel for US regulatory action.
sec-fedreg-ntsb	https://www.federalregister.gov/api/v1/documents.json?conditions%5Bagencies%5D%5B%5D=national-transportation-safety-board&per_page=100&order=newest&fields%5B%5D=title&fields%5B%5D=html_url&fields%5B%5D=publication_date&fields%5B%5D=abstract&fields%5B%5D=document_number&fields%5B%5D=type	json:results	100	Federal Register — NTSB	官報 — 米国家運輸安全委員会	aviation	aviation-safety	en	ntsb,accident,investigation,federal-register,usa	3600	US Federal Register rulemakings, notices and proposed rules issued by NTSB; the authoritative first-publication channel for US regulatory action.
sec-fedreg-marad	https://www.federalregister.gov/api/v1/documents.json?conditions%5Bagencies%5D%5B%5D=maritime-administration&per_page=100&order=newest&fields%5B%5D=title&fields%5B%5D=html_url&fields%5B%5D=publication_date&fields%5B%5D=abstract&fields%5B%5D=document_number&fields%5B%5D=type	json:results	100	Federal Register — Maritime Administration	官報 — 米海事局	maritime	shipping	en	marad,shipping,jones-act,federal-register,usa	3600	US Federal Register rulemakings, notices and proposed rules issued by Maritime Administration; the authoritative first-publication channel for US regulatory action.
sec-fedreg-dhs	https://www.federalregister.gov/api/v1/documents.json?conditions%5Bagencies%5D%5B%5D=homeland-security-department&per_page=100&order=newest&fields%5B%5D=title&fields%5B%5D=html_url&fields%5B%5D=publication_date&fields%5B%5D=abstract&fields%5B%5D=document_number&fields%5B%5D=type	json:results	100	Federal Register — Department of Homeland Security	官報 — 米国土安全保障省	geopolitics	advisory	en	dhs,homeland-security,federal-register,usa	3600	US Federal Register rulemakings, notices and proposed rules issued by Department of Homeland Security; the authoritative first-publication channel for US regulatory action.
sec-fedreg-army	https://www.federalregister.gov/api/v1/documents.json?conditions%5Bagencies%5D%5B%5D=army-department&per_page=100&order=newest&fields%5B%5D=title&fields%5B%5D=html_url&fields%5B%5D=publication_date&fields%5B%5D=abstract&fields%5B%5D=document_number&fields%5B%5D=type	json:results	100	Federal Register — Department of the Army	官報 — 米陸軍省	geopolitics	defence	en	army,dod,federal-register,usa	3600	US Federal Register rulemakings, notices and proposed rules issued by Department of the Army; the authoritative first-publication channel for US regulatory action.
sec-fedreg-navy	https://www.federalregister.gov/api/v1/documents.json?conditions%5Bagencies%5D%5B%5D=navy-department&per_page=100&order=newest&fields%5B%5D=title&fields%5B%5D=html_url&fields%5B%5D=publication_date&fields%5B%5D=abstract&fields%5B%5D=document_number&fields%5B%5D=type	json:results	100	Federal Register — Department of the Navy	官報 — 米海軍省	geopolitics	defence	en	navy,dod,federal-register,usa	3600	US Federal Register rulemakings, notices and proposed rules issued by Department of the Navy; the authoritative first-publication channel for US regulatory action.
sec-fedreg-usaf	https://www.federalregister.gov/api/v1/documents.json?conditions%5Bagencies%5D%5B%5D=air-force-department&per_page=100&order=newest&fields%5B%5D=title&fields%5B%5D=html_url&fields%5B%5D=publication_date&fields%5B%5D=abstract&fields%5B%5D=document_number&fields%5B%5D=type	json:results	100	Federal Register — Department of the Air Force	官報 — 米空軍省	geopolitics	defence	en	air-force,dod,federal-register,usa	3600	US Federal Register rulemakings, notices and proposed rules issued by Department of the Air Force; the authoritative first-publication channel for US regulatory action.
sec-fedreg-dnfsb	https://www.federalregister.gov/api/v1/documents.json?conditions%5Bagencies%5D%5B%5D=defense-nuclear-facilities-safety-board&per_page=100&order=newest&fields%5B%5D=title&fields%5B%5D=html_url&fields%5B%5D=publication_date&fields%5B%5D=abstract&fields%5B%5D=document_number&fields%5B%5D=type	json:results	100	Federal Register — Defense Nuclear Facilities Safety Board	官報 — 米国防核施設安全委員会	geopolitics	armscontrol	en	nuclear,defense,safety,federal-register,usa	3600	US Federal Register rulemakings, notices and proposed rules issued by Defense Nuclear Facilities Safety Board; the authoritative first-publication channel for US regulatory action.
sec-fedreg-nnsa	https://www.federalregister.gov/api/v1/documents.json?conditions%5Bagencies%5D%5B%5D=national-nuclear-security-administration&per_page=100&order=newest&fields%5B%5D=title&fields%5B%5D=html_url&fields%5B%5D=publication_date&fields%5B%5D=abstract&fields%5B%5D=document_number&fields%5B%5D=type	json:results	100	Federal Register — National Nuclear Security Administration	官報 — 米国家核安全保障局	geopolitics	armscontrol	en	nnsa,nuclear,weapons-complex,federal-register,usa	3600	US Federal Register rulemakings, notices and proposed rules issued by National Nuclear Security Administration; the authoritative first-publication channel for US regulatory action.
sec-fedreg-cbp	https://www.federalregister.gov/api/v1/documents.json?conditions%5Bagencies%5D%5B%5D=u-s-customs-and-border-protection&per_page=100&order=newest&fields%5B%5D=title&fields%5B%5D=html_url&fields%5B%5D=publication_date&fields%5B%5D=abstract&fields%5B%5D=document_number&fields%5B%5D=type	json:results	100	Federal Register — Customs and Border Protection	官報 — 米税関国境警備局	geopolitics	migration	en	cbp,border,customs,federal-register,usa	3600	US Federal Register rulemakings, notices and proposed rules issued by Customs and Border Protection; the authoritative first-publication channel for US regulatory action.
sec-fedreg-transportation	https://www.federalregister.gov/api/v1/documents.json?conditions%5Bagencies%5D%5B%5D=transportation-department&per_page=100&order=newest	json:results	100	Federal Register — Department of Transportation	官報 — 米運輸省	geopolitics	aviation-safety	en	dot,transportation,federal-register,usa	3600	US Federal Register rulemakings, notices and proposed rules issued by Department of Transportation; the authoritative first-publication channel for US regulatory action.
sec-fedreg-engineers-corps	https://www.federalregister.gov/api/v1/documents.json?conditions%5Bagencies%5D%5B%5D=engineers-corps&per_page=100&order=newest	json:results	100	Federal Register — US Army Corps of Engineers	官報 — 米陸軍工兵隊	maritime	shipping	en	usace,navigation,waterway,federal-register,usa	3600	US Federal Register rulemakings, notices and proposed rules issued by US Army Corps of Engineers; the authoritative first-publication channel for US regulatory action.
sec-fedreg-defense-acquisition	https://www.federalregister.gov/api/v1/documents.json?conditions%5Bagencies%5D%5B%5D=defense-acquisition-regulations-system&per_page=100&order=newest	json:results	100	Federal Register — Defense Acquisition Regulations System	官報 — 米国防調達規則	geopolitics	defence	en	dfars,acquisition,procurement,federal-register,usa	3600	US Federal Register rulemakings, notices and proposed rules issued by Defense Acquisition Regulations System; the authoritative first-publication channel for US regulatory action.
sec-fedreg-dla	https://www.federalregister.gov/api/v1/documents.json?conditions%5Bagencies%5D%5B%5D=defense-logistics-agency&per_page=100&order=newest	json:results	100	Federal Register — Defense Logistics Agency	官報 — 米国防兵站局	geopolitics	defence	en	dla,logistics,federal-register,usa	3600	US Federal Register rulemakings, notices and proposed rules issued by Defense Logistics Agency; the authoritative first-publication channel for US regulatory action.
sec-fedreg-uscis	https://www.federalregister.gov/api/v1/documents.json?conditions%5Bagencies%5D%5B%5D=u-s-citizenship-and-immigration-services&per_page=100&order=newest	json:results	100	Federal Register — USCIS	官報 — 米市民権移民局	geopolitics	migration	en	uscis,immigration,federal-register,usa	3600	US Federal Register rulemakings, notices and proposed rules issued by USCIS; the authoritative first-publication channel for US regulatory action.
sec-fedreg-ice	https://www.federalregister.gov/api/v1/documents.json?conditions%5Bagencies%5D%5B%5D=u-s-immigration-and-customs-enforcement&per_page=100&order=newest	json:results	100	Federal Register — Immigration and Customs Enforcement	官報 — 米移民税関捜査局	geopolitics	migration	en	ice,immigration,enforcement,federal-register,usa	3600	US Federal Register rulemakings, notices and proposed rules issued by Immigration and Customs Enforcement; the authoritative first-publication channel for US regulatory action.
sec-fedreg-nga	https://www.federalregister.gov/api/v1/documents.json?conditions%5Bagencies%5D%5B%5D=national-geospatial-intelligence-agency&per_page=100&order=newest	json:results	2	Federal Register — National Geospatial-Intelligence Agency	官報 — 米国家地球空間情報局	geopolitics	defence	en	nga,geoint,federal-register,usa	3600	US Federal Register rulemakings, notices and proposed rules issued by National Geospatial-Intelligence Agency; the authoritative first-publication channel for US regulatory action.
sec-fedreg-energy	https://www.federalregister.gov/api/v1/documents.json?conditions%5Bagencies%5D%5B%5D=energy-department&per_page=100&order=newest	json:results	100	Federal Register — Department of Energy	官報 — 米エネルギー省	geopolitics	armscontrol	en	doe,nuclear,energy,federal-register,usa	3600	US Federal Register rulemakings, notices and proposed rules issued by Department of Energy; the authoritative first-publication channel for US regulatory action.
sec-fedreg-public-inspection	https://www.federalregister.gov/api/v1/public-inspection-documents/current.json	json:results	80	Federal Register — Public Inspection Desk	官報 — 事前閲覧文書	geopolitics	advisory	en	federal-register,public-inspection,usa	3600	Documents filed for public inspection and due to publish in the US Federal Register in the next working days — the earliest public sight of new US rules.
sec-govuk-aaib-reports	https://www.gov.uk/aaib-reports.atom	atom	50	UK AAIB Air Accident Reports	英国航空事故調査支部 事故報告書	aviation	aviation-safety	en	aaib,accident,investigation,uk	86400	Formal air accident and serious incident investigation reports published by the UK Air Accidents Investigation Branch.
sec-govuk-maib-reports	https://www.gov.uk/maib-reports.atom	atom	50	UK MAIB Marine Accident Reports	英国海難調査支部 事故報告書	maritime	aviation-safety	en	maib,marine-casualty,investigation,uk	86400	Marine casualty investigation reports published by the UK Marine Accident Investigation Branch.
sec-govuk-raib-reports	https://www.gov.uk/raib-reports.atom	atom	50	UK RAIB Rail Accident Reports	英国鉄道事故調査支部 事故報告書	geopolitics	aviation-safety	en	raib,rail,investigation,uk	86400	Rail accident investigation reports published by the UK Rail Accident Investigation Branch.
sec-govuk-mod-news-search	https://www.gov.uk/search/news-and-communications.atom?organisations%5B%5D=ministry-of-defence	atom	20	UK MoD News and Communications	英国国防省 ニュース	geopolitics	defence	en	mod,uk,news	3600	gov.uk news-and-communications search feed filtered to the Ministry of Defence — broader than the department feed.
sec-govuk-des	https://www.gov.uk/government/organisations/defence-equipment-and-support.atom	atom	20	UK Defence Equipment and Support	英国国防装備支援庁	geopolitics	defence	en	des,procurement,uk	86400	Official UK government publications and news from Defence Equipment and Support, as the department's own Atom feed.
sec-govuk-mca	https://www.gov.uk/government/organisations/maritime-and-coastguard-agency.atom	atom	20	UK Maritime and Coastguard Agency	英国海事沿岸警備庁	maritime	navwarning	en	mca,coastguard,uk	3600	Official UK government publications and news from the Maritime and Coastguard Agency, as the department's own Atom feed.
sec-govuk-caa	https://www.gov.uk/government/organisations/civil-aviation-authority.atom	atom	20	UK Civil Aviation Authority	英国民間航空局	aviation	aviation-safety	en	caa,regulation,uk	3600	Official UK government publications and news from the UK Civil Aviation Authority, as the department's own Atom feed.
sec-govuk-ukspace	https://www.gov.uk/government/organisations/uk-space-agency.atom	atom	20	UK Space Agency	英国宇宙庁	aviation	space	en	space,uk,launch	86400	Official UK government publications and news from the UK Space Agency, as the department's own Atom feed.
sec-govuk-borderforce	https://www.gov.uk/government/organisations/border-force.atom	atom	20	UK Border Force	英国国境警備隊	geopolitics	migration	en	border,uk,immigration	86400	Official UK government publications and news from Border Force, as the department's own Atom feed.
sec-govuk-dstl	https://www.gov.uk/government/organisations/defence-science-and-technology-laboratory.atom	atom	20	UK Defence Science and Technology Laboratory	英国国防科学技術研究所	geopolitics	defence	en	dstl,research,uk	86400	Official UK government publications and news from Dstl, as the department's own Atom feed.
sec-govuk-ecju	https://www.gov.uk/government/organisations/export-control-joint-unit.atom	atom	20	UK Export Control Joint Unit	英国輸出管理合同部	geopolitics	armscontrol	en	export-control,arms,uk	86400	Official UK government publications and news from the Export Control Joint Unit, as the department's own Atom feed.
sec-govuk-homeoffice	https://www.gov.uk/government/organisations/home-office.atom	atom	20	UK Home Office	英国内務省	geopolitics	migration	en	home-office,uk,security	3600	Official UK government publications and news from the Home Office, as the department's own Atom feed.
sec-govuk-ukho	https://www.gov.uk/government/organisations/uk-hydrographic-office.atom	atom	20	UK Hydrographic Office	英国水路部	maritime	navwarning	en	ukho,admiralty,chart,uk	86400	Official UK government publications and news from the UK Hydrographic Office, as the department's own Atom feed.
sec-govuk-strategic-command	https://www.gov.uk/government/organisations/strategic-command.atom	atom	20	UK Strategic Command	英国戦略軍	geopolitics	defence	en	strategic-command,uk	86400	Official UK government publications and news from UK Strategic Command, as the department's own Atom feed.
sec-govuk-dio	https://www.gov.uk/government/organisations/defence-infrastructure-organisation.atom	atom	20	UK Defence Infrastructure Organisation	英国国防インフラ機構	geopolitics	defence	en	dio,estate,uk	86400	Official UK government publications and news from the Defence Infrastructure Organisation, as the department's own Atom feed.
sec-govuk-dsa	https://www.gov.uk/government/organisations/defence-safety-authority.atom	atom	20	UK Defence Safety Authority	英国国防安全庁	geopolitics	aviation-safety	en	dsa,military-air-safety,uk	86400	Official UK government publications and news from the Defence Safety Authority, as the department's own Atom feed.
sec-govuk-nca	https://www.gov.uk/government/organisations/national-crime-agency.atom	atom	20	UK National Crime Agency	英国国家犯罪対策庁	geopolitics	advisory	en	nca,crime,uk	86400	Official UK government publications and news from the National Crime Agency, as the department's own Atom feed.
sec-govuk-ncsc	https://www.gov.uk/government/organisations/national-cyber-security-centre.atom	atom	20	UK National Cyber Security Centre	英国国家サイバーセキュリティセンター	geopolitics	advisory	en	ncsc,cyber,uk	86400	Official UK government publications and news from the NCSC, as the department's own Atom feed.
sec-govuk-dft	https://www.gov.uk/government/organisations/department-for-transport.atom	atom	20	UK Department for Transport	英国運輸省	geopolitics	aviation-safety	en	dft,transport,uk	86400	Official UK government publications and news from the Department for Transport, as the department's own Atom feed.
sec-govuk-ukef	https://www.gov.uk/government/organisations/uk-export-finance.atom	atom	20	UK Export Finance	英国輸出金融庁	geopolitics	armscontrol	en	export-finance,uk,trade	86400	Official UK government publications and news from UK Export Finance, as the department's own Atom feed.
sec-govuk-dbt	https://www.gov.uk/government/organisations/department-for-business-and-trade.atom	atom	20	UK Department for Business and Trade	英国ビジネス・貿易省	geopolitics	armscontrol	en	trade,export,uk	86400	Official UK government publications and news from the Department for Business and Trade, as the department's own Atom feed.
sec-govuk-submarine-delivery	https://www.gov.uk/government/organisations/submarine-delivery-agency.atom	atom	20	UK Submarine Delivery Agency	英国潜水艦調達庁	maritime	defence	en	submarine,procurement,uk	86400	Official UK government publications and news from the Submarine Delivery Agency, as the department's own Atom feed.
sec-govuk-dasa	https://www.gov.uk/government/organisations/defence-and-security-accelerator.atom	atom	20	UK Defence and Security Accelerator	英国国防・安全保障アクセラレーター	geopolitics	defence	en	dasa,innovation,uk	86400	Official UK government publications and news from the Defence and Security Accelerator, as the department's own Atom feed.
sec-govuk-sanctions-news	https://www.gov.uk/search/all.atom?keywords=sanctions&order=updated-newest	atom	10	UK Government Sanctions Announcements	英国政府 制裁関連発表	geopolitics	armscontrol	en	sanctions,uk,designations	3600	gov.uk site-wide search feed for sanctions announcements — designations, licences and statutory guidance as they publish.
sec-fcdo-ta-ukraine	https://www.gov.uk/foreign-travel-advice/ukraine.atom	atom	1	UK FCDO Travel Advice — Ukraine	英国外務省 渡航情報 — ウクライナ	geopolitics	advisory	en	travel-advisory,fcdo,uk,ukraine	3600	Change notifications for the UK FCDO travel advice page for Ukraine — one entry per revision, which is the signal that the security assessment moved.
sec-fcdo-ta-russia	https://www.gov.uk/foreign-travel-advice/russia.atom	atom	1	UK FCDO Travel Advice — Russia	英国外務省 渡航情報 — ロシア	geopolitics	advisory	en	travel-advisory,fcdo,uk,russia	3600	Change notifications for the UK FCDO travel advice page for Russia — one entry per revision, which is the signal that the security assessment moved.
sec-fcdo-ta-china	https://www.gov.uk/foreign-travel-advice/china.atom	atom	1	UK FCDO Travel Advice — China	英国外務省 渡航情報 — 中国	geopolitics	advisory	en	travel-advisory,fcdo,uk,china	3600	Change notifications for the UK FCDO travel advice page for China — one entry per revision, which is the signal that the security assessment moved.
sec-fcdo-ta-north-korea	https://www.gov.uk/foreign-travel-advice/north-korea.atom	atom	1	UK FCDO Travel Advice — North Korea	英国外務省 渡航情報 — 北朝鮮	geopolitics	advisory	en	travel-advisory,fcdo,uk,north-korea	3600	Change notifications for the UK FCDO travel advice page for North Korea — one entry per revision, which is the signal that the security assessment moved.
sec-fcdo-ta-israel	https://www.gov.uk/foreign-travel-advice/israel.atom	atom	1	UK FCDO Travel Advice — Israel	英国外務省 渡航情報 — イスラエル	geopolitics	advisory	en	travel-advisory,fcdo,uk,israel	3600	Change notifications for the UK FCDO travel advice page for Israel — one entry per revision, which is the signal that the security assessment moved.
sec-fcdo-ta-iran	https://www.gov.uk/foreign-travel-advice/iran.atom	atom	1	UK FCDO Travel Advice — Iran	英国外務省 渡航情報 — イラン	geopolitics	advisory	en	travel-advisory,fcdo,uk,iran	3600	Change notifications for the UK FCDO travel advice page for Iran — one entry per revision, which is the signal that the security assessment moved.
sec-fcdo-ta-taiwan	https://www.gov.uk/foreign-travel-advice/taiwan.atom	atom	1	UK FCDO Travel Advice — Taiwan	英国外務省 渡航情報 — 台湾	geopolitics	advisory	en	travel-advisory,fcdo,uk,taiwan	3600	Change notifications for the UK FCDO travel advice page for Taiwan — one entry per revision, which is the signal that the security assessment moved.
sec-fcdo-ta-myanmar	https://www.gov.uk/foreign-travel-advice/myanmar.atom	atom	1	UK FCDO Travel Advice — Myanmar	英国外務省 渡航情報 — ミャンマー	geopolitics	advisory	en	travel-advisory,fcdo,uk,myanmar	3600	Change notifications for the UK FCDO travel advice page for Myanmar — one entry per revision, which is the signal that the security assessment moved.
sec-fcdo-ta-sudan	https://www.gov.uk/foreign-travel-advice/sudan.atom	atom	1	UK FCDO Travel Advice — Sudan	英国外務省 渡航情報 — スーダン	geopolitics	advisory	en	travel-advisory,fcdo,uk,sudan	3600	Change notifications for the UK FCDO travel advice page for Sudan — one entry per revision, which is the signal that the security assessment moved.
sec-fcdo-ta-lebanon	https://www.gov.uk/foreign-travel-advice/lebanon.atom	atom	1	UK FCDO Travel Advice — Lebanon	英国外務省 渡航情報 — レバノン	geopolitics	advisory	en	travel-advisory,fcdo,uk,lebanon	3600	Change notifications for the UK FCDO travel advice page for Lebanon — one entry per revision, which is the signal that the security assessment moved.
sec-fcdo-ta-japan	https://www.gov.uk/foreign-travel-advice/japan.atom	atom	1	UK FCDO Travel Advice — Japan	英国外務省 渡航情報 — 日本	geopolitics	advisory	en	travel-advisory,fcdo,uk,japan	3600	Change notifications for the UK FCDO travel advice page for Japan — one entry per revision, which is the signal that the security assessment moved.
sec-fcdo-ta-yemen	https://www.gov.uk/foreign-travel-advice/yemen.atom	atom	1	UK FCDO Travel Advice — Yemen	英国外務省 渡航情報 — イエメン	geopolitics	advisory	en	travel-advisory,fcdo,uk,yemen	3600	Change notifications for the UK FCDO travel advice page for Yemen — one entry per revision, which is the signal that the security assessment moved.
sec-canada-publicsafety	https://api.io.canada.ca/io-server/gc/news/en/v2?dept=publicsafetycanada&sort=publishedDate&orderBy=desc&pick=50&format=atom&atomtitle=PublicSafety	atom	50	Public Safety Canada News	カナダ公安省 ニュース	geopolitics	advisory	en	canada,public-safety,security	3600	News releases from Public Safety Canada via the Government of Canada news API.
sec-canada-cbsa	https://api.io.canada.ca/io-server/gc/news/en/v2?dept=canadaborderservicesagency&sort=publishedDate&orderBy=desc&pick=50&format=atom&atomtitle=CBSA	atom	50	Canada Border Services Agency News	カナダ国境サービス庁 ニュース	geopolitics	migration	en	canada,border,customs	3600	News releases from the Canada Border Services Agency via the Government of Canada news API.
sec-canada-csis	https://api.io.canada.ca/io-server/gc/news/en/v2?dept=canadiansecurityintelligenceservice&sort=publishedDate&orderBy=desc&pick=50&format=atom&atomtitle=Canada	atom	31	Canadian Security Intelligence Service News	カナダ安全情報局 ニュース	geopolitics	defence	en	canada,csis,intelligence	86400	Public statements and reports from the Canadian Security Intelligence Service.
sec-canada-coastguard	https://api.io.canada.ca/io-server/gc/news/en/v2?dept=canadiancoastguard&sort=publishedDate&orderBy=desc&pick=50&format=atom&atomtitle=Canada	atom	50	Canadian Coast Guard News	カナダ沿岸警備隊 ニュース	maritime	navwarning	en	canada,coastguard,sar	3600	News releases from the Canadian Coast Guard, including SAR and icebreaking operations.
sec-canada-spaceagency	https://api.io.canada.ca/io-server/gc/news/en/v2?dept=spaceagency&sort=publishedDate&orderBy=desc&pick=50&format=atom&atomtitle=Canada	atom	50	Canadian Space Agency News	カナダ宇宙庁 ニュース	aviation	space	en	canada,space,csa	86400	News releases from the Canadian Space Agency.
sec-canada-travel-json	https://data.international.gc.ca/travel-voyage/index-alpha-eng.json	json-object	1	Canada Travel Advisories (structured JSON)	カナダ渡航情報（構造化JSON）	geopolitics	advisory	en	travel-advisory,canada,risk-level	3600	Global Affairs Canada risk level for every country as structured JSON, including advisory state, warnings and last-published date — the cleanest machine-readable advisory set of any foreign ministry.
sec-adsb-lol-mil	https://api.adsb.lol/v2/mil	json:ac	69	adsb.lol Military Aircraft (global)	adsb.lol 軍用機（全球）	aviation	defence	en	adsb,military,aircraft,live	1800	Every aircraft currently tracked worldwide that is flagged military, with live per-aircraft position, altitude and callsign.
sec-adsb-lol-ladd	https://api.adsb.lol/v2/ladd	json:ac	173	adsb.lol LADD-Filtered Aircraft	adsb.lol LADD対象機	aviation	defence	en	adsb,military,aircraft,live	1800	Aircraft on the FAA Limiting Aircraft Data Displayed list that are nevertheless transmitting, with live positions.
sec-adsb-fi-mil	https://opendata.adsb.fi/api/v2/mil	json:ac	65	adsb.fi Military Aircraft (global)	adsb.fi 軍用機（全球）	aviation	defence	en	adsb,military,aircraft,live	1800	Independent community ADS-B network's global military aircraft view; useful as a second source against adsb.lol.
sec-adsb-lol-box-korea	https://api.adsb.lol/v2/point/37.5/127.5/250	json:ac	88	adsb.lol Air Picture — Korean Peninsula	adsb.lol 航空状況 — 朝鮮半島	aviation	airspace	en	adsb,aircraft,live,watchbox,korea	1800	Live ADS-B air picture within a 250 NM radius watch box over the Korean Peninsula, with real per-aircraft positions.
sec-adsb-lol-box-sea-of-japan	https://api.adsb.lol/v2/point/39.5/134.0/250	json:ac	45	adsb.lol Air Picture — Sea of Japan	adsb.lol 航空状況 — 日本海	aviation	airspace	en	adsb,aircraft,live,watchbox,sea-of-japan	1800	Live ADS-B air picture within a 250 NM radius watch box over the Sea of Japan, with real per-aircraft positions.
sec-adsb-lol-box-taiwan-strait	https://api.adsb.lol/v2/point/24.5/119.5/250	json:ac	20	adsb.lol Air Picture — Taiwan Strait	adsb.lol 航空状況 — 台湾海峡	aviation	airspace	en	adsb,aircraft,live,watchbox,taiwan-strait	1800	Live ADS-B air picture within a 250 NM radius watch box over the Taiwan Strait, with real per-aircraft positions.
sec-adsb-lol-box-okinawa	https://api.adsb.lol/v2/point/26.3/127.8/250	json:ac	25	adsb.lol Air Picture — Okinawa	adsb.lol 航空状況 — 沖縄	aviation	airspace	en	adsb,aircraft,live,watchbox,okinawa	1800	Live ADS-B air picture within a 250 NM radius watch box over the Okinawa, with real per-aircraft positions.
sec-adsb-lol-box-black-sea	https://api.adsb.lol/v2/point/44.5/34.0/250	json:ac	4	adsb.lol Air Picture — Black Sea	adsb.lol 航空状況 — 黒海	aviation	airspace	en	adsb,aircraft,live,watchbox,black-sea	1800	Live ADS-B air picture within a 250 NM radius watch box over the Black Sea, with real per-aircraft positions.
sec-adsb-lol-box-east-med	https://api.adsb.lol/v2/point/34.5/33.5/250	json:ac	68	adsb.lol Air Picture — Eastern Mediterranean	adsb.lol 航空状況 — 東地中海	aviation	airspace	en	adsb,aircraft,live,watchbox,east-med	1800	Live ADS-B air picture within a 250 NM radius watch box over the Eastern Mediterranean, with real per-aircraft positions.
sec-adsb-lol-box-baltic	https://api.adsb.lol/v2/point/56.0/19.5/250	json:ac	32	adsb.lol Air Picture — Baltic Sea	adsb.lol 航空状況 — バルト海	aviation	airspace	en	adsb,aircraft,live,watchbox,baltic	1800	Live ADS-B air picture within a 250 NM radius watch box over the Baltic Sea, with real per-aircraft positions.
sec-adsb-lol-box-persian-gulf	https://api.adsb.lol/v2/point/26.5/52.0/250	json:ac	64	adsb.lol Air Picture — Persian Gulf	adsb.lol 航空状況 — ペルシャ湾	aviation	airspace	en	adsb,aircraft,live,watchbox,persian-gulf	1800	Live ADS-B air picture within a 250 NM radius watch box over the Persian Gulf, with real per-aircraft positions.
sec-spacedevs-launch-upcoming	https://ll.thespacedevs.com/2.2.0/launch/upcoming/?limit=50	json:results	50	Launch Library — Upcoming Orbital Launches	ローンチライブラリ — 今後の軌道打上げ	aviation	space	en	launch,space,orbital,thespacedevs	21600	Every scheduled orbital launch worldwide with window, vehicle, payload and launch-pad coordinates; the anonymous API tier is rate limited, so poll no faster than the stated interval.
sec-spacedevs-launch-previous	https://ll.thespacedevs.com/2.2.0/launch/previous/?limit=50	json:results	50	Launch Library — Recent Launches	ローンチライブラリ — 直近の打上げ	aviation	space	en	launch,space,orbital,thespacedevs	21600	Recently conducted orbital launches with outcome, vehicle and pad coordinates — ground truth against which launch notices are checked; the anonymous API tier is rate limited.
sec-esa-safety	https://www.esa.int/rssfeed/Our_Activities/Space_Safety	rss	15	ESA Space Safety	ESA 宇宙安全	aviation	space	en	space-debris,neo,space-weather,esa	86400	European Space Agency space-safety programme news: debris, near-Earth objects and space weather.
sec-esa-space-transportation	https://www.esa.int/rssfeed/Our_Activities/Space_Transportation	rss	15	ESA Space Transportation	ESA 宇宙輸送	aviation	space	en	launcher,ariane,vega,esa	86400	European Space Agency launcher and space-transportation programme news.
sec-esa-observing-earth	https://www.esa.int/rssfeed/Our_Activities/Observing_the_Earth	rss	15	ESA Observing the Earth	ESA 地球観測	aviation	space	en	earth-observation,sentinel,esa	86400	European Space Agency Earth-observation programme news, including Sentinel and Copernicus missions.
sec-esa-navigation	https://www.esa.int/rssfeed/Applications/Navigation	rss	15	ESA Navigation (Galileo/EGNOS)	ESA 航法（ガリレオ/EGNOS）	aviation	space	en	gnss,galileo,egnos,esa	86400	European Space Agency satellite-navigation news covering Galileo and EGNOS service status and policy.
sec-nasa-news	https://www.nasa.gov/news-release/feed/	rss	10	NASA News Releases	NASA ニュースリリース	aviation	space	en	nasa,space,usa	86400	Official NASA news releases across human spaceflight, science and aeronautics.
sec-nasa-blogs-artemis	https://blogs.nasa.gov/artemis/feed/	rss	10	NASA Artemis Programme Blog	NASA アルテミス計画ブログ	aviation	space	en	nasa,artemis,moon	86400	Operational updates from the NASA Artemis lunar programme, often ahead of formal releases.
sec-jaxa-press	https://global.jaxa.jp/rss/press.rdf	rss	20	JAXA Press Releases (English)	JAXA プレスリリース（英語）	aviation	space	en	jaxa,japan,space	86400	Official JAXA press releases in English, covering launches, satellites and ISS operations.
sec-unhcr-population	https://api.unhcr.org/population/v1/population/?limit=100&yearFrom=2024	json:items	75	UNHCR Population Figures	UNHCR 人口統計	geopolitics	migration	en	refugees,idp,population,unhcr	86400	UNHCR Refugee Data Finder API — UNHCR Population Figures, country-by-country and year-by-year.
sec-unhcr-asylum-applications	https://api.unhcr.org/population/v1/asylum-applications/?limit=100&yearFrom=2024	json:items	100	UNHCR Asylum Applications	UNHCR 庇護申請	geopolitics	migration	en	asylum,applications,unhcr	86400	UNHCR Refugee Data Finder API — UNHCR Asylum Applications, country-by-country and year-by-year.
sec-unhcr-asylum-decisions	https://api.unhcr.org/population/v1/asylum-decisions/?limit=100&yearFrom=2024	json:items	100	UNHCR Asylum Decisions	UNHCR 庇護決定	geopolitics	migration	en	asylum,decisions,unhcr	86400	UNHCR Refugee Data Finder API — UNHCR Asylum Decisions, country-by-country and year-by-year.
sec-unhcr-demographics	https://api.unhcr.org/population/v1/demographics/?limit=100&yearFrom=2023	json:items	25	UNHCR Refugee Demographics	UNHCR 難民人口構成	geopolitics	migration	en	demographics,refugees,unhcr	86400	UNHCR Refugee Data Finder API — UNHCR Refugee Demographics, country-by-country and year-by-year.
sec-unhcr-solutions	https://api.unhcr.org/population/v1/solutions/?limit=100&yearFrom=2023	json:items	67	UNHCR Durable Solutions	UNHCR 恒久的解決	geopolitics	migration	en	returns,resettlement,solutions,unhcr	86400	UNHCR Refugee Data Finder API — UNHCR Durable Solutions, country-by-country and year-by-year.
sec-unhcr-idmc	https://api.unhcr.org/population/v1/idmc/?limit=100&yearFrom=2023	json:items	36	UNHCR/IDMC Internal Displacement Figures	UNHCR/IDMC 国内避難民統計	geopolitics	migration	en	idp,displacement,idmc,unhcr	86400	UNHCR Refugee Data Finder API — UNHCR/IDMC Internal Displacement Figures, country-by-country and year-by-year.
sec-unhcr-unrwa	https://api.unhcr.org/population/v1/unrwa/?limit=100&yearFrom=2023	json:items	74	UNRWA Registered Palestine Refugees	UNRWA 登録パレスチナ難民	geopolitics	migration	en	unrwa,palestine,refugees,unhcr	86400	UNHCR Refugee Data Finder API — UNRWA Registered Palestine Refugees, country-by-country and year-by-year.
sec-unhcr-countries	https://api.unhcr.org/population/v1/countries/?limit=300	json:items	232	UNHCR Country Reference List	UNHCR 国リファレンス	geopolitics	migration	en	reference,countries,unhcr	86400	UNHCR Refugee Data Finder API — UNHCR Country Reference List, country-by-country and year-by-year.
sec-idmc-displacement-updates	https://helix-tools-api.idmcdb.org/external-api/idus/last-180-days/?client_id=IDMCWSHSOLO009	json-array	4289	IDMC Internal Displacement Updates (geolocated)	IDMC 国内避難発生速報（位置情報付き）	geopolitics	conflict	en	displacement,idp,conflict,disaster,geolocated	86400	IDMC's rolling 180-day feed of internal displacement events with real per-event latitude/longitude, cause (conflict vs disaster) and figures — the best keyless geolocated conflict-displacement source available.
sec-hdx-conflict	https://data.humdata.org/api/3/action/package_search?q=conflict&rows=100	json:result.results	100	HDX Dataset Search — Conflict	HDX データセット検索 — 紛争	geopolitics	conflict	en	hdx,ocha,dataset,conflict	86400	OCHA Humanitarian Data Exchange CKAN search for conflict datasets — surfaces newly published operational datasets and their update dates.
sec-hdx-displacement	https://data.humdata.org/api/3/action/package_search?q=displacement&rows=100	json:result.results	100	HDX Dataset Search — Displacement	HDX データセット検索 — 避難民	geopolitics	conflict	en	hdx,ocha,dataset,displacement	86400	OCHA Humanitarian Data Exchange CKAN search for displacement datasets — surfaces newly published operational datasets and their update dates.
sec-hdx-humanitarian-access	https://data.humdata.org/api/3/action/package_search?q=humanitarian+access&rows=100	json:result.results	100	HDX Dataset Search — Humanitarian Access	HDX データセット検索 — 人道アクセス	geopolitics	conflict	en	hdx,ocha,dataset,access	86400	OCHA Humanitarian Data Exchange CKAN search for access datasets — surfaces newly published operational datasets and their update dates.
sec-hdx-refugees	https://data.humdata.org/api/3/action/package_search?q=refugees&rows=100	json:result.results	100	HDX Dataset Search — Refugees	HDX データセット検索 — 難民	geopolitics	conflict	en	hdx,ocha,dataset,refugees	86400	OCHA Humanitarian Data Exchange CKAN search for refugees datasets — surfaces newly published operational datasets and their update dates.
sec-hdx-mine-action	https://data.humdata.org/api/3/action/package_search?q=mine+action&rows=100	json:result.results	5	HDX Dataset Search — Mine Action	HDX データセット検索 — 地雷対策	geopolitics	conflict	en	hdx,ocha,dataset,mine-action	86400	OCHA Humanitarian Data Exchange CKAN search for mine-action datasets — surfaces newly published operational datasets and their update dates.
sec-unnews-peace-security	https://news.un.org/feed/subscribe/en/news/topic/peace-and-security/feed/rss.xml	rss	30	UN News — Peace and Security	国連ニュース — 平和と安全	geopolitics	conflict	en	un,peace,security	3600	UN News coverage of the Security Council, peacekeeping and armed conflict.
sec-unnews-human-rights	https://news.un.org/feed/subscribe/en/news/topic/human-rights/feed/rss.xml	rss	30	UN News — Human Rights	国連ニュース — 人権	geopolitics	conflict	en	un,human-rights	3600	UN News coverage of human-rights investigations and commissions of inquiry.
sec-unnews-migrants-refugees	https://news.un.org/feed/subscribe/en/news/topic/migrants-and-refugees/feed/rss.xml	rss	30	UN News — Migrants and Refugees	国連ニュース — 移民と難民	geopolitics	migration	en	un,migration,refugees	3600	UN News coverage of displacement, migration routes and refugee operations.
sec-unnews-law-crime	https://news.un.org/feed/subscribe/en/news/topic/law-and-crime-prevention/feed/rss.xml	rss	30	UN News — Law and Crime Prevention	国連ニュース — 法と犯罪防止	geopolitics	conflict	en	un,law,crime,icc	3600	UN News coverage of international justice, the ICC and transnational crime.
sec-un-press	https://press.un.org/en/rss.xml	rss	10	UN Press Releases	国連 プレスリリース	geopolitics	conflict	en	un,press,security-council	3600	Official UN press releases, including Security Council meeting coverage and sanctions committee statements.
sec-ohchr-news	https://www.ohchr.org/en/rss.xml	rss	10	OHCHR News	国連人権高等弁務官事務所 ニュース	geopolitics	conflict	en	ohchr,human-rights,un	3600	Statements and reports from the UN Office of the High Commissioner for Human Rights.
sec-unocha-news	https://www.unocha.org/rss.xml	rss	10	UN OCHA News	国連人道問題調整事務所 ニュース	geopolitics	conflict	en	ocha,humanitarian,un	3600	News from the UN Office for the Coordination of Humanitarian Affairs on access, funding and crises.
sec-icrc-news	https://www.icrc.org/en/rss/news	rss	20	ICRC News	赤十字国際委員会 ニュース	geopolitics	conflict	en	icrc,ihl,humanitarian	3600	International Committee of the Red Cross statements on armed conflict and international humanitarian law.
sec-reliefweb-disasters-rss	https://reliefweb.int/disasters/rss.xml	rss	20	ReliefWeb Disasters	ReliefWeb 災害	geopolitics	conflict	en	reliefweb,disaster,emergency	3600	Newly declared and updated humanitarian emergencies tracked by ReliefWeb.
sec-reliefweb-headlines	https://reliefweb.int/headlines/rss.xml	rss	20	ReliefWeb Headlines	ReliefWeb ヘッドライン	geopolitics	conflict	en	reliefweb,headlines,humanitarian	3600	Curated ReliefWeb headlines — the fastest of the ReliefWeb channels.
sec-insecurity-insight	https://insecurityinsight.org/feed	rss	10	Insecurity Insight	Insecurity Insight（人道支援者への攻撃）	geopolitics	conflict	en	aid-worker,attacks,security-incidents	3600	Reporting on violence against aid workers, health facilities and education, compiled from open sources.
sec-ansv-it	https://www.ansv.it/feed/	rss	10	ANSV Italy — Flight Safety Investigations	イタリアANSV 航空安全調査	aviation	aviation-safety	it	ansv,italy,accident,investigation	86400	Italy's Agenzia Nazionale per la Sicurezza del Volo publishes accident and serious incident investigation output here.
sec-otkes-decisions	https://www.turvallisuustutkinta.fi/feed/rss-feed?post_type=tutkintapaatos	rss	30	OTKES Finland — Investigation Decisions	フィンランドOTKES 調査決定	aviation	aviation-safety	fi	otkes,finland,decision	86400	Finnish Safety Investigation Authority investigation decisions across aviation, marine and rail.
sec-otkes-investigations	https://www.turvallisuustutkinta.fi/feed/rss-feed?post_type=tutkinta	rss	30	OTKES Finland — Open Investigations	フィンランドOTKES 進行中の調査	aviation	aviation-safety	fi	otkes,finland,investigation	86400	Investigations currently open at the Finnish Safety Investigation Authority.
sec-otkes-recommendations	https://www.turvallisuustutkinta.fi/feed/rss-feed?post_type=turvallisuussuositus	rss	30	OTKES Finland — Safety Recommendations	フィンランドOTKES 安全勧告	aviation	aviation-safety	fi	otkes,finland,recommendation	86400	Safety recommendations issued by the Finnish Safety Investigation Authority.
sec-otkes-news	https://www.turvallisuustutkinta.fi/feed/rss-feed?post_type=ajankohtaiset	rss	30	OTKES Finland — News	フィンランドOTKES ニュース	aviation	aviation-safety	fi	otkes,finland,news	86400	News and initial notifications from the Finnish Safety Investigation Authority.
sec-easa-news	https://www.easa.europa.eu/en/newsroom-and-events/news/rss.xml	rss	50	EASA News	欧州航空安全機関 ニュース	aviation	aviation-safety	en	easa,europe,regulation,airworthiness	3600	European Union Aviation Safety Agency news, including safety directives, SIBs and certification decisions.
sec-eurocontrol	https://www.eurocontrol.int/rss.xml	rss	10	EUROCONTROL News	ユーロコントロール ニュース	aviation	airspace	en	eurocontrol,atm,europe,network-manager	3600	EUROCONTROL network-manager and ATM news, including capacity, disruption and airspace-closure notices.
sec-faa-nas-airport-events	https://nasstatus.faa.gov/api/airport-events	json-array	9	FAA National Airspace System Airport Events	FAA 全米空域システム 空港イベント	aviation	airspace	en	faa,ground-stop,delay,nas,live	900	Live FAA ground stops, ground delay programmes, airport closures and arrival/departure delays, keyed by airport identifier.
sec-parismou-news	https://www.parismou.org/rss.xml	rss	10	Paris MoU Port State Control News	パリMOU ポートステートコントロール ニュース	maritime	shipping	en	port-state-control,detention,paris-mou	86400	Paris Memorandum of Understanding announcements on port state control regimes, banned ships and detention performance.
sec-cbp-wait-times	https://bwt.cbp.gov/api/waittimes	json-array	85	US Border Crossing Wait Times	米国 国境通過待ち時間	geopolitics	migration	en	border,wait-time,cbp,live	900	Live lane-by-lane wait times and operational status at every US land border crossing with Canada and Mexico.
sec-frontex-news	https://frontex.europa.eu/media-centre/news/news-release/feed	atom	20	Frontex News Releases	フロンテックス ニュース	geopolitics	migration	en	frontex,eu,border,migration	3600	European Border and Coast Guard Agency news, including monthly irregular-crossing figures and operations.
sec-iaea-news	https://www.iaea.org/feeds/news	rss	150	IAEA News	国際原子力機関 ニュース	geopolitics	armscontrol	en	iaea,nuclear,safeguards	3600	International Atomic Energy Agency news including safeguards findings, Board reports and nuclear-safety updates.
sec-armscontrol-org	https://www.armscontrol.org/rss.xml	rss	10	Arms Control Association	軍備管理協会	geopolitics	armscontrol	en	arms-control,nonproliferation,treaty	86400	Arms Control Association analysis of nuclear, chemical, biological and conventional arms control.
sec-arms-control-wonk	https://www.armscontrolwonk.com/feed/	rss	10	Arms Control Wonk	Arms Control Wonk（軍備管理分析）	geopolitics	armscontrol	en	arms-control,nuclear,missile,analysis	86400	Technical open-source analysis of nuclear and missile programmes, frequently based on satellite imagery.
sec-amti-csis	https://amti.csis.org/feed/	rss	10	CSIS Asia Maritime Transparency Initiative	CSIS アジア海洋透明性イニシアティブ	maritime	conflict	en	south-china-sea,maritime,china,amti	86400	Imagery-based reporting on South China Sea features, militarisation and maritime law-enforcement activity.
sec-dod-news	https://www.defense.gov/DesktopModules/ArticleCS/RSS.ashx?ContentType=1&Site=945&max=20	rss	20	US Department of Defense News	米国防総省 ニュース	geopolitics	defence	en	dod,usa,pentagon	3600	Official US Department of Defense news stories and operational announcements.
sec-dod-contracts	https://www.defense.gov/DesktopModules/ArticleCS/RSS.ashx?ContentType=800&Site=945&max=20	rss	20	US DoD Daily Contract Announcements	米国防総省 契約発表	geopolitics	defence	en	dod,contracts,procurement,usa	86400	The Pentagon's daily contract awards — the most reliable open indicator of US defence procurement direction.
sec-dod-releases	https://www.defense.gov/DesktopModules/ArticleCS/RSS.ashx?ContentType=9&Site=945&max=20	rss	20	US DoD Press Releases	米国防総省 プレスリリース	geopolitics	defence	en	dod,press-release,usa	3600	Formal US Department of Defense press releases and statements.
sec-army-news	https://www.army.mil/rss/static/1.xml	rss	17	US Army News	米陸軍 ニュース	geopolitics	defence	en	army,usa,military	3600	Official US Army news feed.
sec-af-news	https://www.af.mil/DesktopModules/ArticleCS/RSS.ashx?ContentType=1&Site=1&max=20	rss	20	US Air Force News	米空軍 ニュース	geopolitics	defence	en	air-force,usa,military	3600	Official US Air Force news feed.
sec-navy-news	https://www.navy.mil/DesktopModules/ArticleCS/RSS.ashx?ContentType=1&Site=1067&max=20	rss	20	US Navy News	米海軍 ニュース	maritime	defence	en	navy,usa,military,fleet	3600	Official US Navy news feed, including deployments and fleet movements.
sec-marines-news	https://www.marines.mil/DesktopModules/ArticleCS/RSS.ashx?ContentType=1&Site=1&max=20	rss	20	US Marine Corps News	米海兵隊 ニュース	geopolitics	defence	en	usmc,usa,military	3600	Official US Marine Corps news feed.
sec-spaceforce-news	https://www.spaceforce.mil/DesktopModules/ArticleCS/RSS.ashx?ContentType=1&Site=1060&max=20	rss	20	US Space Force News	米宇宙軍 ニュース	aviation	space	en	space-force,usa,military,space	3600	Official US Space Force news covering space domain awareness and launch support.
sec-dvids-news	https://www.dvidshub.net/rss/news	rss	20	DVIDS Military News	DVIDS 軍事ニュース	geopolitics	defence	en	dvids,usa,military,news	3600	Defense Visual Information Distribution Service aggregated news from US military units worldwide.
sec-dvids-usarj	https://www.dvidshub.net/rss/unit/USARJ	rss	426	DVIDS — US Army Japan Unit Feed	DVIDS — 在日米陸軍	geopolitics	defence	en	dvids,usarj,japan,military	3600	DVIDS unit search feed for US Army Japan — releases, imagery and exercise coverage relevant to the Japanese theatre.
sec-dvids-video	https://www.dvidshub.net/rss/video	rss	20	DVIDS Military Video	DVIDS 軍事映像	geopolitics	defence	en	dvids,video,usa,military	3600	DVIDS video releases from US military units, often the first imagery of exercises and deployments.
sec-dvids-images	https://www.dvidshub.net/rss/images	rss	385	DVIDS Military Imagery	DVIDS 軍事画像	geopolitics	defence	en	dvids,imagery,usa,military	3600	DVIDS still-imagery releases with unit, location and caption metadata.
sec-mod-jp-news	https://www.mod.go.jp/j/rss/news.xml	rss	117	Japan Ministry of Defense News	防衛省 ニュース	geopolitics	defence	ja	mod,japan,jsdf,defence	3600	Japanese Ministry of Defense announcements, including scramble statistics, exercises and incident notifications.
sec-nzdf-news	https://www.nzdf.mil.nz/news/rss/	rss	1784	New Zealand Defence Force News	ニュージーランド国防軍 ニュース	geopolitics	defence	en	nzdf,new-zealand,military	86400	New Zealand Defence Force news and operational stories.
sec-usni-news	https://news.usni.org/feed	rss	30	USNI News	USNI ニュース（米海軍協会）	maritime	defence	en	navy,fleet-tracker,usni	3600	US Naval Institute News, including the weekly fleet and Marine tracker of where major US warships are deployed.
sec-navaltoday	https://www.navaltoday.com/feed/	rss	50	Naval Today	Naval Today	maritime	defence	en	navy,naval,shipbuilding	3600	Daily naval industry and operations reporting.
sec-seatrade-maritime	https://www.seatrade-maritime.com/rss.xml	rss	50	Seatrade Maritime News	Seatrade Maritime News	maritime	shipping	en	shipping,ports,maritime	3600	Shipping and port sector news.
sec-offshore-energy	https://www.offshore-energy.biz/feed/	rss	10	Offshore Energy	Offshore Energy（海洋エネルギー）	maritime	shipping	en	offshore,energy,subsea	3600	Offshore energy, subsea infrastructure and vessel activity reporting.
sec-dryad-global	https://channel16.dryadglobal.com/rss.xml	rss	10	Dryad Global Channel 16	Dryad Global Channel 16（海上保安）	maritime	piracy	en	piracy,maritime-security,risk	3600	Commercial maritime-security reporting on piracy, armed robbery, drone and missile attacks on shipping.
sec-flightglobal	https://www.flightglobal.com/rss	rss	10	FlightGlobal	FlightGlobal	aviation	aviation-safety	en	aviation,airline,industry	3600	Commercial and military aviation industry reporting.
sec-aerotime	https://www.aerotime.aero/feed	rss	100	AeroTime	AeroTime	aviation	aviation-safety	en	aviation,airline,incident	3600	Aviation news with heavy incident and safety-event coverage.
sec-simpleflying	https://simpleflying.com/feed/	rss	10	Simple Flying	Simple Flying	aviation	aviation-safety	en	aviation,airline,fleet	3600	Airline fleet, route and operational reporting.
sec-skybrary	https://skybrary.aero/rss.xml	rss	10	SKYbrary Aviation Safety	SKYbrary 航空安全	aviation	aviation-safety	en	aviation-safety,skybrary,eurocontrol	3600	EUROCONTROL-backed aviation safety knowledge base updates, including accident and incident case studies.
sec-aviationweek	https://aviationweek.com/rss.xml	rss	10	Aviation Week	Aviation Week	aviation	aviation-safety	en	aviation,defence,aerospace	3600	Aerospace and defence industry reporting.
sec-avweb	https://www.avweb.com/feed/	rss	10	AVweb	AVweb	aviation	aviation-safety	en	aviation,general-aviation,safety	3600	General aviation news and safety reporting.
sec-flightsafety-aerosafety	https://flightsafety.org/feed/	rss	10	Flight Safety Foundation	飛行安全財団	aviation	aviation-safety	en	flight-safety,aerosafety,foundation	3600	Flight Safety Foundation analysis, AeroSafety World articles and safety-initiative updates.
sec-spaceflightnow	https://spaceflightnow.com/feed/	rss	10	Spaceflight Now	Spaceflight Now	aviation	space	en	space,launch,schedule	3600	Launch schedule and mission coverage.
sec-nknews	https://www.nknews.org/feed/	rss	300	NK News	NK News（北朝鮮）	geopolitics	conflict	en	north-korea,dprk,missile	3600	North Korea reporting including missile tests, sanctions evasion and shipping activity.
sec-rusi-commentary	https://www.rusi.org/rss/latest-commentary.xml	rss	20	RUSI Commentary	RUSI コメンタリー	geopolitics	defence	en	rusi,think-tank,uk,security	3600	Royal United Services Institute short-form defence and security commentary.
sec-rusi-publications	https://www.rusi.org/rss/latest-publications.xml	rss	20	RUSI Publications	RUSI 刊行物	geopolitics	defence	en	rusi,think-tank,uk,research	3600	Royal United Services Institute research papers and occasional papers.
sec-rusi-whatsnew	https://www.rusi.org/rss/whats-new.xml	rss	60	RUSI What's New	RUSI 新着	geopolitics	defence	en	rusi,think-tank,uk	3600	Everything newly published by the Royal United Services Institute.
sec-clingendael	https://www.clingendael.org/rss.xml	rss	10	Clingendael Institute	クリンヘンダール研究所	geopolitics	conflict	en	clingendael,netherlands,security	3600	Netherlands Institute of International Relations research on conflict, migration and security.
eco-energy-charts-de-power	https://api.energy-charts.info/public_power?country=de	json	21	Energy-Charts Germany public power	エネルギーチャート ドイツ公共電力	energy	energy-grid	en	germany,electricity,generation-mix,tso	3600	Quarter-hourly German electricity generation by fuel type from Fraunhofer ISE, the cleanest keyless view of Europe's largest power market.
eco-energy-charts-fr-power	https://api.energy-charts.info/public_power?country=fr	json	19	Energy-Charts France public power	エネルギーチャート フランス公共電力	energy	energy-grid	en	france,electricity,nuclear,generation-mix	3600	Quarter-hourly French generation mix, the fastest keyless read on nuclear availability in France.
eco-energy-charts-es-power	https://api.energy-charts.info/public_power?country=es	json	20	Energy-Charts Spain public power	エネルギーチャート スペイン公共電力	energy	energy-grid	en	spain,electricity,solar,generation-mix	3600	Quarter-hourly Spanish generation mix including solar and wind output.
eco-energy-charts-it-power	https://api.energy-charts.info/public_power?country=it	json	21	Energy-Charts Italy public power	エネルギーチャート イタリア公共電力	energy	energy-grid	en	italy,electricity,gas,generation-mix	3600	Quarter-hourly Italian generation mix, a proxy for gas burn in southern Europe.
eco-energy-charts-pl-power	https://api.energy-charts.info/public_power?country=pl	json	20	Energy-Charts Poland public power	エネルギーチャート ポーランド公共電力	energy	energy-grid	en	poland,electricity,coal,generation-mix	3600	Quarter-hourly Polish generation mix, the clearest live measure of coal dependence in the EU.
eco-energy-charts-nl-power	https://api.energy-charts.info/public_power?country=nl	json	14	Energy-Charts Netherlands public power	エネルギーチャート オランダ公共電力	energy	energy-grid	en	netherlands,electricity,generation-mix	3600	Quarter-hourly Dutch generation mix by fuel type.
eco-energy-charts-be-power	https://api.energy-charts.info/public_power?country=be	json	17	Energy-Charts Belgium public power	エネルギーチャート ベルギー公共電力	energy	energy-grid	en	belgium,electricity,nuclear,generation-mix	3600	Quarter-hourly Belgian generation mix, useful for tracking nuclear phase-out steps.
eco-energy-charts-at	https://api.energy-charts.info/public_power?country=at	json	16	Energy-Charts Austria public power	エネルギーチャート オーストリア公共電力	energy	energy-grid	en	austria,electricity,hydro,generation-mix	3600	Quarter-hourly Austrian generation mix, dominated by hydro.
eco-energy-charts-ch	https://api.energy-charts.info/public_power?country=ch	json	12	Energy-Charts Switzerland public power	エネルギーチャート スイス公共電力	energy	energy-grid	en	switzerland,electricity,hydro,generation-mix	3600	Quarter-hourly Swiss generation mix, a key transit market for Alpine power flows.
eco-energy-charts-cz	https://api.energy-charts.info/public_power?country=cz	json	20	Energy-Charts Czechia public power	エネルギーチャート チェコ公共電力	energy	energy-grid	en	czechia,electricity,nuclear,generation-mix	3600	Quarter-hourly Czech generation mix including Dukovany and Temelin nuclear output.
eco-energy-charts-se	https://api.energy-charts.info/public_power?country=se	json	11	Energy-Charts Sweden public power	エネルギーチャート スウェーデン公共電力	energy	energy-grid	en	sweden,electricity,hydro,nuclear	3600	Quarter-hourly Swedish generation mix across hydro, nuclear and wind.
eco-energy-charts-no	https://api.energy-charts.info/public_power?country=no	json	15	Energy-Charts Norway public power	エネルギーチャート ノルウェー公共電力	energy	energy-grid	en	norway,electricity,hydro	3600	Quarter-hourly Norwegian generation mix, effectively a hydro reservoir signal.
eco-energy-charts-fi	https://api.energy-charts.info/public_power?country=fi	json	19	Energy-Charts Finland public power	エネルギーチャート フィンランド公共電力	energy	energy-grid	en	finland,electricity,nuclear,generation-mix	3600	Quarter-hourly Finnish generation mix including Olkiluoto nuclear output.
eco-energy-charts-gr	https://api.energy-charts.info/public_power?country=gr	json	14	Energy-Charts Greece public power	エネルギーチャート ギリシャ公共電力	energy	energy-grid	en	greece,electricity,gas,generation-mix	3600	Quarter-hourly Greek generation mix, a southeastern European gas-burn indicator.
eco-energy-charts-hu	https://api.energy-charts.info/public_power?country=hu	json	18	Energy-Charts Hungary public power	エネルギーチャート ハンガリー公共電力	energy	energy-grid	en	hungary,electricity,nuclear,imports	3600	Quarter-hourly Hungarian generation mix including Paks nuclear output.
eco-energy-charts-ro	https://api.energy-charts.info/public_power?country=ro	json	15	Energy-Charts Romania public power	エネルギーチャート ルーマニア公共電力	energy	energy-grid	en	romania,electricity,generation-mix	3600	Quarter-hourly Romanian generation mix on the Black Sea grid edge.
eco-energy-charts-price-de	https://api.energy-charts.info/price?bzn=DE-LU	json	96	Energy-Charts DE-LU day-ahead price	エネルギーチャート 独ルクセンブルク前日価格	energy	energy-grid	en	germany,luxembourg,power-price,day-ahead	3600	Day-ahead wholesale electricity prices for the German-Luxembourg bidding zone.
eco-energy-charts-price-fr	https://api.energy-charts.info/price?bzn=FR	json	96	Energy-Charts France day-ahead price	エネルギーチャート フランス前日価格	energy	energy-grid	en	france,power-price,day-ahead	3600	Day-ahead wholesale electricity prices for France.
eco-energy-charts-price-es	https://api.energy-charts.info/price?bzn=ES	json	96	Energy-Charts Spain day-ahead price	エネルギーチャート スペイン前日価格	energy	energy-grid	en	spain,power-price,day-ahead	3600	Day-ahead wholesale electricity prices for Spain.
eco-energy-charts-price-it	https://api.energy-charts.info/price?bzn=IT-North	json	96	Energy-Charts Italy North day-ahead price	エネルギーチャート 北イタリア前日価格	energy	energy-grid	en	italy,power-price,day-ahead	3600	Day-ahead wholesale electricity prices for the Italy-North bidding zone.
eco-energy-charts-price-pl	https://api.energy-charts.info/price?bzn=PL	json	96	Energy-Charts Poland day-ahead price	エネルギーチャート ポーランド前日価格	energy	energy-grid	en	poland,power-price,day-ahead	3600	Day-ahead wholesale electricity prices for Poland.
eco-energy-charts-price-se3	https://api.energy-charts.info/price?bzn=SE3	json	96	Energy-Charts Sweden SE3 day-ahead price	エネルギーチャート スウェーデンSE3前日価格	energy	energy-grid	en	sweden,power-price,day-ahead,nordics	3600	Day-ahead wholesale electricity prices for Sweden's SE3 zone (Stockholm).
eco-energy-charts-price-no2	https://api.energy-charts.info/price?bzn=NO2	json	96	Energy-Charts Norway NO2 day-ahead price	エネルギーチャート ノルウェーNO2前日価格	energy	energy-grid	en	norway,power-price,day-ahead,nordics	3600	Day-ahead wholesale electricity prices for Norway's NO2 zone, the interconnector-exposed south.
eco-energy-charts-cbpf-de	https://api.energy-charts.info/cbpf?country=de	json	12	Energy-Charts Germany cross-border flows	エネルギーチャート ドイツ越境電力潮流	energy	energy-grid	en	germany,cross-border,interconnector,flows	3600	Cross-border physical electricity flows between Germany and each neighbour.
eco-energy-charts-signal-de	https://api.energy-charts.info/signal?country=de	json	96	Energy-Charts Germany grid signal	エネルギーチャート ドイツ系統シグナル	energy	energy-grid	en	germany,grid,renewables,signal	3600	Renewable-share grid signal used to time flexible demand in Germany.
eco-dk-elspot	https://api.energidataservice.dk/dataset/Elspotprices?limit=100&sort=HourUTC%20DESC	json	100	Energinet day-ahead spot prices	エネルギネット 前日スポット価格	energy	energy-grid	en	denmark,nordics,power-price,spot	1800	Hourly day-ahead spot prices for Danish and neighbouring Nordic price areas.
eco-dk-co2emis	https://api.energidataservice.dk/dataset/CO2Emis?limit=100&sort=Minutes5UTC%20DESC	json	100	Energinet CO2 emission intensity	エネルギネット CO2排出原単位	energy	energy-grid	en	denmark,carbon-intensity,grid	900	Five-minute grid carbon intensity for the two Danish price areas.
eco-dk-powersystem	https://api.energidataservice.dk/dataset/PowerSystemRightNow?limit=100&sort=Minutes1UTC%20DESC	json	100	Energinet power system right now	エネルギネット 電力系統リアルタイム	energy	energy-grid	en	denmark,realtime,grid,wind	900	One-minute Danish system state: production, exchange and CO2 emissions.
eco-dk-forecasts	https://api.energidataservice.dk/dataset/Forecasts_Hour?limit=100	json	100	Energinet hourly forecasts	エネルギネット 時間別予測	energy	energy-grid	en	denmark,forecast,wind,solar	1800	Hourly Danish wind, solar and consumption forecasts by price area.
eco-dk-gas-flow	https://api.energidataservice.dk/dataset/Gasflow?limit=100	json	100	Energinet gas flow	エネルギネット ガス流量	energy	energy-grid	en	denmark,gas,pipeline,flows	1800	Danish gas system entry and exit flows including Baltic Pipe.
eco-dk-electricityprod	https://api.energidataservice.dk/dataset/ElectricityProdex5MinRealtime?limit=100	json	100	Energinet 5-minute production and exchange	エネルギネット 5分間発電・連系	energy	energy-grid	en	denmark,realtime,exchange,generation	900	Five-minute Danish production and cross-border exchange by connection.
eco-dk-transmissionlines	https://api.energidataservice.dk/dataset/TransmissionLines?limit=100	json	100	Energinet transmission line capacity	エネルギネット 送電線容量	energy	energy-grid	en	denmark,transmission,capacity,interconnector	3600	Capacity and utilisation of Danish transmission interconnectors.
eco-elia-ods001	https://opendata.elia.be/api/explore/v2.1/catalog/datasets/ods001/records?limit=50&order_by=datetime%20desc	json	50	Elia Belgium total load	エリア ベルギー総需要	energy	energy-grid	en	belgium,load,demand,tso	900	Quarter-hourly measured and forecast total load on the Belgian grid.
eco-elia-ods003	https://opendata.elia.be/api/explore/v2.1/catalog/datasets/ods003/records?limit=50	json	50	Elia Belgium load forecast	エリア ベルギー需要予測	energy	energy-grid	en	belgium,load,forecast,tso	1800	Belgian grid load forecast published by the transmission system operator.
eco-elia-ods032	https://opendata.elia.be/api/explore/v2.1/catalog/datasets/ods032/records?limit=50	json	50	Elia Belgium generation by fuel	エリア ベルギー燃料別発電	energy	energy-grid	en	belgium,generation-mix,tso	900	Belgian measured generation split by fuel type.
eco-elia-ods086	https://opendata.elia.be/api/explore/v2.1/catalog/datasets/ods086/records?limit=50	json	50	Elia Belgium wind power	エリア ベルギー風力発電	energy	energy-grid	en	belgium,wind,offshore,tso	900	Belgian onshore and offshore wind production and forecast.
eco-elia-ods087	https://opendata.elia.be/api/explore/v2.1/catalog/datasets/ods087/records?limit=50	json	50	Elia Belgium solar power	エリア ベルギー太陽光発電	energy	energy-grid	en	belgium,solar,tso	900	Belgian solar production and forecast by region.
eco-odre-eco2mix-tr	https://odre.opendatasoft.com/api/explore/v2.1/catalog/datasets/eco2mix-national-tr/records?limit=50&order_by=date_heure%20desc	json	50	RTE eCO2mix national real time	RTE eCO2mix 全国リアルタイム	energy	energy-grid	fr	france,rte,generation-mix,realtime	900	Quarter-hourly French national consumption and generation by source from RTE.
eco-odre-eco2mix-regional	https://odre.opendatasoft.com/api/explore/v2.1/catalog/datasets/eco2mix-regional-tr/records?limit=50&order_by=date_heure%20desc	json	50	RTE eCO2mix regional real time	RTE eCO2mix 地域別リアルタイム	energy	energy-grid	fr	france,rte,regional,generation-mix	900	Quarter-hourly French regional consumption and generation, showing where load stress sits.
eco-odre-conso-region	https://odre.opendatasoft.com/api/explore/v2.1/catalog/datasets/consommation-quotidienne-brute-regionale/records?limit=50&order_by=date_heure%20desc	json	50	France regional gross consumption	フランス地域別総消費	energy	energy-grid	fr	france,consumption,gas,electricity	1800	Half-hourly gross regional electricity and gas consumption in France.
eco-odre-registre-prod	https://odre.opendatasoft.com/api/explore/v2.1/catalog/datasets/registre-national-installation-production-stockage-electricite-agrege/records?limit=50	json	50	France generation and storage registry	フランス発電・蓄電設備登録簿	energy	energy-grid	fr	france,registry,capacity,storage	86400	Aggregated national registry of French electricity generation and storage installations.
eco-odre-parc-eolien	https://odre.opendatasoft.com/api/explore/v2.1/catalog/datasets/parc-regional-annuel-prod-eolien-solaire/records?limit=50	json	50	France regional wind and solar fleet	フランス地域別風力・太陽光設備	energy	energy-grid	fr	france,wind,solar,capacity	86400	Annual regional wind and solar capacity and output in France.
eco-odre-prod-region	https://odre.opendatasoft.com/api/explore/v2.1/catalog/datasets/prod-region-annuelle-filiere/records?limit=50	json	50	France annual regional generation by sector	フランス地域別年間発電量	energy	energy-grid	fr	france,generation,regional,statistics	86400	Annual French regional electricity generation by technology.
eco-pse-pl-generation	https://api.raporty.pse.pl/api/his-wlk-cal?%24first=50	json	50	PSE Poland system generation	PSE ポーランド系統発電量	energy	energy-grid	pl	poland,tso,generation,realtime	900	Polish transmission operator's quarter-hourly national generation and demand series.
eco-pse-pl-crb	https://api.raporty.pse.pl/api/pk5l-wp?%24first=50	json	50	PSE Poland five-minute demand plan	PSE ポーランド5分需要計画	energy	energy-grid	pl	poland,tso,demand,forecast	900	Polish five-minute national demand plan and reserve margin.
eco-statnett-flow	https://driftsdata.statnett.no/restapi/PhysicalFlowMap/GetFlow	json	34	Statnett Nordic physical flow map	スタットネット 北欧潮流マップ	energy	energy-grid	no	norway,nordics,cross-border,flows	900	Physical power flows between Nordic and neighbouring bidding zones from the Norwegian TSO.
eco-elexon-freq	https://data.elexon.co.uk/bmrs/api/v1/system/frequency	json	5761	Elexon GB system frequency	エレクソン 英国系統周波数	energy	energy-grid	en	uk,grid,frequency,stability	900	Second-by-second GB system frequency, the sharpest available indicator of grid stress.
eco-elexon-rolling-demand	https://data.elexon.co.uk/bmrs/api/v1/demand/rollingsystemdemand	json	575	Elexon GB rolling system demand	エレクソン 英国系統需要	energy	energy-grid	en	uk,grid,demand,realtime	900	Rolling GB transmission system demand at five-minute resolution.
eco-elexon-margin	https://data.elexon.co.uk/bmrs/api/v1/datasets/NDF	json	50	Elexon GB national demand forecast	エレクソン 英国全国需要予測	energy	energy-grid	en	uk,grid,demand,forecast	1800	National demand forecast for the GB transmission system.
eco-elexon-syswarn	https://data.elexon.co.uk/bmrs/api/v1/datasets/SYSWARN	json	1	Elexon GB system warnings	エレクソン 英国系統警報	energy	energy-grid	en	uk,grid,warning,margin-notice	900	System warnings and margin notices issued by the GB system operator, the trigger for tight-margin events.
eco-elexon-demand-total	https://data.elexon.co.uk/bmrs/api/v1/demand/outturn/daily	json	30	Elexon GB daily demand outturn	エレクソン 英国日次需要実績	energy	energy-grid	en	uk,grid,demand,outturn	3600	Daily GB electricity demand outturn totals.
eco-elexon-temperature	https://data.elexon.co.uk/bmrs/api/v1/temperature	json	30	Elexon GB reference temperature	エレクソン 英国基準気温	energy	energy-grid	en	uk,grid,temperature,demand-driver	3600	Reference temperatures used by the GB system operator for demand forecasting.
eco-uk-carbon-regional	https://api.carbonintensity.org.uk/regional	json	1	UK regional carbon intensity	英国地域別炭素強度	energy	energy-grid	en	uk,carbon-intensity,regional,grid	1800	Half-hourly carbon intensity and generation mix for each GB DNO region.
eco-caiso-fuelsource	https://www.caiso.com/outlook/current/fuelsource.csv	csv	240	CAISO current fuel source	CAISO 現在の電源構成	energy	energy-grid	en	california,iso,generation-mix,realtime	900	Five-minute California ISO generation by fuel source.
eco-caiso-demand	https://www.caiso.com/outlook/current/demand.csv	csv	289	CAISO current demand	CAISO 現在の需要	energy	energy-grid	en	california,iso,demand,realtime	900	Five-minute California ISO actual, forecast and net demand.
eco-aemo-nem-summary	https://visualisations.aemo.com.au/aemo/apps/api/report/ELEC_NEM_SUMMARY	json	10	AEMO NEM summary and market notices	AEMO 豪州NEM概況と市場通知	energy	energy-grid	en	australia,nem,price,market-notice	900	Australian National Electricity Market region prices, demand and market notices.
eco-entsog-opdata	https://transparency.entsog.eu/api/v1/operationaldata.json?limit=50&indicator=Physical%20Flow	json	50	ENTSOG physical gas flows	ENTSOG 物理ガス流量	energy	energy-grid	en	europe,gas,pipeline,flows	1800	Physical gas flows at European interconnection points, the core dataset for tracking supply reroutes.
eco-entsog-urgentmarket	https://transparency.entsog.eu/api/v1/urgentmarketmessages.json?limit=50	json	50	ENTSOG urgent market messages	ENTSOG 緊急市場メッセージ	energy	energy-grid	en	europe,gas,outage,umm	1800	Urgent market messages announcing unplanned European gas infrastructure outages.
eco-entsog-cmp	https://transparency.entsog.eu/api/v1/cmpUnsuccessfulRequests.json?limit=50	json	43	ENTSOG unsuccessful capacity requests	ENTSOG 容量申込不成立	energy	energy-grid	en	europe,gas,capacity,congestion	3600	Unsuccessful gas capacity requests, an early indicator of pipeline congestion.
eco-entsog-points	https://transparency.entsog.eu/api/v1/interconnections.json?limit=50	json	55	ENTSOG interconnection points	ENTSOG 相互接続点	energy	energy-grid	en	europe,gas,interconnector,registry	86400	Registry of European gas interconnection points and their operators.
eco-entsog-operators	https://transparency.entsog.eu/api/v1/operators.json?limit=50	json	128	ENTSOG operators	ENTSOG 事業者一覧	energy	energy-grid	en	europe,gas,tso,registry	86400	Registry of European gas transmission system operators.
eco-entsog-tariffs	https://transparency.entsog.eu/api/v1/tariffssimulations.json?limit=20	json	47	ENTSOG tariff simulations	ENTSOG 託送料金シミュレーション	energy	energy-grid	en	europe,gas,tariffs,cost	86400	Published gas transmission tariff simulations across European operators.
eco-bchydro-outages	https://www.bchydro.com/power-outages/app/outages-map-data.json	json	22	BC Hydro power outages	BCハイドロ 停電情報	energy	energy-grid	en	canada,outage,electricity,map	900	Live British Columbia electricity outages with cause, customer count and outage polygon geometry.
eco-eia-today-in-energy	https://www.eia.gov/rss/todayinenergy.xml	rss	14	EIA Today in Energy	EIA トゥデイ・イン・エナジー	energy	energy-grid	en	usa,eia,analysis,energy	3600	US Energy Information Administration daily analytical briefs on energy markets.
eco-eia-press-rss	https://www.eia.gov/rss/press_rss.xml	rss	9	EIA press releases	EIA プレスリリース	energy	energy-grid	en	usa,eia,statistics,release	3600	US EIA press releases announcing energy statistics publications.
eco-nationalgrid-status	https://www.nationalgrid.com/rss.xml	rss	10	National Grid news	ナショナル・グリッド ニュース	energy	energy-grid	en	uk,usa,grid,utility	3600	National Grid corporate announcements covering GB and US network operations.
eco-utilitydive	https://www.utilitydive.com/feeds/news/	rss	10	Utility Dive	ユーティリティ・ダイブ	energy	energy-grid	en	usa,utilities,regulation,grid	3600	US utility sector news covering regulation, grid investment and outages.
eco-powermag	https://www.powermag.com/feed/	rss	10	POWER Magazine	パワー・マガジン	energy	energy-grid	en	power-plants,generation,industry	3600	Global power generation industry news including plant outages and commissioning.
eco-energystorage-news	https://www.energy-storage.news/feed/	rss	50	Energy-Storage.news	エナジー・ストレージ・ニュース	energy	energy-grid	en	storage,batteries,grid	3600	Battery and grid storage project, policy and supply-chain news.
eco-pvmagazine	https://www.pv-magazine.com/feed/	rss	10	pv magazine	pvマガジン	energy	energy-grid	en	solar,pv,manufacturing,policy	3600	Global solar PV market, manufacturing and policy coverage.
eco-oilprice	https://oilprice.com/rss/main	rss	20	OilPrice.com	オイルプライス・ドットコム	energy	commodities	en	oil,gas,markets,geopolitics	3600	Oil and gas market news including supply disruptions and refinery events.
eco-worldoil	https://www.worldoil.com/rss?feed=news	rss	10	World Oil	ワールド・オイル	energy	commodities	en	oil,upstream,drilling,rigs	3600	Upstream oil and gas news covering drilling activity and field developments.
eco-hellenicshipping	https://www.hellenicshippingnews.com/feed/	rss	20	Hellenic Shipping News	ヘレニック・シッピング・ニュース	transport	logistics	en	shipping,tankers,freight,commodities	3600	Shipping and tanker market news with heavy coverage of energy cargoes.
eco-container-news	https://container-news.com/feed/	rss	10	Container News	コンテナ・ニュース	transport	logistics	en	containers,shipping,ports,freight	3600	Container shipping, port congestion and freight rate coverage.
eco-loadstar	https://theloadstar.com/feed/	rss	10	The Loadstar	ザ・ロードスター	transport	logistics	en	freight,supply-chain,air-cargo,ocean	3600	Independent supply chain and freight market reporting.
eco-freightwaves	https://www.freightwaves.com/news/feed	rss	56	FreightWaves	フレイトウェーブス	transport	logistics	en	freight,trucking,rail,supply-chain	3600	North American freight market news across trucking, rail and ocean.
eco-supplychaindive	https://www.supplychaindive.com/feeds/news/	rss	10	Supply Chain Dive	サプライチェーン・ダイブ	transport	logistics	en	supply-chain,logistics,procurement	3600	Supply chain disruption, procurement and logistics operations news.
eco-ttnews	https://www.ttnews.com/rss.xml	rss	20	Transport Topics	トランスポート・トピックス	transport	logistics	en	trucking,freight,regulation,usa	3600	US trucking and freight industry news including regulation and labour.
eco-railfreight	https://www.railfreight.com/feed/	rss	10	RailFreight.com	レールフレイト・ドットコム	transport	logistics	en	rail,freight,eurasia,corridors	3600	Rail freight corridor news including Eurasian land bridge traffic.
eco-railwaygazette	https://www.railwaygazette.com/rss	rss	12	Railway Gazette International	レイルウェイ・ガゼット	transport	transit	en	rail,infrastructure,rolling-stock	3600	International railway industry and infrastructure project news.
eco-porttechnology	https://www.porttechnology.org/feed/	rss	10	Port Technology International	ポート・テクノロジー	transport	logistics	en	ports,terminals,automation	3600	Port and terminal operations, automation and capacity news.
eco-nl-portofrotterdam	https://www.portofrotterdam.com/en/rss.xml	rss	10	Port of Rotterdam news	ロッテルダム港ニュース	transport	logistics	en	netherlands,port,throughput,logistics	3600	Announcements from Europe's largest port, including throughput and disruption notices.
eco-panama-canal-rss	https://pancanal.com/en/feed/	rss	12	Panama Canal Authority news	パナマ運河庁ニュース	transport	logistics	en	panama,canal,transit,drought	3600	Panama Canal Authority advisories including transit slot and draft restrictions.
eco-cbp-border-wait	https://bwt.cbp.gov/api/waittimes	json	85	US CBP border wait times	米国CBP 国境待ち時間	transport	logistics	en	usa,border,customs,wait-times	900	Live commercial and passenger lane wait times at every US land border crossing.
eco-511ny-events	https://511ny.org/api/getevents?format=json	json	2294	New York State 511 traffic events	ニューヨーク州511 交通イベント	transport	transit	en	usa,newyork,traffic,incidents	900	Live New York State roadway incidents, closures and construction with coordinates.
eco-uk-tfl-linestatus	https://api.tfl.gov.uk/Line/Mode/tube%2Coverground%2Cdlr%2Celizabeth-line/Status	json	19	TfL rail line status	TfL 鉄道路線運行状況	transport	transit	en	uk,london,metro,disruption	900	Live service status for every London Underground, Overground, DLR and Elizabeth line route.
eco-uk-tfl-disruption-roads	https://api.tfl.gov.uk/Road/all/Disruption	json	105	TfL road disruptions	TfL 道路障害情報	transport	transit	en	uk,london,roads,disruption	900	Live London road disruptions with point geometry and severity.
eco-tfl-stoppoints-disruption	https://api.tfl.gov.uk/StopPoint/Mode/tube/Disruption	json	52	TfL station disruptions	TfL 駅設備障害	transport	transit	en	uk,london,stations,accessibility	1800	Station-level disruptions on the London Underground including lift and escalator outages.
eco-mbta-alerts	https://api-v3.mbta.com/alerts?page%5Blimit%5D=50	json	50	MBTA service alerts	MBTA 運行アラート	transport	transit	en	usa,boston,transit,alerts	900	Live Boston MBTA service alerts across subway, bus, commuter rail and ferry.
eco-mbta-vehicles	https://api-v3.mbta.com/vehicles?page%5Blimit%5D=50	json	50	MBTA vehicle positions	MBTA 車両位置	transport	transit	en	usa,boston,transit,realtime	900	Live Boston MBTA vehicle positions with coordinates, bearing and occupancy.
eco-septa-alerts	https://www3.septa.org/api/Alerts/index.php	json	185	SEPTA service alerts	SEPTA 運行アラート	transport	transit	en	usa,philadelphia,transit,alerts	900	Live Philadelphia SEPTA route-level alerts and advisories.
eco-septa-elevator	https://www3.septa.org/api/elevator/index.php	json	7	SEPTA elevator outages	SEPTA エレベーター故障	transport	transit	en	usa,philadelphia,accessibility,outage	1800	Current SEPTA station elevator outages affecting step-free access.
eco-nyc-mta-alerts	https://api-endpoint.mta.info/Dataservice/mtagtfsfeeds/camsys%2Fsubway-alerts.json	json	169	MTA New York subway alerts	MTA ニューヨーク地下鉄アラート	transport	transit	en	usa,newyork,subway,alerts	900	Live New York City subway service alerts in GTFS-realtime JSON.
eco-irail-disturbances	https://api.irail.be/disturbances/?format=json&lang=en	json	43	iRail Belgian rail disturbances	iRail ベルギー鉄道障害	transport	transit	en	belgium,rail,disruption,sncb	900	Current disturbances on the Belgian national rail network.
eco-irail-liveboard	https://api.irail.be/liveboard/?station=Brussels-Central&format=json	json	7	iRail Brussels departures board	iRail ブリュッセル発車標	transport	transit	en	belgium,rail,departures,delays	900	Live departure board with delay minutes for Brussels-Central.
eco-ch-transport-stationboard	https://transport.opendata.ch/v1/stationboard?station=Z%C3%BCrich%20HB&limit=20	json	20	Swiss transport Zurich HB board	スイス交通 チューリッヒ中央駅発車標	transport	transit	en	switzerland,rail,departures,delays	900	Live departures and delays at Zurich Hauptbahnhof, Switzerland's busiest node.
eco-austin-traffic	https://data.austintexas.gov/resource/dx9v-zd7x.json?%24limit=200	json	200	Austin real-time traffic incidents	オースティン リアルタイム交通事故	transport	transit	en	usa,texas,traffic,incidents	900	Live Austin traffic incident reports with coordinates and incident type.
eco-chicago-traffic	https://data.cityofchicago.org/resource/n4j6-wkkf.json?%24limit=200	json	200	Chicago traffic congestion by segment	シカゴ 区間別交通混雑	transport	transit	en	usa,chicago,congestion,speed	900	Per-segment Chicago arterial traffic speeds with segment endpoint coordinates.
eco-uk-orr-atom	https://www.gov.uk/government/organisations/office-of-rail-and-road.atom	atom	20	UK Office of Rail and Road	英国鉄道道路庁	transport	transit	en	uk,rail,regulator,safety	3600	UK rail and strategic road regulator announcements, statistics and enforcement.
eco-uk-dft-atom	https://www.gov.uk/government/organisations/department-for-transport.atom	atom	20	UK Department for Transport	英国運輸省	transport	transit	en	uk,transport,policy,statistics	3600	UK transport ministry announcements and statistical releases.
eco-fmc-news	https://www.fmc.gov/feed/	rss	3	US Federal Maritime Commission	米国連邦海事委員会	transport	logistics	en	usa,shipping,regulator,carriers	3600	US ocean shipping regulator actions on carrier practices and detention charges.
eco-who-don-api	https://www.who.int/api/news/diseaseoutbreaknews?sf_provider=dynamicProvider372&sf_culture=en&%24orderby=PublicationDateAndTime%20desc&%24select=Title%2CPublicationDateAndTime%2CItemDefaultUrl&%24format=json&%24top=50	json	50	WHO Disease Outbreak News	WHO 疾病アウトブレイク情報	health	outbreak	en	who,outbreak,epidemic,global	3600	WHO's authoritative Disease Outbreak News, the reference record of verified international outbreaks.
eco-who-afro-rss	https://www.afro.who.int/rss.xml	rss	10	WHO Africa regional office	WHOアフリカ地域事務局	health	outbreak	en	who,africa,health,outbreak	3600	WHO African Region announcements on outbreaks and health emergencies.
eco-who-paho-rss	https://www.paho.org/en/rss.xml	rss	10	PAHO Americas health news	PAHO 米州保健機構ニュース	health	outbreak	en	who,paho,americas,health	3600	Pan American Health Organization outbreak and health emergency updates.
eco-who-gho-whosis	https://ghoapi.azureedge.net/api/WHOSIS_000001	json	12936	WHO GHO life expectancy	WHO GHO 平均寿命	health	statistics	en	who,gho,life-expectancy,indicators	86400	WHO Global Health Observatory life expectancy series for every member state.
eco-who-gho-cholera	https://ghoapi.azureedge.net/api/CHOLERA_0000000001	json	2469	WHO GHO cholera cases	WHO GHO コレラ症例数	health	outbreak	en	who,gho,cholera,surveillance	86400	WHO Global Health Observatory reported cholera cases by country and year.
eco-cdc-outbreaks-rss	https://tools.cdc.gov/api/v2/resources/media/316422.rss	rss	26	US CDC current outbreaks	米国CDC 現行アウトブレイク	health	outbreak	en	usa,cdc,outbreak,foodborne	3600	US CDC's list of active multistate outbreak investigations.
eco-cdc-travel-notices	https://tools.cdc.gov/api/v2/resources/media/285676.rss	rss	10	US CDC travel health notices	米国CDC 渡航健康情報	health	outbreak	en	usa,cdc,travel,advisory	3600	CDC travel health notices flagging destination-specific disease risk.
eco-cdc-travel-rss	https://wwwnc.cdc.gov/travel/rss/notices.xml	rss	25	CDC travelers health notices feed	CDC 旅行者健康情報フィード	health	outbreak	en	usa,cdc,travel,outbreak	3600	Full CDC Travelers' Health notice feed with watch, alert and warning levels.
eco-cdc-eid-ahead	https://wwwnc.cdc.gov/eid/rss/ahead-of-print.xml	rss	15	CDC Emerging Infectious Diseases ahead of print	CDC 新興感染症誌 早期公開	health	outbreak	en	usa,cdc,journal,emerging-disease	86400	Ahead-of-print articles from CDC's Emerging Infectious Diseases journal.
eco-cdc-eid-upcoming	https://wwwnc.cdc.gov/eid/rss/upcoming.xml	rss	15	CDC Emerging Infectious Diseases upcoming	CDC 新興感染症誌 掲載予定	health	outbreak	en	usa,cdc,journal,emerging-disease	86400	Upcoming issue contents from CDC's Emerging Infectious Diseases journal.
eco-cdc-fluview-ili	https://data.cdc.gov/resource/vh55-3he6.json?%24limit=200	json	200	CDC FluView outpatient illness	CDC フルビュー 外来受診率	health	outbreak	en	usa,cdc,influenza,surveillance	86400	Weekly US outpatient influenza-like illness surveillance by HHS region.
eco-cdc-wastewater	https://data.cdc.gov/resource/2ew6-ywp6.json?%24limit=200	json	200	CDC wastewater viral activity	CDC 下水ウイルス活動指標	health	outbreak	en	usa,cdc,wastewater,surveillance	86400	State-level wastewater viral activity levels, the earliest US respiratory-wave signal.
eco-cdc-resp-hosp	https://data.cdc.gov/resource/mpgq-jmmr.json?%24limit=200	json	200	CDC respiratory hospitalisations	CDC 呼吸器疾患入院数	health	outbreak	en	usa,cdc,hospitalisation,respiratory	86400	Weekly US hospital admissions for COVID-19, influenza and RSV by jurisdiction.
eco-cdc-nndss-weekly	https://data.cdc.gov/resource/x9gk-5huc.json?%24limit=200	json	200	CDC NNDSS weekly notifiable diseases	CDC NNDSS 週次届出感染症	health	outbreak	en	usa,cdc,nndss,notifiable	86400	Weekly US nationally notifiable disease counts by state.
eco-cdc-drug-overdose	https://data.cdc.gov/resource/xkb8-kh2a.json?%24limit=200	json	200	CDC provisional overdose deaths	CDC 暫定薬物過剰摂取死亡	health	statistics	en	usa,cdc,overdose,mortality	86400	Provisional monthly US drug overdose death counts by state and drug class.
eco-ecdc-news	https://www.ecdc.europa.eu/en/taxonomy/term/2942/feed	rss	10	ECDC news and threat reports	ECDC ニュース・脅威報告	health	outbreak	en	eu,ecdc,outbreak,surveillance	3600	European CDC news including communicable disease threat reports.
eco-efsa-rss	https://www.efsa.europa.eu/en/all/rss	rss	30	EFSA food safety authority	EFSA 欧州食品安全機関	health	recall	en	eu,efsa,food-safety,risk-assessment	3600	European Food Safety Authority opinions, alerts and zoonoses reporting.
eco-woah-news	https://www.woah.org/en/feed/	rss	10	WOAH world animal health	WOAH 国際獣疫事務局	health	animal-health	en	woah,animal-health,zoonoses,livestock	3600	World Organisation for Animal Health announcements on notifiable animal disease events.
eco-outbreaknewstoday	https://outbreaknewstoday.com/feed/	rss	10	Outbreak News Today	アウトブレイク・ニュース・トゥデイ	health	outbreak	en	outbreak,epidemic,global,surveillance	3600	Independent daily aggregation of global outbreak reports.
eco-fda-food-enforcement	https://api.fda.gov/food/enforcement.json?limit=100	json	100	openFDA food recall enforcement	openFDA 食品リコール執行	health	recall	en	usa,fda,recall,food-safety	3600	US FDA food recall enforcement reports with classification and distribution area.
eco-fda-device-enforcement	https://api.fda.gov/device/enforcement.json?limit=100	json	100	openFDA device recall enforcement	openFDA 医療機器リコール執行	health	recall	en	usa,fda,recall,medical-device	3600	US FDA medical device recall enforcement reports.
eco-fda-device-recall	https://api.fda.gov/device/recall.json?limit=100	json	100	openFDA device recalls	openFDA 医療機器リコール	health	recall	en	usa,fda,recall,medical-device	3600	US FDA device recall records including root cause and affected product.
eco-fda-drug-shortages	https://api.fda.gov/drug/shortages.json?limit=100	json	100	openFDA drug shortages	openFDA 医薬品供給不足	health	recall	en	usa,fda,shortage,pharmaceutical	3600	Current and resolved US drug shortages with reason and expected duration.
eco-fda-food-event	https://api.fda.gov/food/event.json?limit=50	json	50	openFDA food adverse events	openFDA 食品有害事象	health	recall	en	usa,fda,adverse-event,food	86400	Consumer-reported adverse events linked to foods, dietary supplements and cosmetics.
eco-fda-vet-event	https://api.fda.gov/animalandveterinary/event.json?limit=50	json	50	openFDA veterinary adverse events	openFDA 動物用医薬品有害事象	health	animal-health	en	usa,fda,veterinary,adverse-event	86400	Adverse event reports for animal drugs and devices.
eco-fda-tobacco-problem	https://api.fda.gov/tobacco/problem.json?limit=50	json	50	openFDA tobacco product problems	openFDA たばこ製品不具合	health	recall	en	usa,fda,tobacco,safety	86400	Reported problems with tobacco and vapour products in the US.
eco-fda-recalls-rss	https://www.fda.gov/about-fda/contact-fda/stay-informed/rss-feeds/recalls/rss.xml	rss	20	FDA recalls and safety alerts	FDA リコール・安全性情報	health	recall	en	usa,fda,recall,alert	3600	FDA press-level recall and market withdrawal announcements.
eco-fda-medwatch-rss	https://www.fda.gov/about-fda/contact-fda/stay-informed/rss-feeds/medwatch/rss.xml	rss	20	FDA MedWatch safety alerts	FDA メドウォッチ安全性警告	health	recall	en	usa,fda,medwatch,drug-safety	3600	FDA MedWatch safety alerts for medicines and medical devices.
eco-fda-press-rss	https://www.fda.gov/about-fda/contact-fda/stay-informed/rss-feeds/press-releases/rss.xml	rss	20	FDA press releases	FDA プレスリリース	health	recall	en	usa,fda,regulator,approval	3600	FDA announcements covering approvals, enforcement and public health actions.
eco-uk-mhra-alerts	https://www.gov.uk/drug-device-alerts.atom	atom	50	UK MHRA drug and device alerts	英国MHRA 医薬品・機器警報	health	recall	en	uk,mhra,recall,drug-safety	3600	UK medicines and medical device safety alerts and recalls.
eco-uk-recalls-atom	https://www.gov.uk/search/news-and-communications.atom?organisations%5B%5D=medicines-and-healthcare-products-regulatory-agency	atom	20	UK MHRA news	英国MHRA ニュース	health	recall	en	uk,mhra,regulator,pharmaceutical	3600	MHRA news and enforcement announcements.
eco-uk-ukhsa-atom	https://www.gov.uk/government/organisations/uk-health-security-agency.atom	atom	20	UK Health Security Agency	英国健康安全保障庁	health	outbreak	en	uk,ukhsa,outbreak,surveillance	3600	UKHSA announcements, outbreak updates and surveillance reports.
eco-uk-fsa-atom	https://www.gov.uk/government/organisations/food-standards-agency.atom	atom	20	UK Food Standards Agency	英国食品基準庁	health	recall	en	uk,fsa,food-safety,recall	3600	UK Food Standards Agency alerts, recalls and enforcement.
eco-uk-defra-atom	https://www.gov.uk/government/organisations/department-for-environment-food-rural-affairs.atom	atom	20	UK Defra announcements	英国環境・食料・農村地域省	economy	agriculture	en	uk,defra,agriculture,animal-health	3600	Defra announcements covering agriculture, animal disease and food supply.
eco-gleif-lei	https://api.gleif.org/api/v1/lei-records?page%5Bsize%5D=50	json	50	GLEIF legal entity identifiers	GLEIF 取引主体識別子	economy	disclosure	en	corporate,lei,registry,ownership	86400	Global LEI registry records with legal name, jurisdiction and parent relationships.
eco-uk-companies-house-news	https://www.gov.uk/government/organisations/companies-house.atom	atom	20	UK Companies House announcements	英国会社登記所 発表	economy	disclosure	en	uk,companies,registry,filings	3600	Companies House service and policy announcements affecting UK company filings.
eco-uk-insolvency-news	https://www.gov.uk/government/organisations/insolvency-service.atom	atom	20	UK Insolvency Service	英国倒産庁	economy	disclosure	en	uk,insolvency,bankruptcy,enforcement	3600	UK Insolvency Service enforcement actions, disqualifications and statistics.
eco-uk-dbt-atom	https://www.gov.uk/government/organisations/department-for-business-and-trade.atom	atom	20	UK Department for Business and Trade	英国ビジネス・貿易省	economy	trade	en	uk,trade,business,policy	3600	UK trade and business ministry announcements including sanctions and trade deals.
eco-uk-hmrc-atom	https://www.gov.uk/government/organisations/hm-revenue-customs.atom	atom	20	UK HM Revenue and Customs	英国歳入関税庁	economy	trade	en	uk,customs,tax,trade-statistics	3600	HMRC announcements including customs procedure and trade statistics changes.
eco-uk-ons-atom	https://www.gov.uk/government/organisations/office-for-national-statistics.atom	atom	20	UK Office for National Statistics	英国国家統計局	economy	statistics	en	uk,ons,statistics,inflation	3600	ONS statistical release announcements and methodology notes.
eco-uk-statistics-atom	https://www.gov.uk/search/research-and-statistics.atom	atom	20	UK government research and statistics	英国政府 調査・統計	economy	statistics	en	uk,statistics,release,government	3600	All UK government statistical releases as they publish.
eco-uk-desnz-atom	https://www.gov.uk/government/organisations/department-for-energy-security-and-net-zero.atom	atom	20	UK Department for Energy Security and Net Zero	英国エネルギー安全保障・ネットゼロ省	energy	energy-grid	en	uk,energy,policy,net-zero	3600	UK energy ministry announcements including supply security and price interventions.
eco-us-dol-news	https://www.dol.gov/rss/releases.xml	rss	10	US Department of Labor releases	米国労働省 発表	economy	statistics	en	usa,labour,employment,regulation	3600	US Labor Department news releases including enforcement and labour market actions.
eco-wto-news-rss	https://www.wto.org/library/rss/latest_news_e.xml	rss	10	WTO latest news	WTO 最新ニュース	economy	trade	en	wto,trade,disputes,tariffs	3600	World Trade Organization news on disputes, tariffs and trade policy reviews.
eco-afdb-news	https://www.afdb.org/en/rss.xml	rss	10	African Development Bank news	アフリカ開発銀行 ニュース	economy	statistics	en	africa,development,finance,projects	3600	African Development Bank project approvals and economic outlook releases.
eco-worldbank-projects	https://search.worldbank.org/api/v3/projects?format=json&rows=50	json	50	World Bank project database	世界銀行 プロジェクトデータベース	economy	statistics	en	worldbank,projects,lending,development	86400	World Bank lending projects with borrower, sector, amount and approval date.
eco-imf-datamapper-ngdpd	https://www.imf.org/external/datamapper/api/v1/NGDPD	json	1	IMF GDP current prices	IMF 名目GDP	economy	statistics	en	imf,gdp,weo,macro	86400	IMF World Economic Outlook nominal GDP in USD for every country and forecast year.
eco-imf-datamapper-pcpipch	https://www.imf.org/external/datamapper/api/v1/PCPIPCH	json	1	IMF inflation rate	IMF インフレ率	economy	statistics	en	imf,inflation,cpi,weo	86400	IMF World Economic Outlook consumer price inflation by country.
eco-imf-dm-lur	https://www.imf.org/external/datamapper/api/v1/LUR	json	1	IMF unemployment rate	IMF 失業率	economy	statistics	en	imf,unemployment,labour,weo	86400	IMF World Economic Outlook unemployment rate by country.
eco-imf-dm-lp	https://www.imf.org/external/datamapper/api/v1/LP	json	1	IMF population	IMF 人口	economy	statistics	en	imf,population,weo,demographics	86400	IMF World Economic Outlook population series by country.
eco-imf-dm-ggxwdg	https://www.imf.org/external/datamapper/api/v1/GGXWDG_NGDP	json	1	IMF general government debt	IMF 一般政府債務	economy	statistics	en	imf,debt,fiscal,weo	86400	IMF general government gross debt as a share of GDP by country.
eco-imf-dm-bca	https://www.imf.org/external/datamapper/api/v1/BCA_NGDPD	json	1	IMF current account balance	IMF 経常収支	economy	statistics	en	imf,current-account,external,weo	86400	IMF current account balance as a share of GDP by country.
eco-eurostat-catalogue-rss	https://ec.europa.eu/eurostat/api/dissemination/catalogue/rss/en/statistics-update.rss	rss	1113	Eurostat statistics updates	ユーロスタット 統計更新	economy	statistics	en	eu,eurostat,statistics,release	86400	Eurostat's feed of every dataset updated, the fastest notice of new EU statistics.
eco-eurostat-hicp	https://ec.europa.eu/eurostat/api/dissemination/statistics/1.0/data/prc_hicp_manr?format=JSON&lang=EN&lastTimePeriod=1	json	14	Eurostat HICP annual inflation	ユーロスタット HICP年間インフレ率	economy	statistics	en	eu,eurostat,inflation,hicp	86400	Latest harmonised consumer price inflation for every EU member state.
eco-eurostat-unemployment	https://ec.europa.eu/eurostat/api/dissemination/statistics/1.0/data/une_rt_m?format=JSON&lang=EN&lastTimePeriod=1	json	19	Eurostat monthly unemployment	ユーロスタット 月次失業率	economy	statistics	en	eu,eurostat,unemployment,labour	86400	Latest monthly unemployment rates across the EU.
eco-eurostat-gdp	https://ec.europa.eu/eurostat/api/dissemination/statistics/1.0/data/namq_10_gdp?format=JSON&lang=EN&lastTimePeriod=1	json	16	Eurostat quarterly GDP	ユーロスタット 四半期GDP	economy	statistics	en	eu,eurostat,gdp,national-accounts	86400	Latest quarterly GDP and national accounts aggregates for the EU.
eco-eurostat-industrial	https://ec.europa.eu/eurostat/api/dissemination/statistics/1.0/data/sts_inpr_m?format=JSON&lang=EN&lastTimePeriod=1	json	17	Eurostat industrial production	ユーロスタット 鉱工業生産	economy	statistics	en	eu,eurostat,industry,production	86400	Latest monthly EU industrial production index by country.
eco-eurostat-trade	https://ec.europa.eu/eurostat/api/dissemination/statistics/1.0/data/ext_st_eu27_2020sitc?format=JSON&lang=EN&lastTimePeriod=1	json	14	Eurostat external trade by SITC	ユーロスタット SITC別対外貿易	economy	trade	en	eu,eurostat,trade,exports	86400	Latest EU external trade values by SITC product group.
eco-eurostat-gasprice	https://ec.europa.eu/eurostat/api/dissemination/statistics/1.0/data/nrg_pc_202?format=JSON&lang=EN&lastTimePeriod=1	json	14	Eurostat household gas prices	ユーロスタット 家庭用ガス価格	energy	statistics	en	eu,eurostat,gas,prices	86400	Latest household natural gas prices across EU member states.
eco-uk-ckan-datasets	https://ckan.publishing.service.gov.uk/api/3/action/package_search?q=energy&rows=25	json	25	UK data.gov.uk energy datasets	英国データポータル エネルギー	energy	statistics	en	uk,opendata,energy,catalogue	86400	Newly published and updated UK government energy datasets.
eco-hdx-food-prices	https://data.humdata.org/api/3/action/package_search?q=food+prices&rows=50	json	50	HDX food price datasets	HDX 食料価格データセット	economy	commodities	en	hdx,food-prices,wfp,humanitarian	86400	Humanitarian Data Exchange food price datasets, largely WFP market monitoring by country.
eco-cbs-nl-cpi	https://opendata.cbs.nl/ODataApi/odata/83131ENG/TypedDataSet?%24top=50	atom	50	Statistics Netherlands CPI	オランダ統計局 消費者物価指数	economy	statistics	en	netherlands,cbs,inflation,cpi	86400	Dutch consumer price index series from Statistics Netherlands.
eco-cbs-nl-energy	https://opendata.cbs.nl/ODataApi/odata/84575ENG/TypedDataSet?%24top=50	atom	50	Statistics Netherlands energy balance	オランダ統計局 エネルギー収支	energy	statistics	en	netherlands,cbs,energy,balance	86400	Dutch energy supply and consumption balance sheets.
eco-cbs-nl-catalog	https://opendata.cbs.nl/ODataApi/odata/83625NED/TypedDataSet?%24top=50	atom	50	Statistics Netherlands producer confidence	オランダ統計局 生産者景況感	economy	statistics	nl	netherlands,cbs,business,sentiment	86400	Dutch business and producer confidence indicators.
eco-es-ine-ipc	https://servicios.ine.es/wstempus/js/EN/DATOS_TABLA/50902?nult=6	json	52	Spain INE consumer price index	スペイン統計局 消費者物価指数	economy	statistics	en	spain,ine,inflation,cpi	86400	Spanish national statistics institute CPI series, latest six periods.
eco-ar-series-cpi	https://apis.datos.gob.ar/series/api/series/?ids=148.3_INIVELNAL_DICI_M_26&format=json&limit=100	json	100	Argentina national CPI series	アルゼンチン 全国消費者物価指数	economy	statistics	es	argentina,inflation,cpi,indec	86400	Argentine national CPI time series from the government open-data series API.
eco-ibge-noticias	https://servicodados.ibge.gov.br/api/v3/noticias/?qtd=30	json	30	Brazil IBGE statistical releases	ブラジル地理統計院 統計公表	economy	statistics	pt	brazil,ibge,statistics,inflation	86400	Brazilian statistics institute release announcements covering IPCA, GDP and employment.
eco-my-cpi	https://api.data.gov.my/data-catalogue?id=cpi_headline&limit=20	json	20	Malaysia headline CPI	マレーシア 消費者物価指数	economy	statistics	en	malaysia,inflation,cpi,opendosm	86400	Malaysian headline consumer price index from the official open data API.
eco-my-fuelprice	https://api.data.gov.my/data-catalogue?id=fuelprice&limit=20	json	20	Malaysia weekly fuel prices	マレーシア 週次燃料価格	energy	commodities	en	malaysia,fuel,prices,retail	86400	Weekly Malaysian retail RON95, RON97 and diesel price ceilings.
eco-dk-statbank-tables	https://api.statbank.dk/v1/tables?format=JSON&subjects=2	json	340	Statistics Denmark labour tables	デンマーク統計局 労働統計表	economy	statistics	en	denmark,statistics,labour,tables	86400	Statistics Denmark labour and income table registry with last-update timestamps.
eco-fcc-broadband-summary	https://opendata.fcc.gov/resource/hicn-aujz.json?%24limit=100	json	100	FCC broadband deployment summary	FCC ブロードバンド展開概況	infrastructure	telecom	en	usa,fcc,broadband,coverage	86400	US FCC broadband deployment statistics by geography and technology.
eco-ooni-measurements	https://api.ooni.io/api/v1/measurements?limit=50	json	50	OONI network interference measurements	OONI ネットワーク干渉測定	infrastructure	telecom	en	censorship,internet,measurement,blocking	1800	Crowd-sourced measurements of website and app blocking, by country and network.
eco-kg-24kg	https://24.kg/rss/	rss	50	24.kg Kyrgyzstan	24.kg キルギス	news	wire	ru	kyrgyzstan,central-asia,wire	1800	Kyrgyz national news agency covering politics, economy and regional security.
eco-kg-akipress	https://akipress.com/rss/news.rss	rss	20	AKIpress Kyrgyzstan	AKIpress キルギス	news	wire	en	kyrgyzstan,central-asia,wire	1800	Kyrgyz independent news agency with Central Asia regional coverage.
eco-kg-kloop	https://kloop.kg/feed/	rss	12	Kloop Kyrgyzstan	Kloop キルギス	news	wire	ru	kyrgyzstan,investigative,central-asia	3600	Kyrgyz investigative outlet covering corruption and public finance.
eco-kz-kursiv	https://kz.kursiv.media/feed/	rss	100	Kursiv Kazakhstan business	クルシフ カザフスタン経済	news	wire	ru	kazakhstan,business,economy,central-asia	1800	Kazakh business daily covering banking, oil and macroeconomic policy.
eco-kz-orda	https://orda.kz/feed/	rss	10	Orda.kz Kazakhstan	Orda.kz カザフスタン	news	wire	ru	kazakhstan,investigative,central-asia	3600	Kazakh independent outlet covering politics and corporate affairs.
eco-uz-gazeta	https://www.gazeta.uz/ru/rss/	rss	20	Gazeta.uz Uzbekistan	Gazeta.uz ウズベキスタン	news	wire	ru	uzbekistan,central-asia,economy	1800	Leading Uzbek news site covering economic reform and infrastructure.
eco-uz-uza	https://uza.uz/en/rss	rss	20	UzA Uzbekistan national agency	UzA ウズベキスタン国営通信	news	wire	en	uzbekistan,state-media,central-asia	3600	Uzbek national information agency, the official government wire.
eco-tj-asiaplus	https://asiaplustj.info/en/rss	rss	10	Asia-Plus Tajikistan	アジア・プラス タジキスタン	news	wire	en	tajikistan,central-asia,wire	3600	Tajik independent news agency covering economy, migration and security.
eco-ca-eurasianet	https://eurasianet.org/rss	rss	10	Eurasianet	ユーラシアネット	news	wire	en	central-asia,caucasus,analysis	3600	Analytical reporting on Central Asia and the Caucasus.
eco-ge-civil	https://civil.ge/feed	rss	10	Civil.ge Georgia	Civil.ge ジョージア	news	wire	en	georgia,caucasus,politics	1800	Georgian English-language outlet of record on politics and EU accession.
eco-cau-jamnews	https://jam-news.net/feed/	rss	10	JAMnews Caucasus	JAMnews コーカサス	news	wire	en	caucasus,armenia,azerbaijan,georgia	3600	Cross-border Caucasus reporting from Armenian, Azerbaijani and Georgian desks.
eco-am-newsam	https://news.am/eng/rss/	rss	100	News.am Armenia	News.am アルメニア	news	wire	en	armenia,caucasus,wire	1800	Armenian news agency covering politics, economy and the Karabakh file.
eco-az-apa	https://apa.az/rss	rss	50	APA Azerbaijan	APA アゼルバイジャン	news	wire	az	azerbaijan,caucasus,wire,energy	1800	Azerbaijani news agency with heavy coverage of gas exports and regional diplomacy.
eco-az-report	https://report.az/en/rss/	rss	30	Report News Agency Azerbaijan	Report通信 アゼルバイジャン	news	wire	en	azerbaijan,caucasus,energy,wire	1800	Azerbaijani wire covering SOCAR, pipeline projects and regional politics.
eco-az-trend	https://en.trend.az/feeds/index.rss	rss	25	Trend News Agency	トレンド通信社	news	wire	en	azerbaijan,caspian,energy,wire	1800	Caspian regional news agency with strong energy and transit corridor coverage.
eco-in-economictimes	https://economictimes.indiatimes.com/rssfeedstopstories.cms	rss	51	India Economic Times	エコノミック・タイムズ インド	news	wire	en	india,economy,markets,business	1800	India's leading business daily covering macro policy, industry and markets.
eco-in-livemint-economy	https://www.livemint.com/rss/economy	rss	35	Mint India economy	ミント インド経済	news	wire	en	india,economy,policy,rbi	1800	Indian economic policy and macro reporting from Mint.
eco-in-thehindu-business	https://www.thehindu.com/business/feeder/default.rss	rss	60	The Hindu business	ザ・ヒンドゥー ビジネス	news	wire	en	india,business,industry,economy	1800	Business desk of The Hindu covering Indian industry and trade.
eco-in-hindubusinessline	https://www.thehindubusinessline.com/economy/feeder/default.rss	rss	60	Hindu BusinessLine economy	ヒンドゥー・ビジネスライン 経済	news	wire	en	india,economy,agriculture,commodities	1800	Indian economic daily with strong agriculture and commodity coverage.
eco-pk-tribune-biz	https://tribune.com.pk/feed/business	rss	25	Express Tribune Pakistan business	エクスプレス・トリビューン パキスタン経済	news	wire	en	pakistan,economy,imf,business	1800	Pakistani business desk covering IMF programme, energy circular debt and trade.
eco-pk-thenews-biz	https://www.thenews.com.pk/rss/1/8	rss	30	The News Pakistan business	ザ・ニュース パキスタン経済	news	wire	en	pakistan,economy,business,markets	1800	Pakistani daily business coverage.
eco-bd-dailystar	https://www.thedailystar.net/rss.xml	rss	8	The Daily Star Bangladesh	デイリー・スター バングラデシュ	news	wire	en	bangladesh,economy,garments,south-asia	1800	Bangladesh's leading English daily, key for garment exports and energy imports.
eco-bd-tbsnews	https://www.tbsnews.net/rss.xml	rss	10	The Business Standard Bangladesh	ビジネス・スタンダード バングラデシュ	news	wire	en	bangladesh,business,economy,trade	1800	Bangladeshi business daily covering trade, banking and industry.
eco-np-onlinekhabar	https://english.onlinekhabar.com/feed	rss	20	Onlinekhabar Nepal	オンラインカバル ネパール	news	wire	en	nepal,south-asia,hydropower,economy	3600	Nepali news outlet covering hydropower, remittances and politics.
eco-lk-adaderana	https://www.adaderana.lk/rss.php	rss	25	Ada Derana Sri Lanka	アダ・デラナ スリランカ	news	wire	en	srilanka,economy,imf,south-asia	1800	Sri Lankan news service covering economic recovery and politics.
eco-lk-dailymirror	https://www.dailymirror.lk/rss/business/108	rss	12	Daily Mirror Sri Lanka business	デイリー・ミラー スリランカ経済	news	wire	en	srilanka,business,economy,debt	1800	Sri Lankan business desk covering debt restructuring and trade.
eco-af-8am	https://8am.media/eng/feed/	rss	10	Hasht-e Subh Afghanistan	ハシュテ・スブ アフガニスタン	news	wire	en	afghanistan,south-asia,humanitarian	3600	Afghan independent outlet reporting from exile on economy and humanitarian conditions.
eco-id-antara	https://www.antaranews.com/rss/ekonomi	rss	20	ANTARA Indonesia economy	アンタラ通信 インドネシア経済	news	wire	id	indonesia,economy,state-wire,asean	1800	Indonesian state news agency economy desk covering commodities and fiscal policy.
eco-id-antara-en	https://en.antaranews.com/rss/news.xml	rss	50	ANTARA Indonesia English	アンタラ通信 英語版	news	wire	en	indonesia,state-wire,asean,economy	1800	English service of Indonesia's national news agency.
eco-my-malaymail	https://www.malaymail.com/feed/rss	rss	50	Malay Mail	マレー・メール	news	wire	en	malaysia,asean,politics,economy	1800	Malaysian daily covering politics, economy and regional trade.
eco-my-fmt	https://www.freemalaysiatoday.com/feed/	rss	50	Free Malaysia Today	フリー・マレーシア・トゥデイ	news	wire	en	malaysia,asean,politics,economy	1800	Malaysian independent news covering policy and business.
eco-sg-cna	https://www.channelnewsasia.com/api/v1/rss-outbound-feed?_format=xml	rss	20	Channel NewsAsia	チャンネル・ニュース・アジア	news	wire	en	singapore,asean,asia,business	1800	Singapore public broadcaster's Asia-wide news service.
eco-sg-mothership	https://mothership.sg/feed/	rss	10	Mothership Singapore	マザーシップ シンガポール	news	wire	en	singapore,asean,society	3600	Singapore digital outlet covering domestic policy and regional affairs.
eco-vn-evnexpress-biz	https://e.vnexpress.net/rss/business.rss	rss	60	VnExpress International business	VnExpress 国際版ビジネス	news	wire	en	vietnam,business,manufacturing,asean	1800	Vietnamese business news in English, key for manufacturing relocation coverage.
eco-vn-thanhnien-kinhte	https://thanhnien.vn/rss/kinh-te.rss	rss	50	Thanh Nien economy	タインニエン 経済	news	wire	vi	vietnam,economy,asean,industry	1800	Vietnamese daily economy desk.
eco-vn-vietnamnet-biz	https://vietnamnet.vn/rss/kinh-doanh.rss	rss	1000	VietnamNet business	ベトナムネット ビジネス	news	wire	vi	vietnam,business,economy,asean	1800	Vietnamese business news covering trade, FDI and energy projects.
eco-ph-inquirer-biz	https://business.inquirer.net/feed	rss	40	Philippine Daily Inquirer business	フィリピン・デイリー・インクワイアラー ビジネス	news	wire	en	philippines,business,economy,asean	1800	Philippine business desk covering inflation, remittances and infrastructure.
eco-ph-philstar	https://www.philstar.com/rss/headlines	rss	10	Philippine Star headlines	フィリピン・スター 見出し	news	wire	en	philippines,asean,politics,economy	1800	Philippine national daily headlines.
eco-la-laotiantimes	https://laotiantimes.com/feed/	rss	13	Laotian Times	ラオシャン・タイムズ	news	wire	en	laos,asean,mekong,debt	3600	Laos English-language outlet, rare coverage of a very thinly reported economy.
eco-asia-rfa	https://www.rfa.org/english/rss2.xml	rss	30	Radio Free Asia	ラジオ・フリー・アジア	news	wire	en	asia,myanmar,northkorea,tibet	1800	US-funded broadcaster covering closed Asian information environments.
eco-kp-nknews	https://www.nknews.org/feed/	rss	300	NK News	NKニュース	news	wire	en	northkorea,sanctions,trade,economy	1800	Specialist North Korea reporting including sanctions evasion and cross-border trade.
eco-cn-scmp-econ	https://www.scmp.com/rss/92/feed	rss	50	South China Morning Post economy	サウスチャイナ・モーニング・ポスト 経済	news	wire	en	china,economy,trade,hongkong	1800	SCMP economy desk covering Chinese macro data and trade policy.
eco-pac-fbcnews	https://www.fbcnews.com.fj/feed/	rss	10	FBC News Fiji	FBCニュース フィジー	news	wire	en	fiji,pacific,islands	3600	Fiji Broadcasting Corporation news, national coverage from a Pacific hub.
eco-pac-cookislands	https://cookislandsnews.com/feed/	rss	10	Cook Islands News	クック諸島ニュース	news	wire	en	cook-islands,pacific,seabed-mining	3600	Cook Islands national paper, notable for deep-sea mining policy coverage.
eco-pac-matangitonga	https://matangitonga.to/rss.xml	rss	8	Matangi Tonga	マタンギ・トンガ	news	wire	en	tonga,pacific,islands	3600	Tongan independent news outlet.
eco-pac-pacificislandtimes	https://www.pacificislandtimes.com/blog-feed.xml	rss	20	Pacific Island Times	パシフィック・アイランド・タイムズ	news	wire	en	guam,micronesia,pacific,defence	3600	Guam and Micronesia regional reporting including US basing and shipping.
eco-pg-postcourier	https://www.postcourier.com.pg/feed/	rss	10	Post-Courier Papua New Guinea	ポスト・クーリエ パプアニューギニア	news	wire	en	png,pacific,mining,lng	3600	Papua New Guinea's daily, key for LNG and mining project news.
eco-gh-myjoyonline	https://www.myjoyonline.com/feed/	rss	50	MyJoyOnline Ghana	MyJoyOnline ガーナ	news	wire	en	ghana,west-africa,economy,gold	1800	Ghanaian broadcaster's news service covering cocoa, gold and the IMF programme.
eco-ng-vanguard	https://www.vanguardngr.com/feed/	rss	20	Vanguard Nigeria	ヴァンガード ナイジェリア	news	wire	en	nigeria,west-africa,oil,economy	1800	Nigerian national daily covering oil, fuel subsidy and security.
eco-ng-businessday	https://businessday.ng/feed/	rss	5	BusinessDay Nigeria	ビジネスデイ ナイジェリア	news	wire	en	nigeria,business,economy,banking	1800	Nigerian business daily covering FX policy, banking and energy.
eco-ng-nairametrics	https://nairametrics.com/feed/	rss	20	Nairametrics Nigeria	ナイラメトリクス ナイジェリア	news	wire	en	nigeria,economy,markets,data	1800	Nigerian financial and economic data journalism.
eco-ke-standard	https://www.standardmedia.co.ke/rss/headlines.php	rss	30	The Standard Kenya	ザ・スタンダード ケニア	news	wire	en	kenya,east-africa,economy	1800	Kenyan national daily headlines.
eco-ke-businessdaily	https://www.businessdailyafrica.com/bd/rss.xml	rss	25	Business Daily Africa	ビジネス・デイリー・アフリカ	news	wire	en	kenya,business,east-africa,economy	1800	Kenya's business daily, the region's main corporate and macro record.
eco-ke-capitalfm	https://www.capitalfm.co.ke/news/feed/	rss	10	Capital FM Kenya	キャピタルFM ケニア	news	wire	en	kenya,east-africa,news	3600	Kenyan broadcaster news service.
eco-ke-kbc	https://www.kbc.co.ke/feed/	rss	10	Kenya Broadcasting Corporation	ケニア放送公社	news	wire	en	kenya,state-media,east-africa	3600	Kenya's public broadcaster, the official state news channel.
eco-af-theeastafrican	https://www.theeastafrican.co.ke/rss.xml	rss	40	The East African	ジ・イースト・アフリカン	news	wire	en	east-africa,eac,regional,trade	1800	Regional weekly covering the East African Community bloc.
eco-ug-independent	https://www.independent.co.ug/feed/	rss	10	The Independent Uganda	ジ・インディペンデント ウガンダ	news	wire	en	uganda,east-africa,oil,economy	3600	Ugandan news magazine covering the oil pipeline and regional politics.
eco-ug-observer	https://www.observer.ug/feed	rss	10	The Observer Uganda	ジ・オブザーバー ウガンダ	news	wire	en	uganda,east-africa,politics	3600	Ugandan independent paper.
eco-ug-nilepost	https://nilepost.co.ug/feed/	rss	300	Nile Post Uganda	ナイル・ポスト ウガンダ	news	wire	en	uganda,east-africa,news	1800	Ugandan digital news service with high publication volume.
eco-zm-lusakatimes	https://www.lusakatimes.com/feed/	rss	10	Lusaka Times Zambia	ルサカ・タイムズ ザンビア	news	wire	en	zambia,copper,debt,southern-africa	3600	Zambian news covering copper mining and debt restructuring.
eco-zm-diggers	https://diggers.news/feed/	rss	10	News Diggers Zambia	ニュース・ディガーズ ザンビア	news	wire	en	zambia,investigative,mining,southern-africa	3600	Zambian investigative outlet covering mining and public finance.
eco-zw-herald	https://www.herald.co.zw/feed/	rss	10	The Herald Zimbabwe	ザ・ヘラルド ジンバブエ	news	wire	en	zimbabwe,state-media,southern-africa	3600	Zimbabwe's state daily, the official line on currency and mining policy.
eco-mw-nyasatimes	https://www.nyasatimes.com/feed/	rss	10	Nyasa Times Malawi	ニャサ・タイムズ マラウイ	news	wire	en	malawi,southern-africa,economy	3600	Malawian independent news covering forex shortages and agriculture.
eco-mz-clubofmozambique	https://clubofmozambique.com/feed/	rss	10	Club of Mozambique	クラブ・オブ・モザンビーク	news	wire	en	mozambique,lng,cabo-delgado,southern-africa	3600	Mozambique English-language news covering LNG projects and the Cabo Delgado insurgency.
eco-na-namibian	https://www.namibian.com.na/feed/	rss	12	The Namibian	ザ・ナミビアン	news	wire	en	namibia,mining,uranium,southern-africa	3600	Namibia's leading daily covering uranium, green hydrogen and offshore oil.
eco-za-mg	https://mg.co.za/rss	rss	50	Mail and Guardian South Africa	メール・アンド・ガーディアン 南アフリカ	news	wire	en	southafrica,investigative,economy,eskom	1800	South African investigative weekly covering Eskom, state capture and policy.
eco-cd-actualitecd	https://actualite.cd/feed	rss	10	Actualite.cd DR Congo	Actualite.cd コンゴ民主共和国	news	wire	fr	drc,cobalt,mining,central-africa	3600	Congolese news site covering mining, conflict and politics.
eco-cd-radiookapi	https://www.radiookapi.net/feed	rss	50	Radio Okapi DR Congo	ラジオ・オカピ コンゴ民主共和国	news	wire	fr	drc,un,mining,central-africa	1800	UN-backed Congolese broadcaster with nationwide correspondent coverage.
eco-cm-journalducameroun	https://www.journalducameroun.com/feed/	rss	10	Journal du Cameroun	ジュルナル・デュ・カメルーン	news	wire	fr	cameroon,central-africa,economy	3600	Cameroonian news covering CEMAC economies and infrastructure.
eco-cm-actucameroun	https://actucameroun.com/feed/	rss	20	Actu Cameroun	アクチュ・カメルーン	news	wire	fr	cameroon,central-africa,politics	3600	Cameroonian digital news outlet.
eco-bf-lefaso	https://lefaso.net/spip.php?page=backend	rss	60	Lefaso.net Burkina Faso	Lefaso.net ブルキナファソ	news	wire	fr	burkinafaso,sahel,security,west-africa	3600	Burkinabe news portal, one of few consistent Sahel sources.
eco-ml-maliactu	https://maliactu.net/feed/	rss	15	Mali Actu	マリ・アクチュ	news	wire	fr	mali,sahel,security,west-africa	3600	Malian news aggregation covering security and the gold sector.
eco-sn-senego	https://www.senego.com/feed	rss	40	Senego Senegal	セネゴ セネガル	news	wire	fr	senegal,west-africa,oil,economy	3600	Senegalese news site covering the new oil and gas production ramp.
eco-sd-dabanga	https://www.dabangasudan.org/en/feed	rss	12	Radio Dabanga Sudan	ラジオ・ダバンガ スーダン	news	wire	en	sudan,conflict,humanitarian,horn-of-africa	1800	Sudan-focused broadcaster reporting on the war, displacement and food security.
eco-eg-dailynews	https://www.dailynewsegypt.com/feed/	rss	10	Daily News Egypt	デイリー・ニュース・エジプト	news	wire	en	egypt,economy,suez,north-africa	1800	Egyptian business daily covering the currency, Suez revenues and IMF programme.
eco-af-financialafrik	https://www.financialafrik.com/feed/	rss	15	Financial Afrik	フィナンシャル・アフリック	news	wire	fr	africa,finance,banking,francophone	3600	Francophone African financial and banking sector coverage.
eco-fr-rfi-afrique	https://www.rfi.fr/fr/afrique/rss	rss	23	RFI Afrique	RFI アフリカ	news	wire	fr	africa,francophone,wire,politics	1800	Radio France Internationale's Africa desk, the widest francophone Africa wire.
eco-fr-rfi-eco	https://www.rfi.fr/fr/economie/rss	rss	30	RFI economie	RFI 経済	news	wire	fr	economy,france,global,wire	1800	RFI economics desk covering commodities and emerging markets.
eco-fr-france24-eco	https://www.france24.com/en/economy/rss	rss	30	France 24 economy	フランス24 経済	news	wire	en	economy,europe,global,wire	1800	France 24 English economy coverage.
eco-de-dw-business	https://rss.dw.com/rdf/rss-en-bus	rss	20	Deutsche Welle business	ドイチェ・ヴェレ ビジネス	news	wire	en	germany,europe,business,economy	1800	German public broadcaster's English business desk.
eco-me-alaraby	https://english.alaraby.co.uk/rss	rss	70	The New Arab English	ザ・ニュー・アラブ 英語版	news	wire	en	middle-east,arab,politics,economy	1800	Pan-Arab English outlet covering the Levant and Gulf.
eco-iq-shafaq	https://shafaq.com/rss/en	rss	25	Shafaq News Iraq	シャファク・ニュース イラク	news	wire	en	iraq,kurdistan,oil,middle-east	1800	Iraqi news agency with oil export and Kurdistan region coverage.
eco-ir-mehrnews	https://en.mehrnews.com/rss	rss	30	Mehr News Agency Iran	メフル通信 イラン	news	wire	en	iran,sanctions,energy,middle-east	1800	Iranian semi-official agency, English service covering trade and energy.
eco-tr-dailysabah-biz	https://www.dailysabah.com/rssFeed/business	rss	50	Daily Sabah business	デイリー・サバフ ビジネス	news	wire	en	turkey,economy,lira,trade	1800	Turkish English-language business desk covering the lira and trade corridors.
eco-ua-ukrinform	https://www.ukrinform.net/rss/block-lastnews	rss	30	Ukrinform Ukraine	ウクルインフォルム ウクライナ	news	wire	en	ukraine,state-wire,war,economy	1800	Ukraine's national news agency English service.
eco-ua-unian	https://rss.unian.net/site/news_eng.rss	rss	100	UNIAN Ukraine	UNIAN ウクライナ	news	wire	en	ukraine,wire,war,energy	1800	Ukrainian independent news agency covering the war and energy infrastructure.
eco-ua-pravda	https://www.pravda.com.ua/rss/	rss	20	Ukrainska Pravda	ウクライナ・プラウダ	news	wire	uk	ukraine,politics,war,investigative	1800	Ukraine's leading independent outlet.
eco-ua-epravda	https://www.epravda.com.ua/rss/	rss	14	Ekonomichna Pravda Ukraine	エコノミチナ・プラウダ ウクライナ	news	wire	uk	ukraine,economy,business,energy	1800	Ukrainian economic daily covering grain exports, energy and reconstruction.
eco-ua-interfax	https://interfax.com.ua/news/economic.rss	rss	25	Interfax-Ukraine economic	インターファクス・ウクライナ 経済	news	wire	uk	ukraine,economy,wire,business	1800	Interfax-Ukraine economic wire in Ukrainian.
eco-ua-interfax-en	https://en.interfax.com.ua/news/economic.rss	rss	25	Interfax-Ukraine economic English	インターファクス・ウクライナ 経済英語版	news	wire	en	ukraine,economy,wire,business	1800	Interfax-Ukraine economic wire in English.
eco-ee-err	https://news.err.ee/rss	rss	50	ERR News Estonia	ERRニュース エストニア	news	wire	en	estonia,baltics,eu,defence	1800	Estonian public broadcaster's English service.
eco-lv-lsm	https://eng.lsm.lv/rss/	rss	50	LSM Latvia English	LSM ラトビア英語版	news	wire	en	latvia,baltics,eu,economy	1800	Latvian public broadcaster's English service.
eco-lt-delfi	https://www.delfi.lt/rss/feeds/daily.xml	rss	31	Delfi Lithuania	デルフィ リトアニア	news	wire	lt	lithuania,baltics,economy	1800	Lithuania's largest news portal.
eco-pl-biznesalert	https://biznesalert.pl/feed/	rss	10	BiznesAlert Poland energy	ビズネスアラート ポーランド エネルギー	news	wire	pl	poland,energy,gas,nuclear	1800	Polish energy-sector news covering gas supply, nuclear plans and grid.
eco-pl-wnp	https://www.wnp.pl/rss/serwis_rss.xml	rss	300	WNP Poland industry	WNP ポーランド産業	news	wire	pl	poland,industry,mining,energy	1800	Polish industrial economy portal covering mining, steel and energy.
eco-hu-portfolio	https://www.portfolio.hu/rss/all.xml	rss	20	Portfolio.hu Hungary	ポートフォリオ ハンガリー	news	wire	hu	hungary,economy,markets,eu-funds	1800	Hungarian financial news covering the forint, EU funds and energy.
eco-hu-telex	https://telex.hu/rss	rss	50	Telex Hungary	テレックス ハンガリー	news	wire	hu	hungary,independent,politics,economy	1800	Hungarian independent outlet.
eco-hu-index	https://index.hu/24ora/rss/	rss	22	Index.hu Hungary	インデックス ハンガリー	news	wire	hu	hungary,news,politics	1800	Hungarian general news portal.
eco-ro-hotnews	https://www.hotnews.ro/rss	rss	20	HotNews Romania	ホットニュース ルーマニア	news	wire	ro	romania,economy,energy,eu	1800	Romanian news portal covering Black Sea gas and EU funds.
eco-ro-g4media	https://www.g4media.ro/feed	rss	10	G4Media Romania	G4メディア ルーマニア	news	wire	ro	romania,politics,investigative	1800	Romanian independent news site.
eco-ro-mediafax	https://www.mediafax.ro/rss/	rss	10	Mediafax Romania	メディアファクス ルーマニア	news	wire	ro	romania,wire,economy	1800	Romanian news agency wire.
eco-ro-insider	https://www.romania-insider.com/feed	rss	100	Romania Insider	ルーマニア・インサイダー	news	wire	en	romania,business,english,economy	1800	English-language Romanian business and economy coverage.
eco-bg-dnevnik	https://www.dnevnik.bg/rss/	rss	30	Dnevnik Bulgaria	ドネヴニク ブルガリア	news	wire	bg	bulgaria,economy,energy,eu	1800	Bulgarian business daily covering energy transit and EU accession files.
eco-bg-novinite	https://www.novinite.com/services/news_rdf.php	rss	24	Novinite Bulgaria	ノヴィニテ ブルガリア	news	wire	en	bulgaria,english,balkans,economy	1800	Bulgarian English-language news service.
eco-rs-n1	https://n1info.rs/feed/	rss	50	N1 Serbia	N1 セルビア	news	wire	sr	serbia,balkans,politics,mining	1800	Serbian broadcaster covering politics, lithium mining and EU relations.
eco-si-times	https://sloveniatimes.com/feed/	rss	50	The Slovenia Times	スロベニア・タイムズ	news	wire	en	slovenia,balkans,eu,economy	3600	Slovenian English-language news.
eco-ar-clarin-economia	https://www.clarin.com/rss/economia/	rss	10	Clarin Argentina economy	クラリン アルゼンチン経済	news	wire	es	argentina,economy,inflation,latam	1800	Argentine daily's economy desk covering inflation and FX controls.
eco-ar-lanacion	https://www.lanacion.com.ar/arc/outboundfeeds/rss/?outputType=xml	rss	95	La Nacion Argentina	ラ・ナシオン アルゼンチン	news	wire	es	argentina,latam,politics,economy	1800	Argentine national daily.
eco-br-g1-economia	https://g1.globo.com/rss/g1/economia/	rss	100	G1 Brazil economy	G1 ブラジル経済	news	wire	pt	brazil,economy,latam,markets	1800	Brazil's largest broadcaster portal, economy desk.
eco-br-folha-mercado	https://feeds.folha.uol.com.br/mercado/rss091.xml	rss	100	Folha de S.Paulo market	フォーリャ・デ・サンパウロ 市場	news	wire	pt	brazil,markets,economy,latam	1800	Folha's market and economy desk.
eco-br-uol-economia	https://rss.uol.com.br/feed/economia.xml	rss	15	UOL Brazil economy	UOL ブラジル経済	news	wire	pt	brazil,economy,latam	1800	UOL economy feed.
eco-br-exame	https://exame.com/feed/	rss	25	Exame Brazil business	エグザミ ブラジル・ビジネス	news	wire	pt	brazil,business,markets,latam	1800	Brazilian business magazine covering corporates and macro.
eco-br-agenciabrasil	https://agenciabrasil.ebc.com.br/rss/ultimasnoticias/feed.xml	rss	10	Agencia Brasil	アジェンシア・ブラジル	news	wire	pt	brazil,state-wire,latam,economy	1800	Brazil's public news agency, the official government wire.
eco-br-poder360	https://www.poder360.com.br/feed/	rss	10	Poder360 Brazil	ポデール360 ブラジル	news	wire	pt	brazil,politics,economy,data	1800	Brazilian politics and economic data journalism.
eco-cl-latercera	https://www.latercera.com/arcio/rss/	rss	100	La Tercera Chile	ラ・テルセラ チリ	news	wire	es	chile,copper,lithium,latam	1800	Chilean daily covering copper and lithium policy.
eco-pe-elcomercio	https://elcomercio.pe/arc/outboundfeeds/rss/?outputType=xml	rss	100	El Comercio Peru	エル・コメルシオ ペルー	news	wire	es	peru,mining,latam,economy	1800	Peruvian daily of record, key for copper mining disruption.
eco-pe-gestion	https://gestion.pe/arc/outboundfeeds/rss/?outputType=xml	rss	100	Gestion Peru business	ヘスティオン ペルー経済	news	wire	es	peru,business,mining,economy	1800	Peruvian business daily.
eco-co-eltiempo-economia	https://www.eltiempo.com/rss/economia.xml	rss	10	El Tiempo Colombia economy	エル・ティエンポ コロンビア経済	news	wire	es	colombia,economy,oil,latam	1800	Colombian daily economy desk.
eco-mx-eleconomista	https://www.eleconomista.com.mx/rss/ultimas-noticias	rss	100	El Economista Mexico	エル・エコノミスタ メキシコ	news	wire	es	mexico,economy,nearshoring,latam	1800	Mexican business daily covering nearshoring, remittances and energy policy.
eco-mx-jornada-economia	https://www.jornada.com.mx/rss/economia.xml	rss	9	La Jornada Mexico economy	ラ・ホルナダ メキシコ経済	news	wire	es	mexico,economy,labour,latam	1800	Mexican daily economy desk with a labour focus.
eco-gt-prensalibre	https://www.prensalibre.com/feed/	rss	99	Prensa Libre Guatemala	プレンサ・リブレ グアテマラ	news	wire	es	guatemala,central-america,migration	1800	Guatemala's leading daily.
eco-hn-criterio	https://criterio.hn/feed/	rss	5	Criterio Honduras	クリテリオ ホンジュラス	news	wire	es	honduras,central-america,investigative	3600	Honduran investigative outlet.
eco-cr-nacion	https://www.nacion.com/arc/outboundfeeds/rss/?outputType=xml	rss	100	La Nacion Costa Rica	ラ・ナシオン コスタリカ	news	wire	es	costarica,central-america,economy	1800	Costa Rican daily of record.
eco-pa-prensa	https://www.prensa.com/arc/outboundfeeds/rss/?outputType=xml	rss	100	La Prensa Panama	ラ・プレンサ パナマ	news	wire	es	panama,canal,logistics,latam	1800	Panamanian daily, closest local source on canal operations and transit economics.
eco-py-abc	https://www.abc.com.py/arc/outboundfeeds/rss/?outputType=xml	rss	100	ABC Color Paraguay	ABCカラー パラグアイ	news	wire	es	paraguay,agriculture,latam,economy	1800	Paraguayan daily covering soy exports and the Parana waterway.
eco-do-dominicantoday	https://dominicantoday.com/feed/	rss	10	Dominican Today	ドミニカン・トゥデイ	news	wire	en	dominicanrepublic,caribbean,tourism	3600	Dominican Republic English-language news.
eco-jm-observer	https://www.jamaicaobserver.com/feed/	rss	37	Jamaica Observer	ジャマイカ・オブザーバー	news	wire	en	jamaica,caribbean,economy	1800	Jamaican national daily.
eco-bb-nationnews	https://www.nationnews.com/feed/	rss	10	Barbados Nation News	ネーション・ニュース バルバドス	news	wire	en	barbados,caribbean,economy	3600	Barbadian national daily.
eco-bb-barbadostoday	https://barbadostoday.bb/feed/	rss	10	Barbados Today	バルバドス・トゥデイ	news	wire	en	barbados,caribbean,climate-finance	3600	Barbadian digital daily, relevant for the Bridgetown climate finance agenda.
eco-tt-newsday	https://newsday.co.tt/feed/	rss	20	Trinidad and Tobago Newsday	ニューズデイ トリニダード・トバゴ	news	wire	en	trinidad,caribbean,lng,energy	3600	Trinidadian daily covering LNG and petrochemical operations.
eco-cu-oncuba	https://oncubanews.com/feed/	rss	27	OnCuba News	オンキューバ・ニュース	news	wire	es	cuba,caribbean,economy,energy	3600	Cuba-focused outlet reporting on blackouts, shortages and reform.
eco-cu-havanatimes	https://havanatimes.org/feed/	rss	7	Havana Times	ハバナ・タイムズ	news	wire	en	cuba,caribbean,economy	3600	English-language Cuba coverage from independent contributors.
cyb-cisa-alerts	https://www.cisa.gov/cybersecurity-advisories/alerts.xml	rss	30	CISA Cybersecurity Alerts	CISA サイバーセキュリティ警報	security	advisory	en	cisa,usa,alert,advisory	3600	Urgent US CISA alerts on active campaigns and emergency directives.
cyb-cisa-ics-medical	https://www.cisa.gov/cybersecurity-advisories/ics-medical-advisories.xml	rss	30	CISA ICS Medical Advisories	CISA 医療用制御機器アドバイザリ	security	advisory	en	cisa,ics,medical,ot	3600	US CISA advisories covering vulnerabilities in medical devices and clinical OT.
cyb-jvn-ja	https://jvn.jp/rss/jvn.rdf	rss	20	JVN Vulnerability Notes (Japanese)	JVN 脆弱性対策情報（日本語）	security	vulnerability	ja	jvn,japan,jpcert,ipa	3600	Japan Vulnerability Notes, the joint JPCERT/IPA coordinated disclosure feed.
cyb-jvn-en	https://jvn.jp/en/rss/jvn.rdf	rss	20	JVN Vulnerability Notes (English)	JVN 脆弱性対策情報（英語）	security	vulnerability	en	jvn,japan,jpcert,ipa	3600	English edition of Japan Vulnerability Notes coordinated advisories.
cyb-jvndb-new	https://jvndb.jvn.jp/ja/rss/jvndb_new.rdf	rss	500	JVN iPedia New Entries	JVN iPedia 新着脆弱性	security	vulnerability	ja	jvndb,japan,cve,ipa	3600	Newly registered entries in JVN iPedia, Japan's national vulnerability database.
cyb-jvndb-all	https://jvndb.jvn.jp/en/rss/jvndb.rdf	rss	500	JVN iPedia (English)	JVN iPedia（英語）	security	vulnerability	en	jvndb,japan,cve	3600	English JVN iPedia feed of Japanese national vulnerability database records.
cyb-ipa-alert	https://www.ipa.go.jp/security/rss/alert.rdf	rss	244	IPA Security Alerts	IPA 重要なセキュリティ情報	security	advisory	ja	ipa,japan,alert	3600	Critical security alerts issued by Japan's Information-technology Promotion Agency.
cyb-jpcert-blog	https://blogs.jpcert.or.jp/en/atom.xml	atom	15	JPCERT/CC Eyes (English)	JPCERT/CC Eyes（英語）	threat-intel	research	en	jpcert,japan,malware,analysis	7200	JPCERT/CC analyst blog with malware and intrusion analysis from Japan.
cyb-jpcert-blog-ja	https://blogs.jpcert.or.jp/ja/atom.xml	atom	15	JPCERT/CC Eyes (Japanese)	JPCERT/CC Eyes（日本語）	threat-intel	research	ja	jpcert,japan,malware,analysis	7200	Japanese-language JPCERT/CC technical analysis blog.
cyb-soumu-cyber	https://www.soumu.go.jp/news.rdf	rss	20	MIC Japan News	総務省 報道資料	security	policy	ja	japan,mic,policy,telecom	21600	Japanese Ministry of Internal Affairs and Communications releases including telecom and cyber policy.
cyb-ncsc-uk-news	https://www.ncsc.gov.uk/api/1/services/v1/news-rss-feed.xml	rss	20	NCSC UK News	英国 NCSC ニュース	security	advisory	en	ncsc,uk,news	3600	UK National Cyber Security Centre news and incident statements.
cyb-ncsc-uk-guidance	https://www.ncsc.gov.uk/api/1/services/v1/guidance-rss-feed.xml	rss	20	NCSC UK Guidance	英国 NCSC ガイダンス	security	advisory	en	ncsc,uk,guidance	21600	UK NCSC defensive guidance publications.
cyb-ncsc-uk-blog	https://www.ncsc.gov.uk/api/1/services/v1/blog-post-rss-feed.xml	rss	20	NCSC UK Blog	英国 NCSC ブログ	security	research	en	ncsc,uk,blog	21600	UK NCSC technical blog posts on threats and defensive engineering.
cyb-certfr-avis	https://www.cert.ssi.gouv.fr/avis/feed/	rss	40	CERT-FR Avis	CERT-FR 脆弱性通知	security	advisory	fr	certfr,france,anssi,advisory	3600	French CERT-FR vulnerability notices (avis de securite).
cyb-certfr-alerte	https://www.cert.ssi.gouv.fr/alerte/feed/	rss	40	CERT-FR Alertes	CERT-FR 緊急警報	security	advisory	fr	certfr,france,anssi,alert	3600	French CERT-FR emergency alerts for actively exploited flaws.
cyb-certfr-cti	https://www.cert.ssi.gouv.fr/cti/feed/	rss	40	CERT-FR Threat Intelligence	CERT-FR 脅威インテリジェンス	threat-intel	research	fr	certfr,france,cti,apt	7200	CERT-FR threat intelligence reports on APT and criminal actors.
cyb-certfr-ioc	https://www.cert.ssi.gouv.fr/ioc/feed/	rss	15	CERT-FR Indicators of Compromise	CERT-FR 侵害指標	threat-intel	malware	fr	certfr,france,ioc	7200	CERT-FR published indicator-of-compromise bundles.
cyb-certfr-actu	https://www.cert.ssi.gouv.fr/actualite/feed/	rss	40	CERT-FR Actualites	CERT-FR 最新情報	security	advisory	fr	certfr,france,news	7200	CERT-FR news items and situational updates.
cyb-certbe-nl	https://cert.be/nl/rss	rss	10	CCB Belgium Advisories (Dutch)	ベルギー CCB アドバイザリ（オランダ語）	security	advisory	nl	certbe,belgium,advisory	3600	Belgian Centre for Cybersecurity advisories in Dutch.
cyb-certbe-fr	https://cert.be/fr/rss	rss	10	CCB Belgium Advisories (French)	ベルギー CCB アドバイザリ（フランス語）	security	advisory	fr	certbe,belgium,advisory	3600	Belgian Centre for Cybersecurity advisories in French.
cyb-ncsc-nl-adv-json	https://advisories.ncsc.nl/rss/advisories?format=json	rss	25	NCSC-NL Advisories	オランダ NCSC アドバイザリ	security	advisory	nl	ncsc,netherlands,advisory	3600	Dutch NCSC security advisories with CVE and severity scoring.
cyb-certpl-pl	https://cert.pl/rss.xml	rss	100	CERT Polska (Polish)	CERT Polska（ポーランド語）	security	advisory	pl	certpl,poland,advisory	3600	Polish national CERT publications and threat reports.
cyb-certse-feed	https://www.cert.se/feed.rss	rss	10	CERT-SE Sweden	スウェーデン CERT-SE	security	advisory	sv	certse,sweden,advisory	3600	Swedish national CERT advisories and situational reports.
cyb-ncsc-fi-fi	https://www.kyberturvallisuuskeskus.fi/feed/rss/fi	rss	500	NCSC-FI (Finnish)	フィンランド NCSC（フィンランド語）	security	advisory	fi	ncsc,finland,traficom	3600	Finnish National Cyber Security Centre advisories and warnings.
cyb-certsi-en	https://www.cert.si/en/feed/	rss	10	SI-CERT Slovenia (English)	スロベニア SI-CERT（英語）	security	advisory	en	certsi,slovenia,advisory	3600	Slovenian national CERT advisories in English.
cyb-certhr-en	https://www.cert.hr/en/feed/	rss	1	CERT.hr Croatia (English)	クロアチア CERT.hr（英語）	security	advisory	en	certhr,croatia,advisory	21600	Croatian national CERT English-language publications.
cyb-govcertbg-en	https://www.govcert.bg/en/feed/	rss	10	GovCERT Bulgaria (English)	ブルガリア GovCERT（英語）	security	advisory	en	govcert,bulgaria,advisory	3600	Bulgarian government CERT advisories in English.
cyb-nki-hu3	https://nki.gov.hu/it-biztonsag/hirek/feed/	rss	20	NKI Hungary IT Security News	ハンガリー NKI IT セキュリティ情報	security	advisory	hu	nki,hungary,advisory	3600	Hungarian National Cyber Security Center IT security bulletins.
cyb-cert-mk	https://mkd-cirt.mk/feed/	rss	10	MKD-CIRT North Macedonia	北マケドニア MKD-CIRT	security	advisory	mk	mkdcirt,macedonia,advisory	3600	North Macedonian national CIRT advisories.
cyb-incibe-ics	https://www.incibe.es/incibe-cert/alerta-temprana/avisos-sci/feed	rss	10	INCIBE-CERT ICS Advisories	INCIBE-CERT 産業制御システム勧告	security	advisory	es	incibe,spain,ics,ot	3600	Spanish INCIBE-CERT industrial control system security advisories.
cyb-incibe-blog	https://www.incibe.es/incibe-cert/blog/feed	rss	10	INCIBE-CERT Blog	INCIBE-CERT ブログ	threat-intel	research	es	incibe,spain,research	7200	Spanish INCIBE-CERT technical analysis and threat research posts.
cyb-cert-py	https://www.cert.gov.py/feed/	rss	70	CERT-PY Paraguay	パラグアイ CERT-PY	security	advisory	es	certpy,paraguay,advisory	3600	Paraguayan national CERT advisories and awareness bulletins.
cyb-cert-do	https://cncs.gob.do/feed/	rss	10	CNCS Dominican Republic	ドミニカ共和国 CNCS	security	advisory	es	cncs,dominican,advisory	3600	Dominican Republic National Cybersecurity Centre publications.
cyb-cert-tt	https://ttcsirt.gov.tt/feed/	rss	10	TT-CSIRT Trinidad and Tobago	トリニダード・トバゴ TT-CSIRT	security	advisory	en	ttcsirt,trinidad,advisory	3600	Trinidad and Tobago national CSIRT advisories.
cyb-kb-cert-vulnotes	https://www.kb.cert.org/vulfeed/	atom	15	CERT/CC Vulnerability Notes	CERT/CC 脆弱性ノート	security	vulnerability	en	certcc,cmu,coordination	3600	Carnegie Mellon CERT/CC coordinated vulnerability notes.
cyb-cert-cc-blog	https://insights.sei.cmu.edu/blog/feeds/topic/cert-cc/atom/	atom	20	CERT/CC Insights Blog	CERT/CC インサイト・ブログ	threat-intel	research	en	certcc,sei,research	21600	SEI CERT/CC blog on coordination, disclosure and vulnerability research.
cyb-nvd-cvehistory	https://services.nvd.nist.gov/rest/json/cvehistory/2.0?resultsPerPage=50	json:cveChanges	50	NVD CVE Change History	NVD CVE 変更履歴	security	vulnerability	en	nvd,nist,cve,history	3600	Change records for NVD CVE entries, showing rescoring and reference edits.
cyb-nvd-source	https://services.nvd.nist.gov/rest/json/source/2.0?resultsPerPage=50	json:sources	50	NVD Data Sources	NVD データソース一覧	security	vulnerability	en	nvd,nist,cna	86400	Registry of CNAs and data sources feeding the US National Vulnerability Database.
cyb-github-advisories	https://api.github.com/advisories?per_page=100	json-array	100	GitHub Security Advisories	GitHub セキュリティアドバイザリ	security	vulnerability	en	github,ghsa,osv,supplychain	7200	Full GitHub Advisory Database feed across all supported ecosystems.
cyb-github-adv-malware	https://api.github.com/advisories?type=malware&per_page=100	json-array	100	GitHub Malware Advisories	GitHub マルウェアアドバイザリ	threat-intel	malware	en	github,ghsa,malware,supplychain	7200	GitHub advisories flagging malicious packages in open-source registries.
cyb-ghsa-repo	https://api.github.com/repos/github/advisory-database/commits?per_page=50	json-array	50	GitHub Advisory Database Commits	GitHub アドバイザリDB コミット	security	vulnerability	en	github,ghsa,osv,changelog	21600	Commit stream of the GitHub Advisory Database, showing every advisory edit.
cyb-cvelistv5-commits	https://api.github.com/repos/CVEProject/cvelistV5/commits?per_page=50	json-array	50	CVE List v5 Commits	CVE List v5 コミット	security	vulnerability	en	cve,mitre,cvelistv5	21600	Live commit stream of the official CVE Program record repository.
cyb-vulnrichment	https://api.github.com/repos/cisagov/vulnrichment/commits?per_page=50	json-array	50	CISA Vulnrichment Commits	CISA Vulnrichment コミット	security	vulnerability	en	cisa,ssvc,cvss,enrichment	21600	CISA enrichment of CVE records with SSVC decision points and CVSS.
cyb-cisa-kev-repo	https://api.github.com/repos/cisagov/kev-data/commits?per_page=30	json-array	30	CISA KEV Data Commits	CISA KEV データ更新	threat-intel	exploitation	en	cisa,kev,exploited	21600	Commit history of the CISA Known Exploited Vulnerabilities dataset.
cyb-go-vulndb	https://vuln.go.dev/index/modules.json	json-array	1344	Go Vulnerability DB Modules	Go 脆弱性DB モジュール索引	security	vulnerability	en	golang,vulndb,supplychain	21600	Index of Go modules with known vulnerabilities from the official Go vuln DB.
cyb-packagist-adv	https://packagist.org/api/security-advisories/?packages%5B%5D=symfony/symfony	json:advisories.symfony/symfony	104	Packagist Security Advisories	Packagist セキュリティ勧告	security	vulnerability	en	php,packagist,symfony,supplychain	21600	PHP Packagist advisory API showing known flaws for tracked packages.
cyb-mozilla-fsa	https://api.github.com/repos/mozilla/foundation-security-advisories/commits?per_page=50	json-array	50	Mozilla Foundation Security Advisories	Mozilla 財団セキュリティ勧告	security	advisory	en	mozilla,firefox,mfsa	21600	Source-of-truth commit feed for Mozilla Firefox and Thunderbird advisories.
cyb-alpine-secdb	https://secdb.alpinelinux.org/v3.20/main.json	json:packages	266	Alpine Linux Security Database	Alpine Linux セキュリティDB	security	vulnerability	en	alpine,linux,container,secdb	21600	Alpine secdb mapping package versions to fixed CVEs, key for container scanning.
cyb-wolfi-secdb	https://packages.wolfi.dev/os/security.json	json:packages	1479	Wolfi OS Security Database	Wolfi OS セキュリティDB	security	vulnerability	en	wolfi,container,secdb,supplychain	21600	Wolfi distroless OS security database of fixed vulnerabilities.
cyb-arch-security	https://security.archlinux.org/issues/all.json	json-array	2455	Arch Linux Security Issues	Arch Linux セキュリティ課題	security	vulnerability	en	arch,linux,cve	21600	All tracked security issues in Arch Linux with CVE and package mapping.
cyb-arch-advisories	https://security.archlinux.org/advisory/json	json-array	1332	Arch Linux Security Advisories	Arch Linux セキュリティ勧告	security	advisory	en	arch,linux,asa	21600	Published Arch Linux Security Advisories in JSON form.
cyb-ubuntu-cves-json	https://ubuntu.com/security/cves.json	json:cves	10	Ubuntu Security CVE API	Ubuntu セキュリティ CVE API	security	vulnerability	en	ubuntu,canonical,cve	3600	Canonical's structured CVE tracker with per-release fix status.
cyb-ubuntu-notices-json	https://ubuntu.com/security/notices.json	json:notices	10	Ubuntu Security Notices API	Ubuntu セキュリティ通知 API	security	advisory	en	ubuntu,usn,canonical	3600	Ubuntu Security Notices in JSON with affected packages and releases.
cyb-debian-dsa-rdf	https://www.debian.org/security/dsa.rdf	rss	27	Debian Security Advisories	Debian セキュリティ勧告	security	advisory	en	debian,dsa,linux	3600	Debian Security Advisories feed for stable-release package fixes.
cyb-debian-dsalong-rdf	https://www.debian.org/security/dsa-long.rdf	rss	27	Debian Security Advisories (Full Text)	Debian セキュリティ勧告（全文）	security	advisory	en	debian,dsa,linux,fulltext	3600	Debian Security Advisories with full advisory bodies inline.
cyb-debian-news	https://www.debian.org/News/news.en.rdf	rss	6	Debian Project News	Debian プロジェクトニュース	security	advisory	en	debian,linux,release	86400	Debian project announcements including point releases and EOL notices.
cyb-amazonlinux-alas	https://alas.aws.amazon.com/alas.rss	rss	1835	Amazon Linux Security Advisories	Amazon Linux セキュリティ勧告	security	advisory	en	aws,amazonlinux,alas	21600	Amazon Linux 1/2 security advisories for AWS workloads.
cyb-amazonlinux-al2023	https://alas.aws.amazon.com/AL2023/alas.rss	rss	2577	Amazon Linux 2023 Advisories	Amazon Linux 2023 セキュリティ勧告	security	advisory	en	aws,al2023,alas	21600	Amazon Linux 2023 security advisories.
cyb-rockylinux-errata	https://apollo.build.resf.org/api/v3/advisories/?page=1&size=50	json:advisories	50	Rocky Linux Errata API	Rocky Linux エラータ API	security	advisory	en	rockylinux,errata,rhel	21600	Rocky Linux Apollo errata API with RHEL-compatible security advisories.
cyb-freebsd-vuxml	https://www.freebsd.org/security/feed.xml	rss	40	FreeBSD Security Advisories	FreeBSD セキュリティ勧告	security	advisory	en	freebsd,bsd,vuxml	21600	FreeBSD security advisories and errata notices.
cyb-netbsd-advisories	https://www.netbsd.org/changes/rss-netbsd.xml	rss	8	NetBSD Announcements	NetBSD お知らせ	security	advisory	en	netbsd,bsd	86400	NetBSD project announcements including security advisories.
cyb-msrc-updates	https://api.msrc.microsoft.com/cvrf/v3.0/updates	json:value	191	Microsoft MSRC CVRF Updates	Microsoft MSRC CVRF 更新	security	advisory	en	microsoft,msrc,patchtuesday,cvrf	21600	Index of Microsoft monthly security update documents in CVRF form.
cyb-paloalto-json	https://security.paloaltonetworks.com/json/	json-array	25	Palo Alto Networks PSIRT (JSON)	Palo Alto PSIRT（JSON）	security	advisory	en	paloalto,psirt,firewall	3600	Structured JSON export of Palo Alto Networks product security advisories.
cyb-siemens-productcert	https://cert-portal.siemens.com/productcert/rss/advisories.rss	rss	2255	Siemens ProductCERT Advisories	Siemens ProductCERT 勧告	security	advisory	en	siemens,ics,ot,psirt	3600	Siemens ProductCERT advisories covering industrial and building automation.
cyb-qnap-adv-feed	https://www.qnap.com/en/security-advisory/feed	rss	20	QNAP Security Advisories	QNAP セキュリティ勧告	security	advisory	en	qnap,nas,psirt	3600	QNAP NAS security advisories, a recurring ransomware entry point.
cyb-splunk-adv	https://advisory.splunk.com/feed	rss	30	Splunk Security Advisories	Splunk セキュリティ勧告	security	advisory	en	splunk,siem,psirt	3600	Splunk product security advisories.
cyb-elastic-sec	https://discuss.elastic.co/c/announcements/security-announcements/31.rss	rss	25	Elastic Security Announcements	Elastic セキュリティ告知	security	advisory	en	elastic,elasticsearch,psirt	3600	Elastic Stack security announcements and CVE disclosures.
cyb-hashicorp-sec	https://discuss.hashicorp.com/c/security/52.rss	rss	25	HashiCorp Security Bulletins	HashiCorp セキュリティ速報	security	advisory	en	hashicorp,terraform,vault,psirt	3600	HashiCorp security bulletins for Vault, Terraform, Consul and Nomad.
cyb-rails-security	https://discuss.rubyonrails.org/c/security-announcements/9.rss	rss	25	Ruby on Rails Security Announcements	Ruby on Rails セキュリティ告知	security	advisory	en	rails,ruby,web	21600	Ruby on Rails framework security announcements.
cyb-django-security	https://www.djangoproject.com/rss/weblog/	rss	10	Django Project Releases	Django プロジェクト リリース	security	advisory	en	django,python,web	21600	Django release announcements including security releases.
cyb-python-secann	https://mail.python.org/archives/list/security-announce@python.org/feed/	rss	30	Python Security Announcements	Python セキュリティ告知	security	advisory	en	python,psf,announce	21600	Official Python security-announce mailing list archive feed.
cyb-nodejs-blog	https://nodejs.org/en/feed/blog.xml	rss	1050	Node.js Blog	Node.js ブログ	security	advisory	en	nodejs,javascript,release	21600	Node.js release and security release announcements.
cyb-linux-cve-announce	https://lore.kernel.org/linux-cve-announce/new.atom	atom	25	Linux Kernel CVE Announcements	Linux カーネル CVE 告知	security	vulnerability	en	linux,kernel,cve	3600	Linux kernel CNA's per-CVE announcement list, the authoritative kernel CVE source.
cyb-drupal-contrib-sa	https://www.drupal.org/security/contrib/rss.xml	rss	20	Drupal Contributed Module Advisories	Drupal 拡張モジュール勧告	security	advisory	en	drupal,cms,web	3600	Security advisories for contributed Drupal modules and themes.
cyb-wordpress-news	https://wordpress.org/news/feed/	rss	10	WordPress News and Releases	WordPress ニュース・リリース	security	advisory	en	wordpress,cms,release	21600	WordPress core release announcements including security releases.
cyb-gke-security-bulletins	https://cloud.google.com/feeds/kubernetes-engine-security-bulletins.xml	atom	30	GKE Security Bulletins	GKE セキュリティ速報	security	advisory	en	gcp,gke,kubernetes,cloud	3600	Google Kubernetes Engine security bulletins for cluster-affecting CVEs.
cyb-gcp-release-notes	https://cloud.google.com/feeds/gcp-release-notes.xml	atom	30	Google Cloud Release Notes	Google Cloud リリースノート	infrastructure	advisory	en	gcp,cloud,release	21600	Google Cloud platform-wide release notes including security changes.
cyb-tenable-cves	https://www.tenable.com/cve/feeds?sort=newest	rss	500	Tenable CVE Feed	Tenable CVE フィード	security	vulnerability	en	tenable,cve,scanner	3600	Newest CVEs as tracked and scored by Tenable research.
cyb-inthewild-exploits	https://inthewild.io/api/exploits?limit=100	json-array	100	InTheWild Exploited CVE API	InTheWild 実攻撃 CVE API	threat-intel	exploitation	en	exploitation,kev,itw	7200	Community-curated record of CVEs observed exploited in the wild.
cyb-poc-in-github	https://api.github.com/repos/nomi-sec/PoC-in-GitHub/commits?per_page=50	json-array	50	PoC-in-GitHub Tracker	PoC-in-GitHub 追跡	threat-intel	exploitation	en	poc,exploit,github	21600	Automated tracker of newly published proof-of-concept exploits on GitHub.
cyb-trickest-cve	https://api.github.com/repos/trickest/cve/commits?per_page=50	json-array	50	Trickest CVE PoC Index	Trickest CVE PoC 索引	threat-intel	exploitation	en	poc,exploit,cve	21600	Continuously updated index linking CVEs to public exploit code.
cyb-nuclei-commits	https://api.github.com/repos/projectdiscovery/nuclei-templates/commits?per_page=50	json-array	50	Nuclei Templates Commits	Nuclei テンプレート コミット	threat-intel	exploitation	en	nuclei,detection,scanner	21600	New Nuclei detection templates, a leading indicator of internet-wide scanning.
cyb-mitre-attack-index	https://raw.githubusercontent.com/mitre-attack/attack-stix-data/master/index.json	json:collections	3	MITRE ATT&CK STIX Index	MITRE ATT&CK STIX 索引	threat-intel	research	en	mitre,attack,stix,ttp	86400	Index of MITRE ATT&CK STIX collections and version releases.
cyb-mitre-attack-blog	https://medium.com/feed/mitre-attack	rss	10	MITRE ATT&CK Blog	MITRE ATT&CK ブログ	threat-intel	research	en	mitre,attack,ttp	21600	MITRE ATT&CK team posts on framework changes and adversary tradecraft.
cyb-mitre-engenuity	https://medium.com/feed/mitre-engenuity	rss	10	MITRE Engenuity Blog	MITRE Engenuity ブログ	threat-intel	research	en	mitre,engenuity,evaluations	21600	MITRE Engenuity Center for Threat-Informed Defense research posts.
cyb-hibp-breaches	https://haveibeenpwned.com/api/v3/breaches	json-array	1025	Have I Been Pwned Breach Catalogue	HIBP 情報漏洩カタログ	threat-intel	ransomware	en	hibp,breach,credentials	86400	Complete catalogue of publicly known data breaches with counts and data classes.
cyb-hibp-latest	https://haveibeenpwned.com/api/v3/latestbreach	json:DataClasses	7	Have I Been Pwned Latest Breach	HIBP 最新漏洩	threat-intel	ransomware	en	hibp,breach,latest	3600	Most recently added breach in the HIBP corpus.
cyb-ransomfeed-rss	https://www.ransomfeed.it/rss-complete.php	rss	200	Ransomfeed Leak-Site Tracker	Ransomfeed リークサイト追跡	threat-intel	ransomware	it	ransomware,leaksite,victims	1800	Aggregated ransomware leak-site victim postings with group attribution.
cyb-ransomlive-groups2	https://data.ransomware.live/groups.json	json-array	380	Ransomware.live Group Registry	Ransomware.live グループ登録簿	threat-intel	ransomware	en	ransomware,groups,leaksite	21600	Registry of tracked ransomware and extortion groups with onion infrastructure.
cyb-ransomlook-groups	https://www.ransomlook.io/api/groups	json-array	606	RansomLook Group Index	RansomLook グループ索引	threat-intel	ransomware	en	ransomware,groups,darkweb	21600	RansomLook index of extortion groups and their leak-site infrastructure.
cyb-ny-ag-breaches	https://data.ny.gov/resource/8y4t-faws.json?$limit=100	json-array	100	New York AG Data Breach Register	ニューヨーク州司法長官 情報漏洩登録簿	threat-intel	ransomware	en	breach,notification,usa,newyork	86400	Statutory breach notifications filed with the New York Attorney General.
cyb-urlscan-recent	https://urlscan.io/api/v1/search/?q=*&size=100	json:results	100	urlscan.io Recent Scans	urlscan.io 最新スキャン	threat-intel	phishing	en	urlscan,phishing,web	1800	Recent public urlscan.io submissions with verdicts, useful for phishing hunting.
cyb-phishstats-api	https://api.phishstats.info/api/phishing?_size=100	json-array	100	PhishStats Phishing API	PhishStats フィッシング API	threat-intel	phishing	en	phishing,url,score	1800	Structured feed of scored phishing URLs with ASN and geolocation context.
cyb-circl-misp-osint	https://www.circl.lu/doc/misp/feed-osint/manifest.json	json:68690840-5104-4c1a-9223-6d0a35c52704.Tag	92	CIRCL MISP OSINT Feed Manifest	CIRCL MISP OSINT フィード目録	threat-intel	malware	en	misp,circl,osint,ioc	21600	Manifest of CIRCL's public MISP OSINT event feed for IOC ingestion.
cyb-botvrij-osint	https://www.botvrij.eu/data/feed-osint/manifest.json	json:72abe76b-b1ce-4ac0-9029-ec5736c5033c.Tag	49	Botvrij.eu OSINT Feed Manifest	Botvrij.eu OSINT フィード目録	threat-intel	malware	en	misp,botvrij,osint,ioc	21600	Manifest of the Botvrij.eu open MISP indicator feed.
cyb-mta-blog	https://www.malware-traffic-analysis.net/blog-entries.rss	rss	2	Malware-Traffic-Analysis.net	Malware-Traffic-Analysis.net	threat-intel	malware	en	pcap,malware,traffic	21600	Packet captures and infection walkthroughs for current commodity malware.
cyb-isc-topips	https://isc.sans.edu/api/topips/records/50?json	json-array	50	SANS ISC Top Attacking IPs	SANS ISC 攻撃元 IP 上位	threat-intel	malware	en	dshield,honeypot,scanning	3600	Most active scanning source IPs seen by the DShield sensor network.
cyb-isc-topports	https://isc.sans.edu/api/topports/records/50?json	json-object	1	SANS ISC Top Targeted Ports	SANS ISC 標的ポート上位	threat-intel	malware	en	dshield,ports,scanning	3600	Most targeted TCP/UDP ports across the DShield honeypot fleet.
cyb-isc-sources	https://isc.sans.edu/api/sources/attacks/50?json	json-array	50	SANS ISC Attack Sources	SANS ISC 攻撃発信元	threat-intel	malware	en	dshield,honeypot,attackers	3600	Ranked attack source records from the Internet Storm Center.
cyb-isc-dailysummary	https://isc.sans.edu/api/dailysummary?json	json-array	1	SANS ISC Daily Summary	SANS ISC 日次サマリ	threat-intel	malware	en	dshield,summary,telemetry	21600	Daily aggregate of sources, targets and records seen by DShield.
cyb-isc-threatcategory	https://isc.sans.edu/api/threatcategory?json	json-array	16672	SANS ISC Threat Categories	SANS ISC 脅威カテゴリ	threat-intel	malware	en	dshield,category,telemetry	21600	Threat category breakdown of DShield sensor observations.
cyb-shodan-internetdb	https://internetdb.shodan.io/1.1.1.1	json:ports	8	Shodan InternetDB Lookup	Shodan InternetDB 照会	infrastructure	dns	en	shodan,ports,exposure,keyless	21600	Keyless Shodan InternetDB host lookup returning open ports, CPEs and tags.
cyb-peeringdb-net	https://www.peeringdb.com/api/net?limit=100	json:data	100	PeeringDB Networks	PeeringDB ネットワーク	infrastructure	routing	en	peeringdb,asn,peering	86400	Registry of networks and their peering policies, ASNs and contacts.
cyb-iana-rdap-ipv4	https://data.iana.org/rdap/ipv4.json	json:services	5	IANA RDAP IPv4 Bootstrap	IANA RDAP IPv4 ブートストラップ	infrastructure	dns	en	iana,rdap,ipv4,registry	86400	Authoritative map of IPv4 blocks to RDAP servers at each RIR.
cyb-iana-rdap-ipv6	https://data.iana.org/rdap/ipv6.json	json:services	5	IANA RDAP IPv6 Bootstrap	IANA RDAP IPv6 ブートストラップ	infrastructure	dns	en	iana,rdap,ipv6,registry	86400	Authoritative map of IPv6 blocks to RDAP servers.
cyb-iana-rdap-asn	https://data.iana.org/rdap/asn.json	json:services	5	IANA RDAP ASN Bootstrap	IANA RDAP ASN ブートストラップ	infrastructure	routing	en	iana,rdap,asn,registry	86400	Authoritative map of AS number ranges to RDAP servers.
cyb-iana-rdap-tags	https://data.iana.org/rdap/object-tags.json	json:services	7	IANA RDAP Object Tags	IANA RDAP オブジェクトタグ	infrastructure	dns	en	iana,rdap,tags	86400	RDAP object tag registry identifying which registry issued an identifier.
cyb-rdap-arin	https://rdap.arin.net/registry/ip/8.8.8.8	json:rdapConformance	4	ARIN RDAP Service	ARIN RDAP サービス	infrastructure	routing	en	arin,rdap,whois,northamerica	21600	ARIN RDAP endpoint for North American IP allocation and contact data.
cyb-rdap-apnic	https://rdap.apnic.net/ip/210.130.0.0	json:rdapConformance	3	APNIC RDAP Service	APNIC RDAP サービス	infrastructure	routing	en	apnic,rdap,whois,asiapacific	21600	APNIC RDAP endpoint covering Asia-Pacific IP allocations including Japan.
cyb-rdap-lacnic	https://rdap.lacnic.net/rdap/ip/200.3.13.0	json:rdapConformance	3	LACNIC RDAP Service	LACNIC RDAP サービス	infrastructure	routing	en	lacnic,rdap,whois,latam	21600	LACNIC RDAP endpoint for Latin American and Caribbean allocations.
cyb-rdap-afrinic	https://rdap.afrinic.net/rdap/ip/196.216.2.0	json:notices	5	AFRINIC RDAP Service	AFRINIC RDAP サービス	infrastructure	routing	en	afrinic,rdap,whois,africa	21600	AFRINIC RDAP endpoint for African IP allocations.
cyb-ripestat-bgp-state	https://stat.ripe.net/data/bgp-state/data.json?resource=210.130.0.0/16	json:data.bgp_state	335	RIPEstat BGP State	RIPEstat BGP 状態	infrastructure	routing	en	ripe,bgp,routing,prefix	21600	Current BGP routing table state for a prefix across RIS collectors.
cyb-ripestat-visibility	https://stat.ripe.net/data/visibility/data.json?resource=210.130.0.0/16	json:data.visibilities	23	RIPEstat Prefix Visibility	RIPEstat プレフィックス可視性	infrastructure	routing	en	ripe,bgp,visibility,outage	21600	Per-collector visibility of a prefix, a direct signal of routing withdrawal.
cyb-ripestat-asn-neighbours	https://stat.ripe.net/data/asn-neighbours/data.json?resource=AS2497	json:data.neighbours	678	RIPEstat AS Neighbours	RIPEstat AS 隣接関係	infrastructure	routing	en	ripe,bgp,asn,topology	21600	Observed BGP neighbours of an AS, showing transit and peering topology change.
cyb-ripestat-rpki-validation	https://stat.ripe.net/data/rpki-validation/data.json?resource=AS2497&prefix=210.130.0.0/16	json:data.validating_roas	1	RIPEstat RPKI Validation	RIPEstat RPKI 検証	infrastructure	routing	en	ripe,rpki,roa,hijack	21600	RPKI origin validation state for an announcement, catching route hijacks.
cyb-ripestat-rpki-history	https://stat.ripe.net/data/rpki-history/data.json?resource=AS2497	json:data.timeseries	2457	RIPEstat RPKI History	RIPEstat RPKI 履歴	infrastructure	routing	en	ripe,rpki,history	86400	Historical RPKI coverage of an AS's announcements.
cyb-ripestat-as-routing	https://stat.ripe.net/data/as-routing-consistency/data.json?resource=AS2497	json:data.imports	338	RIPEstat AS Routing Consistency	RIPEstat AS 経路整合性	infrastructure	routing	en	ripe,irr,routing,consistency	86400	Mismatches between IRR-registered policy and observed BGP for an AS.
cyb-ripestat-ris-prefixes	https://stat.ripe.net/data/ris-prefixes/data.json?resource=AS2497	json:data.af	2	RIPEstat RIS Prefixes	RIPEstat RIS プレフィックス	infrastructure	routing	en	ripe,ris,prefix,bgp	21600	Prefixes originated and transited by an AS as seen in RIS.
cyb-ripestat-prefix-overview	https://stat.ripe.net/data/prefix-overview/data.json?resource=210.130.0.0/16	json:see_also	2	RIPEstat Prefix Overview	RIPEstat プレフィックス概要	infrastructure	routing	en	ripe,prefix,overview	21600	Summary of a prefix: originating ASNs, holder and announcement status.
cyb-ripestat-related-prefix	https://stat.ripe.net/data/related-prefixes/data.json?resource=210.130.0.0/16	json:data.prefixes	5	RIPEstat Related Prefixes	RIPEstat 関連プレフィックス	infrastructure	routing	en	ripe,prefix,related	86400	Prefixes announced by the same origin, useful for hijack scoping.
cyb-ripestat-address-hier	https://stat.ripe.net/data/address-space-hierarchy/data.json?resource=210.130.0.0/16	json:data.less_specific	1	RIPEstat Address Space Hierarchy	RIPEstat アドレス空間階層	infrastructure	routing	en	ripe,allocation,hierarchy	86400	Less- and more-specific registry allocations surrounding a prefix.
cyb-ripestat-abuse-contact	https://stat.ripe.net/data/abuse-contact-finder/data.json?resource=210.130.0.0/16	json:data.abuse_contacts	1	RIPEstat Abuse Contact Finder	RIPEstat 不正利用連絡先検索	infrastructure	routing	en	ripe,abuse,contact	86400	Authoritative abuse contact for a network resource.
cyb-ripestat-rir	https://stat.ripe.net/data/rir/data.json?resource=210.130.0.0/16	json:data.rirs	1	RIPEstat RIR Attribution	RIPEstat RIR 帰属	infrastructure	routing	en	ripe,rir,allocation	86400	Which regional internet registry holds a given resource.
cyb-ripestat-atlas-probes	https://stat.ripe.net/data/atlas-probes/data.json?resource=AS2497	json:data.probes	25	RIPEstat Atlas Probes by AS	RIPEstat Atlas プローブ（AS別）	infrastructure	outage	en	ripe,atlas,probes,measurement	21600	RIPE Atlas probes inside an AS and their connection status.
cyb-ripestat-looking-glass	https://stat.ripe.net/data/looking-glass/data.json?resource=210.130.0.0/16	json:data.rrcs	23	RIPEstat Looking Glass	RIPEstat ルッキンググラス	infrastructure	routing	en	ripe,lookingglass,bgp	21600	Per-collector AS paths for a prefix, the raw view behind hijack detection.
cyb-ripe-atlas-anchors	https://atlas.ripe.net/api/v2/anchors/?format=json&page_size=100	json:results	100	RIPE Atlas Anchors	RIPE Atlas アンカー	infrastructure	outage	en	ripe,atlas,anchors,measurement	86400	Registry of RIPE Atlas anchor servers used as measurement targets.
cyb-ripe-atlas-status	https://atlas.ripe.net/api/v2/measurements/?format=json&page_size=50&status=2	json:results	50	RIPE Atlas Ongoing Measurements	RIPE Atlas 実行中計測	infrastructure	outage	en	ripe,atlas,measurement	21600	Currently running public RIPE Atlas measurements.
cyb-ripe-rpki-vrp	https://rpki-validator.ripe.net/api/v1/status	json:pubPointIssues.rsync://krill.ipgua.com/repo/pongery/0/	2	RIPE RPKI Validator Status	RIPE RPKI バリデータ状態	infrastructure	routing	en	rpki,validator,ripe,repository	21600	RPKI repository health including publication points failing validation.
cyb-caida-asrank	https://api.asrank.caida.org/v2/restful/asns/?first=50	json-object	1	CAIDA AS Rank	CAIDA AS ランク	infrastructure	routing	en	caida,asrank,transit,topology	86400	CAIDA ranking of autonomous systems by customer cone size and degree.
cyb-bgpkit-broker	https://api.broker.bgpkit.com/v3/latest	json:data	170	BGPKIT Broker Latest MRT Files	BGPKIT ブローカー 最新 MRT	infrastructure	routing	en	bgpkit,mrt,routeviews,ris	3600	Index of the newest MRT route collector dumps from RouteViews and RIS.
cyb-grip-events	https://api.grip.inetintel.cc.gatech.edu/json/events?length=50	json:data	50	GRIP BGP Hijack Events	GRIP BGP ハイジャック事象	infrastructure	routing	en	hijack,bgp,grip,georgiatech	3600	Georgia Tech GRIP detections of suspicious BGP origin and path events.
cyb-apnic-aspop	https://stats.labs.apnic.net/aspop/?c=JP&f=j	json:Data	654	APNIC AS Population Estimates	APNIC AS 利用者人口推計	infrastructure	routing	en	apnic,asn,population,japan	86400	APNIC Labs estimate of user population behind each AS in a country.
cyb-ct-alllogs	https://www.gstatic.com/ct/log_list/v3/all_logs_list.json	json:operators	8	Google CT All Logs List	Google CT 全ログ一覧	infrastructure	dns	en	certificate-transparency,ct,tls	86400	Complete list of known Certificate Transparency logs and their operators.
cyb-ct-loglist-apple	https://valid.apple.com/ct/log_list/current_log_list.json	json:operators	16	Apple CT Log List	Apple CT ログ一覧	infrastructure	dns	en	certificate-transparency,apple,tls	86400	Apple's trusted Certificate Transparency log list, differing from Google's.
cyb-dnsgoogle-resolve	https://dns.google/resolve?name=root-servers.net&type=NS	json:Answer	13	Google Public DNS Resolve API	Google Public DNS 解決 API	infrastructure	dns	en	dns,doh,resolver	21600	Keyless DNS-over-HTTPS JSON resolver for zone and DNSSEC health checks.
cyb-dns-google-dnskey	https://dns.google/resolve?name=jp&type=DNSKEY	json:Answer	3	Google DNS DNSKEY Lookup	Google DNS DNSKEY 照会	infrastructure	dns	en	dns,dnssec,dnskey,japan	86400	DNSSEC key material for a zone, used to detect key rollovers and failures.
cyb-letsencrypt-blog	https://letsencrypt.org/feed.xml	rss	120	Let's Encrypt News	Let's Encrypt ニュース	infrastructure	dns	en	letsencrypt,ca,tls,pki	21600	Let's Encrypt announcements including revocation events and chain changes.
cyb-letsencrypt-status	https://letsencrypt.status.io/1.0/status/55957a99e800baa4470002da	json:result.status	10	Let's Encrypt Service Status	Let's Encrypt サービス状態	infrastructure	outage	en	letsencrypt,acme,status	1800	Operational status of ACME issuance and OCSP for the largest public CA.
cyb-ioda-alerts-epoch	https://api.ioda.inetintel.cc.gatech.edu/v2/outages/alerts?from=1754697600&until=1754784000	json:data	500	IODA Internet Outage Alerts	IODA インターネット停止アラート	infrastructure	outage	en	ioda,outage,shutdown,measurement	3600	Georgia Tech IODA alerts on country and AS level internet outages.
cyb-ioda-summary	https://api.ioda.inetintel.cc.gatech.edu/v2/outages/summary?from=1754697600&until=1754784000&entityType=country	json:data	15	IODA Country Outage Summary	IODA 国別停止サマリ	infrastructure	outage	en	ioda,outage,country	3600	Country-level rollup of internet connectivity loss scored by IODA.
cyb-ooni-countries	https://api.ooni.io/api/_/countries	json:countries	237	OONI Country Coverage	OONI 国別カバレッジ	infrastructure	censorship	en	ooni,censorship,coverage	86400	Per-country measurement counts in the OONI censorship measurement corpus.
cyb-ooni-blog	https://ooni.org/post/index.xml	rss	212	OONI Reports and Posts	OONI レポート・投稿	infrastructure	censorship	en	ooni,censorship,shutdown	21600	OONI research posts documenting censorship and shutdown events by country.
cyb-ooni-reports	https://ooni.org/reports/index.xml	rss	112	OONI Censorship Reports	OONI 検閲レポート	infrastructure	censorship	en	ooni,censorship,report	21600	Formal OONI country censorship findings reports.
cyb-netblocks	https://netblocks.org/feed	rss	10	NetBlocks Internet Observatory	NetBlocks インターネット観測	infrastructure	censorship	en	netblocks,shutdown,censorship	3600	Real-time reporting of national internet disruptions and platform blocks.
cyb-epic-org	https://epic.org/feed/	rss	10	EPIC Privacy Updates	EPIC プライバシー最新情報	security	policy	en	epic,privacy,usa,policy	86400	Electronic Privacy Information Center filings and analysis.
cyb-edpb-news	https://www.edpb.europa.eu/feed/news_en	rss	10	European Data Protection Board News	欧州データ保護会議 ニュース	security	policy	en	edpb,gdpr,eu,enforcement	21600	EDPB opinions, guidelines and coordinated GDPR enforcement actions.
cyb-cnil-news	https://www.cnil.fr/fr/rss.xml	rss	10	CNIL France News	フランス CNIL ニュース	security	policy	fr	cnil,gdpr,france,enforcement	21600	French data protection authority decisions, sanctions and guidance.
cyb-eu-cyber-act	https://digital-strategy.ec.europa.eu/en/rss.xml	rss	10	EU Digital Strategy News	EU デジタル戦略 ニュース	security	policy	en	eu,nis2,cra,policy	21600	European Commission digital policy including NIS2 and the Cyber Resilience Act.
cyb-europarl-libe	https://www.europarl.europa.eu/rss/committee/libe/en.xml	rss	25	European Parliament LIBE Committee	欧州議会 LIBE 委員会	security	policy	en	eu,libe,privacy,legislation	86400	European Parliament civil liberties committee proceedings on privacy and security law.
cyb-gov-uk-cyber	https://www.gov.uk/search/all.atom?keywords=cyber+security	atom	10	GOV.UK Cyber Security Publications	GOV.UK サイバーセキュリティ刊行物	security	policy	en	uk,policy,government	21600	UK government publications matching cyber security across all departments.
cyb-doj-news2	https://www.justice.gov/news/rss	rss	25	US DOJ News	米国司法省 ニュース	security	policy	en	doj,indictment,usa,lawenforcement	21600	US Department of Justice releases including cyber indictments and takedowns.
cyb-nist-cyber-blog	https://www.nist.gov/blogs/cybersecurity-insights/rss.xml	rss	40	NIST Cybersecurity Insights	NIST サイバーセキュリティ考察	security	policy	en	nist,csf,standards	86400	NIST cybersecurity programme commentary on frameworks and standards.
cyb-ietf-rfc	https://www.rfc-editor.org/rfcrss.xml	rss	15	RFC Editor New RFCs	RFC エディタ 新規 RFC	infrastructure	policy	en	ietf,rfc,standards,protocol	86400	Newly published RFCs, including security and routing protocol standards.
cyb-ietf-doc	https://datatracker.ietf.org/api/v1/doc/document/?format=json&limit=50	json:objects	50	IETF Datatracker Documents	IETF データトラッカー 文書	infrastructure	policy	en	ietf,draft,standards	86400	IETF draft and RFC document metadata from the Datatracker API.
cyb-ietf-group	https://datatracker.ietf.org/api/v1/group/group/?format=json&limit=50	json:objects	50	IETF Working Groups	IETF ワーキンググループ	infrastructure	policy	en	ietf,workinggroup,standards	86400	IETF working group registry including security and operations areas.
cyb-ietf-ipr	https://datatracker.ietf.org/api/v1/ipr/iprdisclosurebase/?format=json&limit=50	json:objects	50	IETF IPR Disclosures	IETF 知的財産開示	infrastructure	policy	en	ietf,ipr,patent	86400	Patent disclosures filed against IETF standards work.
cyb-internetsociety	https://www.internetsociety.org/feed/	rss	20	Internet Society	インターネット・ソサエティ	infrastructure	policy	en	isoc,governance,encryption	86400	Internet Society positions on encryption, routing security and fragmentation.
cyb-isoc-pulse	https://pulse.internetsociety.org/feed	rss	5	Internet Society Pulse	インターネット・ソサエティ Pulse	infrastructure	outage	en	isoc,pulse,shutdown,resilience	86400	Internet Society Pulse analysis of shutdowns, resilience and market concentration.
cyb-manrs-blog	https://www.manrs.org/feed/	rss	10	MANRS Routing Security	MANRS ルーティングセキュリティ	infrastructure	routing	en	manrs,rpki,routing,bcp	86400	Mutually Agreed Norms for Routing Security incident and adoption reporting.
cyb-apnic-blog	https://blog.apnic.net/feed/	rss	30	APNIC Blog	APNIC ブログ	infrastructure	routing	en	apnic,bgp,dns,measurement	21600	APNIC technical blog on routing, DNS and internet measurement.
cyb-ripe-labs	https://labs.ripe.net/rss/	rss	15	RIPE Labs	RIPE Labs	infrastructure	routing	en	ripe,labs,measurement,bgp	21600	RIPE NCC research articles on routing, RPKI and measurement.
cyb-onionoo-summary	https://onionoo.torproject.org/summary?limit=200	json:relays	200	Tor Onionoo Relay Summary	Tor Onionoo リレー概要	infrastructure	routing	en	tor,relay,onionoo,anonymity	21600	Summary of Tor relays and bridges, the canonical Tor exit-node data source.
cyb-onionoo-details	https://onionoo.torproject.org/details?limit=50	json:relays	50	Tor Onionoo Relay Details	Tor Onionoo リレー詳細	infrastructure	routing	en	tor,relay,onionoo,exitnode	21600	Detailed Tor relay records with contact, AS, country and exit policy.
cyb-onionoo-bandwidth	https://onionoo.torproject.org/bandwidth?limit=20	json:relays	20	Tor Onionoo Bandwidth History	Tor Onionoo 帯域履歴	infrastructure	routing	en	tor,bandwidth,onionoo	86400	Bandwidth history per Tor relay, showing capacity shifts and outages.
cyb-onionoo-uptime	https://onionoo.torproject.org/uptime?limit=20	json:relays	20	Tor Onionoo Uptime History	Tor Onionoo 稼働履歴	infrastructure	outage	en	tor,uptime,onionoo	86400	Uptime history per Tor relay, useful for detecting network-wide disruption.
cyb-torproject-blog	https://blog.torproject.org/feed.xml	atom	10	Tor Project Blog	Tor プロジェクト ブログ	infrastructure	censorship	en	tor,censorship,bridges	21600	Tor Project announcements on censorship circumvention and network health.
cyb-status-gcp	https://status.cloud.google.com/incidents.json	json-array	4	Google Cloud Incidents	Google Cloud 障害履歴	infrastructure	outage	en	gcp,cloud,incident,outage	900	Structured record of every Google Cloud service incident.
cyb-status-gcp-components	https://status.cloud.google.com/products.json	json:products	212	Google Cloud Product Registry	Google Cloud 製品一覧	infrastructure	outage	en	gcp,products,status	86400	Registry of Google Cloud products tracked on the status dashboard.
cyb-status-aws-rss	https://status.aws.amazon.com/rss/all.rss	rss	36	AWS Service Health Feed	AWS サービス稼働状況フィード	infrastructure	outage	en	aws,cloud,incident,outage	900	AWS service health dashboard event feed across all regions.
cyb-cloudflare-radar-status	https://www.cloudflarestatus.com/api/v2/summary.json	json:components	472	Cloudflare Status Summary	Cloudflare 稼働状況サマリ	infrastructure	outage	en	cloudflare,cdn,pop,outage	900	Per-datacentre Cloudflare health, a fine-grained global edge outage signal.
cyb-status-cloudflare-incidents	https://www.cloudflarestatus.com/api/v2/incidents.json	json:incidents	50	Cloudflare Incident History	Cloudflare 障害履歴	infrastructure	outage	en	cloudflare,incident,cdn	1800	Full Cloudflare incident history with per-datacentre impact.
cyb-status-github	https://www.githubstatus.com/api/v2/summary.json	json:components	12	GitHub Status Summary	GitHub 稼働状況サマリ	infrastructure	outage	en	github,devops,supplychain,outage	900	GitHub component health, a supply-chain availability signal.
cyb-status-github-incidents	https://www.githubstatus.com/api/v2/incidents.json	json:incidents	50	GitHub Incident History	GitHub 障害履歴	infrastructure	outage	en	github,incident,devops	1800	GitHub incident history with root-cause updates.
cyb-status-akamai	https://www.akamaistatus.com/api/v2/summary.json	json:components	48	Akamai Status Summary	Akamai 稼働状況サマリ	infrastructure	outage	en	akamai,cdn,outage	1800	Akamai CDN and security platform component health.
cyb-status-bunny	https://status.bunny.net/api/v2/summary.json	json:components	17	Bunny CDN Status	Bunny CDN 稼働状況	infrastructure	outage	en	bunny,cdn,outage	1800	Bunny CDN edge and storage health by region.
cyb-status-digitalocean	https://status.digitalocean.com/api/v2/summary.json	json:components	256	DigitalOcean Status	DigitalOcean 稼働状況	infrastructure	outage	en	digitalocean,cloud,outage	1800	DigitalOcean regional and product component health.
cyb-status-linode	https://status.linode.com/api/v2/summary.json	json:components	250	Akamai Linode Status	Akamai Linode 稼働状況	infrastructure	outage	en	linode,cloud,outage	1800	Linode/Akamai Connected Cloud regional health.
cyb-status-vercel	https://www.vercel-status.com/api/v2/summary.json	json:components	64	Vercel Status	Vercel 稼働状況	infrastructure	outage	en	vercel,hosting,outage	1800	Vercel edge network and build system health.
cyb-status-netlify	https://www.netlifystatus.com/api/v2/summary.json	json:components	40	Netlify Status	Netlify 稼働状況	infrastructure	outage	en	netlify,hosting,outage	1800	Netlify CDN and build pipeline health.
cyb-status-fly	https://status.flyio.net/api/v2/summary.json	json:components	58	Fly.io Status	Fly.io 稼働状況	infrastructure	outage	en	flyio,cloud,outage	1800	Fly.io regional compute and network health.
cyb-status-supabase	https://status.supabase.com/api/v2/summary.json	json:components	28	Supabase Status	Supabase 稼働状況	infrastructure	outage	en	supabase,database,outage	1800	Supabase managed Postgres and auth service health.
cyb-status-mongodb	https://status.mongodb.com/api/v2/summary.json	json:components	9	MongoDB Atlas Status	MongoDB Atlas 稼働状況	infrastructure	outage	en	mongodb,atlas,database,outage	1800	MongoDB Atlas cloud database regional health.
cyb-status-snowflake	https://status.snowflake.com/api/v2/summary.json	json:components	728	Snowflake Status	Snowflake 稼働状況	infrastructure	outage	en	snowflake,dataplatform,outage	1800	Snowflake data cloud regional deployment health.
cyb-status-elastic	https://status.elastic.co/api/v2/summary.json	json:components	661	Elastic Cloud Status	Elastic Cloud 稼働状況	infrastructure	outage	en	elastic,cloud,outage	1800	Elastic Cloud regional service health.
cyb-status-datadog	https://status.datadoghq.com/api/v2/summary.json	json:components	39	Datadog Status	Datadog 稼働状況	infrastructure	outage	en	datadog,observability,outage	1800	Datadog observability platform health by site.
cyb-status-newrelic	https://status.newrelic.com/api/v2/summary.json	json:components	115	New Relic Status	New Relic 稼働状況	infrastructure	outage	en	newrelic,observability,outage	1800	New Relic platform component health.
cyb-status-grafana	https://status.grafana.com/api/v2/summary.json	json:components	507	Grafana Cloud Status	Grafana Cloud 稼働状況	infrastructure	outage	en	grafana,observability,outage	1800	Grafana Cloud service health.
cyb-status-sentry	https://status.sentry.io/api/v2/summary.json	json:components	43	Sentry Status	Sentry 稼働状況	infrastructure	outage	en	sentry,observability,outage	1800	Sentry error-monitoring platform health.
cyb-status-honeycomb	https://status.honeycomb.io/api/v2/summary.json	json:components	14	Honeycomb Status	Honeycomb 稼働状況	infrastructure	outage	en	honeycomb,observability,outage	1800	Honeycomb ingest and query service health.
cyb-status-npm	https://status.npmjs.org/api/v2/summary.json	json:components	6	npm Registry Status	npm レジストリ稼働状況	infrastructure	outage	en	npm,registry,supplychain,outage	900	npm registry health, a direct software supply-chain availability signal.
cyb-status-pypi	https://status.python.org/api/v2/summary.json	json:components	129	PyPI Status	PyPI 稼働状況	infrastructure	outage	en	pypi,registry,supplychain,outage	900	Python Package Index and python.org infrastructure health.
cyb-status-rubygems	https://status.rubygems.org/api/v2/summary.json	json:components	87	RubyGems Status	RubyGems 稼働状況	infrastructure	outage	en	rubygems,registry,supplychain	1800	RubyGems registry and CDN health.
cyb-status-crates	https://status.crates.io/api/v2/summary.json	json:components	2	crates.io Status	crates.io 稼働状況	infrastructure	outage	en	crates,rust,registry,supplychain	1800	Rust crates.io registry availability.
cyb-status-quay	https://status.quay.io/api/v2/summary.json	json:components	141	Quay.io Registry Status	Quay.io レジストリ稼働状況	infrastructure	outage	en	quay,container,registry,supplychain	1800	Red Hat Quay container registry health.
cyb-status-sonatype	https://status.sonatype.com/api/v2/summary.json	json:components	6	Sonatype Maven Central Status	Sonatype Maven Central 稼働状況	infrastructure	outage	en	maven,sonatype,registry,supplychain	1800	Maven Central and Nexus service health.
cyb-status-circleci	https://status.circleci.com/api/v2/summary.json	json:components	41	CircleCI Status	CircleCI 稼働状況	infrastructure	outage	en	circleci,cicd,supplychain	1800	CircleCI build and job execution health.
cyb-status-cloudsmith	https://status.cloudsmith.io/api/v2/summary.json	json:components	17	Cloudsmith Status	Cloudsmith 稼働状況	infrastructure	outage	en	cloudsmith,registry,supplychain	1800	Cloudsmith artefact repository availability.
cyb-status-hashicorp	https://status.hashicorp.com/api/v2/summary.json	json:components	25	HashiCorp Cloud Status	HashiCorp Cloud 稼働状況	infrastructure	outage	en	hashicorp,terraform,vault,outage	1800	HashiCorp Cloud Platform and registry health.
cyb-status-snyk	https://status.snyk.io/api/v2/summary.json	json:components	43	Snyk Status	Snyk 稼働状況	infrastructure	outage	en	snyk,scanning,outage	1800	Snyk vulnerability scanning platform health.
cyb-status-openai	https://status.openai.com/api/v2/summary.json	json:components	25	OpenAI Status	OpenAI 稼働状況	infrastructure	outage	en	openai,ai,api,outage	1800	OpenAI API and platform component health.
cyb-status-anthropic	https://status.anthropic.com/api/v2/summary.json	json:components	6	Anthropic Status	Anthropic 稼働状況	infrastructure	outage	en	anthropic,ai,api,outage	1800	Anthropic API and Claude platform health.
cyb-status-zoom	https://status.zoom.us/api/v2/summary.json	json:components	334	Zoom Status	Zoom 稼働状況	infrastructure	outage	en	zoom,collaboration,outage	1800	Zoom meeting and phone service health.
cyb-status-discord	https://discordstatus.com/api/v2/summary.json	json:components	33	Discord Status	Discord 稼働状況	infrastructure	outage	en	discord,platform,outage	1800	Discord platform health, relevant to abuse infrastructure availability.
cyb-status-dropbox	https://status.dropbox.com/api/v2/summary.json	json:components	12	Dropbox Status	Dropbox 稼働状況	infrastructure	outage	en	dropbox,storage,outage	1800	Dropbox service health, a common exfiltration and staging platform.
cyb-status-1password	https://status.1password.com/api/v2/summary.json	json:components	88	1Password Status	1Password 稼働状況	infrastructure	outage	en	1password,identity,secrets	1800	1Password service health, a credential-availability dependency.
cyb-status-tailscale	https://status.tailscale.com/api/v2/summary.json	json:components	11	Tailscale Status	Tailscale 稼働状況	infrastructure	outage	en	tailscale,vpn,network	1800	Tailscale coordination and DERP relay health.
cyb-status-proton	https://status.proton.me/api/v2/summary.json	json:components	30	Proton Status	Proton 稼働状況	infrastructure	outage	en	proton,privacy,mail,vpn	1800	Proton Mail and VPN service health.
cyb-status-godaddy	https://status.godaddy.com/api/v2/summary.json	json:components	85	GoDaddy Status	GoDaddy 稼働状況	infrastructure	outage	en	godaddy,registrar,dns,hosting	1800	GoDaddy registrar, DNS and hosting platform health.
cyb-status-dnsimple	https://www.dnsimplestatus.com/api/v2/summary.json	json:components	13	DNSimple Status	DNSimple 稼働状況	infrastructure	dns	en	dnsimple,dns,registrar	1800	DNSimple authoritative DNS and registrar service health.
cyb-status-twilio	https://status.twilio.com/api/v2/summary.json	json:components	191	Twilio Status	Twilio 稼働状況	infrastructure	outage	en	twilio,sms,voice,otp	1800	Twilio messaging and voice health, an OTP delivery dependency.
cyb-status-sendgrid	https://status.sendgrid.com/api/v2/summary.json	json:components	16	SendGrid Status	SendGrid 稼働状況	infrastructure	outage	en	sendgrid,email,delivery	1800	Twilio SendGrid email delivery platform health.
cyb-status-mailgun	https://status.mailgun.com/api/v2/summary.json	json:components	14	Mailgun Status	Mailgun 稼働状況	infrastructure	outage	en	mailgun,email,delivery	1800	Mailgun email sending and routing health.
cyb-status-salesforce-incidents	https://api.status.salesforce.com/v1/incidents	json-array	105	Salesforce Incident History	Salesforce 障害履歴	infrastructure	outage	en	salesforce,incident,saas	1800	Salesforce incident records including security maintenance events.
cyb-status-heroku-hist	https://status.heroku.com/api/v4/incidents	json-array	10	Heroku Incident History	Heroku 障害履歴	infrastructure	outage	en	heroku,paas,incident	1800	Heroku platform incident history.
cyb-status-atlassian-hist	https://status.atlassian.com/history.rss	rss	25	Atlassian Incident History	Atlassian 障害履歴	infrastructure	outage	en	atlassian,jira,confluence,incident	1800	Atlassian cloud incident history across Jira, Confluence and Bitbucket.
cyb-msft-security	https://www.microsoft.com/en-us/security/blog/feed/	rss	10	Microsoft Security Blog	Microsoft セキュリティ ブログ	threat-intel	research	en	microsoft,mstic,apt,research	7200	Microsoft Threat Intelligence reporting on nation-state and criminal actors.
cyb-crowdstrike	https://www.crowdstrike.com/blog/feed/	rss	10	CrowdStrike Blog	CrowdStrike ブログ	threat-intel	research	en	crowdstrike,adversary,ecrime	7200	CrowdStrike adversary tracking and eCrime intelligence posts.
cyb-sentinelone	https://www.sentinelone.com/blog/feed/	rss	10	SentinelOne Labs	SentinelOne ラボ	threat-intel	research	en	sentinelone,malware,apt	7200	SentinelLabs malware reverse engineering and threat actor research.
cyb-proofpoint	https://www.proofpoint.com/us/rss.xml	rss	10	Proofpoint Threat Insight	Proofpoint 脅威分析	threat-intel	research	en	proofpoint,email,phishing,ta	7200	Proofpoint email threat and TA-cluster research.
cyb-sophos-feed	https://news.sophos.com/feed	rss	9	Sophos News	Sophos ニュース	threat-intel	research	en	sophos,ransomware,research	7200	Sophos X-Ops incident response and ransomware research.
cyb-bitdefender-labs	https://www.bitdefender.com/blog/api/rss/labs/	rss	15	Bitdefender Labs	Bitdefender ラボ	threat-intel	research	en	bitdefender,malware,research	7200	Bitdefender Labs malware and APT technical analyses.
cyb-fortinet-research	https://feeds.fortinet.com/fortinet/blog/threat-research	rss	10	FortiGuard Threat Research	FortiGuard 脅威研究	threat-intel	research	en	fortinet,fortiguard,malware	7200	FortiGuard Labs threat research and vulnerability analysis.
cyb-qualys-blog	https://blog.qualys.com/feed	rss	10	Qualys Security Blog	Qualys セキュリティ ブログ	threat-intel	research	en	qualys,vulnerability,research	21600	Qualys Threat Research Unit vulnerability deep-dives.
cyb-tenable-blog	https://www.tenable.com/blog/feed	rss	10	Tenable Blog	Tenable ブログ	threat-intel	research	en	tenable,vulnerability,research	21600	Tenable research on exposure management and exploited CVEs.
cyb-huntress	https://www.huntress.com/blog/rss.xml	rss	650	Huntress Blog	Huntress ブログ	threat-intel	research	en	huntress,mdr,incident	7200	Huntress managed-detection findings on active intrusion campaigns.
cyb-redcanary	https://redcanary.com/feed/	rss	10	Red Canary Blog	Red Canary ブログ	threat-intel	research	en	redcanary,detection,ttp	21600	Red Canary detection engineering and threat trend reporting.
cyb-cybereason	https://www.cybereason.com/blog/rss.xml	rss	10	Cybereason Blog	Cybereason ブログ	threat-intel	research	en	cybereason,malware,research	21600	Cybereason Nocturnus malware and ransomware analysis.
cyb-groupib	https://www.group-ib.com/blog/rss.xml	rss	338	Group-IB Blog	Group-IB ブログ	threat-intel	research	en	groupib,fraud,apt,asia	21600	Group-IB investigations with strong Asia-Pacific and fraud coverage.
cyb-reversinglabs	https://www.reversinglabs.com/blog/rss.xml	rss	50	ReversingLabs Blog	ReversingLabs ブログ	threat-intel	malware	en	reversinglabs,supplychain,malware	21600	ReversingLabs research on malicious packages and binary supply chain.
cyb-greynoise-blog	https://www.greynoise.io/blog/rss.xml	rss	100	GreyNoise Labs Blog	GreyNoise ラボ ブログ	threat-intel	research	en	greynoise,scanning,internet	21600	GreyNoise analysis of internet-wide scanning and mass exploitation.
cyb-watchtowr	https://labs.watchtowr.com/rss/	rss	15	watchTowr Labs	watchTowr ラボ	threat-intel	exploitation	en	watchtowr,exploit,nday	21600	watchTowr Labs n-day exploit analysis on edge and appliance products.
cyb-assetnote	https://blog.assetnote.io/feed.xml	rss	10	Assetnote Security Research	Assetnote セキュリティ研究	threat-intel	exploitation	en	assetnote,exploit,appsec	21600	Assetnote deep technical exploit chains against enterprise software.
cyb-portswigger-research	https://portswigger.net/research/rss	rss	40	PortSwigger Research	PortSwigger 研究	threat-intel	research	en	portswigger,websecurity,research	21600	PortSwigger web security research including novel attack classes.
cyb-trailofbits	https://blog.trailofbits.com/feed/	rss	20	Trail of Bits Blog	Trail of Bits ブログ	threat-intel	research	en	trailofbits,crypto,audit	21600	Trail of Bits engineering research on cryptography and secure code.
cyb-eclypsium	https://eclypsium.com/feed/	rss	12	Eclypsium Blog	Eclypsium ブログ	threat-intel	research	en	eclypsium,firmware,uefi,supplychain	21600	Eclypsium firmware and hardware supply-chain security research.
cyb-binarly	https://www.binarly.io/blog/rss.xml	rss	83	Binarly Research	Binarly 研究	threat-intel	research	en	binarly,firmware,uefi	21600	Binarly firmware vulnerability and UEFI implant research.
cyb-objectivesee	https://objective-see.org/rss.xml	rss	135	Objective-See macOS Security	Objective-See macOS セキュリティ	threat-intel	malware	en	macos,apple,malware	21600	Objective-See macOS malware analyses and tooling.
cyb-wiz-blog	https://www.wiz.io/feed/rss.xml	rss	663	Wiz Research Blog	Wiz リサーチ ブログ	threat-intel	research	en	wiz,cloud,kubernetes,research	21600	Wiz cloud security research including cross-tenant vulnerability classes.
cyb-orca-blog	https://orca.security/feed/	rss	10	Orca Security Blog	Orca Security ブログ	threat-intel	research	en	orca,cloud,research	21600	Orca Security cloud vulnerability and misconfiguration research.
cyb-aquasec-blog	https://blog.aquasec.com/rss.xml	rss	10	Aqua Nautilus Blog	Aqua Nautilus ブログ	threat-intel	research	en	aqua,container,kubernetes,cryptomining	21600	Aqua Nautilus research on container, Kubernetes and registry attacks.
cyb-sysdig-blog	https://sysdig.com/feed/	rss	100	Sysdig Threat Research	Sysdig 脅威研究	threat-intel	research	en	sysdig,cloud,container,research	21600	Sysdig Threat Research Team cloud attack campaign reporting.
cyb-snyk-blog	https://snyk.io/blog/feed/	rss	1660	Snyk Blog	Snyk ブログ	threat-intel	research	en	snyk,supplychain,appsec	21600	Snyk research on open-source and supply-chain vulnerabilities.
cyb-jfrog-research	https://jfrog.com/blog/feed/	rss	10	JFrog Security Research	JFrog セキュリティ研究	threat-intel	malware	en	jfrog,supplychain,registry	21600	JFrog research on malicious packages in public registries.
cyb-intrinsec	https://www.intrinsec.com/feed/	rss	10	Intrinsec CTI	Intrinsec CTI	threat-intel	research	fr	intrinsec,cti,france,infrastructure	21600	Intrinsec threat intelligence including bulletproof hosting infrastructure tracking.
cyb-therecord	https://therecord.media/feed	rss	5	The Record	The Record	threat-intel	research	en	news,recordedfuture,journalism	7200	Recorded Future News reporting on incidents, policy and nation-state activity.
cyb-riskybiz	https://risky.biz/feeds/risky-business/	rss	100	Risky Business	Risky Business	threat-intel	research	en	podcast,news,analysis	86400	Risky Business analysis of the week's significant security events.
cyb-virusbulletin	https://www.virusbulletin.com/rss	rss	10	Virus Bulletin	Virus Bulletin	threat-intel	research	en	virusbulletin,antimalware,conference	86400	Virus Bulletin research papers and conference publications.
cyb-iacr-eprint	https://eprint.iacr.org/rss/rss.xml	rss	100	IACR Cryptology ePrint Archive	IACR 暗号学 ePrint アーカイブ	threat-intel	research	en	cryptography,iacr,papers	21600	Preprints of cryptographic research including protocol breaks.
cyb-arxiv-cscr	http://export.arxiv.org/api/query?search_query=cat:cs.CR&max_results=100&sortBy=submittedDate&sortOrder=descending	atom	100	arXiv cs.CR Security Papers	arXiv cs.CR セキュリティ論文	threat-intel	research	en	arxiv,papers,academic	21600	Newest academic cryptography and security preprints on arXiv.
cyb-cloudflare-blog	https://blog.cloudflare.com/rss/	rss	20	Cloudflare Blog	Cloudflare ブログ	infrastructure	research	en	cloudflare,ddos,radar,internet	21600	Cloudflare engineering and Radar posts including DDoS and outage postmortems.
cyb-aws-security-blog	https://aws.amazon.com/blogs/security/feed/	rss	20	AWS Security Blog	AWS セキュリティ ブログ	security	research	en	aws,cloud,security	21600	AWS security guidance and incident-relevant service changes.
cyb-docker-blog	https://www.docker.com/feed/	rss	10	Docker Blog	Docker ブログ	security	research	en	docker,container,supplychain	86400	Docker platform announcements including registry and security changes.
cyb-kubernetes-blog	https://kubernetes.io/feed.xml	rss	50	Kubernetes Blog	Kubernetes ブログ	security	research	en	kubernetes,cloud-native,release	86400	Kubernetes project blog including security release notes.
cyb-grafana-sec	https://grafana.com/blog/index.xml	rss	10	Grafana Labs Blog	Grafana Labs ブログ	security	research	en	grafana,release,security	86400	Grafana Labs announcements including security patch releases.
cyb-suse-blog	https://www.suse.com/c/feed/	rss	9	SUSE Blog	SUSE ブログ	security	research	en	suse,linux,enterprise	86400	SUSE announcements including enterprise Linux security topics.
cyb-apple-releases	https://developer.apple.com/news/releases/rss/releases.rss	rss	53	Apple Developer Releases	Apple 開発者リリース	security	advisory	en	apple,ios,macos,release	3600	Apple OS and tooling releases, the earliest signal of security update availability.
cyb-chrome-releases	https://chromereleases.googleblog.com/feeds/posts/default?alt=rss	atom	25	Chrome Releases	Chrome リリース	security	advisory	en	chrome,browser,zeroday	3600	Chrome release notes, the authoritative source for browser zero-day patches.
cyb-certat-current	https://www.cert.at/cert-at.de.current.rss_2.0.xml	rss	50	CERT.at Aktuelles	オーストリア CERT.at 最新情報	security	advisory	de	certat,austria,news	3600	Austrian national CERT current news and situational updates.
cyb-certee-news	https://www.ria.ee/rss/kuberuudised	rss	312	RIA CERT-EE Cyber News	エストニア RIA サイバーニュース	security	advisory	et	certee,estonia,ria,advisory	3600	Estonian Information System Authority cyber news and CERT-EE notices.
cyb-certee-blog	https://www.ria.ee/rss/blogi	rss	206	RIA Estonia Blog	エストニア RIA ブログ	security	research	et	certee,estonia,ria,blog	21600	Estonian RIA analysis blog on incidents and national cyber defence.
cyb-skcert-feed	https://www.sk-cert.sk/index.html%3Ffeed=rss	rss	10	SK-CERT Slovakia	スロバキア SK-CERT	security	advisory	sk	skcert,slovakia,advisory	3600	Slovak national CSIRT advisories and warnings.
cyb-nukib-rss	https://nukib.gov.cz/rss.xml	rss	15	NUKIB Czechia	チェコ NUKIB	security	advisory	cs	nukib,czechia,advisory	3600	Czech National Cyber and Information Security Agency announcements.
cyb-certlv-lv	https://cert.lv/lv/feed/rss/viss	rss	30	CERT.LV Latvia (Latvian)	ラトビア CERT.LV（ラトビア語）	security	advisory	lv	certlv,latvia,advisory	3600	Latvian national CERT advisories and threat reports.
cyb-certlv-en	https://cert.lv/en/feed/rss/viss	rss	21	CERT.LV Latvia (English)	ラトビア CERT.LV（英語）	security	advisory	en	certlv,latvia,advisory	3600	English-language Latvian national CERT publications.
cyb-certlv-json	https://cert.lv/en/feed/json/viss	json:items	21	CERT.LV Latvia (JSON Feed)	ラトビア CERT.LV（JSON）	security	advisory	en	certlv,latvia,jsonfeed	3600	JSON Feed edition of CERT.LV publications for structured ingestion.
cyb-nsm-no-adv	https://nsm.no/rss/sarbarhetsvarsler-fra-nsm/	rss	10	NSM Norway Vulnerability Warnings	ノルウェー NSM 脆弱性警告	security	advisory	no	nsm,norway,advisory	3600	Norwegian National Security Authority vulnerability warnings.
cyb-nsm-no-news	https://nsm.no/rss/nyheter-fra-nsm/	rss	10	NSM Norway News	ノルウェー NSM ニュース	security	advisory	no	nsm,norway,news	21600	Norwegian National Security Authority news releases.
cyb-csirt-cy-alerts	https://csirt.cy/en/alerts/?format=feed&type=rss	rss	20	CSIRT-CY Cyprus Alerts	キプロス CSIRT-CY 警報	security	advisory	en	csirtcy,cyprus,alert	3600	Cyprus national CSIRT alerts.
cyb-csirt-cy-cve	https://csirt.cy/en/cve/2026/?format=feed&type=rss	rss	10	CSIRT-CY Cyprus CVE Advisories	キプロス CSIRT-CY CVE 勧告	security	vulnerability	en	csirtcy,cyprus,cve	3600	Cyprus national CSIRT CVE advisory feed for the current year.
cyb-dsa-cy-ann	https://dsa.cy/en/category/announcements?format=feed&type=rss	rss	19	Cyprus Digital Security Authority	キプロス デジタル安全保障庁	security	advisory	en	cyprus,dsa,regulator	21600	Cyprus Digital Security Authority announcements and regulatory notices.
cyb-dsa-cy-news	https://dsa.cy/en/category/news?format=feed&type=rss	rss	10	Cyprus DSA News	キプロス DSA ニュース	security	policy	en	cyprus,dsa,news	21600	Cyprus Digital Security Authority news items.
cyb-cert-gr	https://cyber.gov.gr/feed/	rss	10	Greek National Cybersecurity Authority	ギリシャ 国家サイバーセキュリティ庁	security	advisory	el	greece,nca,advisory	3600	Greek National Cybersecurity Authority publications and alerts.
cyb-csirt-it	https://www.acn.gov.it/portale/feedrss/-/journal/rss/20119/723192	rss	50	CSIRT Italia	イタリア CSIRT	security	advisory	it	csirt,italy,acn,advisory	3600	Italian national CSIRT advisories published by ACN.
cyb-govcert-lu	https://govcert.lu/index.xml	rss	191	GOVCERT.LU Luxembourg	ルクセンブルク GOVCERT.LU	security	advisory	en	govcert,luxembourg,advisory	3600	Luxembourg government CERT advisories and incident notices.
cyb-circl-atom	https://www.circl.lu/atom.xml	atom	15	CIRCL Luxembourg (Atom)	ルクセンブルク CIRCL（Atom）	threat-intel	research	en	circl,luxembourg,misp	21600	CIRCL publications including MISP and vulnerability-lookup developments.
cyb-ncsc-nl-nieuws	https://feeds.ncsc.nl/nieuws.rss	rss	313	NCSC-NL News	オランダ NCSC ニュース	security	advisory	nl	ncsc,netherlands,news	3600	Dutch NCSC news items, distinct from its advisory feed.
cyb-certbund-buerger	https://wid.cert-bund.de/content/public/buergercert/rss	rss	100	BSI Buerger-CERT	ドイツ BSI 市民向け CERT	security	advisory	de	bsi,certbund,germany,consumer	3600	German BSI consumer-facing security warnings.
cyb-bsi-presse2	https://www.bsi.bund.de/SiteGlobals/Functions/RSSFeed/RSSNewsfeed/RSSNewsfeed_Presse_Veranstaltungen.xml	rss	40	BSI Germany Press	ドイツ BSI 報道発表	security	policy	de	bsi,germany,press	21600	German Federal Office for Information Security press releases and events.
cyb-bsi-acs	https://www.bsi.bund.de/SiteGlobals/Functions/RSSFeed/RSSNewsfeed/ACS_RSSNewsfeed.xml	rss	26	BSI Alliance for Cyber Security	ドイツ BSI サイバーセキュリティ同盟	security	advisory	de	bsi,germany,acs,industry	21600	BSI Alliance for Cyber Security industry-facing bulletins.
cyb-bsi-csw	https://www.bsi.bund.de/SiteGlobals/Functions/RSSFeed/RSSNewsfeed/RSSNewsfeed_CSW.xml	rss	50	BSI Cyber Security Warnings	ドイツ BSI サイバーセキュリティ警告	security	advisory	de	bsi,germany,warning	3600	BSI cyber security warnings for German critical infrastructure operators.
cyb-bsi-nesas	https://www.bsi.bund.de/SiteGlobals/Functions/RSSFeed/RSSNewsfeed/RSSNewsfeed_NESAS.xml	rss	30	BSI NESAS Telecom Security	ドイツ BSI NESAS 通信機器セキュリティ	security	advisory	de	bsi,nesas,telecom,5g	86400	BSI NESAS network equipment security assurance publications for 5G supply chain.
cyb-bsi-zert	https://www.bsi.bund.de/SiteGlobals/Functions/RSSFeed/RSSNewsfeed/RSSNewsfeed_Produktzertifizierung.xml	rss	25	BSI Product Certification	ドイツ BSI 製品認証	security	policy	de	bsi,certification,commoncriteria	86400	BSI Common Criteria product certification announcements.
cyb-pecert-pe	https://www.gob.pe/busquedas.rss?term=alerta+integrada+de+seguridad+digital	rss	25	PeCERT Peru Digital Security Alerts	ペルー PeCERT デジタル安全警報	security	advisory	es	pecert,peru,cnsd,advisory	21600	Peruvian national digital security integrated alerts published via gob.pe.
cyb-gtcert-gt	https://mingob.gob.gt/wp-json/wp/v2/posts?categories=91&per_page=20	json-array	18	Guatemala Cybersecurity Bulletins	グアテマラ サイバーセキュリティ月報	security	advisory	es	guatemala,mingob,bulletin	86400	Guatemalan Interior Ministry monthly cybersecurity bulletins via WordPress REST.
cyb-csirt-bo	https://www.cgii.gob.bo/noticias/rss.xml	rss	10	CGII Bolivia CSIRT News	ボリビア CGII CSIRT ニュース	security	advisory	es	bolivia,cgii,csirt	86400	Bolivian government IT incident response centre news.
cyb-africacert-home	https://www.africacert.org/home/feed/	rss	10	AfricaCERT	AfricaCERT	security	advisory	en	africacert,africa,regional	86400	Regional coordination body for African CSIRTs.
cyb-ransomlive-rss	https://www.ransomware.live/rss.xml	rss	200	Ransomware.live Victim Feed	Ransomware.live 被害者フィード	threat-intel	ransomware	en	ransomware,leaksite,victims,extortion	1800	Most recent 200 ransomware leak-site victim postings with group attribution.
cyb-wa-breaches	https://data.wa.gov/resource/sb4j-ca4h.json?$limit=2000	json-array	1612	Washington State AG Breach Register	ワシントン州司法長官 情報漏洩登録簿	threat-intel	ransomware	en	breach,notification,usa,washington,socrata	86400	Statutory data breach notifications filed with the Washington State Attorney General.
cyb-wa-breaches-pi	https://data.wa.gov/resource/padd-mby7.json?$limit=2000	json-array	2000	Washington Breaches by Data Type	ワシントン州 漏洩データ種別	threat-intel	ransomware	en	breach,notification,usa,pii	86400	Washington breach notifications broken out by the category of personal data exposed.
cyb-ca-ag-breaches	https://oag.ca.gov/privacy/databreach/list-export	csv	3088	California AG Breach List	カリフォルニア州司法長官 漏洩一覧	threat-intel	ransomware	en	breach,notification,usa,california	86400	Full CSV export of breaches reported to the California Attorney General.
cyb-de-doj-breaches	https://data.delaware.gov/resource/dir6-wx8v.json?$limit=2000	json-array	459	Delaware DOJ Breach Database	デラウェア州司法省 漏洩データベース	threat-intel	ransomware	en	breach,notification,usa,delaware	86400	Delaware breach notifications including links to the original notice PDFs.
cyb-jvndb-rss-all	https://jvndb.jvn.jp/ja/rss/jvndb.rdf	rss	500	JVN iPedia Full Feed	JVN iPedia 全件フィード	security	vulnerability	ja	jvndb,japan,cve,ipa	3600	Full 500-entry JVN iPedia feed of Japanese national vulnerability database records.
cyb-viriback-tracker	https://tracker.viriback.com/dump.php	csv	2813	ViriBack C2 Tracker	ViriBack C2 追跡	threat-intel	malware	en	c2,botnet,stealer,tracker	3600	Tracked commodity stealer and RAT command-and-control panel URLs.
cyb-cvefeed-severity	https://cvefeed.io/rssfeed/severity/high.xml	rss	25	CVEFeed High Severity	CVEFeed 高深刻度	security	vulnerability	en	cve,severity,triage	3600	High-severity CVEs filtered from the CVEFeed aggregation service.
cyb-vulners-rss	https://vulners.com/rss.xml	rss	50	Vulners Aggregated Feed	Vulners 統合フィード	security	vulnerability	en	vulners,cve,exploit,aggregator	3600	Vulners aggregation of vendor bulletins, CVEs and exploit references.
cyb-cyberscoop	https://cyberscoop.com/feed/	rss	10	CyberScoop	CyberScoop	threat-intel	research	en	news,policy,usa	21600	CyberScoop reporting on US government and enterprise cyber events.
cyb-infosecurity-mag	https://www.infosecurity-magazine.com/rss/news/	rss	250	Infosecurity Magazine	Infosecurity Magazine	threat-intel	research	en	news,industry	21600	Infosecurity Magazine news coverage of breaches and threat campaigns.
cyb-helpnetsecurity	https://www.helpnetsecurity.com/feed/	rss	10	Help Net Security	Help Net Security	threat-intel	research	en	news,vulnerability,industry	21600	Help Net Security daily coverage of vulnerabilities and incidents.
cyb-securityaffairs	https://securityaffairs.com/feed	rss	10	Security Affairs	Security Affairs	threat-intel	research	en	news,apt,malware	21600	Security Affairs reporting with strong APT and malware campaign coverage.
cyb-twcert-tvn	https://www.twcert.org.tw/tw/rss-132-1.xml	rss	20	TWCERT/CC Taiwan Vulnerability Notes	台湾 TWCERT/CC 脆弱性公告	security	vulnerability	zh	twcert,taiwan,tvn,advisory	3600	Taiwan Vulnerability Note advisories coordinated by TWCERT/CC.
cyb-twcert-news	https://www.twcert.org.tw/tw/rss-104-1.xml	rss	20	TWCERT/CC Security News	台湾 TWCERT/CC 資安ニュース	security	advisory	zh	twcert,taiwan,news	7200	TWCERT/CC security news and campaign warnings for Taiwan.
cyb-camcert-kh	https://www.camcert.gov.kh/feed/	rss	14	CamCERT Cambodia	カンボジア CamCERT	security	advisory	km	camcert,cambodia,advisory	21600	Cambodian national CERT security advisories (CamSA series) and awareness posts.
cyb-certat-warnings-atom	https://www.cert.at/cert-at.de.warnings.atom_1.0.xml	atom	50	CERT.at Warnungen (Atom)	オーストリア CERT.at 警告（Atom）	security	advisory	de	certat,austria,advisory,warning	3600	Austrian national CERT vulnerability warnings, Atom edition.
cyb-ncsc-ie-atom	https://www.ncsc.gov.ie/news/alerts.atom	atom	225	NCSC Ireland Alerts and Advisories	アイルランド NCSC 警報・勧告	security	advisory	en	ncsc,ireland,advisory	3600	Irish National Cyber Security Centre alerts and advisories, Atom edition.
cyb-certua-rss-en	https://cert.gov.ua/api/articles/rss?lang=en	rss	9	CERT-UA Ukraine	ウクライナ CERT-UA	security	advisory	uk	certua,ukraine,apt,advisory	3600	Ukrainian national CERT reporting on Russian state-linked intrusion sets and UAC clusters.
cyb-samsik-news	https://samsik.dk/nyheder/feed/	rss	10	SAMSIK Denmark News (ex-CFCS)	デンマーク SAMSIK ニュース（旧 CFCS）	security	advisory	da	denmark,cfcs,samsik,advisory	21600	Danish societal security agency news; SAMSIK absorbed the CFCS national cyber centre.
cyb-hkcert-news2	https://www.hkcert.org/getrss/security-news	rss	20	HKCERT Security News	香港 HKCERT セキュリティニュース	security	advisory	zh	hkcert,hongkong,news,advisory	3600	Hong Kong CERT security news and active campaign warnings.
cyb-krcert-vuln	https://www.krcert.or.kr/kr/rss.do?bbsId=B0000302	rss	10	KrCERT/KISA Vulnerability Information	韓国 KrCERT 脆弱性情報	security	vulnerability	ko	krcert,kisa,korea,vulnerability	3600	Korean national CERT vulnerability advisories and patch notices.
cyb-krcert-alertlevel	https://www.krcert.or.kr/kr/rss.do?bbsId=B0000342	rss	10	KrCERT/KISA Cyber Alert Level	韓国 KrCERT サイバー警戒レベル	security	advisory	ko	krcert,kisa,korea,alertlevel	3600	Korean national cyber crisis alert level changes, a rare state-of-threat signal.
cyb-krcert-reports	https://www.krcert.or.kr/kr/rss.do?bbsId=B0000127	rss	10	KrCERT/KISA Reports and Guides	韓国 KrCERT 報告書・手引	threat-intel	research	ko	krcert,kisa,korea,report	21600	KrCERT threat reports and defensive guidance publications.
cyb-krcert-announce	https://www.krcert.or.kr/kr/rss.do?bbsId=B0000132	rss	10	KrCERT/KISA Announcements	韓国 KrCERT お知らせ	security	advisory	ko	krcert,kisa,korea,announcement	21600	KrCERT/KISA official announcements and operational notices.
cyb-ncert-ph	https://www.ncert.gov.ph/feed/	rss	5	NCERT Philippines	フィリピン NCERT	security	advisory	en	ncert,philippines,dict,advisory	21600	Philippine national CERT advisories published by the DICT.
cyb-twcert-tvn-en	https://www.twcert.org.tw/en/rss-128-2.xml	rss	20	TWCERT/CC Vulnerability Notes (English)	台湾 TWCERT/CC 脆弱性公告（英語）	security	vulnerability	en	twcert,taiwan,tvn,advisory	3600	English edition of Taiwan Vulnerability Note advisories.
cyb-jpcert-whatsnew	https://www.jpcert.or.jp/rss/whatsnew.rdf	rss	5	JPCERT/CC Announcements	JPCERT/CC お知らせ	security	advisory	ja	jpcert,japan,announcement	21600	JPCERT/CC organisational announcements and publication notices.
cyb-ipa-press	https://www.ipa.go.jp/about/press-rss.rdf	rss	30	IPA Japan Press Releases	IPA プレスリリース	security	policy	ja	ipa,japan,press,policy	21600	IPA press releases including national security campaign and survey findings.
geo-usgs-all-hour	https://earthquake.usgs.gov/earthquakes/feed/v1.0/summary/all_hour.geojson	geojson	11	USGS Earthquakes — past hour (all magnitudes)	USGS 地震 — 直近1時間(全規模)	disaster	seismic	en	earthquake,usgs,realtime	300	Every earthquake located by the USGS in the last hour, with epicentre and depth.
geo-usgs-all-day	https://earthquake.usgs.gov/earthquakes/feed/v1.0/summary/all_day.geojson	geojson	234	USGS Earthquakes — past day (all magnitudes)	USGS 地震 — 直近24時間(全規模)	disaster	seismic	en	earthquake,usgs,realtime	900	All USGS-located earthquakes in the past 24 hours worldwide.
geo-usgs-week-all	https://earthquake.usgs.gov/earthquakes/feed/v1.0/summary/all_week.geojson	geojson	2068	USGS Earthquakes — past week (all magnitudes)	USGS 地震 — 直近1週間(全規模)	disaster	seismic	en	earthquake,usgs	3600	Full global USGS catalogue for the past seven days; useful for swarm detection.
geo-usgs-m45-day	https://earthquake.usgs.gov/earthquakes/feed/v1.0/summary/4.5_day.geojson	geojson	15	USGS Earthquakes — M4.5+ past day	USGS 地震 — M4.5以上・直近24時間	disaster	seismic	en	earthquake,usgs,significant	900	Damaging-range earthquakes worldwide in the last 24 hours.
geo-usgs-m25-month	https://earthquake.usgs.gov/earthquakes/feed/v1.0/summary/2.5_month.geojson	geojson	2228	USGS Earthquakes — M2.5+ past month	USGS 地震 — M2.5以上・直近1か月	disaster	seismic	en	earthquake,usgs	21600	One month of M2.5+ global seismicity for baseline comparison.
geo-usgs-quake-m4-week	https://earthquake.usgs.gov/earthquakes/feed/v1.0/summary/4.5_month.geojson	geojson	656	USGS Earthquakes — M4.5+ past month	USGS 地震 — M4.5以上・直近1か月	disaster	seismic	en	earthquake,usgs	21600	One month of M4.5+ global seismicity.
geo-usgs-quake-2.5-week	https://earthquake.usgs.gov/earthquakes/feed/v1.0/summary/2.5_week.geojson	geojson	435	USGS Earthquakes — M2.5+ past week	USGS 地震 — M2.5以上・直近1週間	disaster	seismic	en	earthquake,usgs	3600	Weekly M2.5+ global earthquake feed.
geo-usgs-quake-1week-m1	https://earthquake.usgs.gov/earthquakes/feed/v1.0/summary/1.0_week.geojson	geojson	1540	USGS Earthquakes — M1.0+ past week	USGS 地震 — M1.0以上・直近1週間	disaster	seismic	en	earthquake,usgs	3600	Weekly M1.0+ feed, dense enough to show regional microseismicity.
geo-usgs-1day-m1	https://earthquake.usgs.gov/earthquakes/feed/v1.0/summary/1.0_day.geojson	geojson	190	USGS Earthquakes — M1.0+ past day	USGS 地震 — M1.0以上・直近24時間	disaster	seismic	en	earthquake,usgs	900	Daily M1.0+ feed dominated by US regional networks.
geo-usgs-hour-m25	https://earthquake.usgs.gov/earthquakes/feed/v1.0/summary/2.5_hour.geojson	geojson	3	USGS Earthquakes — M2.5+ past hour	USGS 地震 — M2.5以上・直近1時間	disaster	seismic	en	earthquake,usgs,realtime	300	Fastest USGS tier for moderate events.
geo-usgs-day-significant	https://earthquake.usgs.gov/earthquakes/feed/v1.0/summary/significant_day.geojson	geojson	1	USGS significant earthquakes — past day	USGS 顕著な地震 — 直近24時間	disaster	seismic	en	earthquake,usgs,significant	900	USGS significance-scored events; near-zero noise, high alerting value.
geo-usgs-significant-month	https://earthquake.usgs.gov/earthquakes/feed/v1.0/summary/significant_month.geojson	geojson	16	USGS significant earthquakes — past month	USGS 顕著な地震 — 直近1か月	disaster	seismic	en	earthquake,usgs,significant	21600	Month of USGS significant events with felt-report and impact scoring.
geo-usgs-global-m6	https://earthquake.usgs.gov/fdsnws/event/1/query?format=geojson&limit=200&orderby=time&minmagnitude=6	geojson	10	USGS Earthquakes — M6.0+ global catalogue	USGS 地震 — M6.0以上 世界カタログ	disaster	seismic	en	earthquake,usgs,major	3600	Most recent 200 global M6+ events; the tsunami-relevant tier.
geo-usgs-shakemap-events	https://earthquake.usgs.gov/fdsnws/event/1/query?format=geojson&limit=200&orderby=time&producttype=shakemap	geojson	200	USGS events with ShakeMap products	USGS ShakeMap 付き地震	disaster	seismic	en	earthquake,shakemap,impact	900	Recent earthquakes for which USGS has published a ShakeMap ground-motion product.
geo-usgs-pager-events	https://earthquake.usgs.gov/fdsnws/event/1/query?format=geojson&limit=200&orderby=time&producttype=losspager	geojson	78	USGS events with PAGER loss estimates	USGS PAGER 被害推計付き地震	disaster	seismic	en	earthquake,pager,impact	900	Earthquakes carrying a PAGER fatality/economic loss alert level.
geo-usgs-dyfi-events	https://earthquake.usgs.gov/fdsnws/event/1/query?format=geojson&limit=200&orderby=time&producttype=dyfi	geojson	200	USGS events with Did You Feel It reports	USGS DYFI 体感報告付き地震	disaster	seismic	en	earthquake,dyfi,felt	900	Earthquakes with crowd-sourced felt intensity reports attached.
geo-usgs-deep-quakes	https://earthquake.usgs.gov/fdsnws/event/1/query?format=geojson&limit=200&orderby=time&mindepth=300	geojson	68	USGS deep-focus earthquakes (>300 km)	USGS 深発地震(300km以深)	science	seismic	en	earthquake,deep,subduction	3600	Deep-focus events that trace subducting slabs; rare and diagnostic.
geo-usgs-nuclear-explosions	https://earthquake.usgs.gov/fdsnws/event/1/query?format=geojson&limit=200&orderby=time&eventtype=explosion	geojson	77	USGS catalogue — explosion-type events	USGS 爆発型イベント カタログ	science	seismic	en	explosion,seismic,monitoring	21600	Seismic events USGS classifies as explosions rather than tectonic quakes.
geo-usgs-strong-motion	https://earthquake.usgs.gov/fdsnws/event/1/query?format=geojson&limit=200&orderby=time&minmagnitude=1&maxlatitude=72&minlatitude=50&maxlongitude=-129&minlongitude=-180	geojson	200	USGS Earthquakes — Alaska / NW Pacific window	USGS 地震 — アラスカ・北太平洋域	disaster	seismic	en	earthquake,alaska,regional	3600	Bounding-box query covering Alaska and the northeast Pacific margin.
geo-usgs-tsunami-flagged	https://earthquake.usgs.gov/fdsnws/event/1/query?format=geojson&limit=200&orderby=time&producttype=origin&minmagnitude=5.5	geojson	47	USGS Earthquakes — M5.5+ with origin product	USGS 地震 — M5.5以上(震源解あり)	disaster	seismic	en	earthquake,tsunami,screening	900	M5.5+ events, the screening tier for tsunami potential.
geo-emsc-events-1000	https://www.seismicportal.eu/fdsnws/event/1/query?format=json&limit=500&orderby=time	geojson	500	EMSC/ORFEUS seismic portal — recent 500 events	EMSC 地震ポータル — 最新500件	disaster	seismic	en	earthquake,emsc,europe	600	European-Mediterranean Seismological Centre global event feed.
geo-emsc-recent-100	https://www.seismicportal.eu/fdsnws/event/1/query?format=json&limit=100&minmag=3	geojson	100	EMSC earthquakes — M3.0+ recent	EMSC 地震 — M3.0以上 最新	disaster	seismic	en	earthquake,emsc	600	EMSC feed filtered to M3+ to cut microseismic noise.
geo-emsc-fdsn-catalogs	https://www.seismicportal.eu/fdsnws/event/1/query?format=json&limit=300&minmag=2.5&orderby=time	geojson	300	EMSC earthquakes — M2.5+ recent 300	EMSC 地震 — M2.5以上 最新300件	disaster	seismic	en	earthquake,emsc	900	Broader EMSC tier covering European regional networks.
geo-emsc-flinn	https://www.seismicportal.eu/fdsnws/event/1/query?format=json&limit=100&minmag=4.5&orderby=time	geojson	100	EMSC earthquakes — M4.5+ recent	EMSC 地震 — M4.5以上 最新	disaster	seismic	en	earthquake,emsc,significant	900	EMSC significant-event tier, independent of USGS solutions.
geo-emsc-unids	https://www.seismicportal.eu/fdsnws/event/1/query?limit=200&format=json&includeallorigins=false&orderby=magnitude	geojson	200	EMSC earthquakes ordered by magnitude	EMSC 地震 — マグニチュード順	disaster	seismic	en	earthquake,emsc	3600	EMSC catalogue sorted by magnitude, surfacing the largest recent events.
geo-emsc-quakes-geojson	https://www.seismicportal.eu/fdsnws/event/1/query?format=json&limit=200&minlat=-90&maxlat=90&orderby=time-asc	geojson	200	EMSC earthquakes — chronological ascending	EMSC 地震 — 時刻昇順	disaster	seismic	en	earthquake,emsc	3600	EMSC events in time-ascending order, convenient for incremental ingest.
geo-emsc-moment-tensors	https://www.seismicportal.eu/mtws/api/search?limit=200&format=json&orderby=time	json-array	200	EMSC moment tensor solutions	EMSC モーメントテンソル解	science	seismic	en	earthquake,momenttensor,focal	3600	Focal mechanism / moment tensor solutions for recent significant events.
geo-emsc-testimonies	https://www.seismicportal.eu/testimonies-ws/api/search?limit=100&format=json	json-array	100	EMSC felt-report testimonies	EMSC 体感報告	disaster	seismic	en	earthquake,felt,crowdsourced	1800	Public felt reports submitted to EMSC; earliest human-impact signal.
geo-ingv-events	https://webservices.ingv.it/fdsnws/event/1/query?format=geojson&limit=200&orderby=time	geojson	9	INGV Italy — recent earthquakes	INGV イタリア — 最近の地震	disaster	seismic	en	earthquake,italy,ingv	600	Italian national seismic network event solutions.
geo-ingv-events-30d	https://webservices.ingv.it/fdsnws/event/1/query?format=geojson&starttime=2026-07-10&endtime=2026-08-09&minmag=2&limit=500	geojson	210	INGV Italy — M2+ last 30 days	INGV イタリア — M2以上・過去30日	disaster	seismic	en	earthquake,italy,ingv	3600	Thirty days of Italian seismicity including swarm sequences.
geo-italy-ingv-last100	https://webservices.ingv.it/fdsnws/event/1/query?starttime=2026-08-01&format=geojson&limit=200	geojson	200	INGV Italy — August 2026 catalogue window	INGV イタリア — 2026年8月カタログ	disaster	seismic	en	earthquake,italy,ingv	3600	INGV FDSN window query over the current month.
geo-resif-events	https://api.franceseisme.fr/fdsnws/event/1/query?format=json&limit=200&orderby=time	geojson	200	RENASS/FranceSeisme — French earthquakes	RENASS フランス — 地震	disaster	seismic	en	earthquake,france,renass	900	French national seismic network event feed.
geo-bgs-earthquakes	https://ogcapi.bgs.ac.uk/collections/recentearthquakes/items?f=json&limit=200	geojson	200	BGS — recent UK earthquakes	BGS — 英国の最近の地震	disaster	seismic	en	earthquake,uk,bgs	1800	British Geological Survey recent seismicity as OGC API Features.
geo-bgs-historical-quakes	https://ogcapi.bgs.ac.uk/collections/historicalearthquakes/items?f=json&limit=300	geojson	300	BGS — historical UK earthquake catalogue	BGS — 英国 歴史地震カタログ	science	seismic	en	earthquake,uk,historical	86400	Long-run historical UK seismicity for background rate context.
geo-geonet-quake-all	https://api.geonet.org.nz/quake?MMI=0	geojson	98	GeoNet New Zealand — all earthquakes	GeoNet ニュージーランド — 全地震	disaster	seismic	en	earthquake,newzealand,geonet	600	Every GeoNet-located NZ earthquake regardless of felt intensity.
geo-geonet-intensity-measured	https://api.geonet.org.nz/intensity?type=measured	geojson	323	GeoNet — measured shaking intensity	GeoNet — 観測震度	disaster	seismic	en	earthquake,intensity,newzealand	600	Instrumentally measured MMI per site for the latest NZ event.
geo-geonet-intensity-reported	https://api.geonet.org.nz/intensity?type=reported	geojson	2	GeoNet — reported shaking intensity	GeoNet — 体感震度報告	disaster	seismic	en	earthquake,intensity,felt	900	Public felt-intensity reports aggregated by location.
geo-geonet-news	https://api.geonet.org.nz/news/geonet	json:feed	10	GeoNet news and event commentary	GeoNet ニュース	disaster	seismic	en	newzealand,geonet,news	3600	GeoNet duty-officer commentary on NZ quakes and volcanoes.
geo-afad-turkey-events	https://deprem.afad.gov.tr/apiv2/event/filter?start=2026-08-01&end=2026-08-09	json-array	682	AFAD Turkey — earthquake catalogue	AFAD トルコ — 地震カタログ	disaster	seismic	en	earthquake,turkey,afad	900	Turkish disaster agency event catalogue with lat/lon and depth.
geo-afad-last	https://deprem.afad.gov.tr/apiv2/event/filter?start=2026-08-05&end=2026-08-09&orderby=timedesc	json-array	340	AFAD Turkey — last few days, newest first	AFAD トルコ — 直近数日(新しい順)	disaster	seismic	en	earthquake,turkey,afad,realtime	600	Rolling AFAD window ordered newest-first for near-real-time use.
geo-bmkg-latest	https://data.bmkg.go.id/DataMKG/TEWS/autogempa.json	json-object	1	BMKG Indonesia — latest earthquake	BMKG インドネシア — 最新地震	disaster	seismic	en	earthquake,indonesia,bmkg	600	Single most recent BMKG-located Indonesian earthquake with shaking estimate.
geo-bmkg-felt	https://data.bmkg.go.id/DataMKG/TEWS/gempadirasakan.json	json:Infogempa.gempa	15	BMKG Indonesia — felt earthquakes	BMKG インドネシア — 有感地震	disaster	seismic	en	earthquake,indonesia,felt	900	Indonesian earthquakes with reported felt intensity by locality.
geo-chile-csn-quakes	https://api.gael.cloud/general/public/sismos	json-array	15	CSN Chile — recent earthquakes	CSN チリ — 最近の地震	disaster	seismic	en	earthquake,chile,csn	900	Chilean national seismological centre feed for a highly active margin.
geo-peru-igp-api	https://ultimosismo.igp.gob.pe/api/ultimo-sismo/ajaxb/2026	json-array	539	IGP Peru — reported earthquakes	IGP ペルー — 報告地震	disaster	seismic	en	earthquake,peru,igp	3600	Peruvian geophysical institute reported-event list with coordinates.
geo-spain-ign-quakes	https://www.ign.es/ign/RssTools/sismologia.xml	rss	14	IGN Spain — recent earthquakes	IGN スペイン — 最近の地震	disaster	seismic	en	earthquake,spain,ign	1800	Spanish national geographic institute seismicity feed (GeoRSS).
geo-jma-xml-eqvol-l	https://www.data.jma.go.jp/developer/xml/feed/eqvol_l.xml	atom	676	JMA XML — earthquake and volcano (long-term)	気象庁防災情報XML — 地震火山(長期)	disaster	seismic	ja	japan,jma,earthquake,volcano	600	JMA's authoritative machine-readable feed for Japanese quake and volcano bulletins.
geo-jma-xml-extra-l	https://www.data.jma.go.jp/developer/xml/feed/extra_l.xml	atom	7978	JMA XML — extra bulletins (long-term)	気象庁防災情報XML — 随時(長期)	disaster	weather	ja	japan,jma,warning	600	JMA irregular-issue bulletins: warnings, advisories, special reports.
geo-jma-xml-regular	https://www.data.jma.go.jp/developer/xml/feed/regular.xml	atom	784	JMA XML — regular bulletins	気象庁防災情報XML — 定時	disaster	weather	ja	japan,jma,forecast	900	JMA scheduled bulletin feed (forecasts, observations).
geo-jma-xml-other	https://www.data.jma.go.jp/developer/xml/feed/other.xml	atom	37	JMA XML — other bulletins	気象庁防災情報XML — その他	disaster	weather	ja	japan,jma	1800	JMA miscellaneous bulletin feed.
geo-jma-warning-list	https://www.jma.go.jp/bosai/warning/data/warning/map.json	json-array	58	JMA warning map data	気象庁 警報・注意報マップデータ	disaster	weather	ja	japan,jma,warning	600	Per-prefecture JMA warning state; geometry is the JMA area code, not a point.
geo-jma-amedas-table	https://www.jma.go.jp/bosai/amedas/const/amedastable.json	json:11001.lat	2	JMA AMeDAS station table	気象庁 アメダス観測所一覧	environment	weather	ja	japan,jma,amedas,stations	86400	Coordinates and elevation for every AMeDAS automatic weather station.
geo-jma-forecast-area	https://www.jma.go.jp/bosai/common/const/area.json	json-object	1	JMA forecast area definitions	気象庁 予報区分定義	environment	weather	ja	japan,jma,reference	86400	Code-to-name mapping for every JMA forecast area; reference layer, no geometry.
geo-jma-nowcast-targettimes	https://www.jma.go.jp/bosai/jmatile/data/nowc/targetTimes_N1.json	json-array	37	JMA nowcast tile timestamps	気象庁 ナウキャスト タイル時刻	disaster	weather	ja	japan,jma,radar,nowcast	600	Valid times for JMA high-resolution precipitation nowcast tiles.
geo-jma-rain-targettimes	https://www.jma.go.jp/bosai/jmatile/data/rasrf/targetTimes.json	json-array	115	JMA rainfall analysis tile timestamps	気象庁 解析雨量 タイル時刻	disaster	weather	ja	japan,jma,radar,rainfall	900	Valid times for JMA radar/raingauge analysed rainfall tiles.
geo-jma-himawari-targettimes-jp	https://www.jma.go.jp/bosai/himawari/data/satimg/targetTimes_jp.json	json-array	864	JMA Himawari imagery timestamps (Japan sector)	気象庁 ひまわり画像時刻(日本域)	science	earthobs	ja	japan,himawari,satellite	900	Available Himawari Japan-sector image times for satellite tile fetching.
geo-jshis-pshm-avr	https://www.j-shis.bosai.go.jp/map/api/pshm/Y2020/AVR/TTL_MTTL/meshinfo.geojson?position=139.7,35.7&epsg=4326	geojson	1	J-SHIS probabilistic seismic hazard (point query)	J-SHIS 確率論的地震動予測地図(地点)	science	seismic	ja	japan,hazard,jshis	86400	NIED national seismic hazard mesh value at a queried coordinate.
geo-noaa-hazel-quakes	https://www.ngdc.noaa.gov/hazel/hazard-service/api/v1/earthquakes?minYear=2020	json:items	200	NOAA NCEI significant earthquake database	NOAA NCEI 顕著地震データベース	science	seismic	en	earthquake,historical,ncei	86400	Curated historical significant earthquakes with damage and fatality fields.
geo-noaa-hazel-quakes-recent	https://www.ngdc.noaa.gov/hazel/hazard-service/api/v1/earthquakes?minYear=2024	json:items	95	NOAA NCEI significant earthquakes since 2024	NOAA NCEI 顕著地震(2024年以降)	science	seismic	en	earthquake,historical,ncei	86400	Recent slice of the NCEI significant earthquake database.
geo-noaa-tsunami-events	https://www.ngdc.noaa.gov/hazel/hazard-service/api/v1/tsunamis/events?minYear=2020	json:items	127	NOAA NCEI tsunami event database	NOAA NCEI 津波イベントDB	science	ocean	en	tsunami,historical,ncei	86400	Historical tsunami source events with run-up and casualty attributes.
geo-noaa-hazel-runups	https://www.ngdc.noaa.gov/hazel/hazard-service/api/v1/tsunamis/runups?minYear=2010	json:items	200	NOAA NCEI tsunami run-up observations	NOAA NCEI 津波遡上観測	science	ocean	en	tsunami,runup,ncei	86400	Point observations of tsunami run-up height along coastlines.
geo-noaa-hazel-deposits	https://www.ngdc.noaa.gov/hazel/hazard-service/api/v1/tsunamis/deposits	json:items	200	NOAA NCEI tsunami deposit records	NOAA NCEI 津波堆積物記録	science	ocean	en	tsunami,paleo,ncei	86400	Palaeotsunami deposit sites, evidence for pre-instrumental events.
geo-usgs-hazel-tsunami-sources	https://www.ngdc.noaa.gov/hazel/hazard-service/api/v1/volcanoes?minYear=1800&maxYear=2026	json:items	200	NOAA NCEI volcano database (1800 onward)	NOAA NCEI 火山データベース(1800年以降)	science	volcano	en	volcano,historical,ncei	86400	Historical volcanic eruption records with location and VEI.
geo-noaa-hazel-volcanoes	https://www.ngdc.noaa.gov/hazel/hazard-service/api/v1/volcanoes?minYear=2000	json:items	152	NOAA NCEI significant volcanic eruptions	NOAA NCEI 顕著な火山噴火	science	volcano	en	volcano,historical,ncei	86400	Significant eruption records since 1900 with impact fields.
geo-usgs-gv-holocene	https://webservices.volcano.si.edu/geoserver/GVP-VOTW/ows?service=WFS&version=2.0.0&request=GetFeature&typeName=GVP-VOTW:Smithsonian_VOTW_Holocene_Volcanoes&outputFormat=application/json&count=1500	geojson	1214	Smithsonian GVP — Holocene volcanoes	スミソニアン GVP — 完新世火山	science	volcano	en	volcano,gvp,smithsonian	86400	Authoritative global register of Holocene volcanoes with summit coordinates.
geo-gvp-eruptions	https://webservices.volcano.si.edu/geoserver/GVP-VOTW/ows?service=WFS&version=2.0.0&request=GetFeature&typeName=GVP-VOTW:Smithsonian_VOTW_Holocene_Eruptions&outputFormat=application/json&count=1000	geojson	1000	Smithsonian GVP — Holocene eruptions	スミソニアン GVP — 完新世噴火	science	volcano	en	volcano,gvp,eruption	86400	Eruption records linked to volcano coordinates; the global eruption history layer.
geo-gvp-pleistocene	https://webservices.volcano.si.edu/geoserver/GVP-VOTW/ows?service=WFS&version=2.0.0&request=GetFeature&typeName=GVP-VOTW:Smithsonian_VOTW_Pleistocene_Volcanoes&outputFormat=application/json&count=1000	geojson	1000	Smithsonian GVP — Pleistocene volcanoes	スミソニアン GVP — 更新世火山	science	volcano	en	volcano,gvp	86400	Pleistocene volcanic centres, useful for regional hazard context.
geo-la-monitored-volcanoes	https://services9.arcgis.com/RHVPKKiFTONKtxq3/arcgis/rest/services/Monitored_Global_USGS_Volcanos/FeatureServer/0/query?where=1%3D1&outFields=*&f=geojson&resultRecordCount=500	geojson	161	Monitored global volcanoes (USGS/Esri)	監視対象の世界の火山	disaster	volcano	en	volcano,monitoring,alertlevel	3600	Volcanoes under instrumental monitoring with current alert level.
geo-nasa-eonet-volcanoes	https://eonet.gsfc.nasa.gov/api/v3/events/geojson?category=volcanoes&limit=200&status=open	geojson	32	NASA EONET — open volcano events	NASA EONET — 火山イベント	disaster	volcano	en	volcano,eonet,nasa	3600	Currently open volcanic events curated by NASA EONET, as GeoJSON.
geo-bgs-eruption-source	https://ogcapi.bgs.ac.uk/collections/eruption-source-parameter/items?f=json&limit=300	geojson	300	BGS eruption source parameters	BGS 噴火ソースパラメータ	science	volcano	en	volcano,ash,dispersion	86400	Eruption column and source parameters used in ash dispersion modelling.
geo-nws-alerts-actual	https://api.weather.gov/alerts/active?status=actual&message_type=alert	geojson	81	NWS US — active actual alerts	米国NWS — 実発表中の警報	disaster	weather	en	usa,nws,cap,warning	600	Live US National Weather Service CAP alerts filtered to actual alerts.
geo-nws-alerts-severe	https://api.weather.gov/alerts/active?severity=Severe	geojson	52	NWS US — active severe alerts	米国NWS — 重大警報	disaster	weather	en	usa,nws,cap,severe	600	US alerts at severity Severe and above.
geo-nws-cap-index	https://api.weather.gov/alerts?limit=200	geojson	200	NWS US — recent alerts (all states)	米国NWS — 最近の警報一覧	disaster	weather	en	usa,nws,cap	900	Recent NWS alert index including expired products, for trend analysis.
geo-nws-stations	https://api.weather.gov/stations?limit=500	geojson	500	NWS US — observation stations	米国NWS — 観測地点	environment	weather	en	usa,nws,stations	86400	US observation station registry with coordinates.
geo-nws-radar-stations	https://api.weather.gov/radar/stations	geojson	208	NWS US — radar station registry	米国NWS — レーダー観測所	environment	weather	en	usa,nws,radar	86400	NEXRAD and terminal radar site list with coordinates and status.
geo-nws-zones	https://api.weather.gov/zones?type=forecast&limit=500	geojson	500	NWS US — forecast zone registry	米国NWS — 予報区一覧	environment	weather	en	usa,nws,reference	86400	Forecast zone codes; geometry omitted by the API, so zone codes only.
geo-nws-glossary	https://api.weather.gov/alerts/types	json:eventTypes	111	NWS US — alert event type vocabulary	米国NWS — 警報種別語彙	environment	weather	en	usa,nws,reference	86400	Controlled vocabulary of NWS alert event types.
geo-la-nws-watches-warnings	https://services9.arcgis.com/RHVPKKiFTONKtxq3/arcgis/rest/services/NWS_Watches_Warnings_v1/FeatureServer/6/query?where=1%3D1&outFields=*&f=geojson&resultRecordCount=200&geometryPrecision=3	geojson	152	NWS watches and warnings polygons (Esri)	NWS 警報・注意報ポリゴン	disaster	weather	en	usa,nws,warning,polygon	900	Current US watch/warning polygons as ArcGIS GeoJSON.
geo-noaa-wwa-current	https://mapservices.weather.noaa.gov/eventdriven/rest/services/WWA/watch_warn_adv/MapServer/0/query?where=1%3D1&outFields=*&f=geojson&resultRecordCount=200&geometryPrecision=2&returnGeometry=true	geojson	5	NOAA current warnings (nowCOAST)	NOAA 現行警報(nowCOAST)	disaster	weather	en	usa,noaa,warning	900	NOAA event-driven current warning polygons.
geo-la-cap-alerts	https://services9.arcgis.com/RHVPKKiFTONKtxq3/arcgis/rest/services/CAP_Alerts_Feed/FeatureServer/0/query?where=1%3D1&outFields=*&f=geojson&resultRecordCount=300&geometryPrecision=3	geojson	300	Global CAP alerts feed (Esri Living Atlas)	世界CAP警報フィード	disaster	weather	en	cap,global,warning	900	Aggregated Common Alerting Protocol alerts from many national authorities.
geo-metno-locationforecast	https://api.met.no/weatherapi/locationforecast/2.0/compact?lat=60.10&lon=9.58	json:properties.timeseries	83	MET Norway — point weather forecast	ノルウェー気象庁 — 地点予報	environment	weather	en	norway,forecast,api	3600	Global point forecast API; coordinates are the queried point.
geo-metno-nowcast	https://api.met.no/weatherapi/nowcast/2.0/complete?lat=59.93&lon=10.72	json:properties.timeseries	23	MET Norway — Nordic nowcast	ノルウェー気象庁 — ナウキャスト	environment	weather	en	norway,nowcast	1800	Two-hour precipitation nowcast for Nordic coordinates.
geo-metno-oceanforecast	https://api.met.no/weatherapi/oceanforecast/2.0/complete?lat=60.10&lon=5.00	json:properties.timeseries	202	MET Norway — ocean forecast	ノルウェー気象庁 — 海況予報	environment	ocean	en	norway,ocean,forecast	3600	Sea current, temperature and wave forecast at a coordinate.
geo-metno-airquality	https://api.met.no/weatherapi/airqualityforecast/0.1/?lat=59.91&lon=10.75	json:data.time	56	MET Norway — air quality forecast	ノルウェー気象庁 — 大気質予報	environment	airquality	en	norway,airquality,forecast	3600	Norwegian air quality forecast at a coordinate.
geo-metno-sunrise	https://api.met.no/weatherapi/sunrise/3.0/sun?lat=35.68&lon=139.76&date=2026-08-09&offset=+09:00	json:geometry.coordinates	2	MET Norway — solar and lunar events	ノルウェー気象庁 — 日出没・月齢	science	spaceweather	en	astronomy,sunrise,api	86400	Sunrise/sunset and lunar phase for a coordinate and date.
geo-dwd-warn-gemeinden	https://maps.dwd.de/geoserver/dwd/ows?service=WFS&version=2.0.0&request=GetFeature&typeName=dwd:Warnungen_Gemeinden&outputFormat=application/json&count=500	geojson	500	DWD Germany — municipality warnings	ドイツ気象局 — 市町村警報	disaster	weather	en	germany,dwd,warning,polygon	600	Live German severe weather warnings as municipality polygons.
geo-dwd-warn-landkreise	https://maps.dwd.de/geoserver/dwd/ows?service=WFS&version=2.0.0&request=GetFeature&typeName=dwd:Warnungen_Landkreise&outputFormat=application/json&count=500	geojson	87	DWD Germany — district warnings	ドイツ気象局 — 郡単位警報	disaster	weather	en	germany,dwd,warning,polygon	600	German warnings aggregated to district polygons.
geo-dwd-warn-gemeinden-vereinigt	https://maps.dwd.de/geoserver/dwd/ows?service=WFS&version=2.0.0&request=GetFeature&typeName=dwd:Warnungen_Gemeinden_vereinigt&outputFormat=application/json&count=300	geojson	39	DWD Germany — merged municipality warnings	ドイツ気象局 — 統合市町村警報	disaster	weather	en	germany,dwd,warning	600	Dissolved warning polygons, one per warning event.
geo-dwd-autowarn-vorhersage	https://maps.dwd.de/geoserver/dwd/ows?service=WFS&version=2.0.0&request=GetFeature&typeName=dwd:Autowarn_Vorhersage&outputFormat=application/json&count=500	geojson	500	DWD Germany — Autowarn forecast polygons	ドイツ気象局 — Autowarn 予測域	disaster	weather	en	germany,dwd,nowcast	900	Automatically generated forecast warning areas from DWD's Autowarn system.
geo-dwd-stationen	https://maps.dwd.de/geoserver/dwd/ows?service=WFS&version=2.0.0&request=GetFeature&typeName=dwd:Autowarn_Analyse&outputFormat=application/json&count=500	geojson	500	DWD Germany — Autowarn analysis polygons	ドイツ気象局 — Autowarn 解析域	disaster	weather	en	germany,dwd,analysis	900	Current analysed severe weather areas from Autowarn.
geo-dwd-lightning-flash	https://maps.dwd.de/geoserver/dwd/ows?service=WFS&version=2.0.0&request=GetFeature&typeName=dwd:Accumulated_Flash_Geometry&outputFormat=application/json&count=1000	geojson	1000	DWD — accumulated lightning flash geometry	ドイツ気象局 — 落雷積算ジオメトリ	disaster	weather	en	lightning,germany,dwd	600	Lightning stroke geometry accumulated over the latest window.
geo-dwd-rbsn-t2m	https://maps.dwd.de/geoserver/dwd/ows?service=WFS&version=2.0.0&request=GetFeature&typeName=dwd:RBSN_T2m&outputFormat=application/json&count=1000	geojson	1000	DWD — WMO RBSN global 2 m temperature	ドイツ気象局 — WMO RBSN 全球気温	environment	weather	en	global,synop,rbsn,temperature	3600	Global WMO Regional Basic Synoptic Network temperature observations with station coordinates.
geo-dwd-rbsn-rr	https://maps.dwd.de/geoserver/dwd/ows?service=WFS&version=2.0.0&request=GetFeature&typeName=dwd:RBSN_RR&outputFormat=application/json&count=1000	geojson	204	DWD — WMO RBSN global precipitation	ドイツ気象局 — WMO RBSN 全球降水	environment	weather	en	global,synop,rbsn,precipitation	3600	Global RBSN precipitation reports by station.
geo-dwd-rbsn-rh	https://maps.dwd.de/geoserver/dwd/ows?service=WFS&version=2.0.0&request=GetFeature&typeName=dwd:RBSN_RH&outputFormat=application/json&count=1000	geojson	1000	DWD — WMO RBSN global humidity	ドイツ気象局 — WMO RBSN 全球湿度	environment	weather	en	global,synop,rbsn,humidity	3600	Global RBSN relative humidity reports by station.
geo-dwd-rbsn-ff	https://maps.dwd.de/geoserver/dwd/ows?service=WFS&version=2.0.0&request=GetFeature&typeName=dwd:RBSN_FF&outputFormat=application/json&count=1000	geojson	1000	DWD — WMO RBSN global wind	ドイツ気象局 — WMO RBSN 全球風	environment	weather	en	global,synop,rbsn,wind	3600	Global RBSN wind speed/direction reports by station.
geo-dwd-eucos-surface	https://maps.dwd.de/geoserver/dwd/ows?service=WFS&version=2.0.0&request=GetFeature&typeName=dwd:EUCOS_surface_stations&outputFormat=application/json&count=1000	geojson	1000	DWD — EUCOS surface station network	ドイツ気象局 — EUCOS 地上観測網	environment	weather	en	europe,stations,eucos	86400	European composite observing system surface stations.
geo-dwd-eucos-gbon	https://maps.dwd.de/geoserver/dwd/ows?service=WFS&version=2.0.0&request=GetFeature&typeName=dwd:EUCOS_surface_GBON&outputFormat=application/json&count=1000	geojson	1000	DWD — GBON surface station network	ドイツ気象局 — GBON 地上観測網	environment	weather	en	global,stations,gbon	86400	WMO Global Basic Observing Network surface stations.
geo-dwd-ceilometer	https://maps.dwd.de/geoserver/dwd/ows?service=WFS&version=2.0.0&request=GetFeature&typeName=dwd:Ceilometer&outputFormat=application/json&count=500	geojson	500	DWD — ceilometer network	ドイツ気象局 — シーロメータ観測網	environment	weather	en	germany,cloud,ceilometer	3600	Cloud base and aerosol backscatter sites across Germany.
geo-dwd-eprofile	https://maps.dwd.de/geoserver/dwd/ows?service=WFS&version=2.0.0&request=GetFeature&typeName=dwd:E-PROFILE&outputFormat=application/json&count=500	geojson	211	DWD — E-PROFILE profiler network	ドイツ気象局 — E-PROFILE 観測網	environment	weather	en	europe,profiler,aerosol	3600	European ceilometer/wind-profiler network stations.
geo-dwd-pollenflug	https://maps.dwd.de/geoserver/dwd/ows?service=WFS&version=2.0.0&request=GetFeature&typeName=dwd:Pollenflug&outputFormat=application/json&count=200	geojson	200	DWD — pollen forecast areas	ドイツ気象局 — 花粉飛散予報域	environment	airquality	en	pollen,germany,health	21600	German pollen load forecast by region polygon.
geo-dwd-biowetter-small	https://maps.dwd.de/geoserver/dwd/ows?service=WFS&version=2.0.0&request=GetFeature&typeName=dwd:Biowettervorhersage&outputFormat=application/json&count=30	geojson	30	DWD — biometeorological forecast areas	ドイツ気象局 — 生気象予報域	environment	weather	en	germany,biometeorology,health	21600	Health-relevant biometeorological forecast by area polygon.
geo-dwd-uv-stationen	https://maps.dwd.de/geoserver/dwd/ows?service=WFS&version=2.0.0&request=GetFeature&typeName=dwd:Uv_Stationen&outputFormat=application/json&count=500	geojson	500	DWD — UV index stations	ドイツ気象局 — UV指数観測地点	environment	weather	en	uv,germany,health	21600	UV index measurement sites and current values.
geo-dwd-trajectories	https://maps.dwd.de/geoserver/dwd/ows?service=WFS&version=2.0.0&request=GetFeature&typeName=dwd:Trajectories&outputFormat=application/json&count=200	geojson	200	DWD — atmospheric trajectories	ドイツ気象局 — 大気トラジェクトリ	science	weather	en	trajectory,dispersion,germany	21600	Computed air parcel trajectories, relevant to plume and ash transport.
geo-dwd-euro24-poi	https://maps.dwd.de/geoserver/dwd/ows?service=WFS&version=2.0.0&request=GetFeature&typeName=dwd:euro24_poi&outputFormat=application/json&count=1000	geojson	10	DWD — European city forecast points	ドイツ気象局 — 欧州都市予報地点	environment	weather	en	europe,forecast,cities	10800	24-hour forecast values at selected European points.
geo-eccc-weather-alerts	https://api.weather.gc.ca/collections/weather-alerts/items?f=json&limit=300	geojson	243	Environment Canada — weather alerts	カナダ環境省 — 気象警報	disaster	weather	en	canada,cap,warning	600	Canadian weather alerts as OGC API Features with polygons.
geo-eccc-thunderstorm-outlook	https://api.weather.gc.ca/collections/thunderstorm_outlook/items?f=json&limit=200	geojson	49	Environment Canada — thunderstorm outlook	カナダ環境省 — 雷雨アウトルック	disaster	weather	en	canada,thunderstorm,outlook	3600	Convective outlook polygons for Canada.
geo-eccc-swob-realtime	https://api.weather.gc.ca/collections/swob-realtime/items?f=json&limit=500	geojson	500	Environment Canada — surface observations (SWOB)	カナダ環境省 — 地上実況(SWOB)	environment	weather	en	canada,observations,realtime	900	Real-time Canadian surface weather observations with station coordinates.
geo-eccc-swob-stations	https://api.weather.gc.ca/collections/swob-stations/items?f=json&limit=500	geojson	500	Environment Canada — SWOB station registry	カナダ環境省 — SWOB観測所一覧	environment	weather	en	canada,stations	86400	Canadian surface observation station metadata.
geo-eccc-swob-marine	https://api.weather.gc.ca/collections/swob-marine-stations/items?f=json&limit=500	geojson	42	Environment Canada — marine SWOB stations	カナダ環境省 — 海上SWOB観測所	environment	ocean	en	canada,marine,stations	86400	Canadian marine surface observation platforms.
geo-eccc-marineweather	https://api.weather.gc.ca/collections/marineweather-realtime/items?f=json&limit=300	geojson	203	Environment Canada — marine weather	カナダ環境省 — 海上気象	environment	ocean	en	canada,marine,forecast	3600	Marine weather bulletins keyed to marine forecast zones.
geo-eccc-marine-zones	https://api.weather.gc.ca/collections/marine-standard-forecast-zones/items?f=json&limit=300	geojson	204	Environment Canada — marine forecast zones	カナダ環境省 — 海上予報区	environment	ocean	en	canada,marine,zones	86400	Marine forecast zone polygons for Canadian waters.
geo-eccc-forecast-zones	https://api.weather.gc.ca/collections/public-standard-forecast-zones/items?f=json&limit=300	geojson	300	Environment Canada — public forecast zones	カナダ環境省 — 公共予報区	environment	weather	en	canada,zones,reference	86400	Canadian public forecast zone polygons.
geo-eccc-citypage-small	https://api.weather.gc.ca/collections/citypageweather-realtime/items?f=json&limit=50	geojson	50	Environment Canada — city page weather	カナダ環境省 — 都市別実況・予報	environment	weather	en	canada,forecast,cities	3600	Current conditions and forecast per Canadian city location.
geo-eccc-climate-stations	https://api.weather.gc.ca/collections/climate-stations/items?f=json&limit=500	geojson	500	Environment Canada — climate stations	カナダ環境省 — 気候観測所	environment	weather	en	canada,climate,stations	86400	Canadian climate station registry with coordinates and periods of record.
geo-eccc-climate-daily	https://api.weather.gc.ca/collections/climate-daily/items?f=json&limit=200	geojson	200	Environment Canada — daily climate observations	カナダ環境省 — 日別気候観測	environment	weather	en	canada,climate,daily	86400	Daily temperature and precipitation by climate station.
geo-eccc-climate-hourly	https://api.weather.gc.ca/collections/climate-hourly/items?f=json&limit=200	geojson	200	Environment Canada — hourly climate observations	カナダ環境省 — 毎時気候観測	environment	weather	en	canada,climate,hourly	3600	Hourly climate observations by station.
geo-eccc-ahccd-stations	https://api.weather.gc.ca/collections/ahccd-stations/items?f=json&limit=500	geojson	500	Environment Canada — AHCCD homogenised stations	カナダ環境省 — AHCCD 均質化観測所	science	weather	en	canada,climate,homogenised	86400	Adjusted and homogenised Canadian climate data stations.
geo-eccc-ltce-stations	https://api.weather.gc.ca/collections/ltce-stations/items?f=json&limit=500	geojson	500	Environment Canada — LTCE record stations	カナダ環境省 — LTCE記録観測所	science	weather	en	canada,climate,records	86400	Long-term climate extremes station registry.
geo-eccc-ltce-temp	https://api.weather.gc.ca/collections/ltce-temperature/items?f=json&limit=200	geojson	200	Environment Canada — LTCE temperature extremes	カナダ環境省 — LTCE 気温極値	science	weather	en	canada,climate,records	86400	Daily record high/low temperatures per station and date.
geo-eccc-hurricane-cyclone	https://api.weather.gc.ca/collections/hurricanes-cyclone-realtime/items?f=json&limit=200	geojson	120	Environment Canada — cyclone positions	カナダ環境省 — 熱帯低気圧位置	disaster	weather	en	canada,hurricane,cyclone	1800	Canadian Hurricane Centre cyclone position points.
geo-eccc-hurricane-track	https://api.weather.gc.ca/collections/hurricanes-track-realtime/items?f=json&limit=200	geojson	19	Environment Canada — cyclone tracks	カナダ環境省 — 熱帯低気圧経路	disaster	weather	en	canada,hurricane,track	1800	Forecast and observed cyclone track lines.
geo-eccc-hurricane-errorcone	https://api.weather.gc.ca/collections/hurricanes-error_cone-realtime/items?f=json&limit=100	geojson	19	Environment Canada — cyclone error cone	カナダ環境省 — 熱帯低気圧予報円	disaster	weather	en	canada,hurricane,uncertainty	1800	Track uncertainty cone polygons.
geo-eccc-hurricane-windradii	https://api.weather.gc.ca/collections/hurricanes-wind_radii-realtime/items?f=json&limit=100	geojson	100	Environment Canada — cyclone wind radii	カナダ環境省 — 熱帯低気圧 風速半径	disaster	weather	en	canada,hurricane,windradii	1800	Wind radii polygons by threshold for active cyclones.
geo-eccc-bulletins	https://api.weather.gc.ca/collections/bulletins-realtime/items?f=json&limit=200	geojson	200	Environment Canada — text bulletins	カナダ環境省 — テキスト報	disaster	weather	en	canada,bulletins	1800	Canadian bulletin text products; the API returns no geometry for these.
geo-eccc-collections	https://api.weather.gc.ca/collections?f=json	json:collections	104	Environment Canada GeoMet — collection catalogue	カナダGeoMet — コレクション目録	environment	earthobs	en	canada,ogcapi,catalog	86400	Catalogue of all ECCC OGC API Features collections.
geo-meteoalarm-austria	https://feeds.meteoalarm.org/feeds/meteoalarm-legacy-atom-austria	atom	313	MeteoAlarm — Austria severe weather warnings	MeteoAlarm — オーストリア 気象警報	disaster	weather	en	europe,meteoalarm,cap,warning	900	Official Austria severe weather warnings via MeteoAlarm; warning areas are national regions, not points.
geo-meteoalarm-belgium	https://feeds.meteoalarm.org/feeds/meteoalarm-legacy-atom-belgium	atom	267	MeteoAlarm — Belgium severe weather warnings	MeteoAlarm — ベルギー 気象警報	disaster	weather	en	europe,meteoalarm,cap,warning	900	Official Belgium severe weather warnings via MeteoAlarm; warning areas are national regions, not points.
geo-meteoalarm-bosnia	https://feeds.meteoalarm.org/feeds/meteoalarm-legacy-atom-bosnia-herzegovina	atom	52	MeteoAlarm — Bosnia and Herzegovina severe weather warnings	MeteoAlarm — ボスニア・ヘルツェゴビナ 気象警報	disaster	weather	en	europe,meteoalarm,cap,warning	900	Official Bosnia and Herzegovina severe weather warnings via MeteoAlarm; warning areas are national regions, not points.
geo-meteoalarm-bulgaria	https://feeds.meteoalarm.org/feeds/meteoalarm-legacy-atom-bulgaria	atom	36	MeteoAlarm — Bulgaria severe weather warnings	MeteoAlarm — ブルガリア 気象警報	disaster	weather	en	europe,meteoalarm,cap,warning	900	Official Bulgaria severe weather warnings via MeteoAlarm; warning areas are national regions, not points.
geo-meteoalarm-croatia	https://feeds.meteoalarm.org/feeds/meteoalarm-legacy-atom-croatia	atom	27	MeteoAlarm — Croatia severe weather warnings	MeteoAlarm — クロアチア 気象警報	disaster	weather	en	europe,meteoalarm,cap,warning	900	Official Croatia severe weather warnings via MeteoAlarm; warning areas are national regions, not points.
geo-meteoalarm-cyprus	https://feeds.meteoalarm.org/feeds/meteoalarm-legacy-atom-cyprus	atom	2	MeteoAlarm — Cyprus severe weather warnings	MeteoAlarm — キプロス 気象警報	disaster	weather	en	europe,meteoalarm,cap,warning	900	Official Cyprus severe weather warnings via MeteoAlarm; warning areas are national regions, not points.
geo-meteoalarm-czechia	https://feeds.meteoalarm.org/feeds/meteoalarm-legacy-atom-czechia	atom	389	MeteoAlarm — Czechia severe weather warnings	MeteoAlarm — チェコ 気象警報	disaster	weather	en	europe,meteoalarm,cap,warning	900	Official Czechia severe weather warnings via MeteoAlarm; warning areas are national regions, not points.
geo-meteoalarm-estonia	https://feeds.meteoalarm.org/feeds/meteoalarm-legacy-atom-estonia	atom	25	MeteoAlarm — Estonia severe weather warnings	MeteoAlarm — エストニア 気象警報	disaster	weather	en	europe,meteoalarm,cap,warning	900	Official Estonia severe weather warnings via MeteoAlarm; warning areas are national regions, not points.
geo-meteoalarm-finland	https://feeds.meteoalarm.org/feeds/meteoalarm-legacy-atom-finland	atom	57	MeteoAlarm — Finland severe weather warnings	MeteoAlarm — フィンランド 気象警報	disaster	weather	en	europe,meteoalarm,cap,warning	900	Official Finland severe weather warnings via MeteoAlarm; warning areas are national regions, not points.
geo-meteoalarm-france	https://feeds.meteoalarm.org/feeds/meteoalarm-legacy-atom-france	atom	179	MeteoAlarm — France severe weather warnings	MeteoAlarm — フランス 気象警報	disaster	weather	en	europe,meteoalarm,cap,warning	900	Official France severe weather warnings via MeteoAlarm; warning areas are national regions, not points.
geo-meteoalarm-germany	https://feeds.meteoalarm.org/feeds/meteoalarm-legacy-atom-germany	atom	88	MeteoAlarm — Germany severe weather warnings	MeteoAlarm — ドイツ 気象警報	disaster	weather	en	europe,meteoalarm,cap,warning	900	Official Germany severe weather warnings via MeteoAlarm; warning areas are national regions, not points.
geo-meteoalarm-greece	https://feeds.meteoalarm.org/feeds/meteoalarm-legacy-atom-greece	atom	29	MeteoAlarm — Greece severe weather warnings	MeteoAlarm — ギリシャ 気象警報	disaster	weather	en	europe,meteoalarm,cap,warning	900	Official Greece severe weather warnings via MeteoAlarm; warning areas are national regions, not points.
geo-meteoalarm-hungary	https://feeds.meteoalarm.org/feeds/meteoalarm-legacy-atom-hungary	atom	18	MeteoAlarm — Hungary severe weather warnings	MeteoAlarm — ハンガリー 気象警報	disaster	weather	en	europe,meteoalarm,cap,warning	900	Official Hungary severe weather warnings via MeteoAlarm; warning areas are national regions, not points.
geo-meteoalarm-israel	https://feeds.meteoalarm.org/feeds/meteoalarm-legacy-atom-israel	atom	70	MeteoAlarm — Israel severe weather warnings	MeteoAlarm — イスラエル 気象警報	disaster	weather	en	europe,meteoalarm,cap,warning	900	Official Israel severe weather warnings via MeteoAlarm; warning areas are national regions, not points.
geo-meteoalarm-moldova	https://feeds.meteoalarm.org/feeds/meteoalarm-legacy-atom-moldova	atom	73	MeteoAlarm — Moldova severe weather warnings	MeteoAlarm — モルドバ 気象警報	disaster	weather	en	europe,meteoalarm,cap,warning	900	Official Moldova severe weather warnings via MeteoAlarm; warning areas are national regions, not points.
geo-meteoalarm-montenegro	https://feeds.meteoalarm.org/feeds/meteoalarm-legacy-atom-montenegro	atom	6	MeteoAlarm — Montenegro severe weather warnings	MeteoAlarm — モンテネグロ 気象警報	disaster	weather	en	europe,meteoalarm,cap,warning	900	Official Montenegro severe weather warnings via MeteoAlarm; warning areas are national regions, not points.
geo-meteoalarm-norway	https://feeds.meteoalarm.org/feeds/meteoalarm-legacy-atom-norway	atom	21	MeteoAlarm — Norway severe weather warnings	MeteoAlarm — ノルウェー 気象警報	disaster	weather	en	europe,meteoalarm,cap,warning	900	Official Norway severe weather warnings via MeteoAlarm; warning areas are national regions, not points.
geo-meteoalarm-poland	https://feeds.meteoalarm.org/feeds/meteoalarm-legacy-atom-poland	atom	30	MeteoAlarm — Poland severe weather warnings	MeteoAlarm — ポーランド 気象警報	disaster	weather	en	europe,meteoalarm,cap,warning	900	Official Poland severe weather warnings via MeteoAlarm; warning areas are national regions, not points.
geo-meteoalarm-portugal	https://feeds.meteoalarm.org/feeds/meteoalarm-legacy-atom-portugal	atom	4	MeteoAlarm — Portugal severe weather warnings	MeteoAlarm — ポルトガル 気象警報	disaster	weather	en	europe,meteoalarm,cap,warning	900	Official Portugal severe weather warnings via MeteoAlarm; warning areas are national regions, not points.
geo-meteoalarm-romania	https://feeds.meteoalarm.org/feeds/meteoalarm-legacy-atom-romania	atom	120	MeteoAlarm — Romania severe weather warnings	MeteoAlarm — ルーマニア 気象警報	disaster	weather	en	europe,meteoalarm,cap,warning	900	Official Romania severe weather warnings via MeteoAlarm; warning areas are national regions, not points.
geo-meteoalarm-serbia	https://feeds.meteoalarm.org/feeds/meteoalarm-legacy-atom-serbia	atom	39	MeteoAlarm — Serbia severe weather warnings	MeteoAlarm — セルビア 気象警報	disaster	weather	en	europe,meteoalarm,cap,warning	900	Official Serbia severe weather warnings via MeteoAlarm; warning areas are national regions, not points.
geo-meteoalarm-slovakia	https://feeds.meteoalarm.org/feeds/meteoalarm-legacy-atom-slovakia	atom	56	MeteoAlarm — Slovakia severe weather warnings	MeteoAlarm — スロバキア 気象警報	disaster	weather	en	europe,meteoalarm,cap,warning	900	Official Slovakia severe weather warnings via MeteoAlarm; warning areas are national regions, not points.
geo-meteoalarm-slovenia	https://feeds.meteoalarm.org/feeds/meteoalarm-legacy-atom-slovenia	atom	19	MeteoAlarm — Slovenia severe weather warnings	MeteoAlarm — スロベニア 気象警報	disaster	weather	en	europe,meteoalarm,cap,warning	900	Official Slovenia severe weather warnings via MeteoAlarm; warning areas are national regions, not points.
geo-meteoalarm-spain	https://feeds.meteoalarm.org/feeds/meteoalarm-legacy-atom-spain	atom	282	MeteoAlarm — Spain severe weather warnings	MeteoAlarm — スペイン 気象警報	disaster	weather	en	europe,meteoalarm,cap,warning	900	Official Spain severe weather warnings via MeteoAlarm; warning areas are national regions, not points.
geo-meteoalarm-switzerland	https://feeds.meteoalarm.org/feeds/meteoalarm-legacy-atom-switzerland	atom	24	MeteoAlarm — Switzerland severe weather warnings	MeteoAlarm — スイス 気象警報	disaster	weather	en	europe,meteoalarm,cap,warning	900	Official Switzerland severe weather warnings via MeteoAlarm; warning areas are national regions, not points.
geo-meteoalarm-api-france	https://feeds.meteoalarm.org/api/v1/warnings/feeds-france	json:warnings	90	MeteoAlarm API — France warnings (JSON)	MeteoAlarm API — フランス警報(JSON)	disaster	weather	en	europe,meteoalarm,france	900	Structured JSON version of the French MeteoAlarm warning set; region-level areas.
geo-smhi-warnings	https://opendata-download-warnings.smhi.se/ibww/api/version/1/warning.json	json-array	13	SMHI Sweden — weather warnings	スウェーデンSMHI — 気象警報	disaster	weather	en	sweden,smhi,warning	900	Swedish meteorological and hydrological warnings with affected area geometry.
geo-smhi-metobs-temp	https://opendata-download-metobs.smhi.se/api/version/1.0/parameter/1/station-set/all/period/latest-hour/data.json	json:station	230	SMHI Sweden — air temperature, latest hour	スウェーデンSMHI — 気温(直近1時間)	environment	weather	en	sweden,observations,temperature	3600	All Swedish stations' latest hourly air temperature with coordinates.
geo-smhi-metobs-precip	https://opendata-download-metobs.smhi.se/api/version/1.0/parameter/7/station-set/all/period/latest-hour/data.json	json:station	173	SMHI Sweden — precipitation, latest hour	スウェーデンSMHI — 降水(直近1時間)	environment	weather	en	sweden,observations,precipitation	3600	Latest hourly precipitation from the Swedish network.
geo-smhi-metobs-wind	https://opendata-download-metobs.smhi.se/api/version/1.0/parameter/4/station-set/all/period/latest-hour/data.json	json:station	181	SMHI Sweden — wind, latest hour	スウェーデンSMHI — 風(直近1時間)	environment	weather	en	sweden,observations,wind	3600	Latest hourly wind observations from Swedish stations.
geo-smhi-metobs-humidity	https://opendata-download-metobs.smhi.se/api/version/1.0/parameter/6/station-set/all/period/latest-hour/data.json	json:station	181	SMHI Sweden — humidity, latest hour	スウェーデンSMHI — 湿度(直近1時間)	environment	weather	en	sweden,observations,humidity	3600	Latest hourly relative humidity from Swedish stations.
geo-smhi-metobs-pressure	https://opendata-download-metobs.smhi.se/api/version/1.0/parameter/9/station-set/all/period/latest-hour/data.json	json:station	116	SMHI Sweden — air pressure, latest hour	スウェーデンSMHI — 気圧(直近1時間)	environment	weather	en	sweden,observations,pressure	3600	Latest hourly air pressure from Swedish stations.
geo-smhi-metobs-stations	https://opendata-download-metobs.smhi.se/api/version/1.0/parameter/1.json	json:station	1000	SMHI Sweden — meteorological station registry	スウェーデンSMHI — 気象観測所一覧	environment	weather	en	sweden,stations	86400	Full Swedish meteorological station list with coordinates.
geo-smhi-hydroobs	https://opendata-download-hydroobs.smhi.se/api/version/1.0/parameter/1.json	json:station	720	SMHI Sweden — hydrological station registry	スウェーデンSMHI — 水文観測所一覧	environment	flood	en	sweden,hydrology,stations	86400	Swedish river gauge network metadata.
geo-smhi-hydroobs-flow	https://opendata-download-hydroobs.smhi.se/api/version/1.0/parameter/2.json	json:station	720	SMHI Sweden — river discharge stations	スウェーデンSMHI — 河川流量観測所	environment	flood	en	sweden,hydrology,discharge	21600	Swedish discharge measurement sites and series metadata.
geo-smhi-oceanobs	https://opendata-download-ocobs.smhi.se/api/version/1.0/parameter/1.json	json:station	33	SMHI Sweden — oceanographic stations	スウェーデンSMHI — 海洋観測所	environment	ocean	en	sweden,ocean,stations	86400	Swedish oceanographic observation sites.
geo-smhi-ocobs-sealevel	https://opendata-download-ocobs.smhi.se/api/version/1.0/parameter/2.json	json:station	53	SMHI Sweden — sea level stations	スウェーデンSMHI — 潮位観測所	environment	ocean	en	sweden,sealevel,tidegauge	21600	Swedish sea level gauge network.
geo-ipma-warnings	https://api.ipma.pt/open-data/forecast/warnings/warnings_www.json	json-array	203	IPMA Portugal — weather warnings	ポルトガルIPMA — 気象警報	disaster	weather	en	portugal,ipma,warning	900	Portuguese warnings by district; areas are administrative districts.
geo-ipma-stations	https://api.ipma.pt/open-data/observation/meteorology/stations/stations.json	json-array	222	IPMA Portugal — observation stations	ポルトガルIPMA — 観測地点	environment	weather	en	portugal,ipma,stations	86400	Portuguese meteorological station registry with coordinates.
geo-ipma-forecast-cities	https://api.ipma.pt/open-data/distrits-islands.json	json:data	35	IPMA Portugal — districts and islands	ポルトガルIPMA — 県・諸島一覧	environment	weather	en	portugal,ipma,reference	86400	Portuguese forecast locations with coordinates.
geo-ipma-uv	https://api.ipma.pt/open-data/forecast/meteorology/uv/uv.json	json-array	160	IPMA Portugal — UV index forecast	ポルトガルIPMA — UV指数予報	environment	weather	en	portugal,uv,health	21600	UV index forecast per Portuguese location; keyed by station id.
geo-ipma-fire-risk	https://api.ipma.pt/open-data/forecast/meteorology/rcm/rcm-d0.json	json-object	1	IPMA Portugal — daily fire risk	ポルトガルIPMA — 日別火災危険度	disaster	wildfire	en	portugal,fire,risk	21600	Municipality-level rural fire danger rating; geometry is the municipality code.
geo-ipma-seismic-mainland	https://api.ipma.pt/open-data/observation/seismic/3.json	json:data	59	IPMA Portugal — mainland seismicity	ポルトガルIPMA — 本土の地震	disaster	seismic	en	portugal,earthquake,ipma	1800	Earthquakes located by IPMA in the mainland Portugal region.
geo-ipma-seismic-azores	https://api.ipma.pt/open-data/observation/seismic/7.json	json:data	327	IPMA Portugal — Azores seismicity	ポルトガルIPMA — アゾレス諸島の地震	disaster	seismic	en	portugal,azores,earthquake	1800	Azores archipelago seismicity, a very active volcanic-tectonic zone.
geo-imgw-synop	https://danepubliczne.imgw.pl/api/data/synop	json-array	62	IMGW Poland — synoptic observations	ポーランドIMGW — 総観観測	environment	weather	en	poland,imgw,observations	3600	Polish synoptic station observations; station names, no coordinates in payload.
geo-imgw-meteo	https://danepubliczne.imgw.pl/api/data/meteo	json-array	785	IMGW Poland — automatic meteorological stations	ポーランドIMGW — 自動気象観測	environment	weather	en	poland,imgw,observations	3600	Dense Polish automatic weather station observations with coordinates.
geo-imgw-hydro	https://danepubliczne.imgw.pl/api/data/hydro	json-array	913	IMGW Poland — river gauges	ポーランドIMGW — 河川水位	environment	flood	en	poland,imgw,hydrology	3600	Polish river water level and flow observations with station coordinates.
geo-imgw-warnings-hydro	https://danepubliczne.imgw.pl/api/data/warningshydro	json-array	78	IMGW Poland — hydrological warnings	ポーランドIMGW — 水文警報	disaster	flood	en	poland,imgw,warning	900	Polish flood warnings by catchment/administrative area.
geo-imgw-warnings-meteo	https://danepubliczne.imgw.pl/api/data/warningsmeteo	json-array	1	IMGW Poland — meteorological warnings	ポーランドIMGW — 気象警報	disaster	weather	en	poland,imgw,warning	900	Polish severe weather warnings by administrative area.
geo-hkobservatory-warnings	https://data.weather.gov.hk/weatherAPI/opendata/weather.php?dataType=warnsum&lang=en	json-object	1	Hong Kong Observatory — warning summary	香港天文台 — 警報概況	disaster	weather	en	hongkong,warning,typhoon	900	Current Hong Kong warning signals including tropical cyclone signals.
geo-hko-current	https://data.weather.gov.hk/weatherAPI/opendata/weather.php?dataType=rhrread&lang=en	json:temperature.data	26	Hong Kong Observatory — current weather report	香港天文台 — 現在の気象実況	environment	weather	en	hongkong,observations	1800	Hong Kong district temperature, rainfall and humidity readings.
geo-hko-9day	https://data.weather.gov.hk/weatherAPI/opendata/weather.php?dataType=fnd&lang=en	json:weatherForecast	9	Hong Kong Observatory — 9-day forecast	香港天文台 — 9日間予報	environment	weather	en	hongkong,forecast	10800	Nine-day Hong Kong forecast including tropical cyclone context.
geo-hko-earthquake	https://data.weather.gov.hk/weatherAPI/opendata/earthquake.php?dataType=qem&lang=en	json-object	1	Hong Kong Observatory — quick earthquake messages	香港天文台 — 地震速報	disaster	seismic	en	hongkong,earthquake	1800	HKO quick earthquake messages for regional events.
geo-hko-tides	https://data.weather.gov.hk/weatherAPI/opendata/opendata.php?dataType=HHOT&lang=en&rformat=json&station=CLK&year=2026	json:data	365	Hong Kong Observatory — tidal predictions	香港天文台 — 潮汐予測	environment	ocean	en	hongkong,tide,sealevel	86400	Hourly tidal height predictions for a Hong Kong station.
geo-korea-kma-rss	https://www.weather.go.kr/w/rss/dfs/hr1-forecast.do?zone=1100000000	rss	1	KMA Korea — short-range forecast feed	韓国気象庁 — 短期予報フィード	environment	weather	en	korea,kma,forecast	3600	Korean Meteorological Administration forecast RSS for a zone.
geo-singapore-nea-rainfall	https://api.data.gov.sg/v1/environment/rainfall	json:metadata.stations	77	NEA Singapore — rainfall gauges	シンガポールNEA — 雨量計	environment	weather	en	singapore,rainfall,observations	900	Singapore rain gauge network readings with station coordinates.
geo-jtwc-rss	https://www.metoc.navy.mil/jtwc/rss/jtwc.rss?tropics	rss	4	JTWC — tropical cyclone warnings	JTWC — 熱帯低気圧警報	disaster	weather	en	typhoon,jtwc,pacific	1800	Joint Typhoon Warning Center product feed for the Pacific and Indian Oceans.
geo-nhc-two-atlantic	https://www.nhc.noaa.gov/xml/TWOAT.xml	rss	1	NHC — Atlantic tropical weather outlook	NHC — 大西洋 熱帯気象概況	disaster	weather	en	hurricane,nhc,atlantic	1800	National Hurricane Center Atlantic development outlook.
geo-nhc-two-epac	https://www.nhc.noaa.gov/xml/TWOEP.xml	rss	1	NHC — Eastern Pacific tropical weather outlook	NHC — 東太平洋 熱帯気象概況	disaster	weather	en	hurricane,nhc,pacific	1800	NHC eastern North Pacific development outlook.
geo-nhc-two-cpac	https://www.nhc.noaa.gov/xml/TWOCP.xml	rss	1	NHC — Central Pacific tropical weather outlook	NHC — 中部太平洋 熱帯気象概況	disaster	weather	en	hurricane,nhc,pacific	1800	Central Pacific Hurricane Center development outlook.
geo-nhc-gis-active	https://www.nhc.noaa.gov/gis-at.xml	rss	1	NHC — Atlantic GIS product feed	NHC — 大西洋GISプロダクト	disaster	weather	en	hurricane,nhc,gis	1800	NHC GIS product announcements for active Atlantic systems.
geo-la-active-hurricanes	https://services9.arcgis.com/RHVPKKiFTONKtxq3/arcgis/rest/services/Active_Hurricanes_v1/FeatureServer/0/query?where=1%3D1&outFields=*&f=geojson&resultRecordCount=500	geojson	22	Active hurricanes and cyclones (Esri Living Atlas)	活動中のハリケーン・低気圧	disaster	weather	en	hurricane,cyclone,global	1800	Current global tropical cyclone positions from NHC/JTWC feeds.
geo-la-recent-hurricanes	https://services9.arcgis.com/RHVPKKiFTONKtxq3/arcgis/rest/services/Recent_Hurricanes_v1/FeatureServer/1/query?where=1%3D1&outFields=*&f=geojson&resultRecordCount=500	geojson	264	Recent hurricanes and cyclones (Esri Living Atlas)	最近のハリケーン・低気圧	disaster	weather	en	hurricane,cyclone,tracks	3600	Recent-season cyclone tracks and positions.
geo-spc-outlook-rss	https://www.spc.noaa.gov/products/spcacrss.xml	rss	1	SPC — convective outlook feed	SPC — 対流アウトルック	disaster	weather	en	usa,spc,severe,tornado	3600	Storm Prediction Center severe convective outlook product feed.
geo-noaa-storm-reports	https://www.spc.noaa.gov/climo/reports/today.csv	csv	158	SPC — today's local storm reports	SPC — 本日の現地被害報告	disaster	weather	en	usa,spc,tornado,hail	3600	Tornado, hail and wind reports logged today, with coordinates.
geo-la-noaa-storm-reports	https://services9.arcgis.com/RHVPKKiFTONKtxq3/arcgis/rest/services/NOAA_storm_reports_v1/FeatureServer/0/query?where=1%3D1&outFields=*&f=geojson&resultRecordCount=500	geojson	9	NOAA storm reports (Esri Living Atlas)	NOAA 暴風雨報告	disaster	weather	en	usa,noaa,storm,reports	3600	Recent US storm reports served as points.
geo-la-metar-wind	https://services9.arcgis.com/RHVPKKiFTONKtxq3/arcgis/rest/services/NOAA_METAR_current_wind_speed_direction_v1/FeatureServer/0/query?where=1%3D1&outFields=*&f=geojson&resultRecordCount=1000	geojson	1000	METAR current wind observations (global)	METAR 現在風観測(全球)	environment	weather	en	metar,wind,global	1800	Current wind speed and direction at global METAR stations.
geo-noaa-pacific-tsunami	https://www.tsunami.gov/events/xml/PHEBAtom.xml?v=2	atom	1	NTWC — Pacific tsunami bulletins	NTWC — 太平洋津波情報	disaster	ocean	en	tsunami,warning,pacific	600	US National Tsunami Warning Center Pacific bulletin feed.
geo-solomon-met	https://www.met.gov.sb/feed	rss	4	Solomon Islands Meteorological Service feed	ソロモン諸島気象局フィード	disaster	weather	en	pacific,solomon,warning	10800	National met service bulletin feed for the Solomon Islands.
geo-firms-modis-europe-24h	https://firms.modaps.eosdis.nasa.gov/data/active_fire/modis-c6.1/csv/MODIS_C6_1_Europe_24h.csv	csv	703	NASA FIRMS MODIS (Terra/Aqua) active fire — Europe (24 h)	NASA FIRMS MODIS(Terra/Aqua) 活動火災 — ヨーロッパ(24時間)	disaster	wildfire	en	wildfire,firms,nasa,hotspot,europe	3600	Keyless FIRMS near-real-time thermal anomaly detections over Europe with per-pixel coordinates and fire radiative power.
geo-firms-modis-russia-24h	https://firms.modaps.eosdis.nasa.gov/data/active_fire/modis-c6.1/csv/MODIS_C6_1_Russia_Asia_24h.csv	csv	2553	NASA FIRMS MODIS (Terra/Aqua) active fire — Russia and northern Asia (24 h)	NASA FIRMS MODIS(Terra/Aqua) 活動火災 — ロシア・北アジア(24時間)	disaster	wildfire	en	wildfire,firms,nasa,hotspot,russia	3600	Keyless FIRMS near-real-time thermal anomaly detections over Russia and northern Asia with per-pixel coordinates and fire radiative power.
geo-firms-modis-seasia-24h	https://firms.modaps.eosdis.nasa.gov/data/active_fire/modis-c6.1/csv/MODIS_C6_1_SouthEast_Asia_24h.csv	csv	2035	NASA FIRMS MODIS (Terra/Aqua) active fire — Southeast Asia (24 h)	NASA FIRMS MODIS(Terra/Aqua) 活動火災 — 東南アジア(24時間)	disaster	wildfire	en	wildfire,firms,nasa,hotspot,seasia	3600	Keyless FIRMS near-real-time thermal anomaly detections over Southeast Asia with per-pixel coordinates and fire radiative power.
geo-firms-modis-sasia-24h	https://firms.modaps.eosdis.nasa.gov/data/active_fire/modis-c6.1/csv/MODIS_C6_1_South_Asia_24h.csv	csv	104	NASA FIRMS MODIS (Terra/Aqua) active fire — South Asia (24 h)	NASA FIRMS MODIS(Terra/Aqua) 活動火災 — 南アジア(24時間)	disaster	wildfire	en	wildfire,firms,nasa,hotspot,sasia	3600	Keyless FIRMS near-real-time thermal anomaly detections over South Asia with per-pixel coordinates and fire radiative power.
geo-firms-modis-samerica-24h	https://firms.modaps.eosdis.nasa.gov/data/active_fire/modis-c6.1/csv/MODIS_C6_1_South_America_24h.csv	csv	2300	NASA FIRMS MODIS (Terra/Aqua) active fire — South America (24 h)	NASA FIRMS MODIS(Terra/Aqua) 活動火災 — 南米(24時間)	disaster	wildfire	en	wildfire,firms,nasa,hotspot,samerica	3600	Keyless FIRMS near-real-time thermal anomaly detections over South America with per-pixel coordinates and fire radiative power.
geo-firms-modis-camerica-24h	https://firms.modaps.eosdis.nasa.gov/data/active_fire/modis-c6.1/csv/MODIS_C6_1_Central_America_24h.csv	csv	555	NASA FIRMS MODIS (Terra/Aqua) active fire — Central America (24 h)	NASA FIRMS MODIS(Terra/Aqua) 活動火災 — 中米(24時間)	disaster	wildfire	en	wildfire,firms,nasa,hotspot,camerica	3600	Keyless FIRMS near-real-time thermal anomaly detections over Central America with per-pixel coordinates and fire radiative power.
geo-firms-modis-canada-24h	https://firms.modaps.eosdis.nasa.gov/data/active_fire/modis-c6.1/csv/MODIS_C6_1_Canada_24h.csv	csv	2528	NASA FIRMS MODIS (Terra/Aqua) active fire — Canada (24 h)	NASA FIRMS MODIS(Terra/Aqua) 活動火災 — カナダ(24時間)	disaster	wildfire	en	wildfire,firms,nasa,hotspot,canada	3600	Keyless FIRMS near-real-time thermal anomaly detections over Canada with per-pixel coordinates and fire radiative power.
geo-firms-modis-alaska-24h	https://firms.modaps.eosdis.nasa.gov/data/active_fire/modis-c6.1/csv/MODIS_C6_1_Alaska_24h.csv	csv	28	NASA FIRMS MODIS (Terra/Aqua) active fire — Alaska (24 h)	NASA FIRMS MODIS(Terra/Aqua) 活動火災 — アラスカ(24時間)	disaster	wildfire	en	wildfire,firms,nasa,hotspot,alaska	3600	Keyless FIRMS near-real-time thermal anomaly detections over Alaska with per-pixel coordinates and fire radiative power.
geo-firms-modis-usa-24h	https://firms.modaps.eosdis.nasa.gov/data/active_fire/modis-c6.1/csv/MODIS_C6_1_USA_contiguous_and_Hawaii_24h.csv	csv	2522	NASA FIRMS MODIS (Terra/Aqua) active fire — United States (contiguous) and Hawaii (24 h)	NASA FIRMS MODIS(Terra/Aqua) 活動火災 — 米国本土・ハワイ(24時間)	disaster	wildfire	en	wildfire,firms,nasa,hotspot,usa	3600	Keyless FIRMS near-real-time thermal anomaly detections over United States (contiguous) and Hawaii with per-pixel coordinates and fire radiative power.
geo-firms-modis-nafrica-24h	https://firms.modaps.eosdis.nasa.gov/data/active_fire/modis-c6.1/csv/MODIS_C6_1_Northern_and_Central_Africa_24h.csv	csv	2621	NASA FIRMS MODIS (Terra/Aqua) active fire — Northern and Central Africa (24 h)	NASA FIRMS MODIS(Terra/Aqua) 活動火災 — 北・中部アフリカ(24時間)	disaster	wildfire	en	wildfire,firms,nasa,hotspot,nafrica	3600	Keyless FIRMS near-real-time thermal anomaly detections over Northern and Central Africa with per-pixel coordinates and fire radiative power.
geo-firms-modis-safrica-24h	https://firms.modaps.eosdis.nasa.gov/data/active_fire/modis-c6.1/csv/MODIS_C6_1_Southern_Africa_24h.csv	csv	2582	NASA FIRMS MODIS (Terra/Aqua) active fire — Southern Africa (24 h)	NASA FIRMS MODIS(Terra/Aqua) 活動火災 — 南部アフリカ(24時間)	disaster	wildfire	en	wildfire,firms,nasa,hotspot,safrica	3600	Keyless FIRMS near-real-time thermal anomaly detections over Southern Africa with per-pixel coordinates and fire radiative power.
geo-firms-modis-anz-24h	https://firms.modaps.eosdis.nasa.gov/data/active_fire/modis-c6.1/csv/MODIS_C6_1_Australia_NewZealand_24h.csv	csv	1364	NASA FIRMS MODIS (Terra/Aqua) active fire — Australia and New Zealand (24 h)	NASA FIRMS MODIS(Terra/Aqua) 活動火災 — オーストラリア・ニュージーランド(24時間)	disaster	wildfire	en	wildfire,firms,nasa,hotspot,anz	3600	Keyless FIRMS near-real-time thermal anomaly detections over Australia and New Zealand with per-pixel coordinates and fire radiative power.
geo-firms-viirs-europe-24h	https://firms.modaps.eosdis.nasa.gov/data/active_fire/suomi-npp-viirs-c2/csv/SUOMI_VIIRS_C2_Europe_24h.csv	csv	2480	NASA FIRMS VIIRS S-NPP active fire — Europe (24 h)	NASA FIRMS VIIRS S-NPP 活動火災 — ヨーロッパ(24時間)	disaster	wildfire	en	wildfire,firms,nasa,hotspot,europe	3600	Keyless FIRMS near-real-time thermal anomaly detections over Europe with per-pixel coordinates and fire radiative power.
geo-firms-viirs-russia-24h	https://firms.modaps.eosdis.nasa.gov/data/active_fire/suomi-npp-viirs-c2/csv/SUOMI_VIIRS_C2_Russia_Asia_24h.csv	csv	2453	NASA FIRMS VIIRS S-NPP active fire — Russia and northern Asia (24 h)	NASA FIRMS VIIRS S-NPP 活動火災 — ロシア・北アジア(24時間)	disaster	wildfire	en	wildfire,firms,nasa,hotspot,russia	3600	Keyless FIRMS near-real-time thermal anomaly detections over Russia and northern Asia with per-pixel coordinates and fire radiative power.
geo-firms-viirs-seasia-24h	https://firms.modaps.eosdis.nasa.gov/data/active_fire/suomi-npp-viirs-c2/csv/SUOMI_VIIRS_C2_SouthEast_Asia_24h.csv	csv	2455	NASA FIRMS VIIRS S-NPP active fire — Southeast Asia (24 h)	NASA FIRMS VIIRS S-NPP 活動火災 — 東南アジア(24時間)	disaster	wildfire	en	wildfire,firms,nasa,hotspot,seasia	3600	Keyless FIRMS near-real-time thermal anomaly detections over Southeast Asia with per-pixel coordinates and fire radiative power.
geo-firms-viirs-sasia-24h	https://firms.modaps.eosdis.nasa.gov/data/active_fire/suomi-npp-viirs-c2/csv/SUOMI_VIIRS_C2_South_Asia_24h.csv	csv	788	NASA FIRMS VIIRS S-NPP active fire — South Asia (24 h)	NASA FIRMS VIIRS S-NPP 活動火災 — 南アジア(24時間)	disaster	wildfire	en	wildfire,firms,nasa,hotspot,sasia	3600	Keyless FIRMS near-real-time thermal anomaly detections over South Asia with per-pixel coordinates and fire radiative power.
geo-firms-viirs-samerica-24h	https://firms.modaps.eosdis.nasa.gov/data/active_fire/suomi-npp-viirs-c2/csv/SUOMI_VIIRS_C2_South_America_24h.csv	csv	2422	NASA FIRMS VIIRS S-NPP active fire — South America (24 h)	NASA FIRMS VIIRS S-NPP 活動火災 — 南米(24時間)	disaster	wildfire	en	wildfire,firms,nasa,hotspot,samerica	3600	Keyless FIRMS near-real-time thermal anomaly detections over South America with per-pixel coordinates and fire radiative power.
geo-firms-viirs-camerica-24h	https://firms.modaps.eosdis.nasa.gov/data/active_fire/suomi-npp-viirs-c2/csv/SUOMI_VIIRS_C2_Central_America_24h.csv	csv	2446	NASA FIRMS VIIRS S-NPP active fire — Central America (24 h)	NASA FIRMS VIIRS S-NPP 活動火災 — 中米(24時間)	disaster	wildfire	en	wildfire,firms,nasa,hotspot,camerica	3600	Keyless FIRMS near-real-time thermal anomaly detections over Central America with per-pixel coordinates and fire radiative power.
geo-firms-viirs-canada-24h	https://firms.modaps.eosdis.nasa.gov/data/active_fire/suomi-npp-viirs-c2/csv/SUOMI_VIIRS_C2_Canada_24h.csv	csv	2405	NASA FIRMS VIIRS S-NPP active fire — Canada (24 h)	NASA FIRMS VIIRS S-NPP 活動火災 — カナダ(24時間)	disaster	wildfire	en	wildfire,firms,nasa,hotspot,canada	3600	Keyless FIRMS near-real-time thermal anomaly detections over Canada with per-pixel coordinates and fire radiative power.
geo-firms-viirs-alaska-24h	https://firms.modaps.eosdis.nasa.gov/data/active_fire/suomi-npp-viirs-c2/csv/SUOMI_VIIRS_C2_Alaska_24h.csv	csv	78	NASA FIRMS VIIRS S-NPP active fire — Alaska (24 h)	NASA FIRMS VIIRS S-NPP 活動火災 — アラスカ(24時間)	disaster	wildfire	en	wildfire,firms,nasa,hotspot,alaska	3600	Keyless FIRMS near-real-time thermal anomaly detections over Alaska with per-pixel coordinates and fire radiative power.
geo-firms-viirs-usa-24h	https://firms.modaps.eosdis.nasa.gov/data/active_fire/suomi-npp-viirs-c2/csv/SUOMI_VIIRS_C2_USA_contiguous_and_Hawaii_24h.csv	csv	2410	NASA FIRMS VIIRS S-NPP active fire — United States (contiguous) and Hawaii (24 h)	NASA FIRMS VIIRS S-NPP 活動火災 — 米国本土・ハワイ(24時間)	disaster	wildfire	en	wildfire,firms,nasa,hotspot,usa	3600	Keyless FIRMS near-real-time thermal anomaly detections over United States (contiguous) and Hawaii with per-pixel coordinates and fire radiative power.
geo-firms-viirs-nafrica-24h	https://firms.modaps.eosdis.nasa.gov/data/active_fire/suomi-npp-viirs-c2/csv/SUOMI_VIIRS_C2_Northern_and_Central_Africa_24h.csv	csv	2483	NASA FIRMS VIIRS S-NPP active fire — Northern and Central Africa (24 h)	NASA FIRMS VIIRS S-NPP 活動火災 — 北・中部アフリカ(24時間)	disaster	wildfire	en	wildfire,firms,nasa,hotspot,nafrica	3600	Keyless FIRMS near-real-time thermal anomaly detections over Northern and Central Africa with per-pixel coordinates and fire radiative power.
geo-firms-viirs-safrica-24h	https://firms.modaps.eosdis.nasa.gov/data/active_fire/suomi-npp-viirs-c2/csv/SUOMI_VIIRS_C2_Southern_Africa_24h.csv	csv	2453	NASA FIRMS VIIRS S-NPP active fire — Southern Africa (24 h)	NASA FIRMS VIIRS S-NPP 活動火災 — 南部アフリカ(24時間)	disaster	wildfire	en	wildfire,firms,nasa,hotspot,safrica	3600	Keyless FIRMS near-real-time thermal anomaly detections over Southern Africa with per-pixel coordinates and fire radiative power.
geo-firms-viirs-anz-24h	https://firms.modaps.eosdis.nasa.gov/data/active_fire/suomi-npp-viirs-c2/csv/SUOMI_VIIRS_C2_Australia_NewZealand_24h.csv	csv	2416	NASA FIRMS VIIRS S-NPP active fire — Australia and New Zealand (24 h)	NASA FIRMS VIIRS S-NPP 活動火災 — オーストラリア・ニュージーランド(24時間)	disaster	wildfire	en	wildfire,firms,nasa,hotspot,anz	3600	Keyless FIRMS near-real-time thermal anomaly detections over Australia and New Zealand with per-pixel coordinates and fire radiative power.
geo-firms-j1-europe	https://firms.modaps.eosdis.nasa.gov/data/active_fire/noaa-20-viirs-c2/csv/J1_VIIRS_C2_Europe_24h.csv	csv	2420	NASA FIRMS VIIRS NOAA-20 active fire — Europe (24 h)	NASA FIRMS VIIRS NOAA-20 活動火災 — ヨーロッパ(24時間)	disaster	wildfire	en	wildfire,firms,nasa,hotspot,europe	3600	Keyless FIRMS near-real-time thermal anomaly detections over Europe with per-pixel coordinates and fire radiative power.
geo-firms-j1-russia	https://firms.modaps.eosdis.nasa.gov/data/active_fire/noaa-20-viirs-c2/csv/J1_VIIRS_C2_Russia_Asia_24h.csv	csv	2401	NASA FIRMS VIIRS NOAA-20 active fire — Russia and northern Asia (24 h)	NASA FIRMS VIIRS NOAA-20 活動火災 — ロシア・北アジア(24時間)	disaster	wildfire	en	wildfire,firms,nasa,hotspot,russia	3600	Keyless FIRMS near-real-time thermal anomaly detections over Russia and northern Asia with per-pixel coordinates and fire radiative power.
geo-firms-j1-seasia	https://firms.modaps.eosdis.nasa.gov/data/active_fire/noaa-20-viirs-c2/csv/J1_VIIRS_C2_SouthEast_Asia_24h.csv	csv	2384	NASA FIRMS VIIRS NOAA-20 active fire — Southeast Asia (24 h)	NASA FIRMS VIIRS NOAA-20 活動火災 — 東南アジア(24時間)	disaster	wildfire	en	wildfire,firms,nasa,hotspot,seasia	3600	Keyless FIRMS near-real-time thermal anomaly detections over Southeast Asia with per-pixel coordinates and fire radiative power.
geo-firms-j1-sasia	https://firms.modaps.eosdis.nasa.gov/data/active_fire/noaa-20-viirs-c2/csv/J1_VIIRS_C2_South_Asia_24h.csv	csv	823	NASA FIRMS VIIRS NOAA-20 active fire — South Asia (24 h)	NASA FIRMS VIIRS NOAA-20 活動火災 — 南アジア(24時間)	disaster	wildfire	en	wildfire,firms,nasa,hotspot,sasia	3600	Keyless FIRMS near-real-time thermal anomaly detections over South Asia with per-pixel coordinates and fire radiative power.
geo-firms-j1-samerica	https://firms.modaps.eosdis.nasa.gov/data/active_fire/noaa-20-viirs-c2/csv/J1_VIIRS_C2_South_America_24h.csv	csv	2366	NASA FIRMS VIIRS NOAA-20 active fire — South America (24 h)	NASA FIRMS VIIRS NOAA-20 活動火災 — 南米(24時間)	disaster	wildfire	en	wildfire,firms,nasa,hotspot,samerica	3600	Keyless FIRMS near-real-time thermal anomaly detections over South America with per-pixel coordinates and fire radiative power.
geo-firms-j1-camerica	https://firms.modaps.eosdis.nasa.gov/data/active_fire/noaa-20-viirs-c2/csv/J1_VIIRS_C2_Central_America_24h.csv	csv	2390	NASA FIRMS VIIRS NOAA-20 active fire — Central America (24 h)	NASA FIRMS VIIRS NOAA-20 活動火災 — 中米(24時間)	disaster	wildfire	en	wildfire,firms,nasa,hotspot,camerica	3600	Keyless FIRMS near-real-time thermal anomaly detections over Central America with per-pixel coordinates and fire radiative power.
geo-firms-j1-canada	https://firms.modaps.eosdis.nasa.gov/data/active_fire/noaa-20-viirs-c2/csv/J1_VIIRS_C2_Canada_24h.csv	csv	2348	NASA FIRMS VIIRS NOAA-20 active fire — Canada (24 h)	NASA FIRMS VIIRS NOAA-20 活動火災 — カナダ(24時間)	disaster	wildfire	en	wildfire,firms,nasa,hotspot,canada	3600	Keyless FIRMS near-real-time thermal anomaly detections over Canada with per-pixel coordinates and fire radiative power.
geo-firms-j1-alaska	https://firms.modaps.eosdis.nasa.gov/data/active_fire/noaa-20-viirs-c2/csv/J1_VIIRS_C2_Alaska_24h.csv	csv	80	NASA FIRMS VIIRS NOAA-20 active fire — Alaska (24 h)	NASA FIRMS VIIRS NOAA-20 活動火災 — アラスカ(24時間)	disaster	wildfire	en	wildfire,firms,nasa,hotspot,alaska	3600	Keyless FIRMS near-real-time thermal anomaly detections over Alaska with per-pixel coordinates and fire radiative power.
geo-firms-j1-usa	https://firms.modaps.eosdis.nasa.gov/data/active_fire/noaa-20-viirs-c2/csv/J1_VIIRS_C2_USA_contiguous_and_Hawaii_24h.csv	csv	2348	NASA FIRMS VIIRS NOAA-20 active fire — United States (contiguous) and Hawaii (24 h)	NASA FIRMS VIIRS NOAA-20 活動火災 — 米国本土・ハワイ(24時間)	disaster	wildfire	en	wildfire,firms,nasa,hotspot,usa	3600	Keyless FIRMS near-real-time thermal anomaly detections over United States (contiguous) and Hawaii with per-pixel coordinates and fire radiative power.
geo-firms-j1-nafrica	https://firms.modaps.eosdis.nasa.gov/data/active_fire/noaa-20-viirs-c2/csv/J1_VIIRS_C2_Northern_and_Central_Africa_24h.csv	csv	2419	NASA FIRMS VIIRS NOAA-20 active fire — Northern and Central Africa (24 h)	NASA FIRMS VIIRS NOAA-20 活動火災 — 北・中部アフリカ(24時間)	disaster	wildfire	en	wildfire,firms,nasa,hotspot,nafrica	3600	Keyless FIRMS near-real-time thermal anomaly detections over Northern and Central Africa with per-pixel coordinates and fire radiative power.
geo-firms-j1-safrica	https://firms.modaps.eosdis.nasa.gov/data/active_fire/noaa-20-viirs-c2/csv/J1_VIIRS_C2_Southern_Africa_24h.csv	csv	2387	NASA FIRMS VIIRS NOAA-20 active fire — Southern Africa (24 h)	NASA FIRMS VIIRS NOAA-20 活動火災 — 南部アフリカ(24時間)	disaster	wildfire	en	wildfire,firms,nasa,hotspot,safrica	3600	Keyless FIRMS near-real-time thermal anomaly detections over Southern Africa with per-pixel coordinates and fire radiative power.
geo-firms-j1-anz	https://firms.modaps.eosdis.nasa.gov/data/active_fire/noaa-20-viirs-c2/csv/J1_VIIRS_C2_Australia_NewZealand_24h.csv	csv	2360	NASA FIRMS VIIRS NOAA-20 active fire — Australia and New Zealand (24 h)	NASA FIRMS VIIRS NOAA-20 活動火災 — オーストラリア・ニュージーランド(24時間)	disaster	wildfire	en	wildfire,firms,nasa,hotspot,anz	3600	Keyless FIRMS near-real-time thermal anomaly detections over Australia and New Zealand with per-pixel coordinates and fire radiative power.
geo-firms-j2-europe	https://firms.modaps.eosdis.nasa.gov/data/active_fire/noaa-21-viirs-c2/csv/J2_VIIRS_C2_Europe_24h.csv	csv	2418	NASA FIRMS VIIRS NOAA-21 active fire — Europe (24 h)	NASA FIRMS VIIRS NOAA-21 活動火災 — ヨーロッパ(24時間)	disaster	wildfire	en	wildfire,firms,nasa,hotspot,europe	3600	Keyless FIRMS near-real-time thermal anomaly detections over Europe with per-pixel coordinates and fire radiative power.
geo-firms-j2-seasia	https://firms.modaps.eosdis.nasa.gov/data/active_fire/noaa-21-viirs-c2/csv/J2_VIIRS_C2_SouthEast_Asia_24h.csv	csv	2398	NASA FIRMS VIIRS NOAA-21 active fire — Southeast Asia (24 h)	NASA FIRMS VIIRS NOAA-21 活動火災 — 東南アジア(24時間)	disaster	wildfire	en	wildfire,firms,nasa,hotspot,seasia	3600	Keyless FIRMS near-real-time thermal anomaly detections over Southeast Asia with per-pixel coordinates and fire radiative power.
geo-firms-j2-samerica	https://firms.modaps.eosdis.nasa.gov/data/active_fire/noaa-21-viirs-c2/csv/J2_VIIRS_C2_South_America_24h.csv	csv	2361	NASA FIRMS VIIRS NOAA-21 active fire — South America (24 h)	NASA FIRMS VIIRS NOAA-21 活動火災 — 南米(24時間)	disaster	wildfire	en	wildfire,firms,nasa,hotspot,samerica	3600	Keyless FIRMS near-real-time thermal anomaly detections over South America with per-pixel coordinates and fire radiative power.
geo-firms-j2-nafrica	https://firms.modaps.eosdis.nasa.gov/data/active_fire/noaa-21-viirs-c2/csv/J2_VIIRS_C2_Northern_and_Central_Africa_24h.csv	csv	2425	NASA FIRMS VIIRS NOAA-21 active fire — Northern and Central Africa (24 h)	NASA FIRMS VIIRS NOAA-21 活動火災 — 北・中部アフリカ(24時間)	disaster	wildfire	en	wildfire,firms,nasa,hotspot,nafrica	3600	Keyless FIRMS near-real-time thermal anomaly detections over Northern and Central Africa with per-pixel coordinates and fire radiative power.
geo-firms-j2-anz	https://firms.modaps.eosdis.nasa.gov/data/active_fire/noaa-21-viirs-c2/csv/J2_VIIRS_C2_Australia_NewZealand_24h.csv	csv	2363	NASA FIRMS VIIRS NOAA-21 active fire — Australia and New Zealand (24 h)	NASA FIRMS VIIRS NOAA-21 活動火災 — オーストラリア・ニュージーランド(24時間)	disaster	wildfire	en	wildfire,firms,nasa,hotspot,anz	3600	Keyless FIRMS near-real-time thermal anomaly detections over Australia and New Zealand with per-pixel coordinates and fire radiative power.
geo-firms-modis-global-24h	https://firms.modaps.eosdis.nasa.gov/data/active_fire/modis-c6.1/csv/MODIS_C6_1_Global_24h.csv	csv	2554	NASA FIRMS MODIS active fire — global (24 h)	NASA FIRMS MODIS 活動火災 — 全球(24時間)	disaster	wildfire	en	wildfire,firms,nasa,global	3600	Global MODIS active fire detections for the last 24 hours.
geo-firms-modis-nasia-24h	https://firms.modaps.eosdis.nasa.gov/data/active_fire/modis-c6.1/csv/MODIS_C6_1_Europe_48h.csv	csv	1006	NASA FIRMS MODIS active fire — Europe (48 h)	NASA FIRMS MODIS 活動火災 — 欧州(48時間)	disaster	wildfire	en	wildfire,firms,nasa,europe	7200	48-hour MODIS window over Europe, giving persistence context for 24 h detections.
geo-nasa-firms-viirs-jp	https://firms.modaps.eosdis.nasa.gov/data/active_fire/suomi-npp-viirs-c2/csv/SUOMI_VIIRS_C2_Russia_Asia_48h.csv	csv	2452	NASA FIRMS VIIRS active fire — Russia/Asia (48 h)	NASA FIRMS VIIRS 活動火災 — ロシア・アジア(48時間)	disaster	wildfire	en	wildfire,firms,nasa,asia	7200	48-hour VIIRS window covering Siberia, the Russian Far East and northeast Asia.
geo-nifc-incidents	https://services3.arcgis.com/T4QMspbfLg3qTGWY/arcgis/rest/services/WFIGS_Incident_Locations_Current/FeatureServer/0/query?where=1%3D1&outFields=*&f=geojson&resultRecordCount=1000	geojson	557	NIFC — current US wildfire incident locations	NIFC — 米国 現行山火事位置	disaster	wildfire	en	usa,wildfire,nifc,incident	1800	Authoritative US interagency wildfire incident points with size and containment.
geo-nifc-perimeters-tiny	https://services3.arcgis.com/T4QMspbfLg3qTGWY/arcgis/rest/services/WFIGS_Interagency_Perimeters_Current/FeatureServer/0/query?where=1%3D1&outFields=poly_IncidentName&f=geojson&resultRecordCount=25&geometryPrecision=2	geojson	25	NIFC — current US wildfire perimeters	NIFC — 米国 現行延焼域	disaster	wildfire	en	usa,wildfire,perimeter	3600	Current interagency fire perimeter polygons (subset to keep payload small).
geo-nifc-usa-wildfires	https://services9.arcgis.com/RHVPKKiFTONKtxq3/arcgis/rest/services/USA_Wildfires_v1/FeatureServer/0/query?where=1%3D1&outFields=*&f=geojson&resultRecordCount=1000	geojson	579	USA current wildfires (Esri Living Atlas)	米国 現行山火事	disaster	wildfire	en	usa,wildfire,incident	1800	Aggregated current US wildfire incidents.
geo-la-wildfire-aggregated	https://services9.arcgis.com/RHVPKKiFTONKtxq3/arcgis/rest/services/Wildfire_aggregated_v1/FeatureServer/0/query?where=1%3D1&outFields=*&f=geojson&resultRecordCount=1000	geojson	580	Global aggregated wildfire activity (Esri)	世界の山火事活動 集約	disaster	wildfire	en	wildfire,global,aggregated	3600	Aggregated wildfire activity clusters derived from satellite detections.
geo-la-viirs-thermal	https://services9.arcgis.com/RHVPKKiFTONKtxq3/arcgis/rest/services/Satellite_VIIRS_Thermal_Hotspots_and_Fire_Activity/FeatureServer/0/query?where=1%3D1&outFields=*&f=geojson&resultRecordCount=1000	geojson	1000	VIIRS thermal hotspots and fire activity	VIIRS 熱異常・火災活動	disaster	wildfire	en	wildfire,viirs,thermal	3600	VIIRS thermal anomalies served as points with brightness and FRP.
geo-la-modis-thermal	https://services9.arcgis.com/RHVPKKiFTONKtxq3/arcgis/rest/services/MODIS_Thermal_v1/FeatureServer/0/query?where=1%3D1&outFields=*&f=geojson&resultRecordCount=1000	geojson	1000	MODIS thermal hotspots	MODIS 熱異常	disaster	wildfire	en	wildfire,modis,thermal	3600	MODIS thermal anomaly points with confidence and FRP.
geo-cwfis-hotspots	https://cwfis.cfs.nrcan.gc.ca/geoserver/public/ows?service=WFS&version=2.0.0&request=GetFeature&typeName=public:hotspots&outputFormat=application/json&count=2000	geojson	2000	CWFIS Canada — satellite fire hotspots	カナダCWFIS — 衛星熱源	disaster	wildfire	en	canada,wildfire,hotspot	3600	Canadian Wildland Fire Information System satellite hotspot detections.
geo-cwfis-hotspots-24h	https://cwfis.cfs.nrcan.gc.ca/geoserver/public/ows?service=WFS&version=2.0.0&request=GetFeature&typeName=public:hotspots_last24hrs&outputFormat=application/json&count=2000	geojson	2000	CWFIS Canada — hotspots, last 24 hours	カナダCWFIS — 熱源(直近24時間)	disaster	wildfire	en	canada,wildfire,hotspot	3600	Canadian hotspot detections restricted to the last day.
geo-cwfis-m3-polygons	https://cwfis.cfs.nrcan.gc.ca/geoserver/public/ows?service=WFS&version=2.0.0&request=GetFeature&typeName=public:m3_polygons_current&outputFormat=application/json&count=300	geojson	300	CWFIS Canada — M3 fire perimeters	カナダCWFIS — M3 延焼域	disaster	wildfire	en	canada,wildfire,perimeter	7200	Satellite-derived Canadian fire perimeter polygons.
geo-cwfis-fdr	https://cwfis.cfs.nrcan.gc.ca/geoserver/public/ows?service=WFS&version=2.0.0&request=GetFeature&typeName=public:firewx_stns_current&outputFormat=application/json&count=1000	geojson	1000	CWFIS Canada — fire weather stations	カナダCWFIS — 火災気象観測所	disaster	wildfire	en	canada,firewx,stations	21600	Canadian fire weather station network with current indices.
geo-cwfis-fdr-current	https://cwfis.cfs.nrcan.gc.ca/geoserver/public/ows?service=WFS&version=2.0.0&request=GetFeature&typeName=public:fdr_current_shp&outputFormat=application/json&count=300&geometryPrecision=3	geojson	300	CWFIS Canada — fire danger rating areas	カナダCWFIS — 火災危険度区域	disaster	wildfire	en	canada,firedanger	21600	Current Canadian fire danger rating polygons.
geo-cwfis-firewx-naefs	https://cwfis.cfs.nrcan.gc.ca/geoserver/public/ows?service=WFS&version=2.0.0&request=GetFeature&typeName=public:firewx_naefs&outputFormat=application/json&count=500	geojson	500	CWFIS Canada — NAEFS fire weather forecast	カナダCWFIS — NAEFS 火災気象予報	disaster	wildfire	en	canada,firewx,forecast	21600	Ensemble fire weather forecast values at Canadian stations.
geo-cwfis-firewx-scribe	https://cwfis.cfs.nrcan.gc.ca/geoserver/public/ows?service=WFS&version=2.0.0&request=GetFeature&typeName=public:firewx_scribe_fcst&outputFormat=application/json&count=500	geojson	500	CWFIS Canada — SCRIBE fire weather forecast	カナダCWFIS — SCRIBE 火災気象予報	disaster	wildfire	en	canada,firewx,forecast	21600	SCRIBE-based fire weather forecast at Canadian stations.
geo-cwfis-nfdb-points	https://cwfis.cfs.nrcan.gc.ca/geoserver/public/ows?service=WFS&version=2.0.0&request=GetFeature&typeName=public:NFDB_point&outputFormat=application/json&count=500	geojson	500	CWFIS Canada — national fire database points	カナダCWFIS — 全国火災データベース	science	wildfire	en	canada,wildfire,historical	86400	Historical Canadian fire ignition points for baseline statistics.
geo-nsw-rfs-incidents	https://www.rfs.nsw.gov.au/feeds/majorIncidents.json	geojson	80	NSW Rural Fire Service — major incidents	NSW地方消防局 — 主要事案	disaster	wildfire	en	australia,nsw,wildfire,incident	900	Live NSW bushfire and incident feed as GeoJSON with alert level.
geo-nsw-rfs-rss	https://www.rfs.nsw.gov.au/feeds/majorIncidents.xml	rss	80	NSW Rural Fire Service — major incidents (GeoRSS)	NSW地方消防局 — 主要事案(GeoRSS)	disaster	wildfire	en	australia,nsw,wildfire	900	GeoRSS form of the NSW RFS major incident feed.
geo-qld-bushfire	https://publiccontent-gis-psba-qld-gov-au.s3.amazonaws.com/content/Feeds/BushfireCurrentIncidents/bushfireAlert.json	geojson	50	Queensland — current bushfire alerts	クイーンズランド州 — 山火事警報	disaster	wildfire	en	australia,queensland,wildfire	900	Queensland current bushfire warning points and areas.
geo-vic-emergency	https://emergency.vic.gov.au/public/osom-geojson.json	geojson	94	Victoria — all emergency incidents	ビクトリア州 — 緊急事案全般	disaster	wildfire	en	australia,victoria,emergency	900	Victorian emergency incidents including fires, floods and hazmat.
geo-vic-emergency-warnings	https://emergency.vic.gov.au/public/events-geojson.json	geojson	34	Victoria — emergency warnings	ビクトリア州 — 緊急警報	disaster	wildfire	en	australia,victoria,warning	900	Victorian emergency warning events with geometry.
geo-sa-cfs-incidents	https://data.eso.sa.gov.au/prod/cfs/criimson/cfs_current_incidents.json	json-array	7	South Australia CFS — current incidents	南オーストラリア州CFS — 現行事案	disaster	wildfire	en	australia,southaustralia,wildfire	900	South Australian Country Fire Service incident list.
geo-fogos-pt-active	https://api.fogos.pt/v2/incidents/active	json:data	15	Fogos.pt — active Portuguese wildfires	Fogos.pt — ポルトガル 活動中火災	disaster	wildfire	en	portugal,wildfire,incident	900	Live Portuguese wildfire incidents with resources committed and coordinates.
geo-nasa-eonet-wildfires	https://eonet.gsfc.nasa.gov/api/v3/events/geojson?category=wildfires&limit=200&status=open	geojson	200	NASA EONET — open wildfire events	NASA EONET — 山火事イベント	disaster	wildfire	en	wildfire,eonet,nasa	3600	Curated large wildfire events tracked by NASA EONET.
geo-usgs-water-latest-continuous	https://api.waterdata.usgs.gov/ogcapi/v0/collections/latest-continuous/items?f=json&limit=500	geojson	500	USGS Water — latest continuous readings	USGS水文 — 最新連続観測	environment	flood	en	usa,usgs,hydrology,realtime	900	Latest continuous gauge values across the US national water network.
geo-usgs-water-latest-daily	https://api.waterdata.usgs.gov/ogcapi/v0/collections/latest-daily/items?f=json&limit=500	geojson	500	USGS Water — latest daily values	USGS水文 — 最新日値	environment	flood	en	usa,usgs,hydrology,daily	21600	Most recent daily statistics per USGS monitoring location.
geo-usgs-water-daily	https://api.waterdata.usgs.gov/ogcapi/v0/collections/daily/items?f=json&limit=300	geojson	300	USGS Water — daily values	USGS水文 — 日値	environment	flood	en	usa,usgs,hydrology	21600	Daily discharge and stage values from USGS gauges.
geo-usgs-water-field-meas	https://api.waterdata.usgs.gov/ogcapi/v0/collections/latest-field-measurements/items?f=json&limit=300	geojson	300	USGS Water — latest field measurements	USGS水文 — 最新現地観測	environment	flood	en	usa,usgs,hydrology,field	86400	Manual field discharge measurements used to rate gauges.
geo-usgs-water-peaks	https://api.waterdata.usgs.gov/ogcapi/v0/collections/peaks/items?f=json&limit=300	geojson	300	USGS Water — annual peak flows	USGS水文 — 年最大流量	science	flood	en	usa,usgs,flood,peaks	86400	Annual peak streamflow records, the basis of US flood frequency analysis.
geo-usgs-water-timeseries-meta	https://api.waterdata.usgs.gov/ogcapi/v0/collections/time-series-metadata/items?f=json&limit=300	geojson	300	USGS Water — time series metadata	USGS水文 — 時系列メタデータ	environment	flood	en	usa,usgs,metadata	86400	Which parameters each USGS site currently reports.
geo-usgs-ogc-monitoring	https://api.waterdata.usgs.gov/ogcapi/v0/collections/monitoring-locations/items?f=json&limit=500	geojson	500	USGS Water — monitoring location registry	USGS水文 — 観測地点登録	environment	flood	en	usa,usgs,stations	86400	Full USGS monitoring location registry; this endpoint returns attributes without geometry.
geo-usgs-water-collections	https://api.waterdata.usgs.gov/ogcapi/v0/collections?f=json	json:collections	36	USGS Water OGC API — collection catalogue	USGS水文 OGC API — コレクション目録	environment	flood	en	usa,usgs,ogcapi,catalog	86400	Catalogue of USGS water data OGC API collections.
geo-nwps-gauges-small	https://api.water.noaa.gov/nwps/v1/gauges?srid=EPSG_4326&bbox.xmin=-100&bbox.ymin=30&bbox.xmax=-95&bbox.ymax=35	json:gauges	355	NOAA NWPS — river gauges (bbox query)	NOAA NWPS — 河川水位計(領域指定)	disaster	flood	en	usa,noaa,flood,gauges	1800	National Water Prediction Service gauges with observed and forecast flood category.
geo-noaa-riv-gauges	https://mapservices.weather.noaa.gov/eventdriven/rest/services/water/riv_gauges/MapServer/0/query?where=1%3D1&outFields=*&f=geojson&resultRecordCount=1000	geojson	1000	NOAA — river gauge observations (nowCOAST)	NOAA — 河川水位計(nowCOAST)	disaster	flood	en	usa,noaa,flood,gauges	1800	US river gauge status points including flood stage exceedance.
geo-noaa-riv-gauges-flood	https://mapservices.weather.noaa.gov/eventdriven/rest/services/water/riv_gauges/MapServer/0/query?where=status%3D%27major%27&outFields=*&f=geojson&resultRecordCount=500	geojson	4	NOAA — river gauges at major flood	NOAA — 大氾濫段階の水位計	disaster	flood	en	usa,noaa,flood,major	1800	Filtered view of gauges currently at major flood stage.
geo-la-live-stream-gauges	https://services9.arcgis.com/RHVPKKiFTONKtxq3/arcgis/rest/services/Live_Stream_Gauges_v1/FeatureServer/0/query?where=1%3D1&outFields=*&f=geojson&resultRecordCount=1000	geojson	1000	Live stream gauges (Esri Living Atlas)	リアルタイム河川水位計	disaster	flood	en	usa,flood,gauges,realtime	1800	Live US stream gauge readings with flood category styling.
geo-eccc-hydrometric	https://api.weather.gc.ca/collections/hydrometric-realtime/items?f=json&limit=500	geojson	500	Environment Canada — real-time hydrometric data	カナダ環境省 — リアルタイム水文データ	disaster	flood	en	canada,hydrology,realtime	1800	Real-time Canadian river level and discharge with station coordinates.
geo-eccc-hydro-stations	https://api.weather.gc.ca/collections/hydrometric-stations/items?f=json&limit=500	geojson	500	Environment Canada — hydrometric stations	カナダ環境省 — 水文観測所	environment	flood	en	canada,hydrology,stations	86400	Canadian hydrometric station registry.
geo-eccc-hydro-daily	https://api.weather.gc.ca/collections/hydrometric-daily-mean/items?f=json&limit=300	geojson	300	Environment Canada — daily mean discharge	カナダ環境省 — 日平均流量	environment	flood	en	canada,hydrology,daily	86400	Daily mean water level and discharge by Canadian station.
geo-eccc-hydro-annual-peaks	https://api.weather.gc.ca/collections/hydrometric-annual-peaks/items?f=json&limit=300	geojson	300	Environment Canada — annual peak flows	カナダ環境省 — 年最大流量	science	flood	en	canada,hydrology,peaks	86400	Annual instantaneous peaks for Canadian rivers.
geo-hubeau-hydro-obs	https://hubeau.eaufrance.fr/api/v2/hydrometrie/observations_tr?size=200	json:data	200	Hub'Eau France — real-time river observations	Hub'Eau フランス — 河川リアルタイム観測	disaster	flood	en	france,hydrology,realtime	1800	French real-time river stage and discharge observations.
geo-hubeau-hydro-stations	https://hubeau.eaufrance.fr/api/v2/hydrometrie/referentiel/stations?size=500&format=json	json:data	500	Hub'Eau France — hydrometric stations	Hub'Eau フランス — 水文観測所	environment	flood	en	france,hydrology,stations	86400	French hydrometric station registry with coordinates.
geo-hubeau-hydro-sites	https://hubeau.eaufrance.fr/api/v2/hydrometrie/referentiel/sites?size=500&format=json	json:data	500	Hub'Eau France — hydrometric sites	Hub'Eau フランス — 水文サイト	environment	flood	en	france,hydrology,sites	86400	French hydrometric measurement sites (site-level aggregation of stations).
geo-hubeau-piezo	https://hubeau.eaufrance.fr/api/v1/niveaux_nappes/chroniques_tr?size=200	json:data	200	Hub'Eau France — real-time groundwater levels	Hub'Eau フランス — 地下水位リアルタイム	environment	flood	en	france,groundwater,realtime	21600	French piezometer readings; groundwater is an under-covered hazard signal.
geo-hubeau-piezo-stations	https://hubeau.eaufrance.fr/api/v1/niveaux_nappes/stations?size=500&format=json	json:data	500	Hub'Eau France — piezometer stations	Hub'Eau フランス — 地下水観測所	environment	flood	en	france,groundwater,stations	86400	French groundwater monitoring well registry.
geo-hubeau-quality	https://hubeau.eaufrance.fr/api/v2/qualite_rivieres/station_pc?size=200	json:data	200	Hub'Eau France — river water quality stations	Hub'Eau フランス — 河川水質観測所	environment	flood	en	france,waterquality	86400	French physico-chemical river quality monitoring points.
geo-hubeau-temp	https://hubeau.eaufrance.fr/api/v1/temperature/chronique?size=200	json:data	200	Hub'Eau France — river temperature series	Hub'Eau フランス — 河川水温	environment	flood	en	france,watertemperature	21600	French river temperature observations, relevant to drought and ecology.
geo-hubeau-hydrobio	https://hubeau.eaufrance.fr/api/v1/etat_piscicole/observations?size=200	json:data	200	Hub'Eau France — fish population surveys	Hub'Eau フランス — 魚類調査	environment	biodiversity	en	france,ecology,fish	86400	French river fish survey observations with coordinates.
geo-hubeau-prelevements	https://hubeau.eaufrance.fr/api/v1/prelevements/referentiel/points_prelevement?size=200	json:data	200	Hub'Eau France — water abstraction points	Hub'Eau フランス — 取水地点	environment	flood	en	france,abstraction,water	86400	French registered water abstraction points; this view returns attributes only.
geo-pegelonline-stations	https://www.pegelonline.wsv.de/webservices/rest-api/v2/stations.json?includeTimeseries=true&includeCurrentMeasurement=true	json-array	787	PEGELONLINE Germany — waterway gauges	PEGELONLINE ドイツ — 水路水位計	disaster	flood	en	germany,hydrology,realtime	1800	German federal waterway gauge network with current readings and coordinates.
geo-pegelonline-waters	https://www.pegelonline.wsv.de/webservices/rest-api/v2/waters.json	json-array	103	PEGELONLINE Germany — waterway registry	PEGELONLINE ドイツ — 水路一覧	environment	flood	en	germany,hydrology,reference	86400	German waterway list used to group gauges.
geo-waterlevel-ie	https://waterlevel.ie/geojson/latest/	geojson	2007	OPW Ireland — river level gauges	アイルランドOPW — 河川水位計	disaster	flood	en	ireland,hydrology,realtime	1800	Irish Office of Public Works water level network as GeoJSON.
geo-rijkswaterstaat-waterinfo	https://waterinfo.rws.nl/api/point/latestmeasurement?parameterid=waterhoogte	geojson	308	Rijkswaterstaat Netherlands — water levels	オランダ Rijkswaterstaat — 水位	disaster	flood	en	netherlands,waterlevel,realtime	1800	Dutch national water level measurements with station geometry.
geo-vigicrues-stations	https://www.vigicrues.gouv.fr/services/observations.json/index.php?CdStationHydro=A282000101&GrdSerie=H	json:Serie.ObssHydro	3168	Vigicrues France — river observation series	Vigicrues フランス — 河川観測系列	disaster	flood	en	france,flood,vigicrues	1800	French flood vigilance station time series.
geo-nrcs-snotel	https://wcc.sc.egov.usda.gov/awdbRestApi/services/v1/stations?stationTriplets=*:*:SNTL&activeOnly=true	json-array	913	USDA NRCS — SNOTEL snow stations	米国NRCS — SNOTEL積雪観測所	environment	flood	en	usa,snow,snotel,waterresources	21600	US mountain snowpack telemetry network; snow water equivalent drives spring flood risk.
geo-nve-flood-warning	https://api01.nve.no/hydrology/forecast/flood/v1.0.8/api/Warning/All/1/2026-08-01/2026-08-09	json-array	3231	NVE Norway — flood and landslide warnings	ノルウェーNVE — 洪水・地すべり警報	disaster	flood	en	norway,flood,landslide,warning	3600	Norwegian flood warning levels by warning region.
geo-openmeteo-flood	https://flood-api.open-meteo.com/v1/flood?latitude=23.8&longitude=90.4&daily=river_discharge	json:daily.time	92	Open-Meteo GloFAS — Bangladesh river discharge	Open-Meteo GloFAS — バングラデシュ河川流量	disaster	flood	en	glofas,discharge,bangladesh	21600	Keyless GloFAS river discharge forecast at a Ganges-Brahmaputra delta point.
geo-openmeteo-flood-ganges	https://flood-api.open-meteo.com/v1/flood?latitude=25.6&longitude=85.1&daily=river_discharge,river_discharge_mean	json:daily.time	92	Open-Meteo GloFAS — Ganges basin discharge	Open-Meteo GloFAS — ガンジス川流量	disaster	flood	en	glofas,discharge,india	21600	GloFAS-derived river discharge forecast for the middle Ganges.
geo-openmeteo-flood-mekong	https://flood-api.open-meteo.com/v1/flood?latitude=11.55&longitude=104.92&daily=river_discharge,river_discharge_max	json:daily.time	92	Open-Meteo GloFAS — Mekong discharge	Open-Meteo GloFAS — メコン川流量	disaster	flood	en	glofas,discharge,mekong	21600	GloFAS-derived discharge forecast near Phnom Penh on the Mekong.
geo-openmeteo-flood-nile	https://flood-api.open-meteo.com/v1/flood?latitude=15.6&longitude=32.5&daily=river_discharge,river_discharge_max	json:daily.time	92	Open-Meteo GloFAS — Nile discharge	Open-Meteo GloFAS — ナイル川流量	disaster	flood	en	glofas,discharge,nile	21600	GloFAS-derived discharge forecast on the Nile near Khartoum.
geo-openmeteo-flood-amazon	https://flood-api.open-meteo.com/v1/flood?latitude=-3.1&longitude=-60.0&daily=river_discharge,river_discharge_max	json:daily.time	92	Open-Meteo GloFAS — Amazon discharge	Open-Meteo GloFAS — アマゾン川流量	disaster	flood	en	glofas,discharge,amazon	21600	GloFAS-derived discharge forecast near Manaus on the Amazon.
geo-openmeteo-flood-danube	https://flood-api.open-meteo.com/v1/flood?latitude=44.4&longitude=26.1&daily=river_discharge	json:daily.time	92	Open-Meteo GloFAS — Danube discharge	Open-Meteo GloFAS — ドナウ川流量	disaster	flood	en	glofas,discharge,danube	21600	GloFAS-derived discharge forecast on the lower Danube.
geo-defra-ukair-stations	https://uk-air.defra.gov.uk/sos-ukair/api/v1/stations	json-array	2449	DEFRA UK-AIR — monitoring stations	英国DEFRA UK-AIR — 観測局	environment	airquality	en	uk,airquality,stations	86400	UK air quality monitoring station registry with coordinates.
geo-defra-ukair-timeseries	https://uk-air.defra.gov.uk/sos-ukair/api/v1/timeseries?expanded=false	json-array	995	DEFRA UK-AIR — measurement time series	英国DEFRA UK-AIR — 測定系列	environment	airquality	en	uk,airquality,timeseries	21600	UK air quality series catalogue linking pollutants to stations.
geo-irceline-stations	https://geo.irceline.be/sos/api/v1/stations	json-array	137	IRCELINE Belgium — air quality stations	ベルギーIRCELINE — 大気質観測局	environment	airquality	en	belgium,airquality,stations	86400	Belgian air quality station network with coordinates.
geo-irceline-timeseries	https://geo.irceline.be/sos/api/v1/timeseries?expanded=false	json-array	679	IRCELINE Belgium — air quality series	ベルギーIRCELINE — 大気質系列	environment	airquality	en	belgium,airquality,timeseries	21600	Belgian pollutant time series metadata by station.
geo-irceline-categories	https://geo.irceline.be/sos/api/v1/categories	json-array	23	IRCELINE Belgium — measurement categories	ベルギーIRCELINE — 測定カテゴリ	environment	airquality	en	belgium,airquality,reference	86400	Pollutant category vocabulary for the Belgian SOS API.
geo-gios-v1-stations	https://api.gios.gov.pl/pjp-api/v1/rest/station/findAll?size=500	json:Lista stacji pomiarowych	288	GIOŚ Poland — air quality stations	ポーランドGIOŚ — 大気質観測局	environment	airquality	en	poland,airquality,stations	86400	Polish national air quality network with WGS84 coordinates per station.
geo-luchtmeetnet-stations	https://api.luchtmeetnet.nl/open_api/stations?page=1	json:data	25	Luchtmeetnet Netherlands — stations	オランダ Luchtmeetnet — 観測局	environment	airquality	en	netherlands,airquality,stations	86400	Dutch air quality station list.
geo-luchtmeetnet-measurements	https://api.luchtmeetnet.nl/open_api/measurements?page=1&order_by=timestamp_measured&order_direction=desc	json:data	1000	Luchtmeetnet Netherlands — measurements	オランダ Luchtmeetnet — 測定値	environment	airquality	en	netherlands,airquality,measurements	3600	Latest Dutch air quality measurements keyed by station number.
geo-sinca-chile	https://sinca.mma.gob.cl/index.php/json/listadomapa	json-array	125	SINCA Chile — air quality station map	チリSINCA — 大気質観測局	environment	airquality	en	chile,airquality,stations	21600	Chilean national air quality network with station coordinates and latest values.
geo-sensorcommunity-area	https://data.sensor.community/airrohr/v1/filter/area=52.5,13.4,20	json-array	974	Sensor.Community — Berlin region sensors	Sensor.Community — ベルリン圏センサー	environment	airquality	en	citizen,airquality,pm25,crowdsourced	3600	Citizen-operated particulate sensors within a radius of Berlin, each with coordinates.
geo-sensorcommunity-paris	https://data.sensor.community/airrohr/v1/filter/area=48.85,2.35,25	json-array	146	Sensor.Community — Paris region sensors	Sensor.Community — パリ圏センサー	environment	airquality	en	citizen,airquality,pm25	3600	Citizen particulate sensors around Paris.
geo-sensorcommunity-tokyo	https://data.sensor.community/airrohr/v1/filter/area=35.68,139.76,30	json-array	6	Sensor.Community — Tokyo region sensors	Sensor.Community — 東京圏センサー	environment	airquality	en	citizen,airquality,japan	3600	Citizen particulate sensors around Tokyo; sparse but genuinely located.
geo-saveecobot-ukraine	https://api.saveecobot.com/output.json	json-array	468	SaveEcoBot Ukraine — air quality and radiation	SaveEcoBot ウクライナ — 大気質・放射線	environment	airquality	en	ukraine,airquality,radiation,citizen	1800	Ukrainian citizen and institutional sensors reporting PM, radiation and meteorology with coordinates.
geo-la-air-quality-pm25	https://services9.arcgis.com/RHVPKKiFTONKtxq3/arcgis/rest/services/Air_Quality_PM25_Latest_Results/FeatureServer/0/query?where=1%3D1&outFields=*&f=geojson&resultRecordCount=1000	geojson	1000	Global PM2.5 latest results (Esri Living Atlas)	世界PM2.5 最新値	environment	airquality	en	pm25,global,airquality	3600	Latest PM2.5 measurements from a global station aggregation.
geo-eccc-aqhi-obs	https://api.weather.gc.ca/collections/aqhi-observations-realtime/items?f=json&limit=500	geojson	500	Environment Canada — AQHI observations	カナダ環境省 — 大気質健康指数 観測	environment	airquality	en	canada,aqhi,airquality	3600	Canadian Air Quality Health Index observations by community.
geo-eccc-aqhi-forecasts	https://api.weather.gc.ca/collections/aqhi-forecasts-realtime/items?f=json&limit=500	geojson	500	Environment Canada — AQHI forecasts	カナダ環境省 — 大気質健康指数 予報	environment	airquality	en	canada,aqhi,forecast	10800	Canadian AQHI forecast values by community.
geo-eccc-aqhi-stations	https://api.weather.gc.ca/collections/aqhi-stations/items?f=json&limit=500	geojson	134	Environment Canada — AQHI stations	カナダ環境省 — AQHI観測地点	environment	airquality	en	canada,aqhi,stations	86400	AQHI reporting community locations.
geo-openmeteo-airquality	https://air-quality-api.open-meteo.com/v1/air-quality?latitude=35.68&longitude=139.76&hourly=pm10,pm2_5,carbon_monoxide,ozone	json:hourly.time	120	Open-Meteo air quality — Tokyo	Open-Meteo 大気質 — 東京	environment	airquality	en	airquality,cams,japan	10800	CAMS-derived PM, ozone and CO forecast at a Tokyo coordinate.
geo-openmeteo-airquality-europe	https://air-quality-api.open-meteo.com/v1/air-quality?latitude=52.52&longitude=13.41&hourly=pm10,pm2_5,dust,aerosol_optical_depth	json:hourly.time	120	Open-Meteo air quality — Berlin	Open-Meteo 大気質 — ベルリン	environment	airquality	en	airquality,cams,europe,dust	10800	CAMS-derived pollutant and aerosol optical depth forecast over Berlin.
geo-openmeteo-airquality-delhi	https://air-quality-api.open-meteo.com/v1/air-quality?latitude=28.61&longitude=77.20&hourly=pm10,pm2_5,dust,uv_index	json:hourly.time	120	Open-Meteo air quality — Delhi	Open-Meteo 大気質 — デリー	environment	airquality	en	airquality,cams,india,dust	10800	CAMS-derived PM and dust forecast for Delhi, a chronic extreme-pollution city.
geo-openmeteo-airquality-lagos	https://air-quality-api.open-meteo.com/v1/air-quality?latitude=6.52&longitude=3.37&hourly=pm10,pm2_5,dust	json:hourly.time	120	Open-Meteo air quality — Lagos	Open-Meteo 大気質 — ラゴス	environment	airquality	en	airquality,cams,africa,dust	10800	CAMS-derived PM and Saharan dust forecast for Lagos.
geo-openmeteo-airquality-santiago	https://air-quality-api.open-meteo.com/v1/air-quality?latitude=-33.45&longitude=-70.66&hourly=pm10,pm2_5,carbon_monoxide	json:hourly.time	120	Open-Meteo air quality — Santiago	Open-Meteo 大気質 — サンティアゴ	environment	airquality	en	airquality,cams,chile	10800	CAMS-derived pollutant forecast for Santiago de Chile.
geo-bfs-odl-1h	https://www.imis.bfs.de/ogc/opendata/ows?service=WFS&version=1.1.0&request=GetFeature&typeName=opendata:odlinfo_odl_1h_latest&outputFormat=application/json&maxFeatures=2000	geojson	1679	BfS Germany — gamma dose rate, hourly	ドイツBfS — 空間線量率(毎時)	environment	radiation	en	germany,radiation,gammadose	3600	Roughly 1,700 German ODL probes reporting hourly gamma dose rate with coordinates.
geo-bfs-odl-timeseries	https://www.imis.bfs.de/ogc/opendata/ows?service=WFS&version=1.1.0&request=GetFeature&typeName=opendata:odlinfo_timeseries_odl_1h&outputFormat=application/json&maxFeatures=500	geojson	500	BfS Germany — gamma dose rate time series	ドイツBfS — 空間線量率 時系列	environment	radiation	en	germany,radiation,timeseries	3600	Recent hourly dose-rate history per German probe.
geo-bfs-eurdep-latest	https://www.imis.bfs.de/ogc/opendata/ows?service=WFS&version=1.1.0&request=GetFeature&typeName=opendata:eurdep_latestValue&outputFormat=application/json&maxFeatures=2000	geojson	2000	BfS/EURDEP — European gamma dose rate, latest	BfS/EURDEP — 欧州空間線量率 最新	environment	radiation	en	europe,radiation,eurdep	3600	Latest EURDEP gamma dose rate values across European monitoring networks, with station coordinates.
geo-bfs-eurdep-max	https://www.imis.bfs.de/ogc/opendata/ows?service=WFS&version=1.1.0&request=GetFeature&typeName=opendata:eurdep_maxValue&outputFormat=application/json&maxFeatures=2000	geojson	2000	BfS/EURDEP — European gamma dose rate, maxima	BfS/EURDEP — 欧州空間線量率 最大値	environment	radiation	en	europe,radiation,eurdep	3600	Maximum recent EURDEP dose rate per European station; anomaly screening layer.
geo-bfs-bfg-gamma	https://www.imis.bfs.de/ogc/opendata/ows?service=WFS&version=1.1.0&request=GetFeature&typeName=opendata:bfg_gesamt_gamma&outputFormat=application/json&maxFeatures=1000	geojson	1000	BfS Germany — waterway gamma monitoring	ドイツBfS — 水路ガンマ監視	environment	radiation	en	germany,radiation,water	21600	German federal waterway gamma monitoring stations.
geo-bfs-bsh-gamma	https://www.imis.bfs.de/ogc/opendata/ows?service=WFS&version=1.1.0&request=GetFeature&typeName=opendata:bsh_gesamt_gamma_kuenstlich&outputFormat=application/json&maxFeatures=1000	geojson	1000	BfS Germany — marine artificial gamma	ドイツBfS — 海域人工ガンマ核種	environment	radiation	en	germany,radiation,marine	21600	North Sea and Baltic artificial gamma monitoring by BSH.
geo-bfs-gamma-aerosole	https://www.imis.bfs.de/ogc/opendata/ows?service=WFS&version=1.1.0&request=GetFeature&typeName=opendata:new_gamma_aerosole_24h&outputFormat=application/json&maxFeatures=1000	geojson	1000	BfS Germany — aerosol gamma nuclides	ドイツBfS — エアロゾル中ガンマ核種	environment	radiation	en	germany,radiation,aerosol	21600	Airborne particulate gamma nuclide measurements by site.
geo-bfs-iod-24h	https://www.imis.bfs.de/ogc/opendata/ows?service=WFS&version=1.1.0&request=GetFeature&typeName=opendata:new_dwd_iod_24h&outputFormat=application/json&maxFeatures=1000	geojson	1000	BfS Germany — airborne iodine-131	ドイツBfS — 大気中ヨウ素131	environment	radiation	en	germany,radiation,iodine	21600	Airborne I-131 measurements, the classic reactor-release indicator.
geo-bfs-niederschlag	https://www.imis.bfs.de/ogc/opendata/ows?service=WFS&version=1.1.0&request=GetFeature&typeName=opendata:new_dwd_niederschlag_24h&outputFormat=application/json&maxFeatures=1000	geojson	421	BfS Germany — precipitation radioactivity	ドイツBfS — 降水中放射能	environment	radiation	en	germany,radiation,precipitation	21600	Radioactivity in precipitation samples by German site.
geo-bfs-nuklide-boden-small	https://www.imis.bfs.de/ogc/opendata/ows?service=WFS&version=1.1.0&request=GetFeature&typeName=opendata:nuklide_boden&outputFormat=application/json&maxFeatures=200	geojson	200	BfS Germany — soil nuclide measurements	ドイツBfS — 土壌核種測定	environment	radiation	en	germany,radiation,soil	86400	Soil radionuclide sampling results with site coordinates.
geo-bfs-locations	https://www.imis.bfs.de/ogc/opendata/ows?service=WFS&version=1.1.0&request=GetFeature&typeName=opendata:bfs_locations&outputFormat=application/json&maxFeatures=2000	geojson	8	BfS Germany — institute locations	ドイツBfS — 施設所在地	environment	radiation	en	germany,radiation,reference	86400	BfS facility locations; small reference layer.
geo-safecast-measurements	https://api.safecast.org/measurements.json?limit=200	json-array	25	Safecast — crowdsourced radiation measurements	Safecast — 市民放射線測定	environment	radiation	en	radiation,citizen,safecast,global	3600	Global volunteer radiation survey points; the largest open radiation dataset.
geo-safecast-devices	https://api.safecast.org/devices.json?limit=200	json-array	25	Safecast — registered devices	Safecast — 登録機器	environment	radiation	en	radiation,safecast,devices	86400	Safecast fixed sensor registry.
geo-swpc-xrays-1day	https://services.swpc.noaa.gov/json/goes/primary/xrays-1-day.json	json-array	2876	NOAA SWPC — GOES primary X-ray flux, 1 day	NOAA SWPC — GOES主 X線フラックス(1日)	science	spaceweather	en	spaceweather,swpc,noaa	900	X-ray flux from the primary GOES satellite; flare detection.
geo-swpc-goes-secondary-xrays	https://services.swpc.noaa.gov/json/goes/secondary/xrays-1-day.json	json-array	2876	NOAA SWPC — GOES secondary X-ray flux, 1 day	NOAA SWPC — GOES副 X線フラックス(1日)	science	spaceweather	en	spaceweather,swpc,noaa	900	Secondary GOES X-ray flux for cross-check and gap filling.
geo-swpc-xray-flares	https://services.swpc.noaa.gov/json/goes/primary/xray-flares-latest.json	json-array	1	NOAA SWPC — GOES latest X-ray flare summary	NOAA SWPC — GOES 最新X線フレア	science	spaceweather	en	spaceweather,swpc,noaa	900	Current and most recent solar flare classification.
geo-swpc-protons-1day	https://services.swpc.noaa.gov/json/goes/primary/integral-protons-1-day.json	json-array	2296	NOAA SWPC — GOES integral proton flux, 1 day	NOAA SWPC — GOES 積分陽子フラックス(1日)	science	spaceweather	en	spaceweather,swpc,noaa	900	Solar energetic proton flux; radiation storm and polar route impact.
geo-swpc-goes-proton-flux	https://services.swpc.noaa.gov/json/goes/primary/integral-protons-plot-3-day.json	json-array	3448	NOAA SWPC — GOES integral proton flux, 3 days	NOAA SWPC — GOES 積分陽子フラックス(3日)	science	spaceweather	en	spaceweather,swpc,noaa	3600	Three-day proton flux history for event evolution.
geo-swpc-electrons-1day	https://services.swpc.noaa.gov/json/goes/primary/integral-electrons-1-day.json	json-array	287	NOAA SWPC — GOES integral electron flux, 1 day	NOAA SWPC — GOES 積分電子フラックス(1日)	science	spaceweather	en	spaceweather,swpc,noaa	900	Electron flux relevant to satellite surface charging.
geo-swpc-diff-electrons	https://services.swpc.noaa.gov/json/goes/primary/differential-electrons-3-day.json	json-array	8205	NOAA SWPC — GOES differential electron flux, 3 days	NOAA SWPC — GOES 微分電子フラックス(3日)	science	spaceweather	en	spaceweather,swpc,noaa	3600	Energy-resolved electron flux for spacecraft anomaly attribution.
geo-swpc-diff-protons	https://services.swpc.noaa.gov/json/goes/primary/differential-protons-3-day.json	json-array	11219	NOAA SWPC — GOES differential proton flux, 3 days	NOAA SWPC — GOES 微分陽子フラックス(3日)	science	spaceweather	en	spaceweather,swpc,noaa	3600	Energy-resolved proton flux for radiation storm analysis.
geo-swpc-magnetometers	https://services.swpc.noaa.gov/json/goes/primary/magnetometers-1-day.json	json-array	1439	NOAA SWPC — GOES magnetometer, 1 day	NOAA SWPC — GOES 磁力計(1日)	science	spaceweather	en	spaceweather,swpc,noaa	900	Geosynchronous magnetic field; magnetopause crossing indicator.
geo-swpc-rtsw-mag	https://services.swpc.noaa.gov/json/rtsw/rtsw_mag_1m.json	json-array	3926	NOAA SWPC — DSCOVR real-time solar wind magnetic field	NOAA SWPC — DSCOVR 太陽風磁場(リアルタイム)	science	spaceweather	en	spaceweather,swpc,noaa	900	One-minute interplanetary magnetic field including the critical Bz component.
geo-swpc-rtsw-wind	https://services.swpc.noaa.gov/json/rtsw/rtsw_wind_1m.json	json-array	3971	NOAA SWPC — DSCOVR real-time solar wind plasma	NOAA SWPC — DSCOVR 太陽風プラズマ(リアルタイム)	science	spaceweather	en	spaceweather,swpc,noaa	900	One-minute solar wind speed, density and temperature at L1.
geo-swpc-rtsw-ephemerides	https://services.swpc.noaa.gov/json/rtsw/rtsw_ephemerides_1h.json	json-array	1911	NOAA SWPC — DSCOVR spacecraft ephemerides	NOAA SWPC — DSCOVR 軌道暦	science	spaceweather	en	spaceweather,swpc,noaa	3600	L1 monitor position, needed to time-shift solar wind to Earth.
geo-swpc-ace-mag	https://services.swpc.noaa.gov/json/ace/mag/ace_mag_1h.json	json-array	676	NOAA SWPC — ACE magnetometer, hourly	NOAA SWPC — ACE 磁力計(毎時)	science	spaceweather	en	spaceweather,swpc,noaa	3600	ACE interplanetary magnetic field, the long-baseline L1 record.
geo-swpc-ace-swepam	https://services.swpc.noaa.gov/json/ace/swepam/ace_swepam_1h.json	json-array	640	NOAA SWPC — ACE SWEPAM solar wind, hourly	NOAA SWPC — ACE SWEPAM 太陽風(毎時)	science	spaceweather	en	spaceweather,swpc,noaa	3600	ACE solar wind plasma parameters.
geo-swpc-ace-epam	https://services.swpc.noaa.gov/json/ace/epam/ace_epam_5m.json	json-array	287	NOAA SWPC — ACE EPAM energetic particles	NOAA SWPC — ACE EPAM 高エネルギー粒子	science	spaceweather	en	spaceweather,swpc,noaa	3600	Energetic particle fluxes at L1; shock arrival precursor.
geo-swpc-kindex-planetary	https://services.swpc.noaa.gov/products/noaa-planetary-k-index.json	json-array	57	NOAA SWPC — Planetary K index, observed	NOAA SWPC — 惑星K指数(観測)	science	spaceweather	en	spaceweather,swpc,noaa	900	Observed planetary geomagnetic activity index.
geo-swpc-kindex-forecast	https://services.swpc.noaa.gov/products/noaa-planetary-k-index-forecast.json	json-array	81	NOAA SWPC — Planetary K index, forecast	NOAA SWPC — 惑星K指数(予報)	science	spaceweather	en	spaceweather,swpc,noaa	3600	Three-day forecast Kp used for aurora and grid risk.
geo-swpc-geospace-kp	https://services.swpc.noaa.gov/json/geospace/geospace_pred_est_kp_1_hour.json	json-array	86	NOAA SWPC — Geospace model estimated Kp, 1 hour	NOAA SWPC — Geospaceモデル推定Kp(1時間)	science	spaceweather	en	spaceweather,swpc,noaa	900	Model-estimated Kp at one-minute cadence over the last hour.
geo-swpc-geospace-kp-7d	https://services.swpc.noaa.gov/json/geospace/geospce_pred_est_kp_7_day.json	json-array	10004	NOAA SWPC — Geospace model estimated Kp, 7 days	NOAA SWPC — Geospaceモデル推定Kp(7日)	science	spaceweather	en	spaceweather,swpc,noaa	3600	Week of model-estimated Kp for storm context.
geo-swpc-geospace-dst	https://services.swpc.noaa.gov/json/geospace/geospace_dst_1_hour.json	json-array	107	NOAA SWPC — Geospace model Dst, 1 hour	NOAA SWPC — Geospaceモデル Dst(1時間)	science	spaceweather	en	spaceweather,swpc,noaa	900	Modelled ring current Dst index, the storm intensity measure.
geo-swpc-geospace-dst-7d	https://services.swpc.noaa.gov/json/geospace/geospace_dst_7_day.json	json-array	10312	NOAA SWPC — Geospace model Dst, 7 days	NOAA SWPC — Geospaceモデル Dst(7日)	science	spaceweather	en	spaceweather,swpc,noaa	3600	Week of modelled Dst.
geo-swpc-kyoto-dst	https://services.swpc.noaa.gov/products/kyoto-dst.json	json-array	167	NOAA SWPC — Kyoto WDC Dst index	NOAA SWPC — 京都WDC Dst指数	science	spaceweather	en	spaceweather,swpc,noaa	3600	Authoritative Kyoto Dst geomagnetic storm index.
geo-swpc-boulder-k	https://services.swpc.noaa.gov/json/boulder_k_index_1m.json	json-array	1433	NOAA SWPC — Boulder K index, 1 minute	NOAA SWPC — ボルダーK指数(1分)	science	spaceweather	en	spaceweather,swpc,noaa	900	Ground magnetometer K index from Boulder, Colorado.
geo-swpc-fredericksburg	https://services.swpc.noaa.gov/json/predicted_fredericksburg_a_index.json	json-array	30	NOAA SWPC — Predicted Fredericksburg A index	NOAA SWPC — フレデリックスバーグA指数(予測)	science	spaceweather	en	spaceweather,swpc,noaa	21600	Predicted daily A index for a mid-latitude observatory.
geo-swpc-geomag-forecast	https://services.swpc.noaa.gov/products/geospace/propagated-solar-wind-1-hour.json	json-array	57	NOAA SWPC — Propagated solar wind, 1 hour	NOAA SWPC — 伝搬太陽風(1時間)	science	spaceweather	en	spaceweather,swpc,noaa	900	Solar wind propagated from L1 to the bow shock.
geo-swpc-enlil	https://services.swpc.noaa.gov/json/enlil_time_series.json	json-array	4248	NOAA SWPC — WSA-Enlil solar wind time series	NOAA SWPC — WSA-Enlil 太陽風時系列	science	spaceweather	en	spaceweather,swpc,noaa	3600	Heliospheric model output used for CME arrival timing.
geo-swpc-electron-fluence	https://services.swpc.noaa.gov/json/electron_fluence_forecast.json	json-array	60	NOAA SWPC — Electron fluence forecast	NOAA SWPC — 電子フルエンス予報	science	spaceweather	en	spaceweather,swpc,noaa	21600	Forecast >2 MeV electron fluence, satellite deep-charging risk.
geo-swpc-solar-prob	https://services.swpc.noaa.gov/json/solar_probabilities.json	json-array	30	NOAA SWPC — Solar event probabilities	NOAA SWPC — 太陽イベント発生確率	science	spaceweather	en	spaceweather,swpc,noaa	21600	Probability of flares, proton events and radio blackouts.
geo-swpc-solar-regions	https://services.swpc.noaa.gov/json/solar_regions.json	json-array	204	NOAA SWPC — Solar active regions	NOAA SWPC — 太陽活動領域	science	spaceweather	en	spaceweather,swpc,noaa	21600	Active region positions on the solar disc with magnetic classification.
geo-swpc-sunspot-report	https://services.swpc.noaa.gov/json/sunspot_report.json	json-array	341	NOAA SWPC — Sunspot region report	NOAA SWPC — 黒点群レポート	science	spaceweather	en	spaceweather,swpc,noaa	21600	Daily sunspot group report with heliographic positions.
geo-swpc-edited-events2	https://services.swpc.noaa.gov/json/edited_events.json	json-array	895	NOAA SWPC — Edited solar events list	NOAA SWPC — 編集済み太陽イベント一覧	science	spaceweather	en	spaceweather,swpc,noaa	21600	Quality-controlled list of solar events with type and timing.
geo-swpc-f107	https://services.swpc.noaa.gov/json/f107_cm_flux.json	json-array	123	NOAA SWPC — F10.7 cm solar radio flux	NOAA SWPC — F10.7cm 太陽電波フラックス	science	spaceweather	en	spaceweather,swpc,noaa	21600	Daily 10.7 cm radio flux, the standard solar activity proxy.
geo-swpc-f107-flux	https://services.swpc.noaa.gov/json/solar-cycle/f10-7cm-flux.json	json-array	262	NOAA SWPC — F10.7 cm flux series	NOAA SWPC — F10.7cm フラックス系列	science	spaceweather	en	spaceweather,swpc,noaa	86400	Longer F10.7 series for trend work.
geo-swpc-predicted-f107	https://services.swpc.noaa.gov/json/predicted_f107cm_flux.json	json-array	30	NOAA SWPC — Predicted F10.7 cm flux	NOAA SWPC — F10.7cm 予測値	science	spaceweather	en	spaceweather,swpc,noaa	86400	Forecast F10.7 used in satellite drag modelling.
geo-swpc-solar-radio-flux	https://services.swpc.noaa.gov/json/solar-radio-flux.json	json-array	120	NOAA SWPC — Solar radio flux, multi-frequency	NOAA SWPC — 太陽電波フラックス(多周波)	science	spaceweather	en	spaceweather,swpc,noaa	21600	Radio flux at several frequencies from ground observatories.
geo-swpc-10cm-flux-30d	https://services.swpc.noaa.gov/products/10cm-flux-30-day.json	json-array	30	NOAA SWPC — 10 cm flux, 30-day history	NOAA SWPC — 10cmフラックス(30日)	science	spaceweather	en	spaceweather,swpc,noaa	86400	One-month 10.7 cm flux history.
geo-swpc-solar-cycle	https://services.swpc.noaa.gov/json/solar-cycle/observed-solar-cycle-indices.json	json-array	3331	NOAA SWPC — Observed solar cycle indices	NOAA SWPC — 観測太陽周期指数	science	spaceweather	en	spaceweather,swpc,noaa	86400	Monthly sunspot number and F10.7 back to the 18th century.
geo-swpc-sunspots-smoothed	https://services.swpc.noaa.gov/json/solar-cycle/sunspots-smoothed.json	json-array	3331	NOAA SWPC — Smoothed sunspot number series	NOAA SWPC — 平滑黒点相対数系列	science	spaceweather	en	spaceweather,swpc,noaa	86400	Smoothed monthly sunspot numbers for cycle phase.
geo-swpc-observed-ssn	https://services.swpc.noaa.gov/json/solar-cycle/swpc_observed_ssn.json	json-array	9811	NOAA SWPC — SWPC observed sunspot number	NOAA SWPC — SWPC 観測黒点数	science	spaceweather	en	spaceweather,swpc,noaa	86400	Daily observed sunspot number series.
geo-swpc-predicted-cycle	https://services.swpc.noaa.gov/json/solar-cycle/predicted-solar-cycle.json	json-array	59	NOAA SWPC — Predicted solar cycle	NOAA SWPC — 太陽周期予測	science	spaceweather	en	spaceweather,swpc,noaa	86400	Official predicted sunspot number and F10.7 curve.
geo-swpc-cycle25-predicted	https://services.swpc.noaa.gov/json/solar-cycle/solar-cycle-25-predicted.json	json-array	248	NOAA SWPC — Solar cycle 25 prediction	NOAA SWPC — 第25太陽周期予測	science	spaceweather	en	spaceweather,swpc,noaa	86400	Cycle 25 predicted progression.
geo-swpc-cycle25-ssn-range	https://services.swpc.noaa.gov/products/solar-cycle-25-ssn-predicted-range.json	json-array	255	NOAA SWPC — Solar cycle 25 sunspot prediction range	NOAA SWPC — 第25周期 黒点数予測範囲	science	spaceweather	en	spaceweather,swpc,noaa	86400	High/low bounds on the cycle 25 sunspot prediction.
geo-swpc-predicted-ssn	https://services.swpc.noaa.gov/json/predicted_monthly_sunspot_number.json	json-array	37	NOAA SWPC — Predicted monthly sunspot number	NOAA SWPC — 月別黒点数予測	science	spaceweather	en	spaceweather,swpc,noaa	86400	Month-ahead sunspot number prediction.
geo-swpc-45day-forecast	https://services.swpc.noaa.gov/json/45-day-forecast.json	json:data	90	NOAA SWPC — 45-day AP and F10.7 forecast	NOAA SWPC — 45日間 AP・F10.7予報	science	spaceweather	en	spaceweather,swpc,noaa	86400	Forty-five day geomagnetic and solar flux outlook.
geo-swpc-noaa-scales	https://services.swpc.noaa.gov/products/noaa-scales.json	json-object	1	NOAA SWPC — NOAA space weather scales	NOAA SWPC — NOAA 宇宙天気スケール	science	spaceweather	en	spaceweather,swpc,noaa	3600	Current and forecast R/S/G space weather scale levels.
geo-gfz-kp-nowcast	https://kp.gfz-potsdam.de/app/json/?start=2026-08-01T00:00:00Z&end=2026-08-09T00:00:00Z&index=Kp	json:Kp	65	GFZ Potsdam — Kp index nowcast	GFZポツダム — Kp指数ナウキャスト	science	spaceweather	en	spaceweather,kp,gfz	3600	Authoritative GFZ planetary Kp index series.
geo-bgs-geomag-observatories	https://ogcapi.bgs.ac.uk/collections/geomag-observatory-index/items?f=json&limit=200	geojson	200	BGS — geomagnetic observatory index	BGS — 地磁気観測所一覧	science	spaceweather	en	geomagnetism,observatory,bgs	86400	Global geomagnetic observatory locations tracked by BGS.
geo-bgs-magnetograms	https://ogcapi.bgs.ac.uk/collections/magnetograms/observatories/items?f=json&limit=200	geojson	9	BGS — magnetogram observatories	BGS — マグネトグラム観測所	science	spaceweather	en	geomagnetism,magnetogram,bgs	86400	BGS magnetogram-producing observatories with coordinates.
geo-bgs-aeromag	https://ogcapi.bgs.ac.uk/collections/aeromag/items?f=json&limit=200	geojson	200	BGS — aeromagnetic survey coverage	BGS — 航空磁気探査域	science	earthobs	en	geomagnetism,survey,bgs	86400	Aeromagnetic survey footprints over the UK.
geo-ioc-sealevel-stations	https://www.ioc-sealevelmonitoring.org/service.php?query=stationlist&showall=all&format=json	json-array	1762	IOC Sea Level Monitoring — global station list	IOC 潮位監視 — 世界観測所一覧	environment	ocean	en	sealevel,tidegauge,ioc,global,tsunami	21600	Global GLOSS/IOC tide gauge registry with coordinates and operational status; the backbone of tsunami sea-level verification.
geo-tidesandcurrents-currents	https://api.tidesandcurrents.noaa.gov/mdapi/prod/webapi/stations.json?type=currentpredictions&units=metric	json:stations	4430	NOAA CO-OPS — current prediction stations	NOAA CO-OPS — 潮流予測地点	environment	ocean	en	usa,currents,noaa,stations	86400	US tidal current prediction station registry with coordinates.
geo-tidesandcurrents-watertemp	https://api.tidesandcurrents.noaa.gov/mdapi/prod/webapi/stations.json?type=watertemp&units=metric	json:stations	239	NOAA CO-OPS — water temperature stations	NOAA CO-OPS — 水温観測地点	environment	ocean	en	usa,watertemperature,noaa	86400	US stations reporting water temperature.
geo-tidesandcurrents-met	https://api.tidesandcurrents.noaa.gov/mdapi/prod/webapi/stations.json?type=met&units=metric	json:stations	316	NOAA CO-OPS — meteorological stations	NOAA CO-OPS — 気象観測地点	environment	ocean	en	usa,coastal,meteorology	86400	US coastal met stations co-located with tide gauges.
geo-noaa-tides-tidepred	https://api.tidesandcurrents.noaa.gov/mdapi/prod/webapi/stations.json?type=tidepredictions&units=metric	json:stations	3499	NOAA CO-OPS — tide prediction stations	NOAA CO-OPS — 潮位予測地点	environment	ocean	en	usa,tide,noaa,stations	86400	Full US tide prediction station registry with coordinates.
geo-noaa-tides-datums	https://api.tidesandcurrents.noaa.gov/mdapi/prod/webapi/stations.json?type=datums&units=metric	json:stations	2209	NOAA CO-OPS — tidal datum stations	NOAA CO-OPS — 潮位基準面地点	environment	ocean	en	usa,tide,datums	86400	US stations with published tidal datums, needed to interpret surge heights.
geo-erddap-ndbc-met	https://coastwatch.pfeg.noaa.gov/erddap/tabledap/cwwcNDBCMet.json?station%2Clatitude%2Clongitude%2Ctime%2Cwtmp%2Cwspd&time%3E=now-2hours	json:table.rows	2666	ERDDAP — NDBC buoy meteorology, last 2 hours	ERDDAP — NDBCブイ気象(直近2時間)	environment	ocean	en	buoy,ndbc,ocean,realtime	1800	Live NDBC buoy sea temperature and wind with latitude/longitude columns.
geo-erddap-argo-ifremer	https://erddap.ifremer.fr/erddap/tabledap/ArgoFloats.json?platform_number%2Clatitude%2Clongitude%2Ctime&time%3E=now-2days	json:table.rows	786	ERDDAP Ifremer — Argo float profiles	ERDDAP Ifremer — Argoフロート	environment	ocean	en	argo,float,ocean,profiles	21600	Recent Argo float positions and profile metadata from the Coriolis centre.
geo-erddap-ioos-sensors	https://erddap.sensors.ioos.us/erddap/tabledap/allDatasets.json?datasetID%2Ctitle%2Cinstitution%2CminLongitude%2CminLatitude	json:table.rows	26721	ERDDAP IOOS Sensors — dataset catalogue	ERDDAP IOOS センサー — データ目録	environment	ocean	en	erddap,ioos,catalog	86400	Catalogue of tens of thousands of US coastal sensor datasets with bounding boxes.
geo-erddap-gliders	https://gliders.ioos.us/erddap/tabledap/allDatasets.json?datasetID%2Ctitle%2CminLongitude%2CminLatitude	json:table.rows	2514	ERDDAP IOOS Glider DAC — dataset catalogue	ERDDAP IOOS グライダー — データ目録	environment	ocean	en	erddap,glider,catalog	86400	Catalogue of underwater glider deployments with spatial bounds.
geo-erddap-coastwatch-alldatasets	https://coastwatch.pfeg.noaa.gov/erddap/tabledap/allDatasets.json?datasetID%2Ctitle%2Cinstitution	json:table.rows	3055	ERDDAP NOAA CoastWatch — dataset catalogue	ERDDAP NOAA CoastWatch — データ目録	environment	ocean	en	erddap,coastwatch,catalog	86400	NOAA CoastWatch ERDDAP catalogue of satellite and in-situ ocean datasets.
geo-erddap-polarwatch	https://polarwatch.noaa.gov/erddap/tabledap/allDatasets.json?datasetID%2Ctitle%2Cinstitution	json:table.rows	982	ERDDAP NOAA PolarWatch — dataset catalogue	ERDDAP NOAA PolarWatch — データ目録	science	ocean	en	erddap,polar,seaice,catalog	86400	Polar and sea ice dataset catalogue.
geo-erddap-emodnet-physics	https://erddap.emodnet-physics.eu/erddap/tabledap/allDatasets.json?datasetID%2Ctitle	json:table.rows	817	ERDDAP EMODnet Physics — dataset catalogue	ERDDAP EMODnet Physics — データ目録	environment	ocean	en	erddap,emodnet,europe,catalog	86400	European marine physics dataset catalogue.
geo-erddap-oceanobservatories	https://erddap.dataexplorer.oceanobservatories.org/erddap/tabledap/allDatasets.json?datasetID%2Ctitle%2Cinstitution	json:table.rows	767	ERDDAP OOI Data Explorer — dataset catalogue	ERDDAP OOI — データ目録	science	ocean	en	erddap,ooi,catalog	86400	Ocean Observatories Initiative dataset catalogue.
geo-erddap-icos	https://erddap.icos-cp.eu/erddap/tabledap/allDatasets.json?datasetID%2Ctitle%2Cinstitution	json:table.rows	773	ERDDAP ICOS — carbon observation catalogue	ERDDAP ICOS — 炭素観測目録	science	ocean	en	erddap,carbon,icos,catalog	86400	Integrated Carbon Observation System ocean and atmosphere datasets.
geo-erddap-osmc-alldatasets	https://osmc.noaa.gov/erddap/tabledap/allDatasets.json?datasetID%2Ctitle%2Cinstitution%2CminLongitude%2CminLatitude	json:table.rows	30	ERDDAP NOAA OSMC — dataset catalogue	ERDDAP NOAA OSMC — データ目録	environment	ocean	en	erddap,osmc,global,catalog	86400	Global ocean observing system monitoring centre datasets (drifters, Argo, TAO).
geo-erddap-emodnet	https://erddap.emodnet.eu/erddap/tabledap/allDatasets.json?datasetID%2Ctitle%2Cinstitution	json:table.rows	467	ERDDAP EMODnet — dataset catalogue	ERDDAP EMODnet — データ目録	environment	ocean	en	erddap,emodnet,catalog	86400	EMODnet central ERDDAP catalogue.
geo-erddap-aoml-gdp	https://erddap.aoml.noaa.gov/gdp/erddap/tabledap/allDatasets.json?datasetID%2Ctitle%2Cinstitution	json:table.rows	10	ERDDAP NOAA AOML GDP — drifter catalogue	ERDDAP NOAA AOML — 漂流ブイ目録	environment	ocean	en	erddap,drifter,aoml	86400	Global Drifter Program dataset catalogue.
geo-nsidc-north-monthly	https://noaadata.apps.nsidc.org/NOAA/G02135/north/monthly/data/N_08_extent_v4.0.csv	csv	47	NSIDC — Arctic sea ice extent, monthly	NSIDC — 北極海氷面積(月別)	science	ocean	en	seaice,arctic,nsidc,climate	86400	Monthly Arctic sea ice extent and area since 1979.
geo-nsidc-south-daily	https://noaadata.apps.nsidc.org/NOAA/G02135/south/daily/data/S_seaice_extent_daily_v4.0.csv	csv	1801	NSIDC — Antarctic sea ice extent, daily	NSIDC — 南極海氷面積(日別)	science	ocean	en	seaice,antarctic,nsidc	86400	Daily Antarctic sea ice extent time series.
geo-nsidc-south-monthly	https://noaadata.apps.nsidc.org/NOAA/G02135/south/monthly/data/S_08_extent_v4.0.csv	csv	47	NSIDC — Antarctic sea ice extent, monthly	NSIDC — 南極海氷面積(月別)	science	ocean	en	seaice,antarctic,nsidc,climate	86400	Monthly Antarctic sea ice extent and area.
geo-la-seaice-north	https://services9.arcgis.com/RHVPKKiFTONKtxq3/arcgis/rest/services/seaice_extent_N_v1/FeatureServer/0/query?where=1%3D1&outFields=*&f=geojson&resultRecordCount=20&geometryPrecision=2	geojson	20	Arctic median sea ice extent (Esri)	北極海氷 中央値範囲	science	ocean	en	seaice,arctic,polygon	86400	Median Arctic sea ice edge polygons by month, the anomaly reference.
geo-nasa-eonet-seaice	https://eonet.gsfc.nasa.gov/api/v3/events/geojson?category=seaLakeIce&limit=200&status=open	geojson	626	NASA EONET — sea and lake ice events	NASA EONET — 海氷・湖氷イベント	science	ocean	en	seaice,eonet,nasa	21600	Sea and lake ice events curated by EONET, with geometry.
geo-la-coral-reef-stations	https://services9.arcgis.com/RHVPKKiFTONKtxq3/arcgis/rest/services/Coral_Reef_Stations/FeatureServer/0/query?where=1%3D1&outFields=*&f=geojson&resultRecordCount=500	geojson	214	Coral reef monitoring stations (Esri)	サンゴ礁監視地点	environment	ocean	en	coral,reef,monitoring	86400	Coral reef watch virtual station locations for bleaching alerts.
geo-emodnet-bathymetry-wfs	https://ows.emodnet-bathymetry.eu/wfs?service=WFS&version=2.0.0&request=GetFeature&typeName=emodnet:contours&outputFormat=application/json&count=200	geojson	200	EMODnet Bathymetry — depth contours	EMODnet 海底地形 — 等深線	science	ocean	en	bathymetry,emodnet,europe	86400	European seabed depth contour geometry.
geo-openmeteo-marine	https://marine-api.open-meteo.com/v1/marine?latitude=35.0&longitude=140.0&hourly=wave_height,wave_period	json:hourly.time	168	Open-Meteo marine — Japan offshore	Open-Meteo 海況 — 日本沖	environment	ocean	en	waves,marine,japan	10800	Wave height and period forecast offshore Japan.
geo-openmeteo-marine-pacific	https://marine-api.open-meteo.com/v1/marine?latitude=-17.7&longitude=178.0&hourly=wave_height,swell_wave_height	json:hourly.time	168	Open-Meteo marine — Fiji waters	Open-Meteo 海況 — フィジー海域	environment	ocean	en	waves,marine,pacific	10800	Wave and swell forecast for the southwest Pacific.
geo-openmeteo-marine-indian	https://marine-api.open-meteo.com/v1/marine?latitude=-8.0&longitude=80.0&hourly=wave_height,wind_wave_height	json:hourly.time	168	Open-Meteo marine — Indian Ocean	Open-Meteo 海況 — インド洋	environment	ocean	en	waves,marine,indianocean	10800	Wave forecast south of Sri Lanka in the northern Indian Ocean.
geo-openmeteo-marine-atlantic	https://marine-api.open-meteo.com/v1/marine?latitude=45.0&longitude=-30.0&hourly=wave_height,swell_wave_period	json:hourly.time	168	Open-Meteo marine — North Atlantic	Open-Meteo 海況 — 北大西洋	environment	ocean	en	waves,marine,atlantic	10800	Mid-North-Atlantic wave and swell forecast.
geo-noaa-co2-mlo	https://gml.noaa.gov/webdata/ccgg/trends/co2/co2_trend_gl.csv	csv	3908	NOAA GML — global CO2 trend	NOAA GML — 全球CO2トレンド	science	earthobs	en	co2,greenhouse,climate,noaa	86400	Globally averaged marine surface CO2 trend series.
geo-noaa-gml-co2-mlo	https://gml.noaa.gov/webdata/ccgg/trends/co2/co2_mm_mlo.csv	csv	861	NOAA GML — Mauna Loa monthly CO2	NOAA GML — マウナロア月別CO2	science	earthobs	en	co2,maunaloa,climate	86400	Monthly mean CO2 at Mauna Loa, the canonical Keeling record.
geo-noaa-gml-ch4	https://gml.noaa.gov/webdata/ccgg/trends/ch4/ch4_mm_gl.csv	csv	560	NOAA GML — global methane	NOAA GML — 全球メタン	science	earthobs	en	methane,greenhouse,climate	86400	Globally averaged monthly methane concentration.
geo-noaa-gml-n2o	https://gml.noaa.gov/webdata/ccgg/trends/n2o/n2o_mm_gl.csv	csv	350	NOAA GML — global nitrous oxide	NOAA GML — 全球一酸化二窒素	science	earthobs	en	n2o,greenhouse,climate	86400	Globally averaged monthly nitrous oxide.
geo-noaa-gml-sf6	https://gml.noaa.gov/webdata/ccgg/trends/sf6/sf6_mm_gl.csv	csv	392	NOAA GML — global sulphur hexafluoride	NOAA GML — 全球六フッ化硫黄	science	earthobs	en	sf6,greenhouse,climate	86400	Globally averaged monthly SF6, an industrial tracer gas.
geo-silso-eisn	https://www.sidc.be/SILSO/DATA/EISN/EISN_current.csv	csv	7	SILSO — estimated international sunspot number	SILSO — 国際黒点相対数(推定)	science	spaceweather	en	sunspot,silso,solar	86400	Daily estimated international sunspot number from the Royal Observatory of Belgium.
geo-woudc-api-totalozone	https://api.woudc.org/collections/totalozone/items?f=json&limit=100	geojson	100	WOUDC — total column ozone observations	WOUDC — オゾン全量観測	science	earthobs	en	ozone,woudc,wmo,atmosphere	86400	WMO ozone data centre total column ozone with station geometry.
geo-woudc-api-collections	https://api.woudc.org/collections?f=json	json:collections	14	WOUDC — collection catalogue	WOUDC — コレクション目録	science	earthobs	en	ozone,woudc,catalog	86400	Catalogue of WMO ozone and UV data collections.
geo-earthsearch-s2-l2a	https://earth-search.aws.element84.com/v1/search?collections=sentinel-2-l2a&limit=100	geojson	100	Earth Search — Sentinel-2 L2A scenes	Earth Search — Sentinel-2 L2A	science	earthobs	en	stac,sentinel2,imagery,aws	3600	Keyless STAC search over Sentinel-2 surface reflectance scenes with footprint polygons.
geo-earthsearch-s1-grd	https://earth-search.aws.element84.com/v1/search?collections=sentinel-1-grd&limit=100	geojson	100	Earth Search — Sentinel-1 GRD scenes	Earth Search — Sentinel-1 GRD	science	earthobs	en	stac,sentinel1,sar,aws	3600	Sentinel-1 SAR scene footprints; all-weather imaging for disaster response.
geo-earthsearch-landsat	https://earth-search.aws.element84.com/v1/search?collections=landsat-c2-l2&limit=100	geojson	100	Earth Search — Landsat Collection 2 L2	Earth Search — Landsat C2 L2	science	earthobs	en	stac,landsat,imagery	3600	Landsat surface reflectance scene footprints.
geo-stac-earthsearch-s2-c1	https://earth-search.aws.element84.com/v1/search?collections=sentinel-2-c1-l2a&limit=100	geojson	100	Earth Search — Sentinel-2 Collection 1 L2A	Earth Search — Sentinel-2 C1 L2A	science	earthobs	en	stac,sentinel2,imagery	3600	Reprocessed Sentinel-2 Collection 1 scene index.
geo-earthsearch-collections	https://earth-search.aws.element84.com/v1/collections	json:collections	9	Earth Search — collection list	Earth Search — コレクション一覧	science	earthobs	en	stac,catalog,aws	86400	Available collections in the Element 84 public STAC API.
geo-planetarycomputer-s2	https://planetarycomputer.microsoft.com/api/stac/v1/search?collections=sentinel-2-l2a&limit=100	geojson	100	Planetary Computer — Sentinel-2 L2A	Planetary Computer — Sentinel-2 L2A 地表面反射率	science	earthobs	en	stac,sentinel2,microsoft	3600	Microsoft Planetary Computer Sentinel-2 scene search with footprints.
geo-planetarycomputer-s1	https://planetarycomputer.microsoft.com/api/stac/v1/search?collections=sentinel-1-grd&limit=100	geojson	100	Planetary Computer — Sentinel-1 GRD	Planetary Computer — Sentinel-1 GRD(SAR)	science	earthobs	en	stac,sentinel1,sar	3600	Planetary Computer Sentinel-1 SAR scene search.
geo-planetarycomputer-landsat	https://planetarycomputer.microsoft.com/api/stac/v1/search?collections=landsat-c2-l2&limit=100	geojson	100	Planetary Computer — Landsat C2 L2	Planetary Computer — Landsat C2 L2 地表面反射率	science	earthobs	en	stac,landsat	3600	Planetary Computer Landsat scene search.
geo-stac-planetary-modis	https://planetarycomputer.microsoft.com/api/stac/v1/search?collections=modis-14A1-061&limit=100	geojson	100	Planetary Computer — MODIS thermal anomalies	Planetary Computer — MODIS熱異常	science	earthobs	en	stac,modis,fire	21600	MODIS 14A1 thermal anomaly product tiles with geometry.
geo-stac-planetary-naip	https://planetarycomputer.microsoft.com/api/stac/v1/search?collections=naip&limit=100	geojson	100	Planetary Computer — NAIP aerial imagery	Planetary Computer — NAIP空中写真	science	earthobs	en	stac,naip,aerial,usa	86400	US high-resolution aerial imagery footprints.
geo-planetarycomputer-collections	https://planetarycomputer.microsoft.com/api/stac/v1/collections	json:collections	135	Planetary Computer — collection catalogue	Planetary Computer — コレクション目録	science	earthobs	en	stac,catalog,microsoft	86400	135 open Earth observation collections with spatial extents.
geo-landsatlook-c2l2	https://landsatlook.usgs.gov/stac-server/search?collections=landsat-c2l2-sr&limit=100	geojson	100	USGS LandsatLook — Collection 2 L2 scenes	USGS LandsatLook — C2 L2シーン	science	earthobs	en	stac,landsat,usgs	3600	USGS-hosted Landsat surface reflectance STAC search.
geo-landsatlook-collections	https://landsatlook.usgs.gov/stac-server/collections	json:collections	18	USGS LandsatLook — collection list	USGS LandsatLook — コレクション一覧	science	earthobs	en	stac,landsat,catalog	86400	USGS Landsat STAC collections.
geo-cdse-stac-s3	https://stac.dataspace.copernicus.eu/v1/search?collections=sentinel-3-olci-2-lfr-ntc&limit=50	geojson	50	Copernicus Data Space — Sentinel-3 OLCI	Copernicus — Sentinel-3 OLCI	science	earthobs	en	stac,sentinel3,copernicus	3600	Sentinel-3 ocean and land colour scene index.
geo-stac-cdse-s2-l1c	https://stac.dataspace.copernicus.eu/v1/search?collections=sentinel-2-l1c&limit=50	geojson	50	Copernicus Data Space — Sentinel-2 L1C	Copernicus — Sentinel-2 L1C	science	earthobs	en	stac,sentinel2,copernicus	3600	Sentinel-2 top-of-atmosphere scene index from the official Copernicus catalogue.
geo-stac-cdse-s1-slc	https://stac.dataspace.copernicus.eu/v1/search?collections=sentinel-1-slc&limit=50	geojson	50	Copernicus Data Space — Sentinel-1 SLC	Copernicus — Sentinel-1 SLC	science	earthobs	en	stac,sentinel1,sar,insar	3600	Sentinel-1 single-look complex products, the InSAR deformation input.
geo-cdse-stac-collections	https://stac.dataspace.copernicus.eu/v1/collections	json:collections	10	Copernicus Data Space — STAC collections	Copernicus — STACコレクション	science	earthobs	en	stac,copernicus,catalog	86400	Collections exposed by the Copernicus Data Space STAC API.
geo-copernicus-odata-s2	https://catalogue.dataspace.copernicus.eu/odata/v1/Products?$filter=Collection/Name%20eq%20%27SENTINEL-2%27&$top=100	json:value	100	Copernicus Data Space — Sentinel-2 OData	Copernicus — Sentinel-2 OData	science	earthobs	en	sentinel2,odata,copernicus	3600	OData product query over the Sentinel-2 archive.
geo-cmr-stac-lpcloud	https://cmr.earthdata.nasa.gov/stac/LPCLOUD/search?limit=100	geojson	100	NASA CMR STAC — LP DAAC cloud products	NASA CMR STAC — LP DAAC	science	earthobs	en	stac,nasa,cmr,landsurface	3600	NASA land process products with granule footprints.
geo-cmr-stac-pocloud	https://cmr.earthdata.nasa.gov/stac/POCLOUD/search?limit=100	geojson	100	NASA CMR STAC — PO.DAAC ocean products	NASA CMR STAC — PO.DAAC	science	earthobs	en	stac,nasa,ocean,cmr	3600	NASA physical oceanography granules with footprints.
geo-cmr-stac-lance	https://cmr.earthdata.nasa.gov/stac/LANCEMODIS/search?limit=100	geojson	100	NASA CMR STAC — LANCE near-real-time	NASA CMR STAC — LANCE準リアルタイム	science	earthobs	en	stac,nasa,nrt,cmr	3600	NASA near-real-time MODIS granules, the fast tier for disasters.
geo-cmr-collections	https://cmr.earthdata.nasa.gov/search/collections.json?page_size=100	json:feed.entry	100	NASA CMR — collection search	NASA CMR — コレクション検索	science	earthobs	en	nasa,cmr,catalog	86400	NASA Common Metadata Repository collection listing.
geo-cmr-granules-recent	https://cmr.earthdata.nasa.gov/search/granules.json?page_size=100&sort_key=-start_date&provider=LPCLOUD	json:feed.entry	100	NASA CMR — recent LP DAAC granules	NASA CMR — 最新LP DAACグラニュール	science	earthobs	en	nasa,cmr,granules	3600	Most recently ingested NASA land granules.
geo-asf-sentinel1	https://api.daac.asf.alaska.edu/services/search/param?platform=SENTINEL-1&output=geojson&maxResults=200	geojson	200	ASF — Sentinel-1 archive search	ASF — Sentinel-1 検索	science	earthobs	en	sar,sentinel1,asf,insar	3600	Alaska Satellite Facility SAR search returning GeoJSON scene footprints.
geo-asf-sentinel1-recent	https://api.daac.asf.alaska.edu/services/search/param?platform=SENTINEL-1&start=2026-08-01T00:00:00Z&output=geojson&maxResults=300	geojson	300	ASF — Sentinel-1 acquisitions since August 2026	ASF — Sentinel-1 最新取得	science	earthobs	en	sar,sentinel1,asf	3600	Recent Sentinel-1 acquisitions, the InSAR change-detection feed.
geo-asf-alos	https://api.daac.asf.alaska.edu/services/search/param?platform=ALOS&output=geojson&maxResults=200	geojson	200	ASF — ALOS PALSAR archive	ASF — ALOS PALSAR アーカイブ	science	earthobs	en	sar,alos,japan,asf	86400	JAXA ALOS PALSAR L-band SAR scene footprints hosted by ASF.
geo-asf-uavsar	https://api.daac.asf.alaska.edu/services/search/param?platform=UAVSAR&output=geojson&maxResults=200	geojson	200	ASF — UAVSAR airborne SAR	ASF — UAVSAR 航空機SAR	science	earthobs	en	sar,uavsar,airborne	86400	NASA airborne SAR acquisition footprints.
geo-stac-swisstopo-collections	https://data.geo.admin.ch/api/stac/v0.9/collections	json:collections	100	swisstopo — STAC collections	swisstopo — STACコレクション	science	earthobs	en	stac,switzerland,geodata	86400	Swiss national geodata STAC collections.
geo-stac-swisstopo-swissimage	https://data.geo.admin.ch/api/stac/v0.9/collections/ch.swisstopo.swissimage-dop10/items?limit=100	geojson	100	swisstopo — SWISSIMAGE orthophoto tiles	swisstopo — SWISSIMAGE 正射画像	science	earthobs	en	stac,switzerland,orthophoto	86400	10 cm Swiss orthophoto tile index with footprints.
geo-stac-ceda	https://api.stac.ceda.ac.uk/collections	json:collections	28	CEDA — STAC collections	CEDA — STACコレクション	science	earthobs	en	stac,uk,climate,catalog	86400	UK Centre for Environmental Data Analysis STAC collections.
geo-stac-dea-africa-items	https://explorer.digitalearth.africa/stac/collections/s2_l2a/items?limit=50	geojson	50	Digital Earth Africa — Sentinel-2 L2A	Digital Earth Africa — Sentinel-2 L2A(アフリカ)	science	earthobs	en	stac,africa,sentinel2	3600	Analysis-ready Sentinel-2 over Africa with scene footprints.
geo-stac-dea-australia-items	https://explorer.dea.ga.gov.au/stac/collections/ga_ls8c_ard_3/items?limit=50	geojson	50	Digital Earth Australia — Landsat 8 ARD	Digital Earth Australia — Landsat 8 ARD(豪州)	science	earthobs	en	stac,australia,landsat	3600	Australian analysis-ready Landsat scene index.
geo-dea-australia-stac	https://explorer.dea.ga.gov.au/stac/collections	json:collections	97	Digital Earth Australia — STAC collections	Digital Earth Australia — コレクション	science	earthobs	en	stac,australia,catalog	86400	Digital Earth Australia collection catalogue.
geo-veda-stac	https://openveda.cloud/api/stac/collections	json:collections	10	NASA VEDA — STAC collections	NASA VEDA — STACコレクション	science	earthobs	en	stac,nasa,veda,catalog	86400	NASA VEDA analysis-ready environmental data collections.
geo-stac-cnes-geodes	https://geodes-portal.cnes.fr/api/stac/collections	json:collections	10	CNES GEODES — STAC collections	CNES GEODES — STACコレクション	science	earthobs	en	stac,france,cnes,catalog	86400	French space agency Earth observation collections.
geo-stac-eoapi-dev	https://stac.eoapi.dev/collections	json:collections	10	eoAPI — public STAC collections	eoAPI — 公開STACコレクション	science	earthobs	en	stac,catalog	86400	Reference eoAPI STAC deployment collections.
geo-stac-eurodatacube	https://collections.eurodatacube.com/stac/index.json	json-array	54	Euro Data Cube — collection index	Euro Data Cube — コレクション索引	science	earthobs	en	stac,europe,catalog	86400	Euro Data Cube public collection index.
geo-eumetsat-collections	https://api.eumetsat.int/data/browse/collections?format=json	json:links	186	EUMETSAT Data Store — collections	EUMETSAT データストア — コレクション	science	earthobs	en	eumetsat,satellite,catalog	86400	EUMETSAT meteorological satellite product collections.
geo-nasa-eonet-geojson	https://eonet.gsfc.nasa.gov/api/v3/events/geojson?limit=200&status=open	geojson	262	NASA EONET — all open natural events	NASA EONET — 全自然イベント	disaster	humanitarian	en	eonet,nasa,hazards,global	1800	All currently open EONET natural events as GeoJSON: fires, storms, volcanoes, ice.
geo-nasa-eonet-storms	https://eonet.gsfc.nasa.gov/api/v3/events/geojson?category=severeStorms&limit=200&status=open	geojson	64	NASA EONET — severe storm events	NASA EONET — 暴風雨イベント	disaster	weather	en	eonet,nasa,storms	3600	Open severe storm events tracked by EONET.
geo-nasa-eonet-closed	https://eonet.gsfc.nasa.gov/api/v3/events?limit=200&status=closed&days=120	json:events	200	NASA EONET — recently closed events	NASA EONET — 終了イベント	science	humanitarian	en	eonet,nasa,archive	21600	Events closed in the last 120 days, for retrospective analysis.
geo-nasa-eonet-categories	https://eonet.gsfc.nasa.gov/api/v3/categories	json:categories	13	NASA EONET — event categories	NASA EONET — イベント分類	science	humanitarian	en	eonet,nasa,reference	86400	EONET category vocabulary.
geo-opentopography-catalog	https://portal.opentopography.org/API/otCatalog?productFormat=PointCloud&detail=false&outputFormat=json&include_federated=true	json:Datasets	3888	OpenTopography — point cloud dataset catalogue	OpenTopography — 点群データ目録	science	earthobs	en	lidar,topography,catalog	86400	Global lidar point cloud dataset catalogue with bounding boxes.
geo-opentopography-usgsdem	https://portal.opentopography.org/API/otCatalog?productFormat=Raster&detail=false&outputFormat=json&include_federated=true	json:Datasets	561	OpenTopography — raster DEM catalogue	OpenTopography — ラスタDEM目録	science	earthobs	en	dem,topography,catalog	86400	Raster digital elevation model dataset catalogue with spatial extents.
geo-swiss-geoadmin-search	https://api3.geo.admin.ch/rest/services/api/MapServer	json:layers	877	swisstopo geo.admin.ch — layer catalogue	swisstopo geo.admin.ch — レイヤ目録	science	earthobs	en	switzerland,geodata,catalog	86400	Catalogue of nearly 900 Swiss national geodata layers.
geo-osm-notes	https://api.openstreetmap.org/api/0.6/notes.json?bbox=139.5,35.5,140.0,36.0&limit=100	geojson	100	OpenStreetMap — map notes (Kanto bbox)	OpenStreetMap — 地図ノート(関東域)	science	earthobs	en	osm,crowdsourced,notes,japan	21600	Crowd-reported OSM map notes with coordinates; ground-truth change signals.
geo-oscar-stations	https://oscar.wmo.int/surface/rest/api/search/station?territoryName=JPN	json:stationSearchResults	2956	WMO OSCAR/Surface — Japan station registry	WMO OSCAR/Surface — 日本の観測所	environment	weather	en	wmo,oscar,stations,japan	86400	WMO station registry entries for Japan with WIGOS identifiers and coordinates.
geo-gdacs-rss-24h	https://www.gdacs.org/xml/rss_24h.xml	rss	15	GDACS — global disaster alerts, 24 hours	GDACS — 世界災害警報(24時間)	disaster	humanitarian	en	gdacs,disaster,global,alert	1800	Global Disaster Alert and Coordination System events from the last day, with georss coordinates.
geo-gdacs-rss-7d	https://www.gdacs.org/xml/rss_7d.xml	rss	478	GDACS — global disaster alerts, 7 days	GDACS — 世界災害警報(7日)	disaster	humanitarian	en	gdacs,disaster,global	3600	One week of GDACS multi-hazard alerts.
geo-gdacs-search-eq	https://www.gdacs.org/gdacsapi/api/events/geteventlist/SEARCH?eventlist=EQ&fromDate=2026-07-01&toDate=2026-08-09	geojson	4	GDACS — filtered event search	GDACS — 条件付きイベント検索	disaster	humanitarian	en	gdacs,disaster,search	3600	GDACS SEARCH endpoint with a working event-type and date filter, unlike the MAP endpoint.
geo-idmc-idus	https://helix-tools-api.idmcdb.org/external-api/idus/last-180-days/?client_id=IDMCWSHSOLO009	json-array	4289	IDMC IDU — internal displacement events	IDMC IDU — 国内避難イベント	disaster	humanitarian	en	displacement,idmc,idp,global	21600	Global internal displacement events with cause, figures and event coordinates.
geo-unhcr-population	https://api.unhcr.org/population/v1/population/?limit=100&yearFrom=2024	json:items	75	UNHCR — refugee population statistics	UNHCR — 難民人口統計	disaster	humanitarian	en	unhcr,refugees,statistics	86400	UNHCR population figures by origin and asylum country; country-level, no geometry.
geo-unhcr-asylum	https://api.unhcr.org/population/v1/asylum-applications/?limit=100&yearFrom=2024	json:items	100	UNHCR — asylum applications	UNHCR — 庇護申請	disaster	humanitarian	en	unhcr,asylum,statistics	86400	Asylum application counts by country pair and year.
geo-unhcr-solutions	https://api.unhcr.org/population/v1/solutions/?limit=100&yearFrom=2024	json:items	67	UNHCR — durable solutions statistics	UNHCR — 恒久的解決策統計	disaster	humanitarian	en	unhcr,returns,statistics	86400	Returns, resettlement and naturalisation figures by country.
geo-unhcr-idmc	https://api.unhcr.org/population/v1/idmc/?limit=100&yearFrom=2024	json:items	36	UNHCR — IDMC internal displacement figures	UNHCR — IDMC 国内避難統計	disaster	humanitarian	en	unhcr,idmc,displacement	86400	IDMC internal displacement stocks and flows served through the UNHCR API.
geo-ifrc-go-appeals	https://goadmin.ifrc.org/api/v2/appeal/?limit=100&format=json	json:results	100	IFRC GO — emergency appeals	IFRC GO — 緊急アピール	disaster	humanitarian	en	ifrc,redcross,appeal	21600	Red Cross emergency appeals with funding status by country.
geo-ifrc-go-events	https://goadmin.ifrc.org/api/v2/event/?limit=100&format=json	json:results	100	IFRC GO — emergency events	IFRC GO — 緊急事態	disaster	humanitarian	en	ifrc,redcross,emergency	21600	IFRC-tracked emergencies with disaster type and affected countries.
geo-ifrc-go-emergencies	https://goadmin.ifrc.org/api/v2/event/?limit=100&format=json&ordering=-disaster_start_date	json:results	100	IFRC GO — emergencies by start date	IFRC GO — 発生日順の緊急事態	disaster	humanitarian	en	ifrc,redcross,emergency	21600	IFRC emergencies ordered by disaster start date, newest first.
geo-ifrc-go-situation	https://goadmin.ifrc.org/api/v2/situation_report/?limit=50&format=json	json:results	50	IFRC GO — situation reports	IFRC GO — 状況報告	disaster	humanitarian	en	ifrc,redcross,sitrep	21600	Situation report documents attached to IFRC emergencies.
geo-hdx-package-search	https://data.humdata.org/api/3/action/package_search?rows=100	json:result.results	100	HDX — dataset search	HDX — データセット検索	disaster	humanitarian	en	hdx,ocha,datasets	86400	Humanitarian Data Exchange CKAN dataset search.
geo-hdx-recent-datasets	https://data.humdata.org/api/3/action/package_search?q=metadata_modified:%5BNOW-7DAYS%20TO%20NOW%5D&rows=100	json:result.results	100	HDX — datasets updated this week	HDX — 今週更新データセット	disaster	humanitarian	en	hdx,ocha,datasets,recent	21600	HDX datasets modified in the last seven days, a good crisis-activity proxy.
geo-hdx-hapi-locations	https://hapi.humdata.org/api/v1/metadata/location?app_identifier=amFwYW5vc2ludDpqYXBhbm9zaW50QGV4YW1wbGUuY29t&limit=200	json:data	200	HDX HAPI — location reference	HDX HAPI — 地域リファレンス	disaster	humanitarian	en	hdx,hapi,reference	86400	Standardised country and admin location reference from the HDX API.
geo-fema-disasters	https://www.fema.gov/api/open/v2/DisasterDeclarationsSummaries?$top=200&$orderby=declarationDate%20desc	json:DisasterDeclarationsSummaries	200	FEMA — US disaster declarations	FEMA — 米国災害宣言	disaster	humanitarian	en	fema,usa,declaration	86400	US presidential disaster declarations by county; geometry is the county FIPS code, not a point.
geo-fema-ihp	https://www.fema.gov/api/open/v1/FemaWebDisasterDeclarations?$top=200	json:FemaWebDisasterDeclarations	200	FEMA — web disaster declarations	FEMA — 災害宣言(Web)	disaster	humanitarian	en	fema,usa,declaration	86400	FEMA web disaster declaration summaries with incident dates and types.
geo-who-don	https://www.who.int/api/news/diseaseoutbreaknews?sf_provider=dynamicProvider372&sf_culture=en&$orderby=PublicationDateAndTime%20desc&$top=50&$select=Title,PublicationDateAndTime,UrlName&$format=json	json:value	50	WHO — Disease Outbreak News	WHO — 疾病アウトブレイク情報	disaster	humanitarian	en	who,outbreak,health	21600	WHO official outbreak notifications; country-level, no coordinates.
geo-jrc-inform-scores	https://drmkc.jrc.ec.europa.eu/inform-index/API/InformAPI/countries/Scores/?WorkflowId=468	json-array	46461	JRC INFORM — country risk index scores	JRC INFORM — 国別リスク指数	disaster	humanitarian	en	inform,risk,jrc,index	86400	INFORM composite risk, hazard and vulnerability scores per country.
geo-un-spider	https://un-spider.org/rss.xml	rss	10	UN-SPIDER — space-based disaster response news	UN-SPIDER — 宇宙技術災害対応ニュース	disaster	humanitarian	en	unspider,disaster,satellite	21600	UN platform for space-based information in disaster management.
geo-la-asam-events	https://services9.arcgis.com/RHVPKKiFTONKtxq3/arcgis/rest/services/ASAM_events_V1/FeatureServer/0/query?where=1%3D1&outFields=*&f=geojson&resultRecordCount=500	geojson	500	ASAM — anti-shipping activity messages	ASAM — 船舶被害情報	disaster	ocean	en	piracy,maritime,security	21600	Reported piracy and anti-shipping incidents with coordinates.
geo-gbif-recent-geo	https://api.gbif.org/v1/occurrence/search?hasCoordinate=true&limit=300&year=2026	json:results	300	GBIF — georeferenced occurrences, 2026	GBIF — 位置情報付き記録(2026年)	science	biodiversity	en	gbif,biodiversity,occurrence	21600	Species occurrence records with verified coordinates from the global aggregator.
geo-gbif-occ-oceania	https://api.gbif.org/v1/occurrence/search?hasCoordinate=true&limit=300&continent=OCEANIA&year=2026	json:results	300	GBIF — Oceania occurrences	GBIF — オセアニアの記録	science	biodiversity	en	gbif,oceania,occurrence	86400	Georeferenced occurrences across the Pacific, an under-sampled region.
geo-gbif-africa-retry	https://api.gbif.org/v1/occurrence/search?hasCoordinate=true&limit=200&continent=AFRICA	json:results	200	GBIF — Africa occurrences	GBIF — アフリカの記録	science	biodiversity	en	gbif,africa,occurrence	86400	Georeferenced African species occurrences.
geo-gbif-southamerica-retry	https://api.gbif.org/v1/occurrence/search?hasCoordinate=true&limit=200&continent=SOUTH_AMERICA	json:results	200	GBIF — South America occurrences	GBIF — 南米の記録	science	biodiversity	en	gbif,southamerica,occurrence	86400	Georeferenced South American species occurrences.
geo-gbif-asia-retry	https://api.gbif.org/v1/occurrence/search?hasCoordinate=true&limit=200&continent=ASIA	json:results	200	GBIF — Asia occurrences	GBIF — アジアの記録	science	biodiversity	en	gbif,asia,occurrence	86400	Georeferenced Asian species occurrences.
geo-gbif-country-in	https://api.gbif.org/v1/occurrence/search?hasCoordinate=true&limit=200&country=IN	json:results	200	GBIF — India occurrences	GBIF — インドの記録	science	biodiversity	en	gbif,india,occurrence	86400	Georeferenced Indian species occurrences.
geo-gbif-country-br	https://api.gbif.org/v1/occurrence/search?hasCoordinate=true&limit=200&country=BR	json:results	200	GBIF — Brazil occurrences	GBIF — ブラジルの記録	science	biodiversity	en	gbif,brazil,occurrence	86400	Georeferenced Brazilian species occurrences.
geo-gbif-datasets	https://api.gbif.org/v1/dataset?limit=100	json:results	100	GBIF — dataset registry	GBIF — データセット登録	science	biodiversity	en	gbif,catalog	86400	Registry of datasets published to GBIF.
geo-inaturalist-obs	https://api.inaturalist.org/v1/observations?per_page=200&order_by=created_at&geo=true	json:results	200	iNaturalist — recent georeferenced observations	iNaturalist — 位置情報付き最新観測	science	biodiversity	en	inaturalist,citizen,observation	3600	Live citizen-science species observations; each record carries a coordinate pair.
geo-inaturalist-obs-threatened	https://api.inaturalist.org/v1/observations?per_page=200&threatened=true&geo=true	json:results	200	iNaturalist — threatened species observations	iNaturalist — 絶滅危惧種の観測	science	biodiversity	en	inaturalist,threatened,conservation	21600	Observations of taxa listed as threatened.
geo-inat-research-small	https://api.inaturalist.org/v1/observations?per_page=100&quality_grade=research&geo=true&order_by=created_at	json:results	100	iNaturalist — research-grade observations	iNaturalist — リサーチグレード観測	science	biodiversity	en	inaturalist,researchgrade	3600	Verified research-grade observations suitable for scientific use.
geo-inat-birds	https://api.inaturalist.org/v1/observations?per_page=100&taxon_id=3&geo=true&order_by=created_at	json:results	100	iNaturalist — bird observations	iNaturalist — 鳥類の観測	science	biodiversity	en	inaturalist,birds,aves	10800	Recent bird observations worldwide.
geo-inat-observations-japan	https://api.inaturalist.org/v1/observations?per_page=200&place_id=6737&geo=true&order_by=created_at	json:results	200	iNaturalist — Japan observations	iNaturalist — 日本の観測	science	biodiversity	en	inaturalist,japan,observation	10800	Species observations recorded within Japan.
geo-obis-occurrence	https://api.obis.org/v3/occurrence?size=100	json:results	100	OBIS — marine species occurrences	OBIS — 海洋生物記録	science	biodiversity	en	obis,marine,occurrence	21600	Ocean Biodiversity Information System occurrence records with coordinates.
geo-obis-occurrence-recent	https://api.obis.org/v3/occurrence?size=200&startdate=2026-01-01	json:results	200	OBIS — marine occurrences since 2026	OBIS — 2026年以降の海洋記録	science	biodiversity	en	obis,marine,recent	21600	Recent marine biodiversity records.
geo-obis-dataset	https://api.obis.org/v3/dataset?size=100	json:results	100	OBIS — dataset registry	OBIS — データセット登録	science	biodiversity	en	obis,catalog	86400	Registry of marine datasets contributing to OBIS.
geo-wdpa-small	https://data-gis.unep-wcmc.org/server/rest/services/ProtectedSites/The_World_Database_of_Protected_Areas/MapServer/1/query?where=1%3D1&outFields=NAME,DESIG_ENG,ISO3&f=geojson&resultRecordCount=50&geometryPrecision=2	geojson	50	World Database on Protected Areas — sample	世界保護地域データベース — 抜粋	science	biodiversity	en	wdpa,protectedareas,conservation	86400	Protected area polygons with designation and country from UNEP-WCMC.
geo-gfw-datasets	https://data-api.globalforestwatch.org/datasets	json:data	382	Global Forest Watch — dataset registry	Global Forest Watch — データセット登録	science	biodiversity	en	gfw,forest,deforestation,catalog	86400	Registry of GFW deforestation and land cover datasets.
geo-bgs-landslide-index	https://ogcapi.bgs.ac.uk/collections/landslideindex/items?f=json&limit=300	geojson	300	BGS — national landslide database	BGS — 全国地すべりDB	disaster	earthobs	en	landslide,uk,bgs,hazard	86400	UK landslide inventory points with type and trigger.
geo-bgs-borehole-index	https://ogcapi.bgs.ac.uk/collections/onshoreboreholeindex/items?f=json&limit=300	geojson	300	BGS — onshore borehole index	BGS — 陸域ボーリング索引	science	earthobs	en	borehole,geology,uk	86400	UK borehole locations with depth and record availability.
geo-bgs-offshore-wells	https://ogcapi.bgs.ac.uk/collections/offshore-hydrocarbon-wells/items?f=json&limit=300	geojson	300	BGS — offshore hydrocarbon wells	BGS — 海底炭化水素坑井	science	earthobs	en	offshore,wells,uk,energy	86400	UK continental shelf hydrocarbon well locations.
geo-bgs-offshore-core-samples	https://ogcapi.bgs.ac.uk/collections/offshore-core-sample-data/items?f=json&limit=300	geojson	300	BGS — offshore core samples	BGS — 海底コア試料	science	earthobs	en	offshore,cores,geology	86400	Seabed core sample sites held by BGS.
geo-bgs-offshore-seabed-sediment	https://ogcapi.bgs.ac.uk/collections/offshore-seabed-sediment-data/items?f=json&limit=300	geojson	300	BGS — offshore seabed sediment data	BGS — 海底堆積物データ	science	ocean	en	seabed,sediment,uk	86400	Seabed sediment sample points around the UK.
geo-bgs-bedrock-625k	https://ogcapi.bgs.ac.uk/collections/bgsgeology625kbedrock/items?f=json&limit=50	geojson	50	BGS — 1:625k bedrock geology	BGS — 62.5万分の1 基盤地質	science	earthobs	en	geology,bedrock,uk	86400	Generalised UK bedrock geology polygons.
geo-bgs-faults-625k	https://ogcapi.bgs.ac.uk/collections/bgsgeology625kfaults/items?f=json&limit=200	geojson	200	BGS — 1:625k geological faults	BGS — 62.5万分の1 断層	science	seismic	en	geology,faults,uk	86400	Mapped UK fault traces, context for local seismicity.
geo-bgs-mine-plans	https://ogcapi.bgs.ac.uk/collections/mine_plans/items?f=json&limit=200	geojson	200	BGS — abandoned mine plan index	BGS — 廃坑図索引	science	earthobs	en	mining,uk,subsidence	86400	Index of UK mine plans; this endpoint returns attributes without geometry.
geo-bgs-world-mineral-stats	https://ogcapi.bgs.ac.uk/collections/world-mineral-statistics/items?f=json&limit=200	geojson	200	BGS — world mineral statistics	BGS — 世界鉱物統計	science	earthobs	en	minerals,statistics,global	86400	Country-level global mineral production statistics.
geo-bgs-collections	https://ogcapi.bgs.ac.uk/collections?f=json	json:collections	45	BGS OGC API — collection catalogue	BGS OGC API — コレクション目録	science	earthobs	en	bgs,ogcapi,catalog	86400	Catalogue of all BGS OGC API Features collections.
geo-la-usgs-seismic	https://services9.arcgis.com/RHVPKKiFTONKtxq3/arcgis/rest/services/USGS_Seismic_Data_v1/FeatureServer/0/query?where=1%3D1&outFields=*&f=geojson&resultRecordCount=1000	geojson	1000	USGS seismic data layer (Esri Living Atlas)	USGS 地震データレイヤ	disaster	seismic	en	earthquake,usgs,layer	1800	Recent USGS earthquakes republished as an Esri feature layer.
geo-la-historical-quakes	https://services9.arcgis.com/RHVPKKiFTONKtxq3/arcgis/rest/services/Historical_Quakes/FeatureServer/0/query?where=1%3D1&outFields=*&f=geojson&resultRecordCount=500	geojson	500	Historical earthquakes layer (Esri)	歴史地震レイヤ	science	seismic	en	earthquake,historical,layer	86400	Historical significant earthquake points with magnitude and depth.
geo-la-drought-spi	https://services9.arcgis.com/RHVPKKiFTONKtxq3/arcgis/rest/services/SPI_recent/FeatureServer/0/query?where=1%3D1&outFields=*&f=geojson&resultRecordCount=500&geometryPrecision=3	geojson	500	Standardized Precipitation Index, recent	標準化降水指数(直近)	environment	weather	en	drought,spi,global	86400	Recent SPI drought index polygons; area-based, not point observations.
geo-usda-drought-arcgis	https://services9.arcgis.com/RHVPKKiFTONKtxq3/arcgis/rest/services/US_Drought_Intensity_v1/FeatureServer/3/query?where=1%3D1&outFields=*&f=geojson&resultRecordCount=500	geojson	5	US Drought Monitor intensity polygons	米国干ばつモニター 強度域	environment	weather	en	drought,usa,monitor	86400	Weekly US Drought Monitor intensity class polygons.
geo-la-day-night-terminator	https://services9.arcgis.com/RHVPKKiFTONKtxq3/arcgis/rest/services/Day_Night_Terminator/FeatureServer/0/query?where=1%3D1&outFields=*&f=geojson&resultRecordCount=20	geojson	1	Day/night terminator line	昼夜境界線	science	spaceweather	en	terminator,solar,global	3600	Current solar terminator geometry, useful for imagery and outage context.
geo-avalanche-org-map	https://api.avalanche.org/v2/public/products/map-layer	geojson	82	Avalanche.org — US forecast centre map layer	Avalanche.org — 米国雪崩予報域	disaster	weather	en	avalanche,usa,snow,warning	21600	US avalanche forecast zone polygons with current danger rating; seasonal.
geo-avalanche-org-centers	https://api.avalanche.org/v2/public/avalanche-center/NWAC	json:config.weather_table	13	Avalanche.org — NWAC centre metadata	Avalanche.org — NWACセンター情報	disaster	weather	en	avalanche,usa,nwac	86400	Northwest Avalanche Center configuration including weather station table.
geo-algeria-craag	http://www.craag.dz/?feed=rss2	rss	10	CRAAG Algeria — geoscience bulletin	アルジェリアCRAAG — 地球科学速報	science	seismic	en	algeria,africa,earthquake,news	21600	Algerian astrophysics and geophysics centre news, including felt earthquakes.
geo-egypt-nriag	https://www.nriag.sci.eg/feed/	rss	10	NRIAG Egypt — geoscience bulletin	エジプトNRIAG — 地球科学速報	science	seismic	en	egypt,africa,earthquake,news	21600	Egyptian national research institute of astronomy and geophysics bulletin.
geo-esa-gnss	https://www.esa.int/rssfeed/Our_Activities/Observing_the_Earth	rss	15	ESA — Observing the Earth news	ESA — 地球観測ニュース	science	earthobs	en	esa,satellite,news	21600	European Space Agency Earth observation programme news.
geo-eumetsat-datastore	https://api.eumetsat.int/data/browse/1.0.0/collections?format=json	json:links	186	EUMETSAT Data Store — browse root	EUMETSAT データストア — ブラウズ	science	earthobs	en	eumetsat,satellite,catalog	86400	EUMETSAT Data Store browse entry point listing product collections.
geo-worldpop-api	https://www.worldpop.org/rest/data	json:data	18	WorldPop — dataset catalogue	WorldPop — データ目録	science	humanitarian	en	population,worldpop,catalog	86400	Gridded population dataset catalogue used for exposure analysis.
geo-cmr-stac-root	https://cmr.earthdata.nasa.gov/stac/	json:links	65	NASA CMR STAC — provider catalogue	NASA CMR STAC — プロバイダ目録	science	earthobs	en	nasa,stac,catalog	86400	List of NASA DAAC STAC endpoints.
jpx-cdp-japan-news-feed	https://cdp-japan.jp/news/feed	rss	40	Constitutional Democratic Party of Japan — New items	立憲民主党 新着情報	news	wire	ja	japan,political-party,press	3600	Everything newly published on the official site — Constitutional Democratic Party of Japan.
jpx-feeds-feedburner-com-akita-news	https://feeds.feedburner.com/akita_news	rss	30	Akita Sakigake Shimpo — New items	秋田のニュース｜秋田魁新報電子版	news	wire	ja	japan,media,regional-press	3600	Everything newly published on the official site — Akita Sakigake Shimpo.
jpx-ibarakinews-news-hphead-rss	https://ibarakinews.jp/news/hphead.rss	rss	7	Ibaraki Shimbun — New items	県内ニュース:茨城新聞	news	wire	ja	japan,media,regional-press	3600	Everything newly published on the official site — Ibaraki Shimbun.
jpx-news-nissyoku-archives-news-cat-001-feed	https://news.nissyoku.co.jp/archives/news-cat/001/feed	rss	10	The Nikkan Shokuhin (food industry press) — New items	ニュース アーカイブ - 日本食糧新聞・電子版	news	wire	ja	japan,media,regional-press	3600	Everything newly published on the official site — The Nikkan Shokuhin (food industry press).
jpx-rss-itmedia-rss-2-0-topstory-xml	https://rss.itmedia.co.jp/rss/2.0/topstory.xml	rss	20	ITmedia — New items	ITmedia TOP STORIES 最新記事一覧 新着情報	news	wire	ja	japan,media,regional-press	3600	Everything newly published on the official site — ITmedia.
jpx-rss-jimin-f1887-index-rdf	http://rss.jimin.jp/f1887/index.rdf	rss	15	Liberal Democratic Party — New items	自民党 - デイリーニュース	news	wire	ja	japan,political-party,press	3600	Everything newly published on the official site — Liberal Democratic Party.
jpx-rss-shikoku-np-rss-flash-aspx	http://rss.shikoku-np.co.jp/rss/flash.aspx	rss	50	Shikoku Shimbun — New items	四国新聞社－全国ニュース－速報	news	wire	ja	japan,media,regional-press	3600	Everything newly published on the official site — Shikoku Shimbun.
jpx-web-pref-hyogo-topics-xml	https://web.pref.hyogo.lg.jp/topics.xml	rss	10	Hyogo Prefecture — Notices	兵庫県 ホーム お知らせ	government	local-gov	ja	japan,prefecture,local-gov	3600	General notices from the authority — Hyogo Prefecture.
jpx-boj-rss-statistics	https://www.boj.or.jp/rss/statistics.xml	rss	50	Bank of Japan — Statistics releases	日本銀行：統計RSS	economy	statistics	ja	japan,economy,statistics	86400	Newly released statistical tables — Bank of Japan.
jpx-bosai-rss-xml	https://www.bosai.go.jp/rss.xml	rss	10	National Research Institute for Earth Science and Disaster Resilience — New items	防災科研（NIED） 新着情報	disaster	disaster	ja	japan,disaster,disaster	3600	Everything newly published on the official site — National Research Institute for Earth Science and Disaster Resilience.
jpx-chibanippo-rss-xml	https://www.chibanippo.co.jp/rss.xml	rss	10	Chiba Nippo — New items	千葉日報オンライン 新着情報	news	wire	ja	japan,media,regional-press	3600	Everything newly published on the official site — Chiba Nippo.
jpx-chuden-rss-press-xml	https://www.chuden.co.jp/rss/press.xml	rss	20	Chubu Electric Power — Press releases	中部電力のリリース情報 報道発表	infrastructure	utility	ja	japan,infrastructure,utility	3600	Official press releases, the primary announcement channel of the body — Chubu Electric Power.
jpx-chuden-rss-topics-xml	https://www.chuden.co.jp/rss/topics.xml	rss	20	Chubu Electric Power — Notices	中部電力のお知らせ	infrastructure	utility	ja	japan,infrastructure,utility	3600	General notices from the authority — Chubu Electric Power.
jpx-city-adachi-shinchaku	https://www.city.adachi.tokyo.jp/shinchaku/shinchaku.xml	rss	100	Adachi City — New items	足立区 新着情報	government	local-gov	ja	japan,municipality,local-gov	3600	Everything newly published on the official site — Adachi City.
jpx-city-akita-rss-rss	https://www.city.akita.lg.jp/rss.rss	rss	30	Akita City — New items	秋田市公式サイト 新着情報	government	local-gov	ja	japan,municipality,local-gov	3600	Everything newly published on the official site — Akita City.
jpx-city-amagasaki-newsrss	https://www.city.amagasaki.hyogo.jp/news.rss	rss	161	Amagasaki City — New items	尼崎市公式ホームページ 新着情報	government	local-gov	ja	japan,municipality,local-gov	3600	Everything newly published on the official site — Amagasaki City.
jpx-city-aomori-newsrss	https://www.city.aomori.aomori.jp/news.rss	rss	187	Aomori City — New items	青森市 新着情報	government	local-gov	ja	japan,municipality,local-gov	3600	Everything newly published on the official site — Aomori City.
jpx-city-arakawa-tokyo-news-ippan-all-xml	https://www.city.arakawa.tokyo.jp/news/ippan_all.xml	rss	50	Arakawa City — New items	荒川区公式サイト 最新ニュース一覧	government	local-gov	ja	japan,municipality,local-gov	3600	Everything newly published on the official site — Arakawa City.
jpx-city-bunkyo-shinchaku	https://www.city.bunkyo.lg.jp/shinchaku/shinchaku.xml	rss	50	Bunkyo City — New items	文京区 新着情報一覧	government	local-gov	ja	japan,municipality,local-gov	3600	Everything newly published on the official site — Bunkyo City.
jpx-city-chiyoda-shinchaku-shinchaku-xml	https://www.city.chiyoda.lg.jp/shinchaku/shinchaku.xml	rss	50	Chiyoda City — New items	千代田区ホームページ 新着情報	government	local-gov	ja	japan,municipality,local-gov	3600	Everything newly published on the official site — Chiyoda City.
jpx-city-chiyoda-chumoku-chumoku-xml	https://www.city.chiyoda.lg.jp/chumoku/chumoku.xml	rss	18	Chiyoda City — Featured notices	千代田区ホームページ 注目情報	government	local-gov	ja	japan,municipality,local-gov	3600	Notices the body has flagged as important — Chiyoda City.
jpx-city-chuo-shinchaku	https://www.city.chuo.lg.jp/shinchaku/shinchaku.xml	rss	10	Chuo City — New items	中央区ホームページ 新着情報一覧	government	local-gov	ja	japan,municipality,local-gov	3600	Everything newly published on the official site — Chuo City.
jpx-city-fujisawa-shinchaku	https://www.city.fujisawa.kanagawa.jp/shinchaku/shinchaku.xml	rss	10	Fujisawa City — New items	藤沢市 新着情報	government	local-gov	ja	japan,municipality,local-gov	3600	Everything newly published on the official site — Fujisawa City.
jpx-city-fukuyama-hiroshima-rss-10-list1-xml	https://www.city.fukuyama.hiroshima.jp/rss/10/list1.xml	rss	100	Fukuyama City — New items	福山市役所RSS（新着更新情報）	government	local-gov	ja	japan,municipality,local-gov	3600	Everything newly published on the official site — Fukuyama City.
jpx-city-fukuyama-hiroshima-rss-10-list5-xml	https://www.city.fukuyama.hiroshima.jp/rss/10/list5.xml	rss	100	Fukuyama City — Procurement notices	福山市役所RSS（入札・見積り合わせ情報）	government	procurement	ja	japan,municipality,procurement	21600	Tender and contract award notices — Fukuyama City.
jpx-city-gifu-newsrss	https://www.city.gifu.lg.jp/news.rss	rss	81	Gifu City — New items	岐阜市公式ホームページ-Gifu city 新着情報	government	local-gov	ja	japan,municipality,local-gov	3600	Everything newly published on the official site — Gifu City.
jpx-city-hachioji-tokyo-topnewsrss-xml	https://www.city.hachioji.tokyo.jp/topnewsrss.xml	rss	29	Hachioji City — Notices	八王子市 お知らせ情報	government	local-gov	ja	japan,municipality,local-gov	3600	General notices from the authority — Hachioji City.
jpx-city-hamamatsu-shizuoka-oshirase-oshirase-xml	https://www.city.hamamatsu.shizuoka.jp/oshirase/oshirase.xml	rss	10	Hamamatsu City — Notices	浜松市 浜松市からのお知らせ	government	local-gov	ja	japan,municipality,local-gov	3600	General notices from the authority — Hamamatsu City.
jpx-city-higashiosaka-rss-rss-xml	https://www.city.higashiosaka.lg.jp/rss/rss.xml	rss	30	Higashiosaka City — New items	東大阪市 新着情報	government	local-gov	ja	japan,municipality,local-gov	3600	Everything newly published on the official site — Higashiosaka City.
jpx-city-himeji-rss-rss-xml	https://www.city.himeji.lg.jp/rss/rss.xml	rss	30	Himeji City — New items	姫路市 新着情報	government	local-gov	ja	japan,municipality,local-gov	3600	Everything newly published on the official site — Himeji City.
jpx-city-hirakata-osaka-rss-rss-xml	https://www.city.hirakata.osaka.jp/rss/rss.xml	rss	30	Hirakata City — New items	枚方市ホームページ 新着情報	government	local-gov	ja	japan,municipality,local-gov	3600	Everything newly published on the official site — Hirakata City.
jpx-city-ichinomiya-newsrss	https://www.city.ichinomiya.aichi.jp/news.rss	rss	255	Ichinomiya City — New items	一宮市 新着情報	government	local-gov	ja	japan,municipality,local-gov	3600	Everything newly published on the official site — Ichinomiya City.
jpx-city-iizuka-rss-10-list1-xml	https://www.city.iizuka.lg.jp/rss/10/list1.xml	rss	100	Iizuka City — New items	飯塚市役所RSS（新着更新情報）	government	local-gov	ja	japan,municipality,local-gov	3600	Everything newly published on the official site — Iizuka City.
jpx-city-iizuka-rss-10-list3-xml	https://www.city.iizuka.lg.jp/rss/10/list3.xml	rss	2	Iizuka City — Featured notices	飯塚市役所RSS（重要なお知らせ）	government	local-gov	ja	japan,municipality,local-gov	3600	Notices the body has flagged as important — Iizuka City.
jpx-city-ishinomaki-news01-rss	https://www.city.ishinomaki.lg.jp/news01.rss	rss	20	Ishinomaki City — New items	石巻市 新着情報RSS	government	local-gov	ja	japan,municipality,local-gov	3600	Everything newly published on the official site — Ishinomaki City.
jpx-city-ishinomaki-news02-rss	https://www.city.ishinomaki.lg.jp/news02.rss	rss	20	Ishinomaki City — Notices	石巻市 お知らせRSS	government	local-gov	ja	japan,municipality,local-gov	3600	General notices from the authority — Ishinomaki City.
jpx-city-iwaki-www-rss-news-rdf	https://www.city.iwaki.lg.jp/www/rss/news.rdf	rss	74	Iwaki City — New items	いわき市ホームページ 新着情報	government	local-gov	ja	japan,municipality,local-gov	3600	Everything newly published on the official site — Iwaki City.
jpx-city-iwaki-www-rss-topics-rdf	https://www.city.iwaki.lg.jp/www/rss/topics.rdf	rss	3	Iwaki City — Notices	いわき市ホームページ お知らせ	government	local-gov	ja	japan,municipality,local-gov	3600	General notices from the authority — Iwaki City.
jpx-city-kagoshima-kinkyu-kinkyu-xml	https://www.city.kagoshima.lg.jp/kinkyu/kinkyu.xml	rss	16	Kagoshima City — Emergency notices	鹿児島市 緊急情報	disaster	disaster	ja	japan,municipality,disaster	600	Emergency and disaster notices published by the authority — Kagoshima City.
jpx-city-kagoshima-jigyo-jigyo-shinchaku-xml	https://www.city.kagoshima.lg.jp/jigyo/jigyo_shinchaku.xml	rss	10	Kagoshima City — New items	鹿児島市 事業者の方へ 新着情報	government	local-gov	ja	japan,municipality,local-gov	3600	Everything newly published on the official site — Kagoshima City.
jpx-city-katsushika-news-rss	https://www.city.katsushika.lg.jp/news.rss	rss	255	Katsushika City — New items	葛飾区公式サイト 新着情報	government	local-gov	ja	japan,municipality,local-gov	3600	Everything newly published on the official site — Katsushika City.
jpx-city-kawagoe-saitama-news-rss	https://www.city.kawagoe.saitama.jp/news.rss	rss	112	Kawagoe City — New items	川越市 新着情報	government	local-gov	ja	japan,municipality,local-gov	3600	Everything newly published on the official site — Kawagoe City.
jpx-city-kochi-kochi-rss-10-list7-xml	https://www.city.kochi.kochi.jp/rss/10/list7.xml	rss	4	Kochi City — Press releases	高知市RSS（プレスリリース） 報道発表	government	local-gov	ja	japan,municipality,local-gov	3600	Official press releases, the primary announcement channel of the body — Kochi City.
jpx-city-kochi-kochi-rss-10-list1-xml	https://www.city.kochi.kochi.jp/rss/10/list1.xml	rss	100	Kochi City — New items	高知市RSS（新着更新情報）	government	local-gov	ja	japan,municipality,local-gov	3600	Everything newly published on the official site — Kochi City.
jpx-city-kochi-kochi-rss-10-list8-xml	https://www.city.kochi.kochi.jp/rss/10/list8.xml	rss	78	Kochi City — Procurement notices	高知市RSS（入札・契約）	government	procurement	ja	japan,municipality,procurement	21600	Tender and contract award notices — Kochi City.
jpx-city-kofu-yamanashi-shinchaku-shinchaku-xml	https://www.city.kofu.yamanashi.jp/shinchaku/shinchaku.xml	rss	10	Kofu City — New items	甲府市 新着情報	government	local-gov	ja	japan,municipality,local-gov	3600	Everything newly published on the official site — Kofu City.
jpx-city-kofu-yamanashi-topics-topics-xml	https://www.city.kofu.yamanashi.jp/topics/topics.xml	rss	3	Kofu City — Featured notices	甲府市 重要なお知らせ	government	local-gov	ja	japan,municipality,local-gov	3600	Notices the body has flagged as important — Kofu City.
jpx-city-koriyama-rss-10-list1-xml	https://www.city.koriyama.lg.jp/rss/10/list1.xml	rss	100	Koriyama City — New items	郡山市役所RSS（新着情報）	government	local-gov	ja	japan,municipality,local-gov	3600	Everything newly published on the official site — Koriyama City.
jpx-city-koto-shinchaku-shinchaku-xml	https://www.city.koto.lg.jp/shinchaku/shinchaku.xml	rss	20	Koto City — New items	江東区 新着情報一覧	government	local-gov	ja	japan,municipality,local-gov	3600	Everything newly published on the official site — Koto City.
jpx-city-kurashiki-okayama-rss-list-news-rss	https://www.city.kurashiki.okayama.jp/rss_list/news.rss	rss	148	Kurashiki City — New items	倉敷市公式ホームページ 新着情報	government	local-gov	ja	japan,municipality,local-gov	3600	Everything newly published on the official site — Kurashiki City.
jpx-city-kurashiki-okayama-rss-list-news-oshirase-rss	https://www.city.kurashiki.okayama.jp/rss_list/news_oshirase.rss	rss	70	Kurashiki City — Notices	倉敷市公式ホームページ お知らせ	government	local-gov	ja	japan,municipality,local-gov	3600	General notices from the authority — Kurashiki City.
jpx-city-kurashiki-okayama-rss-list-news-nyusatsu-rss	https://www.city.kurashiki.okayama.jp/rss_list/news_nyusatsu.rss	rss	16	Kurashiki City — Procurement notices	倉敷市公式ホームページ 入札情報	government	procurement	ja	japan,municipality,procurement	21600	Tender and contract award notices — Kurashiki City.
jpx-city-kyoto-main-rss-rss-xml	https://www.city.kyoto.lg.jp/main/rss/rss.xml	rss	29	Kyoto City — New items	京都市: 新着情報	government	local-gov	ja	japan,municipality,local-gov	3600	Everything newly published on the official site — Kyoto City.
jpx-city-matsumoto-nagano-rss-10-list1-xml	https://www.city.matsumoto.nagano.jp/rss/10/list1.xml	rss	12	Matsumoto City — New items	松本市役所RSS（新着更新情報）	government	local-gov	ja	japan,municipality,local-gov	3600	Everything newly published on the official site — Matsumoto City.
jpx-city-matsumoto-nagano-rss-10-list3-xml	https://www.city.matsumoto.nagano.jp/rss/10/list3.xml	rss	5	Matsumoto City — Featured notices	松本市役所RSS（重要なお知らせ）	government	local-gov	ja	japan,municipality,local-gov	3600	Notices the body has flagged as important — Matsumoto City.
jpx-city-matsuyama-ehime-rss-news-xml	https://www.city.matsuyama.ehime.jp/rss_news.xml	rss	325	Matsuyama City — New items	松山市ホームページ 新着情報	government	local-gov	ja	japan,municipality,local-gov	3600	Everything newly published on the official site — Matsuyama City.
jpx-city-meguro-tokyo-oshirase-rss-news-xml	https://www.city.meguro.tokyo.jp/oshirase/rss_news.xml	rss	50	Meguro City — Notices	目黒区 新着情報一覧	government	local-gov	ja	japan,municipality,local-gov	3600	General notices from the authority — Meguro City.
jpx-city-minato-shinchaku	https://www.city.minato.tokyo.jp/shinchaku/shinchaku.xml	rss	50	Minato City — New items	港区ホームページ 新着情報	government	local-gov	ja	japan,municipality,local-gov	3600	Everything newly published on the official site — Minato City.
jpx-city-mito-rss-10-list3-xml	https://www.city.mito.lg.jp/rss/10/list3.xml	rss	1	Mito City — Featured notices	水戸市役所RSS（重要なお知らせ）	government	local-gov	ja	japan,municipality,local-gov	3600	Notices the body has flagged as important — Mito City.
jpx-city-miyakojima-rss-feed-rss	https://www.city.miyakojima.lg.jp/rss/feed.rss	rss	50	Miyakojima City — New items	宮古島市ホームページ 新着情報	government	local-gov	ja	japan,municipality,local-gov	3600	Everything newly published on the official site — Miyakojima City.
jpx-city-miyazaki-miyazaki-city-public-relations-press-material-rss-xm	https://www.city.miyazaki.miyazaki.jp/city/public_relations/press_material/rss.xml	rss	57	Miyazaki City — Press releases	報道資料 - 宮崎市 [Miyazaki City]	government	local-gov	ja	japan,municipality,local-gov	3600	Official press releases, the primary announcement channel of the body — Miyazaki City.
jpx-city-miyazaki-miyazaki-news-rss-xml	https://www.city.miyazaki.miyazaki.jp/news/rss.xml	rss	20	Miyazaki City — Notices	お知らせ - 宮崎市 [Miyazaki City]	government	local-gov	ja	japan,municipality,local-gov	3600	General notices from the authority — Miyazaki City.
jpx-city-miyazaki-miyazaki-bid-information-rss-xml	https://www.city.miyazaki.miyazaki.jp/bid_information/rss.xml	rss	20	Miyazaki City — Procurement notices	入札情報 - 宮崎市 [Miyazaki City]	government	procurement	ja	japan,municipality,procurement	21600	Tender and contract award notices — Miyazaki City.
jpx-city-morioka-newsrss	https://www.city.morioka.iwate.jp/news.rss	rss	9	Morioka City — New items	盛岡市公式ホームページ 新着情報	government	local-gov	ja	japan,municipality,local-gov	3600	Everything newly published on the official site — Morioka City.
jpx-city-nagasaki-rss-10-list1-xml	https://www.city.nagasaki.lg.jp/rss/10/list1.xml	rss	100	Nagasaki City — New items	長崎市RSS（新着更新情報）	government	local-gov	ja	japan,municipality,local-gov	3600	Everything newly published on the official site — Nagasaki City.
jpx-city-naha-newsrss	https://www.city.naha.okinawa.jp/news.rss	rss	163	Naha City — New items	那覇市公式ホームページ 新着情報	government	local-gov	ja	japan,municipality,local-gov	3600	Everything newly published on the official site — Naha City.
jpx-city-nanao-bosai-kurashi-bosai-kinkyu-emergency-xml	https://www.city.nanao.lg.jp/bosai/kurashi/bosai/kinkyu/emergency.xml	rss	7	Nanao City — Emergency notices	七尾市 緊急お知らせ	disaster	disaster	ja	japan,municipality,disaster	600	Emergency and disaster notices published by the authority — Nanao City.
jpx-city-nara-rss10-1	https://www.city.nara.lg.jp/rss/10/list1.xml	rss	100	Nara City — New items	奈良市役所RSS（新着情報）	government	local-gov	ja	japan,municipality,local-gov	3600	Everything newly published on the official site — Nara City.
jpx-city-nerima-tokyo-rss-news-xml	https://www.city.nerima.tokyo.jp/rss_news.xml	rss	100	Nerima City — New items	練馬区ホームページ 新着情報	government	local-gov	ja	japan,municipality,local-gov	3600	Everything newly published on the official site — Nerima City.
jpx-city-oita-oita-kinkyuji-emergency-s-xml	https://www.city.oita.oita.jp/kinkyuji/emergency_s.xml	rss	1	Oita City — Emergency notices	大分市 緊急情報一覧	disaster	disaster	ja	japan,municipality,disaster	600	Emergency and disaster notices published by the authority — Oita City.
jpx-city-oita-oita-shinchakuichiran-shinchaku-xml	https://www.city.oita.oita.jp/shinchakuichiran/shinchaku.xml	rss	50	Oita City — New items	大分市 新着情報一覧	government	local-gov	ja	japan,municipality,local-gov	3600	Everything newly published on the official site — Oita City.
jpx-city-okayama-rss-rss-xml	https://www.city.okayama.jp/rss/rss.xml	rss	30	Okayama City — New items	岡山市 新着情報	government	local-gov	ja	japan,municipality,local-gov	3600	Everything newly published on the official site — Okayama City.
jpx-city-okazaki-newsrss	https://www.city.okazaki.lg.jp/news.rss	rss	57	Okazaki City — New items	岡崎市公式ホームページ 新着情報	government	local-gov	ja	japan,municipality,local-gov	3600	Everything newly published on the official site — Okazaki City.
jpx-city-ota-tokyo-oshirase-rss-news-xml	https://www.city.ota.tokyo.jp/oshirase/rss_news.xml	rss	14	Ota City — Notices	大田区からのお知らせ一覧	government	local-gov	ja	japan,municipality,local-gov	3600	General notices from the authority — Ota City.
jpx-city-sagamihara-kanagawa-rss-rss	https://www.city.sagamihara.kanagawa.jp/rss.rss	rss	255	Sagamihara City — New items	相模原市 新着情報	government	local-gov	ja	japan,municipality,local-gov	3600	Everything newly published on the official site — Sagamihara City.
jpx-city-sapporo-somu-koho-hodo-houdou-xml	https://www.city.sapporo.jp/somu/koho/hodo/houdou.xml	rss	10	Sapporo City — Press releases	札幌市 報道発表資料	government	local-gov	ja	japan,municipality,local-gov	3600	Official press releases, the primary announcement channel of the body — Sapporo City.
jpx-city-sapporo-new-shinchaku-xml	https://www.city.sapporo.jp/new/shinchaku.xml	rss	60	Sapporo City — New items	札幌市 新着情報	government	local-gov	ja	japan,municipality,local-gov	3600	Everything newly published on the official site — Sapporo City.
jpx-city-sendai-shinchaku-shinchaku-xml	https://www.city.sendai.jp/shinchaku/shinchaku.xml	rss	10	Sendai City — New items	仙台市 新着情報一覧	government	local-gov	ja	japan,municipality,local-gov	3600	Everything newly published on the official site — Sendai City.
jpx-city-setagaya-shinchaku	https://www.city.setagaya.lg.jp/shinchaku/shinchaku.xml	rss	50	Setagaya City — New items	世田谷区公式ホームページ 新着情報一覧	government	local-gov	ja	japan,municipality,local-gov	3600	Everything newly published on the official site — Setagaya City.
jpx-city-shinjuku-top-rss-rdf	https://www.city.shinjuku.lg.jp/top_rss.rdf	rss	50	Shinjuku City — New items	新宿区：新着情報	government	local-gov	ja	japan,municipality,local-gov	3600	Everything newly published on the official site — Shinjuku City.
jpx-city-suita-newsrss	https://www.city.suita.osaka.jp/news.rss	rss	116	Suita City — New items	吹田市公式ウェブサイト 新着情報	government	local-gov	ja	japan,municipality,local-gov	3600	Everything newly published on the official site — Suita City.
jpx-city-sumida-rss-news-xml	https://www.city.sumida.lg.jp/rss_news.xml	rss	100	Sumida City — New items	トップページ 新着情報	government	local-gov	ja	japan,municipality,local-gov	3600	Everything newly published on the official site — Sumida City.
jpx-city-suzu-rss-10-list1-xml	https://www.city.suzu.lg.jp/rss/10/list1.xml	rss	100	Suzu City — New items	珠洲市役所RSS（新着更新情報）	government	local-gov	ja	japan,municipality,local-gov	3600	Everything newly published on the official site — Suzu City.
jpx-city-suzu-rss-10-list3-xml	https://www.city.suzu.lg.jp/rss/10/list3.xml	rss	24	Suzu City — Featured notices	珠洲市役所RSS（重要なお知らせ）	government	local-gov	ja	japan,municipality,local-gov	3600	Notices the body has flagged as important — Suzu City.
jpx-city-taito-rss-news-xml	https://www.city.taito.lg.jp/rss_news.xml	rss	71	Taito City — New items	トップページ 新着情報	government	local-gov	ja	japan,municipality,local-gov	3600	Everything newly published on the official site — Taito City.
jpx-city-takasaki-gunma-rss-10-list1-xml	https://www.city.takasaki.gunma.jp/rss/10/list1.xml	rss	100	Takasaki City — New items	高崎市役所RSS（新着更新情報）	government	local-gov	ja	japan,municipality,local-gov	3600	Everything newly published on the official site — Takasaki City.
jpx-city-takasaki-gunma-rss-10-list5-xml	https://www.city.takasaki.gunma.jp/rss/10/list5.xml	rss	2	Takasaki City — Featured notices	高崎市役所RSS（注目情報）	government	local-gov	ja	japan,municipality,local-gov	3600	Notices the body has flagged as important — Takasaki City.
jpx-city-tarumizu-shinchaku-shinchaku-xml	https://www.city.tarumizu.lg.jp/shinchaku/shinchaku.xml	rss	10	Tarumizu City — Notices	鹿児島県垂水市 新着お知らせ一覧	government	local-gov	ja	japan,municipality,local-gov	3600	General notices from the authority — Tarumizu City.
jpx-city-tokushima-tokushima-rss-news-xml	https://www.city.tokushima.tokushima.jp/rss_news.xml	rss	97	Tokushima City — New items	徳島市ホームページ 新着情報	government	local-gov	ja	japan,municipality,local-gov	3600	Everything newly published on the official site — Tokushima City.
jpx-city-tokyo-nakano-rssnews	https://www.city.tokyo-nakano.lg.jp/rss_news.xml	rss	100	Tokyo Nakano City — New items	中野区公式ホームページ 新着情報	government	local-gov	ja	japan,municipality,local-gov	3600	Everything newly published on the official site — Tokyo Nakano City.
jpx-city-tomakomai-hokkaido-rss-whatsnew-rdf	https://www.city.tomakomai.hokkaido.jp/rss/whatsnew.rdf	rss	10	Tomakomai City — New items	苫小牧市｜最新情報 新着情報	government	local-gov	ja	japan,municipality,local-gov	3600	Everything newly published on the official site — Tomakomai City.
jpx-city-tottori-rss-10-list1-xml	https://www.city.tottori.lg.jp/rss/10/list1.xml	rss	100	Tottori City — New items	鳥取市役所RSS（新着更新情報）	government	local-gov	ja	japan,municipality,local-gov	3600	Everything newly published on the official site — Tottori City.
jpx-city-toyama-newsrss	https://www.city.toyama.lg.jp/news.rss	rss	99	Toyama City — New items	富山市公式ウェブサイト 新着情報	government	local-gov	ja	japan,municipality,local-gov	3600	Everything newly published on the official site — Toyama City.
jpx-city-toyohashi-services-rdf-rss10-11280-xml	https://www.city.toyohashi.lg.jp/services/rdf/rss10/11280.xml	rss	15	Toyohashi City — New items	ホーム/豊橋市 新着情報	government	local-gov	ja	japan,municipality,local-gov	3600	Everything newly published on the official site — Toyohashi City.
jpx-city-toyonaka-rssnews	https://www.city.toyonaka.osaka.jp/rss_news.xml	rss	100	Toyonaka City — New items	豊中市ホームページ 新着情報	government	local-gov	ja	japan,municipality,local-gov	3600	Everything newly published on the official site — Toyonaka City.
jpx-city-toyota-newsrss	https://www.city.toyota.aichi.jp/news.rss	rss	255	Toyota City — New items	豊田市 新着情報	government	local-gov	ja	japan,municipality,local-gov	3600	Everything newly published on the official site — Toyota City.
jpx-city-wajima-ishikawa-article-index-rss	https://www.city.wajima.ishikawa.jp/article/index.rss	rss	10	Wajima City — New items	新着情報 | 輪島市	government	local-gov	ja	japan,municipality,local-gov	3600	Everything newly published on the official site — Wajima City.
jpx-city-wakayama-newsrss	https://www.city.wakayama.wakayama.jp/news.rss	rss	243	Wakayama City — New items	和歌山市 新着情報	government	local-gov	ja	japan,municipality,local-gov	3600	Everything newly published on the official site — Wakayama City.
jpx-city-yamagata-yamagata-newsrss	https://www.city.yamagata-yamagata.lg.jp/news.rss	rss	170	Yamagata Yamagata City — New items	山形市公式ホームページ 新着情報	government	local-gov	ja	japan,municipality,local-gov	3600	Everything newly published on the official site — Yamagata Yamagata City.
jpx-city-yao-osaka-1016213-news-rss	https://www.city.yao.osaka.jp/1016213/news.rss	rss	161	Yao City — New items	大阪府八尾市公式ホームページ 新着情報	government	local-gov	ja	japan,municipality,local-gov	3600	Everything newly published on the official site — Yao City.
jpx-city-yokkaichi-www-rss-news-rdf	https://www.city.yokkaichi.lg.jp/www/rss/news.rdf	rss	43	Yokkaichi City — New items	四日市市役所 新着情報	government	local-gov	ja	japan,municipality,local-gov	3600	Everything newly published on the official site — Yokkaichi City.
jpx-city-yokkaichi-www-rss-topics-rdf	https://www.city.yokkaichi.lg.jp/www/rss/topics.rdf	rss	18	Yokkaichi City — Notices	四日市市ホームページ お知らせ	government	local-gov	ja	japan,municipality,local-gov	3600	General notices from the authority — Yokkaichi City.
jpx-city-yokosuka-shinchaku	https://www.city.yokosuka.kanagawa.jp/shinchaku/shinchaku.xml	rss	20	Yokosuka City — New items	横須賀市 最新情報一覧 新着情報	government	local-gov	ja	japan,municipality,local-gov	3600	Everything newly published on the official site — Yokosuka City.
jpx-digital-rss-news-xml	https://www.digital.go.jp/rss/news.xml	rss	40	Digital Agency — New items	デジタル庁 新着・更新	government	local-gov	ja	japan,government,local-gov	3600	Everything newly published on the official site — Digital Agency.
jpx-energia-press-atom-xml	https://www.energia.co.jp/press/atom.xml	atom	15	Chugoku Electric Power — Press releases	中国電力 プレスリリース 報道発表	infrastructure	utility	ja	japan,infrastructure,utility	3600	Official press releases, the primary announcement channel of the body — Chugoku Electric Power.
jpx-energia-info-atom-xml	https://www.energia.co.jp/info/atom.xml	atom	15	Chugoku Electric Power — Notices	中国電力 お知らせ	infrastructure	utility	ja	japan,infrastructure,utility	3600	General notices from the authority — Chugoku Electric Power.
jpx-fukuishimbun-list-feed-rss	https://www.fukuishimbun.co.jp/list/feed/rss	rss	10	Fukui Shimbun — New items	福井新聞 新着情報	news	wire	ja	japan,media,regional-press	3600	Everything newly published on the official site — Fukui Shimbun.
jpx-gas-rdf-xml	https://www.gas.or.jp/rdf.xml	rss	30	Japan Gas Association — New items	ニュースリリース｜日本ガス協会	infrastructure	utility	ja	japan,infrastructure,utility	3600	Everything newly published on the official site — Japan Gas Association.
jpx-gesui-metro-tokyo-index-html-asset-publisher-iiqu-rss	https://www.gesui.metro.tokyo.lg.jp/index.html/-/asset_publisher/iiqu/rss	rss	8	Tokyo Metropolitan Bureau of Sewerage — Press releases	報道発表	infrastructure	utility	ja	japan,infrastructure,utility	3600	Official press releases, the primary announcement channel of the body — Tokyo Metropolitan Bureau of Sewerage.
jpx-gesui-metro-tokyo-index-html-asset-publisher-wcnl-rss	https://www.gesui.metro.tokyo.lg.jp/index.html/-/asset_publisher/wcnl/rss	rss	2	Tokyo Metropolitan Bureau of Sewerage — New items	アセットパブリッシャー 新着情報	infrastructure	utility	ja	japan,infrastructure,utility	3600	Everything newly published on the official site — Tokyo Metropolitan Bureau of Sewerage.
jpx-hepco-info-rss-press-rss-xml	https://www.hepco.co.jp/info/rss/press_rss.xml	rss	5	Hokkaido Electric Power — Press releases	北海道電力 プレスリリース 報道発表	infrastructure	utility	ja	japan,infrastructure,utility	3600	Official press releases, the primary announcement channel of the body — Hokkaido Electric Power.
jpx-hkd-mlit-ky-rss-xml	https://www.hkd.mlit.go.jp/ky/rss.xml	rss	10	Hokkaido Regional Development Bureau — New items	北海道開発局 新着情報RSS	government	road	ja	japan,government,road	3600	Everything newly published on the official site — Hokkaido Regional Development Bureau.
jpx-hokkoku-list-feed-rss	https://www.hokkoku.co.jp/list/feed/rss	rss	20	Hokkoku Shimbun — New items	北國新聞｜北國新聞社 新着情報	news	wire	ja	japan,media,regional-press	3600	Everything newly published on the official site — Hokkoku Shimbun.
jpx-np-isenp-feed	https://www.isenp.co.jp/feed	rss	10	Ise Shimbun — New items	伊勢新聞 新着情報	news	wire	ja	japan,media,regional-press	3600	Everything newly published on the official site — Ise Shimbun.
jpx-iyotetsu-whatsnew-news-rss-xml	https://www.iyotetsu.co.jp/whatsnew/news_rss.xml	rss	16	Iyotetsu Group — New items	伊予鉄道株式会社 新着情報	transport	transit	ja	japan,transport,transit	3600	Everything newly published on the official site — Iyotetsu Group.
jpx-jetro-rss-news-xml	https://www.jetro.go.jp/rss/news.xml	rss	20	Japan External Trade Organization — Press releases	ジェトロ お知らせ・記者発表	economy	statistics	ja	japan,economy,statistics	3600	Official press releases, the primary announcement channel of the body — Japan External Trade Organization.
jpx-jetro-rss2-biznews-xml	https://www.jetro.go.jp/rss2/biznews.xml	rss	20	Japan External Trade Organization — New items	ジェトロ ビジネス短信 新着情報	economy	statistics	ja	japan,economy,statistics	3600	Everything newly published on the official site — Japan External Trade Organization.
jpx-jfa-fisheries-rss	https://www.jfa.maff.go.jp/rss.xml	rss	30	Fisheries Agency — New items	RSS FILE - 水産庁ホームページ 新着情報	government	local-gov	ja	japan,government,local-gov	3600	Everything newly published on the official site — Fisheries Agency.
jpx-jiji-com-rss-ranking-rdf	https://www.jiji.com/rss/ranking.rdf	rss	10	Jiji Press — New items	jiji.comアクセスランキング 新着情報	news	wire	ja	japan,media,regional-press	3600	Everything newly published on the official site — Jiji Press.
jpx-jnto-news-rss-xml	https://www.jnto.go.jp/news/rss.xml	rss	15	Japan National Tourism Organization — Press releases	報道発表・お知らせ | 日本政府観光局（JNTO）	culture	heritage	ja	japan,culture,heritage	3600	Official press releases, the primary announcement channel of the body — Japan National Tourism Organization.
jpx-jsda-index-rss	https://www.jsda.or.jp/index.rss	rss	8	Japan Securities Dealers Association — New items	RSS FILE - 日本証券業協会 新着情報	economy	disclosure	ja	japan,economy,disclosure	3600	Everything newly published on the official site — Japan Securities Dealers Association.
jpx-jst-rss-press-xml	https://www.jst.go.jp/rss/press.xml	atom	9	Japan Science and Technology Agency — Press releases	JSTニュース｜プレスリリース	government	local-gov	ja	japan,government,local-gov	3600	Official press releases, the primary announcement channel of the body — Japan Science and Technology Agency.
jpx-jst-rss-topics-xml	https://www.jst.go.jp/rss/topics.xml	atom	9	Japan Science and Technology Agency — Notices	JSTニュース｜トピックス	government	local-gov	ja	japan,government,local-gov	3600	General notices from the authority — Japan Science and Technology Agency.
jpx-np-kanaloco-rssxml	https://www.kanaloco.jp/rss.xml	rss	10	Kanagawa Shimbun (Kanaloco) — New items	カナロコ by 神奈川新聞 新着情報	news	wire	ja	japan,media,regional-press	3600	Everything newly published on the official site — Kanagawa Shimbun (Kanaloco).
jpx-keidanren-shinchaku-rdf	https://www.keidanren.or.jp/shinchaku.rdf	rss	3	Keidanren — New items	経団連 新着情報	economy	disclosure	ja	japan,economy,disclosure	3600	Everything newly published on the official site — Keidanren.
jpx-ktr-mlit-kisha-kisha-rdf	https://www.ktr.mlit.go.jp/kisha/kisha.rdf	rss	100	MLIT Kanto Regional Development Bureau — Press releases	記者発表一覧 | 国土交通省 関東地方整備局	government	road	ja	japan,government,road	3600	Official press releases, the primary announcement channel of the body — MLIT Kanto Regional Development Bureau.
jpx-ktr-mlit-news-news-rdf	https://www.ktr.mlit.go.jp/news/news.rdf	rss	111	MLIT Kanto Regional Development Bureau — Notices	お知らせ | 国土交通省 関東地方整備局	government	road	ja	japan,government,road	3600	General notices from the authority — MLIT Kanto Regional Development Bureau.
jpx-kyodo-feed	https://www.kyodo.co.jp/feed/	rss	10	Kyodo News — New items	株式会社共同通信社 新着情報	news	wire	ja	japan,media,regional-press	3600	Everything newly published on the official site — Kyodo News.
jpx-kyoto-np-list-feed-rss	https://www.kyoto-np.co.jp/list/feed/rss	rss	20	Kyoto Shimbun — New items	京都新聞デジタル｜京都新聞社 新着情報	news	wire	ja	japan,media,regional-press	3600	Everything newly published on the official site — Kyoto Shimbun.
jpx-kyuden-rss-news-xml	https://www.kyuden.co.jp/rss/news.xml	rss	20	Kyushu Electric Power — Press releases	九州電力株式会社プレスリリース 報道発表	infrastructure	utility	ja	japan,infrastructure,utility	3600	Official press releases, the primary announcement channel of the body — Kyushu Electric Power.
jpx-kyuden-rss-newsnotice-xml	https://www.kyuden.co.jp/rss/newsnotice.xml	rss	16	Kyushu Electric Power — Notices	九州電力株式会社新着情報・お知らせ	infrastructure	utility	ja	japan,infrastructure,utility	3600	General notices from the authority — Kyushu Electric Power.
jpx-maff-rss-xml	https://www.maff.go.jp/rss.xml	rss	40	Ministry of Agriculture, Forestry and Fisheries — New items	RSS FILE - トップページ 新着情報	government	local-gov	ja	japan,government,local-gov	3600	Everything newly published on the official site — Ministry of Agriculture, Forestry and Fisheries.
jpx-metro-tokyo-index-html-asset-publisher-knkg-rss	https://www.metro.tokyo.lg.jp/index.html/-/asset_publisher/knkg/rss	rss	59	Tokyo Metropolitan Government — Press releases	報道発表	government	local-gov	ja	japan,government,local-gov	3600	Official press releases, the primary announcement channel of the body — Tokyo Metropolitan Government.
jpx-np-minpo-newsrss	https://www.minpo.jp/rss/news.xml	rss	20	Fukushima Minpo — New items	福島民報 新着情報	news	wire	ja	japan,media,regional-press	3600	Everything newly published on the official site — Fukushima Minpo.
jpx-np-miyakomainichi-feed	https://www.miyakomainichi.com/feed	rss	20	Miyako Mainichi Shimbun — New items	宮古毎日新聞社ホームページ -宮古島の最新ニュースが満載！-	news	wire	ja	japan,media,regional-press	3600	Everything newly published on the official site — Miyako Mainichi Shimbun.
jpx-mlit-press-rss	https://www.mlit.go.jp/important.rdf	rss	4	Ministry of Land, Infrastructure, Transport and Tourism — Featured notices	国土交通省ホームページ重要なお知らせ	government	road	ja	japan,government,road	3600	Notices the body has flagged as important — Ministry of Land, Infrastructure, Transport and Tourism.
jpx-np-nishinippon-feed	https://www.nishinippon.co.jp/feed	rss	30	Nishinippon Shimbun — New items	最新ニュース / 西日本新聞	news	wire	ja	japan,media,regional-press	3600	Everything newly published on the official site — Nishinippon Shimbun.
jpx-npa-newlyarrived-rss20-xml	https://www.npa.go.jp/newlyarrived/rss20.xml	rss	1	National Police Agency — New items	最新情報リスト 新着情報	government	local-gov	ja	japan,government,local-gov	3600	Everything newly published on the official site — National Police Agency.
jpx-ntt-east-rss-release-rdf	https://www.ntt-east.co.jp/rss/release.rdf	rss	5	NTT East — Press releases	NTT東日本 報道発表資料	infrastructure	utility	ja	japan,infrastructure,utility	3600	Official press releases, the primary announcement channel of the body — NTT East.
jpx-ntt-east-rss-topics-rdf	https://www.ntt-east.co.jp/rss/topics.rdf	rss	5	NTT East — Notices	NTT東日本からのお知らせ	infrastructure	utility	ja	japan,infrastructure,utility	3600	General notices from the authority — NTT East.
jpx-ntt-west-newscms-disaster-rss-xml	https://www.ntt-west.co.jp/newscms/disaster/rss.xml	rss	10	NTT West — Emergency notices	故障・災害に関するお知らせ	infrastructure	disaster	ja	japan,infrastructure,disaster	1800	Emergency and disaster notices published by the authority — NTT West.
jpx-ntt-west-newscms-news-rss-xml	https://www.ntt-west.co.jp/newscms/news/rss.xml	rss	10	NTT West — New items	NTT西日本 ニュースリリース	infrastructure	utility	ja	japan,infrastructure,utility	3600	Everything newly published on the official site — NTT West.
jpx-occto-news-feed-xml	https://www.occto.or.jp/news/feed.xml	rss	20	Organization for Cross-regional Coordination of Transmission Operators — New items	電力広域的運営推進機関 新着情報 記事一覧	infrastructure	utility	ja	japan,infrastructure,utility	3600	Everything newly published on the official site — Organization for Cross-regional Coordination of Transmission Operators.
jpx-okiden-rss-press-xml	https://www.okiden.co.jp/rss/press.xml	rss	556	Okinawa Electric Power — Press releases	プレスリリース RSS：沖縄電力 公式Webサイト 報道発表	infrastructure	utility	ja	japan,infrastructure,utility	3600	Official press releases, the primary announcement channel of the body — Okinawa Electric Power.
jpx-okiden-rss-info-xml	https://www.okiden.co.jp/rss/info.xml	rss	566	Okinawa Electric Power — Notices	お知らせ RSS：沖縄電力 公式Webサイト	infrastructure	utility	ja	japan,infrastructure,utility	3600	General notices from the authority — Okinawa Electric Power.
jpx-okinawatimes-list-feed-rss	https://www.okinawatimes.co.jp/list/feed/rss	rss	20	Okinawa Times — New items	沖縄タイムス＋プラス | 沖縄の最新ニュースサイト	news	wire	ja	japan,media,regional-press	3600	Everything newly published on the official site — Okinawa Times.
jpx-pmda-rss-015-xml	https://www.pmda.go.jp/rss_015.xml	rss	50	Pharmaceuticals and Medical Devices Agency — New items	PMDA：トップ すべて 新着情報	government	recall	ja	japan,government,recall	3600	Everything newly published on the official site — Pharmaceuticals and Medical Devices Agency.
jpx-pref-aichi-rss10-5	https://www.pref.aichi.jp/rss/10/list5.xml	rss	100	Aichi Prefecture — New items	Aichi Prefecture	government	local-gov	ja	japan,prefecture,local-gov	3600	Everything newly published on the official site — Aichi Prefecture.
jpx-pref-chiba-homepage-shinchaku-shinchaku-xml	https://www.pref.chiba.lg.jp/homepage/shinchaku/shinchaku.xml	rss	100	Chiba Prefecture — New items	トップページ 新着情報	government	local-gov	ja	japan,prefecture,local-gov	3600	Everything newly published on the official site — Chiba Prefecture.
jpx-pref-ehime-rss-20-list5-xml	https://www.pref.ehime.jp/rss/20/list5.xml	rss	100	Ehime Prefecture — Press releases	愛媛県庁RSS（報道発表）	government	local-gov	ja	japan,prefecture,local-gov	3600	Official press releases, the primary announcement channel of the body — Ehime Prefecture.
jpx-pref-ehime-rss-20-list1-xml	https://www.pref.ehime.jp/rss/20/list1.xml	rss	100	Ehime Prefecture — New items	愛媛県庁RSS（新着更新情報）	government	local-gov	ja	japan,prefecture,local-gov	3600	Everything newly published on the official site — Ehime Prefecture.
jpx-pref-ehime-rss-20-list6-xml	https://www.pref.ehime.jp/rss/20/list6.xml	rss	3	Ehime Prefecture — Featured notices	愛媛県庁RSS（注目情報）	government	local-gov	ja	japan,prefecture,local-gov	3600	Notices the body has flagged as important — Ehime Prefecture.
jpx-pref-fukuoka-rss10-1	https://www.pref.fukuoka.lg.jp/rss/10/list1.xml	rss	100	Fukuoka Prefecture — New items	福岡県庁RSS（新着情報の一覧）	government	local-gov	ja	japan,prefecture,local-gov	3600	Everything newly published on the official site — Fukuoka Prefecture.
jpx-pref-fukuoka-rss10-5	https://www.pref.fukuoka.lg.jp/rss/10/list5.xml	rss	4	Fukuoka Prefecture — Featured notices	福岡県庁RSS（重要なお知らせ一覧）	government	local-gov	ja	japan,prefecture,local-gov	3600	Notices the body has flagged as important — Fukuoka Prefecture.
jpx-pref-fukushima-rss-10-list1-xml	https://www.pref.fukushima.lg.jp/rss/10/list1.xml	rss	100	Fukushima Prefecture — New items	福島県RSS（新着情報）	government	local-gov	ja	japan,prefecture,local-gov	3600	Everything newly published on the official site — Fukushima Prefecture.
jpx-pref-fukushima-rss-10-list13-xml	https://www.pref.fukushima.lg.jp/rss/10/list13.xml	rss	2	Fukushima Prefecture — Featured notices	福島県RSS（県の重要計画） 注目情報	government	local-gov	ja	japan,prefecture,local-gov	3600	Notices the body has flagged as important — Fukushima Prefecture.
jpx-pref-fukushima-rss-10-list10-xml	https://www.pref.fukushima.lg.jp/rss/10/list10.xml	rss	100	Fukushima Prefecture — Procurement notices	福島県RSS（入札・契約情報）	government	procurement	ja	japan,prefecture,procurement	21600	Tender and contract award notices — Fukushima Prefecture.
jpx-pref-gifu-rss10-1	https://www.pref.gifu.lg.jp/rss/10/list1.xml	rss	100	Gifu Prefecture — New items	岐阜県庁RSS（新着情報）	government	local-gov	ja	japan,prefecture,local-gov	3600	Everything newly published on the official site — Gifu Prefecture.
jpx-pref-gifu-rss10-6	https://www.pref.gifu.lg.jp/rss/10/list6.xml	rss	81	Gifu Prefecture — Featured notices	岐阜県庁RSS（県政ホットニュース）	government	local-gov	ja	japan,prefecture,local-gov	3600	Notices the body has flagged as important — Gifu Prefecture.
jpx-pref-gunma-rss10-5	https://www.pref.gunma.jp/rss/10/list5.xml	rss	100	Gunma Prefecture — Press releases	群馬県庁RSS（「報道提供資料」ページ）	government	local-gov	ja	japan,prefecture,local-gov	3600	Official press releases, the primary announcement channel of the body — Gunma Prefecture.
jpx-pref-gunma-rss-10-list1-xml	https://www.pref.gunma.jp/rss/10/list1.xml	rss	100	Gunma Prefecture — New items	群馬県庁RSS（新着情報）	government	local-gov	ja	japan,prefecture,local-gov	3600	Everything newly published on the official site — Gunma Prefecture.
jpx-pref-hiroshima-rss10-1	https://www.pref.hiroshima.lg.jp/rss/10/list1.xml	rss	100	Hiroshima Prefecture — New items	広島県庁RSS（新着更新情報）	government	local-gov	ja	japan,prefecture,local-gov	3600	Everything newly published on the official site — Hiroshima Prefecture.
jpx-pref-hiroshima-rss10-6	https://www.pref.hiroshima.lg.jp/rss/10/list6.xml	rss	9	Hiroshima Prefecture — Featured notices	広島県庁RSS（注目情報）	government	local-gov	ja	japan,prefecture,local-gov	3600	Notices the body has flagged as important — Hiroshima Prefecture.
jpx-pref-kagoshima-kinkyuu-emergency-xml	https://www.pref.kagoshima.jp/kinkyuu/emergency.xml	rss	4	Kagoshima Prefecture — Emergency notices	鹿児島県 緊急情報	disaster	disaster	ja	japan,prefecture,disaster	600	Emergency and disaster notices published by the authority — Kagoshima Prefecture.
jpx-pref-kanagawa-rss10-1	https://www.pref.kanagawa.jp/rss/10/list1.xml	rss	50	Kanagawa Prefecture — New items	神奈川県RSS（新着情報）	government	local-gov	ja	japan,prefecture,local-gov	3600	Everything newly published on the official site — Kanagawa Prefecture.
jpx-pref-kumamoto-rss-10-list3-xml	https://www.pref.kumamoto.jp/rss/10/list3.xml	rss	4	Kumamoto Prefecture — Emergency notices	熊本県RSS（緊急・重要なお知らせ）	disaster	disaster	ja	japan,prefecture,disaster	600	Emergency and disaster notices published by the authority — Kumamoto Prefecture.
jpx-pref-kumamoto-rss10-1	https://www.pref.kumamoto.jp/rss/10/list1.xml	rss	100	Kumamoto Prefecture — New items	熊本県RSS（新着情報）	government	local-gov	ja	japan,prefecture,local-gov	3600	Everything newly published on the official site — Kumamoto Prefecture.
jpx-pref-kumamoto-rss10-6	https://www.pref.kumamoto.jp/rss/10/list6.xml	rss	3	Kumamoto Prefecture — Featured notices	熊本県RSS（注目情報）	government	local-gov	ja	japan,prefecture,local-gov	3600	Notices the body has flagged as important — Kumamoto Prefecture.
jpx-pref-miyazaki-kisha-hodo-xml	https://www.pref.miyazaki.lg.jp/kisha/hodo.xml	rss	10	Miyazaki Prefecture — Press releases	宮崎県 記者発表情報一覧	government	local-gov	ja	japan,prefecture,local-gov	3600	Official press releases, the primary announcement channel of the body — Miyazaki Prefecture.
jpx-pref-miyazaki-shinchaku-shincyaku-xml	https://www.pref.miyazaki.lg.jp/shinchaku/shincyaku.xml	rss	10	Miyazaki Prefecture — New items	宮崎県 新着情報一覧	government	local-gov	ja	japan,prefecture,local-gov	3600	Everything newly published on the official site — Miyazaki Prefecture.
jpx-pref-miyazaki-chumoku-chumoku-xml	https://www.pref.miyazaki.lg.jp/chumoku/chumoku.xml	rss	10	Miyazaki Prefecture — Featured notices	宮崎県 注目情報一覧	government	local-gov	ja	japan,prefecture,local-gov	3600	Notices the body has flagged as important — Miyazaki Prefecture.
jpx-pref-nagano-chumoku-chumoku-xml	https://www.pref.nagano.lg.jp/chumoku/chumoku.xml	rss	8	Nagano Prefecture — Featured notices	長野県 注目情報	government	local-gov	ja	japan,prefecture,local-gov	3600	Notices the body has flagged as important — Nagano Prefecture.
jpx-pref-niigata-rss-10-list2-xml	https://www.pref.niigata.lg.jp/rss/10/list2.xml	rss	50	Niigata Prefecture — Press releases	新潟県庁RSS（報道発表資料）	government	local-gov	ja	japan,prefecture,local-gov	3600	Official press releases, the primary announcement channel of the body — Niigata Prefecture.
jpx-pref-niigata-rss-10-list1-xml	https://www.pref.niigata.lg.jp/rss/10/list1.xml	rss	50	Niigata Prefecture — New items	新潟県庁RSS（新着更新情報）	government	local-gov	ja	japan,prefecture,local-gov	3600	Everything newly published on the official site — Niigata Prefecture.
jpx-pref-oita-rss-10-list13-xml	https://www.pref.oita.jp/rss/10/list13.xml	rss	100	Oita Prefecture — Emergency notices	大分県庁RSS（災害・防災情報） 緊急情報	disaster	disaster	ja	japan,prefecture,disaster	600	Emergency and disaster notices published by the authority — Oita Prefecture.
jpx-pref-oita-rss-10-list6-xml	https://www.pref.oita.jp/rss/10/list6.xml	rss	80	Oita Prefecture — Press releases	大分県庁RSS（記者発表）	government	local-gov	ja	japan,prefecture,local-gov	3600	Official press releases, the primary announcement channel of the body — Oita Prefecture.
jpx-pref-oita-rss-10-list1-xml	https://www.pref.oita.jp/rss/10/list1.xml	rss	100	Oita Prefecture — New items	大分県庁RSS（新着更新情報）	government	local-gov	ja	japan,prefecture,local-gov	3600	Everything newly published on the official site — Oita Prefecture.
jpx-pref-okayama-rss-10-list1-xml	https://www.pref.okayama.jp/rss/10/list1.xml	rss	100	Okayama Prefecture — New items	岡山県庁RSS（新着情報）	government	local-gov	ja	japan,prefecture,local-gov	3600	Everything newly published on the official site — Okayama Prefecture.
jpx-pref-saitama-news-news-xml	https://www.pref.saitama.lg.jp/news/news.xml	rss	20	Saitama Prefecture — Press releases	埼玉県 県政ニュース（報道発表資料）	government	local-gov	ja	japan,prefecture,local-gov	3600	Official press releases, the primary announcement channel of the body — Saitama Prefecture.
jpx-pref-shiga-file-rss-kensei-koho-e-shinbun-oshirase-index-rss	https://www.pref.shiga.lg.jp/file/rss/kensei_koho_e-shinbun_oshirase_index.rss	rss	30	Shiga Prefecture — Notices	県政eしんぶん お知らせ	government	local-gov	ja	japan,prefecture,local-gov	3600	General notices from the authority — Shiga Prefecture.
jpx-pref-shimane-top-news-rdf	https://www.pref.shimane.lg.jp/top_news.rdf	rss	10	Shimane Prefecture — New items	島根県 RSS (新着情報（すべて表示）)	government	local-gov	ja	japan,prefecture,local-gov	3600	Everything newly published on the official site — Shimane Prefecture.
jpx-pref-shizuoka-news-rss	https://www.pref.shizuoka.jp/news.rss	rss	109	Shizuoka Prefecture — New items	静岡県公式ホームページ 新着情報	government	local-gov	ja	japan,prefecture,local-gov	3600	Everything newly published on the official site — Shizuoka Prefecture.
jpx-pref-tottori-xml-pressrelease-rss-all-xml	https://www.pref.tottori.lg.jp/xml/pressrelease_RSS/all.xml	rss	254	Tottori Prefecture — Press releases	鳥取県の報道提供資料	government	local-gov	ja	japan,prefecture,local-gov	3600	Official press releases, the primary announcement channel of the body — Tottori Prefecture.
jpx-pref-yamagata-houdou-press-xml	https://www.pref.yamagata.jp/houdou/press.xml	rss	50	Yamagata Prefecture — Press releases	山形県 報道発表一覧	government	local-gov	ja	japan,prefecture,local-gov	3600	Official press releases, the primary announcement channel of the body — Yamagata Prefecture.
jpx-pref-yamagata-shinchaku-shinchaku-xml	https://www.pref.yamagata.jp/shinchaku/shinchaku.xml	rss	50	Yamagata Prefecture — New items	山形県 新着情報一覧	government	local-gov	ja	japan,prefecture,local-gov	3600	Everything newly published on the official site — Yamagata Prefecture.
jpx-pref-yamagata-chumoku-chuumoku-xml	https://www.pref.yamagata.jp/chumoku/chuumoku.xml	rss	1	Yamagata Prefecture — Featured notices	山形県 注目情報一覧	government	local-gov	ja	japan,prefecture,local-gov	3600	Notices the body has flagged as important — Yamagata Prefecture.
jpx-pref-yamaguchi-rss10-10	https://www.pref.yamaguchi.lg.jp/rss/10/list10.xml	rss	100	Yamaguchi Prefecture — Press releases	山口県RSS（報道発表RSS）	government	local-gov	ja	japan,prefecture,local-gov	3600	Official press releases, the primary announcement channel of the body — Yamaguchi Prefecture.
jpx-pref-yamaguchi-rss10-1	https://www.pref.yamaguchi.lg.jp/rss/10/list1.xml	rss	100	Yamaguchi Prefecture — New items	山口県RSS（新着更新情報）	government	local-gov	ja	japan,prefecture,local-gov	3600	Everything newly published on the official site — Yamaguchi Prefecture.
jpx-pref-yamaguchi-rss-10-list5-xml	https://www.pref.yamaguchi.lg.jp/rss/10/list5.xml	rss	8	Yamaguchi Prefecture — Notices	山口県RSS（お知らせ）	government	local-gov	ja	japan,prefecture,local-gov	3600	General notices from the authority — Yamaguchi Prefecture.
jpx-pref-yamanashi-release-release-xml	https://www.pref.yamanashi.jp/release/release.xml	rss	10	Yamanashi Prefecture — New items	山梨県 広報（広報誌・広報番組・発表資料） 新着情報	government	local-gov	ja	japan,prefecture,local-gov	3600	Everything newly published on the official site — Yamanashi Prefecture.
jpx-qsr-mlit-nt-list-nt1-rss-xml	https://www.qsr.mlit.go.jp/nt_list/nt1/rss.xml	rss	10	MLIT Kyushu Regional Development Bureau — Press releases	国土交通省 九州地方整備局 記者発表	government	road	ja	japan,government,road	3600	Official press releases, the primary announcement channel of the body — MLIT Kyushu Regional Development Bureau.
jpx-qsr-mlit-nt-list-nt6-rss-xml	https://www.qsr.mlit.go.jp/nt_list/nt6/rss.xml	rss	10	MLIT Kyushu Regional Development Bureau — Notices	国土交通省 九州地方整備局 お知らせ	government	road	ja	japan,government,road	3600	General notices from the authority — MLIT Kyushu Regional Development Bureau.
jpx-rikuden-press-rdf	https://www.rikuden.co.jp/press.rdf	rss	10	Hokuriku Electric Power — Press releases	北陸電力プレスリリース 報道発表	infrastructure	utility	ja	japan,infrastructure,utility	3600	Official press releases, the primary announcement channel of the body — Hokuriku Electric Power.
jpx-rikuden-topics-rdf	https://www.rikuden.co.jp/topics.rdf	rss	15	Hokuriku Electric Power — Notices	北陸電力TOPICS お知らせ	infrastructure	utility	ja	japan,infrastructure,utility	3600	General notices from the authority — Hokuriku Electric Power.
jpx-saga-s-list-feed-rss	https://www.saga-s.co.jp/list/feed/rss	rss	10	Saga Shimbun — New items	佐賀新聞社 新着情報	news	wire	ja	japan,media,regional-press	3600	Everything newly published on the official site — Saga Shimbun.
jpx-shimotsuke-list-feed-rss	https://www.shimotsuke.co.jp/list/feed/rss	rss	10	Shimotsuke Shimbun — New items	下野新聞デジタル｜下野新聞社 新着情報	news	wire	ja	japan,media,regional-press	3600	Everything newly published on the official site — Shimotsuke Shimbun.
jpx-stat-whatsnew-news-rdf	https://www.stat.go.jp/whatsnew/news.rdf	rss	15	Statistics Bureau of Japan — Statistics releases	統計局ホームページ/更新履歴	government	statistics	ja	japan,government,statistics	86400	Newly released statistical tables — Statistics Bureau of Japan.
jpx-np-the-miyanichi-feed	https://www.the-miyanichi.co.jp/feed	rss	20	Miyazaki Nichinichi Shimbun — New items	宮崎日日新聞DIGITAL 新着情報	news	wire	ja	japan,media,regional-press	3600	Everything newly published on the official site — Miyazaki Nichinichi Shimbun.
jpx-tohoku-epco-rss-index-xml	https://www.tohoku-epco.co.jp/rss/index.xml	rss	10	Tohoku Electric Power — Press releases	東北電力株式会社プレスリリース 報道発表	infrastructure	utility	ja	japan,infrastructure,utility	3600	Official press releases, the primary announcement channel of the body — Tohoku Electric Power.
jpx-toonippo-list-feed-rss	https://www.toonippo.co.jp/list/feed/rss	rss	30	Toonippo — New items	Web東奥｜東奥日報社 新着情報	news	wire	ja	japan,media,regional-press	3600	Everything newly published on the official site — Toonippo.
jpx-np-topics-nordot	https://www.topics.or.jp/list/feed/rss	rss	12	Tokushima Shimbun — Notices	徳島新聞デジタル｜徳島新聞社 お知らせ	news	wire	ja	japan,media,regional-press	3600	General notices from the authority — Tokushima Shimbun.
jpx-watch-impress-data-rss-1-0-ipw-feed-rdf	https://www.watch.impress.co.jp/data/rss/1.0/ipw/feed.rdf	rss	20	Impress Watch — Press releases	Impress Watch 報道発表	news	wire	ja	japan,media,regional-press	3600	Official press releases, the primary announcement channel of the body — Impress Watch.
jpx-waterworks-metro-tokyo-index-html-asset-publisher-tdop-rss	https://www.waterworks.metro.tokyo.lg.jp/index.html/-/asset_publisher/tdop/rss	rss	47	Tokyo Metropolitan Bureau of Waterworks — Press releases	報道発表	infrastructure	utility	ja	japan,infrastructure,utility	3600	Official press releases, the primary announcement channel of the body — Tokyo Metropolitan Bureau of Waterworks.
jpx-waterworks-metro-tokyo-index-html-asset-publisher-rgwy-rss	https://www.waterworks.metro.tokyo.lg.jp/index.html/-/asset_publisher/rgwy/rss	rss	39	Tokyo Metropolitan Bureau of Waterworks — Notices	トピックス	infrastructure	utility	ja	japan,infrastructure,utility	3600	General notices from the authority — Tokyo Metropolitan Bureau of Waterworks.
jpx-y-mainichi-feed	https://www.y-mainichi.co.jp/feed	rss	20	Yaeyama Mainichi Shimbun — New items	八重山毎日新聞社 新着情報	news	wire	ja	japan,media,regional-press	3600	Everything newly published on the official site — Yaeyama Mainichi Shimbun.
jpx-yamagata-np-news-rss-index-xml	https://www.yamagata-np.jp/news/rss/index.xml	rss	20	Yamagata Shimbun — New items	山形新聞 新着情報	news	wire	ja	japan,media,regional-press	3600	Everything newly published on the official site — Yamagata Shimbun.
jpx-zaikei-rss-latest-xml	https://www.zaikei.co.jp/rss/latest.xml	rss	50	Zaikei Shimbun — New items	財経新聞：最新ニュースフィード	news	wire	ja	japan,media,regional-press	3600	Everything newly published on the official site — Zaikei Shimbun.
jpx-zenginkyo-topic-rss	https://www.zenginkyo.or.jp/topic/rss/	rss	20	Japanese Bankers Association — Featured notices	RSS＜重要なお知らせ＞ : 一般社団法人 全国銀行協会	economy	disclosure	ja	japan,economy,disclosure	3600	Notices the body has flagged as important — Japanese Bankers Association.
jpx-zenginkyo-news-rss	https://www.zenginkyo.or.jp/news/rss/	rss	20	Japanese Bankers Association — Notices	RSS＜ニュース＆トピックス＞ : 一般社団法人 全国銀行協会	economy	disclosure	ja	japan,economy,disclosure	3600	General notices from the authority — Japanese Bankers Association.
jpx-fnn-fnn	https://www.fnn.jp/list/feed/rss	rss	50	FNN Prime Online — national regional desk	FNNプライムオンライン FNN	news	wire	ja	japan,media,broadcast,national	1800	Regional television newsroom feed for national, useful for fast local incident reporting.
jpx-fnn-akt	https://www.fnn.jp/list/feed/rss?station=AKT	rss	40	FNN Prime Online — Akita regional desk	FNNプライムオンライン 秋田テレビ	news	wire	ja	japan,media,broadcast,akita	1800	Regional television newsroom feed for Akita, useful for fast local incident reporting.
jpx-fnn-bbt	https://www.fnn.jp/list/feed/rss?station=BBT	rss	50	FNN Prime Online — Toyama regional desk	FNNプライムオンライン 富山テレビ	news	wire	ja	japan,media,broadcast,toyama	1800	Regional television newsroom feed for Toyama, useful for fast local incident reporting.
jpx-fnn-ebc	https://www.fnn.jp/list/feed/rss?station=EBC	rss	50	FNN Prime Online — Ehime regional desk	FNNプライムオンライン テレビ愛媛	news	wire	ja	japan,media,broadcast,ehime	1800	Regional television newsroom feed for Ehime, useful for fast local incident reporting.
jpx-fnn-fnn-2	https://www.fnn.jp/list/feed/rss?station=FNN	rss	50	FNN Prime Online — national regional desk	FNNプライムオンライン FNN	news	wire	ja	japan,media,broadcast,national	1800	Regional television newsroom feed for national, useful for fast local incident reporting.
jpx-fnn-ftb	https://www.fnn.jp/list/feed/rss?station=FTB	rss	50	FNN Prime Online — Fukui regional desk	FNNプライムオンライン 福井テレビ	news	wire	ja	japan,media,broadcast,fukui	1800	Regional television newsroom feed for Fukui, useful for fast local incident reporting.
jpx-fnn-ftv	https://www.fnn.jp/list/feed/rss?station=FTV	rss	50	FNN Prime Online — Fukushima regional desk	FNNプライムオンライン 福島テレビ	news	wire	ja	japan,media,broadcast,fukushima	1800	Regional television newsroom feed for Fukushima, useful for fast local incident reporting.
jpx-fnn-fujitv	https://www.fnn.jp/list/feed/rss?station=FujiTV	rss	50	FNN Prime Online — Tokyo regional desk	FNNプライムオンライン フジテレビ	news	wire	ja	japan,media,broadcast,tokyo	1800	Regional television newsroom feed for Tokyo, useful for fast local incident reporting.
jpx-fnn-itc	https://www.fnn.jp/list/feed/rss?station=ITC	rss	45	FNN Prime Online — Ishikawa regional desk	FNNプライムオンライン 石川テレビ	news	wire	ja	japan,media,broadcast,ishikawa	1800	Regional television newsroom feed for Ishikawa, useful for fast local incident reporting.
jpx-fnn-kss	https://www.fnn.jp/list/feed/rss?station=KSS	rss	40	FNN Prime Online — Kochi regional desk	FNNプライムオンライン 高知さんさんテレビ	news	wire	ja	japan,media,broadcast,kochi	1800	Regional television newsroom feed for Kochi, useful for fast local incident reporting.
jpx-fnn-ktn	https://www.fnn.jp/list/feed/rss?station=KTN	rss	50	FNN Prime Online — Nagasaki regional desk	FNNプライムオンライン テレビ長崎	news	wire	ja	japan,media,broadcast,nagasaki	1800	Regional television newsroom feed for Nagasaki, useful for fast local incident reporting.
jpx-fnn-kts	https://www.fnn.jp/list/feed/rss?station=KTS	rss	50	FNN Prime Online — Kagoshima regional desk	FNNプライムオンライン 鹿児島テレビ	news	wire	ja	japan,media,broadcast,kagoshima	1800	Regional television newsroom feed for Kagoshima, useful for fast local incident reporting.
jpx-fnn-ktv	https://www.fnn.jp/list/feed/rss?station=KTV	rss	50	FNN Prime Online — Osaka regional desk	FNNプライムオンライン 関西テレビ	news	wire	ja	japan,media,broadcast,osaka	1800	Regional television newsroom feed for Osaka, useful for fast local incident reporting.
jpx-fnn-mit	https://www.fnn.jp/list/feed/rss?station=MIT	rss	50	FNN Prime Online — Iwate regional desk	FNNプライムオンライン 岩手めんこいテレビ	news	wire	ja	japan,media,broadcast,iwate	1800	Regional television newsroom feed for Iwate, useful for fast local incident reporting.
jpx-fnn-nbs	https://www.fnn.jp/list/feed/rss?station=NBS	rss	50	FNN Prime Online — Nagano regional desk	FNNプライムオンライン 長野放送	news	wire	ja	japan,media,broadcast,nagano	1800	Regional television newsroom feed for Nagano, useful for fast local incident reporting.
jpx-fnn-nst	https://www.fnn.jp/list/feed/rss?station=NST	rss	50	FNN Prime Online — Niigata regional desk	FNNプライムオンライン NST新潟総合テレビ	news	wire	ja	japan,media,broadcast,niigata	1800	Regional television newsroom feed for Niigata, useful for fast local incident reporting.
jpx-fnn-ohk	https://www.fnn.jp/list/feed/rss?station=OHK	rss	44	FNN Prime Online — Okayama/Kagawa regional desk	FNNプライムオンライン 岡山放送	news	wire	ja	japan,media,broadcast,okayama-kagawa	1800	Regional television newsroom feed for Okayama/Kagawa, useful for fast local incident reporting.
jpx-fnn-otv	https://www.fnn.jp/list/feed/rss?station=OTV	rss	29	FNN Prime Online — Okinawa regional desk	FNNプライムオンライン 沖縄テレビ	news	wire	ja	japan,media,broadcast,okinawa	1800	Regional television newsroom feed for Okinawa, useful for fast local incident reporting.
jpx-fnn-ox	https://www.fnn.jp/list/feed/rss?station=OX	rss	48	FNN Prime Online — Miyagi regional desk	FNNプライムオンライン 仙台放送	news	wire	ja	japan,media,broadcast,miyagi	1800	Regional television newsroom feed for Miyagi, useful for fast local incident reporting.
jpx-fnn-say	https://www.fnn.jp/list/feed/rss?station=SAY	rss	50	FNN Prime Online — Yamagata regional desk	FNNプライムオンライン さくらんぼテレビ	news	wire	ja	japan,media,broadcast,yamagata	1800	Regional television newsroom feed for Yamagata, useful for fast local incident reporting.
jpx-fnn-sts	https://www.fnn.jp/list/feed/rss?station=STS	rss	47	FNN Prime Online — Saga regional desk	FNNプライムオンライン サガテレビ	news	wire	ja	japan,media,broadcast,saga	1800	Regional television newsroom feed for Saga, useful for fast local incident reporting.
jpx-fnn-sut	https://www.fnn.jp/list/feed/rss?station=SUT	rss	50	FNN Prime Online — Shizuoka regional desk	FNNプライムオンライン テレビ静岡	news	wire	ja	japan,media,broadcast,shizuoka	1800	Regional television newsroom feed for Shizuoka, useful for fast local incident reporting.
jpx-fnn-thk	https://www.fnn.jp/list/feed/rss?station=THK	rss	50	FNN Prime Online — Aichi regional desk	FNNプライムオンライン 東海テレビ	news	wire	ja	japan,media,broadcast,aichi	1800	Regional television newsroom feed for Aichi, useful for fast local incident reporting.
jpx-fnn-tku	https://www.fnn.jp/list/feed/rss?station=TKU	rss	50	FNN Prime Online — Kumamoto regional desk	FNNプライムオンライン テレビ熊本	news	wire	ja	japan,media,broadcast,kumamoto	1800	Regional television newsroom feed for Kumamoto, useful for fast local incident reporting.
jpx-fnn-tnc	https://www.fnn.jp/list/feed/rss?station=TNC	rss	50	FNN Prime Online — Fukuoka regional desk	FNNプライムオンライン テレビ西日本	news	wire	ja	japan,media,broadcast,fukuoka	1800	Regional television newsroom feed for Fukuoka, useful for fast local incident reporting.
jpx-fnn-tos	https://www.fnn.jp/list/feed/rss?station=TOS	rss	35	FNN Prime Online — Oita regional desk	FNNプライムオンライン テレビ大分	news	wire	ja	japan,media,broadcast,oita	1800	Regional television newsroom feed for Oita, useful for fast local incident reporting.
jpx-fnn-tsk	https://www.fnn.jp/list/feed/rss?station=TSK	rss	50	FNN Prime Online — Shimane/Tottori regional desk	FNNプライムオンライン 山陰中央テレビ	news	wire	ja	japan,media,broadcast,shimane-tottori	1800	Regional television newsroom feed for Shimane/Tottori, useful for fast local incident reporting.
jpx-fnn-tss	https://www.fnn.jp/list/feed/rss?station=TSS	rss	50	FNN Prime Online — Hiroshima regional desk	FNNプライムオンライン テレビ新広島	news	wire	ja	japan,media,broadcast,hiroshima	1800	Regional television newsroom feed for Hiroshima, useful for fast local incident reporting.
jpx-fnn-uhb	https://www.fnn.jp/list/feed/rss?station=UHB	rss	50	FNN Prime Online — Hokkaido regional desk	FNNプライムオンライン 北海道文化放送	news	wire	ja	japan,media,broadcast,hokkaido	1800	Regional television newsroom feed for Hokkaido, useful for fast local incident reporting.
jpx-fnn-umk	https://www.fnn.jp/list/feed/rss?station=UMK	rss	50	FNN Prime Online — Miyazaki regional desk	FNNプライムオンライン テレビ宮崎	news	wire	ja	japan,media,broadcast,miyazaki	1800	Regional television newsroom feed for Miyazaki, useful for fast local incident reporting.
jpx-tokyo-t000006-toilet	https://www.opendata.metro.tokyo.lg.jp/seikatubunka/cultural-facilities-barrier-free-elv.csv	csv	32	東京都生活文化局 — public toilets	東京都生活文化局 都立文化施設におけるエレベーター・多目的トイレのバリアフリー情報	government	local-gov	ja	japan,tokyo,opendata,geodata,local-gov	86400	Point layer of public toilets published by 東京都生活文化局 with per-record coordinates.
jpx-tokyo-t000021-bunkazai	https://www.opendata.metro.tokyo.lg.jp/suisyoudataset/130001_cultural_property.csv	csv	250	東京都教育庁 — designated cultural properties	東京都教育庁 文化財一覧	culture	heritage	ja	japan,tokyo,opendata,geodata,heritage	86400	Point layer of designated cultural properties published by 東京都教育庁 with per-record coordinates.
jpx-tokyo-t000029-shisetsu	https://www.opendata.metro.tokyo.lg.jp/suisyoudataset/130001_public_facility.csv	csv	136	東京都デジタルサービス局 — public facilities	東京都デジタルサービス局 公共施設一覧	government	local-gov	ja	japan,tokyo,opendata,geodata,local-gov	86400	Point layer of public facilities published by 東京都デジタルサービス局 with per-record coordinates.
jpx-tokyo-t000029-wifi	https://www.opendata.metro.tokyo.lg.jp/suisyoudataset/130001_public_wireless_lan_20240901.csv	csv	737	東京都デジタルサービス局 — public Wi-Fi access points	東京都デジタルサービス局 公衆無線LANアクセスポイント一覧	infrastructure	utility	ja	japan,tokyo,opendata,geodata,utility	86400	Point layer of public Wi-Fi access points published by 東京都デジタルサービス局 with per-record coordinates.
jpx-tokyo-t131016-shisetsu	https://www.opendata.metro.tokyo.lg.jp/chiyoda/131016_01public_facility.csv	csv	230	千代田区 — public facilities	千代田区 公共施設一覧	government	local-gov	ja	japan,tokyo,opendata,geodata,local-gov	86400	Point layer of public facilities published by 千代田区 with per-record coordinates.
jpx-tokyo-t131016-chusha	https://www.opendata.metro.tokyo.lg.jp/chiyoda/131016_25car_park.csv	csv	1	千代田区 — car parks	千代田区 公営駐車場一覧	government	local-gov	ja	japan,tokyo,opendata,geodata,local-gov	86400	Point layer of car parks published by 千代田区 with per-record coordinates.
jpx-tokyo-t131016-toilet	https://www.opendata.metro.tokyo.lg.jp/chiyoda/131016_13public_toilet.csv	csv	37	千代田区 — public toilets	千代田区 公衆トイレ一覧	government	local-gov	ja	japan,tokyo,opendata,geodata,local-gov	86400	Point layer of public toilets published by 千代田区 with per-record coordinates.
jpx-geo-t131032-hoikusupportjson	https://opendata.city.minato.tokyo.jp/dataset/43396e92-a7b5-450d-9495-460b393246e4/resource/43badf34-4327-45da-95e5-e6a67c1ea919/download/hoikusupport.json	geojson	5	港区 — childcare facilities	港区 子育て	government	local-gov	ja	japan,tokyo,opendata,geodata,local-gov	86400	Point layer of childcare facilities published by 港区 with per-record coordinates.
jpx-geo-t131032-kosodatehirobajson	https://opendata.city.minato.tokyo.jp/dataset/87d466ff-23a8-414f-9d27-1182f9b2a15c/resource/f1a84c3d-2fc0-4987-9630-0ab62d4001c0/download/kosodatehiroba.json	geojson	12	港区 — childcare facilities	港区 子育て	government	local-gov	ja	japan,tokyo,opendata,geodata,local-gov	86400	Point layer of childcare facilities published by 港区 with per-record coordinates.
jpx-geo-t131032-hoikuenjson	https://opendata.city.minato.tokyo.jp/dataset/a71499e9-5637-44c5-a473-da0e88f5506d/resource/187bb4fa-a1ba-4dab-bdd1-c18acdc13565/download/hoikuen.json	geojson	110	港区 — childcare facilities	港区 子育て	government	local-gov	ja	japan,tokyo,opendata,geodata,local-gov	86400	Point layer of childcare facilities published by 港区 with per-record coordinates.
jpx-tokyo-t131075-shisetsu	https://www.opendata.metro.tokyo.lg.jp/sumida/131075_public_facility.csv	csv	57	墨田区 — public facilities	墨田区 公共施設一覧	government	local-gov	ja	japan,tokyo,opendata,geodata,local-gov	86400	Point layer of public facilities published by 墨田区 with per-record coordinates.
jpx-tokyo-t131075-wifi	https://www.opendata.metro.tokyo.lg.jp/sumida/131075_public_wireless_lan.csv	csv	15	墨田区 — public Wi-Fi access points	墨田区 公共無線LANアクセスポイント一覧	infrastructure	utility	ja	japan,tokyo,opendata,geodata,utility	86400	Point layer of public Wi-Fi access points published by 墨田区 with per-record coordinates.
jpx-tokyo-t131075-toilet	https://www.opendata.metro.tokyo.lg.jp/sumida/131075_public_toilet.csv	csv	132	墨田区 — public toilets	墨田区 公衆トイレ一覧	government	local-gov	ja	japan,tokyo,opendata,geodata,local-gov	86400	Point layer of public toilets published by 墨田区 with per-record coordinates.
jpx-tokyo-t131083-aed	https://www.opendata.metro.tokyo.lg.jp/koto/131083_008_aed.csv	csv	246	江東区 — AED locations	江東区 AED設置箇所一覧	disaster	disaster	ja	japan,tokyo,opendata,geodata,disaster	86400	Point layer of AED locations published by 江東区 with per-record coordinates.
jpx-tokyo-t131083-hinan	https://www.opendata.metro.tokyo.lg.jp/koto/131083_202_cooling_shelter.csv	csv	84	江東区 — evacuation shelters	江東区 クーリングシェルター(指定暑熱避難施設)一覧	disaster	disaster	ja	japan,tokyo,opendata,geodata,disaster	86400	Point layer of evacuation shelters published by 江東区 with per-record coordinates.
jpx-tokyo-t131083-toilet	https://www.opendata.metro.tokyo.lg.jp/koto/131083_013_public_toilet.csv	csv	192	江東区 — public toilets	江東区 公衆トイレ一覧	government	local-gov	ja	japan,tokyo,opendata,geodata,local-gov	86400	Point layer of public toilets published by 江東区 with per-record coordinates.
jpx-geo-t131091-2hinanshogeojson	https://www.opendata.metro.tokyo.lg.jp/shinagawa/2hinansho.geojson	geojson	25	品川区 — evacuation shelters	品川区 二次避難所	disaster	disaster	ja	japan,tokyo,opendata,geodata,disaster	86400	Point layer of evacuation shelters published by 品川区 with per-record coordinates.
jpx-geo-t131091-hirobageojson	https://www.opendata.metro.tokyo.lg.jp/shinagawa/hiroba.geojson	geojson	234	品川区 — local facility register	品川区 公園・緑地・防災活動広場	geospatial	opendata	ja	japan,tokyo,opendata,geodata,opendata	86400	Point layer of local facility register published by 品川区 with per-record coordinates.
jpx-tokyo-t131091-kosodate	https://www.opendata.metro.tokyo.lg.jp/shinagawa/kosodateneubora.csv	csv	9	品川区 — childcare facilities	品川区 子育てネウボラ相談実施児童センター一覧	government	local-gov	ja	japan,tokyo,opendata,geodata,local-gov	86400	Point layer of childcare facilities published by 品川区 with per-record coordinates.
jpx-tokyo-t131113-wifi	https://www.opendata.metro.tokyo.lg.jp/ootaku/131113_public_wireless_lan.csv	csv	46	大田区 — public Wi-Fi access points	大田区 公衆無線LANアクセスポイント一覧	infrastructure	utility	ja	japan,tokyo,opendata,geodata,utility	86400	Point layer of public Wi-Fi access points published by 大田区 with per-record coordinates.
jpx-tokyo-t131113-chusha	https://www.opendata.metro.tokyo.lg.jp/ootaku/131113_hokanjo-o.csv	csv	4	大田区 — car parks	大田区 区営自転車駐車場一覧	government	local-gov	ja	japan,tokyo,opendata,geodata,local-gov	86400	Point layer of car parks published by 大田区 with per-record coordinates.
jpx-tokyo-t131156-chusha	https://www.opendata.metro.tokyo.lg.jp/suginami/131156_car_park.csv	csv	1	杉並区 — car parks	杉並区 公営駐車場一覧	government	local-gov	ja	japan,tokyo,opendata,geodata,local-gov	86400	Point layer of car parks published by 杉並区 with per-record coordinates.
jpx-tokyo-t131156-wifi	https://www.opendata.metro.tokyo.lg.jp/suginami/131156_public_wireless_lan.csv	csv	32	杉並区 — public Wi-Fi access points	杉並区 公衆無線LANアクセスポイント一覧	infrastructure	utility	ja	japan,tokyo,opendata,geodata,utility	86400	Point layer of public Wi-Fi access points published by 杉並区 with per-record coordinates.
jpx-tokyo-t131164-shisetsu	https://www.opendata.metro.tokyo.lg.jp/toyoshima/R4_public_facility.csv	csv	538	豊島区 — public facilities	豊島区 公共施設一覧	government	local-gov	ja	japan,tokyo,opendata,geodata,local-gov	86400	Point layer of public facilities published by 豊島区 with per-record coordinates.
jpx-tokyo-t131164-toilet	https://www.opendata.metro.tokyo.lg.jp/toyoshima/R4_public_toilet.csv	csv	6	豊島区 — public toilets	豊島区 公衆トイレ一覧	government	local-gov	ja	japan,tokyo,opendata,geodata,local-gov	86400	Point layer of public toilets published by 豊島区 with per-record coordinates.
jpx-tokyo-t131164-wifi	https://www.opendata.metro.tokyo.lg.jp/toyoshima/R4_public_wireless_lan.csv	csv	82	豊島区 — public Wi-Fi access points	豊島区 公衆無線LANアクセスポイント一覧 (利用可能範囲)	infrastructure	utility	ja	japan,tokyo,opendata,geodata,utility	86400	Point layer of public Wi-Fi access points published by 豊島区 with per-record coordinates.
jpx-tokyo-t131199-shisetsu	https://www.opendata.metro.tokyo.lg.jp/itabashi/131199_public_facility.csv	csv	143	板橋区 — public facilities	板橋区 公共施設一覧	government	local-gov	ja	japan,tokyo,opendata,geodata,local-gov	86400	Point layer of public facilities published by 板橋区 with per-record coordinates.
jpx-tokyo-t131199-toilet	https://www.opendata.metro.tokyo.lg.jp/itabashi/131199_public_toilet.csv	csv	230	板橋区 — public toilets	板橋区 公衆トイレ一覧	government	local-gov	ja	japan,tokyo,opendata,geodata,local-gov	86400	Point layer of public toilets published by 板橋区 with per-record coordinates.
jpx-tokyo-t131199-wifi	https://www.opendata.metro.tokyo.lg.jp/itabashi/131199_public_wireless_lan.csv	csv	54	板橋区 — public Wi-Fi access points	板橋区 公衆無線LANアクセスポイント一覧	infrastructure	utility	ja	japan,tokyo,opendata,geodata,utility	86400	Point layer of public Wi-Fi access points published by 板橋区 with per-record coordinates.
jpx-tokyo-t131229-shisetsu	https://www.opendata.metro.tokyo.lg.jp/katsushika/131229_public_facility.csv	csv	449	葛飾区 — public facilities	葛飾区 公共施設一覧	government	local-gov	ja	japan,tokyo,opendata,geodata,local-gov	86400	Point layer of public facilities published by 葛飾区 with per-record coordinates.
jpx-tokyo-t131229-chusha	https://www.opendata.metro.tokyo.lg.jp/katsushika/ods25/131229_car_park.csv	csv	4	葛飾区 — car parks	葛飾区 公営駐車場一覧	government	local-gov	ja	japan,tokyo,opendata,geodata,local-gov	86400	Point layer of car parks published by 葛飾区 with per-record coordinates.
jpx-tokyo-t131229-toilet	https://www.opendata.metro.tokyo.lg.jp/katsushika/131229_public_toilet.csv	csv	264	葛飾区 — public toilets	葛飾区 公衆トイレ一覧	government	local-gov	ja	japan,tokyo,opendata,geodata,local-gov	86400	Point layer of public toilets published by 葛飾区 with per-record coordinates.
jpx-tokyo-t131237-chusha	https://www.opendata.metro.tokyo.lg.jp/edogawa/131237_car_park.csv	csv	3	江戸川区 — car parks	江戸川区 公営駐車場一覧	government	local-gov	ja	japan,tokyo,opendata,geodata,local-gov	86400	Point layer of car parks published by 江戸川区 with per-record coordinates.
jpx-tokyo-t131237-toilet	https://www.opendata.metro.tokyo.lg.jp/edogawa/131237_public_toilet.csv	csv	498	江戸川区 — public toilets	江戸川区 公衆トイレ一覧	government	local-gov	ja	japan,tokyo,opendata,geodata,local-gov	86400	Point layer of public toilets published by 江戸川区 with per-record coordinates.
jpx-tokyo-t131237-wifi	https://www.opendata.metro.tokyo.lg.jp/edogawa/131237_public_wireless_lan.csv	csv	10	江戸川区 — public Wi-Fi access points	江戸川区 公衆無線LANアクセスポイント一覧	infrastructure	utility	ja	japan,tokyo,opendata,geodata,utility	86400	Point layer of public Wi-Fi access points published by 江戸川区 with per-record coordinates.
jpx-tokyo-t132039-shisetsu	https://www.opendata.metro.tokyo.lg.jp/musashino/132039_public_facility.csv	csv	140	武蔵野市 — public facilities	武蔵野市 公共施設一覧	government	local-gov	ja	japan,tokyo,opendata,geodata,local-gov	86400	Point layer of public facilities published by 武蔵野市 with per-record coordinates.
jpx-tokyo-t132039-toilet	https://www.opendata.metro.tokyo.lg.jp/musashino/132039_public_toilet.csv	csv	4	武蔵野市 — public toilets	武蔵野市 公衆トイレ一覧	government	local-gov	ja	japan,tokyo,opendata,geodata,local-gov	86400	Point layer of public toilets published by 武蔵野市 with per-record coordinates.
jpx-tokyo-t132039-bunkazai	https://www.opendata.metro.tokyo.lg.jp/musashino/132039_cultural_property.csv	csv	54	武蔵野市 — designated cultural properties	武蔵野市 文化財一覧	culture	heritage	ja	japan,tokyo,opendata,geodata,heritage	86400	Point layer of designated cultural properties published by 武蔵野市 with per-record coordinates.
jpx-tokyo-t132071-hinan	https://www.opendata.metro.tokyo.lg.jp/akishima/132071_hinanjyo_itiran.csv	csv	41	昭島市 — evacuation shelters	昭島市 避難所一覧	disaster	disaster	ja	japan,tokyo,opendata,geodata,disaster	86400	Point layer of evacuation shelters published by 昭島市 with per-record coordinates.
jpx-tokyo-t132080-kosodate	https://www.opendata.metro.tokyo.lg.jp/chofu/132080_chofushi_nurseryschool.csv	csv	77	調布市 — childcare facilities	調布市 保育所一覧	government	local-gov	ja	japan,tokyo,opendata,geodata,local-gov	86400	Point layer of childcare facilities published by 調布市 with per-record coordinates.
jpx-tokyo-t132101-aed	https://www.opendata.metro.tokyo.lg.jp/koganei/08_aed.csv	csv	91	小金井市 — AED locations	小金井市 AED設置箇所一覧	disaster	disaster	ja	japan,tokyo,opendata,geodata,disaster	86400	Point layer of AED locations published by 小金井市 with per-record coordinates.
jpx-tokyo-t132101-shisetsu	https://www.opendata.metro.tokyo.lg.jp/koganei/01_koukyoushisetsu.csv	csv	135	小金井市 — public facilities	小金井市 公共施設一覧	government	local-gov	ja	japan,tokyo,opendata,geodata,local-gov	86400	Point layer of public facilities published by 小金井市 with per-record coordinates.
jpx-tokyo-t132101-chusha	https://www.opendata.metro.tokyo.lg.jp/koganei/25_carparking.csv	csv	3	小金井市 — car parks	小金井市 公営駐車場一覧	government	local-gov	ja	japan,tokyo,opendata,geodata,local-gov	86400	Point layer of car parks published by 小金井市 with per-record coordinates.
jpx-tokyo-t132110-shisetsu	https://www.opendata.metro.tokyo.lg.jp/kodaira/132110_public_facility.csv	csv	192	小平市 — public facilities	小平市 公共施設一覧	government	local-gov	ja	japan,tokyo,opendata,geodata,local-gov	86400	Point layer of public facilities published by 小平市 with per-record coordinates.
jpx-tokyo-t132110-toilet	https://www.opendata.metro.tokyo.lg.jp/kodaira/132110_public_toilet.csv	csv	44	小平市 — public toilets	小平市 公衆トイレ一覧	government	local-gov	ja	japan,tokyo,opendata,geodata,local-gov	86400	Point layer of public toilets published by 小平市 with per-record coordinates.
jpx-tokyo-t132110-wifi	https://www.opendata.metro.tokyo.lg.jp/kodaira/132110_public_wireless_lan.csv	csv	11	小平市 — public Wi-Fi access points	小平市 公衆無線LANアクセスポイント一覧	infrastructure	utility	ja	japan,tokyo,opendata,geodata,utility	86400	Point layer of public Wi-Fi access points published by 小平市 with per-record coordinates.
jpx-tokyo-t132136-aed	https://www.opendata.metro.tokyo.lg.jp/higashimurayama/20240619_aed.csv	csv	76	東村山市 — AED locations	東村山市 東村山市AED設置箇所一覧	disaster	disaster	ja	japan,tokyo,opendata,geodata,disaster	86400	Point layer of AED locations published by 東村山市 with per-record coordinates.
jpx-tokyo-t132136-shisetsu	https://www.opendata.metro.tokyo.lg.jp/higashimurayama/20240619_public_facility.csv	csv	322	東村山市 — public facilities	東村山市 東村山市公共施設一覧	government	local-gov	ja	japan,tokyo,opendata,geodata,local-gov	86400	Point layer of public facilities published by 東村山市 with per-record coordinates.
jpx-tokyo-t132136-wifi	https://www.opendata.metro.tokyo.lg.jp/higashimurayama/20240619_public_wireless_lan.csv	csv	2	東村山市 — public Wi-Fi access points	東村山市 東村山市公共無線LANアクセスポイント一覧	infrastructure	utility	ja	japan,tokyo,opendata,geodata,utility	86400	Point layer of public Wi-Fi access points published by 東村山市 with per-record coordinates.
jpx-tokyo-t132144-kosodate	https://www.opendata.metro.tokyo.lg.jp/kokubunji/132144_kokubunjishi_nurseryschool.csv	csv	43	国分寺市 — childcare facilities	国分寺市 保育所一覧	government	local-gov	ja	japan,tokyo,opendata,geodata,local-gov	86400	Point layer of childcare facilities published by 国分寺市 with per-record coordinates.
jpx-tokyo-t132144-shisetsu	https://www.opendata.metro.tokyo.lg.jp/kokubunji/132144_public_facility.csv	csv	101	国分寺市 — public facilities	国分寺市 公共施設一覧	government	local-gov	ja	japan,tokyo,opendata,geodata,local-gov	86400	Point layer of public facilities published by 国分寺市 with per-record coordinates.
jpx-tokyo-t132144-toilet	https://www.opendata.metro.tokyo.lg.jp/kokubunji/132144_public_toilet.csv	csv	11	国分寺市 — public toilets	国分寺市 公衆トイレ一覧	government	local-gov	ja	japan,tokyo,opendata,geodata,local-gov	86400	Point layer of public toilets published by 国分寺市 with per-record coordinates.
jpx-tokyo-t132152-shisetsu	https://www.opendata.metro.tokyo.lg.jp/kunitachi/132152_public_facility.csv	csv	70	国立市 — public facilities	国立市 公共施設一覧	government	local-gov	ja	japan,tokyo,opendata,geodata,local-gov	86400	Point layer of public facilities published by 国立市 with per-record coordinates.
jpx-tokyo-t132152-toilet	https://www.opendata.metro.tokyo.lg.jp/kunitachi/132152_public_toilet.csv	csv	66	国立市 — public toilets	国立市 公衆トイレ一覧	government	local-gov	ja	japan,tokyo,opendata,geodata,local-gov	86400	Point layer of public toilets published by 国立市 with per-record coordinates.
jpx-tokyo-t132152-bunkazai	https://www.opendata.metro.tokyo.lg.jp/kunitachi/132152_cultural_property.csv	csv	122	国立市 — designated cultural properties	国立市 文化財一覧	culture	heritage	ja	japan,tokyo,opendata,geodata,heritage	86400	Point layer of designated cultural properties published by 国立市 with per-record coordinates.
jpx-tokyo-t132195-shisetsu	https://www.opendata.metro.tokyo.jp/suisyoudataset/132195_public_facility.csv	csv	100	狛江市 — public facilities	狛江市 公共施設一覧	government	local-gov	ja	japan,tokyo,opendata,geodata,local-gov	86400	Point layer of public facilities published by 狛江市 with per-record coordinates.
jpx-tokyo-t132195-chusha	https://www.opendata.metro.tokyo.lg.jp/komae/132195_car_park.csv	csv	1	狛江市 — car parks	狛江市 公営駐車場一覧	government	local-gov	ja	japan,tokyo,opendata,geodata,local-gov	86400	Point layer of car parks published by 狛江市 with per-record coordinates.
jpx-tokyo-t132195-toilet	https://www.opendata.metro.tokyo.lg.jp/komae/132195_public_toilet.csv	csv	20	狛江市 — public toilets	狛江市 公衆トイレ一覧	government	local-gov	ja	japan,tokyo,opendata,geodata,local-gov	86400	Point layer of public toilets published by 狛江市 with per-record coordinates.
jpx-tokyo-t132209-shisetsu	https://www.opendata.metro.tokyo.lg.jp/higashiyamato/ods/132209_public_facility.csv	csv	173	東大和市 — public facilities	東大和市 公共施設一覧	government	local-gov	ja	japan,tokyo,opendata,geodata,local-gov	86400	Point layer of public facilities published by 東大和市 with per-record coordinates.
jpx-tokyo-t132209-toilet	https://www.opendata.metro.tokyo.lg.jp/higashiyamato/ods/132209_public_toilet.csv	csv	53	東大和市 — public toilets	東大和市 公衆トイレ一覧	government	local-gov	ja	japan,tokyo,opendata,geodata,local-gov	86400	Point layer of public toilets published by 東大和市 with per-record coordinates.
jpx-tokyo-t132209-kosodate	https://www.opendata.metro.tokyo.lg.jp/suisyoudataset/132209_preschool.csv	csv	29	東大和市 — childcare facilities	東大和市 子育て施設一覧	government	local-gov	ja	japan,tokyo,opendata,geodata,local-gov	86400	Point layer of childcare facilities published by 東大和市 with per-record coordinates.
jpx-tokyo-t132225-shisetsu	https://www.opendata.metro.tokyo.lg.jp/higashikurume/132225_public_facility.csv	csv	132	東久留米市 — public facilities	東久留米市 公共施設一覧	government	local-gov	ja	japan,tokyo,opendata,geodata,local-gov	86400	Point layer of public facilities published by 東久留米市 with per-record coordinates.
jpx-tokyo-t132225-toilet	https://www.opendata.metro.tokyo.lg.jp/higashikurume/132225_public_toilet.csv	csv	15	東久留米市 — public toilets	東久留米市 公衆トイレ一覧	government	local-gov	ja	japan,tokyo,opendata,geodata,local-gov	86400	Point layer of public toilets published by 東久留米市 with per-record coordinates.
jpx-tokyo-t132225-wifi	https://www.opendata.metro.tokyo.lg.jp/higashikurume/132225_public_wireless_lan.csv	csv	6	東久留米市 — public Wi-Fi access points	東久留米市 公衆無線LANアクセスポイント一覧	infrastructure	utility	ja	japan,tokyo,opendata,geodata,utility	86400	Point layer of public Wi-Fi access points published by 東久留米市 with per-record coordinates.
jpx-tokyo-t132276-aed	https://www.opendata.metro.tokyo.lg.jp/hamura/132276_aed.csv	csv	126	羽村市 — AED locations	羽村市 AED設置箇所一覧	disaster	disaster	ja	japan,tokyo,opendata,geodata,disaster	86400	Point layer of AED locations published by 羽村市 with per-record coordinates.
jpx-tokyo-t132276-shisetsu	https://www.opendata.metro.tokyo.lg.jp/hamura/132276_public_facility.csv	csv	141	羽村市 — public facilities	羽村市 公共施設一覧	government	local-gov	ja	japan,tokyo,opendata,geodata,local-gov	86400	Point layer of public facilities published by 羽村市 with per-record coordinates.
jpx-tokyo-t132276-wifi	https://www.opendata.metro.tokyo.lg.jp/hamura/132276_public_wireless_lan.csv	csv	2	羽村市 — public Wi-Fi access points	羽村市 公衆無線LANアクセスポイント一覧	infrastructure	utility	ja	japan,tokyo,opendata,geodata,utility	86400	Point layer of public Wi-Fi access points published by 羽村市 with per-record coordinates.
jpx-tokyo-t133621-shisetsu	https://www.opendata.metro.tokyo.lg.jp/toshimamura/133621_public_facility.csv	csv	8	利島村 — public facilities	利島村 公共施設一覧	government	local-gov	ja	japan,tokyo,opendata,geodata,local-gov	86400	Point layer of public facilities published by 利島村 with per-record coordinates.
jpx-tokyo-t133621-bunkazai	https://www.opendata.metro.tokyo.lg.jp/toshimamura/133621_cultural_property.csv	csv	9	利島村 — designated cultural properties	利島村 文化財一覧	culture	heritage	ja	japan,tokyo,opendata,geodata,heritage	86400	Point layer of designated cultural properties published by 利島村 with per-record coordinates.
jpx-tokyo-cat-t000003	https://catalog.data.metro.tokyo.lg.jp/api/3/action/package_search?fq=organization:t000003&rows=100	json:result.results	100	Tokyo Open Data Catalog — 東京都総務局	東京都オープンデータカタログサイト 東京都総務局	government	opendata	ja	japan,tokyo,opendata,catalog	86400	CKAN catalogue slice listing the 2173 datasets published by 東京都総務局.
jpx-tokyo-cat-t132080	https://catalog.data.metro.tokyo.lg.jp/api/3/action/package_search?fq=organization:t132080&rows=100	json:result.results	100	Tokyo Open Data Catalog — 調布市	東京都オープンデータカタログサイト 調布市	government	opendata	ja	japan,tokyo,opendata,catalog	86400	CKAN catalogue slice listing the 1487 datasets published by 調布市.
jpx-tokyo-cat-t132195	https://catalog.data.metro.tokyo.lg.jp/api/3/action/package_search?fq=organization:t132195&rows=100	json:result.results	100	Tokyo Open Data Catalog — 狛江市	東京都オープンデータカタログサイト 狛江市	government	opendata	ja	japan,tokyo,opendata,catalog	86400	CKAN catalogue slice listing the 399 datasets published by 狛江市.
jpx-tokyo-cat-t000054	https://catalog.data.metro.tokyo.lg.jp/api/3/action/package_search?fq=organization:t000054&rows=100	json:result.results	100	Tokyo Open Data Catalog — 東京都福祉局	東京都オープンデータカタログサイト 東京都福祉局	government	opendata	ja	japan,tokyo,opendata,catalog	86400	CKAN catalogue slice listing the 341 datasets published by 東京都福祉局.
jpx-tokyo-cat-t131113	https://catalog.data.metro.tokyo.lg.jp/api/3/action/package_search?fq=organization:t131113&rows=100	json:result.results	100	Tokyo Open Data Catalog — 大田区	東京都オープンデータカタログサイト 大田区	government	opendata	ja	japan,tokyo,opendata,catalog	86400	CKAN catalogue slice listing the 278 datasets published by 大田区.
jpx-tokyo-cat-t131032	https://catalog.data.metro.tokyo.lg.jp/api/3/action/package_search?fq=organization:t131032&rows=100	json:result.results	100	Tokyo Open Data Catalog — 港区	東京都オープンデータカタログサイト 港区	government	opendata	ja	japan,tokyo,opendata,catalog	86400	CKAN catalogue slice listing the 268 datasets published by 港区.
jpx-tokyo-cat-t131237	https://catalog.data.metro.tokyo.lg.jp/api/3/action/package_search?fq=organization:t131237&rows=100	json:result.results	100	Tokyo Open Data Catalog — 江戸川区	東京都オープンデータカタログサイト 江戸川区	government	opendata	ja	japan,tokyo,opendata,catalog	86400	CKAN catalogue slice listing the 266 datasets published by 江戸川区.
jpx-tokyo-cat-t000055	https://catalog.data.metro.tokyo.lg.jp/api/3/action/package_search?fq=organization:t000055&rows=100	json:result.results	100	Tokyo Open Data Catalog — 東京都保健医療局	東京都オープンデータカタログサイト 東京都保健医療局	government	opendata	ja	japan,tokyo,opendata,catalog	86400	CKAN catalogue slice listing the 257 datasets published by 東京都保健医療局.
jpx-tokyo-cat-t131199	https://catalog.data.metro.tokyo.lg.jp/api/3/action/package_search?fq=organization:t131199&rows=100	json:result.results	100	Tokyo Open Data Catalog — 板橋区	東京都オープンデータカタログサイト 板橋区	government	opendata	ja	japan,tokyo,opendata,catalog	86400	CKAN catalogue slice listing the 211 datasets published by 板橋区.
jpx-tokyo-cat-t131075	https://catalog.data.metro.tokyo.lg.jp/api/3/action/package_search?fq=organization:t131075&rows=100	json:result.results	100	Tokyo Open Data Catalog — 墨田区	東京都オープンデータカタログサイト 墨田区	government	opendata	ja	japan,tokyo,opendata,catalog	86400	CKAN catalogue slice listing the 199 datasets published by 墨田区.
jpx-tokyo-cat-t000021	https://catalog.data.metro.tokyo.lg.jp/api/3/action/package_search?fq=organization:t000021&rows=100	json:result.results	100	Tokyo Open Data Catalog — 東京都教育庁	東京都オープンデータカタログサイト 東京都教育庁	government	opendata	ja	japan,tokyo,opendata,catalog	86400	CKAN catalogue slice listing the 196 datasets published by 東京都教育庁.
jpx-tokyo-cat-t131067	https://catalog.data.metro.tokyo.lg.jp/api/3/action/package_search?fq=organization:t131067&rows=100	json:result.results	100	Tokyo Open Data Catalog — 台東区	東京都オープンデータカタログサイト 台東区	government	opendata	ja	japan,tokyo,opendata,catalog	86400	CKAN catalogue slice listing the 187 datasets published by 台東区.
jpx-tokyo-cat-t131105	https://catalog.data.metro.tokyo.lg.jp/api/3/action/package_search?fq=organization:t131105&rows=100	json:result.results	100	Tokyo Open Data Catalog — 目黒区	東京都オープンデータカタログサイト 目黒区	government	opendata	ja	japan,tokyo,opendata,catalog	86400	CKAN catalogue slice listing the 186 datasets published by 目黒区.
jpx-tokyo-cat-t131148	https://catalog.data.metro.tokyo.lg.jp/api/3/action/package_search?fq=organization:t131148&rows=100	json:result.results	100	Tokyo Open Data Catalog — 中野区	東京都オープンデータカタログサイト 中野区	government	opendata	ja	japan,tokyo,opendata,catalog	86400	CKAN catalogue slice listing the 167 datasets published by 中野区.
jpx-tokyo-cat-t131091	https://catalog.data.metro.tokyo.lg.jp/api/3/action/package_search?fq=organization:t131091&rows=100	json:result.results	100	Tokyo Open Data Catalog — 品川区	東京都オープンデータカタログサイト 品川区	government	opendata	ja	japan,tokyo,opendata,catalog	86400	CKAN catalogue slice listing the 139 datasets published by 品川区.
jpx-tokyo-cat-t131041	https://catalog.data.metro.tokyo.lg.jp/api/3/action/package_search?fq=organization:t131041&rows=100	json:result.results	100	Tokyo Open Data Catalog — 新宿区	東京都オープンデータカタログサイト 新宿区	government	opendata	ja	japan,tokyo,opendata,catalog	86400	CKAN catalogue slice listing the 137 datasets published by 新宿区.
jpx-tokyo-cat-t132098	https://catalog.data.metro.tokyo.lg.jp/api/3/action/package_search?fq=organization:t132098&rows=100	json:result.results	100	Tokyo Open Data Catalog — 町田市	東京都オープンデータカタログサイト 町田市	government	opendata	ja	japan,tokyo,opendata,catalog	86400	CKAN catalogue slice listing the 127 datasets published by 町田市.
jpx-tokyo-cat-t000009	https://catalog.data.metro.tokyo.lg.jp/api/3/action/package_search?fq=organization:t000009&rows=100	json:result.results	100	Tokyo Open Data Catalog — 東京都環境局	東京都オープンデータカタログサイト 東京都環境局	government	opendata	ja	japan,tokyo,opendata,catalog	86400	CKAN catalogue slice listing the 124 datasets published by 東京都環境局.
jpx-tokyo-cat-t000020	https://catalog.data.metro.tokyo.lg.jp/api/3/action/package_search?fq=organization:t000020&rows=100	json:result.results	100	Tokyo Open Data Catalog — 東京都下水道局	東京都オープンデータカタログサイト 東京都下水道局	government	opendata	ja	japan,tokyo,opendata,catalog	86400	CKAN catalogue slice listing the 119 datasets published by 東京都下水道局.
jpx-tokyo-cat-t000008	https://catalog.data.metro.tokyo.lg.jp/api/3/action/package_search?fq=organization:t000008&rows=100	json:result.results	100	Tokyo Open Data Catalog — 東京都都市整備局	東京都オープンデータカタログサイト 東京都都市整備局	government	opendata	ja	japan,tokyo,opendata,catalog	86400	CKAN catalogue slice listing the 111 datasets published by 東京都都市整備局.
jpx-tokyo-cat-t131156	https://catalog.data.metro.tokyo.lg.jp/api/3/action/package_search?fq=organization:t131156&rows=100	json:result.results	100	Tokyo Open Data Catalog — 杉並区	東京都オープンデータカタログサイト 杉並区	government	opendata	ja	japan,tokyo,opendata,catalog	86400	CKAN catalogue slice listing the 103 datasets published by 杉並区.
jpx-tokyo-cat-t131083	https://catalog.data.metro.tokyo.lg.jp/api/3/action/package_search?fq=organization:t131083&rows=100	json:result.results	97	Tokyo Open Data Catalog — 江東区	東京都オープンデータカタログサイト 江東区	government	opendata	ja	japan,tokyo,opendata,catalog	86400	CKAN catalogue slice listing the 97 datasets published by 江東区.
jpx-tokyo-cat-t000023	https://catalog.data.metro.tokyo.lg.jp/api/3/action/package_search?fq=organization:t000023&rows=100	json:result.results	84	Tokyo Open Data Catalog — 東京都選挙管理委員会事務局	東京都オープンデータカタログサイト 東京都選挙管理委員会事務局	government	opendata	ja	japan,tokyo,opendata,catalog	86400	CKAN catalogue slice listing the 84 datasets published by 東京都選挙管理委員会事務局.
jpx-tokyo-cat-t131202	https://catalog.data.metro.tokyo.lg.jp/api/3/action/package_search?fq=organization:t131202&rows=100	json:result.results	79	Tokyo Open Data Catalog — 練馬区	東京都オープンデータカタログサイト 練馬区	government	opendata	ja	japan,tokyo,opendata,catalog	86400	CKAN catalogue slice listing the 79 datasets published by 練馬区.
jpx-tokyo-cat-t132012	https://catalog.data.metro.tokyo.lg.jp/api/3/action/package_search?fq=organization:t132012&rows=100	json:result.results	78	Tokyo Open Data Catalog — 八王子市	東京都オープンデータカタログサイト 八王子市	government	opendata	ja	japan,tokyo,opendata,catalog	86400	CKAN catalogue slice listing the 78 datasets published by 八王子市.
jpx-tokyo-cat-t000016	https://catalog.data.metro.tokyo.lg.jp/api/3/action/package_search?fq=organization:t000016&rows=100	json:result.results	75	Tokyo Open Data Catalog — 東京都会計管理局	東京都オープンデータカタログサイト 東京都会計管理局	government	opendata	ja	japan,tokyo,opendata,catalog	86400	CKAN catalogue slice listing the 75 datasets published by 東京都会計管理局.
jpx-tokyo-cat-t000014	https://catalog.data.metro.tokyo.lg.jp/api/3/action/package_search?fq=organization:t000014&rows=100	json:result.results	70	Tokyo Open Data Catalog — 東京都建設局	東京都オープンデータカタログサイト 東京都建設局	government	opendata	ja	japan,tokyo,opendata,catalog	86400	CKAN catalogue slice listing the 70 datasets published by 東京都建設局.
jpx-tokyo-cat-t000012	https://catalog.data.metro.tokyo.lg.jp/api/3/action/package_search?fq=organization:t000012&rows=100	json:result.results	68	Tokyo Open Data Catalog — 東京都産業労働局	東京都オープンデータカタログサイト 東京都産業労働局	government	opendata	ja	japan,tokyo,opendata,catalog	86400	CKAN catalogue slice listing the 68 datasets published by 東京都産業労働局.
jpx-tokyo-cat-t132217	https://catalog.data.metro.tokyo.lg.jp/api/3/action/package_search?fq=organization:t132217&rows=100	json:result.results	64	Tokyo Open Data Catalog — 清瀬市	東京都オープンデータカタログサイト 清瀬市	government	opendata	ja	japan,tokyo,opendata,catalog	86400	CKAN catalogue slice listing the 64 datasets published by 清瀬市.
jpx-tokyo-cat-t000015	https://catalog.data.metro.tokyo.lg.jp/api/3/action/package_search?fq=organization:t000015&rows=100	json:result.results	63	Tokyo Open Data Catalog — 東京都港湾局	東京都オープンデータカタログサイト 東京都港湾局	government	opendata	ja	japan,tokyo,opendata,catalog	86400	CKAN catalogue slice listing the 63 datasets published by 東京都港湾局.
jpx-tokyo-cat-t132241	https://catalog.data.metro.tokyo.lg.jp/api/3/action/package_search?fq=organization:t132241&rows=100	json:result.results	61	Tokyo Open Data Catalog — 多摩市	東京都オープンデータカタログサイト 多摩市	government	opendata	ja	japan,tokyo,opendata,catalog	86400	CKAN catalogue slice listing the 61 datasets published by 多摩市.
jpx-tokyo-cat-t131059	https://catalog.data.metro.tokyo.lg.jp/api/3/action/package_search?fq=organization:t131059&rows=100	json:result.results	57	Tokyo Open Data Catalog — 文京区	東京都オープンデータカタログサイト 文京区	government	opendata	ja	japan,tokyo,opendata,catalog	86400	CKAN catalogue slice listing the 57 datasets published by 文京区.
jpx-tokyo-cat-t000019	https://catalog.data.metro.tokyo.lg.jp/api/3/action/package_search?fq=organization:t000019&rows=100	json:result.results	54	Tokyo Open Data Catalog — 東京都水道局	東京都オープンデータカタログサイト 東京都水道局	government	opendata	ja	japan,tokyo,opendata,catalog	86400	CKAN catalogue slice listing the 54 datasets published by 東京都水道局.
jpx-tokyo-cat-t132055	https://catalog.data.metro.tokyo.lg.jp/api/3/action/package_search?fq=organization:t132055&rows=100	json:result.results	51	Tokyo Open Data Catalog — 青梅市	東京都オープンデータカタログサイト 青梅市	government	opendata	ja	japan,tokyo,opendata,catalog	86400	CKAN catalogue slice listing the 51 datasets published by 青梅市.
jpx-tokyo-cat-t000004	https://catalog.data.metro.tokyo.lg.jp/api/3/action/package_search?fq=organization:t000004&rows=100	json:result.results	50	Tokyo Open Data Catalog — 東京都財務局	東京都オープンデータカタログサイト 東京都財務局	government	opendata	ja	japan,tokyo,opendata,catalog	86400	CKAN catalogue slice listing the 50 datasets published by 東京都財務局.
jpx-tokyo-cat-t000018	https://catalog.data.metro.tokyo.lg.jp/api/3/action/package_search?fq=organization:t000018&rows=100	json:result.results	50	Tokyo Open Data Catalog — 東京都交通局	東京都オープンデータカタログサイト 東京都交通局	government	opendata	ja	japan,tokyo,opendata,catalog	86400	CKAN catalogue slice listing the 50 datasets published by 東京都交通局.
jpx-tokyo-cat-t132101	https://catalog.data.metro.tokyo.lg.jp/api/3/action/package_search?fq=organization:t132101&rows=100	json:result.results	50	Tokyo Open Data Catalog — 小金井市	東京都オープンデータカタログサイト 小金井市	government	opendata	ja	japan,tokyo,opendata,catalog	86400	CKAN catalogue slice listing the 50 datasets published by 小金井市.
jpx-tokyo-cat-t131024	https://catalog.data.metro.tokyo.lg.jp/api/3/action/package_search?fq=organization:t131024&rows=100	json:result.results	47	Tokyo Open Data Catalog — 中央区	東京都オープンデータカタログサイト 中央区	government	opendata	ja	japan,tokyo,opendata,catalog	86400	CKAN catalogue slice listing the 47 datasets published by 中央区.
jpx-tokyo-cat-t313360	https://catalog.data.metro.tokyo.lg.jp/api/3/action/package_search?fq=organization:t313360&rows=100	json:result.results	46	Tokyo Open Data Catalog — 東京都生活文化スポーツ局	東京都オープンデータカタログサイト 東京都生活文化スポーツ局	government	opendata	ja	japan,tokyo,opendata,catalog	86400	CKAN catalogue slice listing the 46 datasets published by 東京都生活文化スポーツ局.
jpx-tokyo-cat-t132136	https://catalog.data.metro.tokyo.lg.jp/api/3/action/package_search?fq=organization:t132136&rows=100	json:result.results	45	Tokyo Open Data Catalog — 東村山市	東京都オープンデータカタログサイト 東村山市	government	opendata	ja	japan,tokyo,opendata,catalog	86400	CKAN catalogue slice listing the 45 datasets published by 東村山市.
jpx-tokyo-cat-t000025	https://catalog.data.metro.tokyo.lg.jp/api/3/action/package_search?fq=organization:t000025&rows=100	json:result.results	43	Tokyo Open Data Catalog — 東京都監査事務局	東京都オープンデータカタログサイト 東京都監査事務局	government	opendata	ja	japan,tokyo,opendata,catalog	86400	CKAN catalogue slice listing the 43 datasets published by 東京都監査事務局.
jpx-tokyo-cat-t132292	https://catalog.data.metro.tokyo.lg.jp/api/3/action/package_search?fq=organization:t132292&rows=100	json:result.results	37	Tokyo Open Data Catalog — 西東京市	東京都オープンデータカタログサイト 西東京市	government	opendata	ja	japan,tokyo,opendata,catalog	86400	CKAN catalogue slice listing the 37 datasets published by 西東京市.
jpx-tokyo-cat-t000013	https://catalog.data.metro.tokyo.lg.jp/api/3/action/package_search?fq=organization:t000013&rows=100	json:result.results	37	Tokyo Open Data Catalog — 東京都中央卸売市場	東京都オープンデータカタログサイト 東京都中央卸売市場	government	opendata	ja	japan,tokyo,opendata,catalog	86400	CKAN catalogue slice listing the 37 datasets published by 東京都中央卸売市場.
jpx-tokyo-cat-t000017	https://catalog.data.metro.tokyo.lg.jp/api/3/action/package_search?fq=organization:t000017&rows=100	json:result.results	36	Tokyo Open Data Catalog — 東京消防庁	東京都オープンデータカタログサイト 東京消防庁	government	opendata	ja	japan,tokyo,opendata,catalog	86400	CKAN catalogue slice listing the 36 datasets published by 東京消防庁.
jpx-tokyo-cat-t132021	https://catalog.data.metro.tokyo.lg.jp/api/3/action/package_search?fq=organization:t132021&rows=100	json:result.results	35	Tokyo Open Data Catalog — 立川市	東京都オープンデータカタログサイト 立川市	government	opendata	ja	japan,tokyo,opendata,catalog	86400	CKAN catalogue slice listing the 35 datasets published by 立川市.
jpx-data-city-yokohama-ckan	https://data.city.yokohama.lg.jp/api/3/action/package_search?rows=100	json:result.results	100	Yokohama Open Data Catalog	横浜市オープンデータカタログ	government	opendata	ja	japan,yokohama,opendata,catalog	86400	CKAN catalogue for Japan's largest municipality by population.
jpx-p2pquake-jma-quake	https://api.p2pquake.net/v2/jma/quake?limit=50	json-array	50	P2P Earthquake Information — JMA quake list	P2P地震情報 気象庁地震一覧	disaster	disaster	ja	japan,earthquake,seismic	300	Rolling list of JMA earthquake events with hypocentre coordinates and magnitude.
jpx-p2pquake-eew	https://api.p2pquake.net/v2/history?codes=556&limit=20	json-array	5	P2P Earthquake Information — EEW relay	P2P地震情報 緊急地震速報	disaster	disaster	ja	japan,earthquake,eew	300	Relay of Earthquake Early Warning issuance with hypocentre coordinates.
jpx-p2pquake-tsunami	https://api.p2pquake.net/v2/history?codes=552&limit=20	json-array	2	P2P Earthquake Information — tsunami forecasts	P2P地震情報 津波予報	disaster	disaster	ja	japan,tsunami,coastal	300	Tsunami forecast and observation bulletins by coastal forecast zone.
jpx-p2pquake-areapeers	https://api.p2pquake.net/v2/history?codes=555&limit=20	json-array	20	P2P Earthquake Information — sensor peer map	P2P地震情報 感知情報	disaster	disaster	ja	japan,earthquake,crowdsourced	900	Crowd-sensed shaking reports aggregated by region, an early signal ahead of official bulletins.
jpx-jma-nowc-n2	https://www.jma.go.jp/bosai/jmatile/data/nowc/targetTimes_N2.json	json-array	12	JMA nowcast frame index (N2)	気象庁 高解像度降水ナウキャスト 時刻一覧	disaster	disaster	ja	japan,weather,nowcast,radar	600	Frame timestamps for the high-resolution precipitation nowcast raster layer.
jpx-jma-flood-targettimes	https://www.jma.go.jp/bosai/jmatile/data/risk/targetTimes.json	json-array	37	JMA flood-risk mesh frame index	気象庁 洪水キキクル 時刻一覧	disaster	hazard	ja	japan,flood,hazard	900	Frame timestamps for the flood-risk (Kikikuru) hazard mesh.
jpx-jma-snow-targettimes	https://www.jma.go.jp/bosai/jmatile/data/snow/targetTimes.json	json-array	31	JMA snow-depth analysis frame index	気象庁 現在の積雪深 時刻一覧	disaster	hazard	ja	japan,snow,hazard	3600	Frame timestamps for analysed snow depth and snowfall rasters.
jpx-jma-wdist-target	https://www.jma.go.jp/bosai/jmatile/data/wdist/targetTimes.json	json-array	13	JMA wind distribution frame index	気象庁 推計気象分布 時刻一覧	disaster	disaster	ja	japan,weather,wind	3600	Frame timestamps for the estimated meteorological distribution layer.
jpx-gsi-address-search-shibuya	https://msearch.gsi.go.jp/address-search/AddressSearch?q=%E6%B8%8B%E8%B0%B7%E5%8C%BA	json-array	9	GSI place-name geocoder	国土地理院 地名検索API	geospatial	opendata	ja	japan,geocoding,gsi	86400	Keyless GSI geocoder returning GeoJSON features with coordinates for a Japanese place name.
jpx-gsj-seamless-legend	https://gbank.gsj.jp/seamless/v2/api/1.2/legend.json	json-array	2416	GSJ Seamless Geological Map legend	産総研 20万分の1日本シームレス地質図 凡例	geospatial	opendata	ja	japan,geology,gsj	604800	Full legend of the seamless geological map, needed to interpret the geology raster.
jpx-heartrails-geo-towns	https://geoapi.heartrails.com/api/json?method=getTowns&city=%E6%B8%8B%E8%B0%B7%E5%8C%BA	json:response.location	157	HeartRails Geo — town-level gazetteer	HeartRails Geo API 町域検索	geospatial	opendata	ja	japan,gazetteer,addresses	604800	Town-level Japanese gazetteer returning coordinates and postcode per町域.
jpx-heartrails-geo-pref	https://geoapi.heartrails.com/api/json?method=getPrefectures	json:response.prefecture	47	HeartRails Geo — prefecture index	HeartRails Geo API 都道府県一覧	geospatial	opendata	ja	japan,gazetteer,reference	604800	Canonical list of the 47 prefectures for normalising Japanese place references.
jpx-odpt-hello-station	https://api-public.odpt.org/api/v4/gbfs/hellocycling/station_information.json	json:data.stations	14637	HELLO CYCLING bike-share station register	HELLO CYCLING ステーション情報 (GBFS)	transport	transit	ja	japan,bikeshare,gbfs,mobility	3600	GBFS station register for Japan's largest shared-bicycle network, 14k docks with coordinates.
jpx-odpt-hello-status	https://api-public.odpt.org/api/v4/gbfs/hellocycling/station_status.json	json:data.stations	14637	HELLO CYCLING bike-share live availability	HELLO CYCLING ステータス情報 (GBFS)	transport	transit	ja	japan,bikeshare,gbfs,realtime	600	Live dock and bicycle counts for every HELLO CYCLING station nationwide.
jpx-gtfs-jp-feeds2	https://api.gtfs-data.jp/v2/feeds	json:body	597	GTFS Data Repository Japan — feed index	公共交通オープンデータ GTFS リポジトリ フィード一覧	transport	transit	ja	japan,gtfs,transit,operators	86400	Index of every published Japanese GTFS feed, one per bus or rail operator.
jpx-jrwest-trafficinfo	https://www.train-guide.westjr.co.jp/api/v3/kobesanyo.json	json:trains	54	JR West live train positions — Kobe/Sanyo line	JR西日本 列車走行位置 神戸線・山陽線	transport	transit	ja	japan,rail,realtime,jrwest	300	Live train-by-train running position and delay minutes on the JR Kobe and Sanyo lines.
jpx-jrwest-osakaloop	https://www.train-guide.westjr.co.jp/api/v3/osakaloop.json	json:trains	21	JR West live train positions — Osaka Loop line	JR西日本 列車走行位置 大阪環状線	transport	transit	ja	japan,rail,realtime,jrwest	300	Live running position and delay minutes for the Osaka Loop line.
jpx-jrwest-kyoto	https://www.train-guide.westjr.co.jp/api/v3/kyoto.json	json:trains	31	JR West live train positions — Kyoto line	JR西日本 列車走行位置 京都線	transport	transit	ja	japan,rail,realtime,jrwest	300	Live running position and delay minutes for the JR Kyoto line.
jpx-jrwest-nara	https://www.train-guide.westjr.co.jp/api/v3/nara.json	json:trains	10	JR West live train positions — Nara line	JR西日本 列車走行位置 奈良線	transport	transit	ja	japan,rail,realtime,jrwest	300	Live running position and delay minutes for the JR Nara line.
jpx-jrwest-takarazuka	https://www.train-guide.westjr.co.jp/api/v3/takarazuka.json	json:trains	12	JR West live train positions — Takarazuka line	JR西日本 列車走行位置 宝塚線	transport	transit	ja	japan,rail,realtime,jrwest	300	Live running position and delay minutes for the JR Takarazuka line.
jpx-jrwest-gakkentoshi	https://www.train-guide.westjr.co.jp/api/v3/gakkentoshi.json	json:trains	12	JR West live train positions — Gakkentoshi line	JR西日本 列車走行位置 学研都市線	transport	transit	ja	japan,rail,realtime,jrwest	300	Live running position and delay minutes for the Gakkentoshi line.
jpx-jrwest-kansaiairport	https://www.train-guide.westjr.co.jp/api/v3/kansaiairport.json	json:trains	5	JR West live train positions — Kansai Airport line	JR西日本 列車走行位置 関空紀州路線	transport	transit	ja	japan,rail,realtime,jrwest,airport	300	Live running position and delay minutes on the Kansai Airport access line.
jpx-jrwest-tozai	https://www.train-guide.westjr.co.jp/api/v3/tozai.json	json:trains	10	JR West live train positions — JR Tozai line	JR西日本 列車走行位置 JR東西線	transport	transit	ja	japan,rail,realtime,jrwest	300	Live running position and delay minutes for the JR Tozai line.
jpx-jrwest-sagano	https://www.train-guide.westjr.co.jp/api/v3/sagano.json	json:trains	7	JR West live train positions — Sagano line	JR西日本 列車走行位置 嵯峨野線	transport	transit	ja	japan,rail,realtime,jrwest	300	Live running position and delay minutes for the Sagano line.
jpx-egov-laws-v2	https://laws.e-gov.go.jp/api/2/laws?limit=100	json:laws	100	e-Gov law index — all statutes	e-Gov法令API 法令一覧	government	ordinance	ja	japan,law,egov,statutes	86400	Authoritative index of Japanese statutes with promulgation and revision dates.
jpx-egov-laws-cabinet	https://laws.e-gov.go.jp/api/2/laws?law_type=CabinetOrder&limit=100	json:laws	100	e-Gov law index — cabinet orders	e-Gov法令API 政令一覧	government	ordinance	ja	japan,law,egov,cabinet-order	86400	Index of cabinet orders, where most implementing detail of Japanese regulation lives.
jpx-egov-laws-ministerial	https://laws.e-gov.go.jp/api/2/laws?law_type=MinisterialOrdinance&limit=100	json:laws	100	e-Gov law index — ministerial ordinances	e-Gov法令API 府省令一覧	government	ordinance	ja	japan,law,egov,ordinance	86400	Index of ministerial ordinances issued by each ministry.
jpx-egov-keyword	https://laws.e-gov.go.jp/api/2/keyword?keyword=%E7%81%BD%E5%AE%B3&limit=50	json:items	10	e-Gov law keyword search — disaster	e-Gov法令API キーワード検索（災害）	government	ordinance	ja	japan,law,egov,disaster	86400	Full-text hits for disaster provisions across the statute book.
jpx-kokkai-speech-saigai	https://kokkai.ndl.go.jp/api/speech?any=%E7%81%BD%E5%AE%B3&maximumRecords=30&recordPacking=json	json:speechRecord	30	Diet proceedings search — disaster	国会会議録検索システム 発言検索（災害）	government	local-gov	ja	japan,diet,parliament,disaster	86400	Verbatim Diet speeches mentioning disaster, with speaker, party and committee.
jpx-kokkai-speech-genpatsu	https://kokkai.ndl.go.jp/api/speech?any=%E5%8E%9F%E7%99%BA&maximumRecords=30&recordPacking=json	json:speechRecord	30	Diet proceedings search — nuclear power	国会会議録検索システム 発言検索（原発）	government	local-gov	ja	japan,diet,parliament,nuclear	86400	Verbatim Diet speeches on nuclear power, a durable tracker of policy shifts.
jpx-kokkai-speech-bouei	https://kokkai.ndl.go.jp/api/speech?any=%E9%98%B2%E8%A1%9B&maximumRecords=30&recordPacking=json	json:speechRecord	30	Diet proceedings search — defence	国会会議録検索システム 発言検索（防衛）	government	local-gov	ja	japan,diet,parliament,defence	86400	Verbatim Diet speeches on defence policy with speaker attribution.
jpx-kokkai-meetinglist-sangiin	https://kokkai.ndl.go.jp/api/meeting_list?nameOfHouse=%E5%8F%82%E8%AD%B0%E9%99%A2&maximumRecords=30&recordPacking=json&from=2026-01-01	json:meetingRecord	30	Diet sitting index — House of Councillors	国会会議録検索システム 参議院会議一覧	government	local-gov	ja	japan,diet,parliament,upper-house	86400	Index of House of Councillors sittings with committee and date.
jpx-jpsearch-bunkazai	https://jpsearch.go.jp/api/item/search/jps-cross?keyword=%E6%96%87%E5%8C%96%E8%B2%A1&size=50	json:list	50	Japan Search — cultural property records	ジャパンサーチ 横断検索（文化財）	culture	heritage	ja	japan,heritage,museum,archives	86400	Cross-institution search over national heritage catalogues for designated cultural properties.
jpx-jpsearch-kofun	https://jpsearch.go.jp/api/item/search/jps-cross?keyword=%E5%8F%A4%E5%A2%B3&size=50	json:list	50	Japan Search — kofun burial mound records	ジャパンサーチ 横断検索（古墳）	culture	heritage	ja	japan,heritage,archaeology	86400	Cross-institution archaeological records for kofun burial mounds.
jpx-jpsearch-jinja	https://jpsearch.go.jp/api/item/search/jps-cross?keyword=%E7%A5%9E%E7%A4%BE&size=50	json:list	50	Japan Search — shrine records	ジャパンサーチ 横断検索（神社）	culture	heritage	ja	japan,heritage,shrine	86400	Cross-institution catalogue records relating to Shinto shrines.
jpx-jpsearch-cross	https://jpsearch.go.jp/api/item/search/jps-cross?keyword=%E9%98%B2%E7%81%BD&size=50	json:list	50	Japan Search — disaster records	ジャパンサーチ 横断検索（防災）	culture	heritage	ja	japan,heritage,disaster-archive	86400	Cross-institution archival records on disaster and disaster prevention.
jpx-ndl-opensearch-kyodo	https://ndlsearch.ndl.go.jp/api/opensearch?any=%E9%83%B7%E5%9C%9F%E5%8F%B2&cnt=50	rss	50	NDL Search — local history holdings	国立国会図書館サーチ 郷土史	culture	heritage	ja	japan,library,local-history	86400	National Diet Library holdings on local and regional history, useful for place research.
jpx-ndl-opensearch-sensai	https://ndlsearch.ndl.go.jp/api/opensearch?any=%E6%88%A6%E7%81%BD&cnt=50	rss	50	NDL Search — war damage records	国立国会図書館サーチ 戦災	culture	heritage	ja	japan,library,war-records	86400	National Diet Library holdings on wartime damage, a common OSINT background source.
jpx-ndl-opensearch-bosai	https://ndlsearch.ndl.go.jp/api/opensearch?any=%E9%98%B2%E7%81%BD&cnt=50	rss	50	NDL Search — disaster prevention holdings	国立国会図書館サーチ 防災	culture	heritage	ja	japan,library,disaster	86400	National Diet Library holdings on disaster prevention and response.
jpx-tdnet-recent	https://webapi.yanoshin.jp/webapi/tdnet/list/recent.json	json:items	300	TDnet timely disclosure feed	TDnet 適時開示情報 直近一覧	economy	disclosure	ja	japan,disclosure,tdnet,listed-companies	1800	Rolling feed of timely disclosures filed by Tokyo-listed companies, with securities codes and PDF links.
jpx-estat-dash-region2	https://dashboard.e-stat.go.jp/api/1.0/Json/getRegionInfo?Lang=JP&RegionLevel=3	json-object	1	Statistics Dashboard — municipality region codes	統計ダッシュボード API 地域コード一覧	economy	statistics	ja	japan,statistics,region-codes,estat	604800	Canonical municipality region codes used across Japanese official statistics.
jpx-geospatial-ckan-grp	https://www.geospatial.jp/ckan/api/3/action/group_list?all_fields=true	json:result	20	G-spatial Information Centre group index	G空間情報センター グループ一覧	geospatial	opendata	ja	japan,geospatial,catalog	86400	Thematic groupings of Japan's national geospatial data clearing house.
sci-copernicus-aab	https://aab.copernicus.org/xml/rss2_0.xml	rss	20	Archives Animal Breeding	動物育種アーカイブ	science	literature	en	copernicus,egu,open-access,aab	21600	Recent papers from Archives Animal Breeding, a Copernicus open-access journal.
sci-aas-nova	https://aasnova.org/feed/	rss	600	AAS Nova research highlights	AAS Nova 研究ハイライト	space	astronomy	en	astronomy,aas,research-highlights	21600	American Astronomical Society digests of notable new astronomy papers.
sci-copernicus-acp	https://acp.copernicus.org/xml/rss2_0.xml	rss	20	Atmospheric Chemistry and Physics	大気化学・物理学	science	literature	en	copernicus,egu,open-access,acp	21600	Recent papers from Atmospheric Chemistry and Physics, a Copernicus open-access journal.
sci-copernicus-adgeo	https://adgeo.copernicus.org/xml/rss2_0.xml	rss	20	Advances in Geosciences	地球科学の進歩	science	literature	en	copernicus,egu,open-access,adgeo	21600	Recent papers from Advances in Geosciences, a Copernicus open-access journal.
sci-ebi-alphafold-abl1	https://alphafold.ebi.ac.uk/api/prediction/P00520	json-array	4	AlphaFold structure prediction API	AlphaFold 構造予測API	science	genomics	en	alphafold,structure,protein	86400	AlphaFold predicted structures and per-residue confidence for a UniProt accession.
sci-copernicus-amt	https://amt.copernicus.org/xml/rss2_0.xml	rss	20	Atmospheric Measurement Techniques	大気観測技術	science	literature	en	copernicus,egu,open-access,amt	21600	Recent papers from Atmospheric Measurement Techniques, a Copernicus open-access journal.
sci-copernicus-angeo	https://angeo.copernicus.org/xml/rss2_0.xml	rss	20	Annales Geophysicae	アナレス・ジオフィジケ（地球物理学年報）	science	literature	en	copernicus,egu,open-access,angeo	21600	Recent papers from Annales Geophysicae, a Copernicus open-access journal.
sci-antares-catalogs	https://api.antares.noirlab.edu/v1/catalogs?page[limit]=50	json:data	25	ANTARES cross-match catalogues	ANTARES 相互照合カタログ	space	astronomy	en	transient,catalogue,broker	86400	Reference catalogues ANTARES cross-matches alerts against.
sci-antares-loci	https://api.antares.noirlab.edu/v1/loci?sort=-properties.newest_alert_observation_time&page[limit]=50	json:data	50	ANTARES alert broker loci	ANTARES アラートブローカー（天体軌跡）	space	transient	en	transient,ztf,broker,alert	900	NOIRLab ANTARES broker stream of recently updated transient alert loci.
sci-hal-science-latest	https://api.archives-ouvertes.fr/search/?q=*:*&rows=100&sort=submittedDate_tdate%20desc&wt=json	json:response.docs	100	HAL France latest deposits	HAL フランス 最新登録	academic	preprint	fr	hal,france,repository	7200	Newest deposits in France's national open research archive.
sci-hal-science-japan	https://api.archives-ouvertes.fr/search/?q=country_s:jp&rows=100&wt=json	json:response.docs	100	HAL France Japan-affiliated work	HAL フランス 日本関連研究	academic	preprint	fr	hal,japan,collaboration	21600	French-archived research with Japanese affiliations — a France-Japan collaboration signal.
sci-hal-chemistry	https://api.archives-ouvertes.fr/search/?q=domain_s:chim&rows=100&sort=submittedDate_tdate%20desc&wt=json	json-object	1	HAL chemistry	HAL 化学	academic	preprint	fr	hal,france,chemistry	21600	Chemistry deposits in HAL.
sci-hal-computer-science	https://api.archives-ouvertes.fr/search/?q=domain_s:info&rows=100&sort=submittedDate_tdate%20desc&wt=json	json-object	1	HAL computer science	HAL 計算機科学	academic	preprint	fr	hal,france,computer-science	21600	Computer science deposits in HAL.
sci-hal-math	https://api.archives-ouvertes.fr/search/?q=domain_s:math&rows=100&sort=submittedDate_tdate%20desc&wt=json	json-object	1	HAL mathematics	HAL 数学	academic	preprint	fr	hal,france,mathematics	21600	Mathematics deposits in HAL.
sci-hal-physics	https://api.archives-ouvertes.fr/search/?q=domain_s:phys&rows=100&sort=submittedDate_tdate%20desc&wt=json	json-object	1	HAL physics	HAL 物理学	academic	preprint	fr	hal,france,physics	21600	Physics deposits in HAL.
sci-hal-earth	https://api.archives-ouvertes.fr/search/?q=domain_s:sde&rows=100&sort=submittedDate_tdate%20desc&wt=json	json-object	1	HAL earth and environmental sciences	HAL 地球・環境科学	academic	preprint	fr	hal,france,earth-science	21600	Earth and environmental science deposits in HAL.
sci-hal-biology	https://api.archives-ouvertes.fr/search/?q=domain_s:sdv&rows=100&sort=submittedDate_tdate%20desc&wt=json	json-object	1	HAL life sciences	HAL 生命科学	academic	preprint	fr	hal,france,biology	21600	Life science deposits in HAL.
sci-hal-engineering	https://api.archives-ouvertes.fr/search/?q=domain_s:spi&rows=100&sort=submittedDate_tdate%20desc&wt=json	json-object	1	HAL engineering sciences	HAL 工学	academic	preprint	fr	hal,france,engineering	21600	Engineering deposits in HAL.
sci-biorxiv-recent	https://api.biorxiv.org/details/biorxiv/2026-01-01/2030-01-01/0/json	json:collection	30	bioRxiv new preprints	bioRxiv 新着プレプリント	science	preprint	en	preprint,biology,biorxiv	3600	Newly posted bioRxiv life-science preprints with DOI, authors and abstract.
sci-biorxiv-published	https://api.biorxiv.org/pubs/biorxiv/2026-01-01/2030-01-01/0/json	json:collection	100	bioRxiv preprint-to-journal links	bioRxiv 掲載追跡（プレプリントと査読誌の対応）	science	preprint	en	preprint,publication,biorxiv	21600	Tracks which bioRxiv preprints later appeared in a peer-reviewed journal.
sci-catalogue-of-life	https://api.checklistbank.org/dataset?limit=100	json:result	100	ChecklistBank taxonomic datasets	ChecklistBank 分類学データセット	science	repository	en	taxonomy,checklistbank,biodiversity	86400	Taxonomic checklists underpinning the Catalogue of Life.
sci-crossref-funders	https://api.crossref.org/funders?rows=100	json:message.items	100	Crossref Funder Registry	Crossref 助成機関レジストリ	academic	funding	en	crossref,funders	86400	Canonical registry of research funders used in funding acknowledgements.
sci-crossref-journals	https://api.crossref.org/journals?rows=100	json:message.items	100	Crossref journal registry	Crossref 学術誌レジストリ	academic	policy	en	crossref,journals	86400	Journal-level registry with ISSNs and publisher linkage.
sci-crossref-licenses	https://api.crossref.org/licenses?rows=100	json:message.items	100	Crossref licence registry	Crossref ライセンスレジストリ	academic	policy	en	crossref,licence	86400	Licence URIs asserted on Crossref-registered content.
sci-crossref-members	https://api.crossref.org/members?rows=100	json:message.items	100	Crossref member publishers	Crossref 会員出版社	academic	policy	en	crossref,publishers	86400	Registry of Crossref member publishers and their deposit behaviour.
sci-crossref-types	https://api.crossref.org/types?rows=100	json:message.items	30	Crossref work types	Crossref 著作物タイプ	academic	policy	en	crossref,metadata	86400	Controlled vocabulary of Crossref work types.
sci-crossref-clinical-trial-linked	https://api.crossref.org/works?filter=has-clinical-trial-number:true&sort=created&order=desc&rows=100	json:message.items	100	Crossref clinical-trial-linked papers	Crossref 臨床試験番号付き論文	health	clinical	en	clinical-trial,crossref	21600	Papers that declare a clinical trial registration number — links literature to registries.
sci-crossref-components	https://api.crossref.org/works?filter=type:component&sort=created&order=desc&rows=100	json:message.items	100	Crossref article components	Crossref 論文構成要素	academic	literature	en	crossref,components	86400	Figures, tables and supplements registered as their own DOIs.
sci-crossref-datasets	https://api.crossref.org/works?filter=type:dataset&sort=created&order=desc&rows=100	json:message.items	100	Crossref registered datasets	Crossref 登録データセット	academic	repository	en	dataset,crossref	21600	Datasets newly assigned a Crossref DOI.
sci-crossref-dissertations	https://api.crossref.org/works?filter=type:dissertation&sort=created&order=desc&rows=100	json:message.items	100	Crossref registered dissertations	Crossref 登録学位論文	academic	literature	en	dissertation,crossref	86400	Doctoral and masters theses newly assigned DOIs.
sci-crossref-grants	https://api.crossref.org/works?filter=type:grant&sort=created&order=desc&rows=100	json:message.items	100	Crossref registered grants	Crossref 登録助成金	academic	funding	en	grant,funding,crossref	86400	Funding awards registered as Crossref grant DOIs.
sci-crossref-books	https://api.crossref.org/works?filter=type:monograph&sort=created&order=desc&rows=100	json:message.items	100	Crossref registered monographs	Crossref 登録単行書	academic	literature	en	book,crossref	86400	Scholarly monographs newly registered with Crossref.
sci-crossref-peer-reviews	https://api.crossref.org/works?filter=type:peer-review&sort=created&order=desc&rows=100	json:message.items	100	Crossref peer review records	Crossref 査読記録	academic	literature	en	peer-review,crossref	21600	Open peer-review reports registered with their own DOIs.
sci-crossref-preprints	https://api.crossref.org/works?filter=type:posted-content&sort=created&order=desc&rows=100	json:message.items	100	Crossref posted content (preprints)	Crossref 掲載コンテンツ（プレプリント）	academic	preprint	en	preprint,crossref	7200	All newly registered preprints across every Crossref-participating preprint server.
sci-crossref-proceedings	https://api.crossref.org/works?filter=type:proceedings-article&sort=created&order=desc&rows=100	json:message.items	100	Crossref conference papers	Crossref 会議論文	academic	literature	en	proceedings,conference,crossref	21600	Conference proceedings articles as they are deposited.
sci-crossref-reports	https://api.crossref.org/works?filter=type:report&sort=created&order=desc&rows=100	json:message.items	100	Crossref registered reports	Crossref 登録報告書	academic	literature	en	report,crossref	86400	Institutional and technical reports newly registered with Crossref.
sci-crossref-standards	https://api.crossref.org/works?filter=type:standard&sort=created&order=desc&rows=100	json:message.items	100	Crossref registered standards	Crossref 登録規格	academic	policy	en	standards,crossref	86400	Technical standards documents newly registered with DOIs.
sci-crossref-corrections	https://api.crossref.org/works?filter=update-type:correction&sort=updated&order=desc&rows=100	json:message.items	100	Crossref correction notices	Crossref 訂正通知	academic	literature	en	correction,research-integrity,crossref	7200	Published corrections and errata registered against existing DOIs.
sci-crossref-expressions-of-concern	https://api.crossref.org/works?filter=update-type:expression_of_concern&sort=updated&order=desc&rows=100	json:message.items	100	Crossref expressions of concern	Crossref 懸念表明	academic	literature	en	research-integrity,crossref,expression-of-concern	7200	Editorial expressions of concern — usually the first public sign of a misconduct investigation.
sci-crossref-retractions	https://api.crossref.org/works?filter=update-type:retraction&sort=updated&order=desc&rows=100	json:message.items	100	Crossref retraction notices	Crossref 撤回通知	academic	literature	en	retraction,research-integrity,crossref	7200	DOIs whose Crossref record carries a retraction update — the cleanest machine-readable retraction feed.
sci-crossref-withdrawals	https://api.crossref.org/works?filter=update-type:withdrawal&sort=updated&order=desc&rows=100	json:message.items	100	Crossref withdrawal notices	Crossref 取り下げ通知	academic	literature	en	withdrawal,research-integrity,crossref	21600	Works withdrawn by publisher or author after registration.
sci-datacite-clients	https://api.datacite.org/clients?page[size]=100	json:data	100	DataCite repository clients	DataCite リポジトリ登録者	academic	repository	en	datacite,repositories	86400	Registered DataCite repositories and their DOI prefixes.
sci-datacite-datasets	https://api.datacite.org/dois?page[size]=100&resource-type-id=dataset&sort=-created	json:data	100	DataCite datasets	DataCite データセット	academic	repository	en	datacite,dataset	7200	Newly registered dataset DOIs worldwide.
sci-datacite-software	https://api.datacite.org/dois?page[size]=100&resource-type-id=software&sort=-created	json:data	100	DataCite software	DataCite ソフトウェア	academic	repository	en	datacite,software	21600	Newly registered research software DOIs.
sci-datacite-latest	https://api.datacite.org/dois?page[size]=100&sort=-created	json:data	100	DataCite latest DOIs	DataCite 最新DOI	academic	repository	en	datacite,doi,dataset	7200	Every newly minted DataCite DOI across all research outputs and repositories.
sci-datacite-japan	https://api.datacite.org/dois?page[size]=50&query=Japan&sort=-created	json:data	50	DataCite Japan-related DOIs	DataCite 日本関連DOI	academic	repository	ja	datacite,japan,dataset	21600	Newly registered DOIs whose metadata mentions Japan.
sci-datacite-audiovisual	https://api.datacite.org/dois?page[size]=50&resource-type-id=audiovisual&sort=-created	json:data	50	DataCite audiovisual	DataCite 音声・映像資料	academic	repository	en	datacite,audiovisual	21600	DataCite DOI registry slice: audiovisual.
sci-datacite-collection	https://api.datacite.org/dois?page[size]=50&resource-type-id=collection&sort=-created	json:data	50	DataCite collection	DataCite コレクション	academic	repository	en	datacite,collection	21600	DataCite DOI registry slice: collection.
sci-datacite-image	https://api.datacite.org/dois?page[size]=50&resource-type-id=image&sort=-created	json:data	50	DataCite image	DataCite 画像	academic	repository	en	datacite,image	21600	DataCite DOI registry slice: image.
sci-datacite-model	https://api.datacite.org/dois?page[size]=50&resource-type-id=model&sort=-created	json:data	50	DataCite model	DataCite モデル	academic	repository	en	datacite,model	21600	DataCite DOI registry slice: model.
sci-datacite-other	https://api.datacite.org/dois?page[size]=50&resource-type-id=other&sort=-created	json:data	50	DataCite other	DataCite その他資料	academic	repository	en	datacite,other	21600	DataCite DOI registry slice: other.
sci-datacite-service	https://api.datacite.org/dois?page[size]=50&resource-type-id=service&sort=-created	json:data	50	DataCite service	DataCite サービス	academic	repository	en	datacite,service	21600	DataCite DOI registry slice: service.
sci-datacite-text	https://api.datacite.org/dois?page[size]=50&resource-type-id=text&sort=-created	json:data	50	DataCite text	DataCite テキスト資料	academic	repository	en	datacite,text	21600	DataCite DOI registry slice: text.
sci-datacite-workflow	https://api.datacite.org/dois?page[size]=50&resource-type-id=workflow&sort=-created	json:data	50	DataCite workflow	DataCite ワークフロー	academic	repository	en	datacite,workflow	21600	DataCite DOI registry slice: workflow.
sci-datacite-providers	https://api.datacite.org/providers?page[size]=100	json:data	100	DataCite consortium providers	DataCite 提供機関	academic	repository	en	datacite,consortium	86400	National and consortium DataCite members.
sci-openfda-animalandveterinary-event	https://api.fda.gov/animalandveterinary/event.json?limit=100	json:results	100	openFDA veterinary adverse events	openFDA 動物用医薬品有害事象	health	clinical	en	fda,veterinary,adverse-event	86400	Adverse event reports for animal drugs.
sci-openfda-device-510k	https://api.fda.gov/device/510k.json?limit=100	json:results	100	openFDA device 510(k) clearances	openFDA 医療機器510(k)承認	health	clinical	en	fda,device,clearance	21600	Premarket notification clearances — the pipeline of newly cleared devices.
sci-openfda-device-classification	https://api.fda.gov/device/classification.json?limit=100	json:results	100	openFDA device classification	openFDA 医療機器分類	health	clinical	en	fda,device,classification	86400	Device product codes with regulatory class and review panel.
sci-openfda-device-covid19serology	https://api.fda.gov/device/covid19serology.json?limit=100	json:results	100	openFDA COVID-19 serology test performance	openFDA 新型コロナ抗体検査性能	health	clinical	en	fda,covid19,diagnostics	86400	Independently evaluated COVID-19 serology test performance data.
sci-openfda-device-event	https://api.fda.gov/device/event.json?limit=100	json:results	100	openFDA device adverse events	openFDA 医療機器有害事象	health	clinical	en	fda,device,adverse-event	21600	MAUDE medical device adverse event reports.
sci-openfda-device-pma	https://api.fda.gov/device/pma.json?limit=100	json:results	100	openFDA device premarket approvals	openFDA 医療機器PMA承認	health	clinical	en	fda,device,pma	21600	Premarket approval decisions for high-risk devices.
sci-openfda-device-registrationlisting	https://api.fda.gov/device/registrationlisting.json?limit=100	json:results	100	openFDA device establishment registrations	openFDA 医療機器製造施設登録	health	clinical	en	fda,device,establishments	86400	Registered device manufacturing establishments and listed products.
sci-openfda-device-udi	https://api.fda.gov/device/udi.json?limit=100	json:results	100	openFDA unique device identifiers	openFDA 医療機器固有識別子（UDI）	health	clinical	en	fda,device,udi	86400	Global UDI database records for marketed devices.
sci-openfda-drug-drugsfda	https://api.fda.gov/drug/drugsfda.json?limit=100	json:results	100	openFDA Drugs@FDA approvals	openFDA 医薬品承認情報	health	clinical	en	fda,approval,drug	21600	FDA drug application approvals and submission history.
sci-openfda-drug-event	https://api.fda.gov/drug/event.json?limit=100	json:results	100	openFDA drug adverse events	openFDA 医薬品有害事象	health	clinical	en	fda,adverse-event,pharmacovigilance	7200	FAERS adverse event reports with drug, reaction and outcome.
sci-openfda-drug-label	https://api.fda.gov/drug/label.json?limit=100	rss	449	openFDA drug labels	openFDA 医薬品添付文書	health	clinical	en	fda,drug-label,pharmacovigilance	21600	Structured product labelling including boxed warnings and indication changes.
sci-openfda-drug-ndc	https://api.fda.gov/drug/ndc.json?limit=100	json:results	100	openFDA National Drug Code directory	openFDA 全米医薬品コード一覧	health	clinical	en	fda,ndc,drug	86400	Marketed drug products with labeller, dosage form and marketing status.
sci-openfda-food-event	https://api.fda.gov/food/event.json?limit=100	json:results	100	openFDA food adverse events	openFDA 食品有害事象	health	clinical	en	fda,food,adverse-event	21600	Adverse event reports for foods, supplements and cosmetics.
sci-openfda-other-nsde	https://api.fda.gov/other/nsde.json?limit=100	json:results	100	openFDA NSDE drug listing	openFDA NSDE 医薬品収載	health	clinical	en	fda,nsde,drug	86400	National Drug Code SPL Data Elements file.
sci-openfda-other-substance	https://api.fda.gov/other/substance.json?limit=100	json:results	100	openFDA substance registry	openFDA 物質レジストリ	health	materials	en	fda,substance,unii	86400	Global Substance Registration System records with UNII codes.
sci-openfda-other-unii	https://api.fda.gov/other/unii.json?limit=100	json:results	100	openFDA UNII identifiers	openFDA UNII 識別子	health	materials	en	fda,unii,substance	86400	Unique Ingredient Identifier assignments.
sci-openfda-tobacco-problem	https://api.fda.gov/tobacco/problem.json?limit=100	json:results	100	openFDA tobacco problem reports	openFDA たばこ製品問題報告	health	clinical	en	fda,tobacco	86400	Tobacco product problem reports.
sci-figshare-figures	https://api.figshare.com/v2/articles?page_size=100&item_type=1&order=published_date&order_direction=desc	json-array	100	Figshare figures	Figshare 図表	science	repository	en	figshare,figures	86400	Standalone figures published with their own DOIs.
sci-figshare-papers	https://api.figshare.com/v2/articles?page_size=100&item_type=11&order=published_date&order_direction=desc	json-array	100	Figshare papers	Figshare 論文	science	repository	en	figshare,papers	21600	Papers and preprints deposited on Figshare.
sci-figshare-datasets	https://api.figshare.com/v2/articles?page_size=100&item_type=3&order=published_date&order_direction=desc	json-array	100	Figshare datasets	Figshare データセット	science	repository	en	figshare,dataset	21600	Newly published Figshare datasets.
sci-figshare-software	https://api.figshare.com/v2/articles?page_size=100&item_type=9&order=published_date&order_direction=desc	json-array	100	Figshare software	Figshare ソフトウェア	science	repository	en	figshare,software	21600	Research software deposited on Figshare.
sci-figshare-latest	https://api.figshare.com/v2/articles?page_size=100&order=published_date&order_direction=desc	json-array	100	Figshare latest outputs	Figshare 最新公開物	science	repository	en	figshare,dataset,open-data	7200	Most recently published Figshare research outputs across all types.
sci-figshare-collections	https://api.figshare.com/v2/collections?page_size=100	json-array	100	Figshare collections	Figshare コレクション	science	repository	en	figshare,collections	86400	Curated Figshare collections grouping related outputs.
sci-figshare-projects	https://api.figshare.com/v2/projects?page_size=100	json-array	100	Figshare projects	Figshare プロジェクト	science	repository	en	figshare,projects	86400	Figshare research projects and their participants.
sci-gbif-literature	https://api.gbif.org/v1/literature/search?limit=100	json:results	100	GBIF literature citing occurrence data	GBIF データ引用文献	science	literature	en	biodiversity,citation,gbif	86400	Papers that used GBIF-mediated data, linking datasets to published findings.
sci-gbif-networks	https://api.gbif.org/v1/network?limit=100	json:results	23	GBIF data networks	GBIF データネットワーク	science	repository	en	biodiversity,networks,gbif	86400	Thematic networks aggregating GBIF datasets.
sci-gbif-occurrence-japan	https://api.gbif.org/v1/occurrence/search?hasCoordinate=true&limit=200&country=JP	json:results	200	GBIF species occurrences in Japan	GBIF 日本国内の生物出現記録	science	repository	en	biodiversity,gbif,japan,occurrence	21600	Georeferenced species occurrence records inside Japan with date, taxon and dataset provenance.
sci-gbif-publishers	https://api.gbif.org/v1/organization?limit=100	json:results	100	GBIF publishing organizations	GBIF データ公開機関	science	repository	en	biodiversity,institutions,gbif	86400	Institutions publishing biodiversity data, with contact and geocoded address.
sci-gbif-species-recent	https://api.gbif.org/v1/species/search?limit=100&status=ACCEPTED	json:results	100	GBIF accepted species names	GBIF 承認済み種名	science	repository	en	biodiversity,taxonomy,gbif	86400	Accepted taxon names from the GBIF backbone taxonomy.
sci-csa-news	https://api.io.canada.ca/io-server/gc/news/en/v2?dept=spaceagency&sort=publishedDate&orderBy=desc&pick=100&format=atom	atom	100	Canadian Space Agency news	カナダ宇宙庁 ニュース	space	spaceflight	en	csa,canada,spaceflight	21600	Canadian Space Agency announcements and mission participation.
sci-medrxiv-recent	https://api.medrxiv.org/details/medrxiv/2026-01-01/2030-01-01/0/json	json:collection	100	medRxiv new preprints	medRxiv 新着プレプリント	health	preprint	en	preprint,medicine,medrxiv	3600	Newly posted medRxiv clinical and public-health preprints before peer review.
sci-ncbi-genome-mouse	https://api.ncbi.nlm.nih.gov/datasets/v2alpha/genome/taxon/10090/dataset_report?page_size=50	json:reports	50	NCBI genome assemblies — mouse	NCBI ゲノムアセンブリ — マウス	science	genomics	en	ncbi,genome,assembly,mouse	86400	Genome assembly reports for mouse with submitter, level and release date.
sci-ncbi-genome-viruses	https://api.ncbi.nlm.nih.gov/datasets/v2alpha/genome/taxon/10239/dataset_report?page_size=50	json:reports	50	NCBI genome assemblies — viruses	NCBI ゲノムアセンブリ — ウイルス	science	genomics	en	ncbi,genome,assembly,viruses	86400	Genome assembly reports for viruses with submitter, level and release date.
sci-ncbi-genome-influenza-a	https://api.ncbi.nlm.nih.gov/datasets/v2alpha/genome/taxon/11320/dataset_report?page_size=50	json:reports	50	NCBI genome assemblies — influenza a	NCBI ゲノムアセンブリ — A型インフルエンザ	science	genomics	en	ncbi,genome,assembly,influenza-a	86400	Genome assembly reports for influenza a with submitter, level and release date.
sci-ncbi-genome-m-tuberculosis	https://api.ncbi.nlm.nih.gov/datasets/v2alpha/genome/taxon/1773/dataset_report?page_size=50	json:reports	50	NCBI genome assemblies — m tuberculosis	NCBI ゲノムアセンブリ — 結核菌	science	genomics	en	ncbi,genome,assembly,m-tuberculosis	86400	Genome assembly reports for m tuberculosis with submitter, level and release date.
sci-ncbi-genome-bacteria	https://api.ncbi.nlm.nih.gov/datasets/v2alpha/genome/taxon/2/dataset_report?page_size=50	json:reports	50	NCBI genome assemblies — bacteria	NCBI ゲノムアセンブリ — 細菌	science	genomics	en	ncbi,genome,assembly,bacteria	86400	Genome assembly reports for bacteria with submitter, level and release date.
sci-ncbi-genome-sars-cov-2	https://api.ncbi.nlm.nih.gov/datasets/v2alpha/genome/taxon/2697049/dataset_report?page_size=50	json:reports	50	NCBI genome assemblies — sars cov 2	NCBI ゲノムアセンブリ — SARS-CoV-2	science	genomics	en	ncbi,genome,assembly,sars-cov-2	86400	Genome assembly reports for sars cov 2 with submitter, level and release date.
sci-ncbi-genome-arabidopsis	https://api.ncbi.nlm.nih.gov/datasets/v2alpha/genome/taxon/3702/dataset_report?page_size=50	json:reports	50	NCBI genome assemblies — arabidopsis	NCBI ゲノムアセンブリ — シロイヌナズナ	science	genomics	en	ncbi,genome,assembly,arabidopsis	86400	Genome assembly reports for arabidopsis with submitter, level and release date.
sci-ncbi-genome-rice	https://api.ncbi.nlm.nih.gov/datasets/v2alpha/genome/taxon/4530/dataset_report?page_size=50	json:reports	50	NCBI genome assemblies — rice	NCBI ゲノムアセンブリ — イネ	science	genomics	en	ncbi,genome,assembly,rice	86400	Genome assembly reports for rice with submitter, level and release date.
sci-ncbi-genome-fungi	https://api.ncbi.nlm.nih.gov/datasets/v2alpha/genome/taxon/4751/dataset_report?page_size=50	json:reports	50	NCBI genome assemblies — fungi	NCBI ゲノムアセンブリ — 真菌	science	genomics	en	ncbi,genome,assembly,fungi	86400	Genome assembly reports for fungi with submitter, level and release date.
sci-ncbi-genome-e-coli	https://api.ncbi.nlm.nih.gov/datasets/v2alpha/genome/taxon/562/dataset_report?page_size=50	json:reports	50	NCBI genome assemblies — e coli	NCBI ゲノムアセンブリ — 大腸菌	science	genomics	en	ncbi,genome,assembly,e-coli	86400	Genome assembly reports for e coli with submitter, level and release date.
sci-ncbi-genome-p-falciparum	https://api.ncbi.nlm.nih.gov/datasets/v2alpha/genome/taxon/5833/dataset_report?page_size=50	json:reports	50	NCBI genome assemblies — p falciparum	NCBI ゲノムアセンブリ — 熱帯熱マラリア原虫	science	genomics	en	ncbi,genome,assembly,p-falciparum	86400	Genome assembly reports for p falciparum with submitter, level and release date.
sci-ncbi-genome-drosophila	https://api.ncbi.nlm.nih.gov/datasets/v2alpha/genome/taxon/7227/dataset_report?page_size=50	json:reports	50	NCBI genome assemblies — drosophila	NCBI ゲノムアセンブリ — ショウジョウバエ	science	genomics	en	ncbi,genome,assembly,drosophila	86400	Genome assembly reports for drosophila with submitter, level and release date.
sci-ncbi-genome-chicken	https://api.ncbi.nlm.nih.gov/datasets/v2alpha/genome/taxon/9031/dataset_report?page_size=50	json:reports	50	NCBI genome assemblies — chicken	NCBI ゲノムアセンブリ — ニワトリ	science	genomics	en	ncbi,genome,assembly,chicken	86400	Genome assembly reports for chicken with submitter, level and release date.
sci-ncbi-genome-human	https://api.ncbi.nlm.nih.gov/datasets/v2alpha/genome/taxon/9606/dataset_report?page_size=50	json:reports	50	NCBI genome assemblies — human	NCBI ゲノムアセンブリ — ヒト	science	genomics	en	ncbi,genome,assembly,human	86400	Genome assembly reports for human with submitter, level and release date.
sci-ncbi-genome-cattle	https://api.ncbi.nlm.nih.gov/datasets/v2alpha/genome/taxon/9913/dataset_report?page_size=50	json:reports	50	NCBI genome assemblies — cattle	NCBI ゲノムアセンブリ — ウシ	science	genomics	en	ncbi,genome,assembly,cattle	86400	Genome assembly reports for cattle with submitter, level and release date.
sci-nsf-awards-recent	https://api.nsf.gov/services/v1/awards.json?rpp=25	json:response.award	25	NSF recent awards	米国立科学財団（NSF）最新助成	academic	funding	en	nsf,funding,awards,usa	86400	Newly announced NSF research awards with institution and obligated amount.
sci-nsf-awards-active	https://api.nsf.gov/services/v1/awards.json?dateStart=01/01/2026&rpp=25&offset=1	json:response.award	25	NSF award listing	NSF 助成一覧	academic	funding	en	nsf,funding,awards	86400	Paginated NSF award records.
sci-nsf-awards-jp-collab	https://api.nsf.gov/services/v1/awards.json?keyword=Japan&printFields=id,title,date,awardeeName	json:response.award	25	NSF awards mentioning Japan	NSF助成（日本関連）	academic	funding	en	nsf,japan,collaboration	86400	US NSF awards whose abstracts reference Japan — a bilateral collaboration signal.
sci-nsf-awards-artificial-intelligence	https://api.nsf.gov/services/v1/awards.json?keyword=artificial+intelligence&printFields=id,title,date,awardeeName,fundsObligatedAmt	json:response.award	25	NSF artificial intelligence awards	NSF 人工知能助成	academic	funding	en	nsf,ai,funding	86400	NSF awards in artificial intelligence.
sci-nsf-awards-space	https://api.nsf.gov/services/v1/awards.json?keyword=astronomy&printFields=id,title,date,awardeeName	json:response.award	25	NSF astronomy awards	NSF 天文学助成	academic	funding	en	nsf,astronomy,funding	86400	NSF awards in astronomy and astrophysics.
sci-nsf-awards-biosecurity	https://api.nsf.gov/services/v1/awards.json?keyword=biosecurity&printFields=id,title,date,awardeeName,fundsObligatedAmt	json:response.award	25	NSF biosecurity awards	NSF バイオセキュリティ助成	academic	funding	en	nsf,biosecurity,funding	86400	NSF awards touching biosecurity and biosafety.
sci-nsf-awards-climate	https://api.nsf.gov/services/v1/awards.json?keyword=climate&printFields=id,title,date,awardeeName,fundsObligatedAmt	json:response.award	25	NSF climate awards	NSF 気候研究助成	academic	funding	en	nsf,climate,funding	86400	NSF awards in climate science.
sci-nsf-awards-fusion	https://api.nsf.gov/services/v1/awards.json?keyword=fusion&printFields=id,title,date,awardeeName,fundsObligatedAmt	json:response.award	25	NSF fusion awards	NSF 核融合研究助成	academic	funding	en	nsf,fusion,funding	86400	NSF awards in fusion and plasma science.
sci-nsf-awards-genomics	https://api.nsf.gov/services/v1/awards.json?keyword=genomics&printFields=id,title,date,awardeeName	json:response.award	25	NSF genomics awards	NSF ゲノミクス助成	academic	funding	en	nsf,genomics,funding	86400	NSF awards in genomics.
sci-nsf-awards-materials	https://api.nsf.gov/services/v1/awards.json?keyword=materials&printFields=id,title,date,awardeeName	json:response.award	25	NSF materials awards	NSF 材料科学助成	academic	funding	en	nsf,materials,funding	86400	NSF awards in materials research.
sci-nsf-awards-quantum	https://api.nsf.gov/services/v1/awards.json?keyword=quantum&printFields=id,title,date,awardeeName,fundsObligatedAmt	json:response.award	25	NSF quantum awards	NSF 量子研究助成	academic	funding	en	nsf,quantum,funding	86400	NSF awards in quantum information science.
sci-nsf-awards-semiconductor	https://api.nsf.gov/services/v1/awards.json?keyword=semiconductor&printFields=id,title,date,awardeeName,fundsObligatedAmt	json:response.award	25	NSF semiconductor awards	NSF 半導体研究助成	academic	funding	en	nsf,semiconductor,funding	86400	NSF awards in semiconductor research.
sci-obis-checklist	https://api.obis.org/v3/checklist?size=100	json:results	100	OBIS marine species checklist	OBIS 海洋生物チェックリスト	science	repository	en	biodiversity,marine,obis	86400	Marine taxa recorded in the Ocean Biodiversity Information System.
sci-obis-nodes	https://api.obis.org/v3/node	json:results	39	OBIS regional nodes	OBIS 地域ノード一覧	science	repository	en	biodiversity,marine,obis	86400	Regional and thematic OBIS nodes contributing marine occurrence data.
sci-openaire-data-sources	https://api.openaire.eu/graph/v1/dataSources?pageSize=50	json:results	50	OpenAIRE data source registry	OpenAIRE データソース登録簿	academic	repository	en	openaire,repositories	86400	Registered repositories and aggregators feeding the OpenAIRE graph.
sci-openaire-organizations	https://api.openaire.eu/graph/v1/organizations?pageSize=50	json:results	50	OpenAIRE organization graph	OpenAIRE 機関グラフ	academic	policy	en	openaire,institutions,graph	86400	Research organisations in the OpenAIRE scholarly knowledge graph.
sci-openalex-authors-top	https://api.openalex.org/authors?per_page=100&sort=cited_by_count:desc	json:results	100	OpenAlex most-cited authors	OpenAlex 被引用上位著者	academic	policy	en	openalex,authors	86400	Most-cited researchers with institutional affiliation history.
sci-openalex-concepts	https://api.openalex.org/concepts?per_page=100	json:results	100	OpenAlex concept taxonomy	OpenAlex 概念分類	academic	policy	en	openalex,concepts	86400	Legacy OpenAlex concept hierarchy with per-concept output.
sci-openalex-funders	https://api.openalex.org/funders?per_page=100&sort=works_count:desc	json:results	100	OpenAlex funders	OpenAlex 助成機関	academic	funding	en	openalex,funders	86400	Research funders ranked by works funded.
sci-openalex-institutions-africa	https://api.openalex.org/institutions?per_page=100&filter=continent:africa	json:results	100	OpenAlex African institutions	OpenAlex アフリカの研究機関	academic	policy	en	openalex,africa,institutions	86400	Research institutions across Africa — an under-covered region in bibliometric monitoring.
sci-openalex-institutions-brazil	https://api.openalex.org/institutions?per_page=100&filter=country_code:br	json:results	100	OpenAlex Brazilian institutions	OpenAlex ブラジルの研究機関	academic	policy	en	openalex,brazil,institutions	86400	Brazilian research institutions and their output.
sci-openalex-institutions-india	https://api.openalex.org/institutions?per_page=100&filter=country_code:in	json:results	100	OpenAlex Indian institutions	OpenAlex インドの研究機関	academic	policy	en	openalex,india,institutions	86400	Indian research institutions and their output.
sci-openalex-institutions-japan	https://api.openalex.org/institutions?per_page=100&filter=country_code:jp	json:results	100	OpenAlex Japanese institutions	OpenAlex 日本の研究機関	academic	policy	ja	openalex,japan,institutions	86400	Japanese research institutions with output and citation profiles.
sci-openalex-institutions-korea	https://api.openalex.org/institutions?per_page=100&filter=country_code:kr	json:results	100	OpenAlex Korean institutions	OpenAlex 韓国の研究機関	academic	policy	en	openalex,korea,institutions	86400	South Korean research institutions and their output.
sci-openalex-institutions-top	https://api.openalex.org/institutions?per_page=100&sort=cited_by_count:desc	json:results	100	OpenAlex most-cited institutions	OpenAlex 被引用上位機関	academic	policy	en	openalex,institutions,rankings	86400	Global research institutions ranked by citation impact.
sci-openalex-keywords	https://api.openalex.org/keywords?per_page=100	json:results	100	OpenAlex keywords	OpenAlex キーワード	academic	policy	en	openalex,keywords	86400	Emerging research keywords extracted across the OpenAlex corpus.
sci-openalex-publishers	https://api.openalex.org/publishers?per_page=100&sort=works_count:desc	json:results	100	OpenAlex publishers	OpenAlex 出版社	academic	policy	en	openalex,publishers	86400	Scholarly publishers ranked by works published.
sci-openalex-sources-japan	https://api.openalex.org/sources?filter=country_code:jp&per_page=100	json:results	100	OpenAlex Japanese journals	OpenAlex 日本の学術誌	academic	policy	ja	openalex,japan,journals	86400	Journals published from Japan with output and citation metrics.
sci-openalex-sources-oa	https://api.openalex.org/sources?per_page=100&filter=is_oa:true	json:results	100	OpenAlex open-access sources	OpenAlex オープンアクセス誌	academic	policy	en	openalex,open-access,journals	86400	Fully open-access journals and repositories indexed by OpenAlex.
sci-openalex-topics	https://api.openalex.org/topics?per_page=100	json:results	100	OpenAlex topic taxonomy	OpenAlex トピック分類	academic	policy	en	openalex,topics,taxonomy	86400	Hierarchical research topic taxonomy with work counts.
sci-openalex-works-china	https://api.openalex.org/works?filter=institutions.country_code:cn&per_page=100&sort=publication_date:desc	json:results	100	OpenAlex works from Chinese institutions	OpenAlex 中国の機関による著作物	academic	literature	en	openalex,china,bibliometrics	7200	Latest research output affiliated with Chinese institutions.
sci-openalex-works-india	https://api.openalex.org/works?filter=institutions.country_code:in&per_page=100&sort=publication_date:desc	json:results	100	OpenAlex works from Indian institutions	OpenAlex インドの機関による著作物	academic	literature	en	openalex,india,bibliometrics	7200	Latest research output affiliated with Indian institutions.
sci-openalex-works-japan	https://api.openalex.org/works?filter=institutions.country_code:jp&per_page=100&sort=publication_date:desc	json:results	100	OpenAlex works from Japanese institutions	OpenAlex 日本の機関による著作物	academic	literature	ja	openalex,japan,bibliometrics	7200	Latest research output affiliated with Japanese institutions.
sci-openalex-works-japan-topics	https://api.openalex.org/works?filter=institutions.country_code:jp,type:preprint&per_page=100&sort=publication_date:desc	json:results	100	OpenAlex Japanese preprints	OpenAlex 日本発プレプリント	academic	preprint	ja	openalex,japan,preprint	21600	Preprints from Japanese institutions before journal publication.
sci-openalex-works-open-access	https://api.openalex.org/works?filter=is_oa:true&per_page=100&sort=publication_date:desc	json:results	100	OpenAlex open-access works	OpenAlex オープンアクセス著作物	academic	literature	en	openalex,open-access	7200	Newly indexed open-access research outputs.
sci-openalex-works-retracted	https://api.openalex.org/works?filter=is_retracted:true&per_page=100&sort=publication_date:desc	json:results	100	OpenAlex retracted works	OpenAlex 撤回済み著作物	academic	literature	en	openalex,retraction,research-integrity	21600	Works flagged as retracted in OpenAlex, with citation counts still accruing.
sci-openalex-works-datasets	https://api.openalex.org/works?filter=type:dataset&per_page=100&sort=publication_date:desc	json:results	100	OpenAlex datasets	OpenAlex データセット	academic	repository	en	openalex,dataset	21600	Dataset-type research outputs indexed by OpenAlex.
sci-openalex-works-preprints	https://api.openalex.org/works?filter=type:preprint&per_page=100&sort=publication_date:desc	json:results	100	OpenAlex preprints	OpenAlex プレプリント	academic	preprint	en	openalex,preprint	7200	Preprints newly indexed across every server OpenAlex covers.
sci-openalex-works-recent	https://api.openalex.org/works?per_page=100&sort=publication_date:desc	json:results	100	OpenAlex recent works	OpenAlex 最新著作物	academic	literature	en	openalex,bibliometrics	3600	Every scholarly work newly indexed by OpenAlex, with open-access status and topics.
sci-osf-nodes	https://api.osf.io/v2/nodes/?page[size]=50	json:data	50	OSF public projects	OSF 公開プロジェクト	science	repository	en	osf,projects,open-science	21600	Newly public OSF research projects and their contributors.
sci-osf-preprints-africarxiv	https://api.osf.io/v2/providers/preprints/africarxiv/preprints/?page[size]=50	json:data	50	AfricArXiv preprints	アフリカ研究プレプリント（AfricArXiv）	academic	preprint	en	preprint,osf,africarxiv	21600	New preprints posted to the AfricArXiv server on OSF.
sci-osf-preprints-agrixiv	https://api.osf.io/v2/providers/preprints/agrixiv/preprints/?page[size]=50	json:data	50	AgriXiv preprints	農学プレプリント（AgriXiv）	academic	preprint	en	preprint,osf,agrixiv	21600	New preprints posted to the AgriXiv server on OSF.
sci-osf-preprints-arabixiv	https://api.osf.io/v2/providers/preprints/arabixiv/preprints/?page[size]=50	json:data	50	Arabixiv preprints	アラビア語圏プレプリント（Arabixiv）	academic	preprint	en	preprint,osf,arabixiv	21600	New preprints posted to the Arabixiv server on OSF.
sci-osf-preprints-biohackrxiv	https://api.osf.io/v2/providers/preprints/biohackrxiv/preprints/?page[size]=50	json:data	50	BioHackrXiv preprints	バイオハッカソン成果プレプリント（BioHackrXiv）	academic	preprint	en	preprint,osf,biohackrxiv	21600	New preprints posted to the BioHackrXiv server on OSF.
sci-osf-preprints-bodoarxiv	https://api.osf.io/v2/providers/preprints/bodoarxiv/preprints/?page[size]=50	json:data	50	BodoArXiv preprints	中世研究プレプリント（BodoArXiv）	academic	preprint	en	preprint,osf,bodoarxiv	21600	New preprints posted to the BodoArXiv server on OSF.
sci-osf-preprints-eartharxiv	https://api.osf.io/v2/providers/preprints/eartharxiv/preprints/?page[size]=50	json:data	50	EarthArXiv preprints	地球科学プレプリント（EarthArXiv）	academic	preprint	en	preprint,osf,eartharxiv	21600	New preprints posted to the EarthArXiv server on OSF.
sci-osf-preprints-ecoevorxiv	https://api.osf.io/v2/providers/preprints/ecoevorxiv/preprints/?page[size]=50	json:data	50	EcoEvoRxiv preprints	生態学・進化学プレプリント（EcoEvoRxiv）	academic	preprint	en	preprint,osf,ecoevorxiv	21600	New preprints posted to the EcoEvoRxiv server on OSF.
sci-osf-preprints-ecsarxiv	https://api.osf.io/v2/providers/preprints/ecsarxiv/preprints/?page[size]=50	json:data	50	ECSarXiv preprints	電気化学プレプリント（ECSarXiv）	academic	preprint	en	preprint,osf,ecsarxiv	21600	New preprints posted to the ECSarXiv server on OSF.
sci-osf-preprints-edarxiv	https://api.osf.io/v2/providers/preprints/edarxiv/preprints/?page[size]=50	json:data	50	EdArXiv preprints	教育学プレプリント（EdArXiv）	academic	preprint	en	preprint,osf,edarxiv	21600	New preprints posted to the EdArXiv server on OSF.
sci-osf-preprints-engrxiv	https://api.osf.io/v2/providers/preprints/engrxiv/preprints/?page[size]=50	json:data	50	engrXiv preprints	工学プレプリント（engrXiv）	academic	preprint	en	preprint,osf,engrxiv	21600	New preprints posted to the engrXiv server on OSF.
sci-osf-preprints-frenxiv	https://api.osf.io/v2/providers/preprints/frenxiv/preprints/?page[size]=50	json:data	50	Frenxiv preprints	フランス語圏プレプリント（Frenxiv）	academic	preprint	en	preprint,osf,frenxiv	21600	New preprints posted to the Frenxiv server on OSF.
sci-osf-preprints-indiarxiv	https://api.osf.io/v2/providers/preprints/indiarxiv/preprints/?page[size]=50	json:data	50	IndiaRxiv preprints	インド研究プレプリント（IndiaRxiv）	academic	preprint	en	preprint,osf,indiarxiv	21600	New preprints posted to the IndiaRxiv server on OSF.
sci-osf-preprints-lawarxiv	https://api.osf.io/v2/providers/preprints/lawarxiv/preprints/?page[size]=50	json:data	50	LawArXiv preprints	法学プレプリント（LawArXiv）	academic	preprint	en	preprint,osf,lawarxiv	21600	New preprints posted to the LawArXiv server on OSF.
sci-osf-preprints-lissa	https://api.osf.io/v2/providers/preprints/lissa/preprints/?page[size]=50	json:data	50	LIS Scholarship Archive preprints	図書館情報学プレプリント（LISSA）	academic	preprint	en	preprint,osf,lissa	21600	New preprints posted to the LIS Scholarship Archive server on OSF.
sci-osf-preprints-marxiv	https://api.osf.io/v2/providers/preprints/marxiv/preprints/?page[size]=50	json:data	50	MarXiv preprints	海洋・気候科学プレプリント（MarXiv）	academic	preprint	en	preprint,osf,marxiv	21600	New preprints posted to the MarXiv server on OSF.
sci-osf-preprints-mediarxiv	https://api.osf.io/v2/providers/preprints/mediarxiv/preprints/?page[size]=50	json:data	50	MediArXiv preprints	メディア研究プレプリント（MediArXiv）	academic	preprint	en	preprint,osf,mediarxiv	21600	New preprints posted to the MediArXiv server on OSF.
sci-osf-preprints-metaarxiv	https://api.osf.io/v2/providers/preprints/metaarxiv/preprints/?page[size]=50	json:data	50	MetaArXiv preprints	メタ科学プレプリント（MetaArXiv）	academic	preprint	en	preprint,osf,metaarxiv	21600	New preprints posted to the MetaArXiv server on OSF.
sci-osf-preprints-mindrxiv	https://api.osf.io/v2/providers/preprints/mindrxiv/preprints/?page[size]=50	json:data	50	MindRxiv preprints	瞑想・心の科学プレプリント（MindRxiv）	academic	preprint	en	preprint,osf,mindrxiv	21600	New preprints posted to the MindRxiv server on OSF.
sci-osf-preprints-nutrixiv	https://api.osf.io/v2/providers/preprints/nutrixiv/preprints/?page[size]=50	json:data	50	NutriXiv preprints	栄養学プレプリント（NutriXiv）	academic	preprint	en	preprint,osf,nutrixiv	21600	New preprints posted to the NutriXiv server on OSF.
sci-osf-preprints-paleorxiv	https://api.osf.io/v2/providers/preprints/paleorxiv/preprints/?page[size]=50	json:data	50	PaleorXiv preprints	古生物学プレプリント（PaleorXiv）	academic	preprint	en	preprint,osf,paleorxiv	21600	New preprints posted to the PaleorXiv server on OSF.
sci-osf-preprints-psyarxiv	https://api.osf.io/v2/providers/preprints/psyarxiv/preprints/?page[size]=50	json:data	50	PsyArXiv preprints	心理学プレプリント（PsyArXiv）	academic	preprint	en	preprint,osf,psyarxiv	21600	New preprints posted to the PsyArXiv server on OSF.
sci-osf-preprints-socarxiv	https://api.osf.io/v2/providers/preprints/socarxiv/preprints/?page[size]=50	json:data	50	SocArXiv preprints	社会科学プレプリント（SocArXiv）	academic	preprint	en	preprint,osf,socarxiv	21600	New preprints posted to the SocArXiv server on OSF.
sci-osf-preprints-sportrxiv	https://api.osf.io/v2/providers/preprints/sportrxiv/preprints/?page[size]=50	json:data	50	SportRxiv preprints	スポーツ科学プレプリント（SportRxiv）	academic	preprint	en	preprint,osf,sportrxiv	21600	New preprints posted to the SportRxiv server on OSF.
sci-osf-preprints-thesiscommons	https://api.osf.io/v2/providers/preprints/thesiscommons/preprints/?page[size]=50	json:data	50	Thesis Commons preprints	学位論文アーカイブ（Thesis Commons）	academic	preprint	en	preprint,osf,thesiscommons	21600	New preprints posted to the Thesis Commons server on OSF.
sci-osf-registrations	https://api.osf.io/v2/registrations/?page[size]=25	json:data	25	OSF study registrations	OSF 研究事前登録	science	preprint	en	preregistration,osf,research-integrity	21600	Pre-registered study protocols — an early signal of research direction before results exist.
sci-ror-organizations-japan	https://api.ror.org/organizations?filter=country.country_code:JP&page=1	json:items	20	ROR Japanese research organizations	ROR 日本の研究機関	academic	policy	ja	ror,japan,institutions	86400	Japanese universities, institutes and research bodies with ROR IDs and coordinates.
sci-ror-organizations	https://api.ror.org/organizations?page=1	json:items	20	ROR research organization registry	ROR 研究機関レジストリ	academic	policy	en	ror,institutions,registry	86400	Global registry of research organisations with identifiers and geocoded addresses.
sci-ror-v2-organizations	https://api.ror.org/v2/organizations?page=1	json:items	20	ROR registry (schema v2)	ROR レジストリ（スキーマv2）	academic	policy	en	ror,institutions,registry	86400	ROR v2 schema records with relationships between parent and child institutions.
sci-copernicus-ars	https://ars.copernicus.org/xml/rss2_0.xml	rss	20	Advances in Radio Science	電波科学の進歩	science	physics	en	copernicus,egu,open-access,ars	21600	Recent papers from Advances in Radio Science, a Copernicus open-access journal.
sci-arstechnica-science	https://arstechnica.com/science/feed/	rss	20	Ars Technica Science	Ars Technica サイエンス	academic	literature	en	science-journalism	7200	Ars Technica science desk coverage.
sci-copernicus-ascmo	https://ascmo.copernicus.org/xml/rss2_0.xml	rss	20	Advances in Statistical Climatology, Meteorology and Oceanography	統計気候・気象・海洋学の進歩	science	literature	en	copernicus,egu,open-access,ascmo	21600	Recent papers from Advances in Statistical Climatology, Meteorology and Oceanography, a Copernicus open-access journal.
sci-copernicus-asr	https://asr.copernicus.org/xml/rss2_0.xml	rss	20	Advances in Science and Research	科学研究の進歩	science	literature	en	copernicus,egu,open-access,asr	21600	Recent papers from Advances in Science and Research, a Copernicus open-access journal.
sci-copernicus-bg	https://bg.copernicus.org/xml/rss2_0.xml	rss	20	Biogeosciences	生物地球科学	science	literature	en	copernicus,egu,open-access,bg	21600	Recent papers from Biogeosciences, a Copernicus open-access journal.
sci-biotools-registry	https://bio.tools/api/tool/?format=json&page=1	json:list	50	bio.tools software registry	bio.tools ソフトウェア登録簿	science	repository	en	bioinformatics,software,registry	86400	Registry of bioinformatics tools, services and their interfaces.
sci-nasablog-kennedy	https://blogs.nasa.gov/kennedy/feed/	rss	4	NASA Kennedy Space Center blog	NASA ケネディ宇宙センター ブログ	space	spaceflight	en	nasa,ksc,launch	3600	Kennedy Space Center launch and processing operations.
sci-nasablog-spacestation	https://blogs.nasa.gov/spacestation/feed/	rss	10	NASA Space Station blog	NASA 国際宇宙ステーション ブログ	space	spaceflight	en	iss,nasa,operations	3600	ISS daily operations, spacewalks, visiting vehicles and crew activity.
sci-dataverse-borealis-canada	https://borealisdata.ca/api/search?q=*&per_page=50&type=dataset&sort=date	json:data.items	50	Dataverse — Borealis Canada	Dataverse データリポジトリ（Borealis Canada）	science	repository	en	dataverse,dataset,open-data,borealis-canada	86400	Newly published datasets in the Borealis Canada Dataverse installation.
sci-celestrak-cubesat	https://celestrak.org/NORAD/elements/gp.php?GROUP=cubesat&FORMAT=json	json-array	86	CelesTrak CubeSat elements	CelesTrak キューブサット軌道要素	space	spaceflight	en	satellite,cubesat,tle	21600	Orbital elements for the CubeSat population.
sci-celestrak-education	https://celestrak.org/NORAD/elements/gp.php?GROUP=education&FORMAT=json	json-array	6	CelesTrak education satellites	CelesTrak 教育衛星	space	spaceflight	en	satellite,education,tle	86400	Orbital elements for university and education satellites.
sci-celestrak-geodetic	https://celestrak.org/NORAD/elements/gp.php?GROUP=geodetic&FORMAT=json	json-array	10	CelesTrak geodetic satellites	CelesTrak 測地衛星	space	spaceflight	en	satellite,geodesy,tle	86400	Orbital elements for geodetic and laser-ranging satellites.
sci-celestrak-last30	https://celestrak.org/NORAD/elements/gp.php?GROUP=last-30-days&FORMAT=json	json-array	270	CelesTrak objects launched in last 30 days	CelesTrak 直近30日の打上げ物体	space	spaceflight	en	satellite,launch,tle	21600	Newly catalogued space objects — the fastest public view of recent launches and deployments.
sci-cern-courier	https://cerncourier.com/feed/	rss	160	CERN Courier	CERNクーリエ（高エネルギー物理）	science	physics	en	cern,particle-physics	21600	International high-energy physics community magazine.
sci-ctgov-stats-field-values	https://clinicaltrials.gov/api/v2/stats/field/values	json-array	418	ClinicalTrials.gov field value statistics	ClinicalTrials.gov フィールド値統計	health	clinical	en	clinicaltrials,statistics	86400	Value distributions per registry field, useful for detecting registry-wide shifts.
sci-ctgov-stats-size	https://clinicaltrials.gov/api/v2/stats/size	json:ranges	140	ClinicalTrials.gov study size statistics	ClinicalTrials.gov 研究規模統計	health	clinical	en	clinicaltrials,statistics	86400	Distribution statistics over the registry's study records.
sci-ctgov-industry-sponsored	https://clinicaltrials.gov/api/v2/studies?pageSize=100&filter.advanced=AREA%5BLeadSponsorClass%5DINDUSTRY&sort=LastUpdatePostDate:desc	json:studies	100	ClinicalTrials.gov — industry sponsored	臨床試験登録（ClinicalTrials.gov）— 企業治験	health	clinical	en	clinicaltrials,registry,industry-sponsored	21600	ClinicalTrials.gov registry slice: industry sponsored.
sci-ctgov-recruiting	https://clinicaltrials.gov/api/v2/studies?pageSize=100&filter.overallStatus=RECRUITING&sort=StudyFirstPostDate:desc	json:studies	100	ClinicalTrials.gov — recruiting	臨床試験登録（ClinicalTrials.gov）— 被験者募集中	health	clinical	en	clinicaltrials,registry,recruiting	21600	ClinicalTrials.gov registry slice: recruiting.
sci-ctgov-suspended	https://clinicaltrials.gov/api/v2/studies?pageSize=100&filter.overallStatus=SUSPENDED&sort=LastUpdatePostDate:desc	json:studies	100	ClinicalTrials.gov — suspended	臨床試験登録（ClinicalTrials.gov）— 一時停止	health	clinical	en	clinicaltrials,registry,suspended	7200	Trials suspended — early warning of safety holds and programme failures.
sci-ctgov-terminated	https://clinicaltrials.gov/api/v2/studies?pageSize=100&filter.overallStatus=TERMINATED&sort=LastUpdatePostDate:desc	json:studies	100	ClinicalTrials.gov — terminated	臨床試験登録（ClinicalTrials.gov）— 中止	health	clinical	en	clinicaltrials,registry,terminated	7200	Trials terminated — early warning of safety holds and programme failures.
sci-ctgov-withdrawn	https://clinicaltrials.gov/api/v2/studies?pageSize=100&filter.overallStatus=WITHDRAWN&sort=LastUpdatePostDate:desc	json:studies	100	ClinicalTrials.gov — withdrawn	臨床試験登録（ClinicalTrials.gov）— 取下げ	health	clinical	en	clinicaltrials,registry,withdrawn	7200	Trials withdrawn — early warning of safety holds and programme failures.
sci-ctgov-oncology	https://clinicaltrials.gov/api/v2/studies?pageSize=100&query.cond=cancer&sort=LastUpdatePostDate:desc	json:studies	100	ClinicalTrials.gov — oncology	臨床試験登録（ClinicalTrials.gov）— がん	health	clinical	en	clinicaltrials,registry,oncology	21600	ClinicalTrials.gov registry slice: oncology.
sci-ctgov-infectious-disease	https://clinicaltrials.gov/api/v2/studies?pageSize=100&query.cond=infectious%20disease&sort=LastUpdatePostDate:desc	json:studies	100	ClinicalTrials.gov — infectious disease	臨床試験登録（ClinicalTrials.gov）— 感染症	health	clinical	en	clinicaltrials,registry,infectious-disease	21600	ClinicalTrials.gov registry slice: infectious disease.
sci-ctgov-rare-disease	https://clinicaltrials.gov/api/v2/studies?pageSize=100&query.cond=rare%20disease&sort=LastUpdatePostDate:desc	json:studies	100	ClinicalTrials.gov — rare disease	臨床試験登録（ClinicalTrials.gov）— 希少疾患	health	clinical	en	clinicaltrials,registry,rare-disease	21600	ClinicalTrials.gov registry slice: rare disease.
sci-ctgov-vaccines	https://clinicaltrials.gov/api/v2/studies?pageSize=100&query.cond=vaccine&sort=LastUpdatePostDate:desc	json:studies	100	ClinicalTrials.gov — vaccines	臨床試験登録（ClinicalTrials.gov）— ワクチン	health	clinical	en	clinicaltrials,registry,vaccines	21600	ClinicalTrials.gov registry slice: vaccines.
sci-ctgov-china	https://clinicaltrials.gov/api/v2/studies?pageSize=100&query.locn=China&sort=LastUpdatePostDate:desc	json:studies	100	ClinicalTrials.gov — china	臨床試験登録（ClinicalTrials.gov）— 中国	health	clinical	en	clinicaltrials,registry,china	21600	ClinicalTrials.gov registry slice: china.
sci-ctgov-eu	https://clinicaltrials.gov/api/v2/studies?pageSize=100&query.locn=Germany&sort=LastUpdatePostDate:desc	json:studies	100	ClinicalTrials.gov — eu	臨床試験登録（ClinicalTrials.gov）— ドイツ	health	clinical	en	clinicaltrials,registry,eu	21600	ClinicalTrials.gov registry slice: eu.
sci-ctgov-india	https://clinicaltrials.gov/api/v2/studies?pageSize=100&query.locn=India&sort=LastUpdatePostDate:desc	json:studies	100	ClinicalTrials.gov — india	臨床試験登録（ClinicalTrials.gov）— インド	health	clinical	en	clinicaltrials,registry,india	21600	ClinicalTrials.gov registry slice: india.
sci-ctgov-japan	https://clinicaltrials.gov/api/v2/studies?pageSize=100&query.locn=Japan&sort=LastUpdatePostDate:desc	json:studies	100	ClinicalTrials.gov — japan	臨床試験登録（ClinicalTrials.gov）— 日本	health	clinical	en	clinicaltrials,registry,japan	21600	ClinicalTrials.gov registry slice: japan.
sci-ctgov-korea	https://clinicaltrials.gov/api/v2/studies?pageSize=100&query.locn=Korea&sort=LastUpdatePostDate:desc	json:studies	100	ClinicalTrials.gov — korea	臨床試験登録（ClinicalTrials.gov）— 韓国	health	clinical	en	clinicaltrials,registry,korea	21600	ClinicalTrials.gov registry slice: korea.
sci-ctgov-phase1	https://clinicaltrials.gov/api/v2/studies?pageSize=100&query.term=AREA%5BPhase%5DPHASE1&sort=LastUpdatePostDate:desc	json:studies	100	ClinicalTrials.gov — phase1	臨床試験登録（ClinicalTrials.gov）— 第I相	health	clinical	en	clinicaltrials,registry,phase1	21600	ClinicalTrials.gov registry slice: phase1.
sci-ctgov-phase3	https://clinicaltrials.gov/api/v2/studies?pageSize=100&query.term=AREA%5BPhase%5DPHASE3&sort=LastUpdatePostDate:desc	json:studies	100	ClinicalTrials.gov — phase3	臨床試験登録（ClinicalTrials.gov）— 第III相	health	clinical	en	clinicaltrials,registry,phase3	21600	ClinicalTrials.gov registry slice: phase3.
sci-ctgov-crispr	https://clinicaltrials.gov/api/v2/studies?pageSize=100&query.term=CRISPR&sort=LastUpdatePostDate:desc	json:studies	100	ClinicalTrials.gov — crispr	臨床試験登録（ClinicalTrials.gov）— CRISPR	health	clinical	en	clinicaltrials,registry,crispr	21600	ClinicalTrials.gov registry slice: crispr.
sci-ctgov-antibiotic	https://clinicaltrials.gov/api/v2/studies?pageSize=100&query.term=antibiotic&sort=LastUpdatePostDate:desc	json:studies	100	ClinicalTrials.gov — antibiotic	臨床試験登録（ClinicalTrials.gov）— 抗菌薬	health	clinical	en	clinicaltrials,registry,antibiotic	21600	ClinicalTrials.gov registry slice: antibiotic.
sci-ctgov-cell-therapy	https://clinicaltrials.gov/api/v2/studies?pageSize=100&query.term=cell%20therapy&sort=LastUpdatePostDate:desc	json:studies	100	ClinicalTrials.gov — cell therapy	臨床試験登録（ClinicalTrials.gov）— 細胞治療	health	clinical	en	clinicaltrials,registry,cell-therapy	21600	ClinicalTrials.gov registry slice: cell therapy.
sci-ctgov-gene-therapy	https://clinicaltrials.gov/api/v2/studies?pageSize=100&query.term=gene%20therapy&sort=LastUpdatePostDate:desc	json:studies	100	ClinicalTrials.gov — gene therapy	臨床試験登録（ClinicalTrials.gov）— 遺伝子治療	health	clinical	en	clinicaltrials,registry,gene-therapy	21600	ClinicalTrials.gov registry slice: gene therapy.
sci-ctgov-mrna	https://clinicaltrials.gov/api/v2/studies?pageSize=100&query.term=mRNA&sort=LastUpdatePostDate:desc	json:studies	100	ClinicalTrials.gov — mrna	臨床試験登録（ClinicalTrials.gov）— mRNA	health	clinical	en	clinicaltrials,registry,mrna	21600	ClinicalTrials.gov registry slice: mrna.
sci-ctgov-latest	https://clinicaltrials.gov/api/v2/studies?pageSize=100&sort=LastUpdatePostDate:desc	json:studies	100	ClinicalTrials.gov — latest	臨床試験登録（ClinicalTrials.gov）— 最新更新	health	clinical	en	clinicaltrials,registry,latest	21600	ClinicalTrials.gov registry slice: latest.
sci-ctgov-newly-posted	https://clinicaltrials.gov/api/v2/studies?pageSize=100&sort=StudyFirstPostDate:desc	json:studies	100	ClinicalTrials.gov — newly posted	臨床試験登録（ClinicalTrials.gov）— 新規登録	health	clinical	en	clinicaltrials,registry,newly-posted	21600	ClinicalTrials.gov registry slice: newly posted.
sci-ctgov-russia	https://clinicaltrials.gov/api/v2/studies?pageSize=50&query.locn=Russian%20Federation&sort=LastUpdatePostDate:desc	json:studies	50	ClinicalTrials.gov — russia	臨床試験登録（ClinicalTrials.gov）— ロシア	health	clinical	en	clinicaltrials,registry,russia	21600	ClinicalTrials.gov registry slice: russia.
sci-nasa-cmr-services	https://cmr.earthdata.nasa.gov/search/services.json?page_size=100	json:items	62	NASA CMR service registry	NASA CMR サービスレジストリ	space	repository	en	nasa,earthdata,ogc	86400	Registered data services (WMS, OPeNDAP, subsetters) for NASA collections.
sci-nasa-cmr-tools	https://cmr.earthdata.nasa.gov/search/tools.json?page_size=100	json:items	100	NASA CMR tool registry	NASA CMR ツールレジストリ	space	repository	en	nasa,earthdata,metadata	86400	Registered analysis tools associated with NASA Earth science collections.
sci-nasa-cmr-variables	https://cmr.earthdata.nasa.gov/search/variables.json?page_size=100	json:items	100	NASA CMR variable registry	NASA CMR 変数レジストリ	space	repository	en	nasa,earthdata,variables	86400	Variable-level metadata across NASA Earth observation collections.
sci-cnes-news	https://cnes.fr/en/rss.xml	rss	10	CNES news	フランス国立宇宙研究センター ニュース	space	spaceflight	en	cnes,france,spaceflight	21600	French space agency mission and programme news.
sci-biorxiv-covid19	https://connect.biorxiv.org/relate/collection_json.php?grp=181	json:rels	100	bioRxiv/medRxiv COVID-19 collection	bioRxiv/medRxiv 新型コロナ関連コレクション	health	preprint	en	preprint,covid19,outbreak	7200	Curated COVID-19 preprint stream across bioRxiv and medRxiv.
sci-cordis-articles	https://cordis.europa.eu/api/search/results?q=contenttype%3D%27article%27&format=json&p=1&num=50	json:payload.results	50	CORDIS research articles	CORDIS 研究記事	academic	funding	en	eu,horizon,cordis	86400	CORDIS editorial coverage of EU-funded research.
sci-cordis-projects	https://cordis.europa.eu/api/search/results?q=contenttype%3D%27project%27&format=json&p=1&num=50	json:payload.results	50	CORDIS EU research projects	CORDIS EU研究プロジェクト	academic	funding	en	eu,horizon,funding,cordis	86400	Horizon Europe and legacy EU framework projects with participants and budgets.
sci-cordis-results	https://cordis.europa.eu/api/search/results?q=contenttype%3D%27result%27&format=json&p=1&num=50	json:payload.results	50	CORDIS project results	CORDIS プロジェクト成果	academic	funding	en	eu,horizon,results,cordis	86400	Reported outcomes of EU-funded research projects.
sci-copernicus-cp	https://cp.copernicus.org/xml/rss2_0.xml	rss	20	Climate of the Past	古気候学	science	literature	en	copernicus,egu,open-access,cp	21600	Recent papers from Climate of the Past, a Copernicus open-access journal.
sci-nist-publications	https://data.nist.gov/rmm/records?size=50	json:ResultData	50	Nist Publications	米国立標準技術研究所（NIST）刊行物リポジトリ	science	literature	en	nist	21600	Verified live endpoint: nist publications.
sci-dataverse-qdr-syracuse	https://data.qdr.syr.edu/api/search?q=*&per_page=50&type=dataset&sort=date	json:data.items	50	Dataverse — Qdr Syracuse	Dataverse データリポジトリ（Qdr Syracuse）	science	repository	en	dataverse,dataset,open-data,qdr-syracuse	86400	Newly published datasets in the Qdr Syracuse Dataverse installation.
sci-rcsb-holdings-current	https://data.rcsb.org/rest/v1/holdings/current/entry_ids	json-array	258023	RCSB PDB current holdings	RCSB PDB 現行収蔵一覧	science	genomics	en	structural-biology,pdb,protein	86400	Every released Protein Data Bank structure identifier.
sci-rcsb-holdings-removed	https://data.rcsb.org/rest/v1/holdings/removed/entry_ids	json-array	6114	RCSB PDB withdrawn entries	RCSB PDB 取下げエントリ	science	genomics	en	structural-biology,pdb,retraction	86400	Structures withdrawn from the PDB, a structural-biology integrity signal.
sci-rcsb-holdings-unreleased	https://data.rcsb.org/rest/v1/holdings/unreleased/entry_ids	json-array	34557	RCSB PDB unreleased entries	RCSB PDB 未公開エントリ	science	genomics	en	structural-biology,pdb,embargo	86400	Deposited-but-embargoed PDB entries — visibility into structures about to appear.
sci-dryad-datasets	https://datadryad.org/api/v2/datasets?per_page=100	json:_embedded.stash:datasets	100	Dryad research datasets	Dryad 研究データセット	science	repository	en	dryad,dataset,open-data	21600	Newly published Dryad datasets with DOI, authors and linked publication.
sci-dataverse-asu-lib	https://dataverse.asu.edu/api/search?q=*&per_page=50&type=dataset&sort=date	json:data.items	50	Dataverse — Asu Lib	Dataverse データリポジトリ（Asu Lib）	science	repository	en	dataverse,dataset,open-data,asu-lib	86400	Newly published datasets in the Asu Lib Dataverse installation.
sci-dataverse-norway	https://dataverse.no/api/search?q=*&per_page=50&type=dataset&sort=date	json:data.items	50	Dataverse — Norway	Dataverse データリポジトリ（Norway）	science	repository	en	dataverse,dataset,open-data,norway	86400	Newly published datasets in the Norway Dataverse installation.
sci-satnogs-modes	https://db.satnogs.org/api/modes/?format=json	json-array	60	SatNOGS modulation modes	SatNOGS 変調方式一覧	space	spaceflight	en	satellite,rf,satnogs	86400	Reference list of modulation modes used across the SatNOGS network.
sci-satnogs-satellites	https://db.satnogs.org/api/satellites/?format=json	json-array	2767	SatNOGS satellite database	SatNOGS 衛星データベース	space	spaceflight	en	satellite,smallsat,satnogs	86400	Community satellite registry with NORAD ID, status and operator for small satellites.
sci-satnogs-tle	https://db.satnogs.org/api/tle/?format=json	json-array	1670	SatNOGS orbital element sets	SatNOGS 軌道要素（TLE）	space	spaceflight	en	satellite,tle,orbit	21600	Current two-line element sets curated by the SatNOGS network.
sci-doaj-articles-latest	https://doaj.org/api/search/articles/*?pageSize=100	json:results	100	DOAJ latest open-access articles	DOAJ 最新オープンアクセス論文	academic	literature	en	doaj,open-access	7200	Newly indexed articles from vetted open-access journals worldwide.
sci-doaj-articles-climate	https://doaj.org/api/search/articles/climate?pageSize=100	json:results	100	DOAJ climate articles	DOAJ 気候関連論文	science	literature	en	doaj,climate,open-access	21600	Open-access climate science literature.
sci-doaj-articles-materials	https://doaj.org/api/search/articles/materials%20science?pageSize=100	json:results	100	DOAJ materials science articles	DOAJ 材料科学論文	science	materials	en	doaj,materials,open-access	21600	Open-access materials science literature.
sci-doaj-articles-virology	https://doaj.org/api/search/articles/virology?pageSize=100	json:results	100	DOAJ virology articles	DOAJ ウイルス学論文	health	literature	en	doaj,virology,open-access	21600	Open-access virology literature.
sci-doaj-journals-all	https://doaj.org/api/search/journals/*?pageSize=100	json:results	100	DOAJ journal registry	DOAJ 学術誌登録簿	academic	policy	en	doaj,journals,open-access	86400	Vetted open-access journals with licence, APC and peer-review policy.
sci-doaj-journals-oa	https://doaj.org/api/search/journals/bibjson.oa_start%3A2024?pageSize=100	json:results	100	DOAJ recently opened journals	DOAJ 新規オープンアクセス誌	academic	policy	en	doaj,journals,open-access	86400	Journals that recently converted to open access.
sci-copernicus-dwes	https://dwes.copernicus.org/xml/rss2_0.xml	rss	20	Drinking Water Engineering and Science	飲料水工学・科学	science	literature	en	copernicus,egu,open-access,dwes	21600	Recent papers from Drinking Water Engineering and Science, a Copernicus open-access journal.
sci-dataverse-edmond-mpg	https://edmond.mpg.de/api/search?q=*&per_page=50&type=dataset&sort=date	json:data.items	50	Dataverse — Edmond Mpg	Dataverse データリポジトリ（Edmond Mpg）	science	repository	en	dataverse,dataset,open-data,edmond-mpg	86400	Newly published datasets in the Edmond Mpg Dataverse installation.
sci-copernicus-egqsj	https://egqsj.copernicus.org/xml/rss2_0.xml	rss	20	E&G Quaternary Science Journal	第四紀科学ジャーナル	science	literature	en	copernicus,egu,open-access,egqsj	21600	Recent papers from E&G Quaternary Science Journal, a Copernicus open-access journal.
sci-copernicus-ejm	https://ejm.copernicus.org/xml/rss2_0.xml	rss	20	European Journal of Mineralogy	欧州鉱物学ジャーナル	science	literature	en	copernicus,egu,open-access,ejm	21600	Recent papers from European Journal of Mineralogy, a Copernicus open-access journal.
sci-dataverse-recherche-data-gouv-fr	https://entrepot.recherche.data.gouv.fr/api/search?q=*&per_page=50&type=dataset&sort=date	json:data.items	50	Dataverse — Recherche Data Gouv Fr	Dataverse データリポジトリ（Recherche Data Gouv Fr）	science	repository	en	dataverse,dataset,open-data,recherche-data-gouv-fr	86400	Newly published datasets in the Recherche Data Gouv Fr Dataverse installation.
sci-copernicus-esd	https://esd.copernicus.org/xml/rss2_0.xml	rss	20	Earth System Dynamics	地球システム動力学	science	literature	en	copernicus,egu,open-access,esd	21600	Recent papers from Earth System Dynamics, a Copernicus open-access journal.
sci-copernicus-essd	https://essd.copernicus.org/xml/rss2_0.xml	rss	20	Earth System Science Data	地球システム科学データ	science	literature	en	copernicus,egu,open-access,essd	21600	Recent papers from Earth System Science Data, a Copernicus open-access journal.
sci-copernicus-esurf	https://esurf.copernicus.org/xml/rss2_0.xml	rss	20	Earth Surface Dynamics	地表面動力学	science	literature	en	copernicus,egu,open-access,esurf	21600	Recent papers from Earth Surface Dynamics, a Copernicus open-access journal.
sci-ncbi-bioproject-recent	https://eutils.ncbi.nlm.nih.gov/entrez/eutils/esearch.fcgi?db=bioproject&retmode=json&retmax=100&term=all%5Bfilter%5D&sort=date	json:esearchresult.idlist	100	NCBI BioProject recent projects	NCBI BioProject 最新プロジェクト	science	genomics	en	bioproject,ncbi	21600	Newly registered sequencing and analysis projects.
sci-ncbi-biosample-recent	https://eutils.ncbi.nlm.nih.gov/entrez/eutils/esearch.fcgi?db=biosample&retmode=json&retmax=100&term=all%5Bfilter%5D&sort=date	json:esearchresult.idlist	100	NCBI BioSample recent records	NCBI BioSample 最新レコード	science	genomics	en	biosample,ncbi	21600	Newly registered biological samples with isolation source metadata.
sci-ncbi-books	https://eutils.ncbi.nlm.nih.gov/entrez/eutils/esearch.fcgi?db=books&retmode=json&retmax=100&term=all%5Bfilter%5D	json:esearchresult.idlist	100	NCBI Bookshelf	NCBI ブックシェルフ	health	literature	en	bookshelf,ncbi,reference	86400	Biomedical books and reference works hosted at NCBI.
sci-clinvar-recent	https://eutils.ncbi.nlm.nih.gov/entrez/eutils/esearch.fcgi?db=clinvar&retmode=json&retmax=100&term=all%5Bfilter%5D&sort=most+recent	json:esearchresult.idlist	100	ClinVar recent variant submissions	ClinVar 最新バリアント登録	health	genomics	en	clinvar,variant,ncbi	21600	Newly submitted clinical variant interpretations.
sci-ncbi-dbvar	https://eutils.ncbi.nlm.nih.gov/entrez/eutils/esearch.fcgi?db=dbvar&retmode=json&retmax=100&term=all%5Bfilter%5D	json:esearchresult.idlist	100	NCBI dbVar structural variants	NCBI dbVar 構造多型	health	genomics	en	dbvar,structural-variant,ncbi	86400	Human genomic structural variation records.
sci-ncbi-geo-recent	https://eutils.ncbi.nlm.nih.gov/entrez/eutils/esearch.fcgi?db=gds&retmode=json&retmax=100&term=all%5Bfilter%5D&sort=date	json:esearchresult.idlist	100	NCBI GEO recent datasets	NCBI GEO 最新データセット	science	genomics	en	geo,transcriptomics,ncbi	21600	Newly released gene expression datasets.
sci-ncbi-medgen	https://eutils.ncbi.nlm.nih.gov/entrez/eutils/esearch.fcgi?db=medgen&retmode=json&retmax=100&term=all%5Bfilter%5D	json:esearchresult.idlist	100	NCBI MedGen conditions	NCBI MedGen 疾患情報	health	genomics	en	medgen,ncbi,genetics	86400	Medical genetics conditions with linked genes and variants.
sci-ncbi-nuccore-recent	https://eutils.ncbi.nlm.nih.gov/entrez/eutils/esearch.fcgi?db=nuccore&retmode=json&retmax=100&term=all%5Bfilter%5D&sort=date	json:esearchresult.idlist	100	NCBI Nucleotide recent records	NCBI Nucleotide 最新レコード	science	genomics	en	nucleotide,genbank,ncbi	86400	Newly deposited nucleotide sequences in GenBank.
sci-ncbi-pubchem-substance	https://eutils.ncbi.nlm.nih.gov/entrez/eutils/esearch.fcgi?db=pcsubstance&retmode=json&retmax=100&term=all%5Bfilter%5D	json:esearchresult.idlist	100	PubChem Substance records	PubChem サブスタンス レコード	science	materials	en	pubchem,chemistry,ncbi	86400	Depositor-supplied chemical substance records.
sci-pmc-open-access	https://eutils.ncbi.nlm.nih.gov/entrez/eutils/esearch.fcgi?db=pmc&retmode=json&retmax=100&term=open+access%5Bfilter%5D&sort=date	json:esearchresult.idlist	100	PubMed Central open-access articles	PubMed Central オープンアクセス論文	health	literature	en	pmc,open-access,ncbi	7200	Newly deposited open-access full texts in PubMed Central.
sci-pubmed-recent-trials	https://eutils.ncbi.nlm.nih.gov/entrez/eutils/esearch.fcgi?db=pubmed&retmode=json&retmax=100&term=clinical+trial%5Bpt%5D&sort=date	json:esearchresult.idlist	100	PubMed recent clinical trial publications	PubMed 最新臨床試験論文	health	clinical	en	pubmed,clinical-trial,ncbi	7200	Newest PubMed records typed as clinical trials.
sci-ncbi-sra-recent	https://eutils.ncbi.nlm.nih.gov/entrez/eutils/esearch.fcgi?db=sra&retmode=json&retmax=100&term=all%5Bfilter%5D&sort=date	json:esearchresult.idlist	100	NCBI SRA recent submissions	NCBI SRA 最新登録	science	genomics	en	sra,sequencing,ncbi	21600	Newly deposited raw sequencing runs — visibility into active sequencing programmes.
sci-ncbi-structure-recent	https://eutils.ncbi.nlm.nih.gov/entrez/eutils/esearch.fcgi?db=structure&retmode=json&retmax=100&term=all%5Bfilter%5D	json:esearchresult.idlist	100	NCBI Structure records	NCBI 立体構造レコード	science	genomics	en	structure,ncbi	86400	Macromolecular structure records mirrored at NCBI.
sci-ncbi-taxonomy-search	https://eutils.ncbi.nlm.nih.gov/entrez/eutils/esearch.fcgi?db=taxonomy&retmode=json&retmax=100&term=virus	json-object	1	NCBI Taxonomy virus records	NCBI 分類データベース ウイルス検索	science	genomics	en	ncbi,taxonomy,virus	86400	NCBI Taxonomy identifiers for viral taxa.
sci-exoarchive-stellarhosts	https://exoplanetarchive.ipac.caltech.edu/TAP/sync?query=select+hostname,sy_dist,sy_vmag,ra,dec+from+stellarhosts&format=json	json-array	47786	Exoplanet host star catalogue	系外惑星 主星カタログ	space	astronomy	en	exoplanet,stars	86400	Host stars of known planetary systems with distance and magnitude.
sci-exoarchive-keplernames	https://exoplanetarchive.ipac.caltech.edu/TAP/sync?query=select+kepid,kepler_name,koi_name+from+keplernames&format=json	json-array	2816	Kepler confirmed planet names	ケプラー確定惑星名称表	space	astronomy	en	exoplanet,kepler	86400	Mapping between Kepler IDs, KOI numbers and confirmed planet names.
sci-exoarchive-koi-cumulative	https://exoplanetarchive.ipac.caltech.edu/TAP/sync?query=select+kepid,kepoi_name,koi_disposition,ra,dec+from+cumulative&format=json	json-array	9564	Kepler Objects of Interest cumulative table	ケプラー注目天体 累積表	space	astronomy	en	exoplanet,kepler	86400	Cumulative Kepler candidate dispositions.
sci-exoarchive-tess-confirmed	https://exoplanetarchive.ipac.caltech.edu/TAP/sync?query=select+pl_name,disc_facility,disc_year,ra,dec+from+ps+where+disc_facility+like+%27%25TESS%25%27&format=json	json-array	2360	TESS-discovered confirmed planets	TESS発見の確定惑星	space	astronomy	en	exoplanet,tess	86400	Confirmed planets whose discovery facility was TESS.
sci-exoarchive-direct-imaging	https://exoplanetarchive.ipac.caltech.edu/TAP/sync?query=select+pl_name,disc_year,ra,dec+from+ps+where+discoverymethod+like+%27%25Imaging%25%27&format=json	json-array	192	Directly imaged exoplanets	直接撮像された系外惑星	space	astronomy	en	exoplanet,imaging	86400	Planets detected by direct imaging.
sci-exoarchive-microlensing	https://exoplanetarchive.ipac.caltech.edu/TAP/sync?query=select+pl_name,disc_year,ra,dec+from+ps+where+discoverymethod+like+%27%25Microlensing%25%27&format=json	json-array	804	Microlensing-discovered exoplanets	重力マイクロレンズ発見の系外惑星	space	astronomy	en	exoplanet,microlensing	86400	Planets found by gravitational microlensing surveys.
sci-exoarchive-ps	https://exoplanetarchive.ipac.caltech.edu/TAP/sync?query=select+pl_name,hostname,disc_year,discoverymethod,ra,dec+from+ps&format=json	json-array	40052	NASA Exoplanet Archive planetary systems	NASA系外惑星アーカイブ 惑星系表	space	astronomy	en	exoplanet,catalogue,nasa	86400	Every confirmed exoplanet with discovery method, year and host star coordinates.
sci-exoarchive-pscomppars	https://exoplanetarchive.ipac.caltech.edu/TAP/sync?query=select+pl_name,hostname,pl_orbper,pl_rade,sy_dist+from+pscomppars&format=json	json-array	6336	NASA Exoplanet Archive composite parameters	NASA系外惑星アーカイブ 統合パラメータ	space	astronomy	en	exoplanet,catalogue	86400	One best-estimate parameter row per confirmed planet.
sci-exoarchive-k2pandc	https://exoplanetarchive.ipac.caltech.edu/TAP/sync?query=select+pl_name,k2_name,disposition+from+k2pandc&format=json	json-array	4068	K2 planets and candidates	K2 惑星・候補天体	space	astronomy	en	exoplanet,k2	86400	K2 mission confirmed planets and candidates.
sci-exoarchive-toi	https://exoplanetarchive.ipac.caltech.edu/TAP/sync?query=select+toi,tid,ra,dec,tfopwg_disp,toi_created+from+toi&format=json	json-array	8113	TESS Objects of Interest	TESS 注目天体（TOI）	space	astronomy	en	exoplanet,tess,candidate	21600	TESS planet candidates with disposition, updated as vetting progresses.
sci-eso-esocast	https://feeds.feedburner.com/ESOcast	rss	25	ESOcast	ESOキャスト（映像）	space	astronomy	en	eso,astronomy,video	86400	ESO video release series.
sci-eso-announcements	https://feeds.feedburner.com/EsoAnnouncements	rss	10	ESO announcements	ヨーロッパ南天天文台 お知らせ	space	astronomy	en	eso,astronomy	21600	ESO organisational and observatory announcements.
sci-eso-top-news	https://feeds.feedburner.com/EsoTopNews	rss	10	ESO top news	ヨーロッパ南天天文台 主要ニュース	space	astronomy	en	eso,astronomy,vlt	21600	European Southern Observatory science releases from VLT, ALMA and ELT.
sci-copernicus-fr	https://fr.copernicus.org/xml/rss2_0.xml	rss	20	Fossil Record	化石記録	science	literature	en	copernicus,egu,open-access,fr	21600	Recent papers from Fossil Record, a Copernicus open-access journal.
sci-copernicus-gc	https://gc.copernicus.org/xml/rss2_0.xml	rss	20	Geoscience Communication	地球科学コミュニケーション	science	literature	en	copernicus,egu,open-access,gc	21600	Recent papers from Geoscience Communication, a Copernicus open-access journal.
sci-copernicus-gchron	https://gchron.copernicus.org/xml/rss2_0.xml	rss	20	Geochronology	年代学	science	literature	en	copernicus,egu,open-access,gchron	21600	Recent papers from Geochronology, a Copernicus open-access journal.
sci-gcn-circulars	https://gcn.nasa.gov/circulars.atom	atom	10	GCN Circulars (multimessenger alerts)	GCN サーキュラー（マルチメッセンジャー速報）	space	transient	en	grb,gcn,multimessenger,alert	900	Gamma-ray burst and multimessenger follow-up circulars from the worldwide alert network.
sci-copernicus-gi	https://gi.copernicus.org/xml/rss2_0.xml	rss	20	Geoscientific Instrumentation, Methods and Data Systems	地球科学計測・手法・データシステム	science	literature	en	copernicus,egu,open-access,gi	21600	Recent papers from Geoscientific Instrumentation, Methods and Data Systems, a Copernicus open-access journal.
sci-copernicus-gmd	https://gmd.copernicus.org/xml/rss2_0.xml	rss	20	Geoscientific Model Development	地球科学モデル開発	science	literature	en	copernicus,egu,open-access,gmd	21600	Recent papers from Geoscientific Model Development, a Copernicus open-access journal.
sci-gracedb-superevents	https://gracedb.ligo.org/api/superevents/?format=json	json:superevents	100	GraceDB gravitational-wave superevents	GraceDB 重力波スーパーイベント	space	transient	en	gravitational-wave,alert,gracedb	900	Live LIGO-Virgo-KAGRA candidate alerts — the fastest public GW trigger stream.
sci-gracedb-latest	https://gracedb.ligo.org/api/superevents/?format=json&count=50	json:superevents	50	GraceDB latest superevents	GraceDB 最新スーパーイベント	space	transient	en	gravitational-wave,alert,gracedb	900	Most recent gravitational-wave candidate superevents with FAR and pipeline.
sci-gwosc-gwtc2-1-confident	https://gwosc.org/eventapi/json/GWTC-2.1-confident/	json-object	1	GWOSC GWTC-2.1 confident detections	GWOSC GWTC-2.1 確度の高い検出	space	physics	en	gravitational-wave,gwtc2	86400	Confident-detection subset of GWTC-2.1.
sci-gwosc-gwtc3-confident	https://gwosc.org/eventapi/json/GWTC-3-confident/	json-object	1	GWOSC GWTC-3 confident detections	GWOSC GWTC-3 確度の高い検出	space	physics	en	gravitational-wave,gwtc3	86400	Confident-detection subset of GWTC-3.
sci-gwosc-gwtc	https://gwosc.org/eventapi/json/GWTC/	json-object	1	GWOSC GWTC cumulative catalogue	GWOSC GWTC 累積カタログ	space	physics	en	gravitational-wave,catalogue,gwtc	86400	Cumulative Gravitational-Wave Transient Catalogue entries.
sci-gwosc-o3-discovery	https://gwosc.org/eventapi/json/O3_Discovery_Papers/	json-object	1	GWOSC O3 discovery papers	GWOSC O3 発見論文イベント	space	physics	en	gravitational-wave,o3	86400	Events published as individual O3 discovery papers.
sci-gwosc-allevents	https://gwosc.org/eventapi/json/allevents/	json-object	1	GWOSC all gravitational-wave events	GWOSC 重力波イベント全件	space	physics	en	gravitational-wave,ligo,virgo,kagra	21600	Every catalogued LIGO-Virgo-KAGRA gravitational-wave event with masses, distance and significance.
sci-copernicus-hess	https://hess.copernicus.org/xml/rss2_0.xml	rss	20	Hydrology and Earth System Sciences	水文学・地球システム科学	science	literature	en	copernicus,egu,open-access,hess	21600	Recent papers from Hydrology and Earth System Sciences, a Copernicus open-access journal.
sci-copernicus-hgss	https://hgss.copernicus.org/xml/rss2_0.xml	rss	20	History of Geo- and Space Sciences	地球・宇宙科学史	science	literature	en	copernicus,egu,open-access,hgss	21600	Recent papers from History of Geo- and Space Sciences, a Copernicus open-access journal.
sci-cern-news	https://home.cern/feed/	rss	10	CERN news	CERN ニュース	science	physics	en	cern,particle-physics,lhc	21600	CERN laboratory news including LHC operations and detector milestones.
sci-copernicus-ica-abs	https://ica-abs.copernicus.org/xml/rss2_0.xml	rss	20	Abstracts of the International Cartographic Association	国際地図学協会 要旨集	science	literature	en	copernicus,egu,open-access,ica-abs	21600	Recent papers from Abstracts of the International Cartographic Association, a Copernicus open-access journal.
sci-nasa-images-search	https://images-api.nasa.gov/search?q=spacecraft&media_type=image&year_start=2025	json:collection.items	100	NASA image and media library	NASA 画像・映像ライブラリ	space	spaceflight	en	nasa,imagery,media	21600	Keyword search over NASA's public image, audio and video library.
sci-inspire-authors	https://inspirehep.net/api/authors?sort=mostrecent&size=50&q=collaboration%20ATLAS	json:hits.hits	50	INSPIRE-HEP author records	INSPIRE-HEP 著者レコード	science	physics	en	inspire,hep,authors	86400	Disambiguated physics author records with affiliations and collaboration membership.
sci-inspire-conferences	https://inspirehep.net/api/conferences?sort=mostrecent&size=50	json:hits.hits	50	INSPIRE-HEP conferences	INSPIRE-HEP 学会情報	science	physics	en	inspire,hep,conferences	86400	Upcoming high-energy physics conferences and workshops.
sci-inspire-experiments	https://inspirehep.net/api/experiments?sort=mostrecent&size=50	json:hits.hits	50	INSPIRE-HEP experiments registry	INSPIRE-HEP 実験レジストリ	science	physics	en	inspire,hep,experiments	86400	Registry of particle physics experiments with institutions and status.
sci-inspire-institutions	https://inspirehep.net/api/institutions?sort=mostrecent&size=50	json:hits.hits	50	INSPIRE-HEP institutions	INSPIRE-HEP 研究機関	science	physics	en	inspire,hep,institutions	86400	Physics institutions and laboratories in the INSPIRE registry.
sci-inspire-jobs	https://inspirehep.net/api/jobs?sort=mostrecent&size=50	json:hits.hits	50	INSPIRE-HEP job postings	INSPIRE-HEP 求人情報	science	physics	en	inspire,hep,jobs	86400	Particle physics positions — a leading indicator of where experimental programmes are growing.
sci-inspire-journals	https://inspirehep.net/api/journals?sort=mostrecent&size=50	json:hits.hits	50	INSPIRE-HEP journals	INSPIRE-HEP 学術誌	science	physics	en	inspire,hep,journals	86400	Journals indexed by INSPIRE-HEP.
sci-inspire-literature	https://inspirehep.net/api/literature?sort=mostrecent&size=50&q=a%20higgs	json:hits.hits	46	INSPIRE-HEP literature	INSPIRE-HEP 文献	science	physics	en	inspire,hep,particle-physics	7200	High-energy physics literature with collaboration, arXiv and experiment linkage.
sci-inspire-recent-astro-ph	https://inspirehep.net/api/literature?sort=mostrecent&size=50&q=arxiv_eprints.categories%20astro-ph	json-object	1	INSPIRE-HEP astrophysics papers	INSPIRE-HEP 宇宙物理論文	science	physics	en	inspire,astro-ph,astrophysics	7200	Latest astrophysics papers indexed by INSPIRE.
sci-inspire-recent-hep-ex	https://inspirehep.net/api/literature?sort=mostrecent&size=50&q=arxiv_eprints.categories%20hep-ex	json-object	1	INSPIRE-HEP experimental HEP papers	INSPIRE-HEP 実験素粒子物理論文	science	physics	en	inspire,hep-ex,particle-physics	7200	Latest experimental high-energy physics papers.
sci-copernicus-jbji	https://jbji.copernicus.org/xml/rss2_0.xml	rss	20	Journal of Bone and Joint Infection	骨・関節感染症ジャーナル	science	clinical	en	copernicus,egu,open-access,jbji	21600	Recent papers from Journal of Bone and Joint Infection, a Copernicus open-access journal.
sci-plos-climate	https://journals.plos.org/climate/feed/atom	atom	30	PLOS Climate	PLOS 気候	academic	literature	en	plos,open-access,climate	21600	Newly published articles in PLOS Climate.
sci-plos-complex-systems	https://journals.plos.org/complexsystems/feed/atom	atom	30	PLOS Complex Systems	PLOS 複雑系	academic	literature	en	plos,open-access,complex-systems	21600	Newly published articles in PLOS Complex Systems.
sci-plos-digital-health	https://journals.plos.org/digitalhealth/feed/atom	atom	30	PLOS Digital Health	PLOS デジタルヘルス	academic	clinical	en	plos,open-access,digital-health	21600	Newly published articles in PLOS Digital Health.
sci-plos-global-public-health	https://journals.plos.org/globalpublichealth/feed/atom	atom	30	PLOS Global Public Health	PLOS 世界公衆衛生	academic	clinical	en	plos,open-access,global-public-health	21600	Newly published articles in PLOS Global Public Health.
sci-plos-mental-health	https://journals.plos.org/mentalhealth/feed/atom	atom	30	PLOS Mental Health	PLOS メンタルヘルス	academic	clinical	en	plos,open-access,mental-health	21600	Newly published articles in PLOS Mental Health.
sci-plos-plosbiology	https://journals.plos.org/plosbiology/feed/atom	atom	30	PLOS Biology	PLOS 生物学	academic	literature	en	plos,open-access,plosbiology	21600	Newly published articles in PLOS Biology.
sci-plos-ploscompbiol	https://journals.plos.org/ploscompbiol/feed/atom	atom	30	PLOS Computational Biology	PLOS 計算生物学	academic	literature	en	plos,open-access,ploscompbiol	21600	Newly published articles in PLOS Computational Biology.
sci-plos-plosgenetics	https://journals.plos.org/plosgenetics/feed/atom	atom	30	PLOS Genetics	PLOS 遺伝学	academic	genomics	en	plos,open-access,plosgenetics	21600	Newly published articles in PLOS Genetics.
sci-plos-plosmedicine	https://journals.plos.org/plosmedicine/feed/atom	atom	30	PLOS Medicine	PLOS 医学	academic	clinical	en	plos,open-access,plosmedicine	21600	Newly published articles in PLOS Medicine.
sci-plos-plosntds	https://journals.plos.org/plosntds/feed/atom	atom	30	PLOS Neglected Tropical Diseases	PLOS 顧みられない熱帯病	academic	clinical	en	plos,open-access,plosntds	21600	Newly published articles in PLOS Neglected Tropical Diseases.
sci-plos-plosone	https://journals.plos.org/plosone/feed/atom	atom	30	PLOS ONE	PLOS ONE（総合科学）	academic	literature	en	plos,open-access,plosone	21600	Newly published articles in PLOS ONE.
sci-plos-plospathogens	https://journals.plos.org/plospathogens/feed/atom	atom	30	PLOS Pathogens	PLOS 病原体学	academic	genomics	en	plos,open-access,plospathogens	21600	Newly published articles in PLOS Pathogens.
sci-plos-sustainability-transformation	https://journals.plos.org/sustainabilitytransformation/feed/atom	atom	30	PLOS Sustainability and Transformation	PLOS 持続可能性と変革	academic	literature	en	plos,open-access,sustainability-transformation	21600	Newly published articles in PLOS Sustainability and Transformation.
sci-plos-water	https://journals.plos.org/water/feed/atom	atom	30	PLOS Water	PLOS 水科学	academic	literature	en	plos,open-access,water	21600	Newly published articles in PLOS Water.
sci-copernicus-jsss	https://jsss.copernicus.org/xml/rss2_0.xml	rss	20	Journal of Sensors and Sensor Systems	センサ・センサシステムジャーナル	science	physics	en	copernicus,egu,open-access,jsss	21600	Recent papers from Journal of Sensors and Sensor Systems, a Copernicus open-access journal.
sci-donki-cme	https://kauai.ccmc.gsfc.nasa.gov/DONKI/WS/get/CME	json-array	357	DONKI coronal mass ejections	DONKI コロナ質量放出	space	physics	en	space-weather,cme,heliophysics	3600	Catalogued CMEs with speed, direction and arrival analyses from NASA CCMC.
sci-donki-cmeanalysis	https://kauai.ccmc.gsfc.nasa.gov/DONKI/WS/get/CMEAnalysis	json-array	831	DONKI CME analyses	DONKI CME 解析	space	physics	en	space-weather,cme,analysis	3600	Measured CME kinematics from the CCMC analysis pipeline.
sci-donki-flr	https://kauai.ccmc.gsfc.nasa.gov/DONKI/WS/get/FLR	json-array	292	DONKI solar flares	DONKI 太陽フレア	space	physics	en	space-weather,solar-flare	3600	Solar flare events with class, peak time and source active region.
sci-donki-gst	https://kauai.ccmc.gsfc.nasa.gov/DONKI/WS/get/GST	json-array	15	DONKI geomagnetic storms	DONKI 地磁気嵐	space	physics	en	space-weather,geomagnetic-storm	3600	Geomagnetic storm events with Kp index progression.
sci-donki-hss	https://kauai.ccmc.gsfc.nasa.gov/DONKI/WS/get/HSS	json-array	46	DONKI high-speed streams	DONKI 高速太陽風	space	physics	en	space-weather,solar-wind	3600	Coronal-hole high-speed solar wind stream arrivals.
sci-donki-ips	https://kauai.ccmc.gsfc.nasa.gov/DONKI/WS/get/IPS	json-array	74	DONKI interplanetary shocks	DONKI 惑星間衝撃波	space	physics	en	space-weather,shock	3600	Interplanetary shock detections across heliospheric spacecraft.
sci-donki-mpc	https://kauai.ccmc.gsfc.nasa.gov/DONKI/WS/get/MPC	json-array	9	DONKI magnetopause crossings	DONKI 磁気圏界面通過	space	physics	en	space-weather,magnetosphere	3600	Magnetopause compression events.
sci-donki-rbe	https://kauai.ccmc.gsfc.nasa.gov/DONKI/WS/get/RBE	json-array	24	DONKI radiation belt enhancements	DONKI 放射線帯増強	space	physics	en	space-weather,radiation-belt	3600	Radiation belt electron enhancement events affecting satellites.
sci-donki-sep	https://kauai.ccmc.gsfc.nasa.gov/DONKI/WS/get/SEP	json-array	24	DONKI solar energetic particle events	DONKI 太陽高エネルギー粒子現象	space	physics	en	space-weather,sep,radiation	3600	Solar energetic particle events relevant to satellite and aviation radiation risk.
sci-donki-wsaenlilsimulations	https://kauai.ccmc.gsfc.nasa.gov/DONKI/WS/get/WSAEnlilSimulations	json-array	754	DONKI WSA-ENLIL heliosphere simulations	DONKI WSA-ENLIL 太陽圏シミュレーション	space	physics	en	space-weather,simulation,enlil	7200	Modelled CME propagation runs with predicted Earth and spacecraft arrival times.
sci-donki-notifications	https://kauai.ccmc.gsfc.nasa.gov/DONKI/WS/get/notifications?type=all	json-array	78	DONKI space weather notifications	DONKI 宇宙天気通知	space	physics	en	space-weather,alert	3600	Human-readable space weather notifications issued by the Moon to Mars Space Weather Office.
sci-gfz-kp-index	https://kp.gfz-potsdam.de/app/json/?start=2026-01-01T00:00:00Z&end=2030-01-01T00:00:00Z&index=Kp	json:Kp	313	GFZ Potsdam Kp geomagnetic index	GFZポツダム Kp地磁気指数	space	physics	en	space-weather,kp,geomagnetic	3600	Authoritative Kp planetary geomagnetic activity index series from GFZ Potsdam.
sci-gfz-hpo-index	https://kp.gfz-potsdam.de/app/json/?start=2026-01-01T00:00:00Z&end=2030-01-01T00:00:00Z&index=Hp30	json:Hp30	385	GFZ Potsdam Hp30 high-cadence index	GFZポツダム Hp30 高頻度指数	space	physics	en	space-weather,hp30,geomagnetic	3600	30-minute cadence geomagnetic activity index for fast-moving storms.
sci-ligo-lsc-news	https://ligo.org/feed/	rss	10	LIGO Scientific Collaboration news	LIGO科学コラボレーション ニュース	space	physics	en	ligo,gravitational-wave	21600	LIGO Scientific Collaboration announcements and detector status notes.
sci-springer-bmc-bioinformatics	https://link.springer.com/search.rss?facet-journal-id=12862	rss	20	Latest Results	シュプリンガー：bmc bioinformatics	academic	genomics	en	springer,journal,bmc-bioinformatics	21600	New articles matching bmc bioinformatics from Springer.
sci-springer-bmc-genomics	https://link.springer.com/search.rss?facet-journal-id=12864	rss	20	Latest Results	シュプリンガー：bmc genomics	academic	genomics	en	springer,journal,bmc-genomics	21600	New articles matching bmc genomics from Springer.
sci-springer-bmc-microbiology	https://link.springer.com/search.rss?facet-journal-id=12866	rss	20	Latest Results	シュプリンガー：bmc microbiology	academic	genomics	en	springer,journal,bmc-microbiology	21600	New articles matching bmc microbiology from Springer.
sci-springer-bmc-cardiovascular-disorders	https://link.springer.com/search.rss?facet-journal-id=12872	rss	20	Latest Results	シュプリンガー：bmc cardiovascular disorders	academic	clinical	en	springer,journal,bmc-cardiovascular-disorders	21600	New articles matching bmc cardiovascular disorders from Springer.
sci-springer-bmc-infectious-diseases	https://link.springer.com/search.rss?facet-journal-id=12879	rss	20	Latest Results	シュプリンガー：bmc infectious diseases	academic	clinical	en	springer,journal,bmc-infectious-diseases	21600	New articles matching bmc infectious diseases from Springer.
sci-springer-bmc-nephrology	https://link.springer.com/search.rss?facet-journal-id=12882	rss	20	Latest Results	シュプリンガー：bmc nephrology	academic	clinical	en	springer,journal,bmc-nephrology	21600	New articles matching bmc nephrology from Springer.
sci-springer-bmc-cancer	https://link.springer.com/search.rss?facet-journal-id=12885	rss	20	Latest Results	シュプリンガー：bmc cancer	academic	clinical	en	springer,journal,bmc-cancer	21600	New articles matching bmc cancer from Springer.
sci-springer-bmc-public-health	https://link.springer.com/search.rss?facet-journal-id=12889	rss	20	Latest Results	シュプリンガー：bmc public health	academic	clinical	en	springer,journal,bmc-public-health	21600	New articles matching bmc public health from Springer.
sci-springer-bmc-pulmonary-medicine	https://link.springer.com/search.rss?facet-journal-id=12890	rss	20	Latest Results	シュプリンガー：bmc pulmonary medicine	academic	clinical	en	springer,journal,bmc-pulmonary-medicine	21600	New articles matching bmc pulmonary medicine from Springer.
sci-springer-bmc-biology	https://link.springer.com/search.rss?facet-journal-id=12915	rss	20	Latest Results	シュプリンガー：bmc biology	academic	genomics	en	springer,journal,bmc-biology	21600	New articles matching bmc biology from Springer.
sci-springer-bmc-medicine	https://link.springer.com/search.rss?facet-journal-id=12916	rss	20	Latest Results	シュプリンガー：bmc medicine	academic	clinical	en	springer,journal,bmc-medicine	21600	New articles matching bmc medicine from Springer.
sci-springer-j-biomedical-science	https://link.springer.com/search.rss?facet-journal-id=12931	rss	20	Latest Results	シュプリンガー：j biomedical science	academic	genomics	en	springer,journal,j-biomedical-science	21600	New articles matching j biomedical science from Springer.
sci-springer-j-nanobiotechnology	https://link.springer.com/search.rss?facet-journal-id=12951	rss	20	Latest Results	シュプリンガー：j nanobiotechnology	academic	literature	en	springer,journal,j-nanobiotechnology	21600	New articles matching j nanobiotechnology from Springer.
sci-springer-j-translational-medicine	https://link.springer.com/search.rss?facet-journal-id=12967	rss	20	Latest Results	シュプリンガー：j translational medicine	academic	clinical	en	springer,journal,j-translational-medicine	21600	New articles matching j translational medicine from Springer.
sci-springer-j-hematology-oncology	https://link.springer.com/search.rss?facet-journal-id=13045	rss	20	Latest Results	シュプリンガー：j hematology oncology	academic	clinical	en	springer,journal,j-hematology-oncology	21600	New articles matching j hematology oncology from Springer.
sci-springer-critical-care	https://link.springer.com/search.rss?facet-journal-id=13054	rss	20	Latest Results	シュプリンガー：critical care	academic	clinical	en	springer,journal,critical-care	21600	New articles matching critical care from Springer.
sci-springer-breast-cancer-research	https://link.springer.com/search.rss?facet-journal-id=13058	rss	20	Latest Results	シュプリンガー：breast cancer research	academic	clinical	en	springer,journal,breast-cancer-research	21600	New articles matching breast cancer research from Springer.
sci-springer-genome-biology	https://link.springer.com/search.rss?facet-journal-id=13059	rss	20	Latest Results	シュプリンガー：genome biology	academic	genomics	en	springer,journal,genome-biology	21600	New articles matching genome biology from Springer.
sci-springer-parasites-and-vectors	https://link.springer.com/search.rss?facet-journal-id=13071	rss	20	Latest Results	シュプリンガー：parasites and vectors	academic	genomics	en	springer,journal,parasites-and-vectors	21600	New articles matching parasites and vectors from Springer.
sci-springer-genome-medicine	https://link.springer.com/search.rss?facet-journal-id=13073	rss	20	Latest Results	シュプリンガー：genome medicine	academic	clinical	en	springer,journal,genome-medicine	21600	New articles matching genome medicine from Springer.
sci-springer-crispr	https://link.springer.com/search.rss?query=CRISPR&sortOrder=newestFirst	rss	20	Latest Results	シュプリンガー：CRISPR	academic	literature	en	springer,journal,CRISPR	21600	New articles matching CRISPR from Springer.
sci-springer-antimicrobial-resistance	https://link.springer.com/search.rss?query=antimicrobial+resistance&sortOrder=newestFirst	rss	20	Latest Results	シュプリンガー：antimicrobial resistance	academic	literature	en	springer,journal,antimicrobial-resistance	21600	New articles matching antimicrobial resistance from Springer.
sci-springer-fusion-energy	https://link.springer.com/search.rss?query=fusion+energy&sortOrder=newestFirst	rss	20	Latest Results	シュプリンガー：fusion energy	academic	literature	en	springer,journal,fusion-energy	21600	New articles matching fusion energy from Springer.
sci-springer-gene-therapy	https://link.springer.com/search.rss?query=gene+therapy&sortOrder=newestFirst	rss	20	Latest Results	シュプリンガー：gene therapy	academic	literature	en	springer,journal,gene-therapy	21600	New articles matching gene therapy from Springer.
sci-springer-pandemic-preparedness	https://link.springer.com/search.rss?query=pandemic+preparedness&sortOrder=newestFirst	rss	20	Latest Results	シュプリンガー：pandemic preparedness	academic	literature	en	springer,journal,pandemic-preparedness	21600	New articles matching pandemic preparedness from Springer.
sci-springer-perovskite	https://link.springer.com/search.rss?query=perovskite&sortOrder=newestFirst	rss	20	Latest Results	シュプリンガー：perovskite	academic	literature	en	springer,journal,perovskite	21600	New articles matching perovskite from Springer.
sci-springer-quantum-computing	https://link.springer.com/search.rss?query=quantum+computing&sortOrder=newestFirst	rss	20	Latest Results	シュプリンガー：quantum computing	academic	literature	en	springer,journal,quantum-computing	21600	New articles matching quantum computing from Springer.
sci-springer-semiconductor-lithography	https://link.springer.com/search.rss?query=semiconductor+lithography&sortOrder=newestFirst	rss	20	Latest Results	シュプリンガー：semiconductor lithography	academic	literature	en	springer,journal,semiconductor-lithography	21600	New articles matching semiconductor lithography from Springer.
sci-springer-solid-state-battery	https://link.springer.com/search.rss?query=solid+state+battery&sortOrder=newestFirst	rss	20	Latest Results	シュプリンガー：solid state battery	academic	literature	en	springer,journal,solid-state-battery	21600	New articles matching solid state battery from Springer.
sci-springer-synthetic-biology	https://link.springer.com/search.rss?query=synthetic+biology&sortOrder=newestFirst	rss	20	Latest Results	シュプリンガー：synthetic biology	academic	genomics	en	springer,journal,synthetic-biology	21600	New articles matching synthetic biology from Springer.
sci-lldev-launches-upcoming	https://ll.thespacedevs.com/2.3.0/launches/upcoming/?limit=50	json:results	50	Launch Library upcoming launches	ローンチライブラリ 打上げ予定	space	spaceflight	en	launch,spaceflight,schedule	3600	Upcoming orbital launches worldwide with provider, vehicle, pad and window.
sci-copernicus-mr	https://mr.copernicus.org/xml/rss2_0.xml	rss	20	Magnetic Resonance	磁気共鳴	science	physics	en	copernicus,egu,open-access,mr	21600	Recent papers from Magnetic Resonance, a Copernicus open-access journal.
sci-copernicus-ms	https://ms.copernicus.org/xml/rss2_0.xml	rss	20	Mechanical Sciences	機械科学	science	physics	en	copernicus,egu,open-access,ms	21600	Recent papers from Mechanical Sciences, a Copernicus open-access journal.
sci-fnal-news	https://news.fnal.gov/feed/	rss	10	Fermilab news	フェルミ国立加速器研究所 ニュース	science	physics	en	fermilab,particle-physics,neutrino	21600	Fermilab announcements covering neutrino programmes and accelerator operations.
sci-harvard-gazette	https://news.harvard.edu/gazette/feed/	rss	50	Harvard Gazette	ハーバード・ガゼット	academic	policy	en	harvard,university,research	21600	Harvard University research and institutional coverage.
sci-nextstrain-blog	https://nextstrain.org/blog/atom.xml	atom	10	Nextstrain situation reports	Nextstrain 状況報告ブログ	health	genomics	en	genomics,outbreak,nextstrain	21600	Nextstrain narrative situation reports on circulating pathogen lineages.
sci-nextstrain-datasets	https://nextstrain.org/charon/getAvailable?prefix=/	json:datasets	295	Nextstrain pathogen builds	Nextstrain 病原体系統樹データセット	health	genomics	en	genomics,pathogen,phylogenetics	21600	Catalogue of live Nextstrain phylogenetic builds for influenza, SARS-CoV-2, mpox and more.
sci-copernicus-nhess	https://nhess.copernicus.org/xml/rss2_0.xml	rss	20	Natural Hazards and Earth System Sciences	自然災害・地球システム科学	science	literature	en	copernicus,egu,open-access,nhess	21600	Recent papers from Natural Hazards and Earth System Sciences, a Copernicus open-access journal.
sci-nomad-datasets	https://nomad-lab.eu/prod/v1/api/v1/datasets?page_size=50	json:data	50	NOMAD curated datasets	NOMAD キュレーション済みデータセット	science	materials	en	materials,nomad,dataset	86400	Named NOMAD dataset collections with DOIs.
sci-nomad-entries	https://nomad-lab.eu/prod/v1/api/v1/entries?page_size=50	json:data	50	NOMAD materials calculations	NOMAD 材料計算データ	science	materials	en	materials,dft,nomad	86400	First-principles materials calculations deposited in the NOMAD repository.
sci-copernicus-npg	https://npg.copernicus.org/xml/rss2_0.xml	rss	20	Nonlinear Processes in Geophysics	地球物理学の非線形過程	science	literature	en	copernicus,egu,open-access,npg	21600	Recent papers from Nonlinear Processes in Geophysics, a Copernicus open-access journal.
sci-opencitations-meta	https://opencitations.net/index/coci/api/v1/references/10.1186/1756-8722-6-59	json-array	72	Opencitations Meta	OpenCitations 引用関係データ	science	literature	en	opencitations	21600	Verified live endpoint: opencitations meta.
sci-copernicus-os	https://os.copernicus.org/xml/rss2_0.xml	rss	20	Ocean Science	海洋科学	science	literature	en	copernicus,egu,open-access,os	21600	Recent papers from Ocean Science, a Copernicus open-access journal.
sci-nasa-osdr-studies	https://osdr.nasa.gov/osdr/data/search?term=space&size=50	json:hits.hits	50	NASA Open Science Data Repository	NASA オープンサイエンスデータリポジトリ	space	repository	en	nasa,spaceomics,repository	86400	Spaceflight biology and physical science studies flown on ISS and other platforms.
sci-usgs-astro-pds	https://pds.nasa.gov/api/search/1/products?limit=50	json:summary.properties	107	NASA Planetary Data System products	NASA 惑星データシステム 製品検索	space	repository	en	pds,planetary,nasa	86400	Planetary mission data products across PDS archives.
sci-physorg-biology-news	https://phys.org/rss-feed/biology-news/	rss	30	Phys.org — biology news	Phys.org — 生物学	academic	literature	en	physorg,news,biology-news	7200	Phys.org science news channel: biology news.
sci-physorg-biology-news-biotechnology	https://phys.org/rss-feed/biology-news/biotechnology/	rss	30	Phys.org — biology news biotechnology	Phys.org — バイオテクノロジー	academic	literature	en	physorg,news,biology-news-biotechnology	7200	Phys.org science news channel: biology news biotechnology.
sci-physorg-breaking	https://phys.org/rss-feed/breaking/	rss	30	Phys.org — breaking	Phys.org — 速報	academic	literature	en	physorg,news,breaking	7200	Phys.org science news channel: breaking.
sci-physorg-chemistry-news	https://phys.org/rss-feed/chemistry-news/	rss	30	Phys.org — chemistry news	Phys.org — 化学	academic	literature	en	physorg,news,chemistry-news	7200	Phys.org science news channel: chemistry news.
sci-physorg-earth-news	https://phys.org/rss-feed/earth-news/	rss	30	Phys.org — earth news	Phys.org — 地球科学	academic	literature	en	physorg,news,earth-news	7200	Phys.org science news channel: earth news.
sci-physorg-earth-news-environment	https://phys.org/rss-feed/earth-news/environment/	rss	30	Phys.org — earth news environment	Phys.org — 環境	academic	literature	en	physorg,news,earth-news-environment	7200	Phys.org science news channel: earth news environment.
sci-physorg-editorials	https://phys.org/rss-feed/editorials/	rss	30	Phys.org — editorials	Phys.org — 特集	academic	literature	en	physorg,news,editorials	7200	Phys.org science news channel: editorials.
sci-physorg-nanotech-news	https://phys.org/rss-feed/nanotech-news/	rss	30	Phys.org — nanotech news	Phys.org — ナノテク	academic	literature	en	physorg,news,nanotech-news	7200	Phys.org science news channel: nanotech news.
sci-physorg-physics-news	https://phys.org/rss-feed/physics-news/	rss	30	Phys.org — physics news	Phys.org — 物理	academic	literature	en	physorg,news,physics-news	7200	Phys.org science news channel: physics news.
sci-physorg-physics-news-quantum-physics	https://phys.org/rss-feed/physics-news/quantum-physics/	rss	30	Phys.org — physics news quantum physics	Phys.org — 量子物理	academic	literature	en	physorg,news,physics-news-quantum-physics	7200	Phys.org science news channel: physics news quantum physics.
sci-physorg-space-news	https://phys.org/rss-feed/space-news/	rss	30	Phys.org — space news	Phys.org — 宇宙	academic	literature	en	physorg,news,space-news	7200	Phys.org science news channel: space news.
sci-physorg-space-news-astrobiology	https://phys.org/rss-feed/space-news/astrobiology/	rss	30	Phys.org — space news astrobiology	Phys.org — 宇宙生物学	academic	literature	en	physorg,news,space-news-astrobiology	7200	Phys.org science news channel: space news astrobiology.
sci-physorg-space-news-astronomy	https://phys.org/rss-feed/space-news/astronomy/	rss	30	Phys.org — space news astronomy	Phys.org — 天文学	academic	literature	en	physorg,news,space-news-astronomy	7200	Phys.org science news channel: space news astronomy.
sci-physorg-technology-news	https://phys.org/rss-feed/technology-news/	rss	30	Phys.org — technology news	Phys.org — 技術	academic	literature	en	physorg,news,technology-news	7200	Phys.org science news channel: technology news.
sci-optimade-providers	https://providers.optimade.org/providers.json	json:data	29	OPTIMADE provider registry	OPTIMADE 提供機関一覧	science	materials	en	materials,optimade,registry	86400	Federated registry of every OPTIMADE-compliant materials database.
sci-nrao-news	https://public.nrao.edu/news/feed/	rss	10	NRAO radio astronomy news	米国立電波天文台 ニュース	space	astronomy	en	radio-astronomy,nrao,vla,alma	21600	National Radio Astronomy Observatory results from VLA, VLBA and ALMA.
sci-identifiers-org-registry	https://registry.api.identifiers.org/restApi/namespaces?size=100	json:_embedded.namespaces	100	Identifiers.org namespace registry	Identifiers.org 名前空間レジストリ	science	repository	en	identifiers,metadata,registry	86400	Canonical resolution namespaces for life-science identifiers.
sci-dataverse-repod-poland	https://repod.icm.edu.pl/api/search?q=*&per_page=50&type=dataset&sort=date	json:data.items	50	Dataverse — Repod Poland	Dataverse データリポジトリ（Repod Poland）	science	repository	en	dataverse,dataset,open-data,repod-poland	86400	Newly published datasets in the Repod Poland Dataverse installation.
sci-ensembl-division-bacteria	https://rest.ensembl.org/info/genomes/division/EnsemblProtists?content-type=application/json	json-array	236	Ensembl Protists genomes	Ensembl 原生生物ゲノム	science	genomics	en	ensembl,genomes,protists	86400	Assembly records for the Ensembl Protists division.
sci-ensembl-division-vertebrates	https://rest.ensembl.org/info/genomes/division/EnsemblVertebrates?content-type=application/json	json-array	359	Ensembl vertebrate genomes	Ensembl 脊椎動物ゲノム	science	genomics	en	ensembl,genomes,vertebrates	86400	Assembly and annotation status for Ensembl vertebrate genomes.
sci-ensembl-species	https://rest.ensembl.org/info/species?content-type=application/json	json:species	356	Ensembl species inventory	Ensembl 対応生物種一覧	science	genomics	en	ensembl,genomes,species	86400	Every species with an Ensembl genome assembly and annotation release.
sci-retraction-watch	https://retractionwatch.com/feed/	rss	10	Retraction Watch	リトラクション・ウォッチ（撤回監視）	academic	literature	en	retraction,research-integrity,misconduct	7200	Investigative reporting on retractions, misconduct findings and paper mills.
sci-copernicus-sand	https://sand.copernicus.org/xml/rss2_0.xml	rss	20	Safety of Nuclear Waste Disposal	放射性廃棄物処分の安全性	science	literature	en	copernicus,egu,open-access,sand	21600	Recent papers from Safety of Nuclear Waste Disposal, a Copernicus open-access journal.
sci-nasa-science-feed	https://science.nasa.gov/feed/	rss	10	NASA Science news	NASA サイエンス ニュース	space	spaceflight	en	nasa,science,missions	7200	NASA Science Mission Directorate results and mission updates.
sci-copernicus-sd	https://sd.copernicus.org/xml/rss2_0.xml	rss	20	Scientific Drilling	科学掘削	science	literature	en	copernicus,egu,open-access,sd	21600	Recent papers from Scientific Drilling, a Copernicus open-access journal.
sci-copernicus-se	https://se.copernicus.org/xml/rss2_0.xml	rss	20	Solid Earth	固体地球	science	literature	en	copernicus,egu,open-access,se	21600	Recent papers from Solid Earth, a Copernicus open-access journal.
sci-simbad-agn	https://simbad.cds.unistra.fr/simbad/sim-tap/sync?request=doQuery&lang=adql&format=json&query=select+top+200+main_id,ra,dec,otype,sp_type+from+basic+where+otype%3D%27AGN%27	json:data	200	SIMBAD active galactic nuclei	SIMBAD 活動銀河核	space	astronomy	en	agn,simbad,catalogue	86400	Catalogued active galactic nuclei.
sci-simbad-brown-dwarfs	https://simbad.cds.unistra.fr/simbad/sim-tap/sync?request=doQuery&lang=adql&format=json&query=select+top+200+main_id,ra,dec,otype,sp_type+from+basic+where+otype%3D%27BD*%27	json:data	200	SIMBAD brown dwarfs	SIMBAD 褐色矮星	space	astronomy	en	brown-dwarf,simbad,catalogue	86400	Catalogued brown dwarf objects.
sci-simbad-blazars	https://simbad.cds.unistra.fr/simbad/sim-tap/sync?request=doQuery&lang=adql&format=json&query=select+top+200+main_id,ra,dec,otype,sp_type+from+basic+where+otype%3D%27Bla%27	json:data	200	SIMBAD blazars	SIMBAD ブレーザー	space	astronomy	en	blazar,simbad,catalogue	86400	Catalogued blazars, key targets for neutrino and gamma-ray follow-up.
sci-simbad-gravitational-lenses	https://simbad.cds.unistra.fr/simbad/sim-tap/sync?request=doQuery&lang=adql&format=json&query=select+top+200+main_id,ra,dec,otype,sp_type+from+basic+where+otype%3D%27LeI%27	json:data	200	SIMBAD gravitational lens images	SIMBAD 重力レンズ像	space	astronomy	en	lensing,simbad,catalogue	86400	Catalogued gravitationally lensed images.
sci-simbad-maser	https://simbad.cds.unistra.fr/simbad/sim-tap/sync?request=doQuery&lang=adql&format=json&query=select+top+200+main_id,ra,dec,otype,sp_type+from+basic+where+otype%3D%27Mas%27	json:data	200	SIMBAD maser sources	SIMBAD メーザー源	space	astronomy	en	maser,simbad,catalogue	86400	Catalogued astrophysical maser sources.
sci-simbad-nova	https://simbad.cds.unistra.fr/simbad/sim-tap/sync?request=doQuery&lang=adql&format=json&query=select+top+200+main_id,ra,dec,otype,sp_type+from+basic+where+otype%3D%27No*%27	json:data	200	SIMBAD novae	SIMBAD 新星	space	astronomy	en	nova,simbad,catalogue	86400	Catalogued novae.
sci-simbad-pulsars	https://simbad.cds.unistra.fr/simbad/sim-tap/sync?request=doQuery&lang=adql&format=json&query=select+top+200+main_id,ra,dec,otype,sp_type+from+basic+where+otype%3D%27Psr%27	json:data	200	SIMBAD pulsars	SIMBAD パルサー	space	astronomy	en	pulsar,simbad,catalogue	86400	Catalogued pulsars with spectral and positional data.
sci-simbad-supernovae	https://simbad.cds.unistra.fr/simbad/sim-tap/sync?request=doQuery&lang=adql&format=json&query=select+top+200+main_id,ra,dec,otype,sp_type+from+basic+where+otype%3D%27SN*%27	json:data	200	SIMBAD supernova objects	SIMBAD 超新星天体	space	astronomy	en	supernova,simbad,catalogue	86400	Catalogued supernovae with identifiers, coordinates and object type.
sci-simbad-xray-binaries	https://simbad.cds.unistra.fr/simbad/sim-tap/sync?request=doQuery&lang=adql&format=json&query=select+top+200+main_id,ra,dec,otype,sp_type+from+basic+where+otype%3D%27XB*%27	json:data	200	SIMBAD X-ray binaries	SIMBAD X線連星	space	astronomy	en	xray-binary,simbad,catalogue	86400	Catalogued X-ray binary systems.
sci-simbad-gamma-ray-bursts	https://simbad.cds.unistra.fr/simbad/sim-tap/sync?request=doQuery&lang=adql&format=json&query=select+top+200+main_id,ra,dec,otype,sp_type+from+basic+where+otype%3D%27gB%27	json:data	200	SIMBAD gamma-ray burst objects	SIMBAD ガンマ線バースト天体	space	astronomy	en	grb,simbad,catalogue	86400	Catalogued gamma-ray burst sources.
sci-skyandtelescope-news	https://skyandtelescope.org/feed/	rss	10	Sky & Telescope	スカイ＆テレスコープ	space	astronomy	en	astronomy,observing	21600	Observational astronomy news and sky events.
sci-copernicus-soil	https://soil.copernicus.org/xml/rss2_0.xml	rss	20	SOIL	土壌科学	science	literature	en	copernicus,egu,open-access,soil	21600	Recent papers from SOIL, a Copernicus open-access journal.
sci-ssd-cad-jupiter	https://ssd-api.jpl.nasa.gov/cad.api?body=Juptr&dist-max=0.5&date-min=2026-01-01&date-max=2028-01-01	json:fields	11	JPL close approaches — jupiter	JPL 接近通過 — jupiter	space	astronomy	en	neo,close-approach,jpl	21600	Predicted small-body close approaches to jupiter with distance and relative velocity.
sci-ssd-cad-mars	https://ssd-api.jpl.nasa.gov/cad.api?body=Mars&dist-max=0.1&date-min=now&date-max=%2B1825	json:data	195	JPL close approaches — Mars	JPL 接近通過 — 火星	space	astronomy	en	neo,close-approach,jpl	21600	Predicted small-body close approaches to Mars with distance and relative velocity.
sci-ssd-cad-moon	https://ssd-api.jpl.nasa.gov/cad.api?body=Moon&dist-max=0.05&date-min=now&date-max=%2B1825	json:data	331	JPL close approaches — the Moon	JPL 接近通過 — 月	space	astronomy	en	neo,close-approach,jpl	21600	Predicted small-body close approaches to the Moon with distance and relative velocity.
sci-ssd-cad-venus	https://ssd-api.jpl.nasa.gov/cad.api?body=Venus&dist-max=0.1&date-min=now&date-max=%2B1825	json:data	348	JPL close approaches — Venus	JPL 接近通過 — 金星	space	astronomy	en	neo,close-approach,jpl	21600	Predicted small-body close approaches to Venus with distance and relative velocity.
sci-ssd-cad-2026-close	https://ssd-api.jpl.nasa.gov/cad.api?dist-max=0.01&date-min=now&date-max=%2B1825&fullname=true	json:data	333	JPL close approaches — Earth (very close)	JPL 接近通過 — 地球（超接近）	space	astronomy	en	neo,close-approach,jpl	21600	Predicted small-body close approaches to Earth (very close) with distance and relative velocity.
sci-ssd-cad-large-objects	https://ssd-api.jpl.nasa.gov/cad.api?dist-max=0.2&date-min=now&date-max=%2B1000&diameter=true&h-max=22	json:data	741	JPL close approaches — Earth (large objects)	JPL 接近通過 — 地球（大型天体）	space	astronomy	en	neo,close-approach,jpl	21600	Predicted small-body close approaches to Earth (large objects) with distance and relative velocity.
sci-ssd-fireball-located	https://ssd-api.jpl.nasa.gov/fireball.api?req-loc=true&limit=200	json:data	200	JPL fireball atmospheric impacts	JPL 火球（大気圏突入）観測	space	astronomy	en	fireball,bolide,impact	21600	US government sensor detections of bolide airbursts with latitude, longitude, altitude and radiated energy.
sci-ssd-nhats	https://ssd-api.jpl.nasa.gov/nhats.api	json:data	7013	JPL NHATS human-accessible NEOs	JPL NHATS 有人到達可能な地球近傍天体	space	astronomy	en	neo,mission-design,nasa	86400	Near-Earth objects assessed as reachable by crewed missions, with delta-v and trip time.
sci-ssd-sbdb-class-amo	https://ssd-api.jpl.nasa.gov/sbdb_query.api?fields=full_name,H,diameter,e,a,i,class&sb-class=AMO&limit=500	json:data	500	JPL SBDB — AMO class small bodies	JPL 小天体DB — アモール群	space	astronomy	en	asteroid,orbit,jpl,amo	86400	Orbital elements and absolute magnitude for AMO-class small bodies.
sci-ssd-sbdb-class-apo	https://ssd-api.jpl.nasa.gov/sbdb_query.api?fields=full_name,H,diameter,e,a,i,class&sb-class=APO&limit=500	json:data	500	JPL SBDB — APO class small bodies	JPL 小天体DB — アポロ群	space	astronomy	en	asteroid,orbit,jpl,apo	86400	Orbital elements and absolute magnitude for APO-class small bodies.
sci-ssd-sbdb-class-ate	https://ssd-api.jpl.nasa.gov/sbdb_query.api?fields=full_name,H,diameter,e,a,i,class&sb-class=ATE&limit=500	json:data	500	JPL SBDB — ATE class small bodies	JPL 小天体DB — アテン群	space	astronomy	en	asteroid,orbit,jpl,ate	86400	Orbital elements and absolute magnitude for ATE-class small bodies.
sci-ssd-sbdb-class-cen	https://ssd-api.jpl.nasa.gov/sbdb_query.api?fields=full_name,H,diameter,e,a,i,class&sb-class=CEN&limit=500	json:data	500	JPL SBDB — CEN class small bodies	JPL 小天体DB — ケンタウルス族	space	astronomy	en	asteroid,orbit,jpl,cen	86400	Orbital elements and absolute magnitude for CEN-class small bodies.
sci-ssd-sbdb-atira	https://ssd-api.jpl.nasa.gov/sbdb_query.api?fields=full_name,H,diameter,e,a,i,class&sb-class=IEO&limit=500	json:data	38	JPL SBDB — ATIRA group	JPL 小天体DB — ATIRA	space	astronomy	en	asteroid,neo,jpl,atira	86400	JPL Small-Body Database query for the ATIRA group with MOID and diameter.
sci-ssd-sbdb-class-imb	https://ssd-api.jpl.nasa.gov/sbdb_query.api?fields=full_name,H,diameter,e,a,i,class&sb-class=IMB&limit=500	json:data	500	JPL SBDB — IMB class small bodies	JPL 小天体DB — 内側小惑星帯	space	astronomy	en	asteroid,orbit,jpl,imb	86400	Orbital elements and absolute magnitude for IMB-class small bodies.
sci-ssd-sbdb-class-mba	https://ssd-api.jpl.nasa.gov/sbdb_query.api?fields=full_name,H,diameter,e,a,i,class&sb-class=MBA&limit=500	json:data	500	JPL SBDB — MBA class small bodies	JPL 小天体DB — 小惑星帯	space	astronomy	en	asteroid,orbit,jpl,mba	86400	Orbital elements and absolute magnitude for MBA-class small bodies.
sci-ssd-sbdb-class-omb	https://ssd-api.jpl.nasa.gov/sbdb_query.api?fields=full_name,H,diameter,e,a,i,class&sb-class=OMB&limit=500	json:data	500	JPL SBDB — OMB class small bodies	JPL 小天体DB — 外側小惑星帯	space	astronomy	en	asteroid,orbit,jpl,omb	86400	Orbital elements and absolute magnitude for OMB-class small bodies.
sci-ssd-sbdb-class-tjn	https://ssd-api.jpl.nasa.gov/sbdb_query.api?fields=full_name,H,diameter,e,a,i,class&sb-class=TJN&limit=500	json:data	500	JPL SBDB — TJN class small bodies	JPL 小天体DB — 木星トロヤ群	space	astronomy	en	asteroid,orbit,jpl,tjn	86400	Orbital elements and absolute magnitude for TJN-class small bodies.
sci-ssd-sbdb-class-tno	https://ssd-api.jpl.nasa.gov/sbdb_query.api?fields=full_name,H,diameter,e,a,i,class&sb-class=TNO&limit=500	json:data	500	JPL SBDB — TNO class small bodies	JPL 小天体DB — 太陽系外縁天体	space	astronomy	en	asteroid,orbit,jpl,tno	86400	Orbital elements and absolute magnitude for TNO-class small bodies.
sci-ssd-sbdb-group-neo	https://ssd-api.jpl.nasa.gov/sbdb_query.api?fields=full_name,H,diameter,moid,class&sb-group=neo&limit=1000	json:data	1000	JPL SBDB — NEO group	JPL 小天体DB — 地球近傍天体	space	astronomy	en	asteroid,neo,jpl,neo	86400	JPL Small-Body Database query for the NEO group with MOID and diameter.
sci-ssd-sbdb-group-pha	https://ssd-api.jpl.nasa.gov/sbdb_query.api?fields=full_name,H,diameter,moid,class&sb-group=pha&limit=1000	json:data	1000	JPL SBDB — PHA group	JPL 小天体DB — 潜在的危険小惑星	space	astronomy	en	asteroid,neo,jpl,pha	86400	JPL Small-Body Database query for the PHA group with MOID and diameter.
sci-ssd-sbdb-jupiter-trojans	https://ssd-api.jpl.nasa.gov/sbdb_query.api?fields=full_name,H,e,a,i,class&sb-class=TJN&limit=500	json:data	500	JPL SBDB — TROJANS group	JPL 小天体DB — TROJANS	space	astronomy	en	asteroid,neo,jpl,trojans	86400	JPL Small-Body Database query for the TROJANS group with MOID and diameter.
sci-ssd-sbdb-comets	https://ssd-api.jpl.nasa.gov/sbdb_query.api?fields=full_name,H,e,a,i,class&sb-kind=c&limit=1000	json:data	1000	JPL SBDB — COMETS group	JPL 小天体DB — COMETS	space	astronomy	en	asteroid,neo,jpl,comets	86400	JPL Small-Body Database query for the COMETS group with MOID and diameter.
sci-ssd-scout-unconfirmed	https://ssd-api.jpl.nasa.gov/scout.api	json:data	66	JPL Scout unconfirmed NEO hazard ratings	JPL スカウト 未確認NEOの危険度評価	space	astronomy	en	neo,impact-risk,nasa	3600	Provisional hazard assessment for objects still on the confirmation page.
sci-ssd-sentry-risk	https://ssd-api.jpl.nasa.gov/sentry.api	json:data	2177	JPL Sentry impact risk table	JPL センチリー衝突リスク表	space	astronomy	en	neo,impact-risk,nasa	21600	Asteroids with a non-zero computed Earth impact probability.
sci-vizier-gcvs	https://tapvizier.cds.unistra.fr/TAPVizieR/tap/sync?request=doQuery&lang=adql&format=json&query=select+top+200+*+from+%22B/gcvs/gcvs_cat%22	json:data	200	VizieR General Catalogue of Variable Stars	VizieR 変光星総合カタログ	space	astronomy	en	variable-star,catalogue,vizier	86400	GCVS variable star catalogue served over the VizieR TAP endpoint.
sci-vizier-tables	https://tapvizier.cds.unistra.fr/TAPVizieR/tap/sync?request=doQuery&lang=adql&format=json&query=select+top+300+*+from+tap_schema.tables	json:data	300	VizieR TAP table inventory	VizieR TAP テーブル一覧	space	astronomy	en	catalogue,vizier,tap	86400	Inventory of astronomical catalogues queryable through VizieR TAP.
sci-copernicus-tc	https://tc.copernicus.org/xml/rss2_0.xml	rss	20	The Cryosphere	雪氷圏	science	literature	en	copernicus,egu,open-access,tc	21600	Recent papers from The Cryosphere, a Copernicus open-access journal.
sci-cdc-mmwr	https://tools.cdc.gov/api/v2/resources/media/132036.rss	rss	22	CDC Morbidity and Mortality Weekly Report	CDC 疾病・死亡週報（MMWR）	health	clinical	en	cdc,mmwr,epidemiology	21600	MMWR articles — the US reference channel for outbreak and surveillance findings.
sci-virological-latest	https://virological.org/latest.rss	rss	30	Virological.org latest topics	Virological.org 最新トピック	health	genomics	en	virology,outbreak,genomics	3600	Where pathogen genomicists post outbreak analyses first, often days ahead of publication.
sci-virological-posts	https://virological.org/posts.rss	rss	50	Virological.org all posts	Virological.org 全投稿	health	genomics	en	virology,outbreak,genomics	3600	Full post stream from the pathogen-genomics discussion forum.
sci-nasa-genelab-studies	https://visualization.osdr.nasa.gov/biodata/api/v2/datasets/	json-object	1	NASA GeneLab / OSDR datasets	NASA GeneLab／OSDR データセット	space	genomics	en	nasa,spaceomics,genomics	86400	Omics datasets from spaceflight experiments, indexed by OSD accession.
sci-copernicus-wcd	https://wcd.copernicus.org/xml/rss2_0.xml	rss	20	Weather and Climate Dynamics	気象・気候力学	science	literature	en	copernicus,egu,open-access,wcd	21600	Recent papers from Weather and Climate Dynamics, a Copernicus open-access journal.
sci-copernicus-we	https://we.copernicus.org/xml/rss2_0.xml	rss	20	Web Ecology	ウェブ・エコロジー（生態学）	science	literature	en	copernicus,egu,open-access,we	21600	Recent papers from Web Ecology, a Copernicus open-access journal.
sci-pangaea-search	https://ws.pangaea.de/es/portals/pansimple/_search?q=*&size=50	json:hits.hits	50	PANGAEA earth and environmental data	PANGAEA 地球環境データ	science	repository	en	pangaea,earth-science,dataset	86400	Curated earth and environmental science datasets with full citation metadata.
sci-asi-news	https://www.asi.it/feed/	rss	50	Italian Space Agency news	イタリア宇宙機関 ニュース	space	spaceflight	it	asi,italy,spaceflight	21600	Agenzia Spaziale Italiana programme announcements.
sci-atel-latest	https://www.astronomerstelegram.org/?rss	rss	10	The Astronomer's Telegram	アストロノマーズ・テレグラム	space	transient	en	transient,astronomy,alert	900	Rapid astronomical transient notices posted by observers worldwide.
sci-nied-bosai-news	https://www.bosai.go.jp/rss.xml	rss	10	NIED disaster prevention research	防災科学技術研究所 新着情報	science	physics	ja	nied,japan,disaster,seismology	21600	National Research Institute for Earth Science and Disaster Resilience updates.
sci-cnrs-news	https://www.cnrs.fr/fr/rss.xml	rss	10	CNRS news	フランス国立科学研究センター（CNRS）ニュース	academic	policy	fr	cnrs,france,research	21600	CNRS research announcements across all disciplines.
sci-optimade-cod	https://www.crystallography.net/cod/optimade/v1/structures?page_limit=50	json:data	50	OPTIMADE Crystallography Open Database	OPTIMADE 結晶構造オープンデータベース	science	materials	en	materials,crystallography,optimade	86400	Crystal structures served through the OPTIMADE federated materials API.
sci-cod-perovskite	https://www.crystallography.net/cod/result.php?format=json&text=perovskite	json-array	3523	Crystallography Open Database — perovskites	結晶構造オープンDB — ペロブスカイト	science	materials	en	materials,crystallography,perovskite	86400	Published perovskite crystal structures with unit cell and reference.
sci-cod-superconductor	https://www.crystallography.net/cod/result.php?format=json&text=superconductor	json-array	346	Crystallography Open Database — superconductors	結晶構造オープンDB — 超伝導体	science	materials	en	materials,crystallography,superconductor	86400	Published superconductor crystal structures.
sci-ebi-biostudies-arrayexpress	https://www.ebi.ac.uk/biostudies/api/v1/arrayexpress/search?pageSize=100	json:hits	100	ArrayExpress functional genomics	ArrayExpress 機能ゲノミクス	science	genomics	en	arrayexpress,transcriptomics,ebi	86400	Functional genomics experiments (microarray, RNA-seq) in ArrayExpress.
sci-ebi-biostudies-bioimages	https://www.ebi.ac.uk/biostudies/api/v1/bioimages/search?pageSize=100	json:hits	100	BioImage Archive	バイオイメージ・アーカイブ	science	repository	en	bioimaging,ebi,dataset	86400	Biological imaging datasets deposited at EMBL-EBI.
sci-ebi-biostudies	https://www.ebi.ac.uk/biostudies/api/v1/search?pageSize=100	json:hits	100	EBI BioStudies	EBI バイオスタディーズ	science	repository	en	ebi,biostudies,dataset	86400	Study-level biological datasets deposited at EMBL-EBI.
sci-chembl-activity	https://www.ebi.ac.uk/chembl/api/data/activity?format=json&limit=100	json:activities	100	ChEMBL activity	ChEMBL 活性データ	science	materials	en	chembl,chemistry,bioactivity,activity	86400	ChEMBL bioactivity database resource: activity.
sci-chembl-assay	https://www.ebi.ac.uk/chembl/api/data/assay?format=json&limit=100	json:assays	100	ChEMBL assay	ChEMBL アッセイ	science	materials	en	chembl,chemistry,bioactivity,assay	86400	ChEMBL bioactivity database resource: assay.
sci-chembl-atc-class	https://www.ebi.ac.uk/chembl/api/data/atc_class?format=json&limit=100	json:atc	100	ChEMBL atc class	ChEMBL ATC分類	science	materials	en	chembl,chemistry,bioactivity,atc-class	86400	ChEMBL bioactivity database resource: atc class.
sci-chembl-binding-site	https://www.ebi.ac.uk/chembl/api/data/binding_site?format=json&limit=100	json:binding_sites	100	ChEMBL binding site	ChEMBL 結合部位	science	materials	en	chembl,chemistry,bioactivity,binding-site	86400	ChEMBL bioactivity database resource: binding site.
sci-chembl-cell-line	https://www.ebi.ac.uk/chembl/api/data/cell_line?format=json&limit=100	json:cell_lines	100	ChEMBL cell line	ChEMBL 細胞株	science	materials	en	chembl,chemistry,bioactivity,cell-line	86400	ChEMBL bioactivity database resource: cell line.
sci-chembl-compound-record	https://www.ebi.ac.uk/chembl/api/data/compound_record?format=json&limit=100	json:compound_records	100	ChEMBL compound record	ChEMBL 化合物レコード	science	materials	en	chembl,chemistry,bioactivity,compound-record	86400	ChEMBL bioactivity database resource: compound record.
sci-chembl-document	https://www.ebi.ac.uk/chembl/api/data/document?format=json&limit=100	json:documents	100	ChEMBL document	ChEMBL 文献	science	materials	en	chembl,chemistry,bioactivity,document	86400	ChEMBL bioactivity database resource: document.
sci-chembl-drug	https://www.ebi.ac.uk/chembl/api/data/drug?format=json&limit=100	json:drugs	100	ChEMBL drug	ChEMBL 医薬品	science	materials	en	chembl,chemistry,bioactivity,drug	86400	ChEMBL bioactivity database resource: drug.
sci-chembl-drug-indication	https://www.ebi.ac.uk/chembl/api/data/drug_indication?format=json&limit=100	json:drug_indications	100	ChEMBL drug indication	ChEMBL 適応症	science	materials	en	chembl,chemistry,bioactivity,drug-indication	86400	ChEMBL bioactivity database resource: drug indication.
sci-chembl-drug-warning	https://www.ebi.ac.uk/chembl/api/data/drug_warning?format=json&limit=100	json:drug_warnings	100	ChEMBL drug warning	ChEMBL 医薬品警告	science	materials	en	chembl,chemistry,bioactivity,drug-warning	86400	ChEMBL bioactivity database resource: drug warning.
sci-chembl-mechanism	https://www.ebi.ac.uk/chembl/api/data/mechanism?format=json&limit=100	json:mechanisms	100	ChEMBL mechanism	ChEMBL 作用機序	science	materials	en	chembl,chemistry,bioactivity,mechanism	86400	ChEMBL bioactivity database resource: mechanism.
sci-chembl-metabolism	https://www.ebi.ac.uk/chembl/api/data/metabolism?format=json&limit=100	json:metabolisms	100	ChEMBL metabolism	ChEMBL 代謝	science	materials	en	chembl,chemistry,bioactivity,metabolism	86400	ChEMBL bioactivity database resource: metabolism.
sci-chembl-molecule	https://www.ebi.ac.uk/chembl/api/data/molecule?format=json&limit=100	json:molecules	100	ChEMBL molecule	ChEMBL 化合物	science	materials	en	chembl,chemistry,bioactivity,molecule	86400	ChEMBL bioactivity database resource: molecule.
sci-chembl-molecule-form	https://www.ebi.ac.uk/chembl/api/data/molecule_form?format=json&limit=100	json:molecule_forms	100	ChEMBL molecule form	ChEMBL 分子形態	science	materials	en	chembl,chemistry,bioactivity,molecule-form	86400	ChEMBL bioactivity database resource: molecule form.
sci-chembl-organism	https://www.ebi.ac.uk/chembl/api/data/organism?format=json&limit=100	json:organisms	100	ChEMBL organism	ChEMBL 生物種	science	materials	en	chembl,chemistry,bioactivity,organism	86400	ChEMBL bioactivity database resource: organism.
sci-chembl-protein-classification	https://www.ebi.ac.uk/chembl/api/data/protein_classification?format=json&limit=100	json:protein_classifications	100	ChEMBL protein classification	ChEMBL タンパク質分類	science	materials	en	chembl,chemistry,bioactivity,protein-classification	86400	ChEMBL bioactivity database resource: protein classification.
sci-chembl-source	https://www.ebi.ac.uk/chembl/api/data/source?format=json&limit=100	json:sources	67	ChEMBL source	ChEMBL データ源	science	materials	en	chembl,chemistry,bioactivity,source	86400	ChEMBL bioactivity database resource: source.
sci-chembl-target	https://www.ebi.ac.uk/chembl/api/data/target?format=json&limit=100	json:targets	100	ChEMBL target	ChEMBL 標的	science	materials	en	chembl,chemistry,bioactivity,target	86400	ChEMBL bioactivity database resource: target.
sci-chembl-target-component	https://www.ebi.ac.uk/chembl/api/data/target_component?format=json&limit=100	json:target_components	100	ChEMBL target component	ChEMBL 標的構成要素	science	materials	en	chembl,chemistry,bioactivity,target-component	86400	ChEMBL bioactivity database resource: target component.
sci-chembl-tissue	https://www.ebi.ac.uk/chembl/api/data/tissue?format=json&limit=100	json:tissues	100	ChEMBL tissue	ChEMBL 組織	science	materials	en	chembl,chemistry,bioactivity,tissue	86400	ChEMBL bioactivity database resource: tissue.
sci-ena-analysis	https://www.ebi.ac.uk/ena/portal/api/search?result=analysis&format=json&limit=100	json-array	100	ENA analysis	欧州ヌクレオチドアーカイブ（ENA）解析	science	genomics	en	ena,ebi,sequencing,analysis	21600	European Nucleotide Archive analysis records with accession-level metadata.
sci-ena-assembly	https://www.ebi.ac.uk/ena/portal/api/search?result=assembly&format=json&limit=25	json-array	25	ENA assembly	欧州ヌクレオチドアーカイブ（ENA）アセンブリ	science	genomics	en	ena,ebi,sequencing,assembly	21600	European Nucleotide Archive assembly records with accession-level metadata.
sci-ena-read-experiment	https://www.ebi.ac.uk/ena/portal/api/search?result=read_experiment&format=json&limit=25	json-array	25	ENA read experiment	欧州ヌクレオチドアーカイブ（ENA）シークエンス実験	science	genomics	en	ena,ebi,sequencing,read-experiment	21600	European Nucleotide Archive read experiment records with accession-level metadata.
sci-ena-read-run	https://www.ebi.ac.uk/ena/portal/api/search?result=read_run&format=json&limit=25	json-array	25	ENA read run	欧州ヌクレオチドアーカイブ（ENA）シークエンスラン	science	genomics	en	ena,ebi,sequencing,read-run	21600	European Nucleotide Archive read run records with accession-level metadata.
sci-ena-sample	https://www.ebi.ac.uk/ena/portal/api/search?result=sample&format=json&limit=25	json-array	25	ENA sample	欧州ヌクレオチドアーカイブ（ENA）サンプル	science	genomics	en	ena,ebi,sequencing,sample	21600	European Nucleotide Archive sample records with accession-level metadata.
sci-ena-sequence	https://www.ebi.ac.uk/ena/portal/api/search?result=sequence&format=json&limit=25	json-array	25	ENA sequence	欧州ヌクレオチドアーカイブ（ENA）配列	science	genomics	en	ena,ebi,sequencing,sequence	21600	European Nucleotide Archive sequence records with accession-level metadata.
sci-ena-study	https://www.ebi.ac.uk/ena/portal/api/search?result=study&format=json&limit=25	json-array	25	ENA study	欧州ヌクレオチドアーカイブ（ENA）研究	science	genomics	en	ena,ebi,sequencing,study	21600	European Nucleotide Archive study records with accession-level metadata.
sci-ena-taxon	https://www.ebi.ac.uk/ena/portal/api/search?result=taxon&format=json&limit=25	json-array	25	ENA taxon	欧州ヌクレオチドアーカイブ（ENA）分類群	science	genomics	en	ena,ebi,sequencing,taxon	21600	European Nucleotide Archive taxon records with accession-level metadata.
sci-ena-wgs-set	https://www.ebi.ac.uk/ena/portal/api/search?result=wgs_set&format=json&limit=25	json-array	25	ENA wgs set	欧州ヌクレオチドアーカイブ（ENA）全ゲノムショットガンセット	science	genomics	en	ena,ebi,sequencing,wgs-set	21600	European Nucleotide Archive wgs set records with accession-level metadata.
sci-europepmc-sars-cov-2-variant	https://www.ebi.ac.uk/europepmc/webservices/rest/search?query=%22SARS-CoV-2%20variant%22&format=json&pageSize=100&sort=P_PDATE_D%20desc	json:resultList.result	100	Europe PMC — sars cov 2 variant	Europe PMC — SARS-CoV-2 変異株	health	literature	en	europepmc,literature,sars-cov-2-variant	7200	Europe PMC search stream for sars cov 2 variant, covering PubMed, PMC, preprints and patents.
sci-europepmc-antimicrobial-resistance	https://www.ebi.ac.uk/europepmc/webservices/rest/search?query=%22antimicrobial%20resistance%22&format=json&pageSize=100&sort=P_PDATE_D%20desc	json:resultList.result	100	Europe PMC — antimicrobial resistance	Europe PMC — 薬剤耐性	health	literature	en	europepmc,literature,antimicrobial-resistance	7200	Europe PMC search stream for antimicrobial resistance, covering PubMed, PMC, preprints and patents.
sci-europepmc-avian-influenza	https://www.ebi.ac.uk/europepmc/webservices/rest/search?query=%22avian%20influenza%22&format=json&pageSize=100&sort=P_PDATE_D%20desc	json:resultList.result	100	Europe PMC — avian influenza	Europe PMC — 鳥インフルエンザ	health	literature	en	europepmc,literature,avian-influenza	7200	Europe PMC search stream for avian influenza, covering PubMed, PMC, preprints and patents.
sci-europepmc-dual-use-research	https://www.ebi.ac.uk/europepmc/webservices/rest/search?query=%22dual%20use%20research%22&format=json&pageSize=100&sort=P_PDATE_D%20desc	json:resultList.result	100	Europe PMC — dual use research	Europe PMC — デュアルユース研究	health	literature	en	europepmc,literature,dual-use-research	7200	Europe PMC search stream for dual use research, covering PubMed, PMC, preprints and patents.
sci-europepmc-gain-of-function	https://www.ebi.ac.uk/europepmc/webservices/rest/search?query=%22gain%20of%20function%22&format=json&pageSize=100&sort=P_PDATE_D%20desc	json:resultList.result	100	Europe PMC — gain of function	Europe PMC — 機能獲得研究	health	literature	en	europepmc,literature,gain-of-function	7200	Europe PMC search stream for gain of function, covering PubMed, PMC, preprints and patents.
sci-europepmc-gene-drive	https://www.ebi.ac.uk/europepmc/webservices/rest/search?query=%22gene%20drive%22&format=json&pageSize=100&sort=P_PDATE_D%20desc	json:resultList.result	100	Europe PMC — gene drive	Europe PMC — 遺伝子ドライブ	health	literature	en	europepmc,literature,gene-drive	7200	Europe PMC search stream for gene drive, covering PubMed, PMC, preprints and patents.
sci-europepmc-vaccine-safety	https://www.ebi.ac.uk/europepmc/webservices/rest/search?query=%22vaccine%20safety%22&format=json&pageSize=100&sort=P_PDATE_D%20desc	json:resultList.result	100	Europe PMC — vaccine safety	Europe PMC — ワクチン安全性	health	literature	en	europepmc,literature,vaccine-safety	7200	Europe PMC search stream for vaccine safety, covering PubMed, PMC, preprints and patents.
sci-europepmc-japan-affiliation	https://www.ebi.ac.uk/europepmc/webservices/rest/search?query=AFF%3A%22Japan%22&format=json&pageSize=100&sort=P_PDATE_D%20desc	json:resultList.result	100	Europe PMC — japan affiliation	Europe PMC — 日本所属機関	health	literature	en	europepmc,literature,japan-affiliation	7200	Europe PMC search stream for japan affiliation, covering PubMed, PMC, preprints and patents.
sci-europepmc-crispr	https://www.ebi.ac.uk/europepmc/webservices/rest/search?query=CRISPR&format=json&pageSize=100&sort=P_PDATE_D%20desc	json:resultList.result	100	Europe PMC — crispr	Europe PMC — ゲノム編集（CRISPR）	health	literature	en	europepmc,literature,crispr	7200	Europe PMC search stream for crispr, covering PubMed, PMC, preprints and patents.
sci-europepmc-open-access	https://www.ebi.ac.uk/europepmc/webservices/rest/search?query=OPEN_ACCESS%3AY&format=json&pageSize=100&sort=P_PDATE_D%20desc	json:resultList.result	100	Europe PMC — open access	Europe PMC — オープンアクセス	health	literature	en	europepmc,literature,open-access	7200	Europe PMC search stream for open access, covering PubMed, PMC, preprints and patents.
sci-europepmc-guidelines	https://www.ebi.ac.uk/europepmc/webservices/rest/search?query=PUB_TYPE%3A%22Guideline%22&format=json&pageSize=100&sort=P_PDATE_D%20desc	json:resultList.result	100	Europe PMC — guidelines	Europe PMC — 診療ガイドライン	health	literature	en	europepmc,literature,guidelines	7200	Europe PMC search stream for guidelines, covering PubMed, PMC, preprints and patents.
sci-europepmc-retracted	https://www.ebi.ac.uk/europepmc/webservices/rest/search?query=PUB_TYPE%3A%22Retracted%20Publication%22&format=json&pageSize=100&sort=P_PDATE_D%20desc	json:resultList.result	100	Europe PMC — retracted	Europe PMC — 撤回論文	health	literature	en	europepmc,literature,retracted	7200	Europe PMC search stream for retracted, covering PubMed, PMC, preprints and patents.
sci-europepmc-latest	https://www.ebi.ac.uk/europepmc/webservices/rest/search?query=SRC%3AMED&format=json&pageSize=100&sort=P_PDATE_D%20desc	json:resultList.result	100	Europe PMC — latest	Europe PMC — 最新論文	health	literature	en	europepmc,literature,latest	7200	Europe PMC search stream for latest, covering PubMed, PMC, preprints and patents.
sci-europepmc-preprints	https://www.ebi.ac.uk/europepmc/webservices/rest/search?query=SRC%3APPR&format=json&pageSize=100&sort=P_PDATE_D%20desc	json:resultList.result	100	Europe PMC — preprints	Europe PMC — プレプリント	health	literature	en	europepmc,literature,preprints	7200	Europe PMC search stream for preprints, covering PubMed, PMC, preprints and patents.
sci-europepmc-biosafety	https://www.ebi.ac.uk/europepmc/webservices/rest/search?query=biosafety&format=json&pageSize=100&sort=P_PDATE_D%20desc	json:resultList.result	100	Europe PMC — biosafety	Europe PMC — バイオセーフティ	health	literature	en	europepmc,literature,biosafety	7200	Europe PMC search stream for biosafety, covering PubMed, PMC, preprints and patents.
sci-europepmc-dengue	https://www.ebi.ac.uk/europepmc/webservices/rest/search?query=dengue&format=json&pageSize=100&sort=P_PDATE_D%20desc	json:resultList.result	100	Europe PMC — dengue	Europe PMC — デング熱	health	literature	en	europepmc,literature,dengue	7200	Europe PMC search stream for dengue, covering PubMed, PMC, preprints and patents.
sci-europepmc-ebola	https://www.ebi.ac.uk/europepmc/webservices/rest/search?query=ebola&format=json&pageSize=100&sort=P_PDATE_D%20desc	json:resultList.result	100	Europe PMC — ebola	Europe PMC — エボラ	health	literature	en	europepmc,literature,ebola	7200	Europe PMC search stream for ebola, covering PubMed, PMC, preprints and patents.
sci-europepmc-malaria	https://www.ebi.ac.uk/europepmc/webservices/rest/search?query=malaria&format=json&pageSize=100&sort=P_PDATE_D%20desc	json:resultList.result	100	Europe PMC — malaria	Europe PMC — マラリア	health	literature	en	europepmc,literature,malaria	7200	Europe PMC search stream for malaria, covering PubMed, PMC, preprints and patents.
sci-europepmc-mpox	https://www.ebi.ac.uk/europepmc/webservices/rest/search?query=mpox&format=json&pageSize=100&sort=P_PDATE_D%20desc	json:resultList.result	100	Europe PMC — mpox	Europe PMC — エムポックス（サル痘）	health	literature	en	europepmc,literature,mpox	7200	Europe PMC search stream for mpox, covering PubMed, PMC, preprints and patents.
sci-europepmc-nipah	https://www.ebi.ac.uk/europepmc/webservices/rest/search?query=nipah&format=json&pageSize=100&sort=P_PDATE_D%20desc	json:resultList.result	100	Europe PMC — nipah	Europe PMC — ニパウイルス	health	literature	en	europepmc,literature,nipah	7200	Europe PMC search stream for nipah, covering PubMed, PMC, preprints and patents.
sci-europepmc-prion	https://www.ebi.ac.uk/europepmc/webservices/rest/search?query=prion&format=json&pageSize=100&sort=P_PDATE_D%20desc	json:resultList.result	100	Europe PMC — prion	Europe PMC — プリオン	health	literature	en	europepmc,literature,prion	7200	Europe PMC search stream for prion, covering PubMed, PMC, preprints and patents.
sci-europepmc-tuberculosis	https://www.ebi.ac.uk/europepmc/webservices/rest/search?query=tuberculosis&format=json&pageSize=100&sort=P_PDATE_D%20desc	json:resultList.result	100	Europe PMC — tuberculosis	Europe PMC — 結核	health	literature	en	europepmc,literature,tuberculosis	7200	Europe PMC search stream for tuberculosis, covering PubMed, PMC, preprints and patents.
sci-ebi-interpro-entries	https://www.ebi.ac.uk/interpro/api/entry/InterPro/?page_size=100	json:results	100	InterPro protein family entries	InterPro タンパク質ファミリー	science	genomics	en	interpro,protein,domains	86400	Protein family, domain and site signatures integrated in InterPro.
sci-ebi-interpro-proteins	https://www.ebi.ac.uk/interpro/api/protein/reviewed/?page_size=50	json:results	50	InterPro reviewed proteins	InterPro 査読済みタンパク質	science	genomics	en	interpro,protein,uniprot	86400	Reviewed UniProt proteins with their InterPro domain assignments.
sci-ebi-ols-ontologies	https://www.ebi.ac.uk/ols4/api/ontologies?size=100	json:_embedded.ontologies	100	EBI Ontology Lookup Service	EBI オントロジー検索サービス	science	genomics	en	ontology,ebi,metadata	86400	Registry of biomedical ontologies with version and term counts.
sci-ecdc-threat-reports	https://www.ecdc.europa.eu/en/taxonomy/term/1808/feed	rss	10	ECDC communicable disease threat reports	ECDC 感染症脅威報告	health	clinical	en	ecdc,outbreak,europe	21600	ECDC weekly communicable disease threat assessments for Europe.
sci-esa-human-and-robotic-exploration	https://www.esa.int/rssfeed/Our_Activities/Human_and_Robotic_Exploration	rss	15	ESA — Human And Robotic Exploration	欧州宇宙機関（ESA）— 有人・ロボット探査	space	spaceflight	en	esa,europe,spaceflight,human-and-robotic-exploration	21600	European Space Agency news channel: human and robotic exploration.
sci-esa-navigation	https://www.esa.int/rssfeed/Our_Activities/Navigation	rss	15	ESA — Navigation	欧州宇宙機関（ESA）— 測位・航法	space	spaceflight	en	esa,europe,spaceflight,navigation	21600	European Space Agency news channel: navigation.
sci-esa-operations	https://www.esa.int/rssfeed/Our_Activities/Operations	rss	15	ESA — Operations	欧州宇宙機関（ESA）— 運用	space	spaceflight	en	esa,europe,spaceflight,operations	21600	European Space Agency news channel: operations.
sci-esa-preparing-for-the-future	https://www.esa.int/rssfeed/Our_Activities/Preparing_for_the_Future	rss	5	ESA — Preparing For The Future	欧州宇宙機関（ESA）— 将来計画	space	spaceflight	en	esa,europe,spaceflight,preparing-for-the-future	21600	European Space Agency news channel: preparing for the future.
sci-esa-space-engineering-technology	https://www.esa.int/rssfeed/Our_Activities/Space_Engineering_Technology	rss	15	ESA — Space Engineering Technology	欧州宇宙機関（ESA）— 宇宙工学・技術	space	spaceflight	en	esa,europe,spaceflight,space-engineering-technology	21600	European Space Agency news channel: space engineering technology.
sci-esa-space-safety-security	https://www.esa.int/rssfeed/Our_Activities/Space_Safety_Security	rss	15	ESA — Space Safety Security	欧州宇宙機関（ESA）— 宇宙安全保障	space	spaceflight	en	esa,europe,spaceflight,space-safety-security	21600	European Space Agency news channel: space safety security.
sci-esa-space-science	https://www.esa.int/rssfeed/Our_Activities/Space_Science	rss	15	ESA — Space Science	欧州宇宙機関（ESA）— 宇宙科学	space	spaceflight	en	esa,europe,spaceflight,space-science	21600	European Space Agency news channel: space science.
sci-esa-telecommunications-integrated-applications	https://www.esa.int/rssfeed/Our_Activities/Telecommunications_Integrated_Applications	rss	15	ESA — Telecommunications Integrated Applications	欧州宇宙機関（ESA）— 通信・統合応用	space	spaceflight	en	esa,europe,spaceflight,telecommunications-integrated-applications	21600	European Space Agency news channel: telecommunications integrated applications.
sci-eso-blog	https://www.eso.org/public/blog/feed/	rss	10	ESOblog	ESOブログ	space	astronomy	en	eso,astronomy,blog	86400	Behind-the-scenes ESO observatory and instrumentation posts.
sci-fraunhofer-press	https://www.fraunhofer.de/en/rss/press.rss	rss	25	Fraunhofer research news	フラウンホーファー研究機構 ニュース	science	materials	en	fraunhofer,germany,applied-research	21600	Fraunhofer applied research results across materials, photonics and manufacturing.
sci-frontiers-aging-neuroscience	https://www.frontiersin.org/journals/aging-neuroscience/rss	rss	20	Frontiers in Aging Neuroscience | New and Recent Articles	フロンティアーズ 加齢神経科学	academic	literature	en	frontiers,open-access,aging-neuroscience	21600	Latest open-access articles from Frontiers in Aging Neuroscience | New and Recent Articles.
sci-frontiers-artificial-intelligence	https://www.frontiersin.org/journals/artificial-intelligence/rss	rss	20	Frontiers in Artificial Intelligence | New and Recent Articles	フロンティアーズ 人工知能	academic	literature	en	frontiers,open-access,artificial-intelligence	21600	Latest open-access articles from Frontiers in Artificial Intelligence | New and Recent Articles.
sci-frontiers-astronomy-and-space-sciences	https://www.frontiersin.org/journals/astronomy-and-space-sciences/rss	rss	20	Frontiers in Astronomy and Space Sciences | New and Recent Articles	フロンティアーズ 天文学・宇宙科学	academic	astronomy	en	frontiers,open-access,astronomy-and-space-sciences	21600	Latest open-access articles from Frontiers in Astronomy and Space Sciences | New and Recent Articles.
sci-frontiers-big-data	https://www.frontiersin.org/journals/big-data/rss	rss	20	Frontiers in Big Data | New and Recent Articles	フロンティアーズ ビッグデータ	academic	literature	en	frontiers,open-access,big-data	21600	Latest open-access articles from Frontiers in Big Data | New and Recent Articles.
sci-frontiers-bioengineering-and-biotechnology	https://www.frontiersin.org/journals/bioengineering-and-biotechnology/rss	rss	20	Frontiers in Bioengineering and Biotechnology | New and Recent Articles	フロンティアーズ 生物工学・バイオテクノロジー	academic	literature	en	frontiers,open-access,bioengineering-and-biotechnology	21600	Latest open-access articles from Frontiers in Bioengineering and Biotechnology | New and Recent Articles.
sci-frontiers-built-environment	https://www.frontiersin.org/journals/built-environment/rss	rss	20	Frontiers in Built Environment | New and Recent Articles	フロンティアーズ 建築環境	academic	literature	en	frontiers,open-access,built-environment	21600	Latest open-access articles from Frontiers in Built Environment | New and Recent Articles.
sci-frontiers-cardiovascular-medicine	https://www.frontiersin.org/journals/cardiovascular-medicine/rss	rss	20	Frontiers in Cardiovascular Medicine | New and Recent Articles	フロンティアーズ 循環器医学	academic	clinical	en	frontiers,open-access,cardiovascular-medicine	21600	Latest open-access articles from Frontiers in Cardiovascular Medicine | New and Recent Articles.
sci-frontiers-cell-and-developmental-biology	https://www.frontiersin.org/journals/cell-and-developmental-biology/rss	rss	20	Frontiers in Cell and Developmental Biology | New and Recent Articles	フロンティアーズ 細胞・発生生物学	academic	literature	en	frontiers,open-access,cell-and-developmental-biology	21600	Latest open-access articles from Frontiers in Cell and Developmental Biology | New and Recent Articles.
sci-frontiers-cellular-and-infection-microbiology	https://www.frontiersin.org/journals/cellular-and-infection-microbiology/rss	rss	20	Frontiers in Cellular and Infection Microbiology | New and Recent Articles	フロンティアーズ 細胞・感染微生物学	academic	genomics	en	frontiers,open-access,cellular-and-infection-microbiology	21600	Latest open-access articles from Frontiers in Cellular and Infection Microbiology | New and Recent Articles.
sci-frontiers-chemistry	https://www.frontiersin.org/journals/chemistry/rss	rss	20	Frontiers in Chemistry | New and Recent Articles	フロンティアーズ 化学	academic	materials	en	frontiers,open-access,chemistry	21600	Latest open-access articles from Frontiers in Chemistry | New and Recent Articles.
sci-frontiers-climate	https://www.frontiersin.org/journals/climate/rss	rss	20	Frontiers in Climate | New and Recent Articles	フロンティアーズ 気候	academic	literature	en	frontiers,open-access,climate	21600	Latest open-access articles from Frontiers in Climate | New and Recent Articles.
sci-frontiers-communication	https://www.frontiersin.org/journals/communication/rss	rss	20	Frontiers in Communication | New and Recent Articles	フロンティアーズ コミュニケーション学	academic	literature	en	frontiers,open-access,communication	21600	Latest open-access articles from Frontiers in Communication | New and Recent Articles.
sci-frontiers-computer-science	https://www.frontiersin.org/journals/computer-science/rss	rss	20	Frontiers in Computer Science | New and Recent Articles	フロンティアーズ 計算機科学	academic	literature	en	frontiers,open-access,computer-science	21600	Latest open-access articles from Frontiers in Computer Science | New and Recent Articles.
sci-frontiers-earth-science	https://www.frontiersin.org/journals/earth-science/rss	rss	20	Frontiers in Earth Science | New and Recent Articles	フロンティアーズ 地球科学	academic	literature	en	frontiers,open-access,earth-science	21600	Latest open-access articles from Frontiers in Earth Science | New and Recent Articles.
sci-frontiers-ecology-and-evolution	https://www.frontiersin.org/journals/ecology-and-evolution/rss	rss	20	Frontiers in Ecology and Evolution | New and Recent Articles	フロンティアーズ 生態学・進化学	academic	literature	en	frontiers,open-access,ecology-and-evolution	21600	Latest open-access articles from Frontiers in Ecology and Evolution | New and Recent Articles.
sci-frontiers-endocrinology	https://www.frontiersin.org/journals/endocrinology/rss	rss	20	Frontiers in Endocrinology | New and Recent Articles	フロンティアーズ 内分泌学	academic	clinical	en	frontiers,open-access,endocrinology	21600	Latest open-access articles from Frontiers in Endocrinology | New and Recent Articles.
sci-frontiers-energy-research	https://www.frontiersin.org/journals/energy-research/rss	rss	20	Frontiers in Energy Research | New and Recent Articles	フロンティアーズ エネルギー研究	academic	literature	en	frontiers,open-access,energy-research	21600	Latest open-access articles from Frontiers in Energy Research | New and Recent Articles.
sci-frontiers-environmental-science	https://www.frontiersin.org/journals/environmental-science/rss	rss	20	Frontiers in Environmental Science | New and Recent Articles	フロンティアーズ 環境科学	academic	literature	en	frontiers,open-access,environmental-science	21600	Latest open-access articles from Frontiers in Environmental Science | New and Recent Articles.
sci-frontiers-genetics	https://www.frontiersin.org/journals/genetics/rss	rss	20	Frontiers in Genetics | New and Recent Articles	フロンティアーズ 遺伝学	academic	genomics	en	frontiers,open-access,genetics	21600	Latest open-access articles from Frontiers in Genetics | New and Recent Articles.
sci-frontiers-human-neuroscience	https://www.frontiersin.org/journals/human-neuroscience/rss	rss	20	Frontiers in Human Neuroscience | New and Recent Articles	フロンティアーズ ヒト神経科学	academic	literature	en	frontiers,open-access,human-neuroscience	21600	Latest open-access articles from Frontiers in Human Neuroscience | New and Recent Articles.
sci-frontiers-immunology	https://www.frontiersin.org/journals/immunology/rss	rss	20	Frontiers in Immunology | New and Recent Articles	フロンティアーズ 免疫学	academic	clinical	en	frontiers,open-access,immunology	21600	Latest open-access articles from Frontiers in Immunology | New and Recent Articles.
sci-frontiers-insect-science	https://www.frontiersin.org/journals/insect-science/rss	rss	20	Frontiers in Insect Science | New and Recent Articles	フロンティアーズ 昆虫科学	academic	literature	en	frontiers,open-access,insect-science	21600	Latest open-access articles from Frontiers in Insect Science | New and Recent Articles.
sci-frontiers-marine-science	https://www.frontiersin.org/journals/marine-science/rss	rss	20	Frontiers in Marine Science | New and Recent Articles	フロンティアーズ 海洋科学	academic	literature	en	frontiers,open-access,marine-science	21600	Latest open-access articles from Frontiers in Marine Science | New and Recent Articles.
sci-frontiers-materials	https://www.frontiersin.org/journals/materials/rss	rss	20	Frontiers in Materials | New and Recent Articles	フロンティアーズ 材料科学	academic	materials	en	frontiers,open-access,materials	21600	Latest open-access articles from Frontiers in Materials | New and Recent Articles.
sci-frontiers-medicine	https://www.frontiersin.org/journals/medicine/rss	rss	20	Frontiers in Medicine | New and Recent Articles	フロンティアーズ 医学	academic	clinical	en	frontiers,open-access,medicine	21600	Latest open-access articles from Frontiers in Medicine | New and Recent Articles.
sci-frontiers-microbiology	https://www.frontiersin.org/journals/microbiology/rss	rss	20	Frontiers in Microbiology | New and Recent Articles	フロンティアーズ 微生物学	academic	genomics	en	frontiers,open-access,microbiology	21600	Latest open-access articles from Frontiers in Microbiology | New and Recent Articles.
sci-frontiers-molecular-biosciences	https://www.frontiersin.org/journals/molecular-biosciences/rss	rss	20	Frontiers in Molecular Biosciences | New and Recent Articles	フロンティアーズ 分子生命科学	academic	genomics	en	frontiers,open-access,molecular-biosciences	21600	Latest open-access articles from Frontiers in Molecular Biosciences | New and Recent Articles.
sci-frontiers-neurology	https://www.frontiersin.org/journals/neurology/rss	rss	20	Frontiers in Neurology | New and Recent Articles	フロンティアーズ 神経内科学	academic	clinical	en	frontiers,open-access,neurology	21600	Latest open-access articles from Frontiers in Neurology | New and Recent Articles.
sci-frontiers-neuroscience	https://www.frontiersin.org/journals/neuroscience/rss	rss	20	Frontiers in Neuroscience | New and Recent Articles	フロンティアーズ 神経科学	academic	literature	en	frontiers,open-access,neuroscience	21600	Latest open-access articles from Frontiers in Neuroscience | New and Recent Articles.
sci-frontiers-nutrition	https://www.frontiersin.org/journals/nutrition/rss	rss	20	Frontiers in Nutrition | New and Recent Articles	フロンティアーズ 栄養学	academic	clinical	en	frontiers,open-access,nutrition	21600	Latest open-access articles from Frontiers in Nutrition | New and Recent Articles.
sci-frontiers-oncology	https://www.frontiersin.org/journals/oncology/rss	rss	20	Frontiers in Oncology | New and Recent Articles	フロンティアーズ 腫瘍学	academic	clinical	en	frontiers,open-access,oncology	21600	Latest open-access articles from Frontiers in Oncology | New and Recent Articles.
sci-frontiers-pediatrics	https://www.frontiersin.org/journals/pediatrics/rss	rss	20	Frontiers in Pediatrics | New and Recent Articles	フロンティアーズ 小児科学	academic	clinical	en	frontiers,open-access,pediatrics	21600	Latest open-access articles from Frontiers in Pediatrics | New and Recent Articles.
sci-frontiers-pharmacology	https://www.frontiersin.org/journals/pharmacology/rss	rss	20	Frontiers in Pharmacology | New and Recent Articles	フロンティアーズ 薬理学	academic	clinical	en	frontiers,open-access,pharmacology	21600	Latest open-access articles from Frontiers in Pharmacology | New and Recent Articles.
sci-frontiers-physics	https://www.frontiersin.org/journals/physics/rss	rss	20	Frontiers in Physics | New and Recent Articles	フロンティアーズ 物理学	academic	physics	en	frontiers,open-access,physics	21600	Latest open-access articles from Frontiers in Physics | New and Recent Articles.
sci-frontiers-physiology	https://www.frontiersin.org/journals/physiology/rss	rss	20	Frontiers in Physiology | New and Recent Articles	フロンティアーズ 生理学	academic	literature	en	frontiers,open-access,physiology	21600	Latest open-access articles from Frontiers in Physiology | New and Recent Articles.
sci-frontiers-plant-science	https://www.frontiersin.org/journals/plant-science/rss	rss	20	Frontiers in Plant Science | New and Recent Articles	フロンティアーズ 植物科学	academic	literature	en	frontiers,open-access,plant-science	21600	Latest open-access articles from Frontiers in Plant Science | New and Recent Articles.
sci-frontiers-political-science	https://www.frontiersin.org/journals/political-science/rss	rss	20	Frontiers in Political Science | New and Recent Articles	フロンティアーズ 政治学	academic	literature	en	frontiers,open-access,political-science	21600	Latest open-access articles from Frontiers in Political Science | New and Recent Articles.
sci-frontiers-psychiatry	https://www.frontiersin.org/journals/psychiatry/rss	rss	20	Frontiers in Psychiatry | New and Recent Articles	フロンティアーズ 精神医学	academic	clinical	en	frontiers,open-access,psychiatry	21600	Latest open-access articles from Frontiers in Psychiatry | New and Recent Articles.
sci-frontiers-psychology	https://www.frontiersin.org/journals/psychology/rss	rss	20	Frontiers in Psychology | New and Recent Articles	フロンティアーズ 心理学	academic	literature	en	frontiers,open-access,psychology	21600	Latest open-access articles from Frontiers in Psychology | New and Recent Articles.
sci-frontiers-public-health	https://www.frontiersin.org/journals/public-health/rss	rss	20	Frontiers in Public Health | New and Recent Articles	フロンティアーズ 公衆衛生学	academic	clinical	en	frontiers,open-access,public-health	21600	Latest open-access articles from Frontiers in Public Health | New and Recent Articles.
sci-frontiers-robotics-and-ai	https://www.frontiersin.org/journals/robotics-and-ai/rss	rss	20	Frontiers in Robotics and AI | New and Recent Articles	フロンティアーズ ロボティクスとAI	academic	literature	en	frontiers,open-access,robotics-and-ai	21600	Latest open-access articles from Frontiers in Robotics and AI | New and Recent Articles.
sci-frontiers-sociology	https://www.frontiersin.org/journals/sociology/rss	rss	20	Frontiers in Sociology | New and Recent Articles	フロンティアーズ 社会学	academic	literature	en	frontiers,open-access,sociology	21600	Latest open-access articles from Frontiers in Sociology | New and Recent Articles.
sci-frontiers-space-technologies	https://www.frontiersin.org/journals/space-technologies/rss	rss	20	Frontiers in Space Technologies | New and Recent Articles	フロンティアーズ 宇宙技術	academic	spaceflight	en	frontiers,open-access,space-technologies	21600	Latest open-access articles from Frontiers in Space Technologies | New and Recent Articles.
sci-frontiers-surgery	https://www.frontiersin.org/journals/surgery/rss	rss	20	Frontiers in Surgery | New and Recent Articles	フロンティアーズ 外科学	academic	clinical	en	frontiers,open-access,surgery	21600	Latest open-access articles from Frontiers in Surgery | New and Recent Articles.
sci-frontiers-sustainable-food-systems	https://www.frontiersin.org/journals/sustainable-food-systems/rss	rss	20	Frontiers in Sustainable Food Systems | New and Recent Articles	フロンティアーズ 持続可能な食料システム	academic	literature	en	frontiers,open-access,sustainable-food-systems	21600	Latest open-access articles from Frontiers in Sustainable Food Systems | New and Recent Articles.
sci-frontiers-systems-biology	https://www.frontiersin.org/journals/systems-biology/rss	rss	20	Frontiers in Systems Biology | New and Recent Articles	フロンティアーズ システム生物学	academic	genomics	en	frontiers,open-access,systems-biology	21600	Latest open-access articles from Frontiers in Systems Biology | New and Recent Articles.
sci-frontiers-toxicology	https://www.frontiersin.org/journals/toxicology/rss	rss	20	Frontiers in Toxicology | New and Recent Articles	フロンティアーズ 毒性学	academic	clinical	en	frontiers,open-access,toxicology	21600	Latest open-access articles from Frontiers in Toxicology | New and Recent Articles.
sci-frontiers-veterinary-science	https://www.frontiersin.org/journals/veterinary-science/rss	rss	20	Frontiers in Veterinary Science | New and Recent Articles	フロンティアーズ 獣医学	academic	literature	en	frontiers,open-access,veterinary-science	21600	Latest open-access articles from Frontiers in Veterinary Science | New and Recent Articles.
sci-frontiers-virology	https://www.frontiersin.org/journals/virology/rss	rss	20	Frontiers in Virology | New and Recent Articles	フロンティアーズ ウイルス学	academic	genomics	en	frontiers,open-access,virology	21600	Latest open-access articles from Frontiers in Virology | New and Recent Articles.
sci-frontiers-water	https://www.frontiersin.org/journals/water/rss	rss	20	Frontiers in Water | New and Recent Articles	フロンティアーズ 水科学	academic	literature	en	frontiers,open-access,water	21600	Latest open-access articles from Frontiers in Water | New and Recent Articles.
sci-hokudai-news	https://www.hokudai.ac.jp/atom.xml	atom	15	Hokkaido University news	北海道大学 ニュース	academic	policy	ja	japan,university,research	21600	Hokkaido University research announcements.
sci-jaxa-press-jp	https://www.jaxa.jp/rss/press_j.rdf	rss	20	JAXA press releases (Japanese)	JAXA プレスリリース（日本語）	space	spaceflight	ja	jaxa,japan,spaceflight	3600	JAXA official press releases in Japanese covering launches, satellites and missions.
sci-jst-bosyu	https://www.jst.go.jp/rss/bosyu.xml	atom	9	JST funding calls	JST 公募情報	academic	funding	ja	jst,japan,funding,call	21600	JST open calls for research proposals — an early indicator of national research priorities.
sci-jst-event	https://www.jst.go.jp/rss/event.xml	atom	4	JST events	JST イベント情報	academic	funding	ja	jst,japan,events	86400	JST symposia and workshop announcements.
sci-jst-press	https://www.jst.go.jp/rss/press.xml	atom	9	JST press releases	科学技術振興機構（JST）プレスリリース	academic	funding	ja	jst,japan,funding,research	7200	Japan Science and Technology Agency research results and programme announcements.
sci-jst-topics	https://www.jst.go.jp/rss/topics.xml	atom	9	JST topics	JST トピックス	academic	funding	ja	jst,japan	21600	JST topical announcements.
sci-kek-news	https://www.kek.jp/ja/feed	rss	10	KEK High Energy Accelerator Research Organization	高エネルギー加速器研究機構（KEK）ニュース	science	physics	ja	kek,japan,particle-physics,belle	21600	KEK announcements covering SuperKEKB, Belle II, J-PARC and photon factory research.
sci-kyoto-u-news	https://www.kyoto-u.ac.jp/ja/rss.xml	rss	50	Kyoto University news	京都大学 ニュース	academic	policy	ja	japan,university,research	21600	Kyoto University research and institutional news.
sci-worms-records	https://www.marinespecies.org/rest/AphiaRecordsByName/Gadus?like=true&marine_only=true	json-array	50	WoRMS marine species register	WoRMS 世界海洋生物種登録	science	repository	en	taxonomy,marine,worms	86400	Authoritative marine species nomenclature from the World Register of Marine Species.
sci-mpc-cometels	https://www.minorplanetcenter.net/Extended_Files/cometels.json	json-array	865	MPC comet orbital elements	MPC 彗星軌道要素	space	astronomy	en	comet,mpc,orbit	86400	Orbital elements for all catalogued comets.
sci-mpc-neocp	https://www.minorplanetcenter.net/Extended_Files/neocp.json	json-array	67	MPC Near-Earth Object Confirmation Page	MPC 地球近傍天体確認ページ	space	astronomy	en	neo,asteroid,mpc	3600	Unconfirmed near-Earth object candidates awaiting follow-up astrometry.
sci-naoj-news	https://www.nao.ac.jp/atom.xml	atom	20	NAOJ National Astronomical Observatory of Japan	国立天文台 ニュース	space	astronomy	ja	naoj,japan,astronomy,subaru	7200	National Astronomical Observatory of Japan results from Subaru, ALMA and Hyper Suprime-Cam.
sci-nasa-blogs-index	https://www.nasa.gov/blogs/feed/	rss	10	NASA blogs (all)	NASA ブログ（全体）	space	spaceflight	en	nasa,blogs,operations	3600	Aggregated NASA mission blogs including live launch and ISS operations commentary.
sci-nature-am	https://www.nature.com/am.rss	rss	8	NPG Asia Materials	NPGアジア・マテリアルズ	academic	materials	en	nature,journal,am	21600	New research from NPG Asia Materials (Springer Nature RSS).
sci-nature-bdj	https://www.nature.com/bdj.rss	rss	8	British Dental Journal	英国歯科ジャーナル	academic	clinical	en	nature,journal,bdj	21600	New research from British Dental Journal (Springer Nature RSS).
sci-nature-bjc	https://www.nature.com/bjc.rss	rss	8	British Journal of Cancer	英国がん学会誌	academic	clinical	en	nature,journal,bjc	21600	New research from British Journal of Cancer (Springer Nature RSS).
sci-nature-bmt	https://www.nature.com/bmt.rss	rss	8	Bone Marrow Transplantation	骨髄移植	academic	clinical	en	nature,journal,bmt	21600	New research from Bone Marrow Transplantation (Springer Nature RSS).
sci-nature-cdd	https://www.nature.com/cdd.rss	rss	8	Cell Death &amp; Differentiation	細胞死と分化	academic	genomics	en	nature,journal,cdd	21600	New research from Cell Death &amp; Differentiation (Springer Nature RSS).
sci-nature-cddis	https://www.nature.com/cddis.rss	rss	8	Cell Death &amp; Disease	細胞死と疾患	academic	genomics	en	nature,journal,cddis	21600	New research from Cell Death &amp; Disease (Springer Nature RSS).
sci-nature-cgt	https://www.nature.com/cgt.rss	rss	8	Cancer Gene Therapy	がん遺伝子治療	academic	genomics	en	nature,journal,cgt	21600	New research from Cancer Gene Therapy (Springer Nature RSS).
sci-nature-cmi	https://www.nature.com/cmi.rss	rss	8	Cellular &amp; Molecular Immunology	細胞・分子免疫学	academic	genomics	en	nature,journal,cmi	21600	New research from Cellular &amp; Molecular Immunology (Springer Nature RSS).
sci-nature-commsbio	https://www.nature.com/commsbio.rss	rss	8	Communications Biology	コミュニケーションズ生物学	academic	literature	en	nature,journal,commsbio	21600	New research from Communications Biology (Springer Nature RSS).
sci-nature-commschem	https://www.nature.com/commschem.rss	rss	8	Communications Chemistry	コミュニケーションズ化学	academic	literature	en	nature,journal,commschem	21600	New research from Communications Chemistry (Springer Nature RSS).
sci-nature-commseng	https://www.nature.com/commseng.rss	rss	8	Communications Engineering	コミュニケーションズ工学	academic	literature	en	nature,journal,commseng	21600	New research from Communications Engineering (Springer Nature RSS).
sci-nature-commsenv	https://www.nature.com/commsenv.rss	rss	8	Communications Earth &amp; Environment	コミュニケーションズ地球環境	academic	literature	en	nature,journal,commsenv	21600	New research from Communications Earth &amp; Environment (Springer Nature RSS).
sci-nature-commsmat	https://www.nature.com/commsmat.rss	rss	8	Communications Materials	コミュニケーションズ材料科学	academic	literature	en	nature,journal,commsmat	21600	New research from Communications Materials (Springer Nature RSS).
sci-nature-commsmed	https://www.nature.com/commsmed.rss	rss	8	Communications Medicine	コミュニケーションズ医学	academic	clinical	en	nature,journal,commsmed	21600	New research from Communications Medicine (Springer Nature RSS).
sci-nature-commsphys	https://www.nature.com/commsphys.rss	rss	8	Communications Physics	コミュニケーションズ物理学	academic	literature	en	nature,journal,commsphys	21600	New research from Communications Physics (Springer Nature RSS).
sci-nature-cr	https://www.nature.com/cr.rss	rss	8	Cell Research	セル・リサーチ（細胞研究）	academic	genomics	en	nature,journal,cr	21600	New research from Cell Research (Springer Nature RSS).
sci-nature-ejhg	https://www.nature.com/ejhg.rss	rss	8	European Journal of Human Genetics	欧州ヒト遺伝学ジャーナル	academic	genomics	en	nature,journal,ejhg	21600	New research from European Journal of Human Genetics (Springer Nature RSS).
sci-nature-emm	https://www.nature.com/emm.rss	rss	8	Experimental &amp; Molecular Medicine	実験分子医学	academic	genomics	en	nature,journal,emm	21600	New research from Experimental &amp; Molecular Medicine (Springer Nature RSS).
sci-nature-eye	https://www.nature.com/eye.rss	rss	8	Eye	アイ（眼科学）	academic	clinical	en	nature,journal,eye	21600	New research from Eye (Springer Nature RSS).
sci-nature-gt	https://www.nature.com/gt.rss	rss	8	Gene Therapy	遺伝子治療	academic	genomics	en	nature,journal,gt	21600	New research from Gene Therapy (Springer Nature RSS).
sci-nature-hgv	https://www.nature.com/hgv.rss	rss	8	Human Genome Variation	ヒトゲノム変異	academic	genomics	en	nature,journal,hgv	21600	New research from Human Genome Variation (Springer Nature RSS).
sci-nature-hr	https://www.nature.com/hr.rss	rss	8	Hypertension Research	高血圧研究	academic	clinical	en	nature,journal,hr	21600	New research from Hypertension Research (Springer Nature RSS).
sci-nature-ijo	https://www.nature.com/ijo.rss	rss	8	International Journal of Obesity	国際肥満学ジャーナル	academic	clinical	en	nature,journal,ijo	21600	New research from International Journal of Obesity (Springer Nature RSS).
sci-nature-ijos	https://www.nature.com/ijos.rss	rss	8	International Journal of Oral Science	国際口腔科学ジャーナル	academic	clinical	en	nature,journal,ijos	21600	New research from International Journal of Oral Science (Springer Nature RSS).
sci-nature-ismej	https://www.nature.com/ismej.rss	rss	8	The ISME Journal	ISMEジャーナル（微生物生態学）	academic	genomics	en	nature,journal,ismej	21600	New research from The ISME Journal (Springer Nature RSS).
sci-nature-ja	https://www.nature.com/ja.rss	rss	8	The Journal of Antibiotics	ジャーナル・オブ・アンチバイオティクス（抗生物質）	academic	literature	en	nature,journal,ja	21600	New research from The Journal of Antibiotics (Springer Nature RSS).
sci-nature-jhg	https://www.nature.com/jhg.rss	rss	8	Journal of Human Genetics	人類遺伝学ジャーナル	academic	genomics	en	nature,journal,jhg	21600	New research from Journal of Human Genetics (Springer Nature RSS).
sci-nature-jhh	https://www.nature.com/jhh.rss	rss	8	Journal of Human Hypertension	ヒト高血圧ジャーナル	academic	clinical	en	nature,journal,jhh	21600	New research from Journal of Human Hypertension (Springer Nature RSS).
sci-nature-leu	https://www.nature.com/leu.rss	rss	8	Leukemia	白血病（ロイケミア）	academic	clinical	en	nature,journal,leu	21600	New research from Leukemia (Springer Nature RSS).
sci-nature-lsa	https://www.nature.com/lsa.rss	rss	8	Light: Science &amp; Applications	ライト：サイエンス＆アプリケーションズ（光科学）	academic	physics	en	nature,journal,lsa	21600	New research from Light: Science &amp; Applications (Springer Nature RSS).
sci-nature-micronano	https://www.nature.com/micronano.rss	rss	8	Microsystems &amp; Nanoengineering	マイクロシステムズ＆ナノエンジニアリング	academic	physics	en	nature,journal,micronano	21600	New research from Microsystems &amp; Nanoengineering (Springer Nature RSS).
sci-nature-mp	https://www.nature.com/mp.rss	rss	8	Molecular Psychiatry	分子精神医学	academic	clinical	en	nature,journal,mp	21600	New research from Molecular Psychiatry (Springer Nature RSS).
sci-nature-natastron	https://www.nature.com/natastron.rss	rss	8	Nature Astronomy	ネイチャー天文学	academic	astronomy	en	nature,journal,natastron	21600	New research from Nature Astronomy (Springer Nature RSS).
sci-nature-natcancer	https://www.nature.com/natcancer.rss	rss	8	Nature Cancer	ネイチャーがん研究	academic	literature	en	nature,journal,natcancer	21600	New research from Nature Cancer (Springer Nature RSS).
sci-nature-natcardiovascres	https://www.nature.com/natcardiovascres.rss	rss	8	Nature Cardiovascular Research	ネイチャー循環器研究	academic	literature	en	nature,journal,natcardiovascres	21600	New research from Nature Cardiovascular Research (Springer Nature RSS).
sci-nature-natecolevol	https://www.nature.com/natecolevol.rss	rss	8	Nature Ecology &amp; Evolution	ネイチャー生態学・進化学	academic	literature	en	nature,journal,natecolevol	21600	New research from Nature Ecology &amp; Evolution (Springer Nature RSS).
sci-nature-natfood	https://www.nature.com/natfood.rss	rss	8	Nature Food	ネイチャー食料科学	academic	literature	en	nature,journal,natfood	21600	New research from Nature Food (Springer Nature RSS).
sci-nature-natmachintell	https://www.nature.com/natmachintell.rss	rss	8	Nature Machine Intelligence	ネイチャー機械知能	academic	literature	en	nature,journal,natmachintell	21600	New research from Nature Machine Intelligence (Springer Nature RSS).
sci-nature-natmetab	https://www.nature.com/natmetab.rss	rss	8	Nature Metabolism	ネイチャー代謝学	academic	literature	en	nature,journal,natmetab	21600	New research from Nature Metabolism (Springer Nature RSS).
sci-nature-natrevbioeng	https://www.nature.com/natrevbioeng.rss	rss	8	Nature Reviews Bioengineering	ネイチャーレビュー生物工学	academic	literature	en	nature,journal,natrevbioeng	21600	New research from Nature Reviews Bioengineering (Springer Nature RSS).
sci-nature-natrevchem	https://www.nature.com/natrevchem.rss	rss	8	Nature Reviews Chemistry	ネイチャーレビュー化学	academic	materials	en	nature,journal,natrevchem	21600	New research from Nature Reviews Chemistry (Springer Nature RSS).
sci-nature-natrevearthenviron	https://www.nature.com/natrevearthenviron.rss	rss	8	Nature Reviews Earth &amp; Environment	ネイチャーレビュー地球環境	academic	literature	en	nature,journal,natrevearthenviron	21600	New research from Nature Reviews Earth &amp; Environment (Springer Nature RSS).
sci-nature-natrevmats	https://www.nature.com/natrevmats.rss	rss	8	Nature Reviews Materials	ネイチャーレビュー材料科学	academic	materials	en	nature,journal,natrevmats	21600	New research from Nature Reviews Materials (Springer Nature RSS).
sci-nature-natrevphys	https://www.nature.com/natrevphys.rss	rss	8	Nature Reviews Physics	ネイチャーレビュー物理学	academic	physics	en	nature,journal,natrevphys	21600	New research from Nature Reviews Physics (Springer Nature RSS).
sci-nature-natsynth	https://www.nature.com/natsynth.rss	rss	8	Nature Synthesis	ネイチャー合成化学	academic	materials	en	nature,journal,natsynth	21600	New research from Nature Synthesis (Springer Nature RSS).
sci-nature-natwater	https://www.nature.com/natwater.rss	rss	8	Nature Water	ネイチャー水科学	academic	literature	en	nature,journal,natwater	21600	New research from Nature Water (Springer Nature RSS).
sci-nature-nbt	https://www.nature.com/nbt.rss	rss	8	Nature Biotechnology	ネイチャー・バイオテクノロジー	academic	genomics	en	nature,journal,nbt	21600	New research from Nature Biotechnology (Springer Nature RSS).
sci-nature-nchem	https://www.nature.com/nchem.rss	rss	8	Nature Chemistry	ネイチャー化学	academic	materials	en	nature,journal,nchem	21600	New research from Nature Chemistry (Springer Nature RSS).
sci-nature-nchembio	https://www.nature.com/nchembio.rss	rss	8	Nature Chemical Biology	ネイチャー化学生物学	academic	materials	en	nature,journal,nchembio	21600	New research from Nature Chemical Biology (Springer Nature RSS).
sci-nature-nclimate	https://www.nature.com/nclimate.rss	rss	8	Nature Climate Change	ネイチャー気候変動	academic	literature	en	nature,journal,nclimate	21600	New research from Nature Climate Change (Springer Nature RSS).
sci-nature-ncomms	https://www.nature.com/ncomms.rss	rss	8	Nature Communications	ネイチャー・コミュニケーションズ	academic	literature	en	nature,journal,ncomms	21600	New research from Nature Communications (Springer Nature RSS).
sci-nature-nenergy	https://www.nature.com/nenergy.rss	rss	8	Nature Energy	ネイチャー・エナジー	academic	literature	en	nature,journal,nenergy	21600	New research from Nature Energy (Springer Nature RSS).
sci-nature-neuro	https://www.nature.com/neuro.rss	rss	8	Nature Neuroscience	ネイチャー神経科学	academic	literature	en	nature,journal,neuro	21600	New research from Nature Neuroscience (Springer Nature RSS).
sci-nature-ng	https://www.nature.com/ng.rss	rss	8	Nature Genetics	ネイチャー遺伝学	academic	genomics	en	nature,journal,ng	21600	New research from Nature Genetics (Springer Nature RSS).
sci-nature-ni	https://www.nature.com/ni.rss	rss	8	Nature Immunology	ネイチャー免疫学	academic	genomics	en	nature,journal,ni	21600	New research from Nature Immunology (Springer Nature RSS).
sci-nature-nm	https://www.nature.com/nm.rss	rss	8	Nature Medicine	ネイチャー医学	academic	clinical	en	nature,journal,nm	21600	New research from Nature Medicine (Springer Nature RSS).
sci-nature-nmat	https://www.nature.com/nmat.rss	rss	8	Nature Materials	ネイチャー材料科学	academic	physics	en	nature,journal,nmat	21600	New research from Nature Materials (Springer Nature RSS).
sci-nature-nmeth	https://www.nature.com/nmeth.rss	rss	8	Nature Methods	ネイチャー・メソッズ（実験手法）	academic	genomics	en	nature,journal,nmeth	21600	New research from Nature Methods (Springer Nature RSS).
sci-nature-nmicrobiol	https://www.nature.com/nmicrobiol.rss	rss	8	Nature Microbiology	ネイチャー微生物学	academic	genomics	en	nature,journal,nmicrobiol	21600	New research from Nature Microbiology (Springer Nature RSS).
sci-nature-nnano	https://www.nature.com/nnano.rss	rss	8	Nature Nanotechnology	ネイチャー・ナノテクノロジー	academic	physics	en	nature,journal,nnano	21600	New research from Nature Nanotechnology (Springer Nature RSS).
sci-nature-nphoton	https://www.nature.com/nphoton.rss	rss	8	Nature Photonics	ネイチャー・フォトニクス	academic	physics	en	nature,journal,nphoton	21600	New research from Nature Photonics (Springer Nature RSS).
sci-nature-nphys	https://www.nature.com/nphys.rss	rss	8	Nature Physics	ネイチャー物理学	academic	physics	en	nature,journal,nphys	21600	New research from Nature Physics (Springer Nature RSS).
sci-nature-npj2dmaterials	https://www.nature.com/npj2dmaterials.rss	rss	8	npj 2D Materials and Applications	npj 二次元材料と応用	academic	physics	en	nature,journal,npj2dmaterials	21600	New research from npj 2D Materials and Applications (Springer Nature RSS).
sci-nature-npjacoustics	https://www.nature.com/npjacoustics.rss	rss	8	npj Acoustics	npj 音響学	academic	physics	en	nature,journal,npjacoustics	21600	New research from npj Acoustics (Springer Nature RSS).
sci-nature-npjamd	https://www.nature.com/npjamd.rss	rss	8	npj Aging	npj エイジング（加齢）	academic	literature	en	nature,journal,npjamd	21600	New research from npj Aging (Springer Nature RSS).
sci-nature-npjbcancer	https://www.nature.com/npjbcancer.rss	rss	8	npj Breast Cancer	npj 乳がん	academic	clinical	en	nature,journal,npjbcancer	21600	New research from npj Breast Cancer (Springer Nature RSS).
sci-nature-npjbiofilms	https://www.nature.com/npjbiofilms.rss	rss	8	npj Biofilms and Microbiomes	npj バイオフィルムとマイクロバイオーム	academic	genomics	en	nature,journal,npjbiofilms	21600	New research from npj Biofilms and Microbiomes (Springer Nature RSS).
sci-nature-npjbiosensing	https://www.nature.com/npjbiosensing.rss	rss	8	npj Biosensing	npj バイオセンシング	academic	literature	en	nature,journal,npjbiosensing	21600	New research from npj Biosensing (Springer Nature RSS).
sci-nature-npjcleanwater	https://www.nature.com/npjcleanwater.rss	rss	8	npj Clean Water	npj クリーンウォーター	academic	literature	en	nature,journal,npjcleanwater	21600	New research from npj Clean Water (Springer Nature RSS).
sci-nature-npjclimatsci	https://www.nature.com/npjclimatsci.rss	rss	8	npj Climate and Atmospheric Science	npj 気候・大気科学	academic	literature	en	nature,journal,npjclimatsci	21600	New research from npj Climate and Atmospheric Science (Springer Nature RSS).
sci-nature-npjcompumats	https://www.nature.com/npjcompumats.rss	rss	8	npj Computational Materials	npj 計算材料科学	academic	materials	en	nature,journal,npjcompumats	21600	New research from npj Computational Materials (Springer Nature RSS).
sci-nature-npjdigitalmed	https://www.nature.com/npjdigitalmed.rss	rss	8	npj Digital Medicine	npj デジタル医療	academic	clinical	en	nature,journal,npjdigitalmed	21600	New research from npj Digital Medicine (Springer Nature RSS).
sci-nature-npjgenmed	https://www.nature.com/npjgenmed.rss	rss	8	npj Genomic Medicine	npj ゲノム医療	academic	genomics	en	nature,journal,npjgenmed	21600	New research from npj Genomic Medicine (Springer Nature RSS).
sci-nature-npjimaging	https://www.nature.com/npjimaging.rss	rss	8	npj Imaging	npj イメージング	academic	clinical	en	nature,journal,npjimaging	21600	New research from npj Imaging (Springer Nature RSS).
sci-nature-npjmatsustain	https://www.nature.com/npjmatsustain.rss	rss	8	npj Materials Sustainability	npj 材料サステナビリティ	academic	materials	en	nature,journal,npjmatsustain	21600	New research from npj Materials Sustainability (Springer Nature RSS).
sci-nature-npjmetabhealth	https://www.nature.com/npjmetabhealth.rss	rss	8	npj Metabolic Health and Disease	npj 代謝の健康と疾患	academic	clinical	en	nature,journal,npjmetabhealth	21600	New research from npj Metabolic Health and Disease (Springer Nature RSS).
sci-nature-npjmgrav	https://www.nature.com/npjmgrav.rss	rss	8	npj Microgravity	npj 微小重力	academic	astronomy	en	nature,journal,npjmgrav	21600	New research from npj Microgravity (Springer Nature RSS).
sci-nature-npjnanophoton	https://www.nature.com/npjnanophoton.rss	rss	8	npj Nanophotonics	npj ナノフォトニクス	academic	physics	en	nature,journal,npjnanophoton	21600	New research from npj Nanophotonics (Springer Nature RSS).
sci-nature-npjparkd	https://www.nature.com/npjparkd.rss	rss	8	npj Parkinson&#x27;s Disease	npj パーキンソン病	academic	clinical	en	nature,journal,npjparkd	21600	New research from npj Parkinson&#x27;s Disease (Springer Nature RSS).
sci-nature-npjqi	https://www.nature.com/npjqi.rss	rss	8	npj Quantum Information	npj 量子情報	academic	physics	en	nature,journal,npjqi	21600	New research from npj Quantum Information (Springer Nature RSS).
sci-nature-npjregenmed	https://www.nature.com/npjregenmed.rss	rss	8	npj Regenerative Medicine	npj 再生医療	academic	clinical	en	nature,journal,npjregenmed	21600	New research from npj Regenerative Medicine (Springer Nature RSS).
sci-nature-npjschz	https://www.nature.com/npjschz.rss	rss	8	Schizophrenia	npj 統合失調症	academic	literature	en	nature,journal,npjschz	21600	New research from Schizophrenia (Springer Nature RSS).
sci-nature-npjscifood	https://www.nature.com/npjscifood.rss	rss	8	npj Science of Food	npj 食品科学	academic	literature	en	nature,journal,npjscifood	21600	New research from npj Science of Food (Springer Nature RSS).
sci-nature-npjspintronics	https://www.nature.com/npjspintronics.rss	rss	8	npj Spintronics	npj スピントロニクス	academic	physics	en	nature,journal,npjspintronics	21600	New research from npj Spintronics (Springer Nature RSS).
sci-nature-npjsustainagric	https://www.nature.com/npjsustainagric.rss	rss	8	npj Sustainable Agriculture	npj 持続可能な農業	academic	literature	en	nature,journal,npjsustainagric	21600	New research from npj Sustainable Agriculture (Springer Nature RSS).
sci-nature-npjvaccines	https://www.nature.com/npjvaccines.rss	rss	8	npj Vaccines	npj ワクチン	academic	clinical	en	nature,journal,npjvaccines	21600	New research from npj Vaccines (Springer Nature RSS).
sci-nature-npjviruses	https://www.nature.com/npjviruses.rss	rss	8	npj Viruses	npj ウイルス学	academic	genomics	en	nature,journal,npjviruses	21600	New research from npj Viruses (Springer Nature RSS).
sci-nature-nplants	https://www.nature.com/nplants.rss	rss	8	Nature Plants	ネイチャー植物科学	academic	literature	en	nature,journal,nplants	21600	New research from Nature Plants (Springer Nature RSS).
sci-nature-npp	https://www.nature.com/npp.rss	rss	8	Neuropsychopharmacology	神経精神薬理学	academic	clinical	en	nature,journal,npp	21600	New research from Neuropsychopharmacology (Springer Nature RSS).
sci-nature-nrc	https://www.nature.com/nrc.rss	rss	8	Nature Reviews Cancer	ネイチャーレビューがん研究	academic	literature	en	nature,journal,nrc	21600	New research from Nature Reviews Cancer (Springer Nature RSS).
sci-nature-nrcardio	https://www.nature.com/nrcardio.rss	rss	8	Nature Reviews Cardiology	ネイチャーレビュー循環器学	academic	clinical	en	nature,journal,nrcardio	21600	New research from Nature Reviews Cardiology (Springer Nature RSS).
sci-nature-nrclinonc	https://www.nature.com/nrclinonc.rss	rss	8	Nature Reviews Clinical Oncology	ネイチャーレビュー臨床腫瘍学	academic	clinical	en	nature,journal,nrclinonc	21600	New research from Nature Reviews Clinical Oncology (Springer Nature RSS).
sci-nature-nrd	https://www.nature.com/nrd.rss	rss	8	Nature Reviews Drug Discovery	ネイチャーレビュー創薬	academic	clinical	en	nature,journal,nrd	21600	New research from Nature Reviews Drug Discovery (Springer Nature RSS).
sci-nature-nrendo	https://www.nature.com/nrendo.rss	rss	8	Nature Reviews Endocrinology	ネイチャーレビュー内分泌学	academic	clinical	en	nature,journal,nrendo	21600	New research from Nature Reviews Endocrinology (Springer Nature RSS).
sci-nature-nrg	https://www.nature.com/nrg.rss	rss	8	Nature Reviews Genetics	ネイチャーレビュー遺伝学	academic	genomics	en	nature,journal,nrg	21600	New research from Nature Reviews Genetics (Springer Nature RSS).
sci-nature-nrgastro	https://www.nature.com/nrgastro.rss	rss	8	Nature Reviews Gastroenterology &amp; Hepatology	ネイチャーレビュー消化器・肝臓学	academic	clinical	en	nature,journal,nrgastro	21600	New research from Nature Reviews Gastroenterology &amp; Hepatology (Springer Nature RSS).
sci-nature-nri	https://www.nature.com/nri.rss	rss	8	Nature Reviews Immunology	ネイチャーレビュー免疫学	academic	genomics	en	nature,journal,nri	21600	New research from Nature Reviews Immunology (Springer Nature RSS).
sci-nature-nrm	https://www.nature.com/nrm.rss	rss	8	Nature Reviews Molecular Cell Biology	ネイチャーレビュー分子細胞生物学	academic	genomics	en	nature,journal,nrm	21600	New research from Nature Reviews Molecular Cell Biology (Springer Nature RSS).
sci-nature-nrmicro	https://www.nature.com/nrmicro.rss	rss	8	Nature Reviews Microbiology	ネイチャーレビュー微生物学	academic	genomics	en	nature,journal,nrmicro	21600	New research from Nature Reviews Microbiology (Springer Nature RSS).
sci-nature-nrn	https://www.nature.com/nrn.rss	rss	8	Nature Reviews Neuroscience	ネイチャーレビュー神経科学	academic	literature	en	nature,journal,nrn	21600	New research from Nature Reviews Neuroscience (Springer Nature RSS).
sci-nature-nrneph	https://www.nature.com/nrneph.rss	rss	8	Nature Reviews Nephrology	ネイチャーレビュー腎臓学	academic	clinical	en	nature,journal,nrneph	21600	New research from Nature Reviews Nephrology (Springer Nature RSS).
sci-nature-nrpsychol	https://www.nature.com/nrpsychol.rss	rss	8	Nature Reviews Psychology	ネイチャーレビュー心理学	academic	literature	en	nature,journal,nrpsychol	21600	New research from Nature Reviews Psychology (Springer Nature RSS).
sci-nature-nrrheum	https://www.nature.com/nrrheum.rss	rss	8	Nature Reviews Rheumatology	ネイチャーレビューリウマチ学	academic	clinical	en	nature,journal,nrrheum	21600	New research from Nature Reviews Rheumatology (Springer Nature RSS).
sci-nature-nrurol	https://www.nature.com/nrurol.rss	rss	8	Nature Reviews Urology	ネイチャーレビュー泌尿器科学	academic	clinical	en	nature,journal,nrurol	21600	New research from Nature Reviews Urology (Springer Nature RSS).
sci-nature-nsmb	https://www.nature.com/nsmb.rss	rss	8	Nature Structural &amp; Molecular Biology	ネイチャー構造・分子生物学	academic	genomics	en	nature,journal,nsmb	21600	New research from Nature Structural &amp; Molecular Biology (Springer Nature RSS).
sci-nature-nutd	https://www.nature.com/nutd.rss	rss	8	Nutrition &amp; Diabetes	栄養と糖尿病	academic	clinical	en	nature,journal,nutd	21600	New research from Nutrition &amp; Diabetes (Springer Nature RSS).
sci-nature-onc	https://www.nature.com/onc.rss	rss	8	Oncogene	オンコジーン（がん遺伝子）	academic	genomics	en	nature,journal,onc	21600	New research from Oncogene (Springer Nature RSS).
sci-nature-pcan	https://www.nature.com/pcan.rss	rss	8	Prostate Cancer and Prostatic Diseases	前立腺がん・前立腺疾患	academic	clinical	en	nature,journal,pcan	21600	New research from Prostate Cancer and Prostatic Diseases (Springer Nature RSS).
sci-nature-sdata	https://www.nature.com/sdata.rss	rss	8	Scientific Data	サイエンティフィック・データ	academic	literature	en	nature,journal,sdata	21600	New research from Scientific Data (Springer Nature RSS).
sci-nature-srep	https://www.nature.com/srep.rss	rss	8	Scientific Reports	サイエンティフィック・リポーツ	academic	literature	en	nature,journal,srep	21600	New research from Scientific Reports (Springer Nature RSS).
sci-nature-tp	https://www.nature.com/tp.rss	rss	8	Translational Psychiatry	トランスレーショナル精神医学	academic	clinical	en	nature,journal,tp	21600	New research from Translational Psychiatry (Springer Nature RSS).
sci-nii-news	https://www.nii.ac.jp/news/rss.xml	rss	15	NII National Institute of Informatics	国立情報学研究所（NII）ニュース	academic	policy	ja	nii,japan,informatics	21600	National Institute of Informatics announcements on research data infrastructure and SINET.
sci-nistep-news	https://www.nistep.go.jp/feed	rss	15	NISTEP science and technology policy research	科学技術・学術政策研究所（NISTEP）	academic	policy	ja	japan,science-policy,nistep	86400	Japanese national science and technology policy research reports and indicators.
sci-planetary-society	https://www.planetary.org/rss/articles	rss	50	The Planetary Society articles	惑星協会 記事	space	spaceflight	en	planetary-science,advocacy	21600	Planetary Society analysis of planetary missions and space policy.
sci-pmda-rss-015	https://www.pmda.go.jp/rss_015.xml	rss	50	PMDA safety information 015	PMDA 安全性情報（015）	health	clinical	ja	pmda,japan,drug-safety	21600	PMDA Japanese drug and device safety publication channel.
sci-pmda-rss-016	https://www.pmda.go.jp/rss_016.xml	rss	50	PMDA safety information 016	PMDA 安全性情報（016）	health	clinical	ja	pmda,japan,drug-safety	21600	PMDA Japanese drug and device safety publication channel.
sci-pmda-rss-017	https://www.pmda.go.jp/rss_017.xml	rss	29	PMDA safety information 017	PMDA 安全性情報（017）	health	clinical	ja	pmda,japan,drug-safety	21600	PMDA Japanese drug and device safety publication channel.
sci-pmda-rss-018	https://www.pmda.go.jp/rss_018.xml	rss	48	PMDA safety information 018	PMDA 安全性情報（018）	health	clinical	ja	pmda,japan,drug-safety	21600	PMDA Japanese drug and device safety publication channel.
sci-pmda-rss-019	https://www.pmda.go.jp/rss_019.xml	rss	7	PMDA safety information 019	PMDA 安全性情報（019）	health	clinical	ja	pmda,japan,drug-safety	21600	PMDA Japanese drug and device safety publication channel.
sci-pmda-rss-020	https://www.pmda.go.jp/rss_020.xml	rss	13	PMDA safety information 020	PMDA 安全性情報（020）	health	clinical	ja	pmda,japan,drug-safety	21600	PMDA Japanese drug and device safety publication channel.
sci-pmda-rss-021	https://www.pmda.go.jp/rss_021.xml	rss	50	PMDA safety information 021	PMDA 安全性情報（021）	health	clinical	ja	pmda,japan,drug-safety	21600	PMDA Japanese drug and device safety publication channel.
sci-qst-press	https://www.qst.go.jp/rss/10/list7.xml	rss	100	QST National Institutes for Quantum Science and Technology	量子科学技術研究開発機構（QST）発表	science	physics	ja	qst,japan,quantum,fusion	21600	QST announcements on fusion (JT-60SA), quantum life science and radiological research.
sci-sciencedaily-computers-math	https://www.sciencedaily.com/rss/computers_math.xml	rss	60	ScienceDaily — computers math	サイエンスデイリー — 計算機・数学	academic	literature	en	sciencedaily,news,computers-math	21600	ScienceDaily research news digest for computers math.
sci-sciencedaily-computers-math-artificial-intelligence	https://www.sciencedaily.com/rss/computers_math/artificial_intelligence.xml	rss	60	ScienceDaily — computers math artificial intelligence	サイエンスデイリー — 人工知能	academic	literature	en	sciencedaily,news,computers-math-artificial-intelligence	21600	ScienceDaily research news digest for computers math artificial intelligence.
sci-sciencedaily-earth-climate	https://www.sciencedaily.com/rss/earth_climate.xml	rss	60	ScienceDaily — earth climate	サイエンスデイリー — 地球・気候	academic	literature	en	sciencedaily,news,earth-climate	21600	ScienceDaily research news digest for earth climate.
sci-sciencedaily-earth-climate-earthquakes	https://www.sciencedaily.com/rss/earth_climate/earthquakes.xml	rss	60	ScienceDaily — earth climate earthquakes	サイエンスデイリー — 地震	academic	literature	en	sciencedaily,news,earth-climate-earthquakes	21600	ScienceDaily research news digest for earth climate earthquakes.
sci-sciencedaily-fossils-ruins	https://www.sciencedaily.com/rss/fossils_ruins.xml	rss	60	ScienceDaily — fossils ruins	サイエンスデイリー — 化石・遺跡	academic	literature	en	sciencedaily,news,fossils-ruins	21600	ScienceDaily research news digest for fossils ruins.
sci-sciencedaily-health-medicine	https://www.sciencedaily.com/rss/health_medicine.xml	rss	60	ScienceDaily — health medicine	サイエンスデイリー — 健康・医学	academic	literature	en	sciencedaily,news,health-medicine	21600	ScienceDaily research news digest for health medicine.
sci-sciencedaily-health-medicine-infectious-diseases	https://www.sciencedaily.com/rss/health_medicine/infectious_diseases.xml	rss	60	ScienceDaily — health medicine infectious diseases	サイエンスデイリー — 感染症	academic	literature	en	sciencedaily,news,health-medicine-infectious-diseases	21600	ScienceDaily research news digest for health medicine infectious diseases.
sci-sciencedaily-health-medicine-vaccines	https://www.sciencedaily.com/rss/health_medicine/vaccines.xml	rss	60	ScienceDaily — health medicine vaccines	サイエンスデイリー — ワクチン	academic	literature	en	sciencedaily,news,health-medicine-vaccines	21600	ScienceDaily research news digest for health medicine vaccines.
sci-sciencedaily-living-well	https://www.sciencedaily.com/rss/living_well.xml	rss	60	ScienceDaily — living well	サイエンスデイリー — 生活と健康	academic	literature	en	sciencedaily,news,living-well	21600	ScienceDaily research news digest for living well.
sci-sciencedaily-matter-energy	https://www.sciencedaily.com/rss/matter_energy.xml	rss	60	ScienceDaily — matter energy	サイエンスデイリー — 物質・エネルギー	academic	literature	en	sciencedaily,news,matter-energy	21600	ScienceDaily research news digest for matter energy.
sci-sciencedaily-matter-energy-nanotechnology	https://www.sciencedaily.com/rss/matter_energy/nanotechnology.xml	rss	60	ScienceDaily — matter energy nanotechnology	サイエンスデイリー — ナノテクノロジー	academic	literature	en	sciencedaily,news,matter-energy-nanotechnology	21600	ScienceDaily research news digest for matter energy nanotechnology.
sci-sciencedaily-matter-energy-physics	https://www.sciencedaily.com/rss/matter_energy/physics.xml	rss	60	ScienceDaily — matter energy physics	サイエンスデイリー — 物理学	academic	literature	en	sciencedaily,news,matter-energy-physics	21600	ScienceDaily research news digest for matter energy physics.
sci-sciencedaily-mind-brain	https://www.sciencedaily.com/rss/mind_brain.xml	rss	60	ScienceDaily — mind brain	サイエンスデイリー — 心と脳	academic	literature	en	sciencedaily,news,mind-brain	21600	ScienceDaily research news digest for mind brain.
sci-sciencedaily-mind-brain-neuroscience	https://www.sciencedaily.com/rss/mind_brain/neuroscience.xml	rss	60	ScienceDaily — mind brain neuroscience	サイエンスデイリー — 神経科学	academic	literature	en	sciencedaily,news,mind-brain-neuroscience	21600	ScienceDaily research news digest for mind brain neuroscience.
sci-sciencedaily-plants-animals	https://www.sciencedaily.com/rss/plants_animals.xml	rss	60	ScienceDaily — plants animals	サイエンスデイリー — 動植物	academic	literature	en	sciencedaily,news,plants-animals	21600	ScienceDaily research news digest for plants animals.
sci-sciencedaily-plants-animals-microbes-and-more	https://www.sciencedaily.com/rss/plants_animals/microbes_and_more.xml	rss	60	ScienceDaily — plants animals microbes and more	サイエンスデイリー — 微生物ほか	academic	literature	en	sciencedaily,news,plants-animals-microbes-and-more	21600	ScienceDaily research news digest for plants animals microbes and more.
sci-sciencedaily-science-society	https://www.sciencedaily.com/rss/science_society.xml	rss	60	ScienceDaily — science society	サイエンスデイリー — 科学と社会	academic	literature	en	sciencedaily,news,science-society	21600	ScienceDaily research news digest for science society.
sci-sciencedaily-space-time	https://www.sciencedaily.com/rss/space_time.xml	rss	60	ScienceDaily — space time	サイエンスデイリー — 宇宙・時間	academic	literature	en	sciencedaily,news,space-time	21600	ScienceDaily research news digest for space time.
sci-sciencedaily-space-time-astronomy	https://www.sciencedaily.com/rss/space_time/astronomy.xml	rss	60	ScienceDaily — space time astronomy	サイエンスデイリー — 天文学	academic	literature	en	sciencedaily,news,space-time-astronomy	21600	ScienceDaily research news digest for space time astronomy.
sci-sciencedaily-space-time-space-exploration	https://www.sciencedaily.com/rss/space_time/space_exploration.xml	rss	60	ScienceDaily — space time space exploration	サイエンスデイリー — 宇宙探査	academic	literature	en	sciencedaily,news,space-time-space-exploration	21600	ScienceDaily research news digest for space time space exploration.
sci-sciencedaily-strange-offbeat	https://www.sciencedaily.com/rss/strange_offbeat.xml	rss	60	ScienceDaily — strange offbeat	サイエンスデイリー — 珍事・話題	academic	literature	en	sciencedaily,news,strange-offbeat	21600	ScienceDaily research news digest for strange offbeat.
sci-sciencedaily-top-environment	https://www.sciencedaily.com/rss/top/environment.xml	rss	60	ScienceDaily — top environment	サイエンスデイリー — 環境トップ	academic	literature	en	sciencedaily,news,top-environment	21600	ScienceDaily research news digest for top environment.
sci-sciencedaily-top-health	https://www.sciencedaily.com/rss/top/health.xml	rss	60	ScienceDaily — top health	サイエンスデイリー — 健康トップ	academic	literature	en	sciencedaily,news,top-health	21600	ScienceDaily research news digest for top health.
sci-sciencedaily-top-science	https://www.sciencedaily.com/rss/top/science.xml	rss	60	ScienceDaily — top science	サイエンスデイリー — 科学トップ	academic	literature	en	sciencedaily,news,top-science	21600	ScienceDaily research news digest for top science.
sci-sciencedaily-top-technology	https://www.sciencedaily.com/rss/top/technology.xml	rss	60	ScienceDaily — top technology	サイエンスデイリー — 技術トップ	academic	literature	en	sciencedaily,news,top-technology	21600	ScienceDaily research news digest for top technology.
sci-silso-sunspot-daily	https://www.sidc.be/SILSO/DATA/SN_d_tot_V2.0.csv	csv	5263	SILSO daily sunspot number	SILSO 日別黒点相対数	space	physics	en	solar,sunspot,silso	86400	Royal Observatory of Belgium daily international sunspot number, the reference solar activity series.
sci-silso-sunspot-monthly	https://www.sidc.be/SILSO/DATA/SN_m_tot_V2.0.csv	csv	3330	SILSO monthly sunspot number	SILSO 月別黒点相対数	space	physics	en	solar,sunspot,silso	86400	Monthly mean international sunspot number back to 1749.
sci-titech-events	https://www.titech.ac.jp/event/rss.xml	rss	30	Institute of Science Tokyo events	東京科学大学 イベント	academic	policy	ja	japan,university,events	86400	Institute of Science Tokyo seminar and symposium listings.
sci-titech-news	https://www.titech.ac.jp/news/rss.xml	rss	30	Institute of Science Tokyo news	東京科学大学（旧東工大）ニュース	academic	policy	ja	japan,university,research	21600	Institute of Science Tokyo research announcements.
sci-u-tokyo-press	https://www.u-tokyo.ac.jp/focus/ja/press/feed.rdf	rss	58	University of Tokyo press releases	東京大学 プレスリリース	academic	policy	ja	japan,university,research	21600	University of Tokyo research press releases.
sci-universe-today	https://www.universetoday.com/rss.xml	rss	20	Universe Today	ユニバース・トゥデイ	space	astronomy	en	astronomy,spaceflight	7200	Daily astronomy and space exploration reporting.
sci-who-outbreak-news	https://www.who.int/api/news/diseaseoutbreaknews?sf_provider=dynamicProvider372&sf_culture=en&%24orderby=PublicationDateAndTime%20desc&%24expand=EmergencyEvent&%24select=Title,PublicationDateAndTime,UrlName&%24format=json&%24top=50&%24count=true	json:value	50	WHO Disease Outbreak News	WHO 疾病アウトブレイク情報	health	clinical	en	who,outbreak,epidemic	3600	Official WHO outbreak notifications — the reference record of internationally notified events.
sci-zenodo-communities	https://zenodo.org/api/communities?size=50	json:hits.hits	50	Zenodo communities	Zenodo コミュニティ一覧	science	repository	en	zenodo,communities,open-data	86400	Thematic Zenodo communities and their curation policies.
sci-zenodo-latest	https://zenodo.org/api/records?size=25&sort=-mostrecent	json:hits.hits	25	Zenodo latest	Zenodo 最新	science	repository	en	zenodo,open-data,latest	21600	Most recently published Zenodo records of type latest.
sci-zenodo-dataset	https://zenodo.org/api/records?size=25&sort=-mostrecent&type=dataset	json:hits.hits	25	Zenodo dataset	Zenodo データセット	science	repository	en	zenodo,open-data,dataset	21600	Most recently published Zenodo records of type dataset.
sci-zenodo-image	https://zenodo.org/api/records?size=25&sort=-mostrecent&type=image	json:hits.hits	25	Zenodo image	Zenodo 画像	science	repository	en	zenodo,open-data,image	21600	Most recently published Zenodo records of type image.
sci-zenodo-lesson	https://zenodo.org/api/records?size=25&sort=-mostrecent&type=lesson	json:hits.hits	25	Zenodo lesson	Zenodo 教材	science	repository	en	zenodo,open-data,lesson	21600	Most recently published Zenodo records of type lesson.
sci-zenodo-other	https://zenodo.org/api/records?size=25&sort=-mostrecent&type=other	json:hits.hits	25	Zenodo other	Zenodo その他	science	repository	en	zenodo,open-data,other	21600	Most recently published Zenodo records of type other.
sci-zenodo-poster	https://zenodo.org/api/records?size=25&sort=-mostrecent&type=poster	json:hits.hits	25	Zenodo poster	Zenodo ポスター	science	repository	en	zenodo,open-data,poster	21600	Most recently published Zenodo records of type poster.
sci-zenodo-presentation	https://zenodo.org/api/records?size=25&sort=-mostrecent&type=presentation	json:hits.hits	25	Zenodo presentation	Zenodo 発表資料	science	repository	en	zenodo,open-data,presentation	21600	Most recently published Zenodo records of type presentation.
sci-zenodo-publication	https://zenodo.org/api/records?size=25&sort=-mostrecent&type=publication	json:hits.hits	25	Zenodo publication	Zenodo 出版物	science	repository	en	zenodo,open-data,publication	21600	Most recently published Zenodo records of type publication.
sci-zenodo-software	https://zenodo.org/api/records?size=25&sort=-mostrecent&type=software	json:hits.hits	25	Zenodo software	Zenodo ソフトウェア	science	repository	en	zenodo,open-data,software	21600	Most recently published Zenodo records of type software.
sci-zenodo-video	https://zenodo.org/api/records?size=25&sort=-mostrecent&type=video	json:hits.hits	25	Zenodo video	Zenodo 動画	science	repository	en	zenodo,open-data,video	21600	Most recently published Zenodo records of type video.
