id	url	kind	items	name	name_ja	collector	category	lang	tags	interval	description
af-nada-ke-knbs-microdata	https://statistics.knbs.or.ke/nada/index.php/api/catalog/search?ps=100	json:result.rows	100	Kenya KNBS — National Data Archive (microdata catalogue)		ke_statistics	statistics	en	ke,statistics,batch17,high-penetrancy,detail-hop	86400	129 KNBS surveys (KDHS 2022, FinAccess, Time Use, census products). Row: id, idno (DDI-KEN-KNBS-…), title, nation, authoring_entity, form_model (access class), year_start/end, total_views, total_downloads, created/changed, url. Detail by idno returns full DDI metadata including producers, version statement and authoring entities with affiliation.  A per-record detail endpoint was verified for this source; see the batch's detail-hops side-car. This collector fetches the list endpoint only.
af-nada-tz-nbs-microdata	https://microdata.nbs.go.tz/index.php/api/catalog/search?ps=100	json:result.rows	62	Tanzania NBS — microdata catalogue		tz_statistics	statistics	en	tz,statistics,batch17,high-penetrancy,detail-hop	86400	62 Tanzanian statistical datasets including the 2023/24 Statistical Business Register Census (an enterprise register). Row: id, type (survey/document), idno, title, subtitle, nation, authoring_entity, year_start/end, varcount, views, downloads, url. Detail by idno gives the full DDI record.  A per-record detail endpoint was verified for this source; see the batch's detail-hops side-car. This collector fetches the list endpoint only.
af-nada-sl-stats-microdata	https://microdata.statistics.sl/index.php/api/catalog/search?ps=100	json:result.rows	13	Statistics Sierra Leone — microdata catalogue		sl_statistics	statistics	en	sl,statistics,batch17,high-penetrancy,detail-hop	86400	13 Statistics Sierra Leone surveys. Row: id, type, idno (SL-SSL-…), title, subtitle, nation, authoring_entity, year_start/end, varcount, views, downloads, url. Detail by idno returns full DDI study description.  A per-record detail endpoint was verified for this source; see the batch's detail-hops side-car. This collector fetches the list endpoint only.
af-nada-bw-statsbots-microdata	https://microdata.statsbots.org.bw/index.php/api/catalog/search?ps=100	json:result.rows	41	Statistics Botswana — microdata catalogue		bw_statistics	statistics	en	bw,statistics,batch17,high-penetrancy,detail-hop	86400	41 Statistics Botswana datasets (Quarterly Multi-Topic Household Survey labour modules, censuses). Row: id, type, idno, title, subtitle, nation, authoring_entity, year_start/end, varcount, views, downloads, url. Detail by idno returns the full DDI record.  A per-record detail endpoint was verified for this source; see the batch's detail-hops side-car. This collector fetches the list endpoint only.
af-wbmicro-ng	https://microdata.worldbank.org/index.php/api/catalog/search?ps=50&country=Nigeria	json:result.rows	50	World Bank Microdata Library — Nigeria datasets		ng_statistics	statistics	en	ng,statistics,batch17,high-penetrancy,detail-hop	86400	Nigeria survey/census microdata studies. Row: id, idno, doi, type, title, nation, authoring_entity, form_model, year_start/end, repositoryid, varcount, views, downloads, url. Detail by idno yields full DDI: producers, contact persons with email, nation list, sampling and access policy.  A per-record detail endpoint was verified for this source; see the batch's detail-hops side-car. This collector fetches the list endpoint only.
af-wbmicro-ke	https://microdata.worldbank.org/index.php/api/catalog/search?ps=50&country=Kenya	json:result.rows	50	World Bank Microdata Library — Kenya datasets		ke_statistics	statistics	en	ke,statistics,batch17,high-penetrancy,detail-hop	86400	Kenya survey/census microdata studies with idno, doi, authoring_entity, access class and year range; detail hop by idno returns the full DDI including producer and contact records.  A per-record detail endpoint was verified for this source; see the batch's detail-hops side-car. This collector fetches the list endpoint only.
af-wbmicro-gh	https://microdata.worldbank.org/index.php/api/catalog/search?ps=50&country=Ghana	json:result.rows	50	World Bank Microdata Library — Ghana datasets		gh_statistics	statistics	en	gh,statistics,batch17,high-penetrancy,detail-hop	86400	Ghana survey/census microdata studies; row carries idno, doi, title, authoring_entity, access class, year range, download counts. Detail by idno returns the full DDI study description.  A per-record detail endpoint was verified for this source; see the batch's detail-hops side-car. This collector fetches the list endpoint only.
af-wbmicro-za	https://microdata.worldbank.org/index.php/api/catalog/search?ps=50&country=South%20Africa	json:result.rows	50	World Bank Microdata Library — South Africa datasets		za_statistics	statistics	en	za,statistics,batch17,high-penetrancy,detail-hop	86400	South Africa survey/census microdata studies with idno, doi, authoring_entity and access class; detail by idno returns producers, contacts and sampling.  A per-record detail endpoint was verified for this source; see the batch's detail-hops side-car. This collector fetches the list endpoint only.
af-wbmicro-ug	https://microdata.worldbank.org/index.php/api/catalog/search?ps=50&country=Uganda	json:result.rows	50	World Bank Microdata Library — Uganda datasets		ug_statistics	statistics	en	ug,statistics,batch17,high-penetrancy,detail-hop	86400	Uganda survey/census microdata studies; idno, doi, title, authoring_entity, year range, access class, downloads. Detail by idno returns the full DDI record.  A per-record detail endpoint was verified for this source; see the batch's detail-hops side-car. This collector fetches the list endpoint only.
af-wbmicro-tz	https://microdata.worldbank.org/index.php/api/catalog/search?ps=50&country=Tanzania	json:result.rows	50	World Bank Microdata Library — Tanzania datasets		tz_statistics	statistics	en	tz,statistics,batch17,high-penetrancy,detail-hop	86400	Tanzania survey/census microdata studies with idno, doi, authoring_entity and access class; detail hop by idno returns full DDI metadata.  A per-record detail endpoint was verified for this source; see the batch's detail-hops side-car. This collector fetches the list endpoint only.
af-wbmicro-zm	https://microdata.worldbank.org/index.php/api/catalog/search?ps=50&country=Zambia	json:result.rows	50	World Bank Microdata Library — Zambia datasets		zm_statistics	statistics	en	zm,statistics,batch17,high-penetrancy,detail-hop	86400	Zambia survey/census microdata studies; row has idno, doi, title, authoring_entity, year range and download counts. Detail by idno returns the full DDI.  A per-record detail endpoint was verified for this source; see the batch's detail-hops side-car. This collector fetches the list endpoint only.
af-wbmicro-rw	https://microdata.worldbank.org/index.php/api/catalog/search?ps=50&country=Rwanda	json:result.rows	50	World Bank Microdata Library — Rwanda datasets		rw_statistics	statistics	en	rw,statistics,batch17,high-penetrancy,detail-hop	86400	Rwanda survey/census microdata studies (NISR does not run an API of its own, so this is the working route). idno, doi, authoring_entity, access class; detail by idno returns the full DDI.  A per-record detail endpoint was verified for this source; see the batch's detail-hops side-car. This collector fetches the list endpoint only.
af-wbmicro-bw	https://microdata.worldbank.org/index.php/api/catalog/search?ps=50&country=Botswana	json:result.rows	50	World Bank Microdata Library — Botswana datasets		bw_statistics	statistics	en	bw,statistics,batch17,high-penetrancy,detail-hop	86400	Botswana survey/census microdata studies with idno, doi, authoring_entity and year range; detail hop by idno returns full DDI metadata.  A per-record detail endpoint was verified for this source; see the batch's detail-hops side-car. This collector fetches the list endpoint only.
af-wbmicro-na	https://microdata.worldbank.org/index.php/api/catalog/search?ps=50&country=Namibia	json:result.rows	50	World Bank Microdata Library — Namibia datasets		na_statistics	statistics	en	na,statistics,batch17,high-penetrancy,detail-hop	86400	Namibia survey/census microdata studies (Namibia Statistics Agency has no live API; this is the working route). idno, doi, authoring_entity, access class, year range.  A per-record detail endpoint was verified for this source; see the batch's detail-hops side-car. This collector fetches the list endpoint only.
af-wbmicro-et	https://microdata.worldbank.org/index.php/api/catalog/search?ps=50&country=Ethiopia	json:result.rows	50	World Bank Microdata Library — Ethiopia datasets		et_statistics	statistics	en	et,statistics,batch17,high-penetrancy,detail-hop	86400	Ethiopia survey/census microdata studies (Ethiopian Statistical Service has no reachable catalogue). idno, doi, authoring_entity, year range; detail by idno returns full DDI.  A per-record detail endpoint was verified for this source; see the batch's detail-hops side-car. This collector fetches the list endpoint only.
af-ihsn-ng	https://catalog.ihsn.org/index.php/api/catalog/search?ps=50&country=Nigeria	json:result.rows	50	IHSN Survey Catalog — Nigeria		ng_statistics	statistics	en	ng,statistics,batch17,high-penetrancy,detail-hop	86400	International Household Survey Network index of Nigerian surveys, including holdings not in the national archive. Row: idno, title, nation, authoring_entity, year_start/end, form_model, varcount, views, downloads, rank, type, url. Detail by idno returns full DDI with authoring entities, producers and study topics.  A per-record detail endpoint was verified for this source; see the batch's detail-hops side-car. This collector fetches the list endpoint only.
af-ihsn-ke	https://catalog.ihsn.org/index.php/api/catalog/search?ps=50&country=Kenya	json:result.rows	50	IHSN Survey Catalog — Kenya		ke_statistics	statistics	en	ke,statistics,batch17,high-penetrancy,detail-hop	86400	IHSN index of Kenyan surveys with idno, authoring_entity, year range and access class; detail hop by idno returns full DDI including topics and producers.  A per-record detail endpoint was verified for this source; see the batch's detail-hops side-car. This collector fetches the list endpoint only.
af-ihsn-gh	https://catalog.ihsn.org/index.php/api/catalog/search?ps=50&country=Ghana	json:result.rows	50	IHSN Survey Catalog — Ghana		gh_statistics	statistics	en	gh,statistics,batch17,high-penetrancy,detail-hop	86400	IHSN index of Ghanaian surveys (the Ghana Statistical Service NADA itself has an expired TLS cert, so this is the usable route). Detail by idno returns full DDI with authoring entities and topic vocabulary.  A per-record detail endpoint was verified for this source; see the batch's detail-hops side-car. This collector fetches the list endpoint only.
af-ihsn-za	https://catalog.ihsn.org/index.php/api/catalog/search?ps=50&country=South%20Africa	json:result.rows	50	IHSN Survey Catalog — South Africa		za_statistics	statistics	en	za,statistics,batch17,high-penetrancy,detail-hop	86400	IHSN index of South African surveys with idno, authoring_entity, year range, access class; detail by idno returns the full DDI record.  A per-record detail endpoint was verified for this source; see the batch's detail-hops side-car. This collector fetches the list endpoint only.
af-ihsn-ug	https://catalog.ihsn.org/index.php/api/catalog/search?ps=50&country=Uganda	json:result.rows	50	IHSN Survey Catalog — Uganda		ug_statistics	statistics	en	ug,statistics,batch17,high-penetrancy,detail-hop	86400	IHSN index of Ugandan surveys (UBOS runs no reachable NADA API). idno, authoring_entity, year range; detail by idno returns full DDI.  A per-record detail endpoint was verified for this source; see the batch's detail-hops side-car. This collector fetches the list endpoint only.
af-ihsn-tz	https://catalog.ihsn.org/index.php/api/catalog/search?ps=50&country=Tanzania	json:result.rows	50	IHSN Survey Catalog — Tanzania		tz_statistics	statistics	en	tz,statistics,batch17,high-penetrancy,detail-hop	86400	IHSN index of Tanzanian surveys with idno, authoring_entity and year range; detail by idno returns the full DDI study description.  A per-record detail endpoint was verified for this source; see the batch's detail-hops side-car. This collector fetches the list endpoint only.
af-ihsn-zm	https://catalog.ihsn.org/index.php/api/catalog/search?ps=50&country=Zambia	json:result.rows	50	IHSN Survey Catalog — Zambia		zm_statistics	statistics	en	zm,statistics,batch17,high-penetrancy,detail-hop	86400	IHSN index of Zambian surveys (ZamStats has no live catalogue host). idno, authoring_entity, year range; detail by idno returns full DDI.  A per-record detail endpoint was verified for this source; see the batch's detail-hops side-car. This collector fetches the list endpoint only.
af-ihsn-rw	https://catalog.ihsn.org/index.php/api/catalog/search?ps=50&country=Rwanda	json:result.rows	50	IHSN Survey Catalog — Rwanda		rw_statistics	statistics	en	rw,statistics,batch17,high-penetrancy,detail-hop	86400	IHSN index of Rwandan surveys with idno, authoring_entity, year range and access class; detail by idno returns the full DDI.  A per-record detail endpoint was verified for this source; see the batch's detail-hops side-car. This collector fetches the list endpoint only.
af-ihsn-bw	https://catalog.ihsn.org/index.php/api/catalog/search?ps=50&country=Botswana	json:result.rows	50	IHSN Survey Catalog — Botswana		bw_statistics	statistics	en	bw,statistics,batch17,high-penetrancy,detail-hop	86400	IHSN index of Botswana surveys; idno, authoring_entity, year range, access class. Detail by idno returns full DDI metadata.  A per-record detail endpoint was verified for this source; see the batch's detail-hops side-car. This collector fetches the list endpoint only.
af-ihsn-na	https://catalog.ihsn.org/index.php/api/catalog/search?ps=50&country=Namibia	json:result.rows	50	IHSN Survey Catalog — Namibia		na_statistics	statistics	en	na,statistics,batch17,high-penetrancy,detail-hop	86400	IHSN index of Namibian surveys; idno, authoring_entity, year range. Detail by idno returns the full DDI study description.  A per-record detail endpoint was verified for this source; see the batch's detail-hops side-car. This collector fetches the list endpoint only.
af-ihsn-et	https://catalog.ihsn.org/index.php/api/catalog/search?ps=50&country=Ethiopia	json:result.rows	50	IHSN Survey Catalog — Ethiopia		et_statistics	statistics	en	et,statistics,batch17,high-penetrancy,detail-hop	86400	IHSN index of Ethiopian surveys; idno, authoring_entity, year range, access class. Detail by idno returns full DDI.  A per-record detail endpoint was verified for this source; see the batch's detail-hops side-car. This collector fetches the list endpoint only.
af-dportal-act-ng	https://d-portal.org/q?from=act&country_code=NG&limit=100&form=json	json:rows	100	d-portal (IATI) — aid activities in Nigeria		ng_aid	aid	en	ng,aid,batch17,high-penetrancy,detail-hop	86400	Every IATI-published aid activity with Nigeria as recipient. Row: aid (activity identifier), reporting org name, reporting_ref, funder_ref, title, slug, status_code, day_start/day_end/day_length, description, commitment and spend in USD/EUR/GBP/CAD, flags. Detail by aid returns the single activity; the same aid also drives ?from=trans&aid= for individual transactions.  A per-record detail endpoint was verified for this source; see the batch's detail-hops side-car. This collector fetches the list endpoint only.
af-dportal-act-ke	https://d-portal.org/q?from=act&country_code=KE&limit=100&form=json	json:rows	100	d-portal (IATI) — aid activities in Kenya		ke_aid	aid	en	ke,aid,batch17,high-penetrancy,detail-hop	86400	IATI aid activities with Kenya as recipient: aid, reporting org and reporting_ref, funder_ref, title, description, status, start/end days, commitment and spend in four currencies. Detail hop by aid returns the activity record.  A per-record detail endpoint was verified for this source; see the batch's detail-hops side-car. This collector fetches the list endpoint only.
af-dportal-act-gh	https://d-portal.org/q?from=act&country_code=GH&limit=100&form=json	json:rows	100	d-portal (IATI) — aid activities in Ghana		gh_aid	aid	en	gh,aid,batch17,high-penetrancy,detail-hop	86400	IATI aid activities with Ghana as recipient, carrying funder reference, reporting organisation, description, status and committed/spent amounts. Detail by aid returns the activity.  A per-record detail endpoint was verified for this source; see the batch's detail-hops side-car. This collector fetches the list endpoint only.
af-dportal-act-za	https://d-portal.org/q?from=act&country_code=ZA&limit=100&form=json	json:rows	100	d-portal (IATI) — aid activities in South Africa		za_aid	aid	en	za,aid,batch17,high-penetrancy,detail-hop	86400	IATI aid activities with South Africa as recipient: aid, reporting org, funder_ref, title, description, status, dates, commitment/spend. Detail by aid returns the activity record.  A per-record detail endpoint was verified for this source; see the batch's detail-hops side-car. This collector fetches the list endpoint only.
af-dportal-act-ug	https://d-portal.org/q?from=act&country_code=UG&limit=100&form=json	json:rows	100	d-portal (IATI) — aid activities in Uganda		ug_aid	aid	en	ug,aid,batch17,high-penetrancy,detail-hop	86400	IATI aid activities with Uganda as recipient, with reporting organisation, funder reference, description, status and multi-currency commitment/spend. Detail hop by aid.  A per-record detail endpoint was verified for this source; see the batch's detail-hops side-car. This collector fetches the list endpoint only.
af-dportal-act-tz	https://d-portal.org/q?from=act&country_code=TZ&limit=100&form=json	json:rows	100	d-portal (IATI) — aid activities in Tanzania		tz_aid	aid	en	tz,aid,batch17,high-penetrancy,detail-hop	86400	IATI aid activities with Tanzania as recipient: aid, reporting org, funder_ref, title, description, status, dates and amounts. Detail by aid returns the activity.  A per-record detail endpoint was verified for this source; see the batch's detail-hops side-car. This collector fetches the list endpoint only.
af-dportal-act-zm	https://d-portal.org/q?from=act&country_code=ZM&limit=100&form=json	json:rows	100	d-portal (IATI) — aid activities in Zambia		zm_aid	aid	en	zm,aid,batch17,high-penetrancy,detail-hop	86400	IATI aid activities with Zambia as recipient, carrying reporting organisation, funder reference, description, status and committed/spent amounts. Detail by aid.  A per-record detail endpoint was verified for this source; see the batch's detail-hops side-car. This collector fetches the list endpoint only.
af-dportal-act-rw	https://d-portal.org/q?from=act&country_code=RW&limit=100&form=json	json:rows	100	d-portal (IATI) — aid activities in Rwanda		rw_aid	aid	en	rw,aid,batch17,high-penetrancy,detail-hop	86400	IATI aid activities with Rwanda as recipient: aid, reporting org, funder_ref, title, description, status, dates, commitment/spend in four currencies. Detail by aid.  A per-record detail endpoint was verified for this source; see the batch's detail-hops side-car. This collector fetches the list endpoint only.
af-dportal-act-bw	https://d-portal.org/q?from=act&country_code=BW&limit=100&form=json	json:rows	100	d-portal (IATI) — aid activities in Botswana		bw_aid	aid	en	bw,aid,batch17,high-penetrancy,detail-hop	86400	IATI aid activities with Botswana as recipient, with reporting organisation, funder reference, description, status and amounts. Detail hop by aid.  A per-record detail endpoint was verified for this source; see the batch's detail-hops side-car. This collector fetches the list endpoint only.
af-dportal-act-na	https://d-portal.org/q?from=act&country_code=NA&limit=100&form=json	json:rows	100	d-portal (IATI) — aid activities in Namibia		na_aid	aid	en	na,aid,batch17,high-penetrancy,detail-hop	86400	IATI aid activities with Namibia as recipient: aid, reporting org, funder_ref, title, description, status, dates and multi-currency amounts. Detail by aid.  A per-record detail endpoint was verified for this source; see the batch's detail-hops side-car. This collector fetches the list endpoint only.
af-dportal-act-et	https://d-portal.org/q?from=act&country_code=ET&limit=100&form=json	json:rows	100	d-portal (IATI) — aid activities in Ethiopia		et_aid	aid	en	et,aid,batch17,high-penetrancy,detail-hop	86400	IATI aid activities with Ethiopia as recipient, carrying reporting organisation, funder reference, description, status and committed/spent amounts. Detail by aid.  A per-record detail endpoint was verified for this source; see the batch's detail-hops side-car. This collector fetches the list endpoint only.
af-dportal-trans-ng	https://d-portal.org/q?from=act,trans&trans_country_code=NG&limit=100&form=json	json:rows	100	d-portal (IATI) — aid transactions in Nigeria		ng_aid	aid	en	ng,aid,batch17,high-penetrancy,detail-hop	86400	Activity rows joined to their individual transactions for Nigeria — adds trans_ref and trans_description on top of the activity fields. Detail hop by aid returns the full transaction ledger for that activity: trans_day, trans_currency, trans_value, USD/EUR/GBP/CAD equivalents, trans_code, trans_flow_code, trans_finance_code, trans_sector, trans_id.  A per-record detail endpoint was verified for this source; see the batch's detail-hops side-car. This collector fetches the list endpoint only.
af-dportal-trans-ke	https://d-portal.org/q?from=act,trans&trans_country_code=KE&limit=100&form=json	json:rows	100	d-portal (IATI) — aid transactions in Kenya		ke_aid	aid	en	ke,aid,batch17,high-penetrancy,detail-hop	86400	Kenya activity-plus-transaction rows with trans_ref and trans_description; detail by aid returns the per-activity transaction ledger with values, currencies, flow and finance codes.  A per-record detail endpoint was verified for this source; see the batch's detail-hops side-car. This collector fetches the list endpoint only.
af-dportal-trans-gh	https://d-portal.org/q?from=act,trans&trans_country_code=GH&limit=100&form=json	json:rows	100	d-portal (IATI) — aid transactions in Ghana		gh_aid	aid	en	gh,aid,batch17,high-penetrancy,detail-hop	86400	Ghana activity-plus-transaction rows carrying trans_ref and trans_description; detail hop by aid returns every transaction with amounts, currency and sector codes.  A per-record detail endpoint was verified for this source; see the batch's detail-hops side-car. This collector fetches the list endpoint only.
af-dportal-trans-za	https://d-portal.org/q?from=act,trans&trans_country_code=ZA&limit=100&form=json	json:rows	100	d-portal (IATI) — aid transactions in South Africa		za_aid	aid	en	za,aid,batch17,high-penetrancy,detail-hop	86400	South Africa activity-plus-transaction rows with trans_ref and trans_description; detail by aid returns the transaction ledger.  A per-record detail endpoint was verified for this source; see the batch's detail-hops side-car. This collector fetches the list endpoint only.
af-dportal-trans-ug	https://d-portal.org/q?from=act,trans&trans_country_code=UG&limit=100&form=json	json:rows	100	d-portal (IATI) — aid transactions in Uganda		ug_aid	aid	en	ug,aid,batch17,high-penetrancy,detail-hop	86400	Uganda activity-plus-transaction rows with trans_ref and trans_description; detail by aid returns transaction values, currencies, flow/finance/sector codes.  A per-record detail endpoint was verified for this source; see the batch's detail-hops side-car. This collector fetches the list endpoint only.
af-dportal-trans-tz	https://d-portal.org/q?from=act,trans&trans_country_code=TZ&limit=100&form=json	json:rows	100	d-portal (IATI) — aid transactions in Tanzania		tz_aid	aid	en	tz,aid,batch17,high-penetrancy,detail-hop	86400	Tanzania activity-plus-transaction rows carrying trans_ref and trans_description; detail hop by aid returns the per-activity transaction ledger.  A per-record detail endpoint was verified for this source; see the batch's detail-hops side-car. This collector fetches the list endpoint only.
af-dportal-trans-zm	https://d-portal.org/q?from=act,trans&trans_country_code=ZM&limit=100&form=json	json:rows	100	d-portal (IATI) — aid transactions in Zambia		zm_aid	aid	en	zm,aid,batch17,high-penetrancy,detail-hop	86400	Zambia activity-plus-transaction rows with trans_ref and trans_description; detail by aid returns all transactions with amounts and codes.  A per-record detail endpoint was verified for this source; see the batch's detail-hops side-car. This collector fetches the list endpoint only.
af-dportal-trans-rw	https://d-portal.org/q?from=act,trans&trans_country_code=RW&limit=100&form=json	json:rows	100	d-portal (IATI) — aid transactions in Rwanda		rw_aid	aid	en	rw,aid,batch17,high-penetrancy,detail-hop	86400	Rwanda activity-plus-transaction rows with trans_ref and trans_description; detail hop by aid returns the transaction ledger.  A per-record detail endpoint was verified for this source; see the batch's detail-hops side-car. This collector fetches the list endpoint only.
af-dportal-trans-bw	https://d-portal.org/q?from=act,trans&trans_country_code=BW&limit=100&form=json	json:rows	100	d-portal (IATI) — aid transactions in Botswana		bw_aid	aid	en	bw,aid,batch17,high-penetrancy,detail-hop	86400	Botswana activity-plus-transaction rows with trans_ref and trans_description; detail by aid returns per-transaction values and codes.  A per-record detail endpoint was verified for this source; see the batch's detail-hops side-car. This collector fetches the list endpoint only.
af-dportal-trans-na	https://d-portal.org/q?from=act,trans&trans_country_code=NA&limit=100&form=json	json:rows	100	d-portal (IATI) — aid transactions in Namibia		na_aid	aid	en	na,aid,batch17,high-penetrancy,detail-hop	86400	Namibia activity-plus-transaction rows with trans_ref and trans_description; detail hop by aid returns the transaction ledger.  A per-record detail endpoint was verified for this source; see the batch's detail-hops side-car. This collector fetches the list endpoint only.
af-dportal-trans-et	https://d-portal.org/q?from=act,trans&trans_country_code=ET&limit=100&form=json	json:rows	100	d-portal (IATI) — aid transactions in Ethiopia		et_aid	aid	en	et,aid,batch17,high-penetrancy,detail-hop	86400	Ethiopia activity-plus-transaction rows with trans_ref and trans_description; detail by aid returns all transactions with amounts, currencies and sector codes.  A per-record detail endpoint was verified for this source; see the batch's detail-hops side-car. This collector fetches the list endpoint only.
af-gleif-lei-ng	https://api.gleif.org/api/v1/lei-records?filter%5Bentity.legalAddress.country%5D=NG&page%5Bsize%5D=100	json:data	100	GLEIF — legal entities registered in Nigeria		ng_company-registry	company-registry	en	ng,company-registry,batch17,high-penetrancy,detail-hop	86400	978 Nigerian legal entities with an LEI. Each record: id = the 20-char LEI, plus attributes.entity (legalName, otherNames, legalAddress and headquartersAddress with street lines, city, region, postal code, country), legalForm, status, registeredAs (local company number), and attributes.registration (status, initial/last update, next renewal, managing LOU, validation source). Relationships expose parent/child ultimate-owner links. Detail by LEI returns the single full record.  A per-record detail endpoint was verified for this source; see the batch's detail-hops side-car. This collector fetches the list endpoint only.
af-gleif-lei-ke	https://api.gleif.org/api/v1/lei-records?filter%5Bentity.legalAddress.country%5D=KE&page%5Bsize%5D=100	json:data	100	GLEIF — legal entities registered in Kenya		ke_company-registry	company-registry	en	ke,company-registry,batch17,high-penetrancy,detail-hop	86400	Kenyan LEI holders: legal name, other names, registered address, headquarters address, legal form, local registration number, entity status, managing LOU and renewal dates; relationships give parent/ultimate-parent chains. Detail by LEI returns the full record.  A per-record detail endpoint was verified for this source; see the batch's detail-hops side-car. This collector fetches the list endpoint only.
af-gleif-lei-gh	https://api.gleif.org/api/v1/lei-records?filter%5Bentity.legalAddress.country%5D=GH&page%5Bsize%5D=100	json:data	100	GLEIF — legal entities registered in Ghana		gh_company-registry	company-registry	en	gh,company-registry,batch17,high-penetrancy,detail-hop	86400	Ghanaian LEI holders with legal name, addresses, legal form, local company number, status and registration lifecycle; parent/child relationship links. Detail by LEI returns the full record.  A per-record detail endpoint was verified for this source; see the batch's detail-hops side-car. This collector fetches the list endpoint only.
af-gleif-lei-za	https://api.gleif.org/api/v1/lei-records?filter%5Bentity.legalAddress.country%5D=ZA&page%5Bsize%5D=100	json:data	100	GLEIF — legal entities registered in South Africa		za_company-registry	company-registry	en	za,company-registry,batch17,high-penetrancy,detail-hop	86400	South African LEI holders — a beneficial-ownership-adjacent view CIPC does not expose via API. Legal name, addresses, legal form, CIPC registration number in registeredAs, status, managing LOU, and parent/ultimate-parent relationships. Detail by LEI.  A per-record detail endpoint was verified for this source; see the batch's detail-hops side-car. This collector fetches the list endpoint only.
af-gleif-lei-ug	https://api.gleif.org/api/v1/lei-records?filter%5Bentity.legalAddress.country%5D=UG&page%5Bsize%5D=100	json:data	91	GLEIF — legal entities registered in Uganda		ug_company-registry	company-registry	en	ug,company-registry,batch17,high-penetrancy,detail-hop	86400	91 Ugandan LEI holders with legal name, registered and headquarters addresses, legal form, local registration number, status and renewal dates; relationship links to parents. Detail by LEI.  A per-record detail endpoint was verified for this source; see the batch's detail-hops side-car. This collector fetches the list endpoint only.
af-gleif-lei-tz	https://api.gleif.org/api/v1/lei-records?filter%5Bentity.legalAddress.country%5D=TZ&page%5Bsize%5D=100	json:data	81	GLEIF — legal entities registered in Tanzania		tz_company-registry	company-registry	en	tz,company-registry,batch17,high-penetrancy,detail-hop	86400	81 Tanzanian LEI holders: legal name, addresses, legal form, BRELA registration number where supplied, status, managing LOU, parent relationships. Detail by LEI.  A per-record detail endpoint was verified for this source; see the batch's detail-hops side-car. This collector fetches the list endpoint only.
af-gleif-lei-zm	https://api.gleif.org/api/v1/lei-records?filter%5Bentity.legalAddress.country%5D=ZM&page%5Bsize%5D=100	json:data	67	GLEIF — legal entities registered in Zambia		zm_company-registry	company-registry	en	zm,company-registry,batch17,high-penetrancy,detail-hop	86400	67 Zambian LEI holders with legal name, addresses, legal form, PACRA registration number where supplied, status and renewal dates. Detail by LEI returns the full record.  A per-record detail endpoint was verified for this source; see the batch's detail-hops side-car. This collector fetches the list endpoint only.
af-gleif-lei-rw	https://api.gleif.org/api/v1/lei-records?filter%5Bentity.legalAddress.country%5D=RW&page%5Bsize%5D=100	json:data	28	GLEIF — legal entities registered in Rwanda		rw_company-registry	company-registry	en	rw,company-registry,batch17,high-penetrancy,detail-hop	86400	28 Rwandan LEI holders with legal name, addresses, legal form, RDB registration number where supplied, status and parent relationships. Detail by LEI.  A per-record detail endpoint was verified for this source; see the batch's detail-hops side-car. This collector fetches the list endpoint only.
af-gleif-lei-bw	https://api.gleif.org/api/v1/lei-records?filter%5Bentity.legalAddress.country%5D=BW&page%5Bsize%5D=100	json:data	76	GLEIF — legal entities registered in Botswana		bw_company-registry	company-registry	en	bw,company-registry,batch17,high-penetrancy,detail-hop	86400	76 Botswana LEI holders with legal name, registered and headquarters addresses, legal form, local company number, status and renewal lifecycle. Detail by LEI.  A per-record detail endpoint was verified for this source; see the batch's detail-hops side-car. This collector fetches the list endpoint only.
af-gleif-lei-na	https://api.gleif.org/api/v1/lei-records?filter%5Bentity.legalAddress.country%5D=NA&page%5Bsize%5D=100	json:data	100	GLEIF — legal entities registered in Namibia		na_company-registry	company-registry	en	na,company-registry,batch17,high-penetrancy,detail-hop	86400	Namibian LEI holders with legal name, addresses, legal form, BIPA registration number where supplied, status and parent/ultimate-parent links. Detail by LEI.  A per-record detail endpoint was verified for this source; see the batch's detail-hops side-car. This collector fetches the list endpoint only.
af-gleif-lei-et	https://api.gleif.org/api/v1/lei-records?filter%5Bentity.legalAddress.country%5D=ET&page%5Bsize%5D=100	json:data	16	GLEIF — legal entities registered in Ethiopia		et_company-registry	company-registry	en	et,company-registry,batch17,high-penetrancy,detail-hop	86400	16 Ethiopian LEI holders with legal name, addresses, legal form, local registration number, status and renewal dates. Small but it is the only machine-readable Ethiopian entity register reachable without credentials. Detail by LEI.  A per-record detail endpoint was verified for this source; see the batch's detail-hops side-car. This collector fetches the list endpoint only.
af-pmg-committee-meetings	https://api.pmg.org.za/committee-meeting/	json:results	50	PMG South Africa — parliamentary committee meetings		za_parliament	parliament	en	za,parliament,batch17,high-penetrancy,detail-hop	86400	Paginated feed of every monitored National Assembly / NCOP committee meeting. Row: id, date, title, type, body (full minutes), summary, member_id, committee_id, house_id, chairperson, public_participation, actual and scheduled start/end times, pmg_monitor, url. Detail by id returns the complete verbatim report.  A per-record detail endpoint was verified for this source; see the batch's detail-hops side-car. This collector fetches the list endpoint only.
af-pmg-question-replies	https://api.pmg.org.za/question_reply/	json:results	50	PMG South Africa — ministerial question replies		za_parliament	parliament	en	za,parliament,batch17,high-penetrancy,detail-hop	86400	Written and oral parliamentary questions with the minister's reply. Row: id, minister_id, title, start_date, body (full text of question and answer), question_number, nid, url, and an embedded minister object. Detail by id returns the whole reply. Pairs with /minister/{id}/questions/ which returns 50 questions per minister carrying asked_by_name and asked_by_member_id — the MP-to-minister accountability link.  A per-record detail endpoint was verified for this source; see the batch's detail-hops side-car. This collector fetches the list endpoint only.
af-pmg-tabled-committee-reports	https://api.pmg.org.za/tabled-committee-report/	json:results	50	PMG South Africa — tabled committee reports		za_parliament	parliament	en	za,parliament,batch17,high-penetrancy,detail-hop	86400	Formal reports tabled by parliamentary committees. Row: id, title, start_date, body, committee_id, embedded committee object, files[] with title, mime, byte size, original filename and download url. Detail by id adds petition_events.  A per-record detail endpoint was verified for this source; see the batch's detail-hops side-car. This collector fetches the list endpoint only.
af-pmg-hansard	https://api.pmg.org.za/hansard/	json:results	50	PMG South Africa — Hansard plenary records		za_parliament	parliament	en	za,parliament,batch17,high-penetrancy,detail-hop	86400	2,546 Hansard records of National Assembly and NCOP plenary sittings. Row: id, date, title, type, body (full debate transcript), summary, member_id, committee_id, house_id, chairperson, url. Detail by id returns the sitting record with its house object.  A per-record detail endpoint was verified for this source; see the batch's detail-hops side-car. This collector fetches the list endpoint only.
af-pmg-calls-for-comment	https://api.pmg.org.za/call-for-comment/	json:results	50	PMG South Africa — parliamentary calls for public comment		za_parliament	parliament	en	za,parliament,batch17,high-penetrancy,detail-hop	86400	Open public-participation windows on bills and inquiries. Row: id, committee_id, title, start_date, end_date, body (the full notice with submission contact details), summary, nid, url. Detail by id adds the embedded committee object.  A per-record detail endpoint was verified for this source; see the batch's detail-hops side-car. This collector fetches the list endpoint only.
af-pmg-gazettes	https://api.pmg.org.za/gazette/	json:results	50	PMG South Africa — gazettes and media statements		za_parliament	parliament	en	za,parliament,batch17,high-penetrancy,detail-hop	86400	411 gazette notices and Treasury/parliamentary media statements. Row: id, title, effective_date, start_date, nid, url and files[] carrying title, mime type, byte size, original filename and direct PDF url. Detail by id returns the record with its file list.  A per-record detail endpoint was verified for this source; see the batch's detail-hops side-car. This collector fetches the list endpoint only.
af-pmg-ministers	https://api.pmg.org.za/minister/	json:results	41	PMG South Africa — ministers and their question dockets		za_parliament	parliament	en	za,parliament,batch17,high-penetrancy,detail-hop	86400	41 serving South African ministers — a PEP list. Row: id, name, url, questions_url. Detail by id adds the committee they answer to; /minister/{id}/questions/ then returns 50 questions each with code, question_number, written/oral/president numbers, answer_type, date, year, full question and answer text, question_to_name and asked_by_name.  A per-record detail endpoint was verified for this source; see the batch's detail-hops side-car. This collector fetches the list endpoint only.
af-pmg-policy-documents	https://api.pmg.org.za/policy-document/	json:results	50	PMG South Africa — policy documents		za_parliament	parliament	en	za,parliament,batch17,high-penetrancy,detail-hop	86400	Green papers, white papers and departmental policy documents before Parliament. Row: id, title, effective_date, start_date, nid, url, files[] with title, mime, byte size, original filename and download url. Detail by id returns the record with its files.  A per-record detail endpoint was verified for this source; see the batch's detail-hops side-car. This collector fetches the list endpoint only.
af-pmg-daily-schedule	https://api.pmg.org.za/daily-schedule/	json:results	50	PMG South Africa — parliamentary daily programme		za_parliament	parliament	en	za,parliament,batch17,high-penetrancy	86400	3,674 daily order papers for both houses. Row: id, title, start_date, body (the full day's programme listing committees, venues and times), nid, house_id, url and an embedded house object. No detail hop: /daily-schedule/{id}/ returns 404 even for a real id from the list, so the list body is the complete record.
af-pmg-briefings	https://api.pmg.org.za/briefing/	json:results	50	PMG South Africa — committee briefings		za_parliament	parliament	en	za,parliament,batch17,high-penetrancy,detail-hop	86400	1,069 departmental and stakeholder briefings to parliamentary committees. Row: id, date, title, type, body (full briefing report), summary, member_id, committee_id, house_id, chairperson, public_participation, url. Detail by id returns the full briefing.  A per-record detail endpoint was verified for this source; see the batch's detail-hops side-car. This collector fetches the list endpoint only.
af-dhs-data-ng	https://api.dhsprogram.com/rest/dhs/data?countryIds=NG&f=json&perpage=100	json:Data	100	DHS Program — Nigeria indicator data		ng_statistics	statistics	en	ng,statistics,batch17,high-penetrancy,detail-hop	86400	Every published DHS/MIS/SPA estimate for Nigeria, broken down by survey and by characteristic. Row: DataId, Indicator (the label), Value, Precision, DHS_CountryCode, CountryName, SurveyYear, SurveyId, IndicatorId, IndicatorType, CharacteristicCategory, CharacteristicLabel, ByVariableLabel, RegionId. Detail by IndicatorId returns the indicator definition, denominator, measurement type and level hierarchy.  A per-record detail endpoint was verified for this source; see the batch's detail-hops side-car. This collector fetches the list endpoint only.
af-dhs-data-ke	https://api.dhsprogram.com/rest/dhs/data?countryIds=KE&f=json&perpage=100	json:Data	100	DHS Program — Kenya indicator data		ke_statistics	statistics	en	ke,statistics,batch17,high-penetrancy,detail-hop	86400	Kenya DHS estimates by survey and characteristic: DataId, Indicator, Value, SurveyId, SurveyYear, IndicatorId, CharacteristicCategory/Label, ByVariableLabel. Detail by IndicatorId returns the indicator definition and denominator.  A per-record detail endpoint was verified for this source; see the batch's detail-hops side-car. This collector fetches the list endpoint only.
af-dhs-data-gh	https://api.dhsprogram.com/rest/dhs/data?countryIds=GH&f=json&perpage=100	json:Data	100	DHS Program — Ghana indicator data		gh_statistics	statistics	en	gh,statistics,batch17,high-penetrancy,detail-hop	86400	Ghana DHS estimates by survey and characteristic with Indicator label, Value, SurveyId, IndicatorId and characteristic breakdown. Detail by IndicatorId returns the indicator metadata.  A per-record detail endpoint was verified for this source; see the batch's detail-hops side-car. This collector fetches the list endpoint only.
af-dhs-data-za	https://api.dhsprogram.com/rest/dhs/data?countryIds=ZA&f=json&perpage=100	json:Data	100	DHS Program — South Africa indicator data		za_statistics	statistics	en	za,statistics,batch17,high-penetrancy,detail-hop	86400	South Africa DHS estimates by survey and characteristic: Indicator, Value, SurveyId, SurveyYear, CharacteristicCategory/Label. Detail by IndicatorId returns definition, denominator and measurement type.  A per-record detail endpoint was verified for this source; see the batch's detail-hops side-car. This collector fetches the list endpoint only.
af-dhs-data-ug	https://api.dhsprogram.com/rest/dhs/data?countryIds=UG&f=json&perpage=100	json:Data	100	DHS Program — Uganda indicator data		ug_statistics	statistics	en	ug,statistics,batch17,high-penetrancy,detail-hop	86400	Uganda DHS estimates with Indicator label, Value, SurveyId, IndicatorId and characteristic breakdown; detail by IndicatorId returns the indicator definition.  A per-record detail endpoint was verified for this source; see the batch's detail-hops side-car. This collector fetches the list endpoint only.
af-dhs-data-tz	https://api.dhsprogram.com/rest/dhs/data?countryIds=TZ&f=json&perpage=100	json:Data	100	DHS Program — Tanzania indicator data		tz_statistics	statistics	en	tz,statistics,batch17,high-penetrancy,detail-hop	86400	Tanzania DHS estimates by survey and characteristic with Indicator, Value, SurveyId and IndicatorId. Detail by IndicatorId returns indicator metadata.  A per-record detail endpoint was verified for this source; see the batch's detail-hops side-car. This collector fetches the list endpoint only.
af-dhs-data-zm	https://api.dhsprogram.com/rest/dhs/data?countryIds=ZM&f=json&perpage=100	json:Data	100	DHS Program — Zambia indicator data		zm_statistics	statistics	en	zm,statistics,batch17,high-penetrancy,detail-hop	86400	Zambia DHS estimates with Indicator label, Value, SurveyId, CharacteristicCategory/Label; detail by IndicatorId returns definition and denominator.  A per-record detail endpoint was verified for this source; see the batch's detail-hops side-car. This collector fetches the list endpoint only.
af-dhs-data-rw	https://api.dhsprogram.com/rest/dhs/data?countryIds=RW&f=json&perpage=100	json:Data	100	DHS Program — Rwanda indicator data		rw_statistics	statistics	en	rw,statistics,batch17,high-penetrancy,detail-hop	86400	Rwanda DHS estimates by survey and characteristic with Indicator, Value, SurveyId and IndicatorId. Detail by IndicatorId returns the indicator definition.  A per-record detail endpoint was verified for this source; see the batch's detail-hops side-car. This collector fetches the list endpoint only.
af-dhs-data-et	https://api.dhsprogram.com/rest/dhs/data?countryIds=ET&f=json&perpage=100	json:Data	100	DHS Program — Ethiopia indicator data		et_statistics	statistics	en	et,statistics,batch17,high-penetrancy,detail-hop	86400	Ethiopia DHS estimates with Indicator label, Value, SurveyId, IndicatorId and characteristic breakdown; detail by IndicatorId returns indicator metadata.  A per-record detail endpoint was verified for this source; see the batch's detail-hops side-car. This collector fetches the list endpoint only.
dportal-iati-ma	https://d-portal.org/q?country_code=MA&limit=50&form=json	json:rows	50	d-portal IATI activities - Morocco		ma_aid	aid	en	ma,aid,batch17,high-penetrancy,detail-hop	86400	Donor-reported aid activities located in Morocco: aid (IATI activity id), reporting organisation and its IATI ref, funder ref, title, description, status_code, start/end day, commitment and spend in USD and EUR, sector and slug. Detail hop returns the activity's individual transactions.  A per-record detail endpoint was verified for this source; see the batch's detail-hops side-car. This collector fetches the list endpoint only.
dportal-iati-tn	https://d-portal.org/q?country_code=TN&limit=50&form=json	json:rows	50	d-portal IATI activities - Tunisia		tn_aid	aid	en	tn,aid,batch17,high-penetrancy,detail-hop	86400	Aid activities in Tunisia with reporting org, funder ref, title, narrative description, commitment/spend figures and activity status; detail hop yields per-activity transactions.  A per-record detail endpoint was verified for this source; see the batch's detail-hops side-car. This collector fetches the list endpoint only.
dportal-iati-dz	https://d-portal.org/q?country_code=DZ&limit=50&form=json	json:rows	50	d-portal IATI activities - Algeria		dz_aid	aid	en	dz,aid,batch17,high-penetrancy,detail-hop	86400	Aid activities in Algeria: donor, implementing/reporting organisation, title, description, budget and disbursement amounts, dates and status. Detail hop returns transaction-level records.  A per-record detail endpoint was verified for this source; see the batch's detail-hops side-car. This collector fetches the list endpoint only.
dportal-iati-eg	https://d-portal.org/q?country_code=EG&limit=50&form=json	json:rows	50	d-portal IATI activities - Egypt		eg_aid	aid	en	eg,aid,batch17,high-penetrancy,detail-hop	86400	Aid activities in Egypt with reporting organisation, funder, title, description, commitment and spend, and activity dates; transactions available per activity.  A per-record detail endpoint was verified for this source; see the batch's detail-hops side-car. This collector fetches the list endpoint only.
dportal-iati-sn	https://d-portal.org/q?country_code=SN&limit=50&form=json	json:rows	50	d-portal IATI activities - Senegal		sn_aid	aid	en	sn,aid,batch17,high-penetrancy,detail-hop	86400	Aid activities in Senegal: IATI activity id, reporting org and ref, funder ref, title, full description, commitment/spend in USD and EUR, status and dates. Detail hop lists the activity's transactions.  A per-record detail endpoint was verified for this source; see the batch's detail-hops side-car. This collector fetches the list endpoint only.
dportal-iati-ci	https://d-portal.org/q?country_code=CI&limit=50&form=json	json:rows	50	d-portal IATI activities - Cote d'Ivoire		ci_aid	aid	fr	ci,aid,batch17,high-penetrancy,detail-hop	86400	Aid activities in Cote d'Ivoire, many reported in French, with donor, title, description, financial commitment and spend, status and dates; per-activity transactions behind the detail hop.  A per-record detail endpoint was verified for this source; see the batch's detail-hops side-car. This collector fetches the list endpoint only.
dportal-iati-cm	https://d-portal.org/q?country_code=CM&limit=50&form=json	json:rows	50	d-portal IATI activities - Cameroon		cm_aid	aid	en	cm,aid,batch17,high-penetrancy,detail-hop	86400	Aid activities in Cameroon with reporting organisation, funder ref, title, description, committed and spent amounts and activity period; transaction detail per activity.  A per-record detail endpoint was verified for this source; see the batch's detail-hops side-car. This collector fetches the list endpoint only.
dportal-iati-bj	https://d-portal.org/q?country_code=BJ&limit=50&form=json	json:rows	50	d-portal IATI activities - Benin		bj_aid	aid	en	bj,aid,batch17,high-penetrancy,detail-hop	86400	Aid activities in Benin: donor and reporting refs, project title, description, commitment/spend, status codes and dates. Detail hop returns transactions.  A per-record detail endpoint was verified for this source; see the batch's detail-hops side-car. This collector fetches the list endpoint only.
dportal-iati-bf	https://d-portal.org/q?country_code=BF&limit=50&form=json	json:rows	50	d-portal IATI activities - Burkina Faso		bf_aid	aid	en	bf,aid,batch17,high-penetrancy,detail-hop	86400	Aid activities in Burkina Faso with reporting org, funder, title, description, financial commitment and spend and activity dates; transaction detail available.  A per-record detail endpoint was verified for this source; see the batch's detail-hops side-car. This collector fetches the list endpoint only.
dportal-iati-ml	https://d-portal.org/q?country_code=ML&limit=50&form=json	json:rows	50	d-portal IATI activities - Mali		ml_aid	aid	en	ml,aid,batch17,high-penetrancy,detail-hop	86400	Aid activities in Mali: reporting organisation, funder ref, title (some redaction notices from USAID are themselves informative), description, commitment/spend and dates. Transactions behind the detail hop.  A per-record detail endpoint was verified for this source; see the batch's detail-hops side-car. This collector fetches the list endpoint only.
dportal-iati-cd	https://d-portal.org/q?country_code=CD&limit=50&form=json	json:rows	50	d-portal IATI activities - DR Congo		cd_aid	aid	en	cd,aid,batch17,high-penetrancy,detail-hop	86400	Aid activities in the Democratic Republic of the Congo with donor, reporting ref, title, description, committed and disbursed amounts, status and period; per-activity transactions.  A per-record detail endpoint was verified for this source; see the batch's detail-hops side-car. This collector fetches the list endpoint only.
dportal-iati-mg	https://d-portal.org/q?country_code=MG&limit=50&form=json	json:rows	50	d-portal IATI activities - Madagascar		mg_aid	aid	en	mg,aid,batch17,high-penetrancy,detail-hop	86400	Aid activities in Madagascar: reporting organisation and ref, funder, title, description, commitment/spend and dates; transaction detail per activity.  A per-record detail endpoint was verified for this source; see the batch's detail-hops side-car. This collector fetches the list endpoint only.
dportal-iati-mu	https://d-portal.org/q?country_code=MU&limit=50&form=json	json:rows	50	d-portal IATI activities - Mauritius		mu_aid	aid	en	mu,aid,batch17,high-penetrancy,detail-hop	86400	Aid activities in Mauritius with donor and reporting refs, project title, description, financial commitment and spend, and activity dates; transactions behind the detail hop.  A per-record detail endpoint was verified for this source; see the batch's detail-hops side-car. This collector fetches the list endpoint only.
undp-projects-ma	https://api.open.undp.org/api/units/MAR.json	json:projects	121	UNDP Open Data projects - Morocco		ma_aid	aid	fr	ma,aid,batch17,high-penetrancy,detail-hop	86400	Every UNDP project in the Morocco country office: project id (award id), title, nested outputs (output_id, sector, description, SDG, signature solution, policy markers), subnational locations with lat/lon, purchase_orders and documents. Detail hop gives project description, fiscal years, region and operating unit.  A per-record detail endpoint was verified for this source; see the batch's detail-hops side-car. This collector fetches the list endpoint only.
undp-projects-tn	https://api.open.undp.org/api/units/TUN.json	json:projects	132	UNDP Open Data projects - Tunisia		tn_aid	aid	fr	tn,aid,batch17,high-penetrancy,detail-hop	86400	UNDP Tunisia project portfolio: project id, title, outputs with sector/SDG/description, geolocated subnational sites (e.g. Tunis, with lat/lon and focus area), purchase orders and attached documents.  A per-record detail endpoint was verified for this source; see the batch's detail-hops side-car. This collector fetches the list endpoint only.
undp-projects-dz	https://api.open.undp.org/api/units/DZA.json	json:projects	84	UNDP Open Data projects - Algeria		dz_aid	aid	fr	dz,aid,batch17,high-penetrancy,detail-hop	86400	UNDP Algeria projects with award id, French titles, per-project outputs (sector, description, SDG targets), subnational locations and purchase orders. One of the very few open machine-readable Algerian project datasets.  A per-record detail endpoint was verified for this source; see the batch's detail-hops side-car. This collector fetches the list endpoint only.
undp-projects-eg	https://api.open.undp.org/api/units/EGY.json	json:projects	181	UNDP Open Data projects - Egypt		eg_aid	aid	en	eg,aid,batch17,high-penetrancy,detail-hop	86400	UNDP Egypt project portfolio: project id, title, outputs with sector and SDG mapping, geolocated activity sites, purchase orders and documents.  A per-record detail endpoint was verified for this source; see the batch's detail-hops side-car. This collector fetches the list endpoint only.
undp-projects-sn	https://api.open.undp.org/api/units/SEN.json	json:projects	116	UNDP Open Data projects - Senegal		sn_aid	aid	fr	sn,aid,batch17,high-penetrancy,detail-hop	86400	UNDP Senegal projects with award id, title, nested outputs (sector, description, SDG, markers), subnational geolocations and purchase orders.  A per-record detail endpoint was verified for this source; see the batch's detail-hops side-car. This collector fetches the list endpoint only.
undp-projects-ci	https://api.open.undp.org/api/units/CIV.json	json:projects	113	UNDP Open Data projects - Cote d'Ivoire		ci_aid	aid	fr	ci,aid,batch17,high-penetrancy,detail-hop	86400	UNDP Cote d'Ivoire projects: id, French title, outputs with sector/SDG/description, geolocated sites and purchase orders.  A per-record detail endpoint was verified for this source; see the batch's detail-hops side-car. This collector fetches the list endpoint only.
undp-projects-cm	https://api.open.undp.org/api/units/CMR.json	json:projects	91	UNDP Open Data projects - Cameroon		cm_aid	aid	fr	cm,aid,batch17,high-penetrancy,detail-hop	86400	UNDP Cameroon projects with award id, title, per-project outputs, subnational locations and purchase orders.  A per-record detail endpoint was verified for this source; see the batch's detail-hops side-car. This collector fetches the list endpoint only.
undp-projects-bj	https://api.open.undp.org/api/units/BEN.json	json:projects	125	UNDP Open Data projects - Benin		bj_aid	aid	en	bj,aid,batch17,high-penetrancy,detail-hop	86400	UNDP Benin projects: project id, title, outputs with sector and SDG mapping, geolocated activity sites, purchase orders and documents.  A per-record detail endpoint was verified for this source; see the batch's detail-hops side-car. This collector fetches the list endpoint only.
undp-projects-bf	https://api.open.undp.org/api/units/BFA.json	json:projects	113	UNDP Open Data projects - Burkina Faso		bf_aid	aid	en	bf,aid,batch17,high-penetrancy,detail-hop	86400	UNDP Burkina Faso projects with award id, title, outputs (sector, description, SDG), subnational locations and purchase orders.  A per-record detail endpoint was verified for this source; see the batch's detail-hops side-car. This collector fetches the list endpoint only.
undp-projects-ml	https://api.open.undp.org/api/units/MLI.json	json:projects	144	UNDP Open Data projects - Mali		ml_aid	aid	fr	ml,aid,batch17,high-penetrancy,detail-hop	86400	UNDP Mali projects: id, title, per-project outputs with sector and SDG, geolocated sites and purchase orders.  A per-record detail endpoint was verified for this source; see the batch's detail-hops side-car. This collector fetches the list endpoint only.
undp-projects-cd	https://api.open.undp.org/api/units/COD.json	json:projects	308	UNDP Open Data projects - DR Congo		cd_aid	aid	fr	cd,aid,batch17,high-penetrancy,detail-hop	86400	Largest of the set: 308 UNDP DR Congo projects with award id, title, outputs (sector, description, SDG, policy markers), geolocated subnational sites, purchase orders and documents.  A per-record detail endpoint was verified for this source; see the batch's detail-hops side-car. This collector fetches the list endpoint only.
undp-projects-mg	https://api.open.undp.org/api/units/MDG.json	json:projects	133	UNDP Open Data projects - Madagascar		mg_aid	aid	fr	mg,aid,batch17,high-penetrancy,detail-hop	86400	UNDP Madagascar projects with award id, title, outputs, geolocated activity sites and purchase orders.  A per-record detail endpoint was verified for this source; see the batch's detail-hops side-car. This collector fetches the list endpoint only.
undp-projects-mu	https://api.open.undp.org/api/units/MUS.json	json:projects	83	UNDP Open Data projects - Mauritius		mu_aid	aid	en	mu,aid,batch17,high-penetrancy,detail-hop	86400	UNDP Mauritius projects: id, title, outputs with sector/SDG, subnational locations and purchase orders.  A per-record detail endpoint was verified for this source; see the batch's detail-hops side-car. This collector fetches the list endpoint only.
ihsn-microdata-ma	http://catalog.ihsn.org/index.php/api/catalog/search?format=json&country=Morocco&ps=50	json:result.rows	50	IHSN survey catalog - Morocco		ma_microdata	microdata	en	ma,microdata,batch17,high-penetrancy,detail-hop	86400	155 Moroccan survey and census datasets (e.g. 2014 General Census of Population and Housing) with idno, title, type, authoring entity, year and repository. Detail hop by idno returns the full study record: producers, sampling, coverage, data access terms and file list.  A per-record detail endpoint was verified for this source; see the batch's detail-hops side-car. This collector fetches the list endpoint only.
ihsn-microdata-tn	http://catalog.ihsn.org/index.php/api/catalog/search?format=json&country=Tunisia&ps=50	json:result.rows	50	IHSN survey catalog - Tunisia		tn_microdata	microdata	en	tn,microdata,batch17,high-penetrancy,detail-hop	86400	Tunisian survey/census study records with idno, title, type, authoring entity and year; detail hop yields the full metadata record including producers and access conditions.  A per-record detail endpoint was verified for this source; see the batch's detail-hops side-car. This collector fetches the list endpoint only.
ihsn-microdata-dz	http://catalog.ihsn.org/index.php/api/catalog/search?format=json&country=Algeria&ps=50	json:result.rows	50	IHSN survey catalog - Algeria		dz_microdata	microdata	fr	dz,microdata,batch17,high-penetrancy,detail-hop	86400	Algerian statistical studies including the 5eme Recensement General de la Population et de l'Habitat, with idno, title, type and year; full study metadata behind the idno detail hop.  A per-record detail endpoint was verified for this source; see the batch's detail-hops side-car. This collector fetches the list endpoint only.
ihsn-microdata-eg	http://catalog.ihsn.org/index.php/api/catalog/search?format=json&country=Egypt&ps=50	json:result.rows	50	IHSN survey catalog - Egypt		eg_microdata	microdata	en	eg,microdata,batch17,high-penetrancy,detail-hop	86400	Egyptian survey and census study records with idno, title, authoring entity and year; detail hop returns full study documentation.  A per-record detail endpoint was verified for this source; see the batch's detail-hops side-car. This collector fetches the list endpoint only.
ihsn-microdata-sn	http://catalog.ihsn.org/index.php/api/catalog/search?format=json&country=Senegal&ps=50	json:result.rows	50	IHSN survey catalog - Senegal		sn_microdata	microdata	fr	sn,microdata,batch17,high-penetrancy,detail-hop	86400	Senegalese studies (e.g. 'A l'ecoute du Senegal 2016') with idno, French title, type and year; detail hop gives producers, sampling and access terms.  A per-record detail endpoint was verified for this source; see the batch's detail-hops side-car. This collector fetches the list endpoint only.
ihsn-microdata-ci	http://catalog.ihsn.org/index.php/api/catalog/search?format=json&country=Cote%20d%27Ivoire&ps=50	json:result.rows	50	IHSN survey catalog - Cote d'Ivoire		ci_microdata	microdata	fr	ci,microdata,batch17,high-penetrancy,detail-hop	86400	Ivorian survey/census study records with idno, title, type and year; full metadata behind the idno detail hop.  A per-record detail endpoint was verified for this source; see the batch's detail-hops side-car. This collector fetches the list endpoint only.
ihsn-microdata-cm	http://catalog.ihsn.org/index.php/api/catalog/search?format=json&country=Cameroon&ps=50	json:result.rows	50	IHSN survey catalog - Cameroon		cm_microdata	microdata	en	cm,microdata,batch17,high-penetrancy,detail-hop	86400	Cameroonian studies with idno, title, authoring entity and year, including experimental and household surveys; detail hop returns full documentation.  A per-record detail endpoint was verified for this source; see the batch's detail-hops side-car. This collector fetches the list endpoint only.
ihsn-microdata-bj	http://catalog.ihsn.org/index.php/api/catalog/search?format=json&country=Benin&ps=50	json:result.rows	50	IHSN survey catalog - Benin		bj_microdata	microdata	en	bj,microdata,batch17,high-penetrancy,detail-hop	86400	Beninese survey and census study records with idno, title, type and year; per-study metadata behind the idno detail hop.  A per-record detail endpoint was verified for this source; see the batch's detail-hops side-car. This collector fetches the list endpoint only.
ihsn-microdata-bf	http://catalog.ihsn.org/index.php/api/catalog/search?format=json&country=Burkina%20Faso&ps=50	json:result.rows	50	IHSN survey catalog - Burkina Faso		bf_microdata	microdata	en	bf,microdata,batch17,high-penetrancy,detail-hop	86400	Burkinabe studies with idno, title, authoring entity and year; detail hop yields producers, sampling and file lists.  A per-record detail endpoint was verified for this source; see the batch's detail-hops side-car. This collector fetches the list endpoint only.
ihsn-microdata-ml	http://catalog.ihsn.org/index.php/api/catalog/search?format=json&country=Mali&ps=50	json:result.rows	50	IHSN survey catalog - Mali		ml_microdata	microdata	en	ml,microdata,batch17,high-penetrancy,detail-hop	86400	Malian survey/census study records with idno, title, type and year; detail hop returns the full study record.  A per-record detail endpoint was verified for this source; see the batch's detail-hops side-car. This collector fetches the list endpoint only.
ihsn-microdata-cd	http://catalog.ihsn.org/index.php/api/catalog/search?format=json&country=Congo&ps=50	json:result.rows	50	IHSN survey catalog - Congo (DRC region)		cd_microdata	microdata	en	cd,microdata,batch17,high-penetrancy,detail-hop	86400	Congo/DRC study records including the 15th General Population and Housing Census, with idno, title, type and year; full metadata behind the idno detail hop. NOTE: the 'Congo' filter also matches Republic of the Congo studies.  A per-record detail endpoint was verified for this source; see the batch's detail-hops side-car. This collector fetches the list endpoint only.
ihsn-microdata-mg	http://catalog.ihsn.org/index.php/api/catalog/search?format=json&country=Madagascar&ps=50	json:result.rows	50	IHSN survey catalog - Madagascar		mg_microdata	microdata	en	mg,microdata,batch17,high-penetrancy,detail-hop	86400	Malagasy survey and census study records with idno, title, authoring entity and year; detail hop yields full documentation.  A per-record detail endpoint was verified for this source; see the batch's detail-hops side-car. This collector fetches the list endpoint only.
ihsn-microdata-mu	http://catalog.ihsn.org/index.php/api/catalog/search?format=json&country=Mauritius&ps=50	json:result.rows	50	IHSN survey catalog - Mauritius		mu_microdata	microdata	en	mu,microdata,batch17,high-penetrancy,detail-hop	86400	Mauritian studies including the 1990 Housing and Population Census IPUMS subset, with idno, title, type and year; per-study metadata behind the idno detail hop.  A per-record detail endpoint was verified for this source; see the batch's detail-hops side-car. This collector fetches the list endpoint only.
dhs-data-ma	https://api.dhsprogram.com/rest/dhs/data?countryIds=MA&f=json&perpage=100	json:Data	100	DHS Program indicator data - Morocco		ma_health	health	en	ma,health,batch17,high-penetrancy	43200	Demographic and Health Survey observations for Morocco: DataId, Indicator label, Value, Precision, country code and name, SurveyId and SurveyYear, characteristic/disaggregation and indicator type. Paginated (TotalPages in envelope).
dhs-data-eg	https://api.dhsprogram.com/rest/dhs/data?countryIds=EG&f=json&perpage=100	json:Data	100	DHS Program indicator data - Egypt		eg_health	health	en	eg,health,batch17,high-penetrancy	43200	DHS observations for Egypt with DataId, Indicator label, Value, survey id and year, and disaggregation characteristics; 653 pages available.
dhs-data-sn	https://api.dhsprogram.com/rest/dhs/data?countryIds=SN&f=json&perpage=100	json:Data	100	DHS Program indicator data - Senegal		sn_health	health	en	sn,health,batch17,high-penetrancy	43200	DHS observations for Senegal: indicator label, value, survey id and year, characteristic category. Senegal has a long continuous-DHS series.
dhs-data-ci	https://api.dhsprogram.com/rest/dhs/data?countryIds=CI&f=json&perpage=100	json:Data	100	DHS Program indicator data - Cote d'Ivoire		ci_health	health	en	ci,health,batch17,high-penetrancy	43200	DHS observations for Cote d'Ivoire with indicator label, value, precision, survey id/year and disaggregation.
dhs-data-cm	https://api.dhsprogram.com/rest/dhs/data?countryIds=CM&f=json&perpage=100	json:Data	100	DHS Program indicator data - Cameroon		cm_health	health	en	cm,health,batch17,high-penetrancy	43200	DHS observations for Cameroon: indicator label, value, survey id and year, characteristic category.
dhs-data-bj	https://api.dhsprogram.com/rest/dhs/data?countryIds=BJ&f=json&perpage=100	json:Data	100	DHS Program indicator data - Benin		bj_health	health	en	bj,health,batch17,high-penetrancy	43200	DHS observations for Benin with indicator label, value, survey id/year and disaggregation characteristics.
dhs-data-bf	https://api.dhsprogram.com/rest/dhs/data?countryIds=BF&f=json&perpage=100	json:Data	100	DHS Program indicator data - Burkina Faso		bf_health	health	en	bf,health,batch17,high-penetrancy	43200	DHS observations for Burkina Faso: indicator label, value, precision, survey id and year.
dhs-data-ml	https://api.dhsprogram.com/rest/dhs/data?countryIds=ML&f=json&perpage=100	json:Data	100	DHS Program indicator data - Mali		ml_health	health	en	ml,health,batch17,high-penetrancy	43200	DHS observations for Mali with indicator label, value, survey id/year and characteristic breakdowns.
dhs-data-cd	https://api.dhsprogram.com/rest/dhs/data?countryIds=CD&f=json&perpage=100	json:Data	100	DHS Program indicator data - DR Congo		cd_health	health	en	cd,health,batch17,high-penetrancy	43200	DHS observations for Congo Democratic Republic: indicator label, value, survey id and year, disaggregation category.
dhs-data-mg	https://api.dhsprogram.com/rest/dhs/data?countryIds=MD&f=json&perpage=100	json:Data	100	DHS Program indicator data - Madagascar		mg_health	health	en	mg,health,batch17,high-penetrancy	43200	DHS observations for Madagascar (DHS country code MD, not ISO MG): indicator label, value, survey id and year.
capmas-related-website	https://www.capmas.gov.eg:8080/api/RelatedWebsite	json:data	100	CAPMAS Egypt related official websites		eg_government	government	ar	eg,government,batch17,high-penetrancy	86400	100 Egyptian official bodies with Arabic title, live URL, websiteTypeId classification and an English translation array - effectively a machine-readable directory of Egyptian government and public-sector web presences.
capmas-country	https://www.capmas.gov.eg:8080/api/Country	json:data	243	CAPMAS Egypt country reference list		eg_statistics	statistics	ar	eg,statistics,batch17,high-penetrancy	86400	243 countries as used across CAPMAS trade and migration statistics: numeric id, Arabic name and countryTranslations with the English name and locale. The join key for Egyptian trade-partner data.
capmas-governorate	https://www.capmas.gov.eg:8080/api/Governorate	json:data	27	CAPMAS Egypt governorates		eg_statistics	statistics	ar	eg,statistics,batch17,high-penetrancy	86400	All 27 Egyptian governorates with id, Arabic name, English translation, administrative code and area in km2 - the geographic key for every CAPMAS subnational series.
capmas-regional-office	https://www.capmas.gov.eg:8080/api/RegionalOffice	json:data	37	CAPMAS Egypt regional offices		eg_government	government	ar	eg,government,batch17,high-penetrancy	86400	37 CAPMAS regional and central offices with Arabic name, governorate, street address, phone number, e-mail, and latitude/longitude - a geolocated directory of Egyptian statistical-agency premises with contact details.
capmas-sector	https://www.capmas.gov.eg:8080/api/Sector	json:data	8	CAPMAS Egypt organisational sectors		eg_government	government	ar	eg,government,batch17,high-penetrancy	86400	The 8 internal sectors of CAPMAS (population statistics and census division, etc.) with Arabic title, HTML description of remit, English translation, and created/updated audit timestamps.
capmas-head	https://www.capmas.gov.eg:8080/api/CapmasHead	json:data	7	CAPMAS Egypt agency heads (historical roster)		eg_government	government	ar	eg,government,batch17,high-penetrancy	86400	Named individuals who have led CAPMAS: full name with rank, portrait image path, startYear/endYear of tenure, isCurrent flag and an English translation array. A person-level record set behind an Egyptian state institution.
capmas-history	https://www.capmas.gov.eg:8080/api/CapmasHistory	json:data	11	CAPMAS Egypt institutional history		eg_government	government	ar	eg,government,batch17,high-penetrancy	86400	11 dated milestones in the history of Egyptian official statistics with Arabic title, description, year and image, plus English translations.
capmas-service-tool	https://www.capmas.gov.eg:8080/api/ServiceAndTool	json:data	12	CAPMAS Egypt data services and tools		eg_statistics	statistics	ar	eg,statistics,batch17,high-penetrancy	86400	12 CAPMAS data products/tools with title, short description, full HTML 'about' text, target link, isInternal/isNew flags and departmentId - a map of what Egyptian statistical data is published and where.
capmas-selected-indicator	https://www.capmas.gov.eg:8080/api/SelectedIndicator	json:data	8	CAPMAS Egypt headline indicators		eg_statistics	statistics	ar	eg,statistics,batch17,high-penetrancy	86400	Egypt's current headline statistics as published by CAPMAS: indicator title (e.g. annual unemployment rate), unit, studyPeriod, numeric value and the linked publicationIndicatorId. Live macro figures, not a catalogue.
capmas-subject	https://www.capmas.gov.eg:8080/api/Subject	json:data	5	CAPMAS Egypt statistical subject tree		eg_statistics	statistics	ar	eg,statistics,batch17,high-penetrancy	86400	5 top-level statistical domains each with a nested subSubjects array (13 under economic statistics alone), hasData flags and English translations - the taxonomy needed to address CAPMAS data queries.
capmas-video-library	https://www.capmas.gov.eg:8080/api/VideoLibrary/VideoLibrary	json:data	4	CAPMAS Egypt media library		eg_statistics	statistics	ar	eg,statistics,batch17,high-penetrancy	86400	CAPMAS video items with title, description, publishing date, media URL and category id; envelope also carries a page object with totalCount.
ansd-nada-microdata	http://anads.ansd.sn/index.php/api/catalog/search?format=json&ps=50	json:result.rows	50	ANADS - ANSD Senegal microdata catalog (NADA)		sn_microdata	microdata	fr	sn,microdata,batch17,high-penetrancy,detail-hop	86400	Senegal's national microdata archive, 286 studies total: numeric id, idno, type, title, year and repository. Detail hop by IDNO (not the numeric id - /catalog/181 returns IDNO-NOT-FOUND) returns the full study record with producers, sampling, geographic coverage, access policy and data file inventory.  A per-record detail endpoint was verified for this source; see the batch's detail-hops side-car. This collector fetches the list endpoint only.
brvm-rss	https://www.brvm.org/fr/rss.xml	rss	10	BRVM regional stock exchange announcements		ci_markets	markets	fr	ci,markets,batch17,high-penetrancy	86400	Bourse Regionale des Valeurs Mobilieres (the shared exchange for the 8 UEMOA states: CI, SN, BF, BJ, ML, NE, TG, GW) news feed - listing admissions and bond issues by named issuers (e.g. SENELEC obligations liees au developpement durable), notices and dated links back to the full announcement.
insd-burkina-rss	https://www.insd.bf/rss.xml	rss	10	INSD Burkina Faso statistics institute feed		bf_statistics	statistics	fr	bf,statistics,batch17,high-penetrancy	86400	Burkina Faso national statistics institute Drupal feed: publications, and notably named recruitment result lists by province ('LISTE DES CANDIDATS ADMIS POUR LE COMPTE DU ZIRO/SANGUIE'), each with title, link, description and pubDate.
ins-cameroun-rss	https://ins-cameroun.cm/feed/	rss	10	INS Cameroun statistics institute feed		cm_statistics	statistics	fr	cm,statistics,batch17,high-penetrancy	86400	Cameroon national statistics institute feed with report and survey announcements (e.g. 'CAMEROON JOINT MONITORING REPORT/RAPPORT DE SUIVI CONJOINT DU CAMEROUN') carrying title, link, dc:creator, pubDate and full content:encoded body.
ohada-rss	https://www.ohada.org/feed/	rss	10	OHADA organisation announcements		int_legal	legal	fr	int,legal,batch17,high-penetrancy	43200	Official feed of OHADA, the 17-state African business-law harmonisation organisation whose Uniform Acts govern company law, security interests and insolvency across francophone Africa. Items carry title (e.g. 'L'Echo de l'OHADA N°001 avril-juin 2026'), link, author, pubDate and full content.
hcp-maroc-atom	https://www.hcp.ma/xml/atom.xml	atom	5	HCP Morocco - Haut-Commissariat au Plan releases		ma_statistics	statistics	fr	ma,statistics,batch17,high-penetrancy	86400	Morocco's national statistics office release feed - the only machine-readable HCP endpoint I could find. Entries are the actual headline statistical publications ('Situation du marche du travail au Maroc au deuxieme trimestre', 'Principaux indicateurs trimestriels retropoles provisoires du marche du travail') with title, link, updated date and summary.
mauritius-accident-prone-areas	https://data.govmu.org/api/3/action/datastore_search?resource_id=3e12e27b-71c5-47b6-8585-f498e82d32cc&limit=100	json:result.records	48	Mauritius open data - accident-prone road segments		mu_government	government	en	mu,government,batch17,high-penetrancy	86400	48 officially designated accident-prone road segments in Mauritius, each with _id, a named road descriptor ('M1: Belle Village up to Caudan') and the_geom as a MULTILINESTRING of WGS84 coordinates. The only resource on data.govmu.org whose datastore records carry a real label - the rest are raw spreadsheet dumps with 'Back to Table of Contents' headers.
br-pncp-compra-arquivos	https://pncp.gov.br/api/pncp/v1/orgaos/08084014000142/compras/2024/57/arquivos	json-array	4	PNCP - documentos anexos de uma contratacao		br_procurement	procurement	pt	br,procurement,batch17,high-penetrancy	21600	The actual documents behind a tender - edital, ETP (preliminary technical study), termo de referencia - each with title, document type, publication timestamp and a direct download URL. Auto-labels correctly ('titulo' is in K_TITLE).
br-pncp-contrato-arquivos	https://pncp.gov.br/api/pncp/v1/orgaos/00394460005887/contratos/2024/7096/arquivos	json-array	1	PNCP - documentos anexos de um contrato		br_procurement	procurement	pt	br,procurement,batch17,high-penetrancy	21600	Signed contract PDFs attached to a PNCP contract: title, document type, publication timestamp, and a direct download URL.
br-tcu-inabilitados	https://contas.tcu.gov.br/ords/condenacao/consulta/inabilitados	json:items	25	TCU - responsaveis inabilitados para funcao publica		br_sanctions	sanctions	pt	br,sanctions,batch17,high-penetrancy	86400	Named individuals barred by the federal audit court from holding public office: full name, CPF, TCU process number, the deliberation (acordao) that imposed it, date of final judgment, expiry date of the bar, and UF/municipality. Auto-labels on 'nome'.
br-tcu-inidoneos	https://contas.tcu.gov.br/ords/condenacao/consulta/inidoneos	json:items	25	TCU - licitantes declarados inidoneos		br_sanctions	sanctions	pt	br,sanctions,batch17,high-penetrancy	86400	Companies and people declared unfit to bid for federal contracts: legal name, CPF or CNPJ, TCU process number, acordao reference, date of final judgment, debarment expiry date, UF. The keyless counterpart to CEIS/CNEP. Auto-labels on 'nome'.
br-cnpjws-publica	https://publica.cnpj.ws/cnpj/19131243000197	json:estabelecimento.atividades_secundarias	5	CNPJ.ws publica - empresa, socios e estabelecimentos		br_company-registry	company-registry	pt	br,company-registry,batch17,high-penetrancy,detail-hop	86400	Second independent CNPJ source: razao_social, capital social, legal nature with code, responsible-party qualification, last-update timestamp, and socios[] with masked CPF/CNPJ, name, person type, entry date, age band, qualification object and country - plus the estabelecimento block (address, CNAE, status).  A per-record detail endpoint was verified for this source; see the batch's detail-hops side-car. This collector fetches the list endpoint only.
br-cnpja-open-office	https://open.cnpja.com/office/19131243000197	json:sideActivities	5	CNPJa Open - office/company with members and roles		br_company-registry	company-registry	pt	br,company-registry,batch17,high-penetrancy,detail-hop	86400	Third CNPJ source, English-keyed and the cleanest to parse: taxId, alias, founded date, head-office flag, status, and company.members[] each with person.id (a stable UUID), person.name, masked taxId, age band, country and role text - plus Simples/SIMEI opt-in history.  A per-record detail endpoint was verified for this source; see the batch's detail-hops side-car. This collector fetches the list endpoint only.
br-ibge-municipio-detalhe	https://servicodados.ibge.gov.br/api/v1/localidades/municipios/3550308	json-object	1	IBGE Localidades - municipio por codigo		br_geography	geography	pt	br,geography,batch17,high-penetrancy,detail-hop	86400	Per-municipality detail hop (the list endpoint is already in the tree): IBGE code and name plus the full nested hierarchy - microrregiao, mesorregiao, UF with sigla, macro-region, and the immediate/intermediate region codes. Resolves the codigoIbge carried on every PNCP tender.  A per-record detail endpoint was verified for this source; see the batch's detail-hops side-car. This collector fetches the list endpoint only.
br-ibge-municipio-distritos	https://servicodados.ibge.gov.br/api/v1/localidades/municipios/3550308/distritos	json-array	96	IBGE Localidades - distritos de um municipio		br_geography	geography	pt	br,geography,batch17,high-penetrancy	86400	Sub-municipal districts behind a municipality - 96 for Sao Paulo - each with district id, name and the full municipio/microrregiao/mesorregiao/UF chain. Auto-labels on 'nome'.
br-ibge-censo-nomes	https://servicodados.ibge.gov.br/api/v2/censos/nomes/silva	json-array	1	IBGE Censo - frequencia de um nome/sobrenome		br_demographics	demographics	pt	br,demographics,batch17,high-penetrancy,detail-hop	86400	Census frequency of any given name or surname, broken down by birth decade (res[] with periodo and frequencia) and optionally by sex and locality. Useful for scoring how distinctive a Brazilian name is in identity work. Auto-labels on 'nome'.  A per-record detail endpoint was verified for this source; see the batch's detail-hops side-car. This collector fetches the list endpoint only.
ar-georef-provincias	https://apis.datos.gob.ar/georef/api/provincias	json:provincias	24	Georef Argentina - provincias		ar_geography	geography	es	ar,geography,batch17,high-penetrancy	86400	All 24 Argentine provinces with INDEC id, nombre and centroid lat/lon. Root of the georef normalisation chain that every other Argentine dataset's location codes resolve against. Auto-labels on 'nombre'.
ar-georef-departamentos	https://apis.datos.gob.ar/georef/api/departamentos?max=3	json:departamentos	3	Georef Argentina - departamentos		ar_geography	geography	es	ar,geography,batch17,high-penetrancy,detail-hop	86400	529 departments with id, nombre, centroid and parent province (id + nombre). The ?id= detail hop was probed with a real id (06014) and returned the single matching record. Auto-labels on 'nombre'.  A per-record detail endpoint was verified for this source; see the batch's detail-hops side-car. This collector fetches the list endpoint only.
ar-georef-municipios	https://apis.datos.gob.ar/georef/api/municipios?provincia=06&max=5	json:municipios	5	Georef Argentina - municipios		ar_geography	geography	es	ar,geography,batch17,high-penetrancy	86400	Municipalities with id, nombre, centroid lat/lon and parent province. Also supports ?nombre= free-text search (verified with 'rosario', 9 hits). Auto-labels on 'nombre'.
ar-georef-localidades	https://apis.datos.gob.ar/georef/api/localidades?provincia=06&max=3	json:localidades	3	Georef Argentina - localidades		ar_geography	geography	es	ar,geography,batch17,high-penetrancy	86400	Settlements with id, nombre, category, centroid, and the full parent chain - departamento, municipio, localidad_censal and provincia, each as id+nombre. Auto-labels on 'nombre'.
ar-georef-localidades-censales	https://apis.datos.gob.ar/georef/api/localidades-censales?max=3	json:localidades_censales	3	Georef Argentina - localidades censales		ar_geography	geography	es	ar,geography,batch17,high-penetrancy	86400	Census localities (the unit INDEC publishes population against): id, nombre, category (Localidad simple/compuesta), urban/rural function, centroid and parent departamento/municipio/provincia. Note the JSON key uses an underscore: localidades_censales.
ar-georef-asentamientos	https://apis.datos.gob.ar/georef/api/asentamientos?max=3	json:asentamientos	3	Georef Argentina - asentamientos		ar_geography	geography	es	ar,geography,batch17,high-penetrancy	86400	Named settlements/hamlets below the locality level: id, nombre, category, centroid and the departamento/municipio/localidad_censal/provincia chain. Auto-labels on 'nombre'.
ar-georef-calles	https://apis.datos.gob.ar/georef/api/calles?provincia=02&max=3	json:calles	3	Georef Argentina - calles		ar_geography	geography	es	ar,geography,batch17,high-penetrancy	86400	Street-level gazetteer: street id, nombre, category (CALLE/AVENIDA), the full nomenclatura string, house-number ranges per side (altura.inicio/fin, derecha/izquierda) and the parent departamento/localidad_censal/provincia. This is what turns a free-text Argentine address into a normalised one.
co-secop1-procesos-historico	https://www.datos.gov.co/resource/qddk-cgux.json?$limit=50	json-array	50	SECOP I - Procesos de Compra Publica Historico		co_procurement	procurement	es	co,procurement,batch17,high-penetrancy	21600	Full historical SECOP I tender file - process uid, contracting entity, object, modality, dates, budgeted and awarded values, and awarded supplier. Records carry an exact 'uid' key so they label cleanly.
co-secop2-plan-anual-adq	https://www.datos.gov.co/resource/9sue-ezhx.json?$limit=50	json-array	50	SECOP II - Plan Anual de Adquisiciones (detalle)		co_procurement	procurement	es	co,procurement,batch17,high-penetrancy	21600	Line-item annual procurement plans: entity, planned item, UNSPSC code, estimated value, expected award month, funding source and the named contact officer for the line - forward-looking intelligence on what an entity is about to buy and from whom it expects to buy it.
co-reps-directorio-georreferenciado	https://www.datos.gov.co/resource/7r2w-27jm.json?$limit=50	json-array	50	Directorio Georreferenciado de Prestadores de Servicios de Salud (REPS)		co_health-regulator	health-regulator	es	co,health-regulator,batch17,high-penetrancy	86400	Geolocated directory of licensed Colombian health providers - provider name, NIT/identification, address, municipality, coordinates and enabled services.
co-concesionarios-vehiculos	https://www.datos.gov.co/resource/9kb7-vdd3.json?$limit=50	json-array	50	Base de Datos de Concesionarios (vehiculos)		co_company-registry	company-registry	es	co,company-registry,batch17,high-penetrancy	86400	Registered vehicle dealerships with name, identification, brand represented, address and municipality.
co-dnp-proyectos-sgr	https://www.datos.gov.co/resource/mzgh-shtp.json?$limit=50	json-array	50	DNP - Proyectos del Sistema General de Regalias		co_public-finance	public-finance	es	co,public-finance,batch17,high-penetrancy	86400	Royalty-funded investment projects: project name and BPIN code, executing entity, sector, department/municipality, approved value and status - where extractive royalties actually land.
pa-css-planilla-2026	https://www.datosabiertos.gob.pa/api/3/action/datastore_search?resource_id=2dcf0098-045b-4925-b7f5-0982f97f4b91&limit=50	json:result.records	50	Caja de Seguro Social - Planilla Institucional 2026 (Panama)		pa_payroll	payroll	es	pa,payroll,batch17,high-penetrancy	86400	Full January 2026 payroll of Panama's social security institution, 35,549 rows total: employee name, national ID (cedula) number, position code, post, monthly salary, start-of-service date, expense object and employment status. Named-individual + national-ID resolution at scale.
pa-css-planilla-2025	https://www.datosabiertos.gob.pa/api/3/action/datastore_search?resource_id=26023525-063f-4cf6-bbee-631926458ffe&limit=50	json:result.records	50	Caja de Seguro Social - Planilla Institucional 2025 (Panama)		pa_payroll	payroll	es	pa,payroll,batch17,high-penetrancy	86400	Same CSS payroll for January 2025, 34,958 rows - year-on-year comparison exposes hires, departures and salary jumps for named officials.
pa-cgr-planilla-2026	https://www.datosabiertos.gob.pa/api/3/action/datastore_search?resource_id=40b05524-a26e-4697-8230-6f89a9fc7946&limit=50	json:result.records	50	Contraloria General de la Republica - Planilla Institucional 2026 (Panama)		pa_payroll	payroll	es	pa,payroll,batch17,high-penetrancy	86400	Payroll of Panama's national audit institution, 4,838 rows: name, surname, gender, position number, cedula, post, post code, monthly salary, supplementary pay, start date and expense object.
pa-cgr-contrataciones-2025	https://www.datosabiertos.gob.pa/api/3/action/datastore_search?resource_id=c5f43cc1-4914-4bb7-a552-c9428692d216&limit=50	json:result.records	50	Contraloria General - Contrataciones de Personal 2025 (Panama)		pa_payroll	payroll	es	pa,payroll,batch17,high-penetrancy	86400	New hires at the Comptroller General, 694 rows: name, surname, cedula, start of service, post, post code and monthly salary - the hiring stream rather than the standing headcount.
pa-registro-publico-planilla	https://www.datosabiertos.gob.pa/api/3/action/datastore_search?resource_id=051df4ee-baec-412e-8112-bc77e98c74be&limit=50	json:result.records	50	Registro Publico de Panama - Planilla Institucional		pa_payroll	payroll	es	pa,payroll,batch17,high-penetrancy	86400	Payroll of Panama's Public Registry (the corporate/property registrar), 755 rows: employee number, name, surname, cedula, structural post, function, salary, representation expenses, directorate/region, department and start date - staff of the body that registers Panamanian companies.
pa-metro-planilla-2026	https://www.datosabiertos.gob.pa/api/3/action/datastore_search?resource_id=5e3f9122-f1d5-4a22-9d09-631b14dcaee4&limit=50	json:result.records	50	Metro de Panama S.A. - Planilla Regular 2026		pa_payroll	payroll	es	pa,payroll,batch17,high-penetrancy	86400	Payroll of the state metro operator, 827 rows: position, name, surname, cedula, post, monthly salary, start of service, expense object and status.
pa-sbp-planilla-2026	https://www.datosabiertos.gob.pa/api/3/action/datastore_search?resource_id=bbf1a7a7-c59c-4110-9762-ce7f2e03704c&limit=50	json:result.records	50	Superintendencia de Bancos de Panama - Planilla 2026		pa_payroll	payroll	es	pa,payroll,batch17,high-penetrancy	86400	February 2026 payroll of the banking regulator, 432 rows: position, name, surname, gender, cedula, post, post code, salary, supplement, start date and expense object - staff of the supervisor of Panama's offshore banking sector.
pa-sbp-planilla-2025	https://www.datosabiertos.gob.pa/api/3/action/datastore_search?resource_id=297db517-d051-40c1-a6a1-013b912cea1b&limit=50	json:result.records	50	Superintendencia de Bancos de Panama - Planilla 2025		pa_payroll	payroll	es	pa,payroll,batch17,high-penetrancy	86400	February 2025 payroll of the same banking regulator, 429 rows, same field set - the prior-year snapshot for turnover analysis.
pa-smv-planilla-2026	https://www.datosabiertos.gob.pa/api/3/action/datastore_search?resource_id=615fa54f-3fc8-41ad-973d-ef003ae85a3b&limit=50	json:result.records	50	Superintendencia del Mercado de Valores - Planilla Institucional 2026 (Panama)		pa_payroll	payroll	es	pa,payroll,batch17,high-penetrancy	86400	Payroll of Panama's securities regulator, 114 rows: position, name, surname, gender, cedula, post, post code, salary, supplement, start date.
pa-tribunal-cuentas-planilla-2026	https://www.datosabiertos.gob.pa/api/3/action/datastore_search?resource_id=5b297440-d8a2-4911-ae05-4efceb5a17f6&limit=50	json:result.records	50	Tribunal de Cuentas - Planilla 2026 (Panama)		pa_payroll	payroll	es	pa,payroll,batch17,high-penetrancy	86400	Payroll of the court that tries public-funds accountability cases, 137 rows: name, surname, gender, position, cedula, post, post code, monthly salary, supplement, start date and expense object.
pa-mingob-planilla-2026	https://www.datosabiertos.gob.pa/api/3/action/datastore_search?resource_id=4c14a8a3-56f3-49a3-a867-0d31440a7de2&limit=50	json:result.records	50	Ministerio de Gobierno - Planilla 2026 (Panama)		pa_payroll	payroll	es	pa,payroll,batch17,high-penetrancy	86400	Interior Ministry payroll, 3,272 rows: position, name, surname, gender, cedula, post, post code, salary, supplement, start date and expense object - includes the prison and immigration-adjacent workforce.
pa-iphe-planilla-2025	https://www.datosabiertos.gob.pa/api/3/action/datastore_search?resource_id=0ecd7964-8241-4125-9b4e-42d71d1257ba&limit=50	json:result.records	50	IPHE - Planilla Institucional 2025 (Panama)		pa_payroll	payroll	es	pa,payroll,batch17,high-penetrancy	86400	Payroll of the Panamanian Institute for Special Habilitation, 2,232 rows with name, surname, gender, position, cedula, post, salary, supplement and start date.
pa-aaud-planilla-2024	https://www.datosabiertos.gob.pa/api/3/action/datastore_search?resource_id=5d105487-0756-4467-bd45-69e917c98c79&limit=50	json:result.records	50	Autoridad de Aseo Urbano y Domiciliario - Planilla 2024 (Panama)		pa_payroll	payroll	es	pa,payroll,batch17,high-penetrancy	86400	Urban sanitation authority payroll, 2,250 rows: employee number, name, surname, structural post, department, cedula, social security number, start date, status, salary and employee type - carries the social-security number as well as the cedula.
pa-arap-planilla-2018	https://www.datosabiertos.gob.pa/api/3/action/datastore_search?resource_id=3c724103-a112-4dda-93d2-72f7a32569c9&limit=50	json:result.records	50	Autoridad de los Recursos Acuaticos - Planilla Institucional (Panama)		pa_payroll	payroll	es	pa,payroll,batch17,high-penetrancy	86400	Aquatic resources authority payroll, 405 rows: position, name, surname, cedula number, post, monthly salary, start of service, expense object and status - the fisheries/flag-adjacent regulator.
pa-senacyt-planilla	https://www.datosabiertos.gob.pa/api/3/action/datastore_search?resource_id=a146a281-1d9b-4c10-b08b-4450ccfc31c8&limit=50	json:result.records	50	SENACYT - Planilla Institucional (Panama)		pa_payroll	payroll	es	pa,payroll,batch17,high-penetrancy	86400	National science and technology secretariat payroll, 1,951 rows: position, post code, post description, payroll salary, representation expenses, name, surname and cedula.
pa-umip-planilla	https://www.datosabiertos.gob.pa/api/3/action/datastore_search?resource_id=3fdf2a35-2919-45ca-83b2-d70fbc97860d&limit=50	json:result.records	50	Universidad Maritima Internacional de Panama - Planilla Regular		pa_payroll	payroll	es	pa,payroll,batch17,high-penetrancy	86400	Payroll of Panama's international maritime university, 262 rows: count, position, name, cedula, structural post, salary and condition - staff of the training body behind Panama's ship registry ecosystem.
pa-apap-planilla-2024	https://www.datosabiertos.gob.pa/api/3/action/datastore_search?resource_id=852fd400-89b7-47d1-8bb8-e6e019f9250f&limit=50	json:result.records	50	Autoridad de Pasaportes de Panama - Planilla 2024		pa_payroll	payroll	es	pa,payroll,batch17,high-penetrancy	86400	Payroll of the Passport Authority, 152 rows: name, surname, gender, position, cedula, post, post code, salary, supplement, start of service and expense object - staff of the body issuing Panamanian travel documents.
pa-ena-planilla-2025	https://www.datosabiertos.gob.pa/api/3/action/datastore_search?resource_id=9d11eb6a-83a1-4f3b-9de6-f343f7a2cb56&limit=50	json:result.records	30	Empresa Nacional de Autopista - Planilla 2025 (Panama)		pa_payroll	payroll	es	pa,payroll,batch17,high-penetrancy	86400	State toll-road company payroll: position, name, surname, gender, cedula, post, post code, monthly salary, supplement, start of service and expense object.
pa-tonosi-planilla	https://www.datosabiertos.gob.pa/api/3/action/datastore_search?resource_id=7d297cc7-1c0d-4cad-be29-2314f2725eb0&limit=50	json:result.records	50	Municipio de Tonosi - Planilla municipal (Panama)		pa_payroll	payroll	es	pa,payroll,batch17,high-penetrancy	86400	Municipal payroll, 180 rows with name, surname, gender, position, cedula, post, post code, salary, supplement, start date and expense object - shows the same named-official disclosure reaches down to municipal level.
pa-sertv-contrataciones-2026	https://www.datosabiertos.gob.pa/api/3/action/datastore_search?resource_id=46079db0-b7b2-483a-a2de-5b6811856e51&limit=50	json:result.records	50	SERTV - Contrataciones Publicas 2026 (Panama)		pa_procurement	procurement	es	pa,procurement,batch17,high-penetrancy	21600	Awarded public tenders of the state broadcaster, 245 rows: public act number, act name, purchase type, AWARDED COMPANY, act date, item description, quantity, unit value and purchase value. Records also carry a mojibake 'Nombre del Acto P£blico Adjudicado' column; '_id' is the safe exact label key.
pa-sertv-contrataciones-2024	https://www.datosabiertos.gob.pa/api/3/action/datastore_search?resource_id=c44dbb5d-3691-4700-af4b-1f20724793b3&limit=50	json:result.records	50	SERTV - Contrataciones Publicas 2024 (Panama)		pa_procurement	procurement	es	pa,procurement,batch17,high-penetrancy	21600	Same award register for 2024, 798 rows - award-by-award supplier history for one contracting entity across years.
pa-asep-concesiones-2026	https://www.datosabiertos.gob.pa/api/3/action/datastore_search?resource_id=db368996-b5fd-49ea-acd7-2197f85db29e&limit=50	json:result.records	50	ASEP - Concesiones electricas en operacion 2026 (Panama)		pa_energy	energy	es	pa,energy,batch17,high-penetrancy	10800	Generation concessions in commercial operation, 405 rows: month, CONCESSION-HOLDING COMPANY, project name, resource exploited, province, district, corregimiento, installed MW, start of operation and current condition - company-to-asset mapping for Panama's power sector.
pa-asep-concesiones-2025	https://www.datosabiertos.gob.pa/api/3/action/datastore_search?resource_id=aa5ec6df-3035-4502-b759-4a274ec5bafb&limit=50	json:result.records	50	ASEP - Concesiones en Operacion Comercial 2025 (Panama)		pa_energy	energy	es	pa,energy,batch17,high-penetrancy	10800	Prior-year concession register, 540 rows, same fields - reveals changes of concession holder between years.
pa-migracion-viaticos-2023	https://www.datosabiertos.gob.pa/api/3/action/datastore_search?resource_id=879128e2-a373-4ed9-ba57-8c1859e76313&limit=50	json:result.records	29	Servicio Nacional de Migracion - Viaticos internacionales 2023 (Panama)		pa_travel-expenses	travel-expenses	es	pa,travel-expenses,batch17,high-penetrancy	86400	International travel allowances of immigration service officials: cedula, name, surname, post, destination, details, start and end dates, total, per-diem and report file - places named immigration officials in specific countries on specific dates.
pa-sbp-misiones-2025	https://www.datosabiertos.gob.pa/api/3/action/datastore_search?resource_id=093e41ba-1891-48f4-87d5-218ea2ea1a1b&limit=50	json:result.records	37	Superintendencia de Bancos - Misiones Oficiales Nacionales 2025 (Panama)		pa_travel-expenses	travel-expenses	es	pa,travel-expenses,batch17,high-penetrancy	86400	Official missions of banking-regulator staff: start and end dates, name, surname, cedula, destination, per-diem amount and details - who from the bank supervisor travelled where and when.
pa-meduca-fece-2022	https://www.datosabiertos.gob.pa/api/3/action/datastore_search?resource_id=ce5cc58a-827f-443e-8857-6dfaa89b82fe&limit=50	json:result.records	50	MEDUCA - Fondo de Equidad y Calidad de la Educacion (FECE) 2022 (Panama)		pa_public-finance	public-finance	es	pa,public-finance,batch17,high-penetrancy	86400	National transparency report on funds transferred to individual schools, 1,750 rows: project/programme name, school, region, amounts transferred and executed - grant-level tracking of education money to named recipients.
pa-idaan-tomas-agua	https://www.datosabiertos.gob.pa/api/3/action/datastore_search?resource_id=90b6d8b4-67b3-47ec-a3b4-58b830299c81&limit=50	json:result.records	50	IDAAN - Listado de tomas de agua cruda (Panama)		pa_infrastructure	infrastructure	es	pa,infrastructure,batch17,high-penetrancy	43200	Raw-water intake points of the national water utility: intake name, easting/northing coordinates, province, district, corregimiento, watershed, source and type - named critical water infrastructure with coordinates.
mx-dof-sidof-notas	https://sidofqa.segob.gob.mx/dof/sidof/notas/14-08-2026	json:NotasMatutinas	64	Diario Oficial de la Federacion - SIDOF notas del dia (Mexico)		mx_gazette	gazette	es	mx,gazette,batch17,high-penetrancy,detail-hop	86400	Undocumented JSON API behind Mexico's official gazette. One call for a date (DD-MM-YYYY) returns NotasMatutinas, NotasVespertinas and NotasExtraordinarias; each nota has codNota, section, date, diario id, issuing branch name (nombreCodOrgaUno), issuing secretariat (codOrgaDos), page range, order, status and flags for available HTML/DOC/PDF/image. DETAIL VERIFIED: /dof/sidof/notas/nota/5796377 returned a 33KB single Nota object with the full text and title - so every gazette entry can be expanded to its actual decree, appointment or sanction. Note: the tree already has www.dof.gob.mx scrapes but not this API host.  A per-record detail endpoint was verified for this source; see the batch's detail-hops side-car. This collector fetches the list endpoint only.
co-dane-microdatos-nada	https://microdatos.dane.gov.co/index.php/api/catalog/search?format=json&ps=50	json:result.rows	50	DANE Colombia - Catalogo de Microdatos (NADA API)		co_microdata	microdata	es	co,microdata,batch17,high-penetrancy,detail-hop	86400	National statistics office microdata catalogue. Each row: internal id, idno, study title, nation, authoring entity, form model, year range, repository id, data-access link, created/changed timestamps, view and download counts and study URL. DETAIL VERIFIED: /api/catalog/MINTIC-OAPES-INTERNET-2010-A-2014 returned a 29KB study object with full DDI metadata - producers, funding agencies, sampling, coverage, contacts (name/affiliation/email) and variable count. The named producers and contacts behind each dataset are the penetrancy here.  A per-record detail endpoint was verified for this source; see the batch's detail-hops side-car. This collector fetches the list endpoint only.
bo-ine-anda-microdatos	https://anda.ine.gob.bo/index.php/api/catalog/search?format=json&ps=50	json:result.rows	50	INE Bolivia - ANDA Archivo Nacional de Datos (NADA API)		bo_microdata	microdata	es	bo,microdata,batch17,high-penetrancy,detail-hop	86400	Bolivian national statistics microdata catalogue, same NADA schema: id, idno, title, nation, authoring entity, form model, year range, repository, REDATAM data-access link, timestamps, views and downloads. DETAIL VERIFIED: /api/catalog/BOL-INE-CA-2013 (Censo Agropecuario 2013) returned a 38KB study record with producers, contacts, topics, collection dates and keywords. Bolivia is otherwise almost absent from the tree.  A per-record detail endpoint was verified for this source; see the batch's detail-hops side-car. This collector fetches the list endpoint only.
il-knesset-agenda	https://knesset.gov.il/Odata/ParliamentInfo.svc/KNS_Agenda?$top=100&$format=json	json:value	100	Knesset — agenda motions (KNS_Agenda)		il_legislative	legislative	he	il,legislative,batch17,high-penetrancy,detail-hop	86400	Motions for the agenda: motion name, classification, Knesset number, urgency subtype, status, InitiatorPersonID and MinisterPersonID (pivot to KNS_Person), CommitteeID, government recommendation and postponement reason.  A per-record detail endpoint was verified for this source; see the batch's detail-hops side-car. This collector fetches the list endpoint only.
il-knesset-bill-name	https://knesset.gov.il/Odata/ParliamentInfo.svc/KNS_BillName?$top=100&$format=json	json:value	100	Knesset — bill name history (KNS_BillName)		il_legislative	legislative	he	il,legislative,batch17,high-penetrancy,detail-hop	86400	Every historical title a bill carried, with the reading stage the title belonged to (NameHistoryTypeDesc). Lets you track a bill through renames; BillID pivots to the bill record.  A per-record detail endpoint was verified for this source; see the batch's detail-hops side-car. This collector fetches the list endpoint only.
il-knesset-committee-session	https://knesset.gov.il/Odata/ParliamentInfo.svc/KNS_CommitteeSession?$top=100&$format=json	json:value	100	Knesset — committee sessions (KNS_CommitteeSession)		il_legislative	legislative	he	il,legislative,batch17,high-penetrancy,detail-hop	86400	Committee sitting records: room/location, committee id, open-vs-closed type, status, start and finish datetimes, plus SessionUrl and BroadcastUrl.  A per-record detail endpoint was verified for this source; see the batch's detail-hops side-car. This collector fetches the list endpoint only.
il-knesset-cmt-session-item	https://knesset.gov.il/Odata/ParliamentInfo.svc/KNS_CmtSessionItem?$top=100&$format=json	json:value	100	Knesset — committee agenda items (KNS_CmtSessionItem)		il_legislative	legislative	he	il,legislative,batch17,high-penetrancy,detail-hop	86400	The individual items discussed inside a committee sitting: item name, ordinal, status, item type, and the CommitteeSessionID / ItemID that link back to the session and to the underlying bill or query.  A per-record detail endpoint was verified for this source; see the batch's detail-hops side-car. This collector fetches the list endpoint only.
il-knesset-query	https://knesset.gov.il/Odata/ParliamentInfo.svc/KNS_Query?$top=100&$format=json	json:value	100	Knesset — parliamentary questions (KNS_Query)		il_legislative	legislative	he	il,legislative,batch17,high-penetrancy,detail-hop	86400	Parliamentary questions to ministers: subject, urgency type, status, asking PersonID, answering GovMinistryID, submit date and minister reply date. Direct MK-to-ministry accountability trail.  A per-record detail endpoint was verified for this source; see the batch's detail-hops side-car. This collector fetches the list endpoint only.
il-knesset-faction	https://knesset.gov.il/Odata/ParliamentInfo.svc/KNS_Faction?$top=100&$format=json	json:value	100	Knesset — parliamentary factions (KNS_Faction)		il_legislative	legislative	he	il,legislative,batch17,high-penetrancy,detail-hop	86400	Every faction across all Knessets: name, Knesset number, start and finish dates, IsCurrent flag. Resolves faction_id seen on vote records.  A per-record detail endpoint was verified for this source; see the batch's detail-hops side-car. This collector fetches the list endpoint only.
il-knesset-gov-ministry	https://knesset.gov.il/Odata/ParliamentInfo.svc/KNS_GovMinistry?$top=100&$format=json	json:value	100	Knesset — government ministries (KNS_GovMinistry)		il_government	government	he	il,government,batch17,high-penetrancy	86400	Ministry register with IsActive flag; resolves GovMinistryID appearing on questions, laws and position records.
il-knesset-israel-law	https://knesset.gov.il/Odata/ParliamentInfo.svc/KNS_IsraelLaw?$top=100&$format=json	json:value	100	Knesset — Israeli laws (KNS_IsraelLaw)		il_legal	legal	he	il,legal,batch17,high-penetrancy,detail-hop	43200	Consolidated statute register: law name, IsBasicLaw, IsBudgetLaw, first and latest publication dates, validity status and validity start/finish dates with notes.  A per-record detail endpoint was verified for this source; see the batch's detail-hops side-car. This collector fetches the list endpoint only.
il-knesset-israel-law-name	https://knesset.gov.il/Odata/ParliamentInfo.svc/KNS_IsraelLawName?$top=100&$format=json	json:value	100	Knesset — statute name history (KNS_IsraelLawName)		il_legal	legal	he	il,legal,batch17,high-penetrancy	43200	Historical names of each consolidated statute, joined to both IsraelLawID and the specific LawID amendment that introduced the name.
il-knesset-law	https://knesset.gov.il/Odata/ParliamentInfo.svc/KNS_Law?$top=100&$format=json	json:value	100	Knesset — enacted laws and amendments (KNS_Law)		il_legal	legal	he	il,legal,batch17,high-penetrancy,detail-hop	43200	Each enactment/amendment as published: name, type and subtype (incl. Mandate-era British statutes), Knesset number, publication date, publication series, gazette number and page number.  A per-record detail endpoint was verified for this source; see the batch's detail-hops side-car. This collector fetches the list endpoint only.
il-knesset-dates	https://knesset.gov.il/Odata/ParliamentInfo.svc/KNS_KnessetDates?$top=100&$format=json	json:value	100	Knesset — terms and sessions calendar (KNS_KnessetDates)		il_legislative	legislative	he	il,legislative,batch17,high-penetrancy	86400	Knesset term register: term name, Knesset number, assembly and plenum ordinals, plenum start and finish dates, IsCurrent.
il-knesset-plm-session-item	https://knesset.gov.il/Odata/ParliamentInfo.svc/KNS_PlmSessionItem?$top=100&$format=json	json:value	100	Knesset — plenum agenda items (KNS_PlmSessionItem)		il_legislative	legislative	he	il,legislative,batch17,high-penetrancy	86400	Items on each plenary sitting agenda: item name, item type description, ordinal, status and IsDiscussion, linked by PlenumSessionID and ItemID.
il-knesset-mk-individual	https://knesset.gov.il/Odata/Votes.svc/View_Vote_MK_Individual?$top=100&$format=json	json:value	100	Knesset — MK identity index (voting service)		il_legislative	legislative	he	il,legislative,batch17,high-penetrancy	86400	MK roster used by the voting service: vip_id, mk_individual_id, and surname and first name in both Hebrew and English. The bridge between vote rows and named people.
il-knesset-mmm-keywords	https://knesset.gov.il/Odata/MMM.svc/keywords?$top=100&$format=json	json:value	100	Knesset Research and Information Center — keyword vocabulary		il_legislative	legislative	he	il,legislative,batch17,high-penetrancy	86400	Controlled subject vocabulary for MMM papers, Hebrew and English, resolving keyword_id on the document_keyword join table.
il-ica-company-changes	https://data.gov.il/api/3/action/datastore_search?resource_id=28780ab5-3ef1-44c7-8377-da82c0aa6781&limit=100	json:result.records	100	Israel Registrar of Companies — changes and charges on corporations		il_company-registry	company-registry	he	il,company-registry,batch17,high-penetrancy,detail-hop	86400	Per-corporation change events: corporation number, corporation name, request type (e.g. registration of a charge/pledge), status update date, charge id and request type code. The charge/security-interest trail behind an Israeli company.  A per-record detail endpoint was verified for this source; see the batch's detail-hops side-car. This collector fetches the list endpoint only.
il-ica-companies-for-deletion	https://data.gov.il/api/3/action/datastore_search?resource_id=0fd312bb-68c9-4647-b186-60c3e7b4f6f7&limit=100	json:result.records	100	Israel Registrar of Companies — companies marked for striking off		il_company-registry	company-registry	he	il,company-registry,batch17,high-penetrancy	86400	Corporations in the deletion pipeline: corporation number, Hebrew and English name, corporation type, status and sub-status (in deletion proceedings / dissolved by deletion), and publication date of the notice.
il-ica-partnerships	https://data.gov.il/api/3/action/datastore_search?resource_id=139aa193-fabb-4f6b-a71b-0bb40fd73eb2&limit=100	json:result.records	100	Israel Registrar of Partnerships		il_company-registry	company-registry	he	il,company-registry,batch17,high-penetrancy	86400	Registered partnerships: partnership number, Hebrew and English name, corporation type (incl. foreign partnerships), status, incorporation date and registered address (city, street, house number).
il-moj-amutot-registered	https://data.gov.il/api/3/action/datastore_search?resource_id=be5b7935-3922-45d4-9638-08871b17ec95&limit=100	json:result.records	100	Israel Registrar of Non-Profits — registered amutot		il_company-registry	company-registry	he	il,company-registry,batch17,high-penetrancy,detail-hop	86400	Full NGO register: amuta number, registration date, Hebrew and English name, status and status-update date, activity classification and registered address. 24 columns per record.  A per-record detail endpoint was verified for this source; see the batch's detail-hops side-car. This collector fetches the list endpoint only.
il-moj-amutot-foreign-state-donations	https://data.gov.il/api/3/action/datastore_search?resource_id=35cb40b5-3f13-4bca-9ce2-488085913107&limit=100	json:result.records	100	Israel NGOs — donations from foreign state entities		il_company-registry	company-registry	he	il,company-registry,batch17,high-penetrancy	86400	Statutory foreign-funding disclosures: amuta number, amuta name, date the donation was received, the NAMED foreign political entity that gave it, and the donor-entity type code. Direct foreign-influence tracing.
il-moj-amutot-good-standing	https://data.gov.il/api/3/action/datastore_search?resource_id=cb12ac14-7429-4268-bc03-460f48157858&limit=100	json:result.records	100	Israel NGOs — proper management certificate (ishur nihul takin)		il_company-registry	company-registry	he	il,company-registry,batch17,high-penetrancy	86400	Year-by-year compliance certificate status per amuta: amuta number and name, certificate year, whether an application was filed, whether the certificate was granted, and last record update.
il-moj-public-benefit-companies	https://data.gov.il/api/3/action/datastore_search?resource_id=85e40960-5426-4f4c-874f-2d1ec1b94609&limit=100	json:result.records	100	Israel Registrar — public benefit companies (chevrot le-toelet ha-tsibur)		il_company-registry	company-registry	he	il,company-registry,batch17,high-penetrancy	86400	CLG-equivalent public benefit companies: registration number, registration date, Hebrew and English name, status, formal objects and activity classification.
il-official-receiver-liquidations	https://data.gov.il/api/3/action/datastore_search?resource_id=d8715392-287f-49b7-9ae3-f21ec5bf55f3&limit=100	json:result.records	100	Israel Official Receiver — companies in liquidation		il_insolvency	insolvency	he	il,insolvency,batch17,high-penetrancy	86400	Court liquidation files: file id, company city of operation, file status, petition filing date, date the winding-up order was granted, and date the order was cancelled or frozen.
il-official-receiver-debt-claims	https://data.gov.il/api/3/action/datastore_search?resource_id=3cb25b2e-a501-4870-86a6-30be8d8e80a5&limit=100	json:result.records	100	Israel Official Receiver — proofs of debt in bankruptcy and liquidation		il_insolvency	insolvency	he	il,insolvency,batch17,high-penetrancy	86400	Creditor claims filed against insolvent estates: claimant class (private/institutional), claim status, system (bankruptcy vs liquidation), debt creation date and the case id the claim attaches to.
il-official-receiver-bankruptcies	https://data.gov.il/api/3/action/datastore_search?resource_id=2156937e-524a-4511-907d-5470a6a5264f&limit=100	json:result.records	100	Israel Official Receiver — individual bankruptcy debtors		il_insolvency	insolvency	he	il,insolvency,batch17,high-penetrancy	86400	Personal bankruptcy files: running file number, debtor's city of residence, name of the district court, file status, file opening date, receivership order date and subsequent order dates.
il-voluntary-liquidation-fast-track	https://data.gov.il/api/3/action/datastore_search?resource_id=6f3f0df3-5968-4135-81c5-8dd76bf89410&limit=100	json:result.records	100	Israel — companies in expedited voluntary liquidation		il_insolvency	insolvency	he	il,insolvency,batch17,high-penetrancy	86400	Fast-track voluntary winding-up: company number, Hebrew and English name, corporation type, current status, date the liquidation request was approved, expected dissolution date and sub-status.
il-pledges-registry	https://data.gov.il/api/3/action/datastore_search?resource_id=e7266a9c-fed6-40e4-a28e-8cddc9f44842&limit=100	json:result.records	100	Israel Registrar of Pledges (rasham ha-mashkonot)		il_company-registry	company-registry	he	il,company-registry,batch17,high-penetrancy	86400	Secured-interest register: pledge id, registration date, registration status, reason-for-status and status date, asset registration date and asset removal date. Collateral history on Israeli debtors.
il-hekdeshot-trusts	https://data.gov.il/api/3/action/datastore_search?resource_id=f70898aa-9d47-47b2-b1bc-ec736b76bfe2&limit=100	json:result.records	100	Israel Registrar of Public Trusts (hekdeshot)		il_company-registry	company-registry	he	il,company-registry,batch17,high-penetrancy	86400	Public endowment/trust register: file number, registration date, trust name, stated purposes and funding method. Sibling resources on the same dataset carry the trust's real estate and remaining asset balances.
il-political-parties	https://data.gov.il/api/3/action/datastore_search?resource_id=1dbfc053-e92f-4354-92d6-1b99aadb20d7&limit=100	json:result.records	100	Israel Registrar of Political Parties		il_government	government	he	il,government,batch17,high-penetrancy	86400	Registered political parties: party name, registrar party number and the party's full declared objects text.
il-notaries	https://data.gov.il/api/3/action/datastore_search?resource_id=3ead5fae-3513-46f8-a458-959ea3e035ae&limit=100	json:result.records	100	Israel — licensed notaries register		il_professional-register	professional-register	he	il,professional-register,batch17,high-penetrancy	86400	Named notaries with licence file number, full name, town and the languages they are certified to notarise in.
il-certified-accountants	https://data.gov.il/api/3/action/datastore_search?resource_id=7e86def9-0899-45f4-8942-d6fe38482b1a&limit=100	json:result.records	100	Israel — certified public accountants register		il_professional-register	professional-register	he	il,professional-register,batch17,high-penetrancy	86400	CPA roll: licence number, date the licence was granted, first and last name, town, and practice status (including self-declared non-practising).
il-real-estate-brokers	https://data.gov.il/api/3/action/datastore_search?resource_id=a0f56034-88db-4132-8803-854bcdb01ca1&limit=100	json:result.records	100	Israel — licensed real estate brokers		il_professional-register	professional-register	he	il,professional-register,batch17,high-penetrancy	86400	Active licensed brokers: licence number, broker full name and city of residence.
il-private-investigators	https://data.gov.il/api/3/action/datastore_search?resource_id=a9ddb445-825f-4635-a573-fe82d2a95bf0&limit=100	json:result.records	100	Israel — licensed private investigators		il_professional-register	professional-register	he	il,professional-register,batch17,high-penetrancy	86400	Named licensed private investigators with surname, first name and licence number.
il-land-appraisers	https://data.gov.il/api/3/action/datastore_search?resource_id=8540534a-eccd-4568-a677-652d589ed172&limit=100	json:result.records	100	Israel — licensed land appraisers (shamai mekarke'in)		il_professional-register	professional-register	he	il,professional-register,batch17,high-penetrancy	86400	Appraiser roll: appraiser name, licence number, file number and city.
il-patent-attorneys	https://data.gov.il/api/3/action/datastore_search?resource_id=0ff306c2-1ad9-4974-a2be-0420acf35685&limit=100	json:result.records	100	Israel — register of patent attorneys		il_professional-register	professional-register	he	il,professional-register,batch17,high-penetrancy	86400	Patent attorney roll with licence number, title, surname and first name, year entered on the register, fee year paid, EMAIL ADDRESS, street address, town and postcode.
il-authorized-prosecutors	https://data.gov.il/api/3/action/datastore_search?resource_id=19ea0497-654a-4417-aa7a-0426a99ef946&limit=100	json:result.records	100	Israel — prosecutors authorised by the Attorney General		il_legal	legal	he	il,legal,batch17,high-penetrancy	43200	Named external and internal prosecutors carrying AG authorisation: first and last name, prosecutor type, statutory basis of the authorisation, the requesting public body, authorisation start and end dates and termination reason.
il-state-lawyer-engagements	https://data.gov.il/api/3/action/datastore_search?resource_id=81108843-f82c-4d35-92fe-ddb9e9aad405&limit=100	json:result.records	100	Israel — state engagements with external law firms		il_procurement	procurement	he	il,procurement,batch17,high-penetrancy	21600	Committee for the engagement of external counsel: request id, the government body making the request, request date, and the NAMED law firms considered or selected with the selection method. Government-to-private-counsel money trail.
il-trademarks	https://data.gov.il/api/3/action/datastore_search?resource_id=6284d4a9-fdd4-45c9-a1d6-58143c7d8127&limit=100	json:result.records	100	Israel Trademark Office — trademark register		il_ip-registry	ip-registry	he	il,ip-registry,batch17,high-penetrancy	86400	Trademark records: mark number, figurative flag, link to the official extract on trademarks.justice.gov.il, legal state, national vs international, international mark number, and mark description in Hebrew and English.
il-trademark-holders	https://data.gov.il/api/3/action/datastore_search?resource_id=d4a365c7-357a-4172-8815-1a6650e848e2&limit=100	json:result.records	100	Israel Trademark Office — holders and licensees		il_ip-registry	ip-registry	he	il,ip-registry,batch17,high-penetrancy	86400	The owner-behind-the-mark table: national mark number, client type (individual / foreign corporation), client number, client name in Hebrew and English, client standing (owner vs licensee) and lead-client flag.
il-patent-applications	https://data.gov.il/api/3/action/datastore_search?resource_id=adca9a88-bf91-462a-8a49-62381af9b588&limit=100	json:result.records	100	Israel Patent Office — patent applications		il_ip-registry	ip-registry	he	il,ip-registry,batch17,high-penetrancy	86400	Patent applications back to 1917: application number, request and filing dates, invention title in Hebrew and English, international application number and publication number.
il-patent-applicants	https://data.gov.il/api/3/action/datastore_search?resource_id=b2b87f6c-832c-410d-a753-c52ec15cd793&limit=100	json:result.records	100	Israel Patent Office — applicants behind patent applications		il_ip-registry	ip-registry	he	il,ip-registry,batch17,high-penetrancy	86400	Applicant entity per application: application number, invention title in Hebrew and English, APPLICANT NAME and APPLICANT ADDRESS in Hebrew and English. Links inventions to named companies and firms.
il-patent-inventors	https://data.gov.il/api/3/action/datastore_search?resource_id=abd0e8c3-0b0d-4581-9166-923a3b21bdda&limit=100	json:result.records	100	Israel Patent Office — named inventors		il_ip-registry	ip-registry	he	il,ip-registry,batch17,high-penetrancy	86400	Inventor names attached to each patent application, in Hebrew and English, with the invention title. Sample record is an electromagnetic gun system — includes defence-adjacent filings.
il-inheritance-registrar	https://data.gov.il/api/3/action/datastore_search?resource_id=7691b4a2-fe1d-44ec-9f1b-9f2f0a15381b&limit=100	json:result.records	100	Israel Registrar of Inheritance — applications filed		il_legal	legal	he	il,legal,batch17,high-penetrancy	43200	Succession applications: filing date, application type (succession order vs probate), district, whether represented by counsel, application status, publication date and the newspaper that published the notice.
il-human-trafficking-cases	https://data.gov.il/api/3/action/datastore_search?resource_id=329b3f63-fa09-44e7-bddf-286c7f8e3999&limit=100	json:result.records	100	Israel — anti human-trafficking coordination unit case file		il_law-enforcement	law-enforcement	he	il,law-enforcement,batch17,high-penetrancy	86400	Cases handled by the National Anti-Trafficking Coordinator: case status and status date, opening and closing dates, case type, referral status and date, case subject (e.g. slavery) and the referring body.
il-appeals-tribunal-decisions	https://data.gov.il/api/3/action/datastore_search?resource_id=b9580b33-6b41-4ca3-b6e1-eb4bbf96a318&limit=100	json:result.records	100	Israel Appeals Tribunal (immigration/entry) — decisions register		il_legal	legal	he	il,legal,batch17,high-penetrancy	43200	Tribunal decision index: application number, case number, which tribunal (e.g. Beer Sheva), the NAMED adjudicator, decision date, application type and subject (e.g. family reunification).
il-decisive-appraisals	https://data.gov.il/api/3/action/datastore_search?resource_id=c4e178ff-9038-45f4-9dd1-fe7aeea6f70c&limit=100	json:result.records	100	Israel — decisive land appraisal decisions (shumot machriot)		il_legal	legal	en	il,legal,batch17,high-penetrancy	43200	Betterment-levy appraisal rulings with English column names: appraisal_header naming both parties, appraisal_type, appraiser_type, block and parcel, and the local planning committee. Names private parties against municipal committees.
il-databases-registry	https://data.gov.il/api/3/action/datastore_search?resource_id=fd56bf5b-7918-4906-99e4-b0e5102ae268&limit=100	json:result.records	100	Israel Privacy Protection Authority — registry of personal databases		il_government	government	he	il,government,batch17,high-penetrancy	86400	Registered personal-data databases: database number, OWNER ID NUMBER (corporate registration number), owner full name, database name, and the owner's city, street, house number and postbox. Maps which company holds which personal dataset.
il-police-crime-records	https://data.gov.il/api/3/action/datastore_search?resource_id=e311b6a1-be5a-4a82-8298-f3afbee07b6b&limit=100	json:result.records	100	Israel Police — crime case records by area and quarter		il_law-enforcement	law-enforcement	he	il,law-enforcement,batch17,high-penetrancy	86400	Case-level crime records with a fictive case id, year and quarter, locality code and name, and the full police hierarchy: district code and name, region code and name, station code and name, plus offence grouping.
tr-izmir-council-members	https://acikveri.bizizmir.com/api/3/action/datastore_search?resource_id=ecc81700-8701-482e-8298-4a333f74a945&limit=100	json:result.records	100	Izmir Metropolitan Municipality — council members		tr_government	government	tr	tr,government,batch17,high-penetrancy	86400	Named elected council members: serial number, FULL NAME, office held (e.g. Metropolitan Mayor), profession and level of education. New host, not previously in the tree.
tr-izmir-sister-cities	https://acikveri.bizizmir.com/api/3/action/datastore_search?resource_id=c351510c-107c-4ab5-bc62-dc6b27834ca7&limit=100	json:result.records	51	Izmir — sister-city and cooperation protocols		tr_government	government	tr	tr,government,batch17,high-penetrancy	86400	Municipal foreign relations: agreement type (cooperation protocol / sister city), domestic vs foreign, partner COUNTRY and CITY, council resolution number and council resolution date.
bh-national-exports-2025	https://data.gov.bh/api/explore/v2.1/catalog/datasets/national-export-1-2025/records?limit=100	json:results	100	Bahrain — national-origin exports 2025 (HS line items)		bh_trade	trade	en	bh,trade,batch17,high-penetrancy,detail-hop	86400	19,901 customs line items: year, month, 8-digit HS commodity code, commodity description (EN and AR), UN country code and destination country name (EN and AR), export value in BHD and USD, weight in kg, quantity and unit of measure. Filterable by partner country, which makes it a working trade-partner pivot for UAE, Saudi and Qatar.  A per-record detail endpoint was verified for this source; see the batch's detail-hops side-car. This collector fetches the list endpoint only.
bh-total-exports-2026	https://data.gov.bh/api/explore/v2.1/catalog/datasets/total-exports-2026/records?limit=100	json:results	100	Bahrain — total exports 2026 (HS line items)		bh_trade	trade	en	bh,trade,batch17,high-penetrancy	86400	24,241 current-year export line items with the same schema: HS code, commodity in English and Arabic, UN code and destination country, value in BHD and USD, weight, quantity and unit.
bh-imports-2021	https://data.gov.bh/api/explore/v2.1/catalog/datasets/05-import-2021/records?limit=100	json:results	100	Bahrain — imports 2021 (HS line items)		bh_trade	trade	en	bh,trade,batch17,high-penetrancy	86400	314,055 import line items: month, HS code, commodity in English and Arabic, origin country code and name, import value in BHD and USD, weight in kg, quantity and unit of measure.
bh-fdi-stocks-by-country	https://data.gov.bh/api/explore/v2.1/catalog/datasets/01-foreign-direct-investment-stocks-in-bhd-millions-classified-by-country/records?limit=100	json:results	100	Bahrain — inward FDI stocks by counterparty country		bh_finance	finance	en	bh,finance,batch17,high-penetrancy	86400	Annual FDI stock in BHD millions per source country, with geographical region and geographical group classification. Includes offshore jurisdictions such as the Bahamas.
bh-quarterly-fdi-stocks	https://data.gov.bh/api/explore/v2.1/catalog/datasets/18-quarterly-fdi-stocks-in-bhd-millions-by-country/records?limit=100	json:results	100	Bahrain — quarterly inward FDI stocks by country		bh_finance	finance	en	bh,finance,batch17,high-penetrancy	86400	Quarterly FDI stock in BHD millions by counterparty country with year, quarter, geographical region and group. 4,347 rows, current through 2026 Q1.
bh-travel-cargo-establishments	https://data.gov.bh/api/explore/v2.1/catalog/datasets/travel-and-cargo-services/records?limit=100	json:results	100	Bahrain — travel and cargo service establishments		bh_company-registry	company-registry	en	bh,company-registry,batch17,high-penetrancy	86400	352 NAMED commercial establishments: trading name in English and Arabic, activity type and subtype in both languages (e.g. boat rentals), block number and longitude/latitude. A geolocated business directory, not a statistical table.
bh-monitoring-stations	https://data.gov.bh/api/explore/v2.1/catalog/datasets/geographical-location-of-the-stations/records?limit=100	json:results	20	Bahrain — air quality monitoring stations		bh_statistics	statistics	en	bh,statistics,batch17,high-penetrancy	86400	Named stations with English and Arabic name, operational status, station type (urban/industrial), latitude and longitude in DMS and decimal, and a geo_point field.
qa-environmental-monitoring	https://www.data.gov.qa/api/explore/v2.1/catalog/datasets/plastic-debris-density0/records?limit=100	json:results	100	Qatar — coastal environmental monitoring by location		qa_statistics	statistics	en	qa,statistics,batch17,high-penetrancy	86400	728 measurements: named parameter (English and Arabic), named monitoring location including the national permissible maximum, measured value and year.
in-mfapi-scheme-search	https://api.mfapi.in/mf/search?q=infrastructure	json-array	15	India mutual fund scheme name search		in_markets	markets	en	in,markets,batch17,high-penetrancy	86400	Name-pivot over the Indian mutual fund universe: returns schemeCode and schemeName for every scheme matching a free-text query. Dispatchable with a fund house or sponsor name to enumerate all of its schemes.
np-bipad-loss	https://bipadportal.gov.np/api/v1/loss/?format=json&limit=50	json:results	50	Nepal BIPAD - disaster loss records		np_disaster	disaster	en	np,disaster,batch17,high-penetrancy	86400	The loss record behind each Nepali disaster incident: peopleDeathCount broken out by male/female/other/unknown/disabled, peopleMissing and peopleInjured with the same breakdown, peopleAffectedCount, familyAffected/Relocated/Evacuated, livestockDestroyedCount, infrastructureDestroyed by house/road/bridge/electricity, infrastructureEconomicLoss, agricultureEconomicLoss and estimatedLoss, plus createdOn/modifiedOn.
np-bipad-resource	https://bipadportal.gov.np/api/v1/resource/?format=json&limit=50	json:results	50	Nepal BIPAD - critical facility register (health, education, security)		np_infrastructure	infrastructure	en	np,infrastructure,batch17,high-penetrancy,detail-hop	43200	Named facility register with geometry: title, resourceType (health / education / financial institution / security), GeoJSON point, ward id, dataSource and lastModifiedDate. The detail record adds staffing (noOfEmployee split by sex and disability), phoneNumber, emailAddress, website, localAddress, opening hours and accessibility flags.  A per-record detail endpoint was verified for this source; see the batch's detail-hops side-car. This collector fetches the list endpoint only.
np-bipad-organization	https://bipadportal.gov.np/api/v1/organization/?format=json&limit=50	json:results	50	Nepal BIPAD - registered disaster-response organizations		np_organizations	organizations	en	np,organizations,batch17,high-penetrancy,detail-hop	86400	Organization register: title (e.g. DAO Sindhupalchok), shortName, longName, description, level, startingDateAd, point geometry, and the province/district/municipality/ward it is bound to plus responsibleFor scope. Detail endpoint verified with id 2.  A per-record detail endpoint was verified for this source; see the batch's detail-hops side-car. This collector fetches the list endpoint only.
np-bipad-municipality-contact	https://bipadportal.gov.np/api/v1/municipality-contact/?format=json&limit=50	json:results	24	Nepal BIPAD - named municipal officials and DRR focal persons		np_people	people	en	np,people,batch17,high-penetrancy	86400	Named individuals with contact details: name (e.g. Jayaram K.C.), position (C.O.), email, workNumber, mobileNumber, isDrrFocalPerson flag, committee membership, communityAddress, point geometry and the organization / province / district they belong to. Person-level penetrancy into Nepali local government.
np-bipad-earthquake	https://bipadportal.gov.np/api/v1/earthquake/?format=json&limit=50	json:results	50	Nepal BIPAD - earthquake catalogue		np_disaster	disaster	en	np,disaster,batch17,high-penetrancy,detail-hop	86400	National Seismological Centre earthquake catalogue: description (source), magnitude, GeoJSON epicentre point, address (district), eventOn timestamp and the ward/municipality/district/province codes. Detail endpoint verified with id 698.  A per-record detail endpoint was verified for this source; see the batch's detail-hops side-car. This collector fetches the list endpoint only.
np-bipad-river-stations	https://bipadportal.gov.np/api/v1/river-stations/?format=json&limit=50	json:results	50	Nepal BIPAD - river gauging stations with exposed population		np_hydrology	hydrology	en	np,hydrology,batch17,high-penetrancy	86400	Hydrological station register: title (e.g. Dudhaura Khola at Gadimai), basin name, GeoJSON point, waterLevel and warning/danger thresholds, measuredOn, and affectedDemography giving maleCount, femaleCount and householdCount exposed downstream of that gauge.
np-bipad-rain-stations	https://bipadportal.gov.np/api/v1/rain-stations/?format=json&limit=50	json:results	50	Nepal BIPAD - rainfall gauging stations		np_hydrology	hydrology	en	np,hydrology,batch17,high-penetrancy	86400	Rainfall station register: title (e.g. Surkhet (Birendra Nagar)), point geometry, measuredOn, rainfall totals by interval, and affectedDemography (maleCount, femaleCount, householdCount) for the catchment.
np-bipad-pollution-stations	https://bipadportal.gov.np/api/v1/pollution-stations/?format=json&limit=50	json:results	31	Nepal BIPAD - air quality monitoring stations		np_environment	environment	en	np,environment,batch17,high-penetrancy	10800	31 air-quality stations mirrored from pollution.gov.np: name and nepaliName, identifier, dataSource and dataSourceId, dateTime of the reading and the AQI / pollutant values, with createdOn and modifiedOn.
np-bipad-document	https://bipadportal.gov.np/api/v1/document/?format=json&limit=50	json:results	50	Nepal BIPAD - official disaster documents and circulars		np_gov-publications	gov-publications	en	np,gov-publications,batch17,high-penetrancy	86400	Government circulars and notices (Nepali and English): title, description carrying the full notice text, category, publication file URL on bipadportal mediafiles, createdOn and modifiedOn.
np-bipad-situation-report	https://bipadportal.gov.np/api/v1/situation-report/?format=json&limit=50	json:results	1	Nepal BIPAD - situation reports		np_disaster	disaster	en	np,disaster,batch17,high-penetrancy	86400	Event situation reports: title (e.g. Monsoon 2077 BS), narration (HTML body of the assessment), type, fromDate/toDate and timestamps.
np-bipad-municipality	https://bipadportal.gov.np/api/v1/municipality/?format=json&limit=50	json:results	50	Nepal BIPAD - municipality gazetteer with geometry		np_geospatial	geospatial	en	np,geospatial,batch17,high-penetrancy,detail-hop	86400	Authoritative local-unit gazetteer: title, title_en, title_ne, type (Rural Municipality / Municipality / Sub-Metropolitan), official code, district id, bbox and centroid point. Resolves a Nepali place name to its official code and extent. Detail endpoint verified with id 1005.  A per-record detail endpoint was verified for this source; see the batch's detail-hops side-car. This collector fetches the list endpoint only.
np-bipad-citizen-report	https://bipadportal.gov.np/api/v1/citizen-report/?format=json&limit=50	json:results	50	Nepal BIPAD - citizen incident reports		np_disaster	disaster	en	np,disaster,batch17,high-penetrancy	86400	Public-submitted incident reports before verification: description of the event, GeoJSON point, image URL, comment, verified flag and createdOn/modifiedOn. Shows what was reported versus what the state later confirmed.
np-bipad-hazard	https://bipadportal.gov.np/api/v1/hazard/?format=json&limit=50	json:results	47	Nepal BIPAD - hazard taxonomy		np_reference	reference	en	np,reference,batch17,high-penetrancy	86400	The 47-term hazard vocabulary every incident and event joins to: id, title, titleEn, titleNe, type (natural / non-natural), icon URL, colour and ordering. The lookup table that decodes the numeric `hazard` field on incidents.
np-bipad-event	https://bipadportal.gov.np/api/v1/event/?format=json&limit=50	json:results	6	Nepal BIPAD - declared disaster events		np_disaster	disaster	en	np,disaster,batch17,high-penetrancy	86400	Named multi-incident events (the umbrella an incident is grouped under): title, description, hazard id, startedOn and endedOn, severity, point and polygon geometry, createdOn.
np-bipad-inventory-item	https://bipadportal.gov.np/api/v1/inventory-item/?format=json&limit=50	json:results	50	Nepal BIPAD - relief inventory item catalogue		np_reference	reference	en	np,reference,batch17,high-penetrancy	86400	Relief-item master: title and titleNe, category (Relief Items non-food, food, medical), unit and unitNp, dimension, occupancy, code, and the hazards/clusters each item is linked to.
np-bipad-inventory	https://bipadportal.gov.np/api/v1/inventory/?format=json&limit=50	json:results	50	Nepal BIPAD - relief stock holdings by store		np_logistics	logistics	en	np,logistics,batch17,high-penetrancy	86400	Actual stock on hand: the embedded item object (title, category, unit), quantity held, and the owning organization / municipality / ward. Shows which local body is holding which relief materiel and how much.
np-bipad-disaster-profile	https://bipadportal.gov.np/api/v1/disaster-profile/?format=json&limit=50	json:results	50	Nepal BIPAD - municipal DRRM profiles		np_gov-publications	gov-publications	en	np,gov-publications,batch17,high-penetrancy	86400	Per-municipality disaster risk reduction reports: title (e.g. Rajapur DRRM Report FY 2079/80), titleNp, drrmCommitteeFormationDate, drrmCommitteeMembersCount, and the English/Nepali summary report file URLs. Reveals whether a local body has actually constituted its statutory DRR committee.
np-bipad-incident-relief	https://bipadportal.gov.np/api/v1/incident-relief/?format=json&limit=50	json:results	12	Nepal BIPAD - relief distribution to named beneficiaries		np_payments	payments	en	np,payments,batch17,high-penetrancy	86400	Named-beneficiary payment records: nameOfBeneficiary (e.g. Purna Bahadur Prajapati and Gyan Maya Prajapati), numberOfBeneficiaryFamily, reliefAmountNpr, dateOfReliefDistribution, causeOfIncident and totals benefited by sex, minority and Dalit status. Ties public money to named recipients.
np-bipad-priority-activity	https://bipadportal.gov.np/api/v1/priority-activity/?format=json&limit=50	json:results	50	Nepal BIPAD - national DRR priority activities		np_policy	policy	en	np,policy,batch17,high-penetrancy	86400	The activity level of Nepal's national DRR action plan: title and titleNp of each committed activity, ordering, and the parent priorityAction id. Joinable up to priority-action and priority-area.
np-bipad-layer	https://bipadportal.gov.np/api/v1/layer/?format=json&limit=50	json:results	50	Nepal BIPAD - hazard and risk map layer catalogue		np_geospatial	geospatial	en	np,geospatial,batch17,high-penetrancy	86400	GeoServer layer registry: title and titleNe, category (hazard / exposure / vulnerability), type (raster / vector), workspace and layername needed to pull the layer itself, plus legendTitle, legendDescription and units (e.g. flood depth in metres, 5-year return period).
np-bipad-vulnerability	https://bipadportal.gov.np/api/v1/vulnerability/?format=json&limit=50	json:results	50	Nepal BIPAD - municipal vulnerability indicators (2021 census)		np_statistics	statistics	en	np,statistics,batch17,high-penetrancy	86400	Per-local-unit socio-economic vulnerability block for censusYear 2021: HDI, hpi, percapita income, riskScore, remoteness, and asset counts (radio, computer, internet, telephone, television, jarWater, wellWater), with the municipality/district/province keys and timestamps.
np-bipad-openspace-detail	https://bipadportal.gov.np/api/v1/openspace-detail/?format=json&limit=5	json:results	5	Nepal BIPAD - designated emergency open spaces		np_geospatial	geospatial	en	np,geospatial,batch17,high-penetrancy	86400	Named emergency evacuation open spaces (e.g. Tundikhel) with openSpaceName, the openSpace id and a full MultiPolygon boundary. Note: limit=50 returns HTTP 500 on this endpoint; limit=5 is the verified working page size.
np-bipad-communityspace-detail	https://bipadportal.gov.np/api/v1/communityspace-detail/?format=json&limit=5	json:results	5	Nepal BIPAD - community spaces register		np_geospatial	geospatial	en	np,geospatial,batch17,high-penetrancy	86400	Named community buildings and spaces (e.g. Lama Nagi Museum) with communitySpaceName, communitySpace id and MultiPolygon footprint. limit=50 returns HTTP 500; limit=5 verified.
np-bipad-bulletin	https://bipadportal.gov.np/api/v1/bipad-bulletin/?format=json&limit=50	json:results	50	Nepal BIPAD - daily national disaster bulletin		np_disaster	disaster	en	np,disaster,batch17,high-penetrancy	86400	Daily rolled-up national bulletin: incidentSummary (numberOfIncidents, numberOfDeath, numberOfInjured, numberOfMissing, cattleLoss, roadBlock, estimatedLoss), peopleLoss broken out by province, the sitrep id it derives from, and createdOn/modifiedOn.
np-bipad-project	https://bipadportal.gov.np/api/v1/project/?format=json&limit=50	json:results	1	Nepal BIPAD - DRR projects register		np_projects	projects	en	np,projects,batch17,high-penetrancy	86400	Registered disaster risk reduction projects: title, description of the intervention, the implementing organization id and the wards it covers.
np-nrb-search	https://www.nrb.org.np/api/wp/v2/search?search=bank&per_page=50	json-array	50	Nepal Rastra Bank - site-wide search (WP REST, non-standard /api prefix)		np_regulator	regulator	en	np,regulator,batch17,high-penetrancy	86400	Full-text pivot across the central bank's site: each hit gives a flat string title, the canonical url, id and type/subtype (post, page, directive, circular). Dispatchable with a bank or financial-institution name to surface NRB directives, licensing notices and enforcement items naming it. Note the REST root is /api/, not /wp-json/.
lk-riskinfo-datasets	https://riskinfo.lk/api/v2/datasets?page_size=50	json:datasets	19	Sri Lanka RiskInfo (DMC GeoNode) - spatial datasets		lk_geospatial	geospatial	en	lk,geospatial,batch17,high-penetrancy	86400	Disaster Management Centre spatial catalogue: title, name (workspace-qualified layer name), uuid, pk, abstract, subtype (vector/raster), store, charset, temporal flags, the owner block, bounding box and the WMS/WFS/download links needed to actually pull the layer.
lk-riskinfo-documents	https://riskinfo.lk/api/v2/documents?page_size=50	json:documents	41	Sri Lanka RiskInfo - hazard documents and flood maps		lk_disaster	disaster	en	lk,disaster,batch17,high-penetrancy	86400	41 DMC documents: title, name (e.g. 'Flood Inundation map Kalu River Basin Western Province, 14 October 2024.pdf'), uuid, extension, mime_type, href download link, subtype and the owner record. Operational flood-inundation mapping for named Sri Lankan river basins.
lk-riskinfo-resources	https://riskinfo.lk/api/v2/resources?page_size=5	json:resources	5	Sri Lanka RiskInfo - unified resource index		lk_geospatial	geospatial	en	lk,geospatial,batch17,high-penetrancy	86400	Polymorphic index across every GeoNode object (datasets, documents, maps): title, uuid, pk, resource_type, perms, the owner block with username and the canonical link. Note page_size=50 returns HTTP 500; page_size=5 is the verified working size.
lk-riskinfo-maps	https://riskinfo.lk/api/v2/maps?page_size=50	json:maps	1	Sri Lanka RiskInfo - composed risk maps		lk_geospatial	geospatial	en	lk,geospatial,batch17,high-penetrancy	86400	Published map compositions with title, uuid, pk and the maplayers array naming each constituent dataset (alternate layer name, current_style, extra params) - i.e. which hazard layers were combined for an official risk product.
lk-riskinfo-keywords	https://riskinfo.lk/api/v2/keywords?page_size=50	json:keywords	2	Sri Lanka RiskInfo - keyword index		lk_reference	reference	en	lk,reference,batch17,high-penetrancy	86400	Controlled keyword tree used to tag DMC datasets: id, name (e.g. kurunegala), slug, hierarchical path and depth, usage count and self link. Lets a district name be resolved to the datasets tagged with it.
lk-customs-search	https://www.customs.gov.lk/wp-json/wp/v2/search?search=import&per_page=50	json-array	50	Sri Lanka Customs - site-wide search (WP REST)		lk_customs	customs	en	lk,customs,batch17,high-penetrancy	86400	Free-text pivot over Sri Lanka Customs publications: flat string title, canonical url, id, type and subtype per hit. Dispatch a trader, HS code or commodity name to surface customs notices, gazette tariff changes and enforcement announcements.
lk-sec-search	https://www.sec.gov.lk/wp-json/wp/v2/search?search=company&per_page=50	json-array	50	Securities and Exchange Commission of Sri Lanka - site-wide search		lk_regulator	regulator	en	lk,regulator,batch17,high-penetrancy	86400	Search pivot across the Sri Lankan securities regulator: title, url, id, type/subtype. Hits include named individuals (commission members, licensed persons) and company-specific enforcement and licensing items - dispatchable with a company or director name.
lk-pucsl-search	https://www.pucsl.gov.lk/wp-json/wp/v2/search?search=licence&per_page=50	json-array	2	Public Utilities Commission of Sri Lanka - site-wide search		lk_regulator	regulator	en	lk,regulator,batch17,high-penetrancy	86400	Search across the electricity, water and petroleum regulator: title, url, id, type/subtype. Surfaces licensing decisions, tariff determinations and consultation records by name.
lk-slbfe-search	https://www.slbfe.lk/wp-json/wp/v2/search?search=agency&per_page=50	json-array	3	Sri Lanka Bureau of Foreign Employment - site-wide search		lk_labour	labour	en	lk,labour,batch17,high-penetrancy	86400	Search over the regulator of Sri Lankan labour-migration agencies: title, url, id, type/subtype. Reaches licensed foreign-employment agency notices, suspensions and recruitment announcements - the register behind Sri Lanka's largest remittance channel.
lk-agrimin-search	https://www.agrimin.gov.lk/wp-json/wp/v2/search?search=tender&per_page=50	json-array	7	Sri Lanka Ministry of Agriculture - site-wide search		lk_procurement	procurement	en	lk,procurement,batch17,high-penetrancy	21600	Search pivot returning title, url, id, type/subtype. Hits include tender notices and named-officer appointment lists (e.g. permanent appointments at the Land Reform Commission).
lk-energymin-search	https://www.energymin.gov.lk/wp-json/wp/v2/search?search=fuel&per_page=50	json-array	39	Sri Lanka Ministry of Energy - site-wide search		lk_energy	energy	en	lk,energy,batch17,high-penetrancy	10800	Search over the energy ministry: title, url, id, type/subtype. Carries dated administered fuel-price revisions and petroleum/power sector notices.
pk-pbs-search	https://www.pbs.gov.pk/wp-json/wp/v2/search?search=census&per_page=50	json-array	49	Pakistan Bureau of Statistics - site-wide search (WP REST)		pk_statistics	statistics	en	pk,statistics,batch17,high-penetrancy	86400	Search pivot over Pakistan's national statistics office: title, url, id, type/subtype. Reaches weekly SPI price bulletins, census releases, CPI/trade statistics and publication pages by free-text query.
pk-nab-search	https://www.nab.gov.pk/wp-json/wp/v2/search?search=corruption&per_page=50	json-array	50	Pakistan National Accountability Bureau - site-wide search		pk_anti-corruption	anti-corruption	en	pk,anti-corruption,batch17,high-penetrancy	86400	High value: free-text pivot over Pakistan's principal anti-corruption prosecutor. Each hit gives title, url, id and type/subtype, reaching NAB press releases, reference filings, arrest and plea-bargain announcements and inter-agency actions. Dispatchable with a person or company name.
pk-pdma-search	https://pdma.gob.pk/wp-json/wp/v2/search?search=flood&per_page=50	json-array	35	Punjab PDMA Pakistan - site-wide search		pk_disaster	disaster	en	pk,disaster,batch17,high-penetrancy	86400	Provincial Disaster Management Authority search: title, url, id, type/subtype. Reaches the dated Daily Situation Report (DSR) series and flood/heatwave advisories for Punjab.
pk-pbc-search	https://www.pbc.org.pk/wp-json/wp/v2/search?search=tax&per_page=50	json-array	3	Pakistan Business Council - site-wide search		pk_business	business	en	pk,business,batch17,high-penetrancy	86400	Search over the advocacy body of Pakistan's largest corporate groups: title, url, id, type/subtype. Reaches sector position papers, tax submissions and named member-company research.
bt-acc-search	https://www.acc.org.bt/wp-json/wp/v2/search?search=corruption&per_page=50	json-array	50	Bhutan Anti-Corruption Commission - site-wide search		bt_anti-corruption	anti-corruption	en	bt,anti-corruption,batch17,high-penetrancy	86400	Free-text pivot over Bhutan's ACC: title, url, id, type/subtype. Reaches National Integrity Assessment findings presented against named agencies, investigation outcomes, asset-declaration notices and debarment announcements.
bt-ecb-search	https://www.ecb.bt/wp-json/wp/v2/search?search=election&per_page=50	json-array	50	Election Commission of Bhutan - site-wide search		bt_elections	elections	en	bt,elections,batch17,high-penetrancy	86400	Search over Bhutan's electoral authority: title, url, id, type/subtype. Reaches election notifications, candidate and result announcements, and recruitment/appointment results naming individuals.
bt-oag-search	https://www.oag.gov.bt/wp-json/wp/v2/search?search=audit&per_page=50	json-array	7	Bhutan Office of the Attorney General - site-wide search		bt_legal	legal	en	bt,legal,batch17,high-penetrancy	43200	Search over Bhutan's OAG: title, url, id, type/subtype. Reaches annual reports (e.g. 'Annual Report, Year 2025-2026'), prosecution statistics and legal opinions.
bt-drc-search	https://www.drc.gov.bt/wp-json/wp/v2/search?search=tax&per_page=50	json-array	50	Bhutan Department of Revenue and Customs - site-wide search		bt_tax	tax	en	bt,tax,batch17,high-penetrancy	86400	Search over Bhutan's tax and customs authority: title, url, id, type/subtype. Reaches public tax notifications (e.g. treatment of fixed-deposit interest from 1 January 2026), customs tariff rulings and taxpayer notices.
bt-mfa-search	https://www.mfa.gov.bt/wp-json/wp/v2/search?search=visa&per_page=50	json-array	50	Bhutan Ministry of Foreign Affairs and External Trade - site-wide search		bt_foreign-affairs	foreign-affairs	en	bt,foreign-affairs,batch17,high-penetrancy	86400	Search over Bhutan's MFA: title, url, id, type/subtype. Reaches diplomatic statements, treaty and visa notices, and posted vacancies for named diplomatic positions.
mv-statistics-search	https://statisticsmaldives.gov.mv/wp-json/wp/v2/search?search=census&per_page=50	json-array	50	Maldives Bureau of Statistics - site-wide search (WP REST)		mv_statistics	statistics	en	mv,statistics,batch17,high-penetrancy	86400	Search pivot over the Maldives national statistics office: title, url, id, type/subtype. Reaches Census 2022 outputs, monthly CPI/ECPI releases and statistical yearbooks.
mv-trade-search	https://trade.gov.mv/wp-json/wp/v2/search?search=business&per_page=50	json-array	50	Maldives Ministry of Economic Development and Trade - site-wide search		mv_business	business	en	mv,business,batch17,high-penetrancy	86400	Search over the ministry that runs the Maldives business registry and foreign-investment approvals: title, url, id, type/subtype. Reaches IUL-numbered official announcements, tenders, vacancies and business-registration/licensing notices. Note transport.gov.mv redirects to this same site.
sg-acra-entities-master	https://data.gov.sg/api/action/datastore_search?resource_id=d_3f960c10fed6145404ca7b821f263b87&limit=1000	json:result.records	1000	ACRA - Entities Registered with ACRA (master UEN roll)		sg_company-registry	company-registry	en	sg,company-registry,batch17,high-penetrancy,detail-hop	86400	Master Singapore UEN roll, 2,112,559 records. Each record: uen, entity_name, entity_type_desc, uen_status_desc (Registered/Deregistered/Terminated), uen_issue_date, reg_street_name, reg_postal_code, issuance_agency_desc. Every record also carries _id as an id-ish fallback. Appending &q= turns it into a name/UEN search pivot.  A per-record detail endpoint was verified for this source; see the batch's detail-hops side-car. This collector fetches the list endpoint only.
sg-acra-corp-a	https://data.gov.sg/api/action/datastore_search?resource_id=d_8575e84912df3c28995b8e6e0e05205a&limit=1000	json:result.records	1000	ACRA Information on Corporate Entities ('A')		sg_company-registry	company-registry	en	sg,company-registry,batch17,high-penetrancy	86400	174,385 Singapore entities starting with A. 54 fields per record: uen, entity_name, entity_status_description, registration_incorporation_date, full registered address, primary/secondary SSIC code + description, no_of_officers, former_entity_name1..15, and uen_of_audit_firm1..5 / name_of_audit_firm1..5 (company-to-auditor pivot).
sg-acra-corp-b	https://data.gov.sg/api/action/datastore_search?resource_id=d_3a3807c023c61ddfba947dc069eb53f2&limit=1000	json:result.records	1000	ACRA Information on Corporate Entities ('B')		sg_company-registry	company-registry	en	sg,company-registry,batch17,high-penetrancy	86400	94,517 Singapore entities starting with B, same 54-field ACRA schema (status, incorporation date, address, SSIC activity, officer count, 15 former names, 5 audit-firm UEN/name pairs).
sg-acra-corp-c	https://data.gov.sg/api/action/datastore_search?resource_id=d_c0650f23e94c42e7a20921f4c5b75c24&limit=1000	json:result.records	1000	ACRA Information on Corporate Entities ('C')		sg_company-registry	company-registry	en	sg,company-registry,batch17,high-penetrancy	86400	140,200 Singapore entities starting with C, full 54-field ACRA schema including officer count, former names and audit-firm links.
id-jakarta-slf-buildings	https://jakartasatu.jakarta.go.id/server/rest/services/DPMPTSP/Peta_SLF_DPMPTSP/FeatureServer/0/query?where=1%3D1&outFields=*&returnGeometry=false&resultRecordCount=1000&f=geojson	geojson	901	Jakarta DPMPTSP - Building Worthiness Certificates (SLF) with owner and director identifiers		id_permits	permits	id	id,permits,batch17,high-penetrancy,detail-hop	86400	901 certified buildings from Jakarta's one-stop licensing agency. properties carry BANGUNAN_NAMA (building), BANGUNAN_LOKASI/KEL/KEC/WIL, PEMILIK_NAMA (owning company, e.g. 'PT. Mulia Naga Lestari'), PEMILIK_ALAMAT/TLP/EMAIL, DIRUT_NAMA (managing director), DIRUT_NIK (national ID) and DIRUT_NPWP (tax ID), plus REK_NO/REK_TANGGAL/REK_STATUS. Highest-penetrancy Indonesian row found: building to company to named director to NIK/NPWP.  A per-record detail endpoint was verified for this source; see the batch's detail-hops side-car. This collector fetches the list endpoint only.
id-jakarta-emission-test-firms	https://jakartasatu.jakarta.go.id/server/rest/services/DPMPTSP/PTPS_UJI_EMISI/FeatureServer/0/query?where=1%3D1&outFields=*&returnGeometry=false&resultRecordCount=1000&f=geojson	geojson	269	Jakarta DPMPTSP - Licensed Vehicle Emission Testing Businesses		id_permits	permits	id	id,permits,batch17,high-penetrancy	86400	269 licensed emission-test operators. properties: NO, NAMA_PERUSAHAAN (company), ALAMAT_PERUSAHAAN, LAT/LONG_, SARANA_USAHA and licence columns. Named company plus premises.
id-jakarta-concrete-batching-plants	https://jakartasatu.jakarta.go.id/server/rest/services/Concrete_Batching_Plant_View/FeatureServer/0/query?where=1%3D1&outFields=*&returnGeometry=false&resultRecordCount=1000&f=geojson	geojson	41	Jakarta Concrete Batching Plants (with NPWP tax number and permit chain)		id_permits	permits	id	id,permits,batch17,high-penetrancy	86400	41 batching plants, 54 attributes each: NAMA (operator, e.g. 'Saeti Concretindo Wahana'), NPWP (tax ID '01.373.121.1-073.000'), TDP, AKTA_PT (deed), LOKASI_CBP, KESESUAIAN (zoning compliance), JENIS_CBP, IZIN/AMDAL/IMB/AMDAL_UPL environmental-permit numbers, NO_IZIN, TGL_IZIN, MASA_BER, SP1 warning dates. Company-to-tax-ID-to-permit chain.
id-jakarta-imb-building-permits	https://jakartasatu.jakarta.go.id/server/rest/services/DPMPTSP/IMB_PTSP/FeatureServer/0/query?where=1%3D1&outFields=*&returnGeometry=false&resultRecordCount=1000&f=geojson	geojson	1000	Jakarta DPMPTSP - IMB Building Permits		id_permits	permits	id	id,permits,batch17,high-penetrancy	86400	Building permits issued by Jakarta's one-stop service. properties: NAMA_IZIN (permit type), NOMOR_IZIN (full permit number), ALAMAT, WADMKD/WADMKC/WADMKK (village/district/city), X/Y. Permit-number to address pivot.
id-jakarta-billboard-permits	https://jakartasatu.jakarta.go.id/server/rest/services/Data_Reklame/data_reklame_ptsp/FeatureServer/0/query?where=1%3D1&outFields=*&returnGeometry=false&resultRecordCount=1000&f=geojson	geojson	1000	Jakarta Billboard (Reklame) Permit Register - PTSP		id_permits	permits	id	id,permits,batch17,high-penetrancy	86400	Billboard/advertising structure register. properties: ID_REKLAME, LOKASI_REKLAME, KEL/KEC/WIL plus codes, JNS_REKLAME, POSISI_REKLAME, KONTENT_REKLAME, STATUS, NAMA_PERUSAHAAN (permit holder), STATUS_STRUKTUR_REK, VERIFIKASI_REK, PETUGAS (inspecting officer), CREATED_USER/DATE. Advertiser-to-structure-to-inspector pivot.
id-jakarta-sippt-land-obligations	https://jakartasatu.jakarta.go.id/server/rest/services/SIPPT/SIPPT_VIEW/FeatureServer/0/query?where=1%3D1&outFields=*&returnGeometry=false&resultRecordCount=1000&f=geojson	geojson	1000	Jakarta SIPPT - Land Allocation Permits and Developer Obligations		id_permits	permits	id	id,permits,batch17,high-penetrancy	86400	SIPPT land-designation permits used to track developer obligations to the city. properties: ID_SIPPT (e.g. '541-2007'), S_ZONA, KWJB/KET (obligation flag), KELURAHAN/KECAMATAN/WILAYAH_LOKASI, Shape__Area, edit audit trail.
id-jakarta-green-space-violations	https://jakartasatu.jakarta.go.id/server/rest/services/Pelangggaran_Ruang/Inventarisasi_Pelanggaran_RTH/FeatureServer/0/query?where=1%3D1&outFields=*&returnGeometry=false&resultRecordCount=1000&f=geojson	geojson	1000	Jakarta Inventory of Spatial-Planning Violations in Green Zones (RTH)		id_enforcement	enforcement	id	id,enforcement,batch17,high-penetrancy	86400	Buildings inventoried as encroaching on designated green-belt zones. properties: OSM_ID/OSM_WAY_ID, ADDR_STREE, BUILDING, LUAS (area), X/Y, ID_WILAYAH/KECAMATAN/KELURAHAN, KODE_BLOK, SUB_ZONA, ZONA ('Zona Jalur Hijau'), KODE_OPS operational case code, KET_EV. A per-parcel enforcement case list.
id-jakarta-dsda-drainage-contractors	https://jakartasatu.jakarta.go.id/server/rest/services/DSDA_DV_Perusahaan_Penyedia/FeatureServer/0/query?where=1%3D1&outFields=*&returnGeometry=false&resultRecordCount=1000&f=geojson	geojson	1000	Jakarta DSDA - Drainage Wells Built by Contracted Providers		id_public-works	public-works	id	id,public-works,batch17,high-penetrancy	86400	Per-asset record of infiltration wells delivered by contracted providers. properties: IDDV (asset code 'DVJB - 04432'), LOKASI, WADMKK/WADMKC/WADMKD, LATITUDE/LONGITUDE, JMLTTK, dimensions, JNSSUMUR, SPESIFIKASI, PERUSAHAAN (contractor), BLNPKRJAAN (works month), FOTO evidence link, VERIF_ASET. Contractor-to-delivered-asset pivot.
id-jakarta-sip-occupancy	https://jakartasatu.jakarta.go.id/server/rest/services/DATA_SIP_JAKARTA/FeatureServer/0/query?where=1%3D1&outFields=*&returnGeometry=false&resultRecordCount=1000&f=geojson	geojson	1000	Jakarta SIP - Occupancy / Persil Register		id_property	property	id	id,property,batch17,high-penetrancy	86400	Per-parcel occupancy register. properties: ALAMAT_RUMAH_PERSIL, NO_RUMAH, NO_FORM, NAMA_PENGHUNI (named occupant), PENGELUARAN, BERAKHIR (expiry) and related columns. Occupant-to-address pivot.
id-jakarta-land-nominative-list	https://jakartasatu.jakarta.go.id/server/rest/services/Lahan_Daftar_Nominatif/FeatureServer/0/query?where=1%3D1&outFields=*&returnGeometry=false&resultRecordCount=1000&f=geojson	geojson	1000	Jakarta Nominative Land Register (city land assets)		id_property	property	id	id,property,batch17,high-penetrancy	86400	City-owned land parcels. properties: GUIDASET (asset GUID), KIB (asset book code), KODWIL, WADMKK/WADMKC/WADMKD administrative names and further asset columns. Asset-GUID pivot into Jakarta's asset books.
ph-psgc-cities-municipalities	https://psgc.cloud/api/cities-municipalities	json-array	1656	Philippine Standard Geographic Code - Cities and Municipalities		ph_geography	geography	en	ph,geography,batch17,high-penetrancy,detail-hop	86400	1,656 Philippine cities/municipalities from the PSA standard classification. Fields: name, code (10-digit PSGC), type (City/Mun), zip_code, district. The PSGC code is the join key used by almost every Philippine government dataset, so this is the resolver for PH place references.  A per-record detail endpoint was verified for this source; see the batch's detail-hops side-car. This collector fetches the list endpoint only.
ph-psgc-provinces	https://psgc.cloud/api/provinces	json-array	82	Philippine Standard Geographic Code - Provinces		ph_geography	geography	en	ph,geography,batch17,high-penetrancy,detail-hop	86400	82 provinces with name and 10-digit PSGC code. Detail endpoint returns the single province record.  A per-record detail endpoint was verified for this source; see the batch's detail-hops side-car. This collector fetches the list endpoint only.
ph-psgc-regions	https://psgc.cloud/api/regions	json-array	17	Philippine Standard Geographic Code - Regions		ph_geography	geography	en	ph,geography,batch17,high-penetrancy,detail-hop	86400	17 regions with name and PSGC code. The detail form expands a region into its provinces, verified with code 0100000000 (4 provinces returned).  A per-record detail endpoint was verified for this source; see the batch's detail-hops side-car. This collector fetches the list endpoint only.
vn-vietqr-banks	https://api.vietqr.io/v2/banks	json:data	65	Vietnam Bank Directory (BIN, SWIFT and short name)		vn_finance	finance	vi	vn,finance,batch17,high-penetrancy	86400	65 Vietnamese banks. Fields: id, name (full legal Vietnamese name), code, bin (6-digit Napas BIN, e.g. 970415), shortName, swift_code (e.g. ICBVVNVX), transferSupported, lookupSupported. Resolves BIN/SWIFT seen in Vietnamese payment artefacts to a named institution.
vn-admin-wards	https://provinces.open-api.vn/api/w/	json-array	10051	Vietnam Administrative Units - Wards/Communes		vn_geography	geography	vi	vn,geography,batch17,high-penetrancy	86400	10,051 wards/communes. Fields: name (Vietnamese, e.g. 'Phuong Phuc Xa'), code, division_type, codename, district_code linking up to the district list. Lowest-level resolver for Vietnamese addresses.
vn-admin-districts	https://provinces.open-api.vn/api/d/	json-array	696	Vietnam Administrative Units - Districts		vn_geography	geography	vi	vn,geography,batch17,high-penetrancy,detail-hop	86400	696 districts. Fields: name, code, division_type, codename, province_code. The detail form with depth=2 expands a district into its wards (verified on code 1, 'Quan Ba Dinh').  A per-record detail endpoint was verified for this source; see the batch's detail-hops side-car. This collector fetches the list endpoint only.
vn-admin-provinces	https://provinces.open-api.vn/api/	json-array	63	Vietnam Administrative Units - Provinces		vn_geography	geography	vi	vn,geography,batch17,high-penetrancy,detail-hop	86400	63 provinces/centrally-run cities. Fields: name, code, division_type, codename, phone_code, districts. The detail form with depth=2 returns the province plus its 30 districts (verified on code 1, Ha Noi).  A per-record detail endpoint was verified for this source; see the batch's detail-hops side-car. This collector fetches the list endpoint only.
th-thaiwater-rain-today	https://api-v3.thaiwater.net/api/v1/thaiwater30/public/rain_today	json:data	4499	Thailand ThaiWater - Rainfall Today (all telemetry stations)		th_hazard	hazard	th	th,hazard,batch17,high-penetrancy	86400	4,499 station readings. Each record: id, rainfall_value, rainfall_datetime, station_type, plus nested agency (Thai/English ministry and department names), geocode (province/amphoe/tumbon Thai+English) and station (tele_station_name Thai+English, lat/long, oldcode). Station-to-operating-agency pivot across Thai water agencies.
th-thaiwater-rain-24h	https://api-v3.thaiwater.net/api/v1/thaiwater30/public/rain_24h	json:data	4021	Thailand ThaiWater - 24-hour Rainfall (all telemetry stations)		th_hazard	hazard	th	th,hazard,batch17,high-penetrancy	86400	4,018 records: id, rain_24h, rain_1h, rainfall_datetime, station_type, agency (e.g. Department of Water Resources), geocode with warning_zone/area/amphoe/tumbon/province in Thai and English, station with name and coordinates.
th-thaiwater-waterlevel	https://api-v3.thaiwater.net/api/v1/thaiwater30/public/waterlevel_load	json:waterlevel_data.data	1429	Thailand ThaiWater - River Water Levels (telemetry, with situation level)		th_hazard	hazard	th	th,hazard,batch17,high-penetrancy	86400	1,429 river gauge readings. Fields: id, waterlevel_datetime, waterlevel_m/msl, flow_rate, discharge, storage_percent, station_type, situation_level (1-5 flood severity), diff_wl_bank_text, river_gid/river_name plus nested agency, basin and station (tele_station_name EN/TH, coordinates). NOTE the document also carries sibling reference arrays (province 80, basin 24, agency 10) - the records are at waterlevel_data.data.
th-thaiwater-rain-yesterday	https://api-v3.thaiwater.net/api/v1/thaiwater30/public/rain_yesterday	json:data	126	Thailand ThaiWater - Yesterday's Rainfall by Named Station		th_hazard	hazard	th	th,hazard,batch17,high-penetrancy	86400	126 daily station totals. Fields: id, tele_station_id, tele_station_name (EN/TH), rainfall_datetime, rainfall_value, province_code/province_name, coordinates, amphoe_name, tumbon_name, agency_name (e.g. Thai Meteorological Department), warning_zone, basin, sub_basin_id, tele_station_oldcode.
mm-mimu-geonode-layers	https://geonode.themimu.info/api/layers/	json:objects	77	Myanmar MIMU GeoNode - Spatial Layers		mm_geodata	geodata	en	mm,geodata,batch17,high-penetrancy,detail-hop	86400	77 Myanmar geospatial layers (village points by region, admin boundaries, forest cover). Fields: id, title, abstract, category__gn_description, date, detail_url, distribution_url, owner__username, csw_wkt_geometry bounding polygon, uuid. Detail fetch on id 804 returned the full metadata record (typename, workspace, store, keywords, regions, temporal extent, owner) - verified.  A per-record detail endpoint was verified for this source; see the batch's detail-hops side-car. This collector fetches the list endpoint only.
mm-mimu-geonode-documents	https://geonode.themimu.info/api/documents/	json:objects	7	Myanmar MIMU GeoNode - Documents		mm_geodata	geodata	en	mm,geodata,batch17,high-penetrancy	86400	Documents attached to Myanmar datasets (licences, methodology notes). Fields: id, title, abstract, category__gn_description, date, detail_url, owner__username, uuid.
mm-mimu-geonode-maps	https://geonode.themimu.info/api/maps/	json:objects	7	Myanmar MIMU GeoNode - Maps		mm_geodata	geodata	en	mm,geodata,batch17,high-penetrancy	86400	Published Myanmar map compositions (e.g. 'Nay Pyi Taw Villages'). Fields: id, title, abstract, date, detail_url, owner__username, thumbnail_url, uuid.
mm-mimu-geonode-profiles	https://geonode.themimu.info/api/profiles/	json:objects	17	Myanmar MIMU GeoNode - Contributor Profiles		mm_geodata	geodata	en	mm,geodata,batch17,high-penetrancy	86400	17 contributor accounts behind the Myanmar layers. Fields: id, username, first_name, last_name, organization, position, city, country, email, date_joined, layers_count, maps_count, documents_count, profile_detail_url, activity_stream_url. Turns each layer's owner__username into a named person/organisation - the person-behind-the-record pivot for this GeoNode.
bn-mofe-tender-notices	https://www.mofe.gov.bn/wp-json/wp/v2/posts?per_page=20	json-array	20	Brunei Ministry of Finance and Economy - Notices (tender announcements)		bn_procurement	procurement	ms	bn,procurement,batch17,high-penetrancy,detail-hop	21600	Brunei MoFE posting feed, in practice the ministry's tender-notice stream (first record title: 'DAILY COLLECTION AND DISPOSAL OF WASTES FROM WASTE COLLECTION CENTRE IN AYER BERKUNCHI, KAMPONG KASAT FOR A PERIOD OF THREE (03) YEARS'). Fields: id, date, modified, slug, status, link, title.rendered, content.rendered, excerpt, author, categories, tags. Detail fetch on id 8161 returned the full single post - verified. Keep per_page=20 so the root record array is unambiguously the densest.  A per-record detail endpoint was verified for this source; see the batch's detail-hops side-car. This collector fetches the list endpoint only.
bn-deps-statistics-notices	https://deps.mofe.gov.bn/wp-json/wp/v2/posts?per_page=20	json-array	17	Brunei Department of Economic Planning and Statistics - Releases		bn_statistics	statistics	ms	bn,statistics,batch17,high-penetrancy	86400	DEPS release feed (statistical bulletins, census/enumeration notices such as 'Penyenaraian Tempat Kediaman 3-23 Ogos 2026'). Fields: id, date, modified, slug, status, link, title.rendered, content.rendered, author, categories.
bn-jpm-pmo-notices	https://www.jpm.gov.bn/wp-json/wp/v2/posts?per_page=20	json-array	20	Brunei Prime Minister's Office (Jabatan Perdana Menteri) - Announcements		bn_government	government	ms	bn,government,batch17,high-penetrancy	86400	Brunei PMO announcement feed. Same WordPress record shape: id, date, modified, slug, status, link, title.rendered, content.rendered, author, categories, tags.
kh-mptc-announcements	https://mptc.gov.kh/wp-json/wp/v2/posts?per_page=20	json-array	20	Cambodia Ministry of Post and Telecommunications - Announcements		kh_government	government	km	kh,government,batch17,high-penetrancy	86400	Khmer-language ministry feed (ministerial meetings, telecom policy, licensing news). Fields: id, date, modified, slug, status, link, title.rendered (Khmer), content.rendered, author, categories with named category objects, plus a yoast_head_json block carrying headline and author name. Keep per_page=20: at small page sizes the embedded schema @graph arrays can rival the record array.
my-flood-warning-stations	https://api.data.gov.my/flood-warning	json-array	1276	Malaysia National Flood Warning Telemetry Stations		my_hazard	hazard	en	my,hazard,batch17,high-penetrancy	86400	1,276 DID telemetry stations. Fields: station_id, station_name, latitude, longitude, district, state, sub_basin, main_basin, station_type, water_level_current plus normal/alert/warning/danger thresholds, water_level_indicator (e.g. ALERT), water_level_trend, rainfall_latest_1hr, rainfall_total_today, rainfall_indicator, station_status, station_code and update timestamps. Named station with both an id-ish and a name-ish key.
au-asic-company-register	https://data.gov.au/data/api/3/action/datastore_search?resource_id=5c3914e6-413e-4a2c-b890-bf8efe3eabf2&limit=100	json:result.records	100	ASIC — Australian company register (full)		au_registry	registry	en	au,registry,batch17,high-penetrancy,detail-hop	86400	Every company ever registered in Australia: Company Name, ACN, Type, Class, Sub Class, Status (REGD/DRGD), Date of Registration, Date of Deregistration, Previous State of Registration, State Registration number, ABN, Current Name and Current Name Start Date. 4.4M rows, and &q=<name> full-text searches it server-side.  A per-record detail endpoint was verified for this source; see the batch's detail-hops side-car. This collector fetches the list endpoint only.
au-asic-business-names	https://data.gov.au/data/api/3/action/datastore_search?resource_id=55ad4b1c-5eeb-44ea-8b29-d410da431be3&limit=100	json:result.records	100	ASIC — Australian business names register		au_registry	registry	en	au,registry,batch17,high-penetrancy,detail-hop	86400	Every registered Australian trading name with BN_NAME, BN_STATUS, BN_REG_DT, BN_CANCEL_DT, BN_STATE_NUM, BN_STATE_OF_REG and — the pivot that matters — BN_ABN linking the trading name to the legal entity behind it.  A per-record detail endpoint was verified for this source; see the batch's detail-hops side-car. This collector fetches the list endpoint only.
au-asic-banned-disqualified-persons	https://data.gov.au/data/api/3/action/datastore_search?resource_id=741da9e3-7e0c-458e-830c-c518698e1788&limit=100	json:result.records	100	ASIC — banned and disqualified persons		au_enforcement	enforcement	en	au,enforcement,batch17,high-penetrancy,detail-hop	86400	Named individuals banned by ASIC: BD_PER_NAME, BD_PER_TYPE (Banned Securities / AFS banning / Credit banning / director disqualification), BD_PER_DOC_NUM, start and end dates of the ban, suburb, state, postcode, country and ASIC's comments.  A per-record detail endpoint was verified for this source; see the batch's detail-hops side-car. This collector fetches the list endpoint only.
au-asic-banned-disqualified-organisations	https://data.gov.au/data/api/3/action/datastore_search?resource_id=ced03961-e6f7-4263-895a-0fd1d7996043&limit=100	json:result.records	15	ASIC — banned and disqualified organisations		au_enforcement	enforcement	en	au,enforcement,batch17,high-penetrancy,detail-hop	86400	Corporate entities banned by ASIC: BD_ORG_ACN, BD_ORG_NAME, BD_ORG_TYPE, ban start and end dates, an ASIC reference URL and comments. Small register but it names companies, and the ACN pivots straight into the 4.4M-row company register.  A per-record detail endpoint was verified for this source; see the batch's detail-hops side-car. This collector fetches the list endpoint only.
au-asic-liquidators	https://data.gov.au/data/api/3/action/datastore_search?resource_id=02388d87-3f0b-48fd-bffa-c4a661962fc3&limit=100	json:result.records	100	ASIC — registered liquidators		au_registry	registry	en	au,registry,batch17,high-penetrancy,detail-hop	86400	Every registered and official liquidator in Australia: LIQ_NAME, LIQ_NUM, OFF_LIQ_NUM, registration start dates, LIQ_STATUS, suspension date, locality/state/postcode and LIQ_FIRM — the insolvency practitioner behind a collapse, tied to their firm.  A per-record detail endpoint was verified for this source; see the batch's detail-hops side-car. This collector fetches the list endpoint only.
au-asic-registered-auditors	https://data.gov.au/data/api/3/action/datastore_search?resource_id=0f2e41ec-6f49-4d35-8e6d-ebcd4a0e3e27&limit=100	json:result.records	100	ASIC — registered company auditors		au_registry	registry	en	au,registry,batch17,high-penetrancy,detail-hop	86400	Registered auditors and audit firms: REG_AUD_NAME, REG_AUD_NUM, REG_AUD_ACN, registration date, status, suspension date and address. The ACN links an audit firm to its own company record.  A per-record detail endpoint was verified for this source; see the batch's detail-hops side-car. This collector fetches the list endpoint only.
au-asic-afs-licensees	https://data.gov.au/data/api/3/action/datastore_search?resource_id=d98a113d-6b50-40e6-b65f-2612efc877f4&limit=100	json:result.records	100	ASIC — Australian Financial Services licensees		au_finance	finance	en	au,finance,batch17,high-penetrancy,detail-hop	86400	AFS licence holders: AFS_LIC_NUM, AFS_LIC_NAME, AFS_LIC_ABN_ACN, licence start date, pre-FSR authorisations, address, and the full AFS_LIC_CONDITION text spelling out exactly what financial products the licensee may deal in and advise on.  A per-record detail endpoint was verified for this source; see the batch's detail-hops side-car. This collector fetches the list endpoint only.
au-asic-afs-authorised-representatives	https://data.gov.au/data/api/3/action/datastore_search?resource_id=5515dfcc-5266-44df-950d-7e359a83d514&limit=100	json:result.records	100	ASIC — AFS authorised representatives		au_finance	finance	en	au,finance,batch17,high-penetrancy,detail-hop	86400	363k authorised representatives sitting under AFS licensees: AFS_REP_NAME, AFS_REP_NUM, the AFS_LIC_NUM they act for, AFS_REP_ABN/ACN, appointment and cessation dates, status, address, cross-endorsement flag and per-authorisation columns. This is the person-behind-the-licensee layer.  A per-record detail endpoint was verified for this source; see the batch's detail-hops side-car. This collector fetches the list endpoint only.
au-asic-credit-licensees	https://data.gov.au/data/api/3/action/datastore_search?resource_id=35953a01-a9a8-4609-8566-c9fa7de465d3&limit=100	json:result.records	100	ASIC — Australian credit licensees		au_finance	finance	en	au,finance,batch17,high-penetrancy,detail-hop	86400	Credit licence holders: CRED_LIC_NUM, CRED_LIC_NAME, CRED_LIC_ABN_ACN, linked AFSL number, status and status history, locality/state/postcode with latitude and longitude, external dispute resolution scheme, registered business names and the full authorisations text.  A per-record detail endpoint was verified for this source; see the batch's detail-hops side-car. This collector fetches the list endpoint only.
au-asic-credit-representatives	https://data.gov.au/data/api/3/action/datastore_search?resource_id=999d9e92-df2c-4d6d-b580-321dcd205292&limit=100	json:result.records	100	ASIC — credit representatives		au_finance	finance	en	au,finance,batch17,high-penetrancy,detail-hop	86400	Credit representatives and the licensee that appointed them: CRED_REP_NAME, CRED_REP_NUM, CRED_LIC_NUM, ABN/ACN, appointment and end dates, locality/state/postcode, EDR scheme and authorisations. Pairs with the credit-licensee register to build the appointment chain.  A per-record detail endpoint was verified for this source; see the batch's detail-hops side-car. This collector fetches the list endpoint only.
au-asic-financial-advisers	https://data.gov.au/data/api/3/action/datastore_search?resource_id=91d80440-5787-46fc-99de-0c1d93e6cc9f&limit=100	json:result.records	100	ASIC — Financial Advisers Register		au_finance	finance	en	au,finance,batch17,high-penetrancy,detail-hop	86400	Every financial adviser on ASIC's register: ADV_NAME, ADV_NUMBER, ADV_ROLE and sub-type, role status, adviser ABN, year first provided advice, LICENCE_NAME / LICENCE_NUMBER / LICENCE_ABN and LICENCE_CONTROLLED_BY, start and end dates, overall registration status and CPD failure year.  A per-record detail endpoint was verified for this source; see the batch's detail-hops side-car. This collector fetches the list endpoint only.
au-asic-smsf-auditors	https://data.gov.au/data/api/3/action/datastore_search?resource_id=13b12e77-8fda-42ca-aa43-23715036836b&limit=100	json:result.records	100	ASIC — approved SMSF auditors		au_finance	finance	en	au,finance,batch17,high-penetrancy,detail-hop	86400	Approved self-managed-super-fund auditors: SMSF_NAME, SMSF_NUM, status, person ABN, registration and suspension dates, locality/state/postcode, the firm they act through (SMSF_CAPACITY_FIRM_NAME) and any ASIC-imposed condition with its full text and condition number.  A per-record detail endpoint was verified for this source; see the batch's detail-hops side-car. This collector fetches the list endpoint only.
au-acnc-charity-register	https://data.gov.au/data/api/3/action/datastore_search?resource_id=eb1e6be4-5b13-4feb-b28e-388bf7c26f93&limit=100	json:result.records	100	ACNC — Australian charities register		au_registry	registry	en	au,registry,batch17,high-penetrancy,detail-hop	86400	Every registered Australian charity: ABN, Charity_Legal_Name, Other_Organisation_Names, full street address, Charity_Website, Registration_Date, Date_Organisation_Established, Charity_Size, Number_of_Responsible_Persons, financial year end and per-state operating flags.  A per-record detail endpoint was verified for this source; see the batch's detail-hops side-car. This collector fetches the list endpoint only.
au-acnc-annual-information-statement-2024	https://data.gov.au/data/api/3/action/datastore_search?resource_id=710630ea-1202-4bbb-95f7-3973a972ddf8&limit=100	json:result.records	100	ACNC — 2024 Annual Information Statement		au_finance	finance	en	au,finance,batch17,high-penetrancy,detail-hop	86400	The financial and activity return each Australian charity files: abn, charity name, registration status, website, size, basic-religious-charity flag, AIS due date, dates the AIS and financial report were received, whether activities were conducted, and a long block of international-activity disclosures (transferring goods or services overseas, operating overseas).  A per-record detail endpoint was verified for this source; see the batch's detail-hops side-car. This collector fetches the list endpoint only.
au-gov-contracts-historical	https://data.gov.au/data/api/3/action/datastore_search?resource_id=06439664-bbcf-4118-a604-164006bffcaa&limit=100	json:result.records	100	Australian Government historical contract notices		au_procurement	procurement	en	au,procurement,batch17,high-penetrancy,detail-hop	21600	Commonwealth contract notices with Agency Name, Parent Contract ID, Contract ID (CN number), Publish/Start/End dates, Value, amendment date and amendment value, Description, Agency Ref ID and UNSPSC code — the award trail behind a federal supplier.  A per-record detail endpoint was verified for this source; see the batch's detail-hops side-car. This collector fetches the list endpoint only.
au-government-organisations-register	https://data.gov.au/data/api/3/action/datastore_search?resource_id=90b13a5b-fd2e-440c-b253-9cbf314d3da3&limit=100	json:result.records	100	Australian Government Organisations Register		au_government	government	en	au,government,batch17,high-penetrancy,detail-hop	86400	Every Commonwealth body: Id (O-xxxxxx), Title, Portfolio, Classification (primary body / subsidiary), Type of Body (non-corporate Commonwealth entity, company, statutory authority), GFS sector classification, materiality and a prose description. Maps the federal entity graph.  A per-record detail endpoint was verified for this source; see the batch's detail-hops side-car. This collector fetches the list endpoint only.
au-ndis-commission-compliance-actions	https://data.gov.au/data/api/3/action/datastore_search?resource_id=7e08bcc8-d3a0-403b-bac7-936ec4d48694&limit=100	json:result.records	100	NDIS Quality and Safeguards Commission — compliance actions		au_enforcement	enforcement	en	au,enforcement,batch17,high-penetrancy,detail-hop	86400	Regulatory actions against NDIS providers: Type (revocation of registration, banning order, compliance notice), Date effective from, Date no longer in force, provider Name including trading name, ABN, city/state/postcode, provider number and the registration groups affected. Names companies and the sanction against them.  A per-record detail endpoint was verified for this source; see the batch's detail-hops side-car. This collector fetches the list endpoint only.
au-apvma-pubcris-products	https://data.gov.au/data/api/3/action/datastore_search?resource_id=a83d500d-b47a-4f03-9d77-4c0524217855&limit=100	json:result.records	100	APVMA PUBCRIS — registered agvet chemical products		au_regulatory	regulatory	en	au,regulatory,batch17,high-penetrancy,detail-hop	86400	Registered agricultural and veterinary chemical products with pcode, regno and regdate. Thin: only three data columns, so the emitted label is the row number rather than a product name — useful as a registration-number index, not as a browsable list.  A per-record detail endpoint was verified for this source; see the batch's detail-hops side-car. This collector fetches the list endpoint only.
au-ipgod-ip-rights-2022	https://data.gov.au/data/api/3/action/datastore_search?resource_id=952d7cf9-8412-4205-80de-405a725a2017&limit=100	json:result.records	100	IP Australia IPGOD — IP right records		au_ip	ip	en	au,ip,batch17,high-penetrancy,detail-hop	86400	Australian intellectual-property rights: ip_right_type and sub_type (pbr, patent, trade mark), application_number, status, earliest filed date, priority date, date registration and enforceable status were gained, enforceable-from and deemed-retired dates.  A per-record detail endpoint was verified for this source; see the batch's detail-hops side-car. This collector fetches the list endpoint only.
au-austender-ocds-contracts-published	https://api.tenders.gov.au/ocds/findByDates/contractPublished/2025-01-01T00:00:00Z/2025-01-03T23:59:59Z	json:releases	100	AusTender — OCDS contract releases (published)		au_procurement	procurement	en	au,procurement,batch17,high-penetrancy	21600	Full Open Contracting releases for Commonwealth contracts published in a date window. Each release carries a parties[] array naming the supplier with its AU-ABN additionalIdentifier and address, plus the buyer, tender, award and contract blocks. Keyless, and the date range is the pagination handle.
au-austender-ocds-contracts-modified	https://api.tenders.gov.au/ocds/findByDates/contractLastModified/2025-03-01T00:00:00Z/2025-03-02T23:59:59Z	json:releases	100	AusTender — OCDS contract amendments (last modified)		au_procurement	procurement	en	au,procurement,batch17,high-penetrancy	21600	The same OCDS release structure filtered on last-modified date, which surfaces contract AMENDMENTS — value variations and extensions that never appear in the original publication feed. Same parties[]/ABN payload. Other valid dateTypes on this endpoint are contractStart and contractEnd.
au-vic-building-practitioner-register	https://discover.data.vic.gov.au/api/3/action/datastore_search?resource_id=3599fa1f-29f3-417e-8679-1842e2e6e2df&limit=100	json:result.records	100	Victorian Building Authority — building practitioner register		au_registry	registry	en	au,registry,batch17,high-penetrancy,detail-hop	86400	Registered Victorian building practitioners: Account Name, Type (Person / Company), Accreditation ID, Accreditation Status, ABN, ACN, Limitation (e.g. Commercial Builder - Limited) and commenced/expires dates. The ABN and ACN pivot into the ASIC company register.  A per-record detail endpoint was verified for this source; see the batch's detail-hops side-car. This collector fetches the list endpoint only.
au-qld-environmental-enforcement-actions	https://www.data.qld.gov.au/api/3/action/datastore_search?resource_id=7b334c2a-54dd-4ebe-a429-ad7123102cf2&limit=100	json:result.records	100	Queensland — environmental enforcement actions register		au_enforcement	enforcement	en	au,enforcement,batch17,high-penetrancy,detail-hop	86400	Queensland environmental enforcement orders naming the recipient: Enforcement Reference, Enforcement Type (Environmental Enforcement Order, Transitional Environmental Program), Issued To (person or company), CC To, Issued Date, Status, Activities, Locations (lot/plan), related environmental authority, evaluator name and subsequent action.  A per-record detail endpoint was verified for this source; see the batch's detail-hops side-car. This collector fetches the list endpoint only.
au-qld-environmental-authorities	https://www.data.qld.gov.au/api/3/action/datastore_search?resource_id=a9658145-87bd-4258-a689-5aec29d49792&limit=100	json:result.records	100	Queensland — environmental authorities (permit holders)		au_regulatory	regulatory	en	au,regulatory,batch17,high-penetrancy,detail-hop	86400	Queensland environmental permits: Permit Reference, Permit Type, Permit Holder(s) (named company), Effective Date, Status (Granted/Surrendered), Condition Type, Industry, the specific Environmentally Relevant Activities authorised and locations. Facility-level regulatory footprint behind a corporate name.  A per-record detail endpoint was verified for this source; see the batch's detail-hops side-car. This collector fetches the list endpoint only.
au-qld-contracts-awarded	https://www.data.qld.gov.au/api/3/action/datastore_search?resource_id=9a72dd9f-2e07-4ac6-bc45-a2d2ec76522a&limit=100	json:result.records	100	Queensland Government contracts directory — awarded contracts		au_procurement	procurement	en	au,procurement,batch17,high-penetrancy,detail-hop	21600	Awarded Queensland state contracts: Agency Name and Agency Address, contract Description, Date, Value, Supplier Name and Supplier Address. Supplier addresses at street level make this unusually good for entity resolution.  A per-record detail endpoint was verified for this source; see the batch's detail-hops side-car. This collector fetches the list endpoint only.
au-qld-health-grant-recipients	https://www.data.qld.gov.au/api/3/action/datastore_search?resource_id=bad2b05f-10eb-4ff0-96a4-a9651b512dac&limit=100	json:result.records	100	Queensland Health — grant funding recipients		au_finance	finance	en	au,finance,batch17,high-penetrancy,detail-hop	86400	Organisations funded by Queensland Health: Organisation Name, Project Title, description of the funded services, Contract End Date and the funding amount per financial year. Follows public money to named non-government providers.  A per-record detail endpoint was verified for this source; see the batch's detail-hops side-car. This collector fetches the list endpoint only.
au-qld-supplier-arrangements	https://www.data.qld.gov.au/api/3/action/datastore_search?resource_id=f64bdb14-0af1-43bb-9aaa-99c19cb66097&limit=100	json:result.records	100	Queensland — supplier procurement arrangements directory		au_procurement	procurement	en	au,procurement,batch17,high-penetrancy,detail-hop	21600	Standing offer arrangements: ID ref, Arrangement Number, Arrangement Name, State (Published), Categories / Subcategories / Product and Service Groups, Start and Expiry dates, Status and access permission. The panel structure suppliers sit inside.  A per-record detail endpoint was verified for this source; see the batch's detail-hops side-car. This collector fetches the list endpoint only.
au-qld-water-service-providers	https://www.data.qld.gov.au/api/3/action/datastore_search?resource_id=bf61b1eb-fe8b-4c90-9699-86b35cc43fc2&limit=100	json:result.records	100	Queensland — registered water service providers		au_registry	registry	en	au,registry,batch17,high-penetrancy,detail-hop	86400	Registered drinking-water and sewerage service providers: Name (literal field), SPID, and boolean flags for drinking water provider, water service and sewerage service. Small register but the label field is an exact 'Name'.  A per-record detail endpoint was verified for this source; see the batch's detail-hops side-car. This collector fetches the list endpoint only.
au-qld-resource-authority-name-changes	https://www.data.qld.gov.au/api/3/action/datastore_search?resource_id=ad42f0d7-6cb4-45b4-995b-317fbc7a74d4&limit=100	json:result.records	14	Queensland — resource authority holder name changes		au_registry	registry	en	au,registry,batch17,high-penetrancy,detail-hop	86400	Mining and petroleum permit holder renames: Permit Number, Permit Type, Activity ID, Authorised Holder, Completion Date, LGA, and Notes spelling out the old and new corporate names verbatim. Tiny but it is a direct corporate-rename ledger for resource tenements.  A per-record detail endpoint was verified for this source; see the batch's detail-hops side-car. This collector fetches the list endpoint only.
hk-companies-registry-new-nonhk-companies	https://www.cr.gov.hk/docs/wrpt/RNC063/RNC063F_20250303.csv	csv	31	Hong Kong Companies Registry — newly registered non-Hong Kong companies (weekly)		hk_registry	registry	en	hk,registry,batch17,high-penetrancy	86400	Foreign companies newly registered to carry on business in Hong Kong: Seq, Current Corporate Name / Other Corporate Name, Current Approved Name for Carrying on Business in H.K., BR Number, Date of Registration and Date of Change of name. Each entity appears twice, once in Latin script and once in Chinese, sharing a Seq — the cross-script alias pair is itself the intel.
kr-law-english-statutes	https://www.law.go.kr/DRF/lawSearch.do?OC=test&target=elaw&type=JSON&query=fair	json:LawSearch.law	20	Korea MOLEG — English-titled statute search		kr_legal	legal	ko	kr,legal,batch17,high-penetrancy,detail-hop	43200	Korean statutes with both Korean and ENGLISH names: id, 법령ID, 법령일련번호 (MST), 법령명한글, 법령명영문 (e.g. FAIR TRANSACTIONS IN FRANCHISE BUSINESS ACT), 법령구분명, 소관부처명 (competent ministry), 공포번호, 공포일자, 시행일자 and a detail link. Keyless — OC=test is the documented public demo id and it works.  A per-record detail endpoint was verified for this source; see the batch's detail-hops side-car. This collector fetches the list endpoint only.
kr-supreme-court-precedents	https://www.law.go.kr/DRF/lawSearch.do?OC=test&target=prec&type=JSON&query=%ED%9A%8C%EC%82%AC	json:PrecSearch.prec	20	Korea — Supreme Court and lower court precedent search		kr_courts	courts	ko	kr,courts,batch17,high-penetrancy,detail-hop	86400	Korean court judgments matching a query: id, 사건번호 (case number, e.g. 대법원-2025-두-34754), 사건명 (case name, which names the parties), 선고일자, 법원명, 사건종류명, 판례일련번호 and 판례상세링크. The detail service returns 판시사항, 판결요지 and the full reasoning. This is Korea's case-law layer, keyless.  A per-record detail endpoint was verified for this source; see the batch's detail-hops side-car. This collector fetches the list endpoint only.
kr-local-ordinances	https://www.law.go.kr/DRF/lawSearch.do?OC=test&target=ordin&type=JSON&query=%EC%84%9C%EC%9A%B8	json:OrdinSearch.law	20	Korea — municipal ordinance and rule search		kr_legal	legal	ko	kr,legal,batch17,high-penetrancy,detail-hop	43200	Local-government ordinances: id, 자치법규ID, 자치법규명, 자치법규일련번호, 지자체기관명 (the specific city/gu that enacted it, e.g. 서울특별시 송파구), 자치법규종류, 시행일자 and detail link. Ties regulatory action to a named Korean local authority.  A per-record detail endpoint was verified for this source; see the batch's detail-hops side-car. This collector fetches the list endpoint only.
kr-constitutional-court-decisions	https://www.law.go.kr/DRF/lawSearch.do?OC=test&target=detc&type=JSON&query=%ED%9A%8C%EC%82%AC	json:DetcSearch.Detc	20	Korea Constitutional Court — decision search		kr_courts	courts	ko	kr,courts,batch17,high-penetrancy,detail-hop	86400	Constitutional Court rulings: id, 사건번호 (e.g. 2002헌가20), 종국일자, 사건명 naming the statute under challenge, 헌재결정례일련번호 and detail link. The detail service returns the reviewed provision text and the full reasoning.  A per-record detail endpoint was verified for this source; see the batch's detail-hops side-car. This collector fetches the list endpoint only.
kr-legal-interpretations	https://www.law.go.kr/DRF/lawSearch.do?OC=test&target=expc&type=JSON&query=%ED%9A%8C%EC%82%AC	json:Expc.expc	20	Korea MOLEG — official statutory interpretations		kr_legal	legal	ko	kr,legal,batch17,high-penetrancy,detail-hop	43200	Binding legal interpretations issued by the Ministry of Government Legislation: id, 안건명 (the question asked), 안건번호, 회신기관명 and code (who answered), 질의기관명 and code (which agency asked), 회신일자 and 법령해석례일련번호. The detail service returns the full 이유 reasoning. Shows which agency was uncertain about which rule.  A per-record detail endpoint was verified for this source; see the batch's detail-hops side-car. This collector fetches the list endpoint only.
kr-administrative-appeal-rulings	https://www.law.go.kr/DRF/lawSearch.do?OC=test&target=decc&type=JSON&query=%ED%9A%8C%EC%82%AC	json:Decc.decc	20	Korea — administrative appeal (행정심판) rulings		kr_legal	legal	ko	kr,legal,batch17,high-penetrancy,detail-hop	43200	Rulings on administrative appeals against government decisions: id, 재결청 (adjudicating body, e.g. 국민권익위원회), 처분청 (the agency whose decision was challenged), 사건번호, 사건명 describing the contested disposition, 의결일자, 처분일자 and 행정심판재결례일련번호. The detail service returns 청구취지 and full reasoning. Citizen-vs-agency disputes that never reach a court.  A per-record detail endpoint was verified for this source; see the batch's detail-hops side-car. This collector fetches the list endpoint only.
kr-treaties	https://www.law.go.kr/DRF/lawSearch.do?OC=test&target=trty&type=JSON&query=%ED%86%B5%EC%83%81	json:TrtySearch.Trty	5	Korea — treaty register search		kr_legal	legal	ko	kr,legal,batch17,high-penetrancy	43200	Treaties Korea is party to: id, 조약명 (naming the counterparty state), 서명일자, 조약번호, 조약구분코드 (bilateral/multilateral) and 관보게제일자 (official gazette publication date). Bilateral instruments behind Korean trade and investment relationships.
tw-gcis-company-by-ubn	https://data.gcis.nat.gov.tw/od/data/api/5F64D864-61CB-4D0D-8AD9-492047CC1EA6?%24format=json&%24filter=Business_Accounting_NO%20eq%20%2222099131%22&%24skip=0&%24top=5	json-array	1	Taiwan GCIS — company financial and control record by unified business number		tw_registry	registry	zh-TW	tw,registry,batch17,high-penetrancy,detail-hop	86400	The by-UBN detail record the tree's name-search row is missing: Business_Accounting_NO, Company_Name, Company_Status_Desc, Capital_Stock_Amount, Paid_In_Capital_Amount, Share_Val, Equity_Amt, Responsible_Name (the legal representative), Company_Location, Register_Organization_Desc (the registering authority), Company_Setup_Date, Change_Of_Approval_Data, Revoke_App_Date and suspension dates. Paid-in capital and the responsible person are the two fields the name-search endpoint does not return.  A per-record detail endpoint was verified for this source; see the batch's detail-hops side-car. This collector fetches the list endpoint only.
tw-gcis-company-business-scope	https://data.gcis.nat.gov.tw/od/data/api/236EE382-4942-41A9-BD03-CA0709025E7C?%24format=json&%24filter=Business_Accounting_NO%20eq%20%2222099131%22&%24skip=0&%24top=5	json-array	1	Taiwan GCIS — company record with licensed business scope		tw_registry	registry	zh-TW	tw,registry,batch17,high-penetrancy,detail-hop	86400	Company record plus the nested Cmp_Business array: every licensed business item the company may legally conduct, with Business_Seq_NO, Business_Item (the MOEA code, e.g. CC01080) and Business_Item_Desc. TSMC alone returns 17 items. Reveals what a Taiwanese entity is actually permitted to do, which often contradicts its stated line of business.  A per-record detail endpoint was verified for this source; see the batch's detail-hops side-car. This collector fetches the list endpoint only.
tw-gcis-ubn-name-resolver	https://data.gcis.nat.gov.tw/od/data/api/9D17AE0D-09B5-4732-A8F4-81ADED04B679?%24format=json&%24filter=Business_Accounting_NO%20eq%20%2222099131%22	json-array	1	Taiwan GCIS — unified business number to company name resolver		tw_registry	registry	zh-TW	tw,registry,batch17,high-penetrancy,detail-hop	86400	Minimal two-field lookup returning Business_Accounting_NO and Company_Name. Cheap canonical-name resolution for a Taiwanese UBN harvested from an invoice, tender award or shipping manifest, before spending a request on the fuller registry endpoints.  A per-record detail endpoint was verified for this source; see the batch's detail-hops side-car. This collector fetches the list endpoint only.
pdh-microdata-catalog	https://microdata.pacificdata.org/index.php/api/catalog/search?format=json&ps=100	json:result.rows	100	Pacific Data Hub Microdata Library — survey and census catalogue		int_statistics	statistics	en	int,statistics,batch17,high-penetrancy,detail-hop	86400	693 microdata collections across the Pacific Islands from SPC's NADA catalogue: id, idno (e.g. SPC_ASM_2025_PHC_v01_M), title, nation (American Samoa, Fiji, PNG, Samoa, Vanuatu, Solomon Islands, Tonga...), authoring_entity (the national statistics office that ran it), year_start/year_end, type (survey/census), repositoryid and repo_title. The detail hop returns full study metadata including variable count. Fills the Pacific-island gap where no company registry API exists.  A per-record detail endpoint was verified for this source; see the batch's detail-hops side-car. This collector fetches the list endpoint only.
ifrc-go-field-report	https://goadmin.ifrc.org/api/v2/field-report/?limit=200&format=json	json:results	200	IFRC GO — field reports (operational situation reports)		int_disaster	disaster	en	int,disaster,batch17,high-penetrancy,detail-hop	86400	Per-emergency field report: title, casualty/affected counts (num_dead, num_injured, num_missing, num_displaced, gov_ and other_ variants), epidemic case counts, DREF/appeal amounts requested, ERU deployment flags by unit type, national-society contacts, countries/districts, actions taken. The detail hop with a real id (18533) returns the same record plus full contact and action narrative.  A per-record detail endpoint was verified for this source; see the batch's detail-hops side-car. This collector fetches the list endpoint only.
ifrc-go-project	https://goadmin.ifrc.org/api/v2/project/?limit=200&format=json	json:results	200	IFRC GO — 3W national-society projects		int_disaster	disaster	en	int,disaster,batch17,high-penetrancy,detail-hop	86400	Who-does-what-where: project name, reporting national society, beneficiary country and districts, sector, programme/operation type, budget_amount, actual_expenditure, target vs reached beneficiaries split by sex, start/end dates. Detail hop verified with id 2510.  A per-record detail endpoint was verified for this source; see the batch's detail-hops side-car. This collector fetches the list endpoint only.
ifrc-go-personnel	https://goadmin.ifrc.org/api/v2/personnel/?limit=200&format=json	json:results	200	IFRC GO — surge personnel deployments		int_disaster	disaster	en	int,disaster,batch17,high-penetrancy	86400	Individual surge deployments: delegate name (often null in the public feed, which is why the label falls to id), role, deployment type (FACT/RDRT/ERU), country_from and country_to with national society, start/end dates, molnix roster id. Names people to operations — a rare personnel-level humanitarian record.
ifrc-go-appeal-document	https://goadmin.ifrc.org/api/v2/appeal_document/?limit=200&format=json	json:results	200	IFRC GO — appeal documents		int_disaster	disaster	en	int,disaster,batch17,high-penetrancy	86400	Every DREF/emergency-appeal document with its download URL, document type, appeal code (MDRxxNNN), the parent appeal object with its event and start date, and country ISO. The document_url is a direct file link into go-api.ifrc.org.
ifrc-go-country	https://goadmin.ifrc.org/api/v2/country/?limit=300&format=json	json:results	281	IFRC GO — national societies directory		int_disaster	disaster	en	int,disaster,batch17,high-penetrancy,detail-hop	86400	281 countries/territories with the Red Cross/Red Crescent national society name, society URL, IFRC directory URL, FDRS code, postal address, phone, emails, website, INFORM risk score, bbox and centroid. Detail hop (id 14) adds contacts and NSI income/expenditure/branch counts.  A per-record detail endpoint was verified for this source; see the batch's detail-hops side-car. This collector fetches the list endpoint only.
ifrc-go-district	https://goadmin.ifrc.org/api/v2/district/?limit=200&format=json	json:results	200	IFRC GO — subnational districts gazetteer		int_disaster	disaster	en	int,disaster,batch17,high-penetrancy	86400	Admin-1 gazetteer used to geocode every IFRC field report and project: district name, code, parent country name/ISO/ISO3, NUTS1/2/3 codes, FIPS code, EMMA id, World Bank population and year, bbox and centroid.
ifrc-go-main-contact	https://goadmin.ifrc.org/api/v2/main_contact/?limit=200&format=json	json:results	5	IFRC GO — regional focal points		int_disaster	disaster	en	int,disaster,batch17,high-penetrancy	86400	Named IFRC regional focal points with personal name, email address and the geographic extent they cover. Small but it is real named-individual contact data.
who-collaborating-centres	https://www.who.int/api/news/collaboratingcentres?%24top=50&%24format=json	json:value	50	WHO — collaborating centres directory		int_health	health	en	int,health,batch17,high-penetrancy,detail-hop	43200	Designated WHO Collaborating Centres worldwide: reference code (e.g. KOR-106), TitleOfTheCentre (the actual institution), host website, date of designation, last redesignation, expiry date, WHOCC portal URL. Institution-level records tying named research bodies to WHO. Detail hop verified with a real GUID.  A per-record detail endpoint was verified for this source; see the batch's detail-hops side-car. This collector fetches the list endpoint only.
who-emergencies	https://www.who.int/api/news/emergencies?%24top=50&%24format=json	json:value	34	WHO — emergencies register		int_health	health	en	int,health,batch17,high-penetrancy	43200	WHO-graded emergencies: title (e.g. Ebola outbreak North Kivu/Ituri DRC), start and end dates, emergency rating, overview and summary HTML, canonical URL slug.
who-emergency-events	https://www.who.int/api/news/emergencyevents?%24top=50&%24format=json	json:value	50	WHO — emergency events		int_health	health	en	int,health,batch17,high-penetrancy	43200	Event taxonomy behind the outbreak news — event title (Cholera, Mpox…), EventId, event start date. This is the key that joins WHO Disease Outbreak News items to a named event.
who-countries	https://www.who.int/api/news/countries?%24top=50&%24format=json	json:value	50	WHO — member state register		int_health	health	en	int,health,batch17,high-penetrancy	43200	Country records with official name, colloquial synonyms, ISO numeric, two-letter code, WHO code, member-state flag, WHO relationship type and country overview text.
who-documents	https://www.who.int/api/news/documents1?%24top=50&%24format=json	json:value	42	WHO — governing-body documents		int_health	health	en	int,health,batch17,high-penetrancy	43200	WHO document register: document title, publication year, alternate/canonical URL to the PDF, publication date, provider.
who-activities	https://www.who.int/api/news/activities?%24top=50&%24format=json	json:value	50	WHO — programme activities		int_health	health	en	int,health,batch17,high-penetrancy	43200	Named WHO programme activities with title, summary, impact statistics, publication datetime and canonical URL — what WHO is actually running, country by country.
who-biographies	https://www.who.int/api/news/biographies?%24top=50&%24format=json	json:value	50	WHO — official biographies		int_health	health	en	int,health,batch17,high-penetrancy	43200	Biography records for WHO officials and directors: title, biography HTML, summary, parent record id linking the person to their unit. Named-person data inside a UN agency.
who-publications	https://www.who.int/api/news/publications?%24top=50&%24format=json	json:value	50	WHO — publications catalogue		int_health	health	en	int,health,batch17,high-penetrancy	43200	Publication records with title, editors, ISBN, page count, download links, overview and highlights — including weekly surveillance bulletins (dracunculiasis, meningitis) that carry live case counts.
who-meeting-reports	https://www.who.int/api/news/meetingreports?%24top=50&%24format=json	json:value	50	WHO — meeting reports		int_health	health	en	int,health,batch17,high-penetrancy	43200	Reports of WHO expert meetings and weekly epidemiological bulletins: title, subtitle, ISBN, overview, publication datetime, related-item counts.
who-speeches	https://www.who.int/api/news/speeches?%24top=50&%24format=json	json:value	50	WHO — Director-General and senior speeches		int_health	health	en	int,health,batch17,high-penetrancy	43200	Full speech records: title, occasion, Location (where it was delivered), publication datetime, speech duration and the complete Content body.
who-organizations	https://www.who.int/api/news/organizations?%24top=50&%24format=json	json:value	50	WHO — partner organizations		int_health	health	en	int,health,batch17,high-penetrancy	43200	Organizations WHO names as partners/donors (first record: Global Environment Facility) with organization title and WebsiteURL — an org-to-org relationship list.
who-indicators	https://www.who.int/api/news/indicators?%24top=50&%24format=json	json:value	50	WHO — policy indicator register		int_health	health	en	int,health,batch17,high-penetrancy	43200	Named policy/regulatory indicators (e.g. alcohol advertising restrictions on social media) with footnote, WHO priority level, IMR definition id and parent grouping.
who-health-topics	https://www.who.int/api/news/healthtopics?%24top=50&%24format=json	json:value	50	WHO — health topics		int_health	health	en	int,health,batch17,high-penetrancy	43200	WHO health-topic records (including Biological weapons) with summary, three tabbed sections of body text, technical links and canonical URL.
who-departments	https://www.who.int/api/news/departments?%24top=50&%24format=json	json:value	22	WHO — departments		int_health	health	en	int,health,batch17,high-penetrancy	43200	WHO internal departments (R&D Blueprint etc.) with title, external page URL and canonical slug — the org chart backing the biographies and programmes feeds.
who-programmes	https://www.who.int/api/news/programs?%24top=50&%24format=json	json:value	3	WHO — programmes		int_health	health	en	int,health,batch17,high-penetrancy	43200	Named WHO programmes with title, publication date and canonical URL.
who-sdg-goals	https://www.who.int/api/news/sdgs?%24top=50&%24format=json	json:value	17	WHO — SDG goal records		int_health	health	en	int,health,batch17,high-penetrancy	43200	WHO's own SDG entries: goal title, goal number, description, summary, external link and colour code.
who-recommendations	https://www.who.int/api/news/recommendations?%24top=50&%24format=json	json:value	20	WHO — normative recommendations		int_health	health	en	int,health,batch17,high-penetrancy	43200	WHO guideline recommendations (e.g. insecticide-treated nets) with the full recommendation Body and the IRIS document id (IRISID) that links to the source guideline.
who-country-profiles	https://www.who.int/api/news/whocountryprofiles?%24top=50&%24format=json	json:value	50	WHO — country profiles		int_health	health	en	int,health,batch17,high-penetrancy	43200	Per-country thematic profiles (e.g. Oral Health Egypt 2022) with report start and end dates and canonical URL.
who-news-items	https://www.who.int/api/news/newsitems?%24top=50&%24format=json	json:value	50	WHO — news items		int_health	health	en	int,health,batch17,high-penetrancy	43200	WHO newsroom items with title, news type, provider, publication datetime and canonical URL. Distinct collection from the diseaseoutbreaknews feed already in the tree.
unsd-sdg-goal-list	https://unstats.un.org/sdgapi/v1/sdg/Goal/List	json-array	17	UN Statistics — SDG goals		int_government	government	en	int,government,batch17,high-penetrancy,detail-hop	86400	The 17 SDG goals with code, title, description and API uri. Detail hop verified with code 1 — returns that goal's targets, so this is the entry point to the whole SDG tree.  A per-record detail endpoint was verified for this source; see the batch's detail-hops side-car. This collector fetches the list endpoint only.
unsd-sdg-target-list	https://unstats.un.org/sdgapi/v1/sdg/Target/List	json-array	169	UN Statistics — SDG targets		int_government	government	en	int,government,batch17,high-penetrancy	86400	All 169 SDG targets with goal, code (1.1), full target text, description and the nested indicator list belonging to each target.
unsd-sdg-indicator-list	https://unstats.un.org/sdgapi/v1/sdg/Indicator/List	json-array	251	UN Statistics — SDG indicators		int_government	government	en	int,government,batch17,high-penetrancy,detail-hop	86400	251 official SDG indicators: goal, target, indicator code, full description, tier classification and the nested series that measure it. Detail hop verified with code 1.1.1 — returns every data series under that indicator.  A per-record detail endpoint was verified for this source; see the batch's detail-hops side-car. This collector fetches the list endpoint only.
unsd-sdg-series-list	https://unstats.un.org/sdgapi/v1/sdg/Series/List	json-array	713	UN Statistics — SDG data series		int_government	government	en	int,government,batch17,high-penetrancy	86400	713 SDG data series with series code (DC_ODA_BDVDL), the goals/targets/indicators each maps to, release version and full description — the code list you need to query Series/Data.
unsd-sdg-geoarea-list	https://unstats.un.org/sdgapi/v1/sdg/GeoArea/List	json-array	460	UN Statistics — SDG geo areas		int_government	government	en	int,government,batch17,high-penetrancy	86400	460 UN M49 geographic areas (countries, regions, aggregates) with geoAreaCode and geoAreaName — the join key for every SDG observation.
unsd-sdg-series-data	https://unstats.un.org/sdgapi/v1/sdg/Series/Data?seriesCode=SI_POV_DAY1&pageSize=500	json:data	500	UN Statistics — SDG observations (extreme poverty series)		int_government	government	en	int,government,batch17,high-penetrancy	86400	Actual SDG observations: geoAreaCode/geoAreaName, time period, value, upper and lower bound, base period, the named source institution, footnotes and the full attribute/dimension breakdown. 11,407 rows for this one series; swap seriesCode for any of the 713. Array is at data — the response also carries attributes and dimensions arrays that would fool the auto-detector.
unhcr-population	https://api.unhcr.org/population/v1/population/?limit=1000&yearFrom=2024&yearTo=2024&coo_all=true&coa_all=true	json:items	1000	UNHCR — refugee population by origin and asylum country		int_government	government	en	int,government,batch17,high-penetrancy	86400	Origin-country x asylum-country pairs with refugees, asylum_seekers, returned_refugees, IDPs, returned_idps, stateless, others of concern and host-community counts. coo_all/coa_all are REQUIRED — without them every row collapses to '-' and the parser drops the lot.
unhcr-asylum-decisions	https://api.unhcr.org/population/v1/asylum-decisions/?limit=1000&yearFrom=2024&yearTo=2024&coo_all=true&coa_all=true	json:items	1000	UNHCR — asylum decisions		int_government	government	en	int,government,batch17,high-penetrancy	86400	Asylum decision outcomes per origin/asylum pair: recognised, other outcome, rejected, closed, total, plus procedure type, decision level and protection category. 2.16 million decisions in 2024 alone.
unhcr-asylum-applications	https://api.unhcr.org/population/v1/asylum-applications/?limit=1000&yearFrom=2024&yearTo=2024&coo_all=true&coa_all=true	json:items	1000	UNHCR — asylum applications		int_government	government	en	int,government,batch17,high-penetrancy	86400	New asylum applications lodged, by origin and asylum country, with procedure type, application type, decision level and protection category.
unhcr-solutions	https://api.unhcr.org/population/v1/solutions/?limit=1000&yearFrom=2024&yearTo=2024&coo_all=true&coa_all=true	json:items	848	UNHCR — durable solutions		int_government	government	en	int,government,batch17,high-penetrancy	86400	Returned refugees, resettlement departures, naturalisations and returned IDPs by origin and asylum country — who actually left the caseload and how.
unhcr-demographics	https://api.unhcr.org/population/v1/demographics/?limit=1000&yearFrom=2024&yearTo=2024&coa_all=true	json:items	181	UNHCR — demographics of displaced populations		int_government	government	en	int,government,batch17,high-penetrancy	86400	Age/sex disaggregation of displaced populations by asylum country: female and male counts in bands 0-4, 5-11, 12-17, 18-59, 60+, other and totals.
unhcr-unrwa	https://api.unhcr.org/population/v1/unrwa/?limit=1000&yearFrom=2024&yearTo=2024&coa_all=true	json:items	4	UNHCR — UNRWA registered Palestine refugees		int_government	government	en	int,government,batch17,high-penetrancy	86400	UNRWA-registered Palestine refugee totals by field of operation (State of Palestine, Jordan, Lebanon, Syria).
worldbank-debarred-firms	https://apigwext.worldbank.org/dvsvc/v1.0/json/APPLICATION/ADOBE_EXPRNCE_MGR/FIRM/SANCTIONED_FIRM?apikey=z9duUaFUiEUYSHs97CU38fcZO7ipOPvm	json:response.ZPROCSUPP	1530	World Bank — debarred and cross-debarred firms and individuals		int_sanctions	sanctions	en	int,sanctions,batch17,high-penetrancy	86400	THE World Bank sanctions list, 1,530 entries: SUPP_NAME (firm or named individual), SUPP_ID, entity type (I=individual/F=firm), full street address, city, country, ineligibility from/to dates, the grounds for debarment and cross-debarment status under the MDB agreement. The label lands on COUNTRY_NAME because country_name outranks the _NAME suffix fallback in the parser; SUPP_NAME is still in every record's props. Key is published in clear in the public debarred-firms page source, not private.
worldbank-microdata-catalog	https://microdata.worldbank.org/index.php/api/catalog/search?ps=100&format=json	json:result.rows	100	World Bank — microdata survey catalogue		int_government	government	en	int,government,batch17,high-penetrancy,detail-hop	86400	Survey and census catalogue across the World Bank, UNHCR, IHSN and national statistics offices: title, idno, DOI, survey type, country, authoring entity, collection years, form model, repository. Detail hop verified with idno AFG_2024_CBPM-Q3_v01_M (note: it takes the idno string, NOT the numeric id — the numeric id returns IDNO-NOT-FOUND).  A per-record detail endpoint was verified for this source; see the batch's detail-hops side-car. This collector fetches the list endpoint only.
ifc-disclosures-investment	https://disclosuresservice.ifc.org/api/searchprovider/landingPageDetails	json:investmentProjects	5	IFC — investment project disclosures		int_economy	economy	en	int,economy,batch17,high-penetrancy	86400	Newly disclosed IFC investment projects with CompanyName (the actual private counterparty, e.g. JUMIA TECHNOLOGIES AG), ProjectNumber, ProjectName, country, region, industry, environmental category, status, disclosed date, project overview, the eight IFC Performance Standard flags and MultiLatitude/MultiLongitude. Small window (5) but it is the private-sector-counterparty surface of the World Bank Group, refreshed as projects disclose.
undp-transparency-projects	https://api.open.undp.org/api/project_list/?year=2024&limit=200	json:data.data	200	UNDP — transparency portal projects		int_aid	aid	en	int,aid,batch17,high-penetrancy	86400	UNDP project register: project_id, title, description, budget and expense in USD, country, sector list with codes, SDG mappings, signature solution, donor list and gender/policy markers. The year parameter is mandatory — without it the API returns 400.
gcf-projects	https://api.gcfund.org/v1/projects	json-array	372	Green Climate Fund — approved projects		int_environment	environment	en	int,environment,batch17,high-penetrancy,detail-hop	10800	All 372 GCF projects: ProjectName, approved reference (FP001), board meeting, theme, sector, lifetime CO2, risk category, direct and indirect beneficiaries, total GCF funding, co-financing, total value, project URL, plus nested Countries, accredited Entities, Disbursements, Funding tranches and ResultAreas. Detail hop verified with ProjectsID 13020.  A per-record detail endpoint was verified for this source; see the batch's detail-hops side-car. This collector fetches the list endpoint only.
unesco-uis-geounits	https://api.uis.unesco.org/api/public/definitions/geounits	json-array	462	UNESCO UIS — geographic units		int_government	government	en	int,government,batch17,high-penetrancy	86400	462 UIS geographic units with ISO3 id, name and type (NATIONAL/REGIONAL) — the geography codelist for UNESCO education statistics. The sibling indicators endpoint is already in the tree; the actual data endpoint is NOT returned because its records carry no name-ish or id-ish field.
unicef-sdmx-dataflows	https://sdmx.data.unicef.org/ws/public/sdmxapi/rest/dataflow/UNICEF?format=sdmx-json	json:data.dataflows	42	UNICEF — SDMX dataflow catalogue		int_government	government	en	int,government,batch17,high-penetrancy	86400	42 UNICEF statistical dataflows (CAUSE_OF_DEATH, immunisation, child protection…) with id, human name, multilingual names, version, agency and the URN of the data structure behind each — the map of what UNICEF publishes and how to query it.
ilostat-sdg-informal-employment	https://rplumber.ilo.org/data/indicator/?id=SDG_0111_SEX_AGE_RT_A&format=.json&lang=en&timefrom=2023	json-array	2088	ILOSTAT — SDG 1.1.1 working poverty series		int_economy	economy	en	int,economy,batch17,high-penetrancy	86400	ILO's keyless plumber API: ref_area (ISO3), named source series, indicator code, sex, age classification, time and obs_value with observation status. 2,088 observations for this one indicator from 2023; the id parameter swaps in any ILOSTAT indicator code (an unfiltered pull of EMP_TEMP_SEX_AGE_NB_A returned 54 MB, so keep timefrom set).
iaticloud-activity	https://iati.cloud/api/v2/activity/?format=json&page_size=100&q=*:*&fl=id,iati_identifier,title_narrative_text	json:response.docs	10	IATI Datastore (iati.cloud) — aid activities		int_aid	aid	en	int,aid,batch17,high-penetrancy	86400	425,402 IATI activities published by every bilateral and multilateral donor — iati_identifier, title narratives, reporting org, participating orgs with role, recipient countries, sectors, budgets, planned disbursements and transactions. This is the keyless mirror of the IATI Datastore (api.iatistandard.org requires a subscription key). The q and fl parameters are BOTH required: without q the docs array is empty, and without fl=id the records carry only multi-valued arrays and every one is dropped for want of a scalar label.
iaticloud-transaction	https://iati.cloud/api/v2/transaction/?format=json&page_size=100&q=*:*&fl=id,iati_identifier,transaction_value_usd,transaction_type	json:response.docs	10	IATI Datastore (iati.cloud) — aid transactions		int_aid	aid	en	int,aid,batch17,high-penetrancy	86400	Individual aid transactions under each activity: transaction_ref, type (commitment/disbursement/expenditure), date, value in original currency and USD, provider and receiver organisation refs and narratives, recipient country and sector. Money-level granularity beneath the activity. Same fl=id requirement as the activity endpoint.
iaticloud-organisation	https://iati.cloud/api/v2/organisation/?format=json&page_size=100&q=*:*&fl=id,organisation_identifier,organisation_name	json:response.docs	10	IATI Datastore (iati.cloud) — publishing organisations		int_aid	aid	en	int,aid,batch17,high-penetrancy	86400	Organisation files: organisation-identifier (US-GOV-1), name narratives, reporting org ref and type, total budget with period and budget lines, recipient-country and recipient-region budgets, total expenditure with expense lines, and document links. The org-level financial statement behind every IATI publisher.
iaticloud-result	https://iati.cloud/api/v2/result/?format=json&page_size=2&q=*:*	json:response.docs	201	IATI Datastore (iati.cloud) — activity results and indicators		int_aid	aid	en	int,aid,batch17,high-penetrancy	86400	Results framework attached to aid activities: result title and description, indicator measure and title, baseline, period start/end, target and actual values with location refs and comments, plus the parent activity's iati-identifier, reporting org and dataset provenance. Note the label value is the result type code ('1'), so titles are weak — result_title and the indicator narrative are in props.
